InvoiceId,Date,VATPeriod,BuyerId,BuyerSector,BuyerSizeCategory,SupplierId,SupplierSector,Good,Quantity,PunktafgiftRate,TotalObligation,ActualPayment,PaymentFactor,ComplianceCategory,UnderPayment
INV402082,2024-04-01,2024 Q2,692,Importer,Large,203,Cafe,Coffee_Beans,19.941796,25.0,498.54,361.2,0.7245,partially_compliant,137.35
INV403820,2024-04-01,2024 Q2,680,Importer,Medium,205,Cafe,Coffee_Beans,4.20799,25.0,105.2,104.91,0.9972,compliant,0.29
INV405558,2024-04-01,2024 Q2,684,Importer,Medium,207,Cafe,Coffee_Beans,4.88107,25.0,122.03,122.03,1.0,compliant,0.0
INV415117,2024-04-01,2024 Q2,677,Importer,Small,218,Cafe,Coffee_Beans,11.101369,25.0,277.53,277.53,1.0,compliant,0.0
INV420331,2024-04-01,2024 Q2,686,Importer,Small,224,Cafe,Coffee_Beans,3.583148,25.0,89.58,55.08,0.6149,partially_compliant,34.5
INV423807,2024-04-01,2024 Q2,677,Importer,Small,228,Cafe,Coffee_Beans,4.337987,25.0,108.45,108.45,1.0,compliant,0.0
INV425545,2024-04-01,2024 Q2,682,Importer,Small,230,Cafe,Coffee_Beans,4.873504,25.0,121.84,74.92,0.6149,partially_compliant,46.92
INV426414,2024-04-01,2024 Q2,681,Importer,Small,231,Cafe,Coffee_Beans,4.734484,25.0,118.36,0.0,0.0,non_compliant,118.36
INV429021,2024-04-01,2024 Q2,673,Importer,Medium,234,Cafe,Coffee_Beans,4.427342,25.0,110.68,110.68,1.0,compliant,0.0
INV429890,2024-04-01,2024 Q2,673,Importer,Medium,235,Cafe,Coffee_Beans,21.039847,25.0,526.0,526.0,1.0,compliant,0.0
INV431628,2024-04-01,2024 Q2,683,Importer,Small,237,Cafe,Coffee_Beans,10.781801,25.0,269.55,267.01,0.9906,compliant,2.53
INV437711,2024-04-01,2024 Q2,682,Importer,Small,244,Cafe,Coffee_Beans,5.394722,25.0,134.87,82.93,0.6149,partially_compliant,51.94
INV439449,2024-04-01,2024 Q2,688,Importer,Small,246,Cafe,Coffee_Beans,5.109489,25.0,127.74,127.74,1.0,compliant,0.0
INV444663,2024-04-01,2024 Q2,675,Importer,Small,252,Cafe,Coffee_Beans,5.34512,25.0,133.63,132.39,0.9907,compliant,1.24
INV448139,2024-04-01,2024 Q2,678,Importer,Medium,256,Cafe,Coffee_Beans,8.456676,25.0,211.42,122.65,0.5801,partially_compliant,88.77
INV449008,2024-04-01,2024 Q2,680,Importer,Medium,257,Cafe,Coffee_Beans,21.326451,25.0,533.16,531.69,0.9972,compliant,1.47
INV454222,2024-04-01,2024 Q2,675,Importer,Small,263,Cafe,Coffee_Beans,3.907534,25.0,97.69,96.78,0.9907,compliant,0.91
INV459436,2024-04-01,2024 Q2,677,Importer,Small,269,Cafe,Coffee_Beans,3.872905,25.0,96.82,96.82,1.0,compliant,0.0
INV463781,2024-04-01,2024 Q2,673,Importer,Medium,274,Cafe,Coffee_Beans,5.204987,25.0,130.12,130.12,1.0,compliant,0.0
INV464650,2024-04-01,2024 Q2,689,Importer,Small,275,Cafe,Coffee_Beans,5.068937,25.0,126.72,126.72,1.0,compliant,0.0
INV465519,2024-04-01,2024 Q2,692,Importer,Large,276,Cafe,Coffee_Beans,4.794337,25.0,119.86,86.84,0.7245,partially_compliant,33.02
INV469864,2024-04-01,2024 Q2,689,Importer,Small,281,Cafe,Coffee_Beans,8.647869,25.0,216.2,216.2,1.0,compliant,0.0
INV475078,2024-04-01,2024 Q2,680,Importer,Medium,287,Cafe,Coffee_Beans,4.511377,25.0,112.78,112.47,0.9972,compliant,0.31
INV477685,2024-04-01,2024 Q2,675,Importer,Small,290,Cafe,Coffee_Beans,3.936159,25.0,98.4,97.49,0.9907,compliant,0.91
INV483768,2024-04-01,2024 Q2,689,Importer,Small,297,Cafe,Coffee_Beans,8.021016,25.0,200.53,200.53,1.0,compliant,0.0
INV484637,2024-04-01,2024 Q2,674,Importer,Small,298,Cafe,Coffee_Beans,4.535105,25.0,113.38,109.04,0.9617,compliant,4.34
INV489851,2024-04-01,2024 Q2,682,Importer,Small,304,Cafe,Coffee_Beans,3.979839,25.0,99.5,61.18,0.6149,partially_compliant,38.32
INV490720,2024-04-01,2024 Q2,682,Importer,Small,305,Cafe,Coffee_Beans,4.003498,25.0,100.09,61.54,0.6149,partially_compliant,38.55
INV495934,2024-04-01,2024 Q2,680,Importer,Medium,311,Cafe,Coffee_Beans,4.955881,25.0,123.9,123.55,0.9972,compliant,0.34
INV496803,2024-04-01,2024 Q2,689,Importer,Small,312,Cafe,Coffee_Beans,5.71271,25.0,142.82,142.82,1.0,compliant,0.0
INV497672,2024-04-01,2024 Q2,682,Importer,Small,313,Cafe,Coffee_Beans,4.794982,25.0,119.87,73.71,0.6149,partially_compliant,46.17
INV502017,2024-04-01,2024 Q2,688,Importer,Small,318,Cafe,Coffee_Beans,16.968863,25.0,424.22,424.22,1.0,compliant,0.0
INV507231,2024-04-01,2024 Q2,692,Importer,Large,324,Cafe,Coffee_Beans,5.379262,25.0,134.48,97.43,0.7245,partially_compliant,37.05
INV515052,2024-04-01,2024 Q2,678,Importer,Medium,333,Cafe,Coffee_Beans,4.497967,25.0,112.45,65.24,0.5801,partially_compliant,47.21
INV517659,2024-04-01,2024 Q2,690,Importer,Small,336,Cafe,Coffee_Beans,4.542594,25.0,113.56,44.43,0.3913,partially_compliant,69.13
INV522004,2024-04-01,2024 Q2,690,Importer,Small,341,Cafe,Coffee_Beans,5.685099,25.0,142.13,55.61,0.3913,partially_compliant,86.52
INV522873,2024-04-01,2024 Q2,686,Importer,Small,342,Cafe,Coffee_Beans,3.60038,25.0,90.01,55.34,0.6149,partially_compliant,34.66
INV523742,2024-04-01,2024 Q2,690,Importer,Small,343,Cafe,Coffee_Beans,8.528329,25.0,213.21,83.42,0.3913,partially_compliant,129.79
INV532432,2024-04-01,2024 Q2,686,Importer,Small,353,Cafe,Coffee_Beans,10.022624,25.0,250.57,154.07,0.6149,partially_compliant,96.5
INV534170,2024-04-01,2024 Q2,678,Importer,Medium,355,Cafe,Coffee_Beans,14.425841,25.0,360.65,209.23,0.5801,partially_compliant,151.42
INV536777,2024-04-01,2024 Q2,679,Importer,Large,358,Cafe,Coffee_Beans,5.096032,25.0,127.4,72.07,0.5657,partially_compliant,55.34
INV542234,2024-04-01,2024 Q2,673,Importer,Medium,365,Fine_Dine_Meat,Beer,25.790178,3.0,77.37,77.37,1.0,compliant,0.0
INV544445,2024-04-01,2024 Q2,692,Importer,Large,369,Fine_Dine_Meat,Wine,14.121541,10.67,150.68,109.17,0.7245,partially_compliant,41.51
INV547210,2024-04-01,2024 Q2,675,Importer,Small,374,Fine_Dine_Meat,Wine,17.162744,10.67,183.13,181.43,0.9907,compliant,1.7
INV547211,2024-04-01,2024 Q2,683,Importer,Small,374,Fine_Dine_Meat,Beer,25.744117,3.0,77.23,76.51,0.9906,compliant,0.73
INV549423,2024-04-01,2024 Q2,679,Importer,Large,378,Fine_Dine_Meat,Beer,19.627747,3.0,58.88,33.31,0.5657,partially_compliant,25.58
INV549975,2024-04-01,2024 Q2,686,Importer,Small,379,Fine_Dine_Meat,Wine,34.143033,10.67,364.31,224.0,0.6149,partially_compliant,140.3
INV551634,2024-04-01,2024 Q2,677,Importer,Small,382,Fine_Dine_Meat,Wine,13.198275,10.67,140.83,140.83,1.0,compliant,0.0
INV552740,2024-04-01,2024 Q2,682,Importer,Small,384,Fine_Dine_Meat,Wine,14.436251,10.67,154.03,94.71,0.6149,partially_compliant,59.32
INV552741,2024-04-01,2024 Q2,680,Importer,Medium,384,Fine_Dine_Meat,Beer,21.654377,3.0,64.96,64.78,0.9972,compliant,0.18
INV554952,2024-04-01,2024 Q2,686,Importer,Small,388,Fine_Dine_Meat,Wine,12.219854,10.67,130.39,80.17,0.6149,partially_compliant,50.21
INV554953,2024-04-01,2024 Q2,680,Importer,Medium,388,Fine_Dine_Meat,Beer,18.329781,3.0,54.99,54.84,0.9972,compliant,0.15
INV555505,2024-04-01,2024 Q2,680,Importer,Medium,389,Fine_Dine_Meat,Wine,16.925947,10.67,180.6,180.1,0.9972,compliant,0.5
INV556611,2024-04-01,2024 Q2,692,Importer,Large,391,Fine_Dine_Meat,Wine,18.871278,10.67,201.36,145.88,0.7245,partially_compliant,55.47
INV557165,2024-04-01,2024 Q2,692,Importer,Large,392,Fine_Dine_Meat,Beer,22.613353,3.0,67.84,49.15,0.7245,partially_compliant,18.69
INV558270,2024-04-01,2024 Q2,679,Importer,Large,394,Fine_Dine_Meat,Wine,25.106252,10.67,267.88,151.53,0.5657,partially_compliant,116.35
INV558823,2024-04-01,2024 Q2,686,Importer,Small,395,Fine_Dine_Meat,Wine,30.601178,10.67,326.51,200.77,0.6149,partially_compliant,125.75
INV559377,2024-04-01,2024 Q2,685,Importer,Small,396,Fine_Dine_Meat,Beer,54.343618,3.0,163.03,159.73,0.9797,compliant,3.3
INV559930,2024-04-01,2024 Q2,675,Importer,Small,397,Fine_Dine_Meat,Beer,22.249567,3.0,66.75,66.13,0.9907,compliant,0.62
INV561035,2024-04-01,2024 Q2,673,Importer,Medium,399,Fine_Dine_Meat,Wine,28.10437,10.67,299.87,299.87,1.0,compliant,0.0
INV566012,2024-04-01,2024 Q2,681,Importer,Small,408,Fine_Dine_Meat,Wine,30.148194,10.67,321.68,0.0,0.0,non_compliant,321.68
INV567671,2024-04-01,2024 Q2,673,Importer,Medium,411,Fine_Dine_Meat,Wine,14.834264,10.67,158.28,158.28,1.0,compliant,0.0
INV567672,2024-04-01,2024 Q2,673,Importer,Medium,411,Fine_Dine_Meat,Beer,22.251396,3.0,66.75,66.75,1.0,compliant,0.0
INV568224,2024-04-01,2024 Q2,680,Importer,Medium,412,Fine_Dine_Meat,Wine,31.289841,10.67,333.86,332.94,0.9972,compliant,0.92
INV569330,2024-04-01,2024 Q2,689,Importer,Small,414,Fine_Dine_Meat,Wine,27.491936,10.67,293.34,293.34,1.0,compliant,0.0
INV570436,2024-04-01,2024 Q2,680,Importer,Medium,416,Fine_Dine_Meat,Wine,17.812766,10.67,190.06,189.54,0.9972,compliant,0.53
INV571542,2024-04-01,2024 Q2,675,Importer,Small,418,Fine_Dine_Meat,Wine,31.809574,10.67,339.41,336.26,0.9907,compliant,3.15
INV573754,2024-04-01,2024 Q2,673,Importer,Medium,422,Fine_Dine_Meat,Wine,17.890006,10.67,190.89,190.89,1.0,compliant,0.0
INV576519,2024-04-01,2024 Q2,678,Importer,Medium,427,Fine_Dine_Meat,Wine,18.187194,10.67,194.06,112.58,0.5801,partially_compliant,81.48
INV577072,2024-04-01,2024 Q2,689,Importer,Small,428,Fine_Dine_Meat,Wine,12.600978,10.67,134.45,134.45,1.0,compliant,0.0
INV578178,2024-04-01,2024 Q2,685,Importer,Small,430,Fine_Dine_Meat,Wine,30.23585,10.67,322.62,316.08,0.9797,compliant,6.54
INV578731,2024-04-01,2024 Q2,692,Importer,Large,431,Fine_Dine_Meat,Wine,16.539501,10.67,176.48,127.86,0.7245,partially_compliant,48.62
INV579284,2024-04-01,2024 Q2,673,Importer,Medium,432,Fine_Dine_Meat,Wine,35.197245,10.67,375.55,375.55,1.0,compliant,0.0
INV579838,2024-04-01,2024 Q2,679,Importer,Large,433,Fine_Dine_Meat,Beer,17.585013,3.0,52.76,29.84,0.5657,partially_compliant,22.91
INV580391,2024-04-01,2024 Q2,692,Importer,Large,434,Fine_Dine_Meat,Beer,22.881693,3.0,68.65,49.73,0.7245,partially_compliant,18.91
INV580944,2024-04-01,2024 Q2,687,Importer,Medium,435,Fine_Dine_Meat,Beer,37.678278,3.0,113.03,78.8,0.6971,partially_compliant,34.23
INV583708,2024-04-01,2024 Q2,679,Importer,Large,440,Fine_Dine_Meat,Wine,16.079059,10.67,171.56,97.05,0.5657,partially_compliant,74.52
INV583709,2024-04-01,2024 Q2,692,Importer,Large,440,Fine_Dine_Meat,Beer,24.118589,3.0,72.36,52.42,0.7245,partially_compliant,19.93
INV587579,2024-04-01,2024 Q2,686,Importer,Small,447,Fine_Dine_Vegetarian,Wine,22.076818,10.67,235.56,144.84,0.6149,partially_compliant,90.72
INV588132,2024-04-01,2024 Q2,679,Importer,Large,448,Fine_Dine_Vegetarian,Wine,40.587386,10.67,433.07,244.97,0.5657,partially_compliant,188.1
INV588685,2024-04-01,2024 Q2,692,Importer,Large,449,Fine_Dine_Vegetarian,Wine,42.148197,10.67,449.72,325.83,0.7245,partially_compliant,123.9
INV589238,2024-04-01,2024 Q2,680,Importer,Medium,450,Fine_Dine_Vegetarian,Wine,58.87781,10.67,628.23,626.49,0.9972,compliant,1.74
INV590897,2024-04-01,2024 Q2,682,Importer,Small,453,Fine_Dine_Vegetarian,Wine,40.163222,10.67,428.54,263.5,0.6149,partially_compliant,165.04
INV592556,2024-04-01,2024 Q2,675,Importer,Small,456,Fine_Dine_Vegetarian,Wine,16.930159,10.67,180.64,178.97,0.9907,compliant,1.67
INV594215,2024-04-01,2024 Q2,673,Importer,Medium,459,Fine_Dine_Vegetarian,Wine,19.961143,10.67,212.99,212.99,1.0,compliant,0.0
INV595874,2024-04-01,2024 Q2,673,Importer,Medium,462,Fine_Dine_Vegetarian,Wine,15.180136,10.67,161.97,161.97,1.0,compliant,0.0
INV596427,2024-04-01,2024 Q2,690,Importer,Small,463,Fine_Dine_Vegetarian,Wine,35.198278,10.67,375.57,146.94,0.3913,partially_compliant,228.62
INV596980,2024-04-01,2024 Q2,677,Importer,Small,464,Fine_Dine_Vegetarian,Wine,19.857903,10.67,211.88,211.88,1.0,compliant,0.0
INV599745,2024-04-01,2024 Q2,682,Importer,Small,469,Fine_Dine_Vegetarian,Wine,17.896999,10.67,190.96,117.42,0.6149,partially_compliant,73.54
INV601404,2024-04-01,2024 Q2,689,Importer,Small,472,Fine_Dine_Vegetarian,Wine,17.241636,10.67,183.97,183.97,1.0,compliant,0.0
INV603616,2024-04-01,2024 Q2,692,Importer,Large,476,Fine_Dine_Vegetarian,Wine,18.471376,10.67,197.09,142.79,0.7245,partially_compliant,54.3
INV605275,2024-04-01,2024 Q2,673,Importer,Medium,479,Fine_Dine_Vegetarian,Wine,12.663244,10.67,135.12,135.12,1.0,compliant,0.0
INV607487,2024-04-01,2024 Q2,675,Importer,Small,483,Fine_Dine_Vegetarian,Wine,17.302525,10.67,184.62,182.91,0.9907,compliant,1.71
INV609146,2024-04-01,2024 Q2,692,Importer,Large,486,Fine_Dine_Vegetarian,Wine,31.337299,10.67,334.37,242.25,0.7245,partially_compliant,92.12
INV613570,2024-04-01,2024 Q2,686,Importer,Small,494,Fine_Dine_Vegetarian,Wine,15.704021,10.67,167.56,103.03,0.6149,partially_compliant,64.53
INV616888,2024-04-01,2024 Q2,673,Importer,Medium,500,Fine_Dine_Vegetarian,Wine,21.42219,10.67,228.57,228.57,1.0,compliant,0.0
INV402093,2024-04-06,2024 Q2,692,Importer,Large,203,Cafe,Coffee_Beans,25.15306,25.0,628.83,455.59,0.7245,partially_compliant,173.24
INV403831,2024-04-06,2024 Q2,680,Importer,Medium,205,Cafe,Coffee_Beans,5.307637,25.0,132.69,132.32,0.9972,compliant,0.37
INV405569,2024-04-06,2024 Q2,684,Importer,Medium,207,Cafe,Coffee_Beans,6.15661,25.0,153.92,153.92,1.0,compliant,0.0
INV415128,2024-04-06,2024 Q2,677,Importer,Small,218,Cafe,Coffee_Beans,14.00242,25.0,350.06,350.06,1.0,compliant,0.0
INV420342,2024-04-06,2024 Q2,686,Importer,Small,224,Cafe,Coffee_Beans,3.549591,25.0,88.74,54.56,0.6149,partially_compliant,34.18
INV423818,2024-04-06,2024 Q2,677,Importer,Small,228,Cafe,Coffee_Beans,5.471606,25.0,136.79,136.79,1.0,compliant,0.0
INV425556,2024-04-06,2024 Q2,682,Importer,Small,230,Cafe,Coffee_Beans,6.147066,25.0,153.68,94.49,0.6149,partially_compliant,59.18
INV426425,2024-04-06,2024 Q2,681,Importer,Small,231,Cafe,Coffee_Beans,5.971718,25.0,149.29,0.0,0.0,non_compliant,149.29
INV429032,2024-04-06,2024 Q2,673,Importer,Medium,234,Cafe,Coffee_Beans,5.584312,25.0,139.61,139.61,1.0,compliant,0.0
INV429901,2024-04-06,2024 Q2,673,Importer,Medium,235,Cafe,Coffee_Beans,26.538058,25.0,663.45,663.45,1.0,compliant,0.0
INV431639,2024-04-06,2024 Q2,683,Importer,Small,237,Cafe,Coffee_Beans,13.599342,25.0,339.98,336.79,0.9906,compliant,3.19
INV437722,2024-04-06,2024 Q2,682,Importer,Small,244,Cafe,Coffee_Beans,6.804491,25.0,170.11,104.6,0.6149,partially_compliant,65.51
INV439460,2024-04-06,2024 Q2,688,Importer,Small,246,Cafe,Coffee_Beans,7.222409,25.0,180.56,180.56,1.0,compliant,0.0
INV444674,2024-04-06,2024 Q2,675,Importer,Small,252,Cafe,Coffee_Beans,6.741927,25.0,168.55,166.99,0.9907,compliant,1.56
INV448150,2024-04-06,2024 Q2,678,Importer,Medium,256,Cafe,Coffee_Beans,10.666606,25.0,266.67,154.7,0.5801,partially_compliant,111.96
INV449019,2024-04-06,2024 Q2,680,Importer,Medium,257,Cafe,Coffee_Beans,26.899558,25.0,672.49,670.63,0.9972,compliant,1.86
INV454233,2024-04-06,2024 Q2,675,Importer,Small,263,Cafe,Coffee_Beans,4.928666,25.0,123.22,122.07,0.9907,compliant,1.14
INV459447,2024-04-06,2024 Q2,677,Importer,Small,269,Cafe,Coffee_Beans,4.884987,25.0,122.12,122.12,1.0,compliant,0.0
INV463792,2024-04-06,2024 Q2,673,Importer,Medium,274,Cafe,Coffee_Beans,6.565173,25.0,164.13,164.13,1.0,compliant,0.0
INV464661,2024-04-06,2024 Q2,689,Importer,Small,275,Cafe,Coffee_Beans,6.39357,25.0,159.84,159.84,1.0,compliant,0.0
INV465530,2024-04-06,2024 Q2,692,Importer,Large,276,Cafe,Coffee_Beans,6.047211,25.0,151.18,109.53,0.7245,partially_compliant,41.65
INV469875,2024-04-06,2024 Q2,689,Importer,Small,281,Cafe,Coffee_Beans,10.907762,25.0,272.69,272.69,1.0,compliant,0.0
INV475089,2024-04-06,2024 Q2,680,Importer,Medium,287,Cafe,Coffee_Beans,6.163117,25.0,154.08,153.65,0.9972,compliant,0.43
INV477696,2024-04-06,2024 Q2,675,Importer,Small,290,Cafe,Coffee_Beans,4.964771,25.0,124.12,122.97,0.9907,compliant,1.15
INV483779,2024-04-06,2024 Q2,689,Importer,Small,297,Cafe,Coffee_Beans,10.363764,25.0,259.09,259.09,1.0,compliant,0.0
INV484648,2024-04-06,2024 Q2,674,Importer,Small,298,Cafe,Coffee_Beans,5.720236,25.0,143.01,137.53,0.9617,compliant,5.47
INV489862,2024-04-06,2024 Q2,682,Importer,Small,304,Cafe,Coffee_Beans,5.019866,25.0,125.5,77.17,0.6149,partially_compliant,48.33
INV490731,2024-04-06,2024 Q2,682,Importer,Small,305,Cafe,Coffee_Beans,5.218192,25.0,130.45,80.21,0.6149,partially_compliant,50.24
INV495945,2024-04-06,2024 Q2,680,Importer,Medium,311,Cafe,Coffee_Beans,6.25097,25.0,156.27,155.84,0.9972,compliant,0.43
INV496814,2024-04-06,2024 Q2,689,Importer,Small,312,Cafe,Coffee_Beans,7.205576,25.0,180.14,180.14,1.0,compliant,0.0
INV497683,2024-04-06,2024 Q2,682,Importer,Small,313,Cafe,Coffee_Beans,6.350762,25.0,158.77,97.62,0.6149,partially_compliant,61.15
INV502028,2024-04-06,2024 Q2,688,Importer,Small,318,Cafe,Coffee_Beans,18.944742,25.0,473.62,473.62,1.0,compliant,0.0
INV507242,2024-04-06,2024 Q2,692,Importer,Large,324,Cafe,Coffee_Beans,6.784991,25.0,169.62,122.89,0.7245,partially_compliant,46.73
INV515063,2024-04-06,2024 Q2,678,Importer,Medium,333,Cafe,Coffee_Beans,5.673392,25.0,141.83,82.28,0.5801,partially_compliant,59.55
INV517670,2024-04-06,2024 Q2,690,Importer,Small,336,Cafe,Coffee_Beans,6.276844,25.0,156.92,61.4,0.3913,partially_compliant,95.52
INV522015,2024-04-06,2024 Q2,690,Importer,Small,341,Cafe,Coffee_Beans,7.17075,25.0,179.27,70.14,0.3913,partially_compliant,109.13
INV522884,2024-04-06,2024 Q2,686,Importer,Small,342,Cafe,Coffee_Beans,4.541245,25.0,113.53,69.81,0.6149,partially_compliant,43.72
INV523753,2024-04-06,2024 Q2,690,Importer,Small,343,Cafe,Coffee_Beans,10.994035,25.0,274.85,107.54,0.3913,partially_compliant,167.31
INV532443,2024-04-06,2024 Q2,686,Importer,Small,353,Cafe,Coffee_Beans,12.641774,25.0,316.04,194.33,0.6149,partially_compliant,121.72
INV534181,2024-04-06,2024 Q2,678,Importer,Medium,355,Cafe,Coffee_Beans,18.195656,25.0,454.89,263.9,0.5801,partially_compliant,190.99
INV536788,2024-04-06,2024 Q2,679,Importer,Large,358,Cafe,Coffee_Beans,6.427746,25.0,160.69,90.9,0.5657,partially_compliant,69.8
INV542241,2024-04-06,2024 Q2,673,Importer,Medium,365,Fine_Dine_Meat,Beer,32.249671,3.0,96.75,96.75,1.0,compliant,0.0
INV544452,2024-04-06,2024 Q2,692,Importer,Large,369,Fine_Dine_Meat,Wine,17.658468,10.67,188.42,136.51,0.7245,partially_compliant,51.91
INV547217,2024-04-06,2024 Q2,675,Importer,Small,374,Fine_Dine_Meat,Wine,21.461381,10.67,228.99,226.87,0.9907,compliant,2.12
INV547218,2024-04-06,2024 Q2,683,Importer,Small,374,Fine_Dine_Meat,Beer,32.192072,3.0,96.58,95.67,0.9906,compliant,0.91
INV549430,2024-04-06,2024 Q2,679,Importer,Large,378,Fine_Dine_Meat,Beer,24.543777,3.0,73.63,41.65,0.5657,partially_compliant,31.98
INV549982,2024-04-06,2024 Q2,686,Importer,Small,379,Fine_Dine_Meat,Wine,42.694608,10.67,455.55,280.11,0.6149,partially_compliant,175.44
INV551641,2024-04-06,2024 Q2,677,Importer,Small,382,Fine_Dine_Meat,Wine,15.184679,10.67,162.02,162.02,1.0,compliant,0.0
INV552747,2024-04-06,2024 Q2,682,Importer,Small,384,Fine_Dine_Meat,Wine,18.052002,10.67,192.61,118.43,0.6149,partially_compliant,74.18
INV552748,2024-04-06,2024 Q2,680,Importer,Medium,384,Fine_Dine_Meat,Beer,27.078003,3.0,81.23,81.01,0.9972,compliant,0.22
INV554959,2024-04-06,2024 Q2,686,Importer,Small,388,Fine_Dine_Meat,Wine,15.702437,10.67,167.55,103.02,0.6149,partially_compliant,64.53
INV554960,2024-04-06,2024 Q2,680,Importer,Medium,388,Fine_Dine_Meat,Beer,23.553655,3.0,70.66,70.47,0.9972,compliant,0.2
INV555512,2024-04-06,2024 Q2,680,Importer,Medium,389,Fine_Dine_Meat,Wine,21.165275,10.67,225.83,225.21,0.9972,compliant,0.62
INV556618,2024-04-06,2024 Q2,692,Importer,Large,391,Fine_Dine_Meat,Wine,23.59784,10.67,251.79,182.42,0.7245,partially_compliant,69.37
INV557172,2024-04-06,2024 Q2,692,Importer,Large,392,Fine_Dine_Meat,Beer,30.500193,3.0,91.5,66.29,0.7245,partially_compliant,25.21
INV558277,2024-04-06,2024 Q2,679,Importer,Large,394,Fine_Dine_Meat,Wine,31.394447,10.67,334.98,189.48,0.5657,partially_compliant,145.5
INV558830,2024-04-06,2024 Q2,686,Importer,Small,395,Fine_Dine_Meat,Wine,38.265649,10.67,408.29,251.05,0.6149,partially_compliant,157.24
INV559384,2024-04-06,2024 Q2,685,Importer,Small,396,Fine_Dine_Meat,Beer,67.954698,3.0,203.86,199.73,0.9797,compliant,4.13
INV559937,2024-04-06,2024 Q2,675,Importer,Small,397,Fine_Dine_Meat,Beer,26.694859,3.0,80.08,79.34,0.9907,compliant,0.74
INV561042,2024-04-06,2024 Q2,673,Importer,Medium,399,Fine_Dine_Meat,Wine,35.143482,10.67,374.98,374.98,1.0,compliant,0.0
INV566019,2024-04-06,2024 Q2,681,Importer,Small,408,Fine_Dine_Meat,Wine,37.699209,10.67,402.25,0.0,0.0,non_compliant,402.25
INV567678,2024-04-06,2024 Q2,673,Importer,Medium,411,Fine_Dine_Meat,Wine,18.549702,10.67,197.93,197.93,1.0,compliant,0.0
INV567679,2024-04-06,2024 Q2,673,Importer,Medium,411,Fine_Dine_Meat,Beer,27.824553,3.0,83.47,83.47,1.0,compliant,0.0
INV568231,2024-04-06,2024 Q2,680,Importer,Medium,412,Fine_Dine_Meat,Wine,39.126796,10.67,417.48,416.33,0.9972,compliant,1.15
INV569337,2024-04-06,2024 Q2,689,Importer,Small,414,Fine_Dine_Meat,Wine,35.036913,10.67,373.84,373.84,1.0,compliant,0.0
INV570443,2024-04-06,2024 Q2,680,Importer,Medium,416,Fine_Dine_Meat,Wine,22.27421,10.67,237.67,237.01,0.9972,compliant,0.66
INV571549,2024-04-06,2024 Q2,675,Importer,Small,418,Fine_Dine_Meat,Wine,39.776704,10.67,424.42,420.48,0.9907,compliant,3.93
INV573761,2024-04-06,2024 Q2,673,Importer,Medium,422,Fine_Dine_Meat,Wine,22.370796,10.67,238.7,238.7,1.0,compliant,0.0
INV576526,2024-04-06,2024 Q2,678,Importer,Medium,427,Fine_Dine_Meat,Wine,22.742418,10.67,242.66,140.78,0.5801,partially_compliant,101.88
INV577079,2024-04-06,2024 Q2,689,Importer,Small,428,Fine_Dine_Meat,Wine,15.757061,10.67,168.13,168.13,1.0,compliant,0.0
INV578185,2024-04-06,2024 Q2,685,Importer,Small,430,Fine_Dine_Meat,Wine,39.571412,10.67,422.23,413.67,0.9797,compliant,8.55
INV578738,2024-04-06,2024 Q2,692,Importer,Large,431,Fine_Dine_Meat,Wine,20.682039,10.67,220.68,159.88,0.7245,partially_compliant,60.8
INV579291,2024-04-06,2024 Q2,673,Importer,Medium,432,Fine_Dine_Meat,Wine,44.012862,10.67,469.62,469.62,1.0,compliant,0.0
INV579845,2024-04-06,2024 Q2,679,Importer,Large,433,Fine_Dine_Meat,Beer,20.194387,3.0,60.58,34.27,0.5657,partially_compliant,26.31
INV580398,2024-04-06,2024 Q2,692,Importer,Large,434,Fine_Dine_Meat,Beer,28.612716,3.0,85.84,62.19,0.7245,partially_compliant,23.65
INV580951,2024-04-06,2024 Q2,687,Importer,Medium,435,Fine_Dine_Meat,Beer,43.544769,3.0,130.63,91.07,0.6971,partially_compliant,39.56
INV583715,2024-04-06,2024 Q2,679,Importer,Large,440,Fine_Dine_Meat,Wine,20.106273,10.67,214.53,121.35,0.5657,partially_compliant,93.18
INV583716,2024-04-06,2024 Q2,692,Importer,Large,440,Fine_Dine_Meat,Beer,30.159409,3.0,90.48,65.55,0.7245,partially_compliant,24.93
INV587586,2024-04-06,2024 Q2,686,Importer,Small,447,Fine_Dine_Vegetarian,Wine,27.60625,10.67,294.56,181.12,0.6149,partially_compliant,113.44
INV588139,2024-04-06,2024 Q2,679,Importer,Large,448,Fine_Dine_Vegetarian,Wine,50.753035,10.67,541.53,306.32,0.5657,partially_compliant,235.21
INV588692,2024-04-06,2024 Q2,692,Importer,Large,449,Fine_Dine_Vegetarian,Wine,60.60286,10.67,646.63,468.49,0.7245,partially_compliant,178.14
INV589245,2024-04-06,2024 Q2,680,Importer,Medium,450,Fine_Dine_Vegetarian,Wine,73.624539,10.67,785.57,783.4,0.9972,compliant,2.17
INV590904,2024-04-06,2024 Q2,682,Importer,Small,453,Fine_Dine_Vegetarian,Wine,50.222634,10.67,535.88,329.5,0.6149,partially_compliant,206.38
INV592563,2024-04-06,2024 Q2,675,Importer,Small,456,Fine_Dine_Vegetarian,Wine,21.170542,10.67,225.89,223.8,0.9907,compliant,2.09
INV594222,2024-04-06,2024 Q2,673,Importer,Medium,459,Fine_Dine_Vegetarian,Wine,24.960677,10.67,266.33,266.33,1.0,compliant,0.0
INV595881,2024-04-06,2024 Q2,673,Importer,Medium,462,Fine_Dine_Vegetarian,Wine,18.982203,10.67,202.54,202.54,1.0,compliant,0.0
INV596434,2024-04-06,2024 Q2,690,Importer,Small,463,Fine_Dine_Vegetarian,Wine,44.014154,10.67,469.63,183.75,0.3913,partially_compliant,285.88
INV596987,2024-04-06,2024 Q2,677,Importer,Small,464,Fine_Dine_Vegetarian,Wine,24.831578,10.67,264.95,264.95,1.0,compliant,0.0
INV599752,2024-04-06,2024 Q2,682,Importer,Small,469,Fine_Dine_Vegetarian,Wine,21.300811,10.67,227.28,139.75,0.6149,partially_compliant,87.53
INV601411,2024-04-06,2024 Q2,689,Importer,Small,472,Fine_Dine_Vegetarian,Wine,21.560032,10.67,230.05,230.05,1.0,compliant,0.0
INV603623,2024-04-06,2024 Q2,692,Importer,Large,476,Fine_Dine_Vegetarian,Wine,23.097778,10.67,246.45,178.56,0.7245,partially_compliant,67.9
INV605282,2024-04-06,2024 Q2,673,Importer,Medium,479,Fine_Dine_Vegetarian,Wine,11.762533,10.67,125.51,125.51,1.0,compliant,0.0
INV607494,2024-04-06,2024 Q2,675,Importer,Small,483,Fine_Dine_Vegetarian,Wine,25.58437,10.67,272.99,270.46,0.9907,compliant,2.53
INV609153,2024-04-06,2024 Q2,692,Importer,Large,486,Fine_Dine_Vegetarian,Wine,39.186141,10.67,418.12,302.93,0.7245,partially_compliant,115.19
INV613577,2024-04-06,2024 Q2,686,Importer,Small,494,Fine_Dine_Vegetarian,Wine,16.777337,10.67,179.01,110.07,0.6149,partially_compliant,68.94
INV616895,2024-04-06,2024 Q2,673,Importer,Medium,500,Fine_Dine_Vegetarian,Wine,26.787661,10.67,285.82,285.82,1.0,compliant,0.0
INV402104,2024-04-13,2024 Q2,692,Importer,Large,203,Cafe,Coffee_Beans,24.398737,25.0,609.97,441.93,0.7245,partially_compliant,168.04
INV403842,2024-04-13,2024 Q2,680,Importer,Medium,205,Cafe,Coffee_Beans,5.148465,25.0,128.71,128.36,0.9972,compliant,0.36
INV405580,2024-04-13,2024 Q2,684,Importer,Medium,207,Cafe,Coffee_Beans,5.971977,25.0,149.3,149.3,1.0,compliant,0.0
INV415139,2024-04-13,2024 Q2,677,Importer,Small,218,Cafe,Coffee_Beans,13.582497,25.0,339.56,339.56,1.0,compliant,0.0
INV420353,2024-04-13,2024 Q2,686,Importer,Small,224,Cafe,Coffee_Beans,3.443142,25.0,86.08,52.93,0.6149,partially_compliant,33.15
INV423829,2024-04-13,2024 Q2,677,Importer,Small,228,Cafe,Coffee_Beans,5.307516,25.0,132.69,132.69,1.0,compliant,0.0
INV425567,2024-04-13,2024 Q2,682,Importer,Small,230,Cafe,Coffee_Beans,5.96272,25.0,149.07,91.66,0.6149,partially_compliant,57.41
INV426436,2024-04-13,2024 Q2,681,Importer,Small,231,Cafe,Coffee_Beans,5.79263,25.0,144.82,0.0,0.0,non_compliant,144.82
INV429043,2024-04-13,2024 Q2,673,Importer,Medium,234,Cafe,Coffee_Beans,5.416842,25.0,135.42,135.42,1.0,compliant,0.0
INV429912,2024-04-13,2024 Q2,673,Importer,Medium,235,Cafe,Coffee_Beans,25.7422,25.0,643.56,643.56,1.0,compliant,0.0
INV431650,2024-04-13,2024 Q2,683,Importer,Small,237,Cafe,Coffee_Beans,13.191507,25.0,329.79,326.69,0.9906,compliant,3.1
INV437733,2024-04-13,2024 Q2,682,Importer,Small,244,Cafe,Coffee_Beans,6.600429,25.0,165.01,101.46,0.6149,partially_compliant,63.55
INV439471,2024-04-13,2024 Q2,688,Importer,Small,246,Cafe,Coffee_Beans,7.782573,25.0,194.56,194.56,1.0,compliant,0.0
INV444685,2024-04-13,2024 Q2,675,Importer,Small,252,Cafe,Coffee_Beans,6.539741,25.0,163.49,161.98,0.9907,compliant,1.52
INV448161,2024-04-13,2024 Q2,678,Importer,Medium,256,Cafe,Coffee_Beans,10.346722,25.0,258.67,150.06,0.5801,partially_compliant,108.6
INV449030,2024-04-13,2024 Q2,680,Importer,Medium,257,Cafe,Coffee_Beans,26.092859,25.0,652.32,650.52,0.9972,compliant,1.8
INV454244,2024-04-13,2024 Q2,675,Importer,Small,263,Cafe,Coffee_Beans,4.780858,25.0,119.52,118.41,0.9907,compliant,1.11
INV459458,2024-04-13,2024 Q2,677,Importer,Small,269,Cafe,Coffee_Beans,4.73849,25.0,118.46,118.46,1.0,compliant,0.0
INV463803,2024-04-13,2024 Q2,673,Importer,Medium,274,Cafe,Coffee_Beans,6.368288,25.0,159.21,159.21,1.0,compliant,0.0
INV464672,2024-04-13,2024 Q2,689,Importer,Small,275,Cafe,Coffee_Beans,6.201831,25.0,155.05,155.05,1.0,compliant,0.0
INV465541,2024-04-13,2024 Q2,692,Importer,Large,276,Cafe,Coffee_Beans,5.86586,25.0,146.65,106.25,0.7245,partially_compliant,40.4
INV469886,2024-04-13,2024 Q2,689,Importer,Small,281,Cafe,Coffee_Beans,10.580646,25.0,264.52,264.52,1.0,compliant,0.0
INV475100,2024-04-13,2024 Q2,680,Importer,Medium,287,Cafe,Coffee_Beans,6.417343,25.0,160.43,159.99,0.9972,compliant,0.44
INV477707,2024-04-13,2024 Q2,675,Importer,Small,290,Cafe,Coffee_Beans,4.815881,25.0,120.4,119.28,0.9907,compliant,1.12
INV483790,2024-04-13,2024 Q2,689,Importer,Small,297,Cafe,Coffee_Beans,10.256735,25.0,256.42,256.42,1.0,compliant,0.0
INV484659,2024-04-13,2024 Q2,674,Importer,Small,298,Cafe,Coffee_Beans,5.54869,25.0,138.72,133.41,0.9617,compliant,5.31
INV489873,2024-04-13,2024 Q2,682,Importer,Small,304,Cafe,Coffee_Beans,4.869323,25.0,121.73,74.85,0.6149,partially_compliant,46.88
INV490742,2024-04-13,2024 Q2,682,Importer,Small,305,Cafe,Coffee_Beans,5.226657,25.0,130.67,80.34,0.6149,partially_compliant,50.32
INV495956,2024-04-13,2024 Q2,680,Importer,Medium,311,Cafe,Coffee_Beans,6.063508,25.0,151.59,151.17,0.9972,compliant,0.42
INV496825,2024-04-13,2024 Q2,689,Importer,Small,312,Cafe,Coffee_Beans,6.989486,25.0,174.74,174.74,1.0,compliant,0.0
INV497694,2024-04-13,2024 Q2,682,Importer,Small,313,Cafe,Coffee_Beans,6.447726,25.0,161.19,99.11,0.6149,partially_compliant,62.08
INV502039,2024-04-13,2024 Q2,688,Importer,Small,318,Cafe,Coffee_Beans,16.184607,25.0,404.62,404.62,1.0,compliant,0.0
INV507253,2024-04-13,2024 Q2,692,Importer,Large,324,Cafe,Coffee_Beans,6.581514,25.0,164.54,119.21,0.7245,partially_compliant,45.33
INV515074,2024-04-13,2024 Q2,678,Importer,Medium,333,Cafe,Coffee_Beans,5.503251,25.0,137.58,79.82,0.5801,partially_compliant,57.76
INV517681,2024-04-13,2024 Q2,690,Importer,Small,336,Cafe,Coffee_Beans,6.571991,25.0,164.3,64.28,0.3913,partially_compliant,100.02
INV522026,2024-04-13,2024 Q2,690,Importer,Small,341,Cafe,Coffee_Beans,6.955705,25.0,173.89,68.04,0.3913,partially_compliant,105.85
INV522895,2024-04-13,2024 Q2,686,Importer,Small,342,Cafe,Coffee_Beans,4.405056,25.0,110.13,67.71,0.6149,partially_compliant,42.41
INV523764,2024-04-13,2024 Q2,690,Importer,Small,343,Cafe,Coffee_Beans,10.870845,25.0,271.77,106.33,0.3913,partially_compliant,165.44
INV532454,2024-04-13,2024 Q2,686,Importer,Small,353,Cafe,Coffee_Beans,12.262656,25.0,306.57,188.5,0.6149,partially_compliant,118.07
INV534192,2024-04-13,2024 Q2,678,Importer,Medium,355,Cafe,Coffee_Beans,17.649981,25.0,441.25,255.99,0.5801,partially_compliant,185.26
INV536799,2024-04-13,2024 Q2,679,Importer,Large,358,Cafe,Coffee_Beans,6.234983,25.0,155.87,88.17,0.5657,partially_compliant,67.7
INV542248,2024-04-13,2024 Q2,673,Importer,Medium,365,Fine_Dine_Meat,Beer,31.340928,3.0,94.02,94.02,1.0,compliant,0.0
INV544459,2024-04-13,2024 Q2,692,Importer,Large,369,Fine_Dine_Meat,Wine,17.160881,10.67,183.11,132.66,0.7245,partially_compliant,50.44
INV547224,2024-04-13,2024 Q2,675,Importer,Small,374,Fine_Dine_Meat,Wine,20.856635,10.67,222.54,220.48,0.9907,compliant,2.06
INV547225,2024-04-13,2024 Q2,683,Importer,Small,374,Fine_Dine_Meat,Beer,31.284952,3.0,93.85,92.97,0.9906,compliant,0.88
INV549437,2024-04-13,2024 Q2,679,Importer,Large,378,Fine_Dine_Meat,Beer,23.852173,3.0,71.56,40.48,0.5657,partially_compliant,31.08
INV549989,2024-04-13,2024 Q2,686,Importer,Small,379,Fine_Dine_Meat,Wine,41.491544,10.67,442.71,272.22,0.6149,partially_compliant,170.5
INV551648,2024-04-13,2024 Q2,677,Importer,Small,382,Fine_Dine_Meat,Wine,13.539943,10.67,144.47,144.47,1.0,compliant,0.0
INV552754,2024-04-13,2024 Q2,682,Importer,Small,384,Fine_Dine_Meat,Wine,17.543326,10.67,187.19,115.1,0.6149,partially_compliant,72.09
INV552755,2024-04-13,2024 Q2,680,Importer,Medium,384,Fine_Dine_Meat,Beer,26.314989,3.0,78.94,78.73,0.9972,compliant,0.22
INV554966,2024-04-13,2024 Q2,686,Importer,Small,388,Fine_Dine_Meat,Wine,15.656857,10.67,167.06,102.72,0.6149,partially_compliant,64.34
INV554967,2024-04-13,2024 Q2,680,Importer,Medium,388,Fine_Dine_Meat,Beer,23.485285,3.0,70.46,70.26,0.9972,compliant,0.19
INV555519,2024-04-13,2024 Q2,680,Importer,Medium,389,Fine_Dine_Meat,Wine,20.568872,10.67,219.47,218.86,0.9972,compliant,0.61
INV556625,2024-04-13,2024 Q2,692,Importer,Large,391,Fine_Dine_Meat,Wine,22.932891,10.67,244.69,177.28,0.7245,partially_compliant,67.41
INV557179,2024-04-13,2024 Q2,692,Importer,Large,392,Fine_Dine_Meat,Beer,31.527781,3.0,94.58,68.53,0.7245,partially_compliant,26.06
INV558284,2024-04-13,2024 Q2,679,Importer,Large,394,Fine_Dine_Meat,Wine,30.509802,10.67,325.54,184.14,0.5657,partially_compliant,141.4
INV558837,2024-04-13,2024 Q2,686,Importer,Small,395,Fine_Dine_Meat,Wine,37.187385,10.67,396.79,243.98,0.6149,partially_compliant,152.81
INV559391,2024-04-13,2024 Q2,685,Importer,Small,396,Fine_Dine_Meat,Beer,66.039846,3.0,198.12,194.11,0.9797,compliant,4.01
INV559944,2024-04-13,2024 Q2,675,Importer,Small,397,Fine_Dine_Meat,Beer,24.948422,3.0,74.85,74.15,0.9907,compliant,0.69
INV561049,2024-04-13,2024 Q2,673,Importer,Medium,399,Fine_Dine_Meat,Wine,34.153197,10.67,364.41,364.41,1.0,compliant,0.0
INV566026,2024-04-13,2024 Q2,681,Importer,Small,408,Fine_Dine_Meat,Wine,36.636907,10.67,390.92,0.0,0.0,non_compliant,390.92
INV567685,2024-04-13,2024 Q2,673,Importer,Medium,411,Fine_Dine_Meat,Wine,18.027002,10.67,192.35,192.35,1.0,compliant,0.0
INV567686,2024-04-13,2024 Q2,673,Importer,Medium,411,Fine_Dine_Meat,Beer,27.040503,3.0,81.12,81.12,1.0,compliant,0.0
INV568238,2024-04-13,2024 Q2,680,Importer,Medium,412,Fine_Dine_Meat,Wine,38.024267,10.67,405.72,404.6,0.9972,compliant,1.12
INV569344,2024-04-13,2024 Q2,689,Importer,Small,414,Fine_Dine_Meat,Wine,34.686706,10.67,370.11,370.11,1.0,compliant,0.0
INV570450,2024-04-13,2024 Q2,680,Importer,Medium,416,Fine_Dine_Meat,Wine,21.646559,10.67,230.97,230.33,0.9972,compliant,0.64
INV571556,2024-04-13,2024 Q2,675,Importer,Small,418,Fine_Dine_Meat,Wine,38.655861,10.67,412.46,408.64,0.9907,compliant,3.82
INV573768,2024-04-13,2024 Q2,673,Importer,Medium,422,Fine_Dine_Meat,Wine,21.740423,10.67,231.97,231.97,1.0,compliant,0.0
INV576533,2024-04-13,2024 Q2,678,Importer,Medium,427,Fine_Dine_Meat,Wine,22.101573,10.67,235.82,136.81,0.5801,partially_compliant,99.01
INV577086,2024-04-13,2024 Q2,689,Importer,Small,428,Fine_Dine_Meat,Wine,15.313052,10.67,163.39,163.39,1.0,compliant,0.0
INV578192,2024-04-13,2024 Q2,685,Importer,Small,430,Fine_Dine_Meat,Wine,40.16325,10.67,428.54,419.86,0.9797,compliant,8.68
INV578745,2024-04-13,2024 Q2,692,Importer,Large,431,Fine_Dine_Meat,Wine,20.099252,10.67,214.46,155.38,0.7245,partially_compliant,59.08
INV579298,2024-04-13,2024 Q2,673,Importer,Medium,432,Fine_Dine_Meat,Wine,42.772652,10.67,456.38,456.38,1.0,compliant,0.0
INV579852,2024-04-13,2024 Q2,679,Importer,Large,433,Fine_Dine_Meat,Beer,18.099793,3.0,54.3,30.71,0.5657,partially_compliant,23.58
INV580405,2024-04-13,2024 Q2,692,Importer,Large,434,Fine_Dine_Meat,Beer,27.806457,3.0,83.42,60.44,0.7245,partially_compliant,22.98
INV580958,2024-04-13,2024 Q2,687,Importer,Medium,435,Fine_Dine_Meat,Beer,39.384523,3.0,118.15,82.37,0.6971,partially_compliant,35.78
INV583722,2024-04-13,2024 Q2,679,Importer,Large,440,Fine_Dine_Meat,Wine,19.539711,10.67,208.49,117.93,0.5657,partially_compliant,90.56
INV583723,2024-04-13,2024 Q2,692,Importer,Large,440,Fine_Dine_Meat,Beer,29.309567,3.0,87.93,63.7,0.7245,partially_compliant,24.22
INV587593,2024-04-13,2024 Q2,686,Importer,Small,447,Fine_Dine_Vegetarian,Wine,26.828351,10.67,286.26,176.01,0.6149,partially_compliant,110.24
INV588146,2024-04-13,2024 Q2,679,Importer,Large,448,Fine_Dine_Vegetarian,Wine,49.322897,10.67,526.28,297.69,0.5657,partially_compliant,228.58
INV588699,2024-04-13,2024 Q2,692,Importer,Large,449,Fine_Dine_Vegetarian,Wine,65.968696,10.67,703.89,509.97,0.7245,partially_compliant,193.92
INV589252,2024-04-13,2024 Q2,680,Importer,Medium,450,Fine_Dine_Vegetarian,Wine,71.549919,10.67,763.44,761.33,0.9972,compliant,2.11
INV590911,2024-04-13,2024 Q2,682,Importer,Small,453,Fine_Dine_Vegetarian,Wine,48.807442,10.67,520.78,320.21,0.6149,partially_compliant,200.56
INV592570,2024-04-13,2024 Q2,675,Importer,Small,456,Fine_Dine_Vegetarian,Wine,20.573991,10.67,219.52,217.49,0.9907,compliant,2.03
INV594229,2024-04-13,2024 Q2,673,Importer,Medium,459,Fine_Dine_Vegetarian,Wine,24.257325,10.67,258.83,258.83,1.0,compliant,0.0
INV595888,2024-04-13,2024 Q2,673,Importer,Medium,462,Fine_Dine_Vegetarian,Wine,18.447316,10.67,196.83,196.83,1.0,compliant,0.0
INV596441,2024-04-13,2024 Q2,690,Importer,Small,463,Fine_Dine_Vegetarian,Wine,42.773907,10.67,456.4,178.57,0.3913,partially_compliant,277.83
INV596994,2024-04-13,2024 Q2,677,Importer,Small,464,Fine_Dine_Vegetarian,Wine,24.131864,10.67,257.49,257.49,1.0,compliant,0.0
INV599759,2024-04-13,2024 Q2,682,Importer,Small,469,Fine_Dine_Vegetarian,Wine,19.648853,10.67,209.65,128.91,0.6149,partially_compliant,80.74
INV601418,2024-04-13,2024 Q2,689,Importer,Small,472,Fine_Dine_Vegetarian,Wine,20.952506,10.67,223.56,223.56,1.0,compliant,0.0
INV603630,2024-04-13,2024 Q2,692,Importer,Large,476,Fine_Dine_Vegetarian,Wine,22.44692,10.67,239.51,173.53,0.7245,partially_compliant,65.98
INV605289,2024-04-13,2024 Q2,673,Importer,Medium,479,Fine_Dine_Vegetarian,Wine,11.373275,10.67,121.35,121.35,1.0,compliant,0.0
INV607501,2024-04-13,2024 Q2,675,Importer,Small,483,Fine_Dine_Vegetarian,Wine,28.535772,10.67,304.48,301.65,0.9907,compliant,2.82
INV609160,2024-04-13,2024 Q2,692,Importer,Large,486,Fine_Dine_Vegetarian,Wine,38.081939,10.67,406.33,294.39,0.7245,partially_compliant,111.94
INV613584,2024-04-13,2024 Q2,686,Importer,Small,494,Fine_Dine_Vegetarian,Wine,13.540757,10.67,144.48,88.84,0.6149,partially_compliant,55.64
INV616902,2024-04-13,2024 Q2,673,Importer,Medium,500,Fine_Dine_Vegetarian,Wine,26.032829,10.67,277.77,277.77,1.0,compliant,0.0
INV402115,2024-04-20,2024 Q2,692,Importer,Large,203,Cafe,Coffee_Beans,26.149843,25.0,653.75,473.64,0.7245,partially_compliant,180.1
INV403853,2024-04-20,2024 Q2,680,Importer,Medium,205,Cafe,Coffee_Beans,5.517972,25.0,137.95,137.57,0.9972,compliant,0.38
INV405591,2024-04-20,2024 Q2,684,Importer,Medium,207,Cafe,Coffee_Beans,6.400588,25.0,160.01,160.01,1.0,compliant,0.0
INV415150,2024-04-20,2024 Q2,677,Importer,Small,218,Cafe,Coffee_Beans,14.557318,25.0,363.93,363.93,1.0,compliant,0.0
INV420364,2024-04-20,2024 Q2,686,Importer,Small,224,Cafe,Coffee_Beans,3.690257,25.0,92.26,56.73,0.6149,partially_compliant,35.53
INV423840,2024-04-20,2024 Q2,677,Importer,Small,228,Cafe,Coffee_Beans,5.688438,25.0,142.21,142.21,1.0,compliant,0.0
INV425578,2024-04-20,2024 Q2,682,Importer,Small,230,Cafe,Coffee_Beans,6.390666,25.0,159.77,98.24,0.6149,partially_compliant,61.53
INV426447,2024-04-20,2024 Q2,681,Importer,Small,231,Cafe,Coffee_Beans,6.208369,25.0,155.21,0.0,0.0,non_compliant,155.21
INV429054,2024-04-20,2024 Q2,673,Importer,Medium,234,Cafe,Coffee_Beans,5.805611,25.0,145.14,145.14,1.0,compliant,0.0
INV429923,2024-04-20,2024 Q2,673,Importer,Medium,235,Cafe,Coffee_Beans,27.589726,25.0,689.74,689.74,1.0,compliant,0.0
INV431661,2024-04-20,2024 Q2,683,Importer,Small,237,Cafe,Coffee_Beans,14.138266,25.0,353.46,350.14,0.9906,compliant,3.32
INV437744,2024-04-20,2024 Q2,682,Importer,Small,244,Cafe,Coffee_Beans,7.074144,25.0,176.85,108.74,0.6149,partially_compliant,68.11
INV439482,2024-04-20,2024 Q2,688,Importer,Small,246,Cafe,Coffee_Beans,9.062805,25.0,226.57,226.57,1.0,compliant,0.0
INV444696,2024-04-20,2024 Q2,675,Importer,Small,252,Cafe,Coffee_Beans,7.009101,25.0,175.23,173.6,0.9907,compliant,1.62
INV448172,2024-04-20,2024 Q2,678,Importer,Medium,256,Cafe,Coffee_Beans,11.08931,25.0,277.23,160.83,0.5801,partially_compliant,116.4
INV449041,2024-04-20,2024 Q2,680,Importer,Medium,257,Cafe,Coffee_Beans,27.965553,25.0,699.14,697.21,0.9972,compliant,1.93
INV454255,2024-04-20,2024 Q2,675,Importer,Small,263,Cafe,Coffee_Beans,5.123982,25.0,128.1,126.91,0.9907,compliant,1.19
INV459469,2024-04-20,2024 Q2,677,Importer,Small,269,Cafe,Coffee_Beans,5.078573,25.0,126.96,126.96,1.0,compliant,0.0
INV463814,2024-04-20,2024 Q2,673,Importer,Medium,274,Cafe,Coffee_Beans,6.825343,25.0,170.63,170.63,1.0,compliant,0.0
INV464683,2024-04-20,2024 Q2,689,Importer,Small,275,Cafe,Coffee_Beans,6.646939,25.0,166.17,166.17,1.0,compliant,0.0
INV465552,2024-04-20,2024 Q2,692,Importer,Large,276,Cafe,Coffee_Beans,6.286854,25.0,157.17,113.87,0.7245,partially_compliant,43.3
INV469897,2024-04-20,2024 Q2,689,Importer,Small,281,Cafe,Coffee_Beans,11.340023,25.0,283.5,283.5,1.0,compliant,0.0
INV475111,2024-04-20,2024 Q2,680,Importer,Medium,287,Cafe,Coffee_Beans,7.253858,25.0,181.35,180.84,0.9972,compliant,0.5
INV477718,2024-04-20,2024 Q2,675,Importer,Small,290,Cafe,Coffee_Beans,5.161518,25.0,129.04,127.84,0.9907,compliant,1.2
INV483801,2024-04-20,2024 Q2,689,Importer,Small,297,Cafe,Coffee_Beans,11.145817,25.0,278.65,278.65,1.0,compliant,0.0
INV484670,2024-04-20,2024 Q2,674,Importer,Small,298,Cafe,Coffee_Beans,5.946921,25.0,148.67,142.98,0.9617,compliant,5.69
INV489884,2024-04-20,2024 Q2,682,Importer,Small,304,Cafe,Coffee_Beans,5.218796,25.0,130.47,80.22,0.6149,partially_compliant,50.25
INV490753,2024-04-20,2024 Q2,682,Importer,Small,305,Cafe,Coffee_Beans,5.751646,25.0,143.79,88.41,0.6149,partially_compliant,55.38
INV495967,2024-04-20,2024 Q2,680,Importer,Medium,311,Cafe,Coffee_Beans,6.498688,25.0,162.47,162.02,0.9972,compliant,0.45
INV496836,2024-04-20,2024 Q2,689,Importer,Small,312,Cafe,Coffee_Beans,7.491124,25.0,187.28,187.28,1.0,compliant,0.0
INV497705,2024-04-20,2024 Q2,682,Importer,Small,313,Cafe,Coffee_Beans,7.162775,25.0,179.07,110.11,0.6149,partially_compliant,68.96
INV502050,2024-04-20,2024 Q2,688,Importer,Small,318,Cafe,Coffee_Beans,15.553105,25.0,388.83,388.83,1.0,compliant,0.0
INV507264,2024-04-20,2024 Q2,692,Importer,Large,324,Cafe,Coffee_Beans,7.053871,25.0,176.35,127.76,0.7245,partially_compliant,48.58
INV515085,2024-04-20,2024 Q2,678,Importer,Medium,333,Cafe,Coffee_Beans,5.898221,25.0,147.46,85.54,0.5801,partially_compliant,61.91
INV517692,2024-04-20,2024 Q2,690,Importer,Small,336,Cafe,Coffee_Beans,7.435008,25.0,185.88,72.73,0.3913,partially_compliant,113.15
INV522037,2024-04-20,2024 Q2,690,Importer,Small,341,Cafe,Coffee_Beans,7.454918,25.0,186.37,72.92,0.3913,partially_compliant,113.45
INV522906,2024-04-20,2024 Q2,686,Importer,Small,342,Cafe,Coffee_Beans,4.721208,25.0,118.03,72.57,0.6149,partially_compliant,45.46
INV523775,2024-04-20,2024 Q2,690,Importer,Small,343,Cafe,Coffee_Beans,11.815632,25.0,295.39,115.58,0.3913,partially_compliant,179.82
INV532465,2024-04-20,2024 Q2,686,Importer,Small,353,Cafe,Coffee_Beans,13.142751,25.0,328.57,202.03,0.6149,partially_compliant,126.54
INV534203,2024-04-20,2024 Q2,678,Importer,Medium,355,Cafe,Coffee_Beans,18.916726,25.0,472.92,274.36,0.5801,partially_compliant,198.56
INV536810,2024-04-20,2024 Q2,679,Importer,Large,358,Cafe,Coffee_Beans,6.682469,25.0,167.06,94.5,0.5657,partially_compliant,72.56
INV542255,2024-04-20,2024 Q2,673,Importer,Medium,365,Fine_Dine_Meat,Beer,33.14822,3.0,99.44,99.44,1.0,compliant,0.0
INV544466,2024-04-20,2024 Q2,692,Importer,Large,369,Fine_Dine_Meat,Wine,18.150473,10.67,193.67,140.31,0.7245,partially_compliant,53.35
INV547231,2024-04-20,2024 Q2,675,Importer,Small,374,Fine_Dine_Meat,Wine,22.059344,10.67,235.37,233.19,0.9907,compliant,2.18
INV547232,2024-04-20,2024 Q2,683,Importer,Small,374,Fine_Dine_Meat,Beer,33.089017,3.0,99.27,98.33,0.9906,compliant,0.93
INV549444,2024-04-20,2024 Q2,679,Importer,Large,378,Fine_Dine_Meat,Beer,25.227622,3.0,75.68,42.81,0.5657,partially_compliant,32.87
INV549996,2024-04-20,2024 Q2,686,Importer,Small,379,Fine_Dine_Meat,Wine,43.884177,10.67,468.24,287.91,0.6149,partially_compliant,180.33
INV551655,2024-04-20,2024 Q2,677,Importer,Small,382,Fine_Dine_Meat,Wine,13.275133,10.67,141.65,141.65,1.0,compliant,0.0
INV552761,2024-04-20,2024 Q2,682,Importer,Small,384,Fine_Dine_Meat,Wine,18.554972,10.67,197.98,121.73,0.6149,partially_compliant,76.25
INV552762,2024-04-20,2024 Q2,680,Importer,Medium,384,Fine_Dine_Meat,Beer,27.832457,3.0,83.5,83.27,0.9972,compliant,0.23
INV554973,2024-04-20,2024 Q2,686,Importer,Small,388,Fine_Dine_Meat,Wine,16.908186,10.67,180.41,110.93,0.6149,partially_compliant,69.48
INV554974,2024-04-20,2024 Q2,680,Importer,Medium,388,Fine_Dine_Meat,Beer,25.362278,3.0,76.09,75.88,0.9972,compliant,0.21
INV555526,2024-04-20,2024 Q2,680,Importer,Medium,389,Fine_Dine_Meat,Wine,21.754987,10.67,232.13,231.48,0.9972,compliant,0.64
INV556632,2024-04-20,2024 Q2,692,Importer,Large,391,Fine_Dine_Meat,Wine,24.255329,10.67,258.8,187.51,0.7245,partially_compliant,71.3
INV557186,2024-04-20,2024 Q2,692,Importer,Large,392,Fine_Dine_Meat,Beer,34.825131,3.0,104.48,75.69,0.7245,partially_compliant,28.78
INV558291,2024-04-20,2024 Q2,679,Importer,Large,394,Fine_Dine_Meat,Wine,32.269167,10.67,344.31,194.76,0.5657,partially_compliant,149.55
INV558844,2024-04-20,2024 Q2,686,Importer,Small,395,Fine_Dine_Meat,Wine,39.331817,10.67,419.67,258.05,0.6149,partially_compliant,161.62
INV559398,2024-04-20,2024 Q2,685,Importer,Small,396,Fine_Dine_Meat,Beer,69.848071,3.0,209.54,205.3,0.9797,compliant,4.24
INV559951,2024-04-20,2024 Q2,675,Importer,Small,397,Fine_Dine_Meat,Beer,25.574109,3.0,76.72,76.01,0.9907,compliant,0.71
INV561056,2024-04-20,2024 Q2,673,Importer,Medium,399,Fine_Dine_Meat,Wine,36.12266,10.67,385.43,385.43,1.0,compliant,0.0
INV566033,2024-04-20,2024 Q2,681,Importer,Small,408,Fine_Dine_Meat,Wine,38.749595,10.67,413.46,0.0,0.0,non_compliant,413.46
INV567692,2024-04-20,2024 Q2,673,Importer,Medium,411,Fine_Dine_Meat,Wine,19.066539,10.67,203.44,203.44,1.0,compliant,0.0
INV567693,2024-04-20,2024 Q2,673,Importer,Medium,411,Fine_Dine_Meat,Beer,28.599808,3.0,85.8,85.8,1.0,compliant,0.0
INV568245,2024-04-20,2024 Q2,680,Importer,Medium,412,Fine_Dine_Meat,Wine,40.216958,10.67,429.11,427.93,0.9972,compliant,1.19
INV569351,2024-04-20,2024 Q2,689,Importer,Small,414,Fine_Dine_Meat,Wine,37.263178,10.67,397.6,397.6,1.0,compliant,0.0
INV570457,2024-04-20,2024 Q2,680,Importer,Medium,416,Fine_Dine_Meat,Wine,22.89482,10.67,244.29,243.61,0.9972,compliant,0.68
INV571563,2024-04-20,2024 Q2,675,Importer,Small,418,Fine_Dine_Meat,Wine,40.884973,10.67,436.24,432.2,0.9907,compliant,4.04
INV573775,2024-04-20,2024 Q2,673,Importer,Medium,422,Fine_Dine_Meat,Wine,22.994097,10.67,245.35,245.35,1.0,compliant,0.0
INV576540,2024-04-20,2024 Q2,678,Importer,Medium,427,Fine_Dine_Meat,Wine,23.376073,10.67,249.42,144.7,0.5801,partially_compliant,104.72
INV577093,2024-04-20,2024 Q2,689,Importer,Small,428,Fine_Dine_Meat,Wine,16.196088,10.67,172.81,172.81,1.0,compliant,0.0
INV578199,2024-04-20,2024 Q2,685,Importer,Small,430,Fine_Dine_Meat,Wine,44.026789,10.67,469.77,460.25,0.9797,compliant,9.52
INV578752,2024-04-20,2024 Q2,692,Importer,Large,431,Fine_Dine_Meat,Wine,21.258287,10.67,226.83,164.34,0.7245,partially_compliant,62.49
INV579305,2024-04-20,2024 Q2,673,Importer,Medium,432,Fine_Dine_Meat,Wine,45.239161,10.67,482.7,482.7,1.0,compliant,0.0
INV579859,2024-04-20,2024 Q2,679,Importer,Large,433,Fine_Dine_Meat,Beer,17.946031,3.0,53.84,30.45,0.5657,partially_compliant,23.38
INV580412,2024-04-20,2024 Q2,692,Importer,Large,434,Fine_Dine_Meat,Beer,29.409932,3.0,88.23,63.92,0.7245,partially_compliant,24.31
INV580965,2024-04-20,2024 Q2,687,Importer,Medium,435,Fine_Dine_Meat,Beer,39.438189,3.0,118.31,82.48,0.6971,partially_compliant,35.83
INV583729,2024-04-20,2024 Q2,679,Importer,Large,440,Fine_Dine_Meat,Wine,20.666479,10.67,220.51,124.73,0.5657,partially_compliant,95.78
INV583730,2024-04-20,2024 Q2,692,Importer,Large,440,Fine_Dine_Meat,Beer,30.999719,3.0,93.0,67.38,0.7245,partially_compliant,25.62
INV587600,2024-04-20,2024 Q2,686,Importer,Small,447,Fine_Dine_Vegetarian,Wine,28.375423,10.67,302.77,186.16,0.6149,partially_compliant,116.6
INV588153,2024-04-20,2024 Q2,679,Importer,Large,448,Fine_Dine_Vegetarian,Wine,52.16713,10.67,556.62,314.86,0.5657,partially_compliant,241.77
INV588706,2024-04-20,2024 Q2,692,Importer,Large,449,Fine_Dine_Vegetarian,Wine,75.656487,10.67,807.25,584.86,0.7245,partially_compliant,222.39
INV589259,2024-04-20,2024 Q2,680,Importer,Medium,450,Fine_Dine_Vegetarian,Wine,75.675886,10.67,807.46,805.23,0.9972,compliant,2.23
INV590918,2024-04-20,2024 Q2,682,Importer,Small,453,Fine_Dine_Vegetarian,Wine,51.62195,10.67,550.81,338.68,0.6149,partially_compliant,212.13
INV592577,2024-04-20,2024 Q2,675,Importer,Small,456,Fine_Dine_Vegetarian,Wine,21.760402,10.67,232.18,230.03,0.9907,compliant,2.15
INV594236,2024-04-20,2024 Q2,673,Importer,Medium,459,Fine_Dine_Vegetarian,Wine,25.656138,10.67,273.75,273.75,1.0,compliant,0.0
INV595895,2024-04-20,2024 Q2,673,Importer,Medium,462,Fine_Dine_Vegetarian,Wine,19.51109,10.67,208.18,208.18,1.0,compliant,0.0
INV596448,2024-04-20,2024 Q2,690,Importer,Small,463,Fine_Dine_Vegetarian,Wine,45.240488,10.67,482.72,188.87,0.3913,partially_compliant,293.85
INV597001,2024-04-20,2024 Q2,677,Importer,Small,464,Fine_Dine_Vegetarian,Wine,25.523442,10.67,272.34,272.34,1.0,compliant,0.0
INV599766,2024-04-20,2024 Q2,682,Importer,Small,469,Fine_Dine_Vegetarian,Wine,19.821267,10.67,211.49,130.04,0.6149,partially_compliant,81.45
INV601425,2024-04-20,2024 Q2,689,Importer,Small,472,Fine_Dine_Vegetarian,Wine,22.160744,10.67,236.46,236.46,1.0,compliant,0.0
INV603637,2024-04-20,2024 Q2,692,Importer,Large,476,Fine_Dine_Vegetarian,Wine,23.741334,10.67,253.32,183.53,0.7245,partially_compliant,69.79
INV605296,2024-04-20,2024 Q2,673,Importer,Medium,479,Fine_Dine_Vegetarian,Wine,12.029121,10.67,128.35,128.35,1.0,compliant,0.0
INV607508,2024-04-20,2024 Q2,675,Importer,Small,483,Fine_Dine_Vegetarian,Wine,33.366087,10.67,356.02,352.72,0.9907,compliant,3.3
INV609167,2024-04-20,2024 Q2,692,Importer,Large,486,Fine_Dine_Vegetarian,Wine,40.277956,10.67,429.77,311.37,0.7245,partially_compliant,118.4
INV613591,2024-04-20,2024 Q2,686,Importer,Small,494,Fine_Dine_Vegetarian,Wine,13.036325,10.67,139.1,85.53,0.6149,partially_compliant,53.57
INV616909,2024-04-20,2024 Q2,673,Importer,Medium,500,Fine_Dine_Vegetarian,Wine,27.534027,10.67,293.79,293.79,1.0,compliant,0.0
INV402126,2024-04-27,2024 Q2,692,Importer,Large,203,Cafe,Coffee_Beans,29.130976,25.0,728.27,527.64,0.7245,partially_compliant,200.63
INV403864,2024-04-27,2024 Q2,680,Importer,Medium,205,Cafe,Coffee_Beans,6.108166,25.0,152.7,152.28,0.9972,compliant,0.42
INV405602,2024-04-27,2024 Q2,684,Importer,Medium,207,Cafe,Coffee_Beans,7.13459,25.0,178.36,178.36,1.0,compliant,0.0
INV415161,2024-04-27,2024 Q2,677,Importer,Small,218,Cafe,Coffee_Beans,16.259638,25.0,406.49,406.49,1.0,compliant,0.0
INV420375,2024-04-27,2024 Q2,686,Importer,Small,224,Cafe,Coffee_Beans,4.107797,25.0,102.69,63.14,0.6149,partially_compliant,39.55
INV423851,2024-04-27,2024 Q2,677,Importer,Small,228,Cafe,Coffee_Beans,6.406227,25.0,160.16,160.16,1.0,compliant,0.0
INV425589,2024-04-27,2024 Q2,682,Importer,Small,230,Cafe,Coffee_Beans,7.196281,25.0,179.91,110.62,0.6149,partially_compliant,69.29
INV426458,2024-04-27,2024 Q2,681,Importer,Small,231,Cafe,Coffee_Beans,6.938669,25.0,173.47,0.0,0.0,non_compliant,173.47
INV429065,2024-04-27,2024 Q2,673,Importer,Medium,234,Cafe,Coffee_Beans,6.473825,25.0,161.85,161.85,1.0,compliant,0.0
INV429934,2024-04-27,2024 Q2,673,Importer,Medium,235,Cafe,Coffee_Beans,30.75618,25.0,768.9,768.9,1.0,compliant,0.0
INV431672,2024-04-27,2024 Q2,683,Importer,Small,237,Cafe,Coffee_Beans,15.902142,25.0,397.55,393.82,0.9906,compliant,3.73
INV437755,2024-04-27,2024 Q2,682,Importer,Small,244,Cafe,Coffee_Beans,7.908126,25.0,197.7,121.56,0.6149,partially_compliant,76.14
INV439493,2024-04-27,2024 Q2,688,Importer,Small,246,Cafe,Coffee_Beans,10.75273,25.0,268.82,268.82,1.0,compliant,0.0
INV444707,2024-04-27,2024 Q2,675,Importer,Small,252,Cafe,Coffee_Beans,7.834664,25.0,195.87,194.05,0.9907,compliant,1.82
INV448183,2024-04-27,2024 Q2,678,Importer,Medium,256,Cafe,Coffee_Beans,12.27103,25.0,306.78,177.97,0.5801,partially_compliant,128.8
INV449052,2024-04-27,2024 Q2,680,Importer,Medium,257,Cafe,Coffee_Beans,31.025317,25.0,775.63,773.49,0.9972,compliant,2.14
INV454266,2024-04-27,2024 Q2,675,Importer,Small,263,Cafe,Coffee_Beans,5.777719,25.0,144.44,143.1,0.9907,compliant,1.34
INV459480,2024-04-27,2024 Q2,677,Importer,Small,269,Cafe,Coffee_Beans,5.709318,25.0,142.73,142.73,1.0,compliant,0.0
INV463825,2024-04-27,2024 Q2,673,Importer,Medium,274,Cafe,Coffee_Beans,7.585367,25.0,189.63,189.63,1.0,compliant,0.0
INV464694,2024-04-27,2024 Q2,689,Importer,Small,275,Cafe,Coffee_Beans,7.470813,25.0,186.77,186.77,1.0,compliant,0.0
INV465563,2024-04-27,2024 Q2,692,Importer,Large,276,Cafe,Coffee_Beans,7.014028,25.0,175.35,127.04,0.7245,partially_compliant,48.31
INV469908,2024-04-27,2024 Q2,689,Importer,Small,281,Cafe,Coffee_Beans,12.702818,25.0,317.57,317.57,1.0,compliant,0.0
INV475122,2024-04-27,2024 Q2,680,Importer,Medium,287,Cafe,Coffee_Beans,8.630523,25.0,215.76,215.17,0.9972,compliant,0.6
INV477729,2024-04-27,2024 Q2,675,Importer,Small,290,Cafe,Coffee_Beans,5.823569,25.0,145.59,144.24,0.9907,compliant,1.35
INV483812,2024-04-27,2024 Q2,689,Importer,Small,297,Cafe,Coffee_Beans,12.597925,25.0,314.95,314.95,1.0,compliant,0.0
INV484681,2024-04-27,2024 Q2,674,Importer,Small,298,Cafe,Coffee_Beans,6.476256,25.0,161.91,155.71,0.9617,compliant,6.2
INV489895,2024-04-27,2024 Q2,682,Importer,Small,304,Cafe,Coffee_Beans,5.880446,25.0,147.01,90.39,0.6149,partially_compliant,56.62
INV490764,2024-04-27,2024 Q2,682,Importer,Small,305,Cafe,Coffee_Beans,6.501248,25.0,162.53,99.94,0.6149,partially_compliant,62.59
INV495978,2024-04-27,2024 Q2,680,Importer,Medium,311,Cafe,Coffee_Beans,7.3031,25.0,182.58,182.07,0.9972,compliant,0.5
INV496847,2024-04-27,2024 Q2,689,Importer,Small,312,Cafe,Coffee_Beans,8.306092,25.0,207.65,207.65,1.0,compliant,0.0
INV497716,2024-04-27,2024 Q2,682,Importer,Small,313,Cafe,Coffee_Beans,8.19564,25.0,204.89,125.98,0.6149,partially_compliant,78.91
INV502061,2024-04-27,2024 Q2,688,Importer,Small,318,Cafe,Coffee_Beans,16.385812,25.0,409.65,409.65,1.0,compliant,0.0
INV507275,2024-04-27,2024 Q2,692,Importer,Large,324,Cafe,Coffee_Beans,7.825886,25.0,195.65,141.75,0.7245,partially_compliant,53.9
INV515096,2024-04-27,2024 Q2,678,Importer,Medium,333,Cafe,Coffee_Beans,6.558534,25.0,163.96,95.12,0.5801,partially_compliant,68.84
INV517703,2024-04-27,2024 Q2,690,Importer,Small,336,Cafe,Coffee_Beans,8.433158,25.0,210.83,82.49,0.3913,partially_compliant,128.34
INV522048,2024-04-27,2024 Q2,690,Importer,Small,341,Cafe,Coffee_Beans,8.264591,25.0,206.61,80.84,0.3913,partially_compliant,125.77
INV522917,2024-04-27,2024 Q2,686,Importer,Small,342,Cafe,Coffee_Beans,5.225044,25.0,130.63,80.32,0.6149,partially_compliant,50.31
INV523786,2024-04-27,2024 Q2,690,Importer,Small,343,Cafe,Coffee_Beans,13.429645,25.0,335.74,131.36,0.3913,partially_compliant,204.38
INV532476,2024-04-27,2024 Q2,686,Importer,Small,353,Cafe,Coffee_Beans,14.569754,25.0,364.24,223.97,0.6149,partially_compliant,140.28
INV534214,2024-04-27,2024 Q2,678,Importer,Medium,355,Cafe,Coffee_Beans,21.109526,25.0,527.74,306.16,0.5801,partially_compliant,221.58
INV536821,2024-04-27,2024 Q2,679,Importer,Large,358,Cafe,Coffee_Beans,7.45319,25.0,186.33,105.4,0.5657,partially_compliant,80.93
INV542262,2024-04-27,2024 Q2,673,Importer,Medium,365,Fine_Dine_Meat,Beer,34.488578,3.0,103.47,103.47,1.0,compliant,0.0
INV544473,2024-04-27,2024 Q2,692,Importer,Large,369,Fine_Dine_Meat,Wine,19.164941,10.67,204.49,148.15,0.7245,partially_compliant,56.34
INV547238,2024-04-27,2024 Q2,675,Importer,Small,374,Fine_Dine_Meat,Wine,23.185448,10.67,247.39,245.1,0.9907,compliant,2.29
INV547239,2024-04-27,2024 Q2,683,Importer,Small,374,Fine_Dine_Meat,Beer,34.778171,3.0,104.33,103.35,0.9906,compliant,0.98
INV549451,2024-04-27,2024 Q2,679,Importer,Large,378,Fine_Dine_Meat,Beer,26.458043,3.0,79.37,44.9,0.5657,partially_compliant,34.48
INV550003,2024-04-27,2024 Q2,686,Importer,Small,379,Fine_Dine_Meat,Wine,46.068654,10.67,491.55,302.24,0.6149,partially_compliant,189.31
INV551662,2024-04-27,2024 Q2,677,Importer,Small,382,Fine_Dine_Meat,Wine,12.807332,10.67,136.65,136.65,1.0,compliant,0.0
INV552768,2024-04-27,2024 Q2,682,Importer,Small,384,Fine_Dine_Meat,Wine,19.381253,10.67,206.8,127.16,0.6149,partially_compliant,79.64
INV552769,2024-04-27,2024 Q2,680,Importer,Medium,384,Fine_Dine_Meat,Beer,29.07188,3.0,87.22,86.97,0.9972,compliant,0.24
INV554980,2024-04-27,2024 Q2,686,Importer,Small,388,Fine_Dine_Meat,Wine,18.072143,10.67,192.83,118.57,0.6149,partially_compliant,74.26
INV554981,2024-04-27,2024 Q2,680,Importer,Medium,388,Fine_Dine_Meat,Beer,27.108214,3.0,81.32,81.1,0.9972,compliant,0.22
INV555533,2024-04-27,2024 Q2,680,Importer,Medium,389,Fine_Dine_Meat,Wine,22.64516,10.67,241.62,240.96,0.9972,compliant,0.67
INV556639,2024-04-27,2024 Q2,692,Importer,Large,391,Fine_Dine_Meat,Wine,25.45902,10.67,271.65,196.81,0.7245,partially_compliant,74.84
INV557193,2024-04-27,2024 Q2,692,Importer,Large,392,Fine_Dine_Meat,Beer,36.988077,3.0,110.96,80.39,0.7245,partially_compliant,30.57
INV558298,2024-04-27,2024 Q2,679,Importer,Large,394,Fine_Dine_Meat,Wine,33.514332,10.67,357.6,202.28,0.5657,partially_compliant,155.32
INV558851,2024-04-27,2024 Q2,686,Importer,Small,395,Fine_Dine_Meat,Wine,41.248961,10.67,440.13,270.62,0.6149,partially_compliant,169.5
INV559405,2024-04-27,2024 Q2,685,Importer,Small,396,Fine_Dine_Meat,Beer,72.578322,3.0,217.73,213.32,0.9797,compliant,4.41
INV559958,2024-04-27,2024 Q2,675,Importer,Small,397,Fine_Dine_Meat,Beer,25.144742,3.0,75.43,74.74,0.9907,compliant,0.7
INV561063,2024-04-27,2024 Q2,673,Importer,Medium,399,Fine_Dine_Meat,Wine,37.894745,10.67,404.34,404.34,1.0,compliant,0.0
INV566040,2024-04-27,2024 Q2,681,Importer,Small,408,Fine_Dine_Meat,Wine,40.924038,10.67,436.66,0.0,0.0,non_compliant,436.66
INV567699,2024-04-27,2024 Q2,673,Importer,Medium,411,Fine_Dine_Meat,Wine,19.805638,10.67,211.33,211.33,1.0,compliant,0.0
INV567700,2024-04-27,2024 Q2,673,Importer,Medium,411,Fine_Dine_Meat,Beer,29.708456,3.0,89.13,89.13,1.0,compliant,0.0
INV568252,2024-04-27,2024 Q2,680,Importer,Medium,412,Fine_Dine_Meat,Wine,42.092393,10.67,449.13,447.88,0.9972,compliant,1.24
INV569358,2024-04-27,2024 Q2,689,Importer,Small,414,Fine_Dine_Meat,Wine,39.187948,10.67,418.14,418.14,1.0,compliant,0.0
INV570464,2024-04-27,2024 Q2,680,Importer,Medium,416,Fine_Dine_Meat,Wine,23.965772,10.67,255.71,255.01,0.9972,compliant,0.71
INV571570,2024-04-27,2024 Q2,675,Importer,Small,418,Fine_Dine_Meat,Wine,42.848196,10.67,457.19,452.95,0.9907,compliant,4.24
INV573782,2024-04-27,2024 Q2,673,Importer,Medium,422,Fine_Dine_Meat,Wine,24.111263,10.67,257.27,257.27,1.0,compliant,0.0
INV576547,2024-04-27,2024 Q2,678,Importer,Medium,427,Fine_Dine_Meat,Wine,23.866122,10.67,254.65,147.73,0.5801,partially_compliant,106.92
INV577100,2024-04-27,2024 Q2,689,Importer,Small,428,Fine_Dine_Meat,Wine,17.084912,10.67,182.3,182.3,1.0,compliant,0.0
INV578206,2024-04-27,2024 Q2,685,Importer,Small,430,Fine_Dine_Meat,Wine,47.117578,10.67,502.74,492.56,0.9797,compliant,10.18
INV578759,2024-04-27,2024 Q2,692,Importer,Large,431,Fine_Dine_Meat,Wine,22.120465,10.67,236.03,171.0,0.7245,partially_compliant,65.02
INV579312,2024-04-27,2024 Q2,673,Importer,Medium,432,Fine_Dine_Meat,Wine,46.314205,10.67,494.17,494.17,1.0,compliant,0.0
INV579866,2024-04-27,2024 Q2,679,Importer,Large,433,Fine_Dine_Meat,Beer,17.613408,3.0,52.84,29.89,0.5657,partially_compliant,22.95
INV580419,2024-04-27,2024 Q2,692,Importer,Large,434,Fine_Dine_Meat,Beer,29.695952,3.0,89.09,64.54,0.7245,partially_compliant,24.54
INV580972,2024-04-27,2024 Q2,687,Importer,Medium,435,Fine_Dine_Meat,Beer,40.790061,3.0,122.37,85.31,0.6971,partially_compliant,37.06
INV583736,2024-04-27,2024 Q2,679,Importer,Large,440,Fine_Dine_Meat,Wine,21.647154,10.67,230.98,130.65,0.5657,partially_compliant,100.32
INV583737,2024-04-27,2024 Q2,692,Importer,Large,440,Fine_Dine_Meat,Beer,32.470731,3.0,97.41,70.58,0.7245,partially_compliant,26.84
INV587607,2024-04-27,2024 Q2,686,Importer,Small,447,Fine_Dine_Vegetarian,Wine,29.909925,10.67,319.14,196.23,0.6149,partially_compliant,122.91
INV588160,2024-04-27,2024 Q2,679,Importer,Large,448,Fine_Dine_Vegetarian,Wine,55.068417,10.67,587.58,332.37,0.5657,partially_compliant,255.21
INV588713,2024-04-27,2024 Q2,692,Importer,Large,449,Fine_Dine_Vegetarian,Wine,83.05507,10.67,886.2,642.06,0.7245,partially_compliant,244.14
INV589266,2024-04-27,2024 Q2,680,Importer,Medium,450,Fine_Dine_Vegetarian,Wine,79.544468,10.67,848.74,846.39,0.9972,compliant,2.35
INV590925,2024-04-27,2024 Q2,682,Importer,Small,453,Fine_Dine_Vegetarian,Wine,54.046261,10.67,576.67,354.58,0.6149,partially_compliant,222.09
INV592584,2024-04-27,2024 Q2,675,Importer,Small,456,Fine_Dine_Vegetarian,Wine,22.930599,10.67,244.67,242.4,0.9907,compliant,2.27
INV594243,2024-04-27,2024 Q2,673,Importer,Medium,459,Fine_Dine_Vegetarian,Wine,26.608377,10.67,283.91,283.91,1.0,compliant,0.0
INV595902,2024-04-27,2024 Q2,673,Importer,Medium,462,Fine_Dine_Vegetarian,Wine,20.562457,10.67,219.4,219.4,1.0,compliant,0.0
INV596455,2024-04-27,2024 Q2,690,Importer,Small,463,Fine_Dine_Vegetarian,Wine,47.699497,10.67,508.95,199.13,0.3913,partially_compliant,309.82
INV597008,2024-04-27,2024 Q2,677,Importer,Small,464,Fine_Dine_Vegetarian,Wine,26.744128,10.67,285.36,285.36,1.0,compliant,0.0
INV599773,2024-04-27,2024 Q2,682,Importer,Small,469,Fine_Dine_Vegetarian,Wine,20.130707,10.67,214.79,132.07,0.6149,partially_compliant,82.72
INV601432,2024-04-27,2024 Q2,689,Importer,Small,472,Fine_Dine_Vegetarian,Wine,23.110641,10.67,246.59,246.59,1.0,compliant,0.0
INV603644,2024-04-27,2024 Q2,692,Importer,Large,476,Fine_Dine_Vegetarian,Wine,24.948271,10.67,266.2,192.86,0.7245,partially_compliant,73.34
INV605303,2024-04-27,2024 Q2,673,Importer,Medium,479,Fine_Dine_Vegetarian,Wine,12.573211,10.67,134.16,134.16,1.0,compliant,0.0
INV607515,2024-04-27,2024 Q2,675,Importer,Small,483,Fine_Dine_Vegetarian,Wine,37.842228,10.67,403.78,400.03,0.9907,compliant,3.74
INV609174,2024-04-27,2024 Q2,692,Importer,Large,486,Fine_Dine_Vegetarian,Wine,42.18022,10.67,450.06,326.07,0.7245,partially_compliant,123.99
INV613598,2024-04-27,2024 Q2,686,Importer,Small,494,Fine_Dine_Vegetarian,Wine,13.625971,10.67,145.39,89.4,0.6149,partially_compliant,55.99
INV616916,2024-04-27,2024 Q2,673,Importer,Medium,500,Fine_Dine_Vegetarian,Wine,28.909173,10.67,308.46,308.46,1.0,compliant,0.0
INV402137,2024-05-04,2024 Q2,692,Importer,Large,203,Cafe,Coffee_Beans,28.989986,25.0,724.75,525.09,0.7245,partially_compliant,199.66
INV403875,2024-05-04,2024 Q2,680,Importer,Medium,205,Cafe,Coffee_Beans,6.027444,25.0,150.69,150.27,0.9972,compliant,0.42
INV405613,2024-05-04,2024 Q2,684,Importer,Medium,207,Cafe,Coffee_Beans,7.105749,25.0,177.64,177.64,1.0,compliant,0.0
INV415172,2024-05-04,2024 Q2,677,Importer,Small,218,Cafe,Coffee_Beans,16.237226,25.0,405.93,405.93,1.0,compliant,0.0
INV420386,2024-05-04,2024 Q2,686,Importer,Small,224,Cafe,Coffee_Beans,4.083761,25.0,102.09,62.78,0.6149,partially_compliant,39.32
INV423862,2024-05-04,2024 Q2,677,Importer,Small,228,Cafe,Coffee_Beans,6.466436,25.0,161.66,161.66,1.0,compliant,0.0
INV425600,2024-05-04,2024 Q2,682,Importer,Small,230,Cafe,Coffee_Beans,7.262894,25.0,181.57,111.65,0.6149,partially_compliant,69.93
INV426469,2024-05-04,2024 Q2,681,Importer,Small,231,Cafe,Coffee_Beans,6.934748,25.0,173.37,0.0,0.0,non_compliant,173.37
INV429076,2024-05-04,2024 Q2,673,Importer,Medium,234,Cafe,Coffee_Beans,6.450868,25.0,161.27,161.27,1.0,compliant,0.0
INV429945,2024-05-04,2024 Q2,673,Importer,Medium,235,Cafe,Coffee_Beans,30.63519,25.0,765.88,765.88,1.0,compliant,0.0
INV431683,2024-05-04,2024 Q2,683,Importer,Small,237,Cafe,Coffee_Beans,16.025369,25.0,400.63,396.87,0.9906,compliant,3.76
INV437766,2024-05-04,2024 Q2,682,Importer,Small,244,Cafe,Coffee_Beans,7.906069,25.0,197.65,121.53,0.6149,partially_compliant,76.12
INV439504,2024-05-04,2024 Q2,688,Importer,Small,246,Cafe,Coffee_Beans,11.134082,25.0,278.35,278.35,1.0,compliant,0.0
INV444718,2024-05-04,2024 Q2,675,Importer,Small,252,Cafe,Coffee_Beans,7.831643,25.0,195.79,193.98,0.9907,compliant,1.81
INV448194,2024-05-04,2024 Q2,678,Importer,Medium,256,Cafe,Coffee_Beans,12.103067,25.0,302.58,175.54,0.5801,partially_compliant,127.04
INV449063,2024-05-04,2024 Q2,680,Importer,Medium,257,Cafe,Coffee_Beans,30.706192,25.0,767.65,765.53,0.9972,compliant,2.12
INV454277,2024-05-04,2024 Q2,675,Importer,Small,263,Cafe,Coffee_Beans,5.841361,25.0,146.03,144.68,0.9907,compliant,1.35
INV459491,2024-05-04,2024 Q2,677,Importer,Small,269,Cafe,Coffee_Beans,5.749841,25.0,143.75,143.75,1.0,compliant,0.0
INV463836,2024-05-04,2024 Q2,673,Importer,Medium,274,Cafe,Coffee_Beans,7.524859,25.0,188.12,188.12,1.0,compliant,0.0
INV464705,2024-05-04,2024 Q2,689,Importer,Small,275,Cafe,Coffee_Beans,7.521677,25.0,188.04,188.04,1.0,compliant,0.0
INV465574,2024-05-04,2024 Q2,692,Importer,Large,276,Cafe,Coffee_Beans,6.993848,25.0,174.85,126.68,0.7245,partially_compliant,48.17
INV469919,2024-05-04,2024 Q2,689,Importer,Small,281,Cafe,Coffee_Beans,12.733492,25.0,318.34,318.34,1.0,compliant,0.0
INV475133,2024-05-04,2024 Q2,680,Importer,Medium,287,Cafe,Coffee_Beans,10.277742,25.0,256.94,256.23,0.9972,compliant,0.71
INV477740,2024-05-04,2024 Q2,675,Importer,Small,290,Cafe,Coffee_Beans,5.892301,25.0,147.31,145.94,0.9907,compliant,1.37
INV483823,2024-05-04,2024 Q2,689,Importer,Small,297,Cafe,Coffee_Beans,13.049251,25.0,326.23,326.23,1.0,compliant,0.0
INV484692,2024-05-04,2024 Q2,674,Importer,Small,298,Cafe,Coffee_Beans,6.249274,25.0,156.23,150.25,0.9617,compliant,5.98
INV489906,2024-05-04,2024 Q2,682,Importer,Small,304,Cafe,Coffee_Beans,5.939779,25.0,148.49,91.31,0.6149,partially_compliant,57.19
INV490775,2024-05-04,2024 Q2,682,Importer,Small,305,Cafe,Coffee_Beans,6.316357,25.0,157.91,97.09,0.6149,partially_compliant,60.81
INV495989,2024-05-04,2024 Q2,680,Importer,Medium,311,Cafe,Coffee_Beans,7.351404,25.0,183.79,183.28,0.9972,compliant,0.51
INV496858,2024-05-04,2024 Q2,689,Importer,Small,312,Cafe,Coffee_Beans,8.21451,25.0,205.36,205.36,1.0,compliant,0.0
INV497727,2024-05-04,2024 Q2,682,Importer,Small,313,Cafe,Coffee_Beans,8.303814,25.0,207.6,127.65,0.6149,partially_compliant,79.95
INV502072,2024-05-04,2024 Q2,688,Importer,Small,318,Cafe,Coffee_Beans,18.701251,25.0,467.53,467.53,1.0,compliant,0.0
INV507286,2024-05-04,2024 Q2,692,Importer,Large,324,Cafe,Coffee_Beans,7.745702,25.0,193.64,140.3,0.7245,partially_compliant,53.35
INV515107,2024-05-04,2024 Q2,678,Importer,Medium,333,Cafe,Coffee_Beans,6.51087,25.0,162.77,94.43,0.5801,partially_compliant,68.34
INV517714,2024-05-04,2024 Q2,690,Importer,Small,336,Cafe,Coffee_Beans,7.586302,25.0,189.66,74.21,0.3913,partially_compliant,115.45
INV522059,2024-05-04,2024 Q2,690,Importer,Small,341,Cafe,Coffee_Beans,8.171674,25.0,204.29,79.93,0.3913,partially_compliant,124.36
INV522928,2024-05-04,2024 Q2,686,Importer,Small,342,Cafe,Coffee_Beans,5.154485,25.0,128.86,79.23,0.6149,partially_compliant,49.63
INV523797,2024-05-04,2024 Q2,690,Importer,Small,343,Cafe,Coffee_Beans,14.331983,25.0,358.3,140.19,0.3913,partially_compliant,218.11
INV532487,2024-05-04,2024 Q2,686,Importer,Small,353,Cafe,Coffee_Beans,14.40539,25.0,360.13,221.44,0.6149,partially_compliant,138.7
INV534225,2024-05-04,2024 Q2,678,Importer,Medium,355,Cafe,Coffee_Beans,21.055083,25.0,526.38,305.37,0.5801,partially_compliant,221.0
INV536832,2024-05-04,2024 Q2,679,Importer,Large,358,Cafe,Coffee_Beans,7.428841,25.0,185.72,105.05,0.5657,partially_compliant,80.67
INV542269,2024-05-04,2024 Q2,673,Importer,Medium,365,Fine_Dine_Meat,Beer,32.958888,3.0,98.88,98.88,1.0,compliant,0.0
INV544480,2024-05-04,2024 Q2,692,Importer,Large,369,Fine_Dine_Meat,Wine,18.662833,10.67,199.13,144.27,0.7245,partially_compliant,54.86
INV547245,2024-05-04,2024 Q2,675,Importer,Small,374,Fine_Dine_Meat,Wine,22.447446,10.67,239.51,237.29,0.9907,compliant,2.22
INV547246,2024-05-04,2024 Q2,683,Importer,Small,374,Fine_Dine_Meat,Beer,33.671168,3.0,101.01,100.07,0.9906,compliant,0.95
INV549458,2024-05-04,2024 Q2,679,Importer,Large,378,Fine_Dine_Meat,Beer,25.545383,3.0,76.64,43.35,0.5657,partially_compliant,33.29
INV550010,2024-05-04,2024 Q2,686,Importer,Small,379,Fine_Dine_Meat,Wine,44.533821,10.67,475.18,292.17,0.6149,partially_compliant,183.0
INV551669,2024-05-04,2024 Q2,677,Importer,Small,382,Fine_Dine_Meat,Wine,10.768639,10.67,114.9,114.9,1.0,compliant,0.0
INV552775,2024-05-04,2024 Q2,682,Importer,Small,384,Fine_Dine_Meat,Wine,18.615885,10.67,198.63,122.13,0.6149,partially_compliant,76.5
INV552776,2024-05-04,2024 Q2,680,Importer,Medium,384,Fine_Dine_Meat,Beer,27.923827,3.0,83.77,83.54,0.9972,compliant,0.23
INV554987,2024-05-04,2024 Q2,686,Importer,Small,388,Fine_Dine_Meat,Wine,18.29166,10.67,195.17,120.01,0.6149,partially_compliant,75.17
INV554988,2024-05-04,2024 Q2,680,Importer,Medium,388,Fine_Dine_Meat,Beer,27.437491,3.0,82.31,82.08,0.9972,compliant,0.23
INV555540,2024-05-04,2024 Q2,680,Importer,Medium,389,Fine_Dine_Meat,Wine,21.653793,10.67,231.05,230.41,0.9972,compliant,0.64
INV556646,2024-05-04,2024 Q2,692,Importer,Large,391,Fine_Dine_Meat,Wine,24.606277,10.67,262.55,190.22,0.7245,partially_compliant,72.33
INV557200,2024-05-04,2024 Q2,692,Importer,Large,392,Fine_Dine_Meat,Beer,32.992058,3.0,98.98,71.71,0.7245,partially_compliant,27.27
INV558305,2024-05-04,2024 Q2,679,Importer,Large,394,Fine_Dine_Meat,Wine,31.953879,10.67,340.95,192.86,0.5657,partially_compliant,148.09
INV558858,2024-05-04,2024 Q2,686,Importer,Small,395,Fine_Dine_Meat,Wine,39.824645,10.67,424.93,261.28,0.6149,partially_compliant,163.65
INV559412,2024-05-04,2024 Q2,685,Importer,Small,396,Fine_Dine_Meat,Beer,69.242549,3.0,207.73,203.52,0.9797,compliant,4.21
INV559965,2024-05-04,2024 Q2,675,Importer,Small,397,Fine_Dine_Meat,Beer,18.397532,3.0,55.19,54.68,0.9907,compliant,0.51
INV561070,2024-05-04,2024 Q2,673,Importer,Medium,399,Fine_Dine_Meat,Wine,36.600231,10.67,390.52,390.52,1.0,compliant,0.0
INV566047,2024-05-04,2024 Q2,681,Importer,Small,408,Fine_Dine_Meat,Wine,39.862421,10.67,425.33,0.0,0.0,non_compliant,425.33
INV567706,2024-05-04,2024 Q2,673,Importer,Medium,411,Fine_Dine_Meat,Wine,18.887673,10.67,201.53,201.53,1.0,compliant,0.0
INV567707,2024-05-04,2024 Q2,673,Importer,Medium,411,Fine_Dine_Meat,Beer,28.33151,3.0,84.99,84.99,1.0,compliant,0.0
INV568259,2024-05-04,2024 Q2,680,Importer,Medium,412,Fine_Dine_Meat,Wine,40.534557,10.67,432.5,431.31,0.9972,compliant,1.2
INV569365,2024-05-04,2024 Q2,689,Importer,Small,414,Fine_Dine_Meat,Wine,36.321567,10.67,387.55,387.55,1.0,compliant,0.0
INV570471,2024-05-04,2024 Q2,680,Importer,Medium,416,Fine_Dine_Meat,Wine,23.082867,10.67,246.29,245.61,0.9972,compliant,0.68
INV571577,2024-05-04,2024 Q2,675,Importer,Small,418,Fine_Dine_Meat,Wine,41.332208,10.67,441.01,436.93,0.9907,compliant,4.09
INV573789,2024-05-04,2024 Q2,673,Importer,Medium,422,Fine_Dine_Meat,Wine,23.274241,10.67,248.34,248.34,1.0,compliant,0.0
INV576554,2024-05-04,2024 Q2,678,Importer,Medium,427,Fine_Dine_Meat,Wine,22.243093,10.67,237.33,137.69,0.5801,partially_compliant,99.65
INV577107,2024-05-04,2024 Q2,689,Importer,Small,428,Fine_Dine_Meat,Wine,16.617246,10.67,177.31,177.31,1.0,compliant,0.0
INV578213,2024-05-04,2024 Q2,685,Importer,Small,430,Fine_Dine_Meat,Wine,44.699072,10.67,476.94,467.28,0.9797,compliant,9.66
INV578766,2024-05-04,2024 Q2,692,Importer,Large,431,Fine_Dine_Meat,Wine,21.14256,10.67,225.59,163.44,0.7245,partially_compliant,62.15
INV579319,2024-05-04,2024 Q2,673,Importer,Medium,432,Fine_Dine_Meat,Wine,43.324661,10.67,462.27,462.27,1.0,compliant,0.0
INV579873,2024-05-04,2024 Q2,679,Importer,Large,433,Fine_Dine_Meat,Beer,14.841317,3.0,44.52,25.19,0.5657,partially_compliant,19.34
INV580426,2024-05-04,2024 Q2,692,Importer,Large,434,Fine_Dine_Meat,Beer,27.258749,3.0,81.78,59.25,0.7245,partially_compliant,22.53
INV580979,2024-05-04,2024 Q2,687,Importer,Medium,435,Fine_Dine_Meat,Beer,45.490936,3.0,136.47,95.14,0.6971,partially_compliant,41.33
INV583743,2024-05-04,2024 Q2,679,Importer,Large,440,Fine_Dine_Meat,Wine,20.866873,10.67,222.65,125.94,0.5657,partially_compliant,96.71
INV583744,2024-05-04,2024 Q2,692,Importer,Large,440,Fine_Dine_Meat,Beer,31.300309,3.0,93.9,68.03,0.7245,partially_compliant,25.87
INV587614,2024-05-04,2024 Q2,686,Importer,Small,447,Fine_Dine_Vegetarian,Wine,29.063421,10.67,310.11,190.68,0.6149,partially_compliant,119.43
INV588167,2024-05-04,2024 Q2,679,Importer,Large,448,Fine_Dine_Vegetarian,Wine,53.60801,10.67,572.0,323.55,0.5657,partially_compliant,248.44
INV588720,2024-05-04,2024 Q2,692,Importer,Large,449,Fine_Dine_Vegetarian,Wine,78.544265,10.67,838.07,607.19,0.7245,partially_compliant,230.88
INV589273,2024-05-04,2024 Q2,680,Importer,Medium,450,Fine_Dine_Vegetarian,Wine,77.019187,10.67,821.79,819.52,0.9972,compliant,2.27
INV590932,2024-05-04,2024 Q2,682,Importer,Small,453,Fine_Dine_Vegetarian,Wine,52.067003,10.67,555.55,341.6,0.6149,partially_compliant,213.96
INV592591,2024-05-04,2024 Q2,675,Importer,Small,456,Fine_Dine_Vegetarian,Wine,22.273575,10.67,237.66,235.46,0.9907,compliant,2.2
INV594250,2024-05-04,2024 Q2,673,Importer,Medium,459,Fine_Dine_Vegetarian,Wine,25.322572,10.67,270.19,270.19,1.0,compliant,0.0
INV595909,2024-05-04,2024 Q2,673,Importer,Medium,462,Fine_Dine_Vegetarian,Wine,19.975894,10.67,213.14,213.14,1.0,compliant,0.0
INV596462,2024-05-04,2024 Q2,690,Importer,Small,463,Fine_Dine_Vegetarian,Wine,46.364779,10.67,494.71,193.56,0.3913,partially_compliant,301.15
INV597015,2024-05-04,2024 Q2,677,Importer,Small,464,Fine_Dine_Vegetarian,Wine,25.791872,10.67,275.2,275.2,1.0,compliant,0.0
INV599780,2024-05-04,2024 Q2,682,Importer,Small,469,Fine_Dine_Vegetarian,Wine,20.397069,10.67,217.64,133.82,0.6149,partially_compliant,83.82
INV601439,2024-05-04,2024 Q2,689,Importer,Small,472,Fine_Dine_Vegetarian,Wine,22.152349,10.67,236.37,236.37,1.0,compliant,0.0
INV603651,2024-05-04,2024 Q2,692,Importer,Large,476,Fine_Dine_Vegetarian,Wine,24.147982,10.67,257.66,186.68,0.7245,partially_compliant,70.98
INV605310,2024-05-04,2024 Q2,673,Importer,Medium,479,Fine_Dine_Vegetarian,Wine,12.087087,10.67,128.97,128.97,1.0,compliant,0.0
INV607522,2024-05-04,2024 Q2,675,Importer,Small,483,Fine_Dine_Vegetarian,Wine,39.900099,10.67,425.73,421.79,0.9907,compliant,3.95
INV609181,2024-05-04,2024 Q2,692,Importer,Large,486,Fine_Dine_Vegetarian,Wine,40.648701,10.67,433.72,314.23,0.7245,partially_compliant,119.49
INV613605,2024-05-04,2024 Q2,686,Importer,Small,494,Fine_Dine_Vegetarian,Wine,13.099144,10.67,139.77,85.94,0.6149,partially_compliant,53.83
INV616923,2024-05-04,2024 Q2,673,Importer,Medium,500,Fine_Dine_Vegetarian,Wine,27.951621,10.67,298.24,298.24,1.0,compliant,0.0
INV402148,2024-05-11,2024 Q2,692,Importer,Large,203,Cafe,Coffee_Beans,27.935877,25.0,698.4,505.99,0.7245,partially_compliant,192.4
INV403886,2024-05-11,2024 Q2,680,Importer,Medium,205,Cafe,Coffee_Beans,5.80828,25.0,145.21,144.81,0.9972,compliant,0.4
INV405624,2024-05-11,2024 Q2,684,Importer,Medium,207,Cafe,Coffee_Beans,6.847376,25.0,171.18,171.18,1.0,compliant,0.0
INV415183,2024-05-11,2024 Q2,677,Importer,Small,218,Cafe,Coffee_Beans,15.646822,25.0,391.17,391.17,1.0,compliant,0.0
INV420397,2024-05-11,2024 Q2,686,Importer,Small,224,Cafe,Coffee_Beans,3.935271,25.0,98.38,60.49,0.6149,partially_compliant,37.89
INV423873,2024-05-11,2024 Q2,677,Importer,Small,228,Cafe,Coffee_Beans,6.231309,25.0,155.78,155.78,1.0,compliant,0.0
INV425611,2024-05-11,2024 Q2,682,Importer,Small,230,Cafe,Coffee_Beans,6.998807,25.0,174.97,107.59,0.6149,partially_compliant,67.38
INV426480,2024-05-11,2024 Q2,681,Importer,Small,231,Cafe,Coffee_Beans,6.682592,25.0,167.06,0.0,0.0,non_compliant,167.06
INV429087,2024-05-11,2024 Q2,673,Importer,Medium,234,Cafe,Coffee_Beans,6.216307,25.0,155.41,155.41,1.0,compliant,0.0
INV429956,2024-05-11,2024 Q2,673,Importer,Medium,235,Cafe,Coffee_Beans,29.52126,25.0,738.03,738.03,1.0,compliant,0.0
INV431694,2024-05-11,2024 Q2,683,Importer,Small,237,Cafe,Coffee_Beans,15.442668,25.0,386.07,382.44,0.9906,compliant,3.62
INV437777,2024-05-11,2024 Q2,682,Importer,Small,244,Cafe,Coffee_Beans,7.618595,25.0,190.46,117.11,0.6149,partially_compliant,73.35
INV439515,2024-05-11,2024 Q2,688,Importer,Small,246,Cafe,Coffee_Beans,11.092182,25.0,277.3,277.3,1.0,compliant,0.0
INV444729,2024-05-11,2024 Q2,675,Importer,Small,252,Cafe,Coffee_Beans,7.546876,25.0,188.67,186.92,0.9907,compliant,1.75
INV448205,2024-05-11,2024 Q2,678,Importer,Medium,256,Cafe,Coffee_Beans,11.662985,25.0,291.57,169.15,0.5801,partially_compliant,122.42
INV449074,2024-05-11,2024 Q2,680,Importer,Medium,257,Cafe,Coffee_Beans,29.58968,25.0,739.74,737.7,0.9972,compliant,2.05
INV454288,2024-05-11,2024 Q2,675,Importer,Small,263,Cafe,Coffee_Beans,5.628962,25.0,140.72,139.42,0.9907,compliant,1.3
INV459502,2024-05-11,2024 Q2,677,Importer,Small,269,Cafe,Coffee_Beans,5.54077,25.0,138.52,138.52,1.0,compliant,0.0
INV463847,2024-05-11,2024 Q2,673,Importer,Medium,274,Cafe,Coffee_Beans,7.251247,25.0,181.28,181.28,1.0,compliant,0.0
INV464716,2024-05-11,2024 Q2,689,Importer,Small,275,Cafe,Coffee_Beans,7.248181,25.0,181.2,181.2,1.0,compliant,0.0
INV465585,2024-05-11,2024 Q2,692,Importer,Large,276,Cafe,Coffee_Beans,6.739544,25.0,168.49,122.07,0.7245,partially_compliant,46.42
INV469930,2024-05-11,2024 Q2,689,Importer,Small,281,Cafe,Coffee_Beans,12.270488,25.0,306.76,306.76,1.0,compliant,0.0
INV475144,2024-05-11,2024 Q2,680,Importer,Medium,287,Cafe,Coffee_Beans,11.432357,25.0,285.81,285.02,0.9972,compliant,0.79
INV477751,2024-05-11,2024 Q2,675,Importer,Small,290,Cafe,Coffee_Beans,5.67805,25.0,141.95,140.64,0.9907,compliant,1.32
INV483834,2024-05-11,2024 Q2,689,Importer,Small,297,Cafe,Coffee_Beans,12.99484,25.0,324.87,324.87,1.0,compliant,0.0
INV484703,2024-05-11,2024 Q2,674,Importer,Small,298,Cafe,Coffee_Beans,6.022044,25.0,150.55,144.79,0.9617,compliant,5.76
INV489917,2024-05-11,2024 Q2,682,Importer,Small,304,Cafe,Coffee_Beans,5.723802,25.0,143.1,87.99,0.6149,partially_compliant,55.11
INV490786,2024-05-11,2024 Q2,682,Importer,Small,305,Cafe,Coffee_Beans,5.929293,25.0,148.23,91.15,0.6149,partially_compliant,57.09
INV496000,2024-05-11,2024 Q2,680,Importer,Medium,311,Cafe,Coffee_Beans,7.084098,25.0,177.1,176.61,0.9972,compliant,0.49
INV496869,2024-05-11,2024 Q2,689,Importer,Small,312,Cafe,Coffee_Beans,7.915821,25.0,197.9,197.9,1.0,compliant,0.0
INV497738,2024-05-11,2024 Q2,682,Importer,Small,313,Cafe,Coffee_Beans,8.125178,25.0,203.13,124.9,0.6149,partially_compliant,78.23
INV502083,2024-05-11,2024 Q2,688,Importer,Small,318,Cafe,Coffee_Beans,20.298365,25.0,507.46,507.46,1.0,compliant,0.0
INV507297,2024-05-11,2024 Q2,692,Importer,Large,324,Cafe,Coffee_Beans,7.46406,25.0,186.6,135.19,0.7245,partially_compliant,51.41
INV515118,2024-05-11,2024 Q2,678,Importer,Medium,333,Cafe,Coffee_Beans,6.274128,25.0,156.85,91.0,0.5801,partially_compliant,65.86
INV517725,2024-05-11,2024 Q2,690,Importer,Small,336,Cafe,Coffee_Beans,6.581939,25.0,164.55,64.38,0.3913,partially_compliant,100.17
INV522070,2024-05-11,2024 Q2,690,Importer,Small,341,Cafe,Coffee_Beans,7.874543,25.0,196.86,77.03,0.3913,partially_compliant,119.84
INV522939,2024-05-11,2024 Q2,686,Importer,Small,342,Cafe,Coffee_Beans,4.967062,25.0,124.18,76.35,0.6149,partially_compliant,47.82
INV523808,2024-05-11,2024 Q2,690,Importer,Small,343,Cafe,Coffee_Beans,14.645425,25.0,366.14,143.26,0.3913,partially_compliant,222.88
INV532498,2024-05-11,2024 Q2,686,Importer,Small,353,Cafe,Coffee_Beans,13.881593,25.0,347.04,213.39,0.6149,partially_compliant,133.65
INV534236,2024-05-11,2024 Q2,678,Importer,Medium,355,Cafe,Coffee_Beans,20.289496,25.0,507.24,294.27,0.5801,partially_compliant,212.97
INV536843,2024-05-11,2024 Q2,679,Importer,Large,358,Cafe,Coffee_Beans,7.15872,25.0,178.97,101.23,0.5657,partially_compliant,77.73
INV542276,2024-05-11,2024 Q2,673,Importer,Medium,365,Fine_Dine_Meat,Beer,31.012476,3.0,93.04,93.04,1.0,compliant,0.0
INV544487,2024-05-11,2024 Q2,692,Importer,Large,369,Fine_Dine_Meat,Wine,17.560685,10.67,187.37,135.75,0.7245,partially_compliant,51.62
INV547252,2024-05-11,2024 Q2,675,Importer,Small,374,Fine_Dine_Meat,Wine,21.121795,10.67,225.37,223.28,0.9907,compliant,2.09
INV547253,2024-05-11,2024 Q2,683,Importer,Small,374,Fine_Dine_Meat,Beer,31.682692,3.0,95.05,94.16,0.9906,compliant,0.89
INV549465,2024-05-11,2024 Q2,679,Importer,Large,378,Fine_Dine_Meat,Beer,24.036781,3.0,72.11,40.79,0.5657,partially_compliant,31.32
INV550017,2024-05-11,2024 Q2,686,Importer,Small,379,Fine_Dine_Meat,Wine,41.903843,10.67,447.11,274.92,0.6149,partially_compliant,172.19
INV551676,2024-05-11,2024 Q2,677,Importer,Small,382,Fine_Dine_Meat,Wine,10.039736,10.67,107.12,107.12,1.0,compliant,0.0
INV552782,2024-05-11,2024 Q2,682,Importer,Small,384,Fine_Dine_Meat,Wine,17.51651,10.67,186.9,114.92,0.6149,partially_compliant,71.98
INV552783,2024-05-11,2024 Q2,680,Importer,Medium,384,Fine_Dine_Meat,Beer,26.274765,3.0,78.82,78.61,0.9972,compliant,0.22
INV554994,2024-05-11,2024 Q2,686,Importer,Small,388,Fine_Dine_Meat,Wine,18.020374,10.67,192.28,118.23,0.6149,partially_compliant,74.05
INV554995,2024-05-11,2024 Q2,680,Importer,Medium,388,Fine_Dine_Meat,Beer,27.030561,3.0,81.09,80.87,0.9972,compliant,0.22
INV555547,2024-05-11,2024 Q2,680,Importer,Medium,389,Fine_Dine_Meat,Wine,20.375012,10.67,217.4,216.8,0.9972,compliant,0.6
INV556653,2024-05-11,2024 Q2,692,Importer,Large,391,Fine_Dine_Meat,Wine,23.153135,10.67,247.04,178.99,0.7245,partially_compliant,68.06
INV557207,2024-05-11,2024 Q2,692,Importer,Large,392,Fine_Dine_Meat,Beer,28.842183,3.0,86.53,62.69,0.7245,partially_compliant,23.84
INV558312,2024-05-11,2024 Q2,679,Importer,Large,394,Fine_Dine_Meat,Wine,30.066819,10.67,320.81,181.47,0.5657,partially_compliant,139.34
INV558865,2024-05-11,2024 Q2,686,Importer,Small,395,Fine_Dine_Meat,Wine,37.472771,10.67,399.83,245.85,0.6149,partially_compliant,153.99
INV559419,2024-05-11,2024 Q2,685,Importer,Small,396,Fine_Dine_Meat,Beer,65.153378,3.0,195.46,191.5,0.9797,compliant,3.96
INV559972,2024-05-11,2024 Q2,675,Importer,Small,397,Fine_Dine_Meat,Beer,16.589504,3.0,49.77,49.31,0.9907,compliant,0.46
INV561077,2024-05-11,2024 Q2,673,Importer,Medium,399,Fine_Dine_Meat,Wine,34.438777,10.67,367.46,367.46,1.0,compliant,0.0
INV566054,2024-05-11,2024 Q2,681,Importer,Small,408,Fine_Dine_Meat,Wine,37.508316,10.67,400.21,0.0,0.0,non_compliant,400.21
INV567713,2024-05-11,2024 Q2,673,Importer,Medium,411,Fine_Dine_Meat,Wine,17.772247,10.67,189.63,189.63,1.0,compliant,0.0
INV567714,2024-05-11,2024 Q2,673,Importer,Medium,411,Fine_Dine_Meat,Beer,26.658371,3.0,79.98,79.98,1.0,compliant,0.0
INV568266,2024-05-11,2024 Q2,680,Importer,Medium,412,Fine_Dine_Meat,Wine,38.140759,10.67,406.96,405.84,0.9972,compliant,1.13
INV569372,2024-05-11,2024 Q2,689,Importer,Small,414,Fine_Dine_Meat,Wine,32.863326,10.67,350.65,350.65,1.0,compliant,0.0
INV570478,2024-05-11,2024 Q2,680,Importer,Medium,416,Fine_Dine_Meat,Wine,21.719691,10.67,231.75,231.11,0.9972,compliant,0.64
INV571584,2024-05-11,2024 Q2,675,Importer,Small,418,Fine_Dine_Meat,Wine,38.891304,10.67,414.97,411.12,0.9907,compliant,3.85
INV573796,2024-05-11,2024 Q2,673,Importer,Medium,422,Fine_Dine_Meat,Wine,21.899763,10.67,233.67,233.67,1.0,compliant,0.0
INV576561,2024-05-11,2024 Q2,678,Importer,Medium,427,Fine_Dine_Meat,Wine,20.92951,10.67,223.32,129.56,0.5801,partially_compliant,93.76
INV577114,2024-05-11,2024 Q2,689,Importer,Small,428,Fine_Dine_Meat,Wine,15.635902,10.67,166.84,166.84,1.0,compliant,0.0
INV578220,2024-05-11,2024 Q2,685,Importer,Small,430,Fine_Dine_Meat,Wine,41.368128,10.67,441.4,432.46,0.9797,compliant,8.94
INV578773,2024-05-11,2024 Q2,692,Importer,Large,431,Fine_Dine_Meat,Wine,19.893971,10.67,212.27,153.79,0.7245,partially_compliant,58.48
INV579326,2024-05-11,2024 Q2,673,Importer,Medium,432,Fine_Dine_Meat,Wine,40.766091,10.67,434.97,434.97,1.0,compliant,0.0
INV579880,2024-05-11,2024 Q2,679,Importer,Large,433,Fine_Dine_Meat,Beer,13.419799,3.0,40.26,22.77,0.5657,partially_compliant,17.49
INV580433,2024-05-11,2024 Q2,692,Importer,Large,434,Fine_Dine_Meat,Beer,25.648963,3.0,76.95,55.75,0.7245,partially_compliant,21.2
INV580986,2024-05-11,2024 Q2,687,Importer,Medium,435,Fine_Dine_Meat,Beer,47.928756,3.0,143.79,100.24,0.6971,partially_compliant,43.55
INV583750,2024-05-11,2024 Q2,679,Importer,Large,440,Fine_Dine_Meat,Wine,19.634564,10.67,209.5,118.51,0.5657,partially_compliant,91.0
INV583751,2024-05-11,2024 Q2,692,Importer,Large,440,Fine_Dine_Meat,Beer,29.451846,3.0,88.36,64.01,0.7245,partially_compliant,24.34
INV587621,2024-05-11,2024 Q2,686,Importer,Small,447,Fine_Dine_Vegetarian,Wine,27.347059,10.67,291.79,179.42,0.6149,partially_compliant,112.38
INV588174,2024-05-11,2024 Q2,679,Importer,Large,448,Fine_Dine_Vegetarian,Wine,50.442149,10.67,538.22,304.45,0.5657,partially_compliant,233.77
INV588727,2024-05-11,2024 Q2,692,Importer,Large,449,Fine_Dine_Vegetarian,Wine,72.365848,10.67,772.14,559.42,0.7245,partially_compliant,212.72
INV589280,2024-05-11,2024 Q2,680,Importer,Medium,450,Fine_Dine_Vegetarian,Wine,72.470761,10.67,773.26,771.12,0.9972,compliant,2.14
INV590939,2024-05-11,2024 Q2,682,Importer,Small,453,Fine_Dine_Vegetarian,Wine,48.992147,10.67,522.75,321.43,0.6149,partially_compliant,201.32
INV592598,2024-05-11,2024 Q2,675,Importer,Small,456,Fine_Dine_Vegetarian,Wine,20.958192,10.67,223.62,221.55,0.9907,compliant,2.07
INV594257,2024-05-11,2024 Q2,673,Importer,Medium,459,Fine_Dine_Vegetarian,Wine,23.827129,10.67,254.24,254.24,1.0,compliant,0.0
INV595916,2024-05-11,2024 Q2,673,Importer,Medium,462,Fine_Dine_Vegetarian,Wine,18.796202,10.67,200.56,200.56,1.0,compliant,0.0
INV596469,2024-05-11,2024 Q2,690,Importer,Small,463,Fine_Dine_Vegetarian,Wine,43.626672,10.67,465.5,182.13,0.3913,partially_compliant,283.37
INV597022,2024-05-11,2024 Q2,677,Importer,Small,464,Fine_Dine_Vegetarian,Wine,24.268714,10.67,258.95,258.95,1.0,compliant,0.0
INV599787,2024-05-11,2024 Q2,682,Importer,Small,469,Fine_Dine_Vegetarian,Wine,20.261857,10.67,216.19,132.93,0.6149,partially_compliant,83.26
INV601446,2024-05-11,2024 Q2,689,Importer,Small,472,Fine_Dine_Vegetarian,Wine,20.844126,10.67,222.41,222.41,1.0,compliant,0.0
INV603658,2024-05-11,2024 Q2,692,Importer,Large,476,Fine_Dine_Vegetarian,Wine,22.721905,10.67,242.44,175.65,0.7245,partially_compliant,66.79
INV605317,2024-05-11,2024 Q2,673,Importer,Medium,479,Fine_Dine_Vegetarian,Wine,11.373275,10.67,121.35,121.35,1.0,compliant,0.0
INV607529,2024-05-11,2024 Q2,675,Importer,Small,483,Fine_Dine_Vegetarian,Wine,37.922172,10.67,404.63,400.88,0.9907,compliant,3.75
INV609188,2024-05-11,2024 Q2,692,Importer,Large,486,Fine_Dine_Vegetarian,Wine,38.248162,10.67,408.11,295.68,0.7245,partially_compliant,112.43
INV613612,2024-05-11,2024 Q2,686,Importer,Small,494,Fine_Dine_Vegetarian,Wine,12.713411,10.67,135.65,83.41,0.6149,partially_compliant,52.24
INV616930,2024-05-11,2024 Q2,673,Importer,Medium,500,Fine_Dine_Vegetarian,Wine,26.300918,10.67,280.63,280.63,1.0,compliant,0.0
INV402159,2024-05-18,2024 Q2,692,Importer,Large,203,Cafe,Coffee_Beans,28.332077,25.0,708.3,513.17,0.7245,partially_compliant,195.13
INV403897,2024-05-18,2024 Q2,680,Importer,Medium,205,Cafe,Coffee_Beans,5.890656,25.0,147.27,146.86,0.9972,compliant,0.41
INV405635,2024-05-18,2024 Q2,684,Importer,Medium,207,Cafe,Coffee_Beans,6.944489,25.0,173.61,173.61,1.0,compliant,0.0
INV415194,2024-05-18,2024 Q2,677,Importer,Small,218,Cafe,Coffee_Beans,15.868733,25.0,396.72,396.72,1.0,compliant,0.0
INV420408,2024-05-18,2024 Q2,686,Importer,Small,224,Cafe,Coffee_Beans,3.991083,25.0,99.78,61.35,0.6149,partially_compliant,38.43
INV423884,2024-05-18,2024 Q2,677,Importer,Small,228,Cafe,Coffee_Beans,6.319685,25.0,157.99,157.99,1.0,compliant,0.0
INV425622,2024-05-18,2024 Q2,682,Importer,Small,230,Cafe,Coffee_Beans,7.098067,25.0,177.45,109.11,0.6149,partially_compliant,68.34
INV426491,2024-05-18,2024 Q2,681,Importer,Small,231,Cafe,Coffee_Beans,6.777368,25.0,169.43,0.0,0.0,non_compliant,169.43
INV429098,2024-05-18,2024 Q2,673,Importer,Medium,234,Cafe,Coffee_Beans,6.30447,25.0,157.61,157.61,1.0,compliant,0.0
INV429967,2024-05-18,2024 Q2,673,Importer,Medium,235,Cafe,Coffee_Beans,29.939945,25.0,748.5,748.5,1.0,compliant,0.0
INV431705,2024-05-18,2024 Q2,683,Importer,Small,237,Cafe,Coffee_Beans,15.661684,25.0,391.54,387.87,0.9906,compliant,3.68
INV437788,2024-05-18,2024 Q2,682,Importer,Small,244,Cafe,Coffee_Beans,7.726646,25.0,193.17,118.77,0.6149,partially_compliant,74.39
INV439526,2024-05-18,2024 Q2,688,Importer,Small,246,Cafe,Coffee_Beans,11.566022,25.0,289.15,289.15,1.0,compliant,0.0
INV444740,2024-05-18,2024 Q2,675,Importer,Small,252,Cafe,Coffee_Beans,7.653909,25.0,191.35,189.57,0.9907,compliant,1.77
INV448216,2024-05-18,2024 Q2,678,Importer,Medium,256,Cafe,Coffee_Beans,11.828395,25.0,295.71,171.55,0.5801,partially_compliant,124.16
INV449085,2024-05-18,2024 Q2,680,Importer,Medium,257,Cafe,Coffee_Beans,30.009335,25.0,750.23,748.16,0.9972,compliant,2.07
INV454299,2024-05-18,2024 Q2,675,Importer,Small,263,Cafe,Coffee_Beans,5.708795,25.0,142.72,141.4,0.9907,compliant,1.32
INV459513,2024-05-18,2024 Q2,677,Importer,Small,269,Cafe,Coffee_Beans,5.619352,25.0,140.48,140.48,1.0,compliant,0.0
INV463858,2024-05-18,2024 Q2,673,Importer,Medium,274,Cafe,Coffee_Beans,7.354088,25.0,183.85,183.85,1.0,compliant,0.0
INV464727,2024-05-18,2024 Q2,689,Importer,Small,275,Cafe,Coffee_Beans,7.350978,25.0,183.77,183.77,1.0,compliant,0.0
INV465596,2024-05-18,2024 Q2,692,Importer,Large,276,Cafe,Coffee_Beans,6.835127,25.0,170.88,123.8,0.7245,partially_compliant,47.08
INV469941,2024-05-18,2024 Q2,689,Importer,Small,281,Cafe,Coffee_Beans,12.444514,25.0,311.11,311.11,1.0,compliant,0.0
INV475155,2024-05-18,2024 Q2,680,Importer,Medium,287,Cafe,Coffee_Beans,12.202972,25.0,305.07,304.23,0.9972,compliant,0.84
INV477762,2024-05-18,2024 Q2,675,Importer,Small,290,Cafe,Coffee_Beans,5.758579,25.0,143.96,142.63,0.9907,compliant,1.33
INV483845,2024-05-18,2024 Q2,689,Importer,Small,297,Cafe,Coffee_Beans,13.475222,25.0,336.88,336.88,1.0,compliant,0.0
INV484714,2024-05-18,2024 Q2,674,Importer,Small,298,Cafe,Coffee_Beans,6.107451,25.0,152.69,146.84,0.9617,compliant,5.84
INV489928,2024-05-18,2024 Q2,682,Importer,Small,304,Cafe,Coffee_Beans,5.80498,25.0,145.12,89.23,0.6149,partially_compliant,55.89
INV490797,2024-05-18,2024 Q2,682,Importer,Small,305,Cafe,Coffee_Beans,5.879151,25.0,146.98,90.37,0.6149,partially_compliant,56.6
INV496011,2024-05-18,2024 Q2,680,Importer,Medium,311,Cafe,Coffee_Beans,7.184568,25.0,179.61,179.12,0.9972,compliant,0.5
INV496880,2024-05-18,2024 Q2,689,Importer,Small,312,Cafe,Coffee_Beans,8.028087,25.0,200.7,200.7,1.0,compliant,0.0
INV497749,2024-05-18,2024 Q2,682,Importer,Small,313,Cafe,Coffee_Beans,8.342017,25.0,208.55,128.23,0.6149,partially_compliant,80.32
INV502094,2024-05-18,2024 Q2,688,Importer,Small,318,Cafe,Coffee_Beans,22.335114,25.0,558.38,558.38,1.0,compliant,0.0
INV507308,2024-05-18,2024 Q2,692,Importer,Large,324,Cafe,Coffee_Beans,7.569919,25.0,189.25,137.11,0.7245,partially_compliant,52.14
INV515129,2024-05-18,2024 Q2,678,Importer,Medium,333,Cafe,Coffee_Beans,6.36311,25.0,159.08,92.29,0.5801,partially_compliant,66.79
INV517736,2024-05-18,2024 Q2,690,Importer,Small,336,Cafe,Coffee_Beans,6.121524,25.0,153.04,59.88,0.3913,partially_compliant,93.16
INV522081,2024-05-18,2024 Q2,690,Importer,Small,341,Cafe,Coffee_Beans,7.986223,25.0,199.66,78.12,0.3913,partially_compliant,121.54
INV522950,2024-05-18,2024 Q2,686,Importer,Small,342,Cafe,Coffee_Beans,5.037508,25.0,125.94,77.44,0.6149,partially_compliant,48.5
INV523819,2024-05-18,2024 Q2,690,Importer,Small,343,Cafe,Coffee_Beans,15.477628,25.0,386.94,151.4,0.3913,partially_compliant,235.55
INV532509,2024-05-18,2024 Q2,686,Importer,Small,353,Cafe,Coffee_Beans,14.078469,25.0,351.96,216.41,0.6149,partially_compliant,135.55
INV534247,2024-05-18,2024 Q2,678,Importer,Medium,355,Cafe,Coffee_Beans,20.577251,25.0,514.43,298.44,0.5801,partially_compliant,215.99
INV536854,2024-05-18,2024 Q2,679,Importer,Large,358,Cafe,Coffee_Beans,7.260249,25.0,181.51,102.67,0.5657,partially_compliant,78.84
INV542283,2024-05-18,2024 Q2,673,Importer,Medium,365,Fine_Dine_Meat,Beer,31.536072,3.0,94.61,94.61,1.0,compliant,0.0
INV544494,2024-05-18,2024 Q2,692,Importer,Large,369,Fine_Dine_Meat,Wine,17.857169,10.67,190.54,138.04,0.7245,partially_compliant,52.49
INV547259,2024-05-18,2024 Q2,675,Importer,Small,374,Fine_Dine_Meat,Wine,21.478403,10.67,229.17,227.05,0.9907,compliant,2.12
INV547260,2024-05-18,2024 Q2,683,Importer,Small,374,Fine_Dine_Meat,Beer,32.217604,3.0,96.65,95.75,0.9906,compliant,0.91
INV549472,2024-05-18,2024 Q2,679,Importer,Large,378,Fine_Dine_Meat,Beer,24.442604,3.0,73.33,41.48,0.5657,partially_compliant,31.85
INV550024,2024-05-18,2024 Q2,686,Importer,Small,379,Fine_Dine_Meat,Wine,42.611322,10.67,454.66,279.56,0.6149,partially_compliant,175.1
INV551683,2024-05-18,2024 Q2,677,Importer,Small,382,Fine_Dine_Meat,Wine,10.209241,10.67,108.93,108.93,1.0,compliant,0.0
INV552789,2024-05-18,2024 Q2,682,Importer,Small,384,Fine_Dine_Meat,Wine,17.812248,10.67,190.06,116.86,0.6149,partially_compliant,73.19
INV552790,2024-05-18,2024 Q2,680,Importer,Medium,384,Fine_Dine_Meat,Beer,26.718372,3.0,80.16,79.93,0.9972,compliant,0.22
INV555001,2024-05-18,2024 Q2,686,Importer,Small,388,Fine_Dine_Meat,Wine,18.999224,10.67,202.72,124.65,0.6149,partially_compliant,78.07
INV555002,2024-05-18,2024 Q2,680,Importer,Medium,388,Fine_Dine_Meat,Beer,28.498837,3.0,85.5,85.26,0.9972,compliant,0.24
INV555554,2024-05-18,2024 Q2,680,Importer,Medium,389,Fine_Dine_Meat,Wine,20.719012,10.67,221.07,220.46,0.9972,compliant,0.61
INV556660,2024-05-18,2024 Q2,692,Importer,Large,391,Fine_Dine_Meat,Wine,23.544039,10.67,251.21,182.01,0.7245,partially_compliant,69.21
INV557214,2024-05-18,2024 Q2,692,Importer,Large,392,Fine_Dine_Meat,Beer,27.690259,3.0,83.07,60.19,0.7245,partially_compliant,22.89
INV558319,2024-05-18,2024 Q2,679,Importer,Large,394,Fine_Dine_Meat,Wine,30.574449,10.67,326.23,184.53,0.5657,partially_compliant,141.7
INV558872,2024-05-18,2024 Q2,686,Importer,Small,395,Fine_Dine_Meat,Wine,38.105439,10.67,406.59,250.0,0.6149,partially_compliant,156.59
INV559426,2024-05-18,2024 Q2,685,Importer,Small,396,Fine_Dine_Meat,Beer,66.253389,3.0,198.76,194.73,0.9797,compliant,4.03
INV559979,2024-05-18,2024 Q2,675,Importer,Small,397,Fine_Dine_Meat,Beer,16.869592,3.0,50.61,50.14,0.9907,compliant,0.47
INV561084,2024-05-18,2024 Q2,673,Importer,Medium,399,Fine_Dine_Meat,Wine,35.020221,10.67,373.67,373.67,1.0,compliant,0.0
INV566061,2024-05-18,2024 Q2,681,Importer,Small,408,Fine_Dine_Meat,Wine,38.141584,10.67,406.97,0.0,0.0,non_compliant,406.97
INV567720,2024-05-18,2024 Q2,673,Importer,Medium,411,Fine_Dine_Meat,Wine,18.072303,10.67,192.83,192.83,1.0,compliant,0.0
INV567721,2024-05-18,2024 Q2,673,Importer,Medium,411,Fine_Dine_Meat,Beer,27.108455,3.0,81.33,81.33,1.0,compliant,0.0
INV568273,2024-05-18,2024 Q2,680,Importer,Medium,412,Fine_Dine_Meat,Wine,38.784705,10.67,413.83,412.69,0.9972,compliant,1.14
INV569379,2024-05-18,2024 Q2,689,Importer,Small,414,Fine_Dine_Meat,Wine,32.289884,10.67,344.53,344.53,1.0,compliant,0.0
INV570485,2024-05-18,2024 Q2,680,Importer,Medium,416,Fine_Dine_Meat,Wine,22.086393,10.67,235.66,235.01,0.9972,compliant,0.65
INV571591,2024-05-18,2024 Q2,675,Importer,Small,418,Fine_Dine_Meat,Wine,39.547921,10.67,421.98,418.07,0.9907,compliant,3.91
INV573803,2024-05-18,2024 Q2,673,Importer,Medium,422,Fine_Dine_Meat,Wine,22.269506,10.67,237.62,237.62,1.0,compliant,0.0
INV576568,2024-05-18,2024 Q2,678,Importer,Medium,427,Fine_Dine_Meat,Wine,21.282872,10.67,227.09,131.74,0.5801,partially_compliant,95.35
INV577121,2024-05-18,2024 Q2,689,Importer,Small,428,Fine_Dine_Meat,Wine,15.899889,10.67,169.65,169.65,1.0,compliant,0.0
INV578227,2024-05-18,2024 Q2,685,Importer,Small,430,Fine_Dine_Meat,Wine,41.471321,10.67,442.5,433.54,0.9797,compliant,8.96
INV578780,2024-05-18,2024 Q2,692,Importer,Large,431,Fine_Dine_Meat,Wine,20.229849,10.67,215.85,156.39,0.7245,partially_compliant,59.47
INV579333,2024-05-18,2024 Q2,673,Importer,Medium,432,Fine_Dine_Meat,Wine,41.454361,10.67,442.32,442.32,1.0,compliant,0.0
INV579887,2024-05-18,2024 Q2,679,Importer,Large,433,Fine_Dine_Meat,Beer,13.646371,3.0,40.94,23.16,0.5657,partially_compliant,17.78
INV580440,2024-05-18,2024 Q2,692,Importer,Large,434,Fine_Dine_Meat,Beer,26.082005,3.0,78.25,56.69,0.7245,partially_compliant,21.56
INV580993,2024-05-18,2024 Q2,687,Importer,Medium,435,Fine_Dine_Meat,Beer,52.416474,3.0,157.25,109.62,0.6971,partially_compliant,47.63
INV583757,2024-05-18,2024 Q2,679,Importer,Large,440,Fine_Dine_Meat,Wine,19.966062,10.67,213.04,120.51,0.5657,partially_compliant,92.53
INV583758,2024-05-18,2024 Q2,692,Importer,Large,440,Fine_Dine_Meat,Beer,29.949093,3.0,89.85,65.09,0.7245,partially_compliant,24.75
INV587628,2024-05-18,2024 Q2,686,Importer,Small,447,Fine_Dine_Vegetarian,Wine,27.80877,10.67,296.72,182.45,0.6149,partially_compliant,114.27
INV588181,2024-05-18,2024 Q2,679,Importer,Large,448,Fine_Dine_Vegetarian,Wine,51.293784,10.67,547.3,309.59,0.5657,partially_compliant,237.72
INV588734,2024-05-18,2024 Q2,692,Importer,Large,449,Fine_Dine_Vegetarian,Wine,72.371124,10.67,772.2,559.46,0.7245,partially_compliant,212.74
INV589287,2024-05-18,2024 Q2,680,Importer,Medium,450,Fine_Dine_Vegetarian,Wine,73.694314,10.67,786.32,784.14,0.9972,compliant,2.17
INV590946,2024-05-18,2024 Q2,682,Importer,Small,453,Fine_Dine_Vegetarian,Wine,49.819302,10.67,531.57,326.85,0.6149,partially_compliant,204.72
INV592605,2024-05-18,2024 Q2,675,Importer,Small,456,Fine_Dine_Vegetarian,Wine,21.312038,10.67,227.4,225.29,0.9907,compliant,2.11
INV594264,2024-05-18,2024 Q2,673,Importer,Medium,459,Fine_Dine_Vegetarian,Wine,24.229412,10.67,258.53,258.53,1.0,compliant,0.0
INV595923,2024-05-18,2024 Q2,673,Importer,Medium,462,Fine_Dine_Vegetarian,Wine,19.113546,10.67,203.94,203.94,1.0,compliant,0.0
INV596476,2024-05-18,2024 Q2,690,Importer,Small,463,Fine_Dine_Vegetarian,Wine,44.363239,10.67,473.36,185.21,0.3913,partially_compliant,288.15
INV597029,2024-05-18,2024 Q2,677,Importer,Small,464,Fine_Dine_Vegetarian,Wine,24.678453,10.67,263.32,263.32,1.0,compliant,0.0
INV599794,2024-05-18,2024 Q2,682,Importer,Small,469,Fine_Dine_Vegetarian,Wine,21.531725,10.67,229.74,141.26,0.6149,partially_compliant,88.48
INV601453,2024-05-18,2024 Q2,689,Importer,Small,472,Fine_Dine_Vegetarian,Wine,21.196046,10.67,226.16,226.16,1.0,compliant,0.0
INV603665,2024-05-18,2024 Q2,692,Importer,Large,476,Fine_Dine_Vegetarian,Wine,23.105528,10.67,246.54,178.62,0.7245,partially_compliant,67.92
INV605324,2024-05-18,2024 Q2,673,Importer,Medium,479,Fine_Dine_Vegetarian,Wine,11.565295,10.67,123.4,123.4,1.0,compliant,0.0
INV607536,2024-05-18,2024 Q2,675,Importer,Small,483,Fine_Dine_Vegetarian,Wine,38.562427,10.67,411.46,407.65,0.9907,compliant,3.81
INV609195,2024-05-18,2024 Q2,692,Importer,Large,486,Fine_Dine_Vegetarian,Wine,38.893921,10.67,415.0,300.67,0.7245,partially_compliant,114.33
INV613619,2024-05-18,2024 Q2,686,Importer,Small,494,Fine_Dine_Vegetarian,Wine,14.258542,10.67,152.14,93.55,0.6149,partially_compliant,58.59
INV616937,2024-05-18,2024 Q2,673,Importer,Medium,500,Fine_Dine_Vegetarian,Wine,26.744967,10.67,285.37,285.37,1.0,compliant,0.0
INV402170,2024-05-25,2024 Q2,692,Importer,Large,203,Cafe,Coffee_Beans,29.934496,25.0,748.36,542.19,0.7245,partially_compliant,206.17
INV403908,2024-05-25,2024 Q2,680,Importer,Medium,205,Cafe,Coffee_Beans,6.223822,25.0,155.6,155.17,0.9972,compliant,0.43
INV405646,2024-05-25,2024 Q2,684,Importer,Medium,207,Cafe,Coffee_Beans,7.337259,25.0,183.43,183.43,1.0,compliant,0.0
INV415205,2024-05-25,2024 Q2,677,Importer,Small,218,Cafe,Coffee_Beans,16.766244,25.0,419.16,419.16,1.0,compliant,0.0
INV420419,2024-05-25,2024 Q2,686,Importer,Small,224,Cafe,Coffee_Beans,4.216812,25.0,105.42,64.82,0.6149,partially_compliant,40.6
INV423895,2024-05-25,2024 Q2,677,Importer,Small,228,Cafe,Coffee_Beans,6.677117,25.0,166.93,166.93,1.0,compliant,0.0
INV425633,2024-05-25,2024 Q2,682,Importer,Small,230,Cafe,Coffee_Beans,7.499523,25.0,187.49,115.28,0.6149,partially_compliant,72.21
INV426502,2024-05-25,2024 Q2,681,Importer,Small,231,Cafe,Coffee_Beans,7.160686,25.0,179.02,0.0,0.0,non_compliant,179.02
INV429109,2024-05-25,2024 Q2,673,Importer,Medium,234,Cafe,Coffee_Beans,6.661041,25.0,166.53,166.53,1.0,compliant,0.0
INV429978,2024-05-25,2024 Q2,673,Importer,Medium,235,Cafe,Coffee_Beans,31.633303,25.0,790.83,790.83,1.0,compliant,0.0
INV431716,2024-05-25,2024 Q2,683,Importer,Small,237,Cafe,Coffee_Beans,16.547485,25.0,413.69,409.8,0.9906,compliant,3.88
INV437799,2024-05-25,2024 Q2,682,Importer,Small,244,Cafe,Coffee_Beans,8.163653,25.0,204.09,125.49,0.6149,partially_compliant,78.6
INV439537,2024-05-25,2024 Q2,688,Importer,Small,246,Cafe,Coffee_Beans,12.507238,25.0,312.68,312.68,1.0,compliant,0.0
INV444751,2024-05-25,2024 Q2,675,Importer,Small,252,Cafe,Coffee_Beans,8.086803,25.0,202.17,200.3,0.9907,compliant,1.87
INV448227,2024-05-25,2024 Q2,678,Importer,Medium,256,Cafe,Coffee_Beans,12.497392,25.0,312.43,181.26,0.5801,partially_compliant,131.18
INV449096,2024-05-25,2024 Q2,680,Importer,Medium,257,Cafe,Coffee_Beans,31.706618,25.0,792.67,790.47,0.9972,compliant,2.19
INV454310,2024-05-25,2024 Q2,675,Importer,Small,263,Cafe,Coffee_Beans,6.031676,25.0,150.79,149.39,0.9907,compliant,1.4
INV459524,2024-05-25,2024 Q2,677,Importer,Small,269,Cafe,Coffee_Beans,5.937174,25.0,148.43,148.43,1.0,compliant,0.0
INV463869,2024-05-25,2024 Q2,673,Importer,Medium,274,Cafe,Coffee_Beans,7.770024,25.0,194.25,194.25,1.0,compliant,0.0
INV464738,2024-05-25,2024 Q2,689,Importer,Small,275,Cafe,Coffee_Beans,7.766738,25.0,194.17,194.17,1.0,compliant,0.0
INV465607,2024-05-25,2024 Q2,692,Importer,Large,276,Cafe,Coffee_Beans,7.221712,25.0,180.54,130.8,0.7245,partially_compliant,49.74
INV469952,2024-05-25,2024 Q2,689,Importer,Small,281,Cafe,Coffee_Beans,13.148357,25.0,328.71,328.71,1.0,compliant,0.0
INV475166,2024-05-25,2024 Q2,680,Importer,Medium,287,Cafe,Coffee_Beans,12.893154,25.0,322.33,321.44,0.9972,compliant,0.89
INV477773,2024-05-25,2024 Q2,675,Importer,Small,290,Cafe,Coffee_Beans,6.084275,25.0,152.11,150.7,0.9907,compliant,1.41
INV483856,2024-05-25,2024 Q2,689,Importer,Small,297,Cafe,Coffee_Beans,14.454559,25.0,361.36,361.36,1.0,compliant,0.0
INV484725,2024-05-25,2024 Q2,674,Importer,Small,298,Cafe,Coffee_Beans,6.452879,25.0,161.32,155.15,0.9617,compliant,6.17
INV489939,2024-05-25,2024 Q2,682,Importer,Small,304,Cafe,Coffee_Beans,6.133301,25.0,153.33,94.28,0.6149,partially_compliant,59.05
INV490808,2024-05-25,2024 Q2,682,Importer,Small,305,Cafe,Coffee_Beans,6.092604,25.0,152.32,93.66,0.6149,partially_compliant,58.66
INV496022,2024-05-25,2024 Q2,680,Importer,Medium,311,Cafe,Coffee_Beans,7.590917,25.0,189.77,189.25,0.9972,compliant,0.52
INV496891,2024-05-25,2024 Q2,689,Importer,Small,312,Cafe,Coffee_Beans,8.482143,25.0,212.05,212.05,1.0,compliant,0.0
INV497760,2024-05-25,2024 Q2,682,Importer,Small,313,Cafe,Coffee_Beans,8.900916,25.0,222.52,136.82,0.6149,partially_compliant,85.7
INV502105,2024-05-25,2024 Q2,688,Importer,Small,318,Cafe,Coffee_Beans,24.995809,25.0,624.9,624.9,1.0,compliant,0.0
INV507319,2024-05-25,2024 Q2,692,Importer,Large,324,Cafe,Coffee_Beans,7.998062,25.0,199.95,144.87,0.7245,partially_compliant,55.09
INV515140,2024-05-25,2024 Q2,678,Importer,Medium,333,Cafe,Coffee_Beans,6.722998,25.0,168.07,97.51,0.5801,partially_compliant,70.57
INV517747,2024-05-25,2024 Q2,690,Importer,Small,336,Cafe,Coffee_Beans,6.029786,25.0,150.74,58.98,0.3913,partially_compliant,91.76
INV522092,2024-05-25,2024 Q2,690,Importer,Small,341,Cafe,Coffee_Beans,8.437912,25.0,210.95,82.54,0.3913,partially_compliant,128.41
INV522961,2024-05-25,2024 Q2,686,Importer,Small,342,Cafe,Coffee_Beans,5.322421,25.0,133.06,81.82,0.6149,partially_compliant,51.24
INV523830,2024-05-25,2024 Q2,690,Importer,Small,343,Cafe,Coffee_Beans,16.839255,25.0,420.98,164.71,0.3913,partially_compliant,256.27
INV532520,2024-05-25,2024 Q2,686,Importer,Small,353,Cafe,Coffee_Beans,14.874726,25.0,371.87,228.65,0.6149,partially_compliant,143.21
INV534258,2024-05-25,2024 Q2,678,Importer,Medium,355,Cafe,Coffee_Beans,21.74107,25.0,543.53,315.32,0.5801,partially_compliant,228.2
INV536865,2024-05-25,2024 Q2,679,Importer,Large,358,Cafe,Coffee_Beans,7.670877,25.0,191.77,108.48,0.5657,partially_compliant,83.29
INV542290,2024-05-25,2024 Q2,673,Importer,Medium,365,Fine_Dine_Meat,Beer,34.284443,3.0,102.85,102.85,1.0,compliant,0.0
INV544501,2024-05-25,2024 Q2,692,Importer,Large,369,Fine_Dine_Meat,Wine,19.413423,10.67,207.14,150.08,0.7245,partially_compliant,57.07
INV547266,2024-05-25,2024 Q2,675,Importer,Small,374,Fine_Dine_Meat,Wine,23.350247,10.67,249.15,246.84,0.9907,compliant,2.31
INV547267,2024-05-25,2024 Q2,683,Importer,Small,374,Fine_Dine_Meat,Beer,35.02537,3.0,105.08,104.09,0.9906,compliant,0.99
INV549479,2024-05-25,2024 Q2,679,Importer,Large,378,Fine_Dine_Meat,Beer,26.572778,3.0,79.72,45.09,0.5657,partially_compliant,34.63
INV550031,2024-05-25,2024 Q2,686,Importer,Small,379,Fine_Dine_Meat,Wine,46.324901,10.67,494.29,303.93,0.6149,partially_compliant,190.36
INV551690,2024-05-25,2024 Q2,677,Importer,Small,382,Fine_Dine_Meat,Wine,11.098977,10.67,118.43,118.43,1.0,compliant,0.0
INV552796,2024-05-25,2024 Q2,682,Importer,Small,384,Fine_Dine_Meat,Wine,19.364587,10.67,206.62,127.05,0.6149,partially_compliant,79.57
INV552797,2024-05-25,2024 Q2,680,Importer,Medium,384,Fine_Dine_Meat,Beer,29.04688,3.0,87.14,86.9,0.9972,compliant,0.24
INV555008,2024-05-25,2024 Q2,686,Importer,Small,388,Fine_Dine_Meat,Wine,21.257612,10.67,226.82,139.47,0.6149,partially_compliant,87.35
INV555009,2024-05-25,2024 Q2,680,Importer,Medium,388,Fine_Dine_Meat,Beer,31.886418,3.0,95.66,95.39,0.9972,compliant,0.26
INV555561,2024-05-25,2024 Q2,680,Importer,Medium,389,Fine_Dine_Meat,Wine,22.524675,10.67,240.34,239.67,0.9972,compliant,0.66
INV556667,2024-05-25,2024 Q2,692,Importer,Large,391,Fine_Dine_Meat,Wine,25.595903,10.67,273.11,197.87,0.7245,partially_compliant,75.24
INV557221,2024-05-25,2024 Q2,692,Importer,Large,392,Fine_Dine_Meat,Beer,28.795205,3.0,86.39,62.59,0.7245,partially_compliant,23.8
INV558326,2024-05-25,2024 Q2,679,Importer,Large,394,Fine_Dine_Meat,Wine,33.239014,10.67,354.66,200.62,0.5657,partially_compliant,154.04
INV558879,2024-05-25,2024 Q2,686,Importer,Small,395,Fine_Dine_Meat,Wine,41.42633,10.67,442.02,271.79,0.6149,partially_compliant,170.23
INV559433,2024-05-25,2024 Q2,685,Importer,Small,396,Fine_Dine_Meat,Beer,72.027376,3.0,216.08,211.71,0.9797,compliant,4.38
INV559986,2024-05-25,2024 Q2,675,Importer,Small,397,Fine_Dine_Meat,Beer,18.339778,3.0,55.02,54.51,0.9907,compliant,0.51
INV561091,2024-05-25,2024 Q2,673,Importer,Medium,399,Fine_Dine_Meat,Wine,38.072235,10.67,406.23,406.23,1.0,compliant,0.0
INV566068,2024-05-25,2024 Q2,681,Importer,Small,408,Fine_Dine_Meat,Wine,41.465626,10.67,442.44,0.0,0.0,non_compliant,442.44
INV567727,2024-05-25,2024 Q2,673,Importer,Medium,411,Fine_Dine_Meat,Wine,19.647306,10.67,209.64,209.64,1.0,compliant,0.0
INV567728,2024-05-25,2024 Q2,673,Importer,Medium,411,Fine_Dine_Meat,Beer,29.470959,3.0,88.41,88.41,1.0,compliant,0.0
INV568280,2024-05-25,2024 Q2,680,Importer,Medium,412,Fine_Dine_Meat,Wine,42.164794,10.67,449.9,448.65,0.9972,compliant,1.24
INV569386,2024-05-25,2024 Q2,689,Importer,Small,414,Fine_Dine_Meat,Wine,34.065893,10.67,363.48,363.48,1.0,compliant,0.0
INV570492,2024-05-25,2024 Q2,680,Importer,Medium,416,Fine_Dine_Meat,Wine,24.011223,10.67,256.2,255.49,0.9972,compliant,0.71
INV571598,2024-05-25,2024 Q2,675,Importer,Small,418,Fine_Dine_Meat,Wine,42.994525,10.67,458.75,454.5,0.9907,compliant,4.25
INV573810,2024-05-25,2024 Q2,673,Importer,Medium,422,Fine_Dine_Meat,Wine,24.210294,10.67,258.32,258.32,1.0,compliant,0.0
INV576575,2024-05-25,2024 Q2,678,Importer,Medium,427,Fine_Dine_Meat,Wine,23.137675,10.67,246.88,143.22,0.5801,partially_compliant,103.65
INV577128,2024-05-25,2024 Q2,689,Importer,Small,428,Fine_Dine_Meat,Wine,17.285565,10.67,184.44,184.44,1.0,compliant,0.0
INV578234,2024-05-25,2024 Q2,685,Importer,Small,430,Fine_Dine_Meat,Wine,44.536644,10.67,475.21,465.58,0.9797,compliant,9.63
INV578787,2024-05-25,2024 Q2,692,Importer,Large,431,Fine_Dine_Meat,Wine,21.992881,10.67,234.66,170.02,0.7245,partially_compliant,64.65
INV579340,2024-05-25,2024 Q2,673,Importer,Medium,432,Fine_Dine_Meat,Wine,45.067111,10.67,480.87,480.87,1.0,compliant,0.0
INV579894,2024-05-25,2024 Q2,679,Importer,Large,433,Fine_Dine_Meat,Beer,14.835653,3.0,44.51,25.18,0.5657,partially_compliant,19.33
INV580447,2024-05-25,2024 Q2,692,Importer,Large,434,Fine_Dine_Meat,Beer,28.355053,3.0,85.07,61.63,0.7245,partially_compliant,23.43
INV581000,2024-05-25,2024 Q2,687,Importer,Medium,435,Fine_Dine_Meat,Beer,59.817157,3.0,179.45,125.1,0.6971,partially_compliant,54.35
INV583764,2024-05-25,2024 Q2,679,Importer,Large,440,Fine_Dine_Meat,Wine,21.706105,10.67,231.6,131.01,0.5657,partially_compliant,100.6
INV583765,2024-05-25,2024 Q2,692,Importer,Large,440,Fine_Dine_Meat,Beer,32.559158,3.0,97.68,70.77,0.7245,partially_compliant,26.91
INV587635,2024-05-25,2024 Q2,686,Importer,Small,447,Fine_Dine_Vegetarian,Wine,30.232306,10.67,322.58,198.35,0.6149,partially_compliant,124.23
INV588188,2024-05-25,2024 Q2,679,Importer,Large,448,Fine_Dine_Vegetarian,Wine,55.764041,10.67,595.0,336.57,0.5657,partially_compliant,258.44
INV588741,2024-05-25,2024 Q2,692,Importer,Large,449,Fine_Dine_Vegetarian,Wine,77.648356,10.67,828.51,600.26,0.7245,partially_compliant,228.25
INV589294,2024-05-25,2024 Q2,680,Importer,Medium,450,Fine_Dine_Vegetarian,Wine,80.116778,10.67,854.85,852.48,0.9972,compliant,2.36
INV590953,2024-05-25,2024 Q2,682,Importer,Small,453,Fine_Dine_Vegetarian,Wine,54.161057,10.67,577.9,355.34,0.6149,partially_compliant,222.56
INV592612,2024-05-25,2024 Q2,675,Importer,Small,456,Fine_Dine_Vegetarian,Wine,23.169383,10.67,247.22,244.93,0.9907,compliant,2.29
INV594271,2024-05-25,2024 Q2,673,Importer,Medium,459,Fine_Dine_Vegetarian,Wine,26.341006,10.67,281.06,281.06,1.0,compliant,0.0
INV595930,2024-05-25,2024 Q2,673,Importer,Medium,462,Fine_Dine_Vegetarian,Wine,20.779293,10.67,221.72,221.72,1.0,compliant,0.0
INV596483,2024-05-25,2024 Q2,690,Importer,Small,463,Fine_Dine_Vegetarian,Wine,48.229498,10.67,514.61,201.35,0.3913,partially_compliant,313.26
INV597036,2024-05-25,2024 Q2,677,Importer,Small,464,Fine_Dine_Vegetarian,Wine,26.829181,10.67,286.27,286.27,1.0,compliant,0.0
INV599801,2024-05-25,2024 Q2,682,Importer,Small,469,Fine_Dine_Vegetarian,Wine,24.270115,10.67,258.96,159.23,0.6149,partially_compliant,99.73
INV601460,2024-05-25,2024 Q2,689,Importer,Small,472,Fine_Dine_Vegetarian,Wine,23.043282,10.67,245.87,245.87,1.0,compliant,0.0
INV603672,2024-05-25,2024 Q2,692,Importer,Large,476,Fine_Dine_Vegetarian,Wine,25.119176,10.67,268.02,194.18,0.7245,partially_compliant,73.84
INV605331,2024-05-25,2024 Q2,673,Importer,Medium,479,Fine_Dine_Vegetarian,Wine,12.573211,10.67,134.16,134.16,1.0,compliant,0.0
INV607543,2024-05-25,2024 Q2,675,Importer,Small,483,Fine_Dine_Vegetarian,Wine,41.923145,10.67,447.32,443.17,0.9907,compliant,4.15
INV609202,2024-05-25,2024 Q2,692,Importer,Large,486,Fine_Dine_Vegetarian,Wine,42.283528,10.67,451.17,326.87,0.7245,partially_compliant,124.29
INV613626,2024-05-25,2024 Q2,686,Importer,Small,494,Fine_Dine_Vegetarian,Wine,16.77368,10.67,178.98,110.05,0.6149,partially_compliant,68.93
INV616944,2024-05-25,2024 Q2,673,Importer,Medium,500,Fine_Dine_Vegetarian,Wine,29.075792,10.67,310.24,310.24,1.0,compliant,0.0
INV402181,2024-06-01,2024 Q2,692,Importer,Large,203,Cafe,Coffee_Beans,29.265227,25.0,731.63,530.07,0.7245,partially_compliant,201.56
INV403919,2024-06-01,2024 Q2,680,Importer,Medium,205,Cafe,Coffee_Beans,5.989622,25.0,149.74,149.33,0.9972,compliant,0.41
INV405657,2024-06-01,2024 Q2,684,Importer,Medium,207,Cafe,Coffee_Beans,7.177618,25.0,179.44,179.44,1.0,compliant,0.0
INV415216,2024-06-01,2024 Q2,677,Importer,Small,218,Cafe,Coffee_Beans,16.4874,25.0,412.19,412.19,1.0,compliant,0.0
INV420430,2024-06-01,2024 Q2,686,Importer,Small,224,Cafe,Coffee_Beans,4.111883,25.0,102.8,63.21,0.6149,partially_compliant,39.59
INV423906,2024-06-01,2024 Q2,677,Importer,Small,228,Cafe,Coffee_Beans,6.683476,25.0,167.09,167.09,1.0,compliant,0.0
INV425644,2024-06-01,2024 Q2,682,Importer,Small,230,Cafe,Coffee_Beans,7.504879,25.0,187.62,115.36,0.6149,partially_compliant,72.26
INV426513,2024-06-01,2024 Q2,681,Importer,Small,231,Cafe,Coffee_Beans,7.0552,25.0,176.38,0.0,0.0,non_compliant,176.38
INV429120,2024-06-01,2024 Q2,673,Importer,Medium,234,Cafe,Coffee_Beans,6.524651,25.0,163.12,163.12,1.0,compliant,0.0
INV429989,2024-06-01,2024 Q2,673,Importer,Medium,235,Cafe,Coffee_Beans,30.96533,25.0,774.13,774.13,1.0,compliant,0.0
INV431727,2024-06-01,2024 Q2,683,Importer,Small,237,Cafe,Coffee_Beans,16.517769,25.0,412.94,409.07,0.9906,compliant,3.88
INV437810,2024-06-01,2024 Q2,682,Importer,Small,244,Cafe,Coffee_Beans,8.045356,25.0,201.13,123.67,0.6149,partially_compliant,77.46
INV439548,2024-06-01,2024 Q2,688,Importer,Small,246,Cafe,Coffee_Beans,11.822488,25.0,295.56,295.56,1.0,compliant,0.0
INV444762,2024-06-01,2024 Q2,675,Importer,Small,252,Cafe,Coffee_Beans,7.961319,25.0,199.03,197.19,0.9907,compliant,1.84
INV448238,2024-06-01,2024 Q2,678,Importer,Medium,256,Cafe,Coffee_Beans,12.016728,25.0,300.42,174.28,0.5801,partially_compliant,126.13
INV449107,2024-06-01,2024 Q2,680,Importer,Medium,257,Cafe,Coffee_Beans,30.728283,25.0,768.21,766.08,0.9972,compliant,2.12
INV454321,2024-06-01,2024 Q2,675,Importer,Small,263,Cafe,Coffee_Beans,6.053959,25.0,151.35,149.95,0.9907,compliant,1.4
INV459535,2024-06-01,2024 Q2,677,Importer,Small,269,Cafe,Coffee_Beans,5.920184,25.0,148.0,148.0,1.0,compliant,0.0
INV463880,2024-06-01,2024 Q2,673,Importer,Medium,274,Cafe,Coffee_Beans,7.548535,25.0,188.71,188.71,1.0,compliant,0.0
INV464749,2024-06-01,2024 Q2,689,Importer,Small,275,Cafe,Coffee_Beans,7.740538,25.0,193.51,193.51,1.0,compliant,0.0
INV465618,2024-06-01,2024 Q2,692,Importer,Large,276,Cafe,Coffee_Beans,7.083826,25.0,177.1,128.31,0.7245,partially_compliant,48.79
INV469963,2024-06-01,2024 Q2,689,Importer,Small,281,Cafe,Coffee_Beans,13.007119,25.0,325.18,325.18,1.0,compliant,0.0
INV475177,2024-06-01,2024 Q2,680,Importer,Medium,287,Cafe,Coffee_Beans,12.572327,25.0,314.31,313.44,0.9972,compliant,0.87
INV477784,2024-06-01,2024 Q2,675,Importer,Small,290,Cafe,Coffee_Beans,6.114444,25.0,152.86,151.44,0.9907,compliant,1.42
INV483867,2024-06-01,2024 Q2,689,Importer,Small,297,Cafe,Coffee_Beans,13.225141,25.0,330.63,330.63,1.0,compliant,0.0
INV484736,2024-06-01,2024 Q2,674,Importer,Small,298,Cafe,Coffee_Beans,6.204372,25.0,155.11,149.17,0.9617,compliant,5.94
INV489950,2024-06-01,2024 Q2,682,Importer,Small,304,Cafe,Coffee_Beans,6.146508,25.0,153.66,94.48,0.6149,partially_compliant,59.18
INV490819,2024-06-01,2024 Q2,682,Importer,Small,305,Cafe,Coffee_Beans,5.459859,25.0,136.5,83.93,0.6149,partially_compliant,52.57
INV496033,2024-06-01,2024 Q2,680,Importer,Medium,311,Cafe,Coffee_Beans,7.562956,25.0,189.07,188.55,0.9972,compliant,0.52
INV496902,2024-06-01,2024 Q2,689,Importer,Small,312,Cafe,Coffee_Beans,8.195457,25.0,204.89,204.89,1.0,compliant,0.0
INV497771,2024-06-01,2024 Q2,682,Importer,Small,313,Cafe,Coffee_Beans,7.361219,25.0,184.03,113.16,0.6149,partially_compliant,70.87
INV502116,2024-06-01,2024 Q2,688,Importer,Small,318,Cafe,Coffee_Beans,23.936121,25.0,598.4,598.4,1.0,compliant,0.0
INV507330,2024-06-01,2024 Q2,692,Importer,Large,324,Cafe,Coffee_Beans,7.73848,25.0,193.46,140.16,0.7245,partially_compliant,53.3
INV515151,2024-06-01,2024 Q2,678,Importer,Medium,333,Cafe,Coffee_Beans,6.539338,25.0,163.48,94.84,0.5801,partially_compliant,68.64
INV517758,2024-06-01,2024 Q2,690,Importer,Small,336,Cafe,Coffee_Beans,5.879726,25.0,146.99,57.51,0.3913,partially_compliant,89.48
INV522103,2024-06-01,2024 Q2,690,Importer,Small,341,Cafe,Coffee_Beans,7.871041,25.0,196.78,76.99,0.3913,partially_compliant,119.78
INV522972,2024-06-01,2024 Q2,686,Importer,Small,342,Cafe,Coffee_Beans,5.119437,25.0,127.99,78.7,0.6149,partially_compliant,49.29
INV523841,2024-06-01,2024 Q2,690,Importer,Small,343,Cafe,Coffee_Beans,17.055549,25.0,426.39,166.83,0.3913,partially_compliant,259.56
INV532531,2024-06-01,2024 Q2,686,Importer,Small,353,Cafe,Coffee_Beans,14.365405,25.0,359.14,220.82,0.6149,partially_compliant,138.31
INV534269,2024-06-01,2024 Q2,678,Importer,Medium,355,Cafe,Coffee_Beans,21.321895,25.0,533.05,309.24,0.5801,partially_compliant,223.8
INV536876,2024-06-01,2024 Q2,679,Importer,Large,358,Cafe,Coffee_Beans,7.519092,25.0,187.98,106.33,0.5657,partially_compliant,81.65
INV542297,2024-06-01,2024 Q2,673,Importer,Medium,365,Fine_Dine_Meat,Beer,31.148172,3.0,93.44,93.44,1.0,compliant,0.0
INV544508,2024-06-01,2024 Q2,692,Importer,Large,369,Fine_Dine_Meat,Wine,18.232743,10.67,194.54,140.95,0.7245,partially_compliant,53.6
INV547273,2024-06-01,2024 Q2,675,Importer,Small,374,Fine_Dine_Meat,Wine,21.736605,10.67,231.93,229.78,0.9907,compliant,2.15
INV547274,2024-06-01,2024 Q2,683,Importer,Small,374,Fine_Dine_Meat,Beer,32.604907,3.0,97.81,96.9,0.9906,compliant,0.92
INV549486,2024-06-01,2024 Q2,679,Importer,Large,378,Fine_Dine_Meat,Beer,24.603212,3.0,73.81,41.75,0.5657,partially_compliant,32.06
INV550038,2024-06-01,2024 Q2,686,Importer,Small,379,Fine_Dine_Meat,Wine,42.977536,10.67,458.57,281.96,0.6149,partially_compliant,176.61
INV551697,2024-06-01,2024 Q2,677,Importer,Small,382,Fine_Dine_Meat,Wine,10.191554,10.67,108.74,108.74,1.0,compliant,0.0
INV552803,2024-06-01,2024 Q2,682,Importer,Small,384,Fine_Dine_Meat,Wine,17.755055,10.67,189.45,116.49,0.6149,partially_compliant,72.96
INV552804,2024-06-01,2024 Q2,680,Importer,Medium,384,Fine_Dine_Meat,Beer,26.632583,3.0,79.9,79.68,0.9972,compliant,0.22
INV555015,2024-06-01,2024 Q2,686,Importer,Small,388,Fine_Dine_Meat,Wine,19.694134,10.67,210.14,129.21,0.6149,partially_compliant,80.93
INV555016,2024-06-01,2024 Q2,680,Importer,Medium,388,Fine_Dine_Meat,Beer,29.541202,3.0,88.62,88.38,0.9972,compliant,0.25
INV555568,2024-06-01,2024 Q2,680,Importer,Medium,389,Fine_Dine_Meat,Wine,20.487286,10.67,218.6,217.99,0.9972,compliant,0.6
INV556674,2024-06-01,2024 Q2,692,Importer,Large,391,Fine_Dine_Meat,Wine,22.101342,10.67,235.82,170.85,0.7245,partially_compliant,64.97
INV557228,2024-06-01,2024 Q2,692,Importer,Large,392,Fine_Dine_Meat,Beer,33.420688,3.0,100.26,72.64,0.7245,partially_compliant,27.62
INV558333,2024-06-01,2024 Q2,679,Importer,Large,394,Fine_Dine_Meat,Wine,30.072572,10.67,320.87,181.5,0.5657,partially_compliant,139.37
INV558886,2024-06-01,2024 Q2,686,Importer,Small,395,Fine_Dine_Meat,Wine,37.642971,10.67,401.65,246.97,0.6149,partially_compliant,154.68
INV559440,2024-06-01,2024 Q2,685,Importer,Small,396,Fine_Dine_Meat,Beer,65.239236,3.0,195.72,191.75,0.9797,compliant,3.96
INV559993,2024-06-01,2024 Q2,675,Importer,Small,397,Fine_Dine_Meat,Beer,16.840365,3.0,50.52,50.05,0.9907,compliant,0.47
INV561098,2024-06-01,2024 Q2,673,Importer,Medium,399,Fine_Dine_Meat,Wine,35.277287,10.67,376.41,376.41,1.0,compliant,0.0
INV566075,2024-06-01,2024 Q2,681,Importer,Small,408,Fine_Dine_Meat,Wine,38.960815,10.67,415.71,0.0,0.0,non_compliant,415.71
INV567734,2024-06-01,2024 Q2,673,Importer,Medium,411,Fine_Dine_Meat,Wine,17.782723,10.67,189.74,189.74,1.0,compliant,0.0
INV567735,2024-06-01,2024 Q2,673,Importer,Medium,411,Fine_Dine_Meat,Beer,26.674084,3.0,80.02,80.02,1.0,compliant,0.0
INV568287,2024-06-01,2024 Q2,680,Importer,Medium,412,Fine_Dine_Meat,Wine,38.852245,10.67,414.55,413.41,0.9972,compliant,1.15
INV569393,2024-06-01,2024 Q2,689,Importer,Small,414,Fine_Dine_Meat,Wine,28.058314,10.67,299.38,299.38,1.0,compliant,0.0
INV570499,2024-06-01,2024 Q2,680,Importer,Medium,416,Fine_Dine_Meat,Wine,22.132992,10.67,236.16,235.51,0.9972,compliant,0.65
INV571605,2024-06-01,2024 Q2,675,Importer,Small,418,Fine_Dine_Meat,Wine,39.74358,10.67,424.06,420.13,0.9907,compliant,3.93
INV573817,2024-06-01,2024 Q2,673,Importer,Medium,422,Fine_Dine_Meat,Wine,22.40426,10.67,239.05,239.05,1.0,compliant,0.0
INV576582,2024-06-01,2024 Q2,678,Importer,Medium,427,Fine_Dine_Meat,Wine,19.749885,10.67,210.73,122.25,0.5801,partially_compliant,88.48
INV577135,2024-06-01,2024 Q2,689,Importer,Small,428,Fine_Dine_Meat,Wine,16.200606,10.67,172.86,172.86,1.0,compliant,0.0
INV578241,2024-06-01,2024 Q2,685,Importer,Small,430,Fine_Dine_Meat,Wine,40.951838,10.67,436.96,428.1,0.9797,compliant,8.85
INV578794,2024-06-01,2024 Q2,692,Importer,Large,431,Fine_Dine_Meat,Wine,19.987147,10.67,213.26,154.51,0.7245,partially_compliant,58.75
INV579347,2024-06-01,2024 Q2,673,Importer,Medium,432,Fine_Dine_Meat,Wine,38.965832,10.67,415.77,415.77,1.0,compliant,0.0
INV579901,2024-06-01,2024 Q2,679,Importer,Large,433,Fine_Dine_Meat,Beer,13.622729,3.0,40.87,23.12,0.5657,partially_compliant,17.75
INV580454,2024-06-01,2024 Q2,692,Importer,Large,434,Fine_Dine_Meat,Beer,24.335524,3.0,73.01,52.89,0.7245,partially_compliant,20.11
INV581007,2024-06-01,2024 Q2,687,Importer,Medium,435,Fine_Dine_Meat,Beer,47.474008,3.0,142.42,99.29,0.6971,partially_compliant,43.13
INV583771,2024-06-01,2024 Q2,679,Importer,Large,440,Fine_Dine_Meat,Wine,20.037506,10.67,213.8,120.94,0.5657,partially_compliant,92.86
INV583772,2024-06-01,2024 Q2,692,Importer,Large,440,Fine_Dine_Meat,Beer,30.056259,3.0,90.17,65.33,0.7245,partially_compliant,24.84
INV587642,2024-06-01,2024 Q2,686,Importer,Small,447,Fine_Dine_Vegetarian,Wine,28.288066,10.67,301.83,185.59,0.6149,partially_compliant,116.24
INV588195,2024-06-01,2024 Q2,679,Importer,Large,448,Fine_Dine_Vegetarian,Wine,52.342797,10.67,558.5,315.92,0.5657,partially_compliant,242.58
INV588748,2024-06-01,2024 Q2,692,Importer,Large,449,Fine_Dine_Vegetarian,Wine,70.912007,10.67,756.63,548.18,0.7245,partially_compliant,208.45
INV589301,2024-06-01,2024 Q2,680,Importer,Medium,450,Fine_Dine_Vegetarian,Wine,74.502781,10.67,794.94,792.75,0.9972,compliant,2.2
INV590960,2024-06-01,2024 Q2,682,Importer,Small,453,Fine_Dine_Vegetarian,Wine,49.936055,10.67,532.82,327.62,0.6149,partially_compliant,205.2
INV592619,2024-06-01,2024 Q2,675,Importer,Small,456,Fine_Dine_Vegetarian,Wine,21.66566,10.67,231.17,229.03,0.9907,compliant,2.14
INV594278,2024-06-01,2024 Q2,673,Importer,Medium,459,Fine_Dine_Vegetarian,Wine,23.75086,10.67,253.42,253.42,1.0,compliant,0.0
INV595937,2024-06-01,2024 Q2,673,Importer,Medium,462,Fine_Dine_Vegetarian,Wine,19.434598,10.67,207.37,207.37,1.0,compliant,0.0
INV596490,2024-06-01,2024 Q2,690,Importer,Small,463,Fine_Dine_Vegetarian,Wine,45.152429,10.67,481.78,188.5,0.3913,partially_compliant,293.28
INV597043,2024-06-01,2024 Q2,677,Importer,Small,464,Fine_Dine_Vegetarian,Wine,24.774894,10.67,264.35,264.35,1.0,compliant,0.0
INV599808,2024-06-01,2024 Q2,682,Importer,Small,469,Fine_Dine_Vegetarian,Wine,19.55588,10.67,208.66,128.3,0.6149,partially_compliant,80.36
INV601467,2024-06-01,2024 Q2,689,Importer,Small,472,Fine_Dine_Vegetarian,Wine,21.049722,10.67,224.6,224.6,1.0,compliant,0.0
INV603679,2024-06-01,2024 Q2,692,Importer,Large,476,Fine_Dine_Vegetarian,Wine,23.368571,10.67,249.34,180.65,0.7245,partially_compliant,68.69
INV605338,2024-06-01,2024 Q2,673,Importer,Medium,479,Fine_Dine_Vegetarian,Wine,11.545258,10.67,123.19,123.19,1.0,compliant,0.0
INV607550,2024-06-01,2024 Q2,675,Importer,Small,483,Fine_Dine_Vegetarian,Wine,38.495618,10.67,410.75,406.94,0.9907,compliant,3.81
INV609209,2024-06-01,2024 Q2,692,Importer,Large,486,Fine_Dine_Vegetarian,Wine,39.017306,10.67,416.31,301.62,0.7245,partially_compliant,114.69
INV613633,2024-06-01,2024 Q2,686,Importer,Small,494,Fine_Dine_Vegetarian,Wine,15.99221,10.67,170.64,104.92,0.6149,partially_compliant,65.72
INV616951,2024-06-01,2024 Q2,673,Importer,Medium,500,Fine_Dine_Vegetarian,Wine,26.971648,10.67,287.79,287.79,1.0,compliant,0.0
INV402192,2024-06-08,2024 Q2,692,Importer,Large,203,Cafe,Coffee_Beans,28.433499,25.0,710.84,515.01,0.7245,partially_compliant,195.83
INV403930,2024-06-08,2024 Q2,680,Importer,Medium,205,Cafe,Coffee_Beans,5.819395,25.0,145.48,145.08,0.9972,compliant,0.4
INV405668,2024-06-08,2024 Q2,684,Importer,Medium,207,Cafe,Coffee_Beans,6.973628,25.0,174.34,174.34,1.0,compliant,0.0
INV415227,2024-06-08,2024 Q2,677,Importer,Small,218,Cafe,Coffee_Beans,16.018822,25.0,400.47,400.47,1.0,compliant,0.0
INV420441,2024-06-08,2024 Q2,686,Importer,Small,224,Cafe,Coffee_Beans,3.995022,25.0,99.88,61.41,0.6149,partially_compliant,38.46
INV423917,2024-06-08,2024 Q2,677,Importer,Small,228,Cafe,Coffee_Beans,6.493529,25.0,162.34,162.34,1.0,compliant,0.0
INV425655,2024-06-08,2024 Q2,682,Importer,Small,230,Cafe,Coffee_Beans,7.291587,25.0,182.29,112.09,0.6149,partially_compliant,70.2
INV426524,2024-06-08,2024 Q2,681,Importer,Small,231,Cafe,Coffee_Beans,6.854689,25.0,171.37,0.0,0.0,non_compliant,171.37
INV429131,2024-06-08,2024 Q2,673,Importer,Medium,234,Cafe,Coffee_Beans,6.339218,25.0,158.48,158.48,1.0,compliant,0.0
INV430000,2024-06-08,2024 Q2,673,Importer,Medium,235,Cafe,Coffee_Beans,30.085284,25.0,752.13,752.13,1.0,compliant,0.0
INV431738,2024-06-08,2024 Q2,683,Importer,Small,237,Cafe,Coffee_Beans,16.048328,25.0,401.21,397.44,0.9906,compliant,3.77
INV437821,2024-06-08,2024 Q2,682,Importer,Small,244,Cafe,Coffee_Beans,7.816704,25.0,195.42,120.16,0.6149,partially_compliant,75.26
INV439559,2024-06-08,2024 Q2,688,Importer,Small,246,Cafe,Coffee_Beans,10.725645,25.0,268.14,268.14,1.0,compliant,0.0
INV444773,2024-06-08,2024 Q2,675,Importer,Small,252,Cafe,Coffee_Beans,7.735055,25.0,193.38,191.58,0.9907,compliant,1.79
INV448249,2024-06-08,2024 Q2,678,Importer,Medium,256,Cafe,Coffee_Beans,11.675208,25.0,291.88,169.33,0.5801,partially_compliant,122.55
INV449118,2024-06-08,2024 Q2,680,Importer,Medium,257,Cafe,Coffee_Beans,29.854973,25.0,746.37,744.31,0.9972,compliant,2.06
INV454332,2024-06-08,2024 Q2,675,Importer,Small,263,Cafe,Coffee_Beans,5.881903,25.0,147.05,145.68,0.9907,compliant,1.36
INV459546,2024-06-08,2024 Q2,677,Importer,Small,269,Cafe,Coffee_Beans,5.75193,25.0,143.8,143.8,1.0,compliant,0.0
INV463891,2024-06-08,2024 Q2,673,Importer,Medium,274,Cafe,Coffee_Beans,7.334003,25.0,183.35,183.35,1.0,compliant,0.0
INV464760,2024-06-08,2024 Q2,689,Importer,Small,275,Cafe,Coffee_Beans,7.52055,25.0,188.01,188.01,1.0,compliant,0.0
INV465629,2024-06-08,2024 Q2,692,Importer,Large,276,Cafe,Coffee_Beans,6.882501,25.0,172.06,124.66,0.7245,partially_compliant,47.4
INV469974,2024-06-08,2024 Q2,689,Importer,Small,281,Cafe,Coffee_Beans,12.637451,25.0,315.94,315.94,1.0,compliant,0.0
INV475188,2024-06-08,2024 Q2,680,Importer,Medium,287,Cafe,Coffee_Beans,12.11662,25.0,302.92,302.08,0.9972,compliant,0.84
INV477795,2024-06-08,2024 Q2,675,Importer,Small,290,Cafe,Coffee_Beans,5.940669,25.0,148.52,147.14,0.9907,compliant,1.38
INV483878,2024-06-08,2024 Q2,689,Importer,Small,297,Cafe,Coffee_Beans,11.56618,25.0,289.15,289.15,1.0,compliant,0.0
INV484747,2024-06-08,2024 Q2,674,Importer,Small,298,Cafe,Coffee_Beans,6.028041,25.0,150.7,144.93,0.9617,compliant,5.77
INV489961,2024-06-08,2024 Q2,682,Importer,Small,304,Cafe,Coffee_Beans,5.971822,25.0,149.3,91.8,0.6149,partially_compliant,57.5
INV490830,2024-06-08,2024 Q2,682,Importer,Small,305,Cafe,Coffee_Beans,4.629915,25.0,115.75,71.17,0.6149,partially_compliant,44.58
INV496044,2024-06-08,2024 Q2,680,Importer,Medium,311,Cafe,Coffee_Beans,7.348014,25.0,183.7,183.19,0.9972,compliant,0.51
INV496913,2024-06-08,2024 Q2,689,Importer,Small,312,Cafe,Coffee_Beans,7.962539,25.0,199.06,199.06,1.0,compliant,0.0
INV497782,2024-06-08,2024 Q2,682,Importer,Small,313,Cafe,Coffee_Beans,5.109948,25.0,127.75,78.55,0.6149,partially_compliant,49.2
INV502127,2024-06-08,2024 Q2,688,Importer,Small,318,Cafe,Coffee_Beans,21.909679,25.0,547.74,547.74,1.0,compliant,0.0
INV507341,2024-06-08,2024 Q2,692,Importer,Large,324,Cafe,Coffee_Beans,7.518549,25.0,187.96,136.18,0.7245,partially_compliant,51.78
INV515162,2024-06-08,2024 Q2,678,Importer,Medium,333,Cafe,Coffee_Beans,6.353487,25.0,158.84,92.15,0.5801,partially_compliant,66.69
INV517769,2024-06-08,2024 Q2,690,Importer,Small,336,Cafe,Coffee_Beans,5.933684,25.0,148.34,58.04,0.3913,partially_compliant,90.3
INV522114,2024-06-08,2024 Q2,690,Importer,Small,341,Cafe,Coffee_Beans,7.647343,25.0,191.18,74.8,0.3913,partially_compliant,116.38
INV522983,2024-06-08,2024 Q2,686,Importer,Small,342,Cafe,Coffee_Beans,4.97394,25.0,124.35,76.46,0.6149,partially_compliant,47.89
INV523852,2024-06-08,2024 Q2,690,Importer,Small,343,Cafe,Coffee_Beans,17.230426,25.0,430.76,168.54,0.3913,partially_compliant,262.22
INV532542,2024-06-08,2024 Q2,686,Importer,Small,353,Cafe,Coffee_Beans,13.957135,25.0,348.93,214.55,0.6149,partially_compliant,134.38
INV534280,2024-06-08,2024 Q2,678,Importer,Medium,355,Cafe,Coffee_Beans,20.715919,25.0,517.9,300.45,0.5801,partially_compliant,217.44
INV536887,2024-06-08,2024 Q2,679,Importer,Large,358,Cafe,Coffee_Beans,7.305397,25.0,182.63,103.31,0.5657,partially_compliant,79.33
INV542304,2024-06-08,2024 Q2,673,Importer,Medium,365,Fine_Dine_Meat,Beer,28.816776,3.0,86.45,86.45,1.0,compliant,0.0
INV544515,2024-06-08,2024 Q2,692,Importer,Large,369,Fine_Dine_Meat,Wine,16.868049,10.67,179.98,130.4,0.7245,partially_compliant,49.58
INV547280,2024-06-08,2024 Q2,675,Importer,Small,374,Fine_Dine_Meat,Wine,20.109651,10.67,214.57,212.58,0.9907,compliant,1.99
INV547281,2024-06-08,2024 Q2,683,Importer,Small,374,Fine_Dine_Meat,Beer,30.164477,3.0,90.49,89.64,0.9906,compliant,0.85
INV549493,2024-06-08,2024 Q2,679,Importer,Large,378,Fine_Dine_Meat,Beer,22.761697,3.0,68.29,38.63,0.5657,partially_compliant,29.66
INV550045,2024-06-08,2024 Q2,686,Importer,Small,379,Fine_Dine_Meat,Wine,39.76073,10.67,424.25,260.86,0.6149,partially_compliant,163.39
INV551704,2024-06-08,2024 Q2,677,Importer,Small,382,Fine_Dine_Meat,Wine,9.42873,10.67,100.6,100.6,1.0,compliant,0.0
INV552810,2024-06-08,2024 Q2,682,Importer,Small,384,Fine_Dine_Meat,Wine,16.426115,10.67,175.27,107.77,0.6149,partially_compliant,67.5
INV552811,2024-06-08,2024 Q2,680,Importer,Medium,384,Fine_Dine_Meat,Beer,24.639173,3.0,73.92,73.71,0.9972,compliant,0.2
INV555022,2024-06-08,2024 Q2,686,Importer,Small,388,Fine_Dine_Meat,Wine,18.171323,10.67,193.89,119.22,0.6149,partially_compliant,74.67
INV555023,2024-06-08,2024 Q2,680,Importer,Medium,388,Fine_Dine_Meat,Beer,27.256985,3.0,81.77,81.54,0.9972,compliant,0.23
INV555575,2024-06-08,2024 Q2,680,Importer,Medium,389,Fine_Dine_Meat,Wine,18.953843,10.67,202.24,201.68,0.9972,compliant,0.56
INV556681,2024-06-08,2024 Q2,692,Importer,Large,391,Fine_Dine_Meat,Wine,20.447088,10.67,218.17,158.07,0.7245,partially_compliant,60.1
INV557235,2024-06-08,2024 Q2,692,Importer,Large,392,Fine_Dine_Meat,Beer,40.545525,3.0,121.64,88.13,0.7245,partially_compliant,33.51
INV558340,2024-06-08,2024 Q2,679,Importer,Large,394,Fine_Dine_Meat,Wine,27.821683,10.67,296.86,167.92,0.5657,partially_compliant,128.94
INV558893,2024-06-08,2024 Q2,686,Importer,Small,395,Fine_Dine_Meat,Wine,34.825449,10.67,371.59,228.48,0.6149,partially_compliant,143.11
INV559447,2024-06-08,2024 Q2,685,Importer,Small,396,Fine_Dine_Meat,Beer,60.356173,3.0,181.07,177.4,0.9797,compliant,3.67
INV560000,2024-06-08,2024 Q2,675,Importer,Small,397,Fine_Dine_Meat,Beer,20.201026,3.0,60.6,60.04,0.9907,compliant,0.56
INV561105,2024-06-08,2024 Q2,673,Importer,Medium,399,Fine_Dine_Meat,Wine,32.636834,10.67,348.24,348.24,1.0,compliant,0.0
INV566082,2024-06-08,2024 Q2,681,Importer,Small,408,Fine_Dine_Meat,Wine,36.044655,10.67,384.6,0.0,0.0,non_compliant,384.6
INV567741,2024-06-08,2024 Q2,673,Importer,Medium,411,Fine_Dine_Meat,Wine,16.451712,10.67,175.54,175.54,1.0,compliant,0.0
INV567742,2024-06-08,2024 Q2,673,Importer,Medium,411,Fine_Dine_Meat,Beer,24.677567,3.0,74.03,74.03,1.0,compliant,0.0
INV568294,2024-06-08,2024 Q2,680,Importer,Medium,412,Fine_Dine_Meat,Wine,35.944211,10.67,383.52,382.46,0.9972,compliant,1.06
INV569400,2024-06-08,2024 Q2,689,Importer,Small,414,Fine_Dine_Meat,Wine,21.851527,10.67,233.16,233.16,1.0,compliant,0.0
INV570506,2024-06-08,2024 Q2,680,Importer,Medium,416,Fine_Dine_Meat,Wine,20.47637,10.67,218.48,217.88,0.9972,compliant,0.6
INV571612,2024-06-08,2024 Q2,675,Importer,Small,418,Fine_Dine_Meat,Wine,36.768831,10.67,392.32,388.69,0.9907,compliant,3.64
INV573824,2024-06-08,2024 Q2,673,Importer,Medium,422,Fine_Dine_Meat,Wine,20.727334,10.67,221.16,221.16,1.0,compliant,0.0
INV576589,2024-06-08,2024 Q2,678,Importer,Medium,427,Fine_Dine_Meat,Wine,18.271635,10.67,194.96,113.1,0.5801,partially_compliant,81.86
INV577142,2024-06-08,2024 Q2,689,Importer,Small,428,Fine_Dine_Meat,Wine,14.988014,10.67,159.92,159.92,1.0,compliant,0.0
INV578248,2024-06-08,2024 Q2,685,Importer,Small,430,Fine_Dine_Meat,Wine,38.247892,10.67,408.11,399.84,0.9797,compliant,8.27
INV578801,2024-06-08,2024 Q2,692,Importer,Large,431,Fine_Dine_Meat,Wine,18.491138,10.67,197.3,142.95,0.7245,partially_compliant,54.35
INV579354,2024-06-08,2024 Q2,673,Importer,Medium,432,Fine_Dine_Meat,Wine,36.049295,10.67,384.65,384.65,1.0,compliant,0.0
INV579908,2024-06-08,2024 Q2,679,Importer,Large,433,Fine_Dine_Meat,Beer,12.603087,3.0,37.81,21.39,0.5657,partially_compliant,16.42
INV580461,2024-06-08,2024 Q2,692,Importer,Large,434,Fine_Dine_Meat,Beer,22.514046,3.0,67.54,48.93,0.7245,partially_compliant,18.61
INV581014,2024-06-08,2024 Q2,687,Importer,Medium,435,Fine_Dine_Meat,Beer,33.337185,3.0,100.01,69.72,0.6971,partially_compliant,30.29
INV583778,2024-06-08,2024 Q2,679,Importer,Large,440,Fine_Dine_Meat,Wine,18.537727,10.67,197.8,111.89,0.5657,partially_compliant,85.91
INV583779,2024-06-08,2024 Q2,692,Importer,Large,440,Fine_Dine_Meat,Beer,27.806591,3.0,83.42,60.44,0.7245,partially_compliant,22.98
INV587649,2024-06-08,2024 Q2,686,Importer,Small,447,Fine_Dine_Vegetarian,Wine,26.170745,10.67,279.24,171.7,0.6149,partially_compliant,107.54
INV588202,2024-06-08,2024 Q2,679,Importer,Large,448,Fine_Dine_Vegetarian,Wine,48.425014,10.67,516.69,292.27,0.5657,partially_compliant,224.42
INV588755,2024-06-08,2024 Q2,692,Importer,Large,449,Fine_Dine_Vegetarian,Wine,65.546408,10.67,699.38,506.71,0.7245,partially_compliant,192.67
INV589308,2024-06-08,2024 Q2,680,Importer,Medium,450,Fine_Dine_Vegetarian,Wine,68.926356,10.67,735.44,733.41,0.9972,compliant,2.03
INV590967,2024-06-08,2024 Q2,682,Importer,Small,453,Fine_Dine_Vegetarian,Wine,46.198413,10.67,492.94,303.1,0.6149,partially_compliant,189.84
INV592626,2024-06-08,2024 Q2,675,Importer,Small,456,Fine_Dine_Vegetarian,Wine,20.044016,10.67,213.87,211.89,0.9907,compliant,1.98
INV594285,2024-06-08,2024 Q2,673,Importer,Medium,459,Fine_Dine_Vegetarian,Wine,21.973143,10.67,234.45,234.45,1.0,compliant,0.0
INV595944,2024-06-08,2024 Q2,673,Importer,Medium,462,Fine_Dine_Vegetarian,Wine,17.979947,10.67,191.85,191.85,1.0,compliant,0.0
INV596497,2024-06-08,2024 Q2,690,Importer,Small,463,Fine_Dine_Vegetarian,Wine,41.772835,10.67,445.72,174.39,0.3913,partially_compliant,271.32
INV597050,2024-06-08,2024 Q2,677,Importer,Small,464,Fine_Dine_Vegetarian,Wine,22.920529,10.67,244.56,244.56,1.0,compliant,0.0
INV599815,2024-06-08,2024 Q2,682,Importer,Small,469,Fine_Dine_Vegetarian,Wine,13.760797,10.67,146.83,90.28,0.6149,partially_compliant,56.55
INV601474,2024-06-08,2024 Q2,689,Importer,Small,472,Fine_Dine_Vegetarian,Wine,19.474181,10.67,207.79,207.79,1.0,compliant,0.0
INV603686,2024-06-08,2024 Q2,692,Importer,Large,476,Fine_Dine_Vegetarian,Wine,21.619467,10.67,230.68,167.13,0.7245,partially_compliant,63.55
INV605345,2024-06-08,2024 Q2,673,Importer,Medium,479,Fine_Dine_Vegetarian,Wine,10.681112,10.67,113.97,113.97,1.0,compliant,0.0
INV607557,2024-06-08,2024 Q2,675,Importer,Small,483,Fine_Dine_Vegetarian,Wine,35.257704,10.67,376.2,372.71,0.9907,compliant,3.49
INV609216,2024-06-08,2024 Q2,692,Importer,Large,486,Fine_Dine_Vegetarian,Wine,36.096917,10.67,385.15,279.05,0.7245,partially_compliant,106.11
INV613640,2024-06-08,2024 Q2,686,Importer,Small,494,Fine_Dine_Vegetarian,Wine,14.996522,10.67,160.01,98.39,0.6149,partially_compliant,61.62
INV616958,2024-06-08,2024 Q2,673,Importer,Medium,500,Fine_Dine_Vegetarian,Wine,24.952859,10.67,266.25,266.25,1.0,compliant,0.0
INV402203,2024-06-15,2024 Q2,692,Importer,Large,203,Cafe,Coffee_Beans,28.205309,25.0,705.13,510.87,0.7245,partially_compliant,194.26
INV403941,2024-06-15,2024 Q2,680,Importer,Medium,205,Cafe,Coffee_Beans,5.772692,25.0,144.32,143.92,0.9972,compliant,0.4
INV405679,2024-06-15,2024 Q2,684,Importer,Medium,207,Cafe,Coffee_Beans,6.917662,25.0,172.94,172.94,1.0,compliant,0.0
INV415238,2024-06-15,2024 Q2,677,Importer,Small,218,Cafe,Coffee_Beans,15.890264,25.0,397.26,397.26,1.0,compliant,0.0
INV420452,2024-06-15,2024 Q2,686,Importer,Small,224,Cafe,Coffee_Beans,3.96296,25.0,99.07,60.92,0.6149,partially_compliant,38.16
INV423928,2024-06-15,2024 Q2,677,Importer,Small,228,Cafe,Coffee_Beans,6.441416,25.0,161.04,161.04,1.0,compliant,0.0
INV425666,2024-06-15,2024 Q2,682,Importer,Small,230,Cafe,Coffee_Beans,7.233069,25.0,180.83,111.19,0.6149,partially_compliant,69.64
INV426535,2024-06-15,2024 Q2,681,Importer,Small,231,Cafe,Coffee_Beans,6.799677,25.0,169.99,0.0,0.0,non_compliant,169.99
INV429142,2024-06-15,2024 Q2,673,Importer,Medium,234,Cafe,Coffee_Beans,6.288343,25.0,157.21,157.21,1.0,compliant,0.0
INV430011,2024-06-15,2024 Q2,673,Importer,Medium,235,Cafe,Coffee_Beans,29.843838,25.0,746.1,746.1,1.0,compliant,0.0
INV431749,2024-06-15,2024 Q2,683,Importer,Small,237,Cafe,Coffee_Beans,15.919534,25.0,397.99,394.25,0.9906,compliant,3.74
INV437832,2024-06-15,2024 Q2,682,Importer,Small,244,Cafe,Coffee_Beans,7.753972,25.0,193.85,119.19,0.6149,partially_compliant,74.66
INV439570,2024-06-15,2024 Q2,688,Importer,Small,246,Cafe,Coffee_Beans,9.982826,25.0,249.57,249.57,1.0,compliant,0.0
INV444784,2024-06-15,2024 Q2,675,Importer,Small,252,Cafe,Coffee_Beans,7.672978,25.0,191.82,190.05,0.9907,compliant,1.78
INV448260,2024-06-15,2024 Q2,678,Importer,Medium,256,Cafe,Coffee_Beans,11.58151,25.0,289.54,167.97,0.5801,partially_compliant,121.57
INV449129,2024-06-15,2024 Q2,680,Importer,Medium,257,Cafe,Coffee_Beans,29.615375,25.0,740.38,738.34,0.9972,compliant,2.05
INV454343,2024-06-15,2024 Q2,675,Importer,Small,263,Cafe,Coffee_Beans,5.834698,25.0,145.87,144.52,0.9907,compliant,1.35
INV459557,2024-06-15,2024 Q2,677,Importer,Small,269,Cafe,Coffee_Beans,5.705769,25.0,142.64,142.64,1.0,compliant,0.0
INV463902,2024-06-15,2024 Q2,673,Importer,Medium,274,Cafe,Coffee_Beans,7.275145,25.0,181.88,181.88,1.0,compliant,0.0
INV464771,2024-06-15,2024 Q2,689,Importer,Small,275,Cafe,Coffee_Beans,7.460194,25.0,186.5,186.5,1.0,compliant,0.0
INV465640,2024-06-15,2024 Q2,692,Importer,Large,276,Cafe,Coffee_Beans,6.827266,25.0,170.68,123.66,0.7245,partially_compliant,47.02
INV469985,2024-06-15,2024 Q2,689,Importer,Small,281,Cafe,Coffee_Beans,12.536031,25.0,313.4,313.4,1.0,compliant,0.0
INV475199,2024-06-15,2024 Q2,680,Importer,Medium,287,Cafe,Coffee_Beans,11.253488,25.0,281.34,280.56,0.9972,compliant,0.78
INV477806,2024-06-15,2024 Q2,675,Importer,Small,290,Cafe,Coffee_Beans,5.892993,25.0,147.32,145.96,0.9907,compliant,1.37
INV483889,2024-06-15,2024 Q2,689,Importer,Small,297,Cafe,Coffee_Beans,10.577675,25.0,264.44,264.44,1.0,compliant,0.0
INV484758,2024-06-15,2024 Q2,674,Importer,Small,298,Cafe,Coffee_Beans,5.979664,25.0,149.49,143.77,0.9617,compliant,5.72
INV489972,2024-06-15,2024 Q2,682,Importer,Small,304,Cafe,Coffee_Beans,5.923896,25.0,148.1,91.06,0.6149,partially_compliant,57.04
INV490841,2024-06-15,2024 Q2,682,Importer,Small,305,Cafe,Coffee_Beans,4.023124,25.0,100.58,61.84,0.6149,partially_compliant,38.73
INV496055,2024-06-15,2024 Q2,680,Importer,Medium,311,Cafe,Coffee_Beans,7.289044,25.0,182.23,181.72,0.9972,compliant,0.5
INV496924,2024-06-15,2024 Q2,689,Importer,Small,312,Cafe,Coffee_Beans,7.898637,25.0,197.47,197.47,1.0,compliant,0.0
INV497793,2024-06-15,2024 Q2,682,Importer,Small,313,Cafe,Coffee_Beans,3.954662,25.0,98.87,60.79,0.6149,partially_compliant,38.08
INV502138,2024-06-15,2024 Q2,688,Importer,Small,318,Cafe,Coffee_Beans,20.710161,25.0,517.75,517.75,1.0,compliant,0.0
INV507352,2024-06-15,2024 Q2,692,Importer,Large,324,Cafe,Coffee_Beans,7.45821,25.0,186.46,135.09,0.7245,partially_compliant,51.37
INV515173,2024-06-15,2024 Q2,678,Importer,Medium,333,Cafe,Coffee_Beans,6.302498,25.0,157.56,91.41,0.5801,partially_compliant,66.15
INV517780,2024-06-15,2024 Q2,690,Importer,Small,336,Cafe,Coffee_Beans,6.052446,25.0,151.31,59.2,0.3913,partially_compliant,92.11
INV522125,2024-06-15,2024 Q2,690,Importer,Small,341,Cafe,Coffee_Beans,7.58597,25.0,189.65,74.2,0.3913,partially_compliant,115.45
INV522994,2024-06-15,2024 Q2,686,Importer,Small,342,Cafe,Coffee_Beans,4.934022,25.0,123.35,75.85,0.6149,partially_compliant,47.51
INV523863,2024-06-15,2024 Q2,690,Importer,Small,343,Cafe,Coffee_Beans,17.580883,25.0,439.52,171.97,0.3913,partially_compliant,267.55
INV532553,2024-06-15,2024 Q2,686,Importer,Small,353,Cafe,Coffee_Beans,13.845123,25.0,346.13,212.83,0.6149,partially_compliant,133.3
INV534291,2024-06-15,2024 Q2,678,Importer,Medium,355,Cafe,Coffee_Beans,20.549665,25.0,513.74,298.04,0.5801,partially_compliant,215.7
INV536898,2024-06-15,2024 Q2,679,Importer,Large,358,Cafe,Coffee_Beans,7.246768,25.0,181.17,102.48,0.5657,partially_compliant,78.69
INV542311,2024-06-15,2024 Q2,673,Importer,Medium,365,Fine_Dine_Meat,Beer,28.796815,3.0,86.39,86.39,1.0,compliant,0.0
INV544522,2024-06-15,2024 Q2,692,Importer,Large,369,Fine_Dine_Meat,Wine,16.856365,10.67,179.86,130.31,0.7245,partially_compliant,49.55
INV547287,2024-06-15,2024 Q2,675,Importer,Small,374,Fine_Dine_Meat,Wine,20.095722,10.67,214.42,212.43,0.9907,compliant,1.99
INV547288,2024-06-15,2024 Q2,683,Importer,Small,374,Fine_Dine_Meat,Beer,30.143583,3.0,90.43,89.58,0.9906,compliant,0.85
INV549500,2024-06-15,2024 Q2,679,Importer,Large,378,Fine_Dine_Meat,Beer,22.745931,3.0,68.24,38.6,0.5657,partially_compliant,29.64
INV550052,2024-06-15,2024 Q2,686,Importer,Small,379,Fine_Dine_Meat,Wine,39.733189,10.67,423.95,260.68,0.6149,partially_compliant,163.27
INV551711,2024-06-15,2024 Q2,677,Importer,Small,382,Fine_Dine_Meat,Wine,9.422199,10.67,100.53,100.53,1.0,compliant,0.0
INV552817,2024-06-15,2024 Q2,682,Importer,Small,384,Fine_Dine_Meat,Wine,16.414737,10.67,175.15,107.69,0.6149,partially_compliant,67.45
INV552818,2024-06-15,2024 Q2,680,Importer,Medium,384,Fine_Dine_Meat,Beer,24.622106,3.0,73.87,73.66,0.9972,compliant,0.2
INV555029,2024-06-15,2024 Q2,686,Importer,Small,388,Fine_Dine_Meat,Wine,18.118575,10.67,193.33,118.87,0.6149,partially_compliant,74.45
INV555030,2024-06-15,2024 Q2,680,Importer,Medium,388,Fine_Dine_Meat,Beer,27.177863,3.0,81.53,81.31,0.9972,compliant,0.23
INV555582,2024-06-15,2024 Q2,680,Importer,Medium,389,Fine_Dine_Meat,Wine,18.940714,10.67,202.1,201.54,0.9972,compliant,0.56
INV556688,2024-06-15,2024 Q2,692,Importer,Large,391,Fine_Dine_Meat,Wine,20.432925,10.67,218.02,157.96,0.7245,partially_compliant,60.06
INV557242,2024-06-15,2024 Q2,692,Importer,Large,392,Fine_Dine_Meat,Beer,47.505943,3.0,142.52,103.26,0.7245,partially_compliant,39.26
INV558347,2024-06-15,2024 Q2,679,Importer,Large,394,Fine_Dine_Meat,Wine,27.802412,10.67,296.65,167.8,0.5657,partially_compliant,128.85
INV558900,2024-06-15,2024 Q2,686,Importer,Small,395,Fine_Dine_Meat,Wine,34.801326,10.67,371.33,228.32,0.6149,partially_compliant,143.01
INV559454,2024-06-15,2024 Q2,685,Importer,Small,396,Fine_Dine_Meat,Beer,60.314366,3.0,180.94,177.28,0.9797,compliant,3.67
INV560007,2024-06-15,2024 Q2,675,Importer,Small,397,Fine_Dine_Meat,Beer,28.300752,3.0,84.9,84.12,0.9907,compliant,0.79
INV561112,2024-06-15,2024 Q2,673,Importer,Medium,399,Fine_Dine_Meat,Wine,32.614227,10.67,347.99,347.99,1.0,compliant,0.0
INV566089,2024-06-15,2024 Q2,681,Importer,Small,408,Fine_Dine_Meat,Wine,36.019688,10.67,384.33,0.0,0.0,non_compliant,384.33
INV567748,2024-06-15,2024 Q2,673,Importer,Medium,411,Fine_Dine_Meat,Wine,16.440316,10.67,175.42,175.42,1.0,compliant,0.0
INV567749,2024-06-15,2024 Q2,673,Importer,Medium,411,Fine_Dine_Meat,Beer,24.660474,3.0,73.98,73.98,1.0,compliant,0.0
INV568301,2024-06-15,2024 Q2,680,Importer,Medium,412,Fine_Dine_Meat,Wine,35.919314,10.67,383.26,382.2,0.9972,compliant,1.06
INV569407,2024-06-15,2024 Q2,689,Importer,Small,414,Fine_Dine_Meat,Wine,18.88731,10.67,201.53,201.53,1.0,compliant,0.0
INV570513,2024-06-15,2024 Q2,680,Importer,Medium,416,Fine_Dine_Meat,Wine,20.462186,10.67,218.33,217.73,0.9972,compliant,0.6
INV571619,2024-06-15,2024 Q2,675,Importer,Small,418,Fine_Dine_Meat,Wine,36.743362,10.67,392.05,388.42,0.9907,compliant,3.63
INV573831,2024-06-15,2024 Q2,673,Importer,Medium,422,Fine_Dine_Meat,Wine,20.712977,10.67,221.01,221.01,1.0,compliant,0.0
INV576596,2024-06-15,2024 Q2,678,Importer,Medium,427,Fine_Dine_Meat,Wine,18.258979,10.67,194.82,113.02,0.5801,partially_compliant,81.8
INV577149,2024-06-15,2024 Q2,689,Importer,Small,428,Fine_Dine_Meat,Wine,14.977632,10.67,159.81,159.81,1.0,compliant,0.0
INV578255,2024-06-15,2024 Q2,685,Importer,Small,430,Fine_Dine_Meat,Wine,38.52875,10.67,411.1,402.77,0.9797,compliant,8.33
INV578808,2024-06-15,2024 Q2,692,Importer,Large,431,Fine_Dine_Meat,Wine,18.47833,10.67,197.16,142.85,0.7245,partially_compliant,54.32
INV579361,2024-06-15,2024 Q2,673,Importer,Medium,432,Fine_Dine_Meat,Wine,36.024325,10.67,384.38,384.38,1.0,compliant,0.0
INV579915,2024-06-15,2024 Q2,679,Importer,Large,433,Fine_Dine_Meat,Beer,12.594357,3.0,37.78,21.37,0.5657,partially_compliant,16.41
INV580468,2024-06-15,2024 Q2,692,Importer,Large,434,Fine_Dine_Meat,Beer,22.498451,3.0,67.5,48.9,0.7245,partially_compliant,18.59
INV581021,2024-06-15,2024 Q2,687,Importer,Medium,435,Fine_Dine_Meat,Beer,27.247073,3.0,81.74,56.98,0.6971,partially_compliant,24.76
INV583785,2024-06-15,2024 Q2,679,Importer,Large,440,Fine_Dine_Meat,Wine,18.524887,10.67,197.66,111.81,0.5657,partially_compliant,85.85
INV583786,2024-06-15,2024 Q2,692,Importer,Large,440,Fine_Dine_Meat,Beer,27.78733,3.0,83.36,60.4,0.7245,partially_compliant,22.97
INV587656,2024-06-15,2024 Q2,686,Importer,Small,447,Fine_Dine_Vegetarian,Wine,26.152617,10.67,279.05,171.58,0.6149,partially_compliant,107.47
INV588209,2024-06-15,2024 Q2,679,Importer,Large,448,Fine_Dine_Vegetarian,Wine,48.391472,10.67,516.34,292.07,0.5657,partially_compliant,224.27
INV588762,2024-06-15,2024 Q2,692,Importer,Large,449,Fine_Dine_Vegetarian,Wine,65.455763,10.67,698.41,506.01,0.7245,partially_compliant,192.41
INV589315,2024-06-15,2024 Q2,680,Importer,Medium,450,Fine_Dine_Vegetarian,Wine,68.878613,10.67,734.93,732.9,0.9972,compliant,2.03
INV590974,2024-06-15,2024 Q2,682,Importer,Small,453,Fine_Dine_Vegetarian,Wine,46.166413,10.67,492.6,302.89,0.6149,partially_compliant,189.71
INV592633,2024-06-15,2024 Q2,675,Importer,Small,456,Fine_Dine_Vegetarian,Wine,20.030132,10.67,213.72,211.74,0.9907,compliant,1.98
INV594292,2024-06-15,2024 Q2,673,Importer,Medium,459,Fine_Dine_Vegetarian,Wine,21.957923,10.67,234.29,234.29,1.0,compliant,0.0
INV595951,2024-06-15,2024 Q2,673,Importer,Medium,462,Fine_Dine_Vegetarian,Wine,17.967492,10.67,191.71,191.71,1.0,compliant,0.0
INV596504,2024-06-15,2024 Q2,690,Importer,Small,463,Fine_Dine_Vegetarian,Wine,41.7439,10.67,445.41,174.27,0.3913,partially_compliant,271.14
INV597057,2024-06-15,2024 Q2,677,Importer,Small,464,Fine_Dine_Vegetarian,Wine,22.904652,10.67,244.39,244.39,1.0,compliant,0.0
INV599822,2024-06-15,2024 Q2,682,Importer,Small,469,Fine_Dine_Vegetarian,Wine,12.554681,10.67,133.96,82.37,0.6149,partially_compliant,51.59
INV601481,2024-06-15,2024 Q2,689,Importer,Small,472,Fine_Dine_Vegetarian,Wine,19.460692,10.67,207.65,207.65,1.0,compliant,0.0
INV603693,2024-06-15,2024 Q2,692,Importer,Large,476,Fine_Dine_Vegetarian,Wine,21.604492,10.67,230.52,167.01,0.7245,partially_compliant,63.51
INV605352,2024-06-15,2024 Q2,673,Importer,Medium,479,Fine_Dine_Vegetarian,Wine,10.673713,10.67,113.89,113.89,1.0,compliant,0.0
INV607564,2024-06-15,2024 Q2,675,Importer,Small,483,Fine_Dine_Vegetarian,Wine,31.841644,10.67,339.75,336.6,0.9907,compliant,3.15
INV609223,2024-06-15,2024 Q2,692,Importer,Large,486,Fine_Dine_Vegetarian,Wine,36.071914,10.67,384.89,278.85,0.7245,partially_compliant,106.03
INV613647,2024-06-15,2024 Q2,686,Importer,Small,494,Fine_Dine_Vegetarian,Wine,15.15702,10.67,161.73,99.44,0.6149,partially_compliant,62.28
INV616965,2024-06-15,2024 Q2,673,Importer,Medium,500,Fine_Dine_Vegetarian,Wine,24.935575,10.67,266.06,266.06,1.0,compliant,0.0
INV402214,2024-06-22,2024 Q2,692,Importer,Large,203,Cafe,Coffee_Beans,29.795347,25.0,744.88,539.67,0.7245,partially_compliant,205.21
INV403952,2024-06-22,2024 Q2,680,Importer,Medium,205,Cafe,Coffee_Beans,6.09812,25.0,152.45,152.03,0.9972,compliant,0.42
INV405690,2024-06-22,2024 Q2,684,Importer,Medium,207,Cafe,Coffee_Beans,7.307636,25.0,182.69,182.69,1.0,compliant,0.0
INV415249,2024-06-22,2024 Q2,677,Importer,Small,218,Cafe,Coffee_Beans,16.786058,25.0,419.65,419.65,1.0,compliant,0.0
INV420463,2024-06-22,2024 Q2,686,Importer,Small,224,Cafe,Coffee_Beans,4.186367,25.0,104.66,64.35,0.6149,partially_compliant,40.31
INV423939,2024-06-22,2024 Q2,677,Importer,Small,228,Cafe,Coffee_Beans,6.804542,25.0,170.11,170.11,1.0,compliant,0.0
INV425677,2024-06-22,2024 Q2,682,Importer,Small,230,Cafe,Coffee_Beans,7.640824,25.0,191.02,117.45,0.6149,partially_compliant,73.57
INV426546,2024-06-22,2024 Q2,681,Importer,Small,231,Cafe,Coffee_Beans,7.183,25.0,179.57,0.0,0.0,non_compliant,179.57
INV429153,2024-06-22,2024 Q2,673,Importer,Medium,234,Cafe,Coffee_Beans,6.642841,25.0,166.07,166.07,1.0,compliant,0.0
INV430022,2024-06-22,2024 Q2,673,Importer,Medium,235,Cafe,Coffee_Beans,31.526246,25.0,788.16,788.16,1.0,compliant,0.0
INV431760,2024-06-22,2024 Q2,683,Importer,Small,237,Cafe,Coffee_Beans,16.816978,25.0,420.42,416.48,0.9906,compliant,3.95
INV437843,2024-06-22,2024 Q2,682,Importer,Small,244,Cafe,Coffee_Beans,8.191092,25.0,204.78,125.91,0.6149,partially_compliant,78.86
INV439581,2024-06-22,2024 Q2,688,Importer,Small,246,Cafe,Coffee_Beans,9.949546,25.0,248.74,248.74,1.0,compliant,0.0
INV444795,2024-06-22,2024 Q2,675,Importer,Small,252,Cafe,Coffee_Beans,8.105533,25.0,202.64,200.76,0.9907,compliant,1.88
INV448271,2024-06-22,2024 Q2,678,Importer,Medium,256,Cafe,Coffee_Beans,12.234403,25.0,305.86,177.44,0.5801,partially_compliant,128.42
INV449140,2024-06-22,2024 Q2,680,Importer,Medium,257,Cafe,Coffee_Beans,31.284904,25.0,782.12,779.96,0.9972,compliant,2.16
INV454354,2024-06-22,2024 Q2,675,Importer,Small,263,Cafe,Coffee_Beans,6.163622,25.0,154.09,152.66,0.9907,compliant,1.43
INV459568,2024-06-22,2024 Q2,677,Importer,Small,269,Cafe,Coffee_Beans,6.027424,25.0,150.69,150.69,1.0,compliant,0.0
INV463913,2024-06-22,2024 Q2,673,Importer,Medium,274,Cafe,Coffee_Beans,7.685272,25.0,192.13,192.13,1.0,compliant,0.0
INV464782,2024-06-22,2024 Q2,689,Importer,Small,275,Cafe,Coffee_Beans,7.880753,25.0,197.02,197.02,1.0,compliant,0.0
INV465651,2024-06-22,2024 Q2,692,Importer,Large,276,Cafe,Coffee_Beans,7.212144,25.0,180.3,130.63,0.7245,partially_compliant,49.67
INV469996,2024-06-22,2024 Q2,689,Importer,Small,281,Cafe,Coffee_Beans,13.242734,25.0,331.07,331.07,1.0,compliant,0.0
INV475210,2024-06-22,2024 Q2,680,Importer,Medium,287,Cafe,Coffee_Beans,11.120868,25.0,278.02,277.25,0.9972,compliant,0.77
INV477817,2024-06-22,2024 Q2,675,Importer,Small,290,Cafe,Coffee_Beans,6.225203,25.0,155.63,154.19,0.9907,compliant,1.44
INV483900,2024-06-22,2024 Q2,689,Importer,Small,297,Cafe,Coffee_Beans,10.517021,25.0,262.93,262.93,1.0,compliant,0.0
INV484769,2024-06-22,2024 Q2,674,Importer,Small,298,Cafe,Coffee_Beans,6.316759,25.0,157.92,151.88,0.9617,compliant,6.04
INV489983,2024-06-22,2024 Q2,682,Importer,Small,304,Cafe,Coffee_Beans,6.257848,25.0,156.45,96.2,0.6149,partially_compliant,60.25
INV490852,2024-06-22,2024 Q2,682,Importer,Small,305,Cafe,Coffee_Beans,3.74434,25.0,93.61,57.56,0.6149,partially_compliant,36.05
INV496066,2024-06-22,2024 Q2,680,Importer,Medium,311,Cafe,Coffee_Beans,7.699954,25.0,192.5,191.97,0.9972,compliant,0.53
INV496935,2024-06-22,2024 Q2,689,Importer,Small,312,Cafe,Coffee_Beans,8.343912,25.0,208.6,208.6,1.0,compliant,0.0
INV497804,2024-06-22,2024 Q2,682,Importer,Small,313,Cafe,Coffee_Beans,4.162018,25.0,104.05,63.98,0.6149,partially_compliant,40.07
INV502149,2024-06-22,2024 Q2,688,Importer,Small,318,Cafe,Coffee_Beans,21.059502,25.0,526.49,526.49,1.0,compliant,0.0
INV507363,2024-06-22,2024 Q2,692,Importer,Large,324,Cafe,Coffee_Beans,7.878657,25.0,196.97,142.7,0.7245,partially_compliant,54.26
INV515184,2024-06-22,2024 Q2,678,Importer,Medium,333,Cafe,Coffee_Beans,6.657793,25.0,166.44,96.56,0.5801,partially_compliant,69.88
INV517791,2024-06-22,2024 Q2,690,Importer,Small,336,Cafe,Coffee_Beans,6.525257,25.0,163.13,63.83,0.3913,partially_compliant,99.3
INV522136,2024-06-22,2024 Q2,690,Importer,Small,341,Cafe,Coffee_Beans,8.01362,25.0,200.34,78.39,0.3913,partially_compliant,121.95
INV523005,2024-06-22,2024 Q2,686,Importer,Small,342,Cafe,Coffee_Beans,5.212172,25.0,130.3,80.12,0.6149,partially_compliant,50.18
INV523874,2024-06-22,2024 Q2,690,Importer,Small,343,Cafe,Coffee_Beans,18.952561,25.0,473.81,185.39,0.3913,partially_compliant,288.43
INV532564,2024-06-22,2024 Q2,686,Importer,Small,353,Cafe,Coffee_Beans,14.625625,25.0,365.64,224.82,0.6149,partially_compliant,140.82
INV534302,2024-06-22,2024 Q2,678,Importer,Medium,355,Cafe,Coffee_Beans,21.708126,25.0,542.7,314.84,0.5801,partially_compliant,227.86
INV536909,2024-06-22,2024 Q2,679,Importer,Large,358,Cafe,Coffee_Beans,7.655295,25.0,191.38,108.26,0.5657,partially_compliant,83.13
INV542318,2024-06-22,2024 Q2,673,Importer,Medium,365,Fine_Dine_Meat,Beer,30.661963,3.0,91.99,91.99,1.0,compliant,0.0
INV544529,2024-06-22,2024 Q2,692,Importer,Large,369,Fine_Dine_Meat,Wine,17.948139,10.67,191.51,138.75,0.7245,partially_compliant,52.76
INV547294,2024-06-22,2024 Q2,675,Importer,Small,374,Fine_Dine_Meat,Wine,21.397306,10.67,228.31,226.19,0.9907,compliant,2.12
INV547295,2024-06-22,2024 Q2,683,Importer,Small,374,Fine_Dine_Meat,Beer,32.095959,3.0,96.29,95.38,0.9906,compliant,0.9
INV549507,2024-06-22,2024 Q2,679,Importer,Large,378,Fine_Dine_Meat,Beer,24.219167,3.0,72.66,41.1,0.5657,partially_compliant,31.56
INV550059,2024-06-22,2024 Q2,686,Importer,Small,379,Fine_Dine_Meat,Wine,42.306677,10.67,451.41,277.56,0.6149,partially_compliant,173.85
INV551718,2024-06-22,2024 Q2,677,Importer,Small,382,Fine_Dine_Meat,Wine,10.032468,10.67,107.05,107.05,1.0,compliant,0.0
INV552824,2024-06-22,2024 Q2,682,Importer,Small,384,Fine_Dine_Meat,Wine,17.477907,10.67,186.49,114.67,0.6149,partially_compliant,71.82
INV552825,2024-06-22,2024 Q2,680,Importer,Medium,384,Fine_Dine_Meat,Beer,26.216861,3.0,78.65,78.43,0.9972,compliant,0.22
INV555036,2024-06-22,2024 Q2,686,Importer,Small,388,Fine_Dine_Meat,Wine,19.25644,10.67,205.47,126.34,0.6149,partially_compliant,79.13
INV555037,2024-06-22,2024 Q2,680,Importer,Medium,388,Fine_Dine_Meat,Beer,28.88466,3.0,86.65,86.41,0.9972,compliant,0.24
INV555589,2024-06-22,2024 Q2,680,Importer,Medium,389,Fine_Dine_Meat,Wine,20.167489,10.67,215.19,214.59,0.9972,compliant,0.6
INV556695,2024-06-22,2024 Q2,692,Importer,Large,391,Fine_Dine_Meat,Wine,21.75635,10.67,232.14,168.19,0.7245,partially_compliant,63.95
INV557249,2024-06-22,2024 Q2,692,Importer,Large,392,Fine_Dine_Meat,Beer,52.452473,3.0,157.36,114.01,0.7245,partially_compliant,43.35
INV558354,2024-06-22,2024 Q2,679,Importer,Large,394,Fine_Dine_Meat,Wine,29.603153,10.67,315.87,178.67,0.5657,partially_compliant,137.19
INV558907,2024-06-22,2024 Q2,686,Importer,Small,395,Fine_Dine_Meat,Wine,37.055381,10.67,395.38,243.11,0.6149,partially_compliant,152.27
INV559461,2024-06-22,2024 Q2,685,Importer,Small,396,Fine_Dine_Meat,Beer,64.220881,3.0,192.66,188.76,0.9797,compliant,3.9
INV560014,2024-06-22,2024 Q2,675,Importer,Small,397,Fine_Dine_Meat,Beer,36.846073,3.0,110.54,109.51,0.9907,compliant,1.02
INV561119,2024-06-22,2024 Q2,673,Importer,Medium,399,Fine_Dine_Meat,Wine,34.726625,10.67,370.53,370.53,1.0,compliant,0.0
INV566096,2024-06-22,2024 Q2,681,Importer,Small,408,Fine_Dine_Meat,Wine,38.352655,10.67,409.22,0.0,0.0,non_compliant,409.22
INV567755,2024-06-22,2024 Q2,673,Importer,Medium,411,Fine_Dine_Meat,Wine,17.505143,10.67,186.78,186.78,1.0,compliant,0.0
INV567756,2024-06-22,2024 Q2,673,Importer,Medium,411,Fine_Dine_Meat,Beer,26.257714,3.0,78.77,78.77,1.0,compliant,0.0
INV568308,2024-06-22,2024 Q2,680,Importer,Medium,412,Fine_Dine_Meat,Wine,38.24578,10.67,408.08,406.95,0.9972,compliant,1.13
INV569414,2024-06-22,2024 Q2,689,Importer,Small,414,Fine_Dine_Meat,Wine,19.829258,10.67,211.58,211.58,1.0,compliant,0.0
INV570520,2024-06-22,2024 Q2,680,Importer,Medium,416,Fine_Dine_Meat,Wine,21.787507,10.67,232.47,231.83,0.9972,compliant,0.64
INV571626,2024-06-22,2024 Q2,675,Importer,Small,418,Fine_Dine_Meat,Wine,39.123201,10.67,417.44,413.58,0.9907,compliant,3.87
INV573838,2024-06-22,2024 Q2,673,Importer,Medium,422,Fine_Dine_Meat,Wine,22.05454,10.67,235.32,235.32,1.0,compliant,0.0
INV576603,2024-06-22,2024 Q2,678,Importer,Medium,427,Fine_Dine_Meat,Wine,19.441599,10.67,207.44,120.35,0.5801,partially_compliant,87.1
INV577156,2024-06-22,2024 Q2,689,Importer,Small,428,Fine_Dine_Meat,Wine,15.947722,10.67,170.16,170.16,1.0,compliant,0.0
INV578262,2024-06-22,2024 Q2,685,Importer,Small,430,Fine_Dine_Meat,Wine,41.306,10.67,440.74,431.81,0.9797,compliant,8.93
INV578815,2024-06-22,2024 Q2,692,Importer,Large,431,Fine_Dine_Meat,Wine,19.675157,10.67,209.93,152.1,0.7245,partially_compliant,57.84
INV579368,2024-06-22,2024 Q2,673,Importer,Medium,432,Fine_Dine_Meat,Wine,38.357593,10.67,409.28,409.28,1.0,compliant,0.0
INV579922,2024-06-22,2024 Q2,679,Importer,Large,433,Fine_Dine_Meat,Beer,13.410084,3.0,40.23,22.76,0.5657,partially_compliant,17.47
INV580475,2024-06-22,2024 Q2,692,Importer,Large,434,Fine_Dine_Meat,Beer,23.955658,3.0,71.87,52.07,0.7245,partially_compliant,19.8
INV581028,2024-06-22,2024 Q2,687,Importer,Medium,435,Fine_Dine_Meat,Beer,28.667906,3.0,86.0,59.96,0.6971,partially_compliant,26.05
INV583792,2024-06-22,2024 Q2,679,Importer,Large,440,Fine_Dine_Meat,Wine,19.72473,10.67,210.46,119.05,0.5657,partially_compliant,91.41
INV583793,2024-06-22,2024 Q2,692,Importer,Large,440,Fine_Dine_Meat,Beer,29.587094,3.0,88.76,64.31,0.7245,partially_compliant,24.45
INV587663,2024-06-22,2024 Q2,686,Importer,Small,447,Fine_Dine_Vegetarian,Wine,27.846502,10.67,297.12,182.69,0.6149,partially_compliant,114.43
INV588216,2024-06-22,2024 Q2,679,Importer,Large,448,Fine_Dine_Vegetarian,Wine,51.52575,10.67,549.78,310.99,0.5657,partially_compliant,238.79
INV588769,2024-06-22,2024 Q2,692,Importer,Large,449,Fine_Dine_Vegetarian,Wine,69.657211,10.67,743.24,538.48,0.7245,partially_compliant,204.76
INV589322,2024-06-22,2024 Q2,680,Importer,Medium,450,Fine_Dine_Vegetarian,Wine,73.339827,10.67,782.54,780.37,0.9972,compliant,2.16
INV590981,2024-06-22,2024 Q2,682,Importer,Small,453,Fine_Dine_Vegetarian,Wine,49.156576,10.67,524.5,322.5,0.6149,partially_compliant,202.0
INV592640,2024-06-22,2024 Q2,675,Importer,Small,456,Fine_Dine_Vegetarian,Wine,21.327469,10.67,227.56,225.45,0.9907,compliant,2.11
INV594299,2024-06-22,2024 Q2,673,Importer,Medium,459,Fine_Dine_Vegetarian,Wine,23.38012,10.67,249.47,249.47,1.0,compliant,0.0
INV595958,2024-06-22,2024 Q2,673,Importer,Medium,462,Fine_Dine_Vegetarian,Wine,19.131233,10.67,204.13,204.13,1.0,compliant,0.0
INV596511,2024-06-22,2024 Q2,690,Importer,Small,463,Fine_Dine_Vegetarian,Wine,44.44762,10.67,474.26,185.56,0.3913,partially_compliant,288.7
INV597064,2024-06-22,2024 Q2,677,Importer,Small,464,Fine_Dine_Vegetarian,Wine,24.388169,10.67,260.22,260.22,1.0,compliant,0.0
INV599829,2024-06-22,2024 Q2,682,Importer,Small,469,Fine_Dine_Vegetarian,Wine,13.367838,10.67,142.63,87.7,0.6149,partially_compliant,54.93
INV601488,2024-06-22,2024 Q2,689,Importer,Small,472,Fine_Dine_Vegetarian,Wine,20.721146,10.67,221.09,221.09,1.0,compliant,0.0
INV603700,2024-06-22,2024 Q2,692,Importer,Large,476,Fine_Dine_Vegetarian,Wine,23.003798,10.67,245.45,177.83,0.7245,partially_compliant,67.62
INV605359,2024-06-22,2024 Q2,673,Importer,Medium,479,Fine_Dine_Vegetarian,Wine,11.365042,10.67,121.26,121.26,1.0,compliant,0.0
INV607571,2024-06-22,2024 Q2,675,Importer,Small,483,Fine_Dine_Vegetarian,Wine,30.287417,10.67,323.17,320.17,0.9907,compliant,3.0
INV609230,2024-06-22,2024 Q2,692,Importer,Large,486,Fine_Dine_Vegetarian,Wine,38.408264,10.67,409.82,296.91,0.7245,partially_compliant,112.9
INV613654,2024-06-22,2024 Q2,686,Importer,Small,494,Fine_Dine_Vegetarian,Wine,16.295035,10.67,173.87,106.91,0.6149,partially_compliant,66.96
INV616972,2024-06-22,2024 Q2,673,Importer,Medium,500,Fine_Dine_Vegetarian,Wine,26.550633,10.67,283.3,283.3,1.0,compliant,0.0
INV402225,2024-06-29,2024 Q2,692,Importer,Large,203,Cafe,Coffee_Beans,29.874883,25.0,746.87,541.11,0.7245,partially_compliant,205.76
INV403963,2024-06-29,2024 Q2,680,Importer,Medium,205,Cafe,Coffee_Beans,6.084851,25.0,152.12,151.7,0.9972,compliant,0.42
INV405701,2024-06-29,2024 Q2,684,Importer,Medium,207,Cafe,Coffee_Beans,7.377566,25.0,184.44,184.44,1.0,compliant,0.0
INV415260,2024-06-29,2024 Q2,677,Importer,Small,218,Cafe,Coffee_Beans,17.01624,25.0,425.41,425.41,1.0,compliant,0.0
INV420474,2024-06-29,2024 Q2,686,Importer,Small,224,Cafe,Coffee_Beans,4.216812,25.0,105.42,64.82,0.6149,partially_compliant,40.6
INV423950,2024-06-29,2024 Q2,677,Importer,Small,228,Cafe,Coffee_Beans,6.979476,25.0,174.49,174.49,1.0,compliant,0.0
INV425688,2024-06-29,2024 Q2,682,Importer,Small,230,Cafe,Coffee_Beans,7.835984,25.0,195.9,120.45,0.6149,partially_compliant,75.44
INV426557,2024-06-29,2024 Q2,681,Importer,Small,231,Cafe,Coffee_Beans,7.294382,25.0,182.36,0.0,0.0,non_compliant,182.36
INV429164,2024-06-29,2024 Q2,673,Importer,Medium,234,Cafe,Coffee_Beans,6.714896,25.0,167.87,167.87,1.0,compliant,0.0
INV430033,2024-06-29,2024 Q2,673,Importer,Medium,235,Cafe,Coffee_Beans,31.854509,25.0,796.36,796.36,1.0,compliant,0.0
INV431771,2024-06-29,2024 Q2,683,Importer,Small,237,Cafe,Coffee_Beans,17.217203,25.0,430.43,426.39,0.9906,compliant,4.04
INV437854,2024-06-29,2024 Q2,682,Importer,Small,244,Cafe,Coffee_Beans,8.317485,25.0,207.94,127.86,0.6149,partially_compliant,80.08
INV439592,2024-06-29,2024 Q2,688,Importer,Small,246,Cafe,Coffee_Beans,10.115732,25.0,252.89,252.89,1.0,compliant,0.0
INV444806,2024-06-29,2024 Q2,675,Importer,Small,252,Cafe,Coffee_Beans,8.219653,25.0,205.49,203.59,0.9907,compliant,1.9
INV448282,2024-06-29,2024 Q2,678,Importer,Medium,256,Cafe,Coffee_Beans,12.200067,25.0,305.0,176.94,0.5801,partially_compliant,128.06
INV449151,2024-06-29,2024 Q2,680,Importer,Medium,257,Cafe,Coffee_Beans,31.601806,25.0,790.05,787.86,0.9972,compliant,2.18
INV454365,2024-06-29,2024 Q2,675,Importer,Small,263,Cafe,Coffee_Beans,6.334011,25.0,158.35,156.88,0.9907,compliant,1.47
INV459579,2024-06-29,2024 Q2,677,Importer,Small,269,Cafe,Coffee_Beans,6.166484,25.0,154.16,154.16,1.0,compliant,0.0
INV463924,2024-06-29,2024 Q2,673,Importer,Medium,274,Cafe,Coffee_Beans,7.720934,25.0,193.02,193.02,1.0,compliant,0.0
INV464793,2024-06-29,2024 Q2,689,Importer,Small,275,Cafe,Coffee_Beans,8.059596,25.0,201.49,201.49,1.0,compliant,0.0
INV465662,2024-06-29,2024 Q2,692,Importer,Large,276,Cafe,Coffee_Beans,7.299052,25.0,182.48,132.21,0.7245,partially_compliant,50.27
INV470007,2024-06-29,2024 Q2,689,Importer,Small,281,Cafe,Coffee_Beans,13.474636,25.0,336.87,336.87,1.0,compliant,0.0
INV475221,2024-06-29,2024 Q2,680,Importer,Medium,287,Cafe,Coffee_Beans,10.110177,25.0,252.75,252.06,0.9972,compliant,0.7
INV477828,2024-06-29,2024 Q2,675,Importer,Small,290,Cafe,Coffee_Beans,6.402532,25.0,160.06,158.58,0.9907,compliant,1.48
INV483911,2024-06-29,2024 Q2,689,Importer,Small,297,Cafe,Coffee_Beans,9.783302,25.0,244.58,244.58,1.0,compliant,0.0
INV484780,2024-06-29,2024 Q2,674,Importer,Small,298,Cafe,Coffee_Beans,6.496446,25.0,162.41,156.2,0.9617,compliant,6.21
INV489994,2024-06-29,2024 Q2,682,Importer,Small,304,Cafe,Coffee_Beans,6.424162,25.0,160.6,98.75,0.6149,partially_compliant,61.85
INV490863,2024-06-29,2024 Q2,682,Importer,Small,305,Cafe,Coffee_Beans,3.831882,25.0,95.8,58.9,0.6149,partially_compliant,36.89
INV496077,2024-06-29,2024 Q2,680,Importer,Medium,311,Cafe,Coffee_Beans,7.873106,25.0,196.83,196.28,0.9972,compliant,0.54
INV496946,2024-06-29,2024 Q2,689,Importer,Small,312,Cafe,Coffee_Beans,8.349801,25.0,208.75,208.75,1.0,compliant,0.0
INV497815,2024-06-29,2024 Q2,682,Importer,Small,313,Cafe,Coffee_Beans,4.192286,25.0,104.81,64.44,0.6149,partially_compliant,40.36
INV502160,2024-06-29,2024 Q2,688,Importer,Small,318,Cafe,Coffee_Beans,21.419906,25.0,535.5,535.5,1.0,compliant,0.0
INV507374,2024-06-29,2024 Q2,692,Importer,Large,324,Cafe,Coffee_Beans,7.892033,25.0,197.3,142.95,0.7245,partially_compliant,54.35
INV515195,2024-06-29,2024 Q2,678,Importer,Medium,333,Cafe,Coffee_Beans,6.694331,25.0,167.36,97.09,0.5801,partially_compliant,70.27
INV517802,2024-06-29,2024 Q2,690,Importer,Small,336,Cafe,Coffee_Beans,6.303414,25.0,157.59,61.66,0.3913,partially_compliant,95.93
INV522147,2024-06-29,2024 Q2,690,Importer,Small,341,Cafe,Coffee_Beans,7.662502,25.0,191.56,74.95,0.3913,partially_compliant,116.61
INV523016,2024-06-29,2024 Q2,686,Importer,Small,342,Cafe,Coffee_Beans,5.198821,25.0,129.97,79.92,0.6149,partially_compliant,50.05
INV523885,2024-06-29,2024 Q2,690,Importer,Small,343,Cafe,Coffee_Beans,18.752595,25.0,468.81,183.43,0.3913,partially_compliant,285.39
INV532575,2024-06-29,2024 Q2,686,Importer,Small,353,Cafe,Coffee_Beans,14.631143,25.0,365.78,224.91,0.6149,partially_compliant,140.87
INV534313,2024-06-29,2024 Q2,678,Importer,Medium,355,Cafe,Coffee_Beans,21.95447,25.0,548.86,318.42,0.5801,partially_compliant,230.44
INV536920,2024-06-29,2024 Q2,679,Importer,Large,358,Cafe,Coffee_Beans,7.743585,25.0,193.59,109.51,0.5657,partially_compliant,84.08
INV542325,2024-06-29,2024 Q2,673,Importer,Medium,365,Fine_Dine_Meat,Beer,31.339733,3.0,94.02,94.02,1.0,compliant,0.0
INV544536,2024-06-29,2024 Q2,692,Importer,Large,369,Fine_Dine_Meat,Wine,18.804778,10.67,200.65,145.37,0.7245,partially_compliant,55.28
INV547301,2024-06-29,2024 Q2,675,Importer,Small,374,Fine_Dine_Meat,Wine,22.294448,10.67,237.88,235.68,0.9907,compliant,2.2
INV547302,2024-06-29,2024 Q2,683,Importer,Small,374,Fine_Dine_Meat,Beer,33.441672,3.0,100.33,99.38,0.9906,compliant,0.94
INV549514,2024-06-29,2024 Q2,679,Importer,Large,378,Fine_Dine_Meat,Beer,25.122889,3.0,75.37,42.63,0.5657,partially_compliant,32.74
INV550066,2024-06-29,2024 Q2,686,Importer,Small,379,Fine_Dine_Meat,Wine,43.945286,10.67,468.9,288.31,0.6149,partially_compliant,180.58
INV551725,2024-06-29,2024 Q2,677,Importer,Small,382,Fine_Dine_Meat,Wine,10.337475,10.67,110.3,110.3,1.0,compliant,0.0
INV552831,2024-06-29,2024 Q2,682,Importer,Small,384,Fine_Dine_Meat,Wine,17.989836,10.67,191.95,118.03,0.6149,partially_compliant,73.92
INV552832,2024-06-29,2024 Q2,680,Importer,Medium,384,Fine_Dine_Meat,Beer,26.984755,3.0,80.95,80.73,0.9972,compliant,0.22
INV555043,2024-06-29,2024 Q2,686,Importer,Small,388,Fine_Dine_Meat,Wine,20.935791,10.67,223.38,137.35,0.6149,partially_compliant,86.03
INV555044,2024-06-29,2024 Q2,680,Importer,Medium,388,Fine_Dine_Meat,Beer,31.403687,3.0,94.21,93.95,0.9972,compliant,0.26
INV555596,2024-06-29,2024 Q2,680,Importer,Medium,389,Fine_Dine_Meat,Wine,20.631789,10.67,220.14,219.53,0.9972,compliant,0.61
INV556702,2024-06-29,2024 Q2,692,Importer,Large,391,Fine_Dine_Meat,Wine,20.412579,10.67,217.8,157.8,0.7245,partially_compliant,60.0
INV557256,2024-06-29,2024 Q2,692,Importer,Large,392,Fine_Dine_Meat,Beer,53.537086,3.0,160.61,116.36,0.7245,partially_compliant,44.25
INV558361,2024-06-29,2024 Q2,679,Importer,Large,394,Fine_Dine_Meat,Wine,30.160885,10.67,321.82,182.04,0.5657,partially_compliant,139.78
INV558914,2024-06-29,2024 Q2,686,Importer,Small,395,Fine_Dine_Meat,Wine,37.39995,10.67,399.06,245.37,0.6149,partially_compliant,153.69
INV559468,2024-06-29,2024 Q2,685,Importer,Small,396,Fine_Dine_Meat,Beer,65.486811,3.0,196.46,192.48,0.9797,compliant,3.98
INV560021,2024-06-29,2024 Q2,675,Importer,Small,397,Fine_Dine_Meat,Beer,39.096231,3.0,117.29,116.2,0.9907,compliant,1.09
INV561126,2024-06-29,2024 Q2,673,Importer,Medium,399,Fine_Dine_Meat,Wine,36.047361,10.67,384.63,384.63,1.0,compliant,0.0
INV566103,2024-06-29,2024 Q2,681,Importer,Small,408,Fine_Dine_Meat,Wine,40.195366,10.67,428.88,0.0,0.0,non_compliant,428.88
INV567762,2024-06-29,2024 Q2,673,Importer,Medium,411,Fine_Dine_Meat,Wine,17.840335,10.67,190.36,190.36,1.0,compliant,0.0
INV567763,2024-06-29,2024 Q2,673,Importer,Medium,411,Fine_Dine_Meat,Beer,26.760503,3.0,80.28,80.28,1.0,compliant,0.0
INV568315,2024-06-29,2024 Q2,680,Importer,Medium,412,Fine_Dine_Meat,Wine,39.525473,10.67,421.74,420.57,0.9972,compliant,1.17
INV569421,2024-06-29,2024 Q2,689,Importer,Small,414,Fine_Dine_Meat,Wine,20.432107,10.67,218.01,218.01,1.0,compliant,0.0
INV570527,2024-06-29,2024 Q2,680,Importer,Medium,416,Fine_Dine_Meat,Wine,22.523848,10.67,240.33,239.66,0.9972,compliant,0.66
INV571633,2024-06-29,2024 Q2,675,Importer,Small,418,Fine_Dine_Meat,Wine,40.535136,10.67,432.51,428.5,0.9907,compliant,4.01
INV573845,2024-06-29,2024 Q2,673,Importer,Medium,422,Fine_Dine_Meat,Wine,22.866656,10.67,243.99,243.99,1.0,compliant,0.0
INV576610,2024-06-29,2024 Q2,678,Importer,Medium,427,Fine_Dine_Meat,Wine,18.849392,10.67,201.12,116.68,0.5801,partially_compliant,84.44
INV577163,2024-06-29,2024 Q2,689,Importer,Small,428,Fine_Dine_Meat,Wine,16.683683,10.67,178.01,178.01,1.0,compliant,0.0
INV578269,2024-06-29,2024 Q2,685,Importer,Small,430,Fine_Dine_Meat,Wine,41.579424,10.67,443.65,434.67,0.9797,compliant,8.99
INV578822,2024-06-29,2024 Q2,692,Importer,Large,431,Fine_Dine_Meat,Wine,20.115284,10.67,214.63,155.5,0.7245,partially_compliant,59.13
INV579375,2024-06-29,2024 Q2,673,Importer,Medium,432,Fine_Dine_Meat,Wine,37.632878,10.67,401.54,401.54,1.0,compliant,0.0
INV579929,2024-06-29,2024 Q2,679,Importer,Large,433,Fine_Dine_Meat,Beer,14.67335,3.0,44.02,24.9,0.5657,partially_compliant,19.12
INV580482,2024-06-29,2024 Q2,692,Importer,Large,434,Fine_Dine_Meat,Beer,23.922097,3.0,71.77,52.0,0.7245,partially_compliant,19.77
INV581035,2024-06-29,2024 Q2,687,Importer,Medium,435,Fine_Dine_Meat,Beer,29.539467,3.0,88.62,61.78,0.6971,partially_compliant,26.84
INV583799,2024-06-29,2024 Q2,679,Importer,Large,440,Fine_Dine_Meat,Wine,20.41341,10.67,217.81,123.21,0.5657,partially_compliant,94.6
INV583800,2024-06-29,2024 Q2,692,Importer,Large,440,Fine_Dine_Meat,Beer,30.620115,3.0,91.86,66.55,0.7245,partially_compliant,25.31
INV587670,2024-06-29,2024 Q2,686,Importer,Small,447,Fine_Dine_Vegetarian,Wine,29.096656,10.67,310.46,190.9,0.6149,partially_compliant,119.57
INV588223,2024-06-29,2024 Q2,679,Importer,Large,448,Fine_Dine_Vegetarian,Wine,53.962596,10.67,575.78,325.69,0.5657,partially_compliant,250.09
INV588776,2024-06-29,2024 Q2,692,Importer,Large,449,Fine_Dine_Vegetarian,Wine,69.971983,10.67,746.6,540.92,0.7245,partially_compliant,205.68
INV589329,2024-06-29,2024 Q2,680,Importer,Medium,450,Fine_Dine_Vegetarian,Wine,76.285538,10.67,813.97,811.72,0.9972,compliant,2.25
INV590988,2024-06-29,2024 Q2,682,Importer,Small,453,Fine_Dine_Vegetarian,Wine,50.818718,10.67,542.24,333.41,0.6149,partially_compliant,208.83
INV592647,2024-06-29,2024 Q2,675,Importer,Small,456,Fine_Dine_Vegetarian,Wine,22.274554,10.67,237.67,235.47,0.9907,compliant,2.2
INV594306,2024-06-29,2024 Q2,673,Importer,Medium,459,Fine_Dine_Vegetarian,Wine,23.757585,10.67,253.49,253.49,1.0,compliant,0.0
INV595965,2024-06-29,2024 Q2,673,Importer,Medium,462,Fine_Dine_Vegetarian,Wine,19.98336,10.67,213.22,213.22,1.0,compliant,0.0
INV596518,2024-06-29,2024 Q2,690,Importer,Small,463,Fine_Dine_Vegetarian,Wine,46.460662,10.67,495.74,193.96,0.3913,partially_compliant,301.77
INV597071,2024-06-29,2024 Q2,677,Importer,Small,464,Fine_Dine_Vegetarian,Wine,25.236142,10.67,269.27,269.27,1.0,compliant,0.0
INV599836,2024-06-29,2024 Q2,682,Importer,Small,469,Fine_Dine_Vegetarian,Wine,13.774247,10.67,146.97,90.37,0.6149,partially_compliant,56.6
INV601495,2024-06-29,2024 Q2,689,Importer,Small,472,Fine_Dine_Vegetarian,Wine,21.267721,10.67,226.93,226.93,1.0,compliant,0.0
INV603707,2024-06-29,2024 Q2,692,Importer,Large,476,Fine_Dine_Vegetarian,Wine,23.953505,10.67,255.58,185.17,0.7245,partially_compliant,70.41
INV605366,2024-06-29,2024 Q2,673,Importer,Medium,479,Fine_Dine_Vegetarian,Wine,11.710562,10.67,124.95,124.95,1.0,compliant,0.0
INV607578,2024-06-29,2024 Q2,675,Importer,Small,483,Fine_Dine_Vegetarian,Wine,28.333978,10.67,302.32,299.52,0.9907,compliant,2.8
INV609237,2024-06-29,2024 Q2,692,Importer,Large,486,Fine_Dine_Vegetarian,Wine,39.740329,10.67,424.03,307.21,0.7245,partially_compliant,116.82
INV613661,2024-06-29,2024 Q2,686,Importer,Small,494,Fine_Dine_Vegetarian,Wine,17.219693,10.67,183.73,112.97,0.6149,partially_compliant,70.76
INV616979,2024-06-29,2024 Q2,673,Importer,Medium,500,Fine_Dine_Vegetarian,Wine,27.567012,10.67,294.14,294.14,1.0,compliant,0.0
INV675812,2024-06-30,2024 Q2,675,Importer,Small,374,Fine_Dine_Meat,Wine,20.856635,10.67,222.54,220.48,0.9907,compliant,2.06
INV675878,2024-06-30,2024 Q2,688,Importer,Small,246,Cafe,Coffee_Beans,11.822488,25.0,295.56,295.56,1.0,compliant,0.0
INV675967,2024-06-30,2024 Q2,689,Importer,Small,281,Cafe,Coffee_Beans,13.242734,25.0,331.07,331.07,1.0,compliant,0.0
INV675997,2024-06-30,2024 Q2,690,Importer,Small,336,Cafe,Coffee_Beans,6.121524,25.0,153.04,59.88,0.3913,partially_compliant,93.16
INV402236,2024-07-06,2024 Q3,692,Importer,Large,203,Cafe,Coffee_Beans,28.490445,25.0,712.26,516.04,0.7245,partially_compliant,196.22
INV403974,2024-07-06,2024 Q3,680,Importer,Medium,205,Cafe,Coffee_Beans,5.791258,25.0,144.78,144.38,0.9972,compliant,0.4
INV405712,2024-07-06,2024 Q3,684,Importer,Medium,207,Cafe,Coffee_Beans,7.055498,25.0,176.39,176.39,1.0,compliant,0.0
INV415271,2024-07-06,2024 Q3,677,Importer,Small,218,Cafe,Coffee_Beans,16.300544,25.0,407.51,407.51,1.0,compliant,0.0
INV420485,2024-07-06,2024 Q3,686,Importer,Small,224,Cafe,Coffee_Beans,4.051684,25.0,101.29,62.28,0.6149,partially_compliant,39.01
INV423961,2024-07-06,2024 Q3,677,Importer,Small,228,Cafe,Coffee_Beans,6.717654,25.0,167.94,167.94,1.0,compliant,0.0
INV425699,2024-07-06,2024 Q3,682,Importer,Small,230,Cafe,Coffee_Beans,7.541542,25.0,188.54,115.93,0.6149,partially_compliant,72.61
INV426568,2024-07-06,2024 Q3,681,Importer,Small,231,Cafe,Coffee_Beans,6.992592,25.0,174.81,0.0,0.0,non_compliant,174.81
INV429175,2024-07-06,2024 Q3,673,Importer,Medium,234,Cafe,Coffee_Beans,6.425069,25.0,160.63,160.63,1.0,compliant,0.0
INV430044,2024-07-06,2024 Q3,673,Importer,Medium,235,Cafe,Coffee_Beans,30.474273,25.0,761.86,761.86,1.0,compliant,0.0
INV431782,2024-07-06,2024 Q3,683,Importer,Small,237,Cafe,Coffee_Beans,16.558992,25.0,413.97,410.09,0.9906,compliant,3.89
INV437865,2024-07-06,2024 Q3,682,Importer,Small,244,Cafe,Coffee_Beans,7.973124,25.0,199.33,122.56,0.6149,partially_compliant,76.77
INV439603,2024-07-06,2024 Q3,688,Importer,Small,246,Cafe,Coffee_Beans,10.970228,25.0,274.26,274.26,1.0,compliant,0.0
INV444817,2024-07-06,2024 Q3,675,Importer,Small,252,Cafe,Coffee_Beans,7.875093,25.0,196.88,195.05,0.9907,compliant,1.82
INV448293,2024-07-06,2024 Q3,678,Importer,Medium,256,Cafe,Coffee_Beans,11.608371,25.0,290.21,168.36,0.5801,partially_compliant,121.85
INV449162,2024-07-06,2024 Q3,680,Importer,Medium,257,Cafe,Coffee_Beans,30.229069,25.0,755.73,753.64,0.9972,compliant,2.09
INV454376,2024-07-06,2024 Q3,675,Importer,Small,263,Cafe,Coffee_Beans,6.100985,25.0,152.52,151.11,0.9907,compliant,1.41
INV459590,2024-07-06,2024 Q3,677,Importer,Small,269,Cafe,Coffee_Beans,5.929053,25.0,148.23,148.23,1.0,compliant,0.0
INV463935,2024-07-06,2024 Q3,673,Importer,Medium,274,Cafe,Coffee_Beans,7.36909,25.0,184.23,184.23,1.0,compliant,0.0
INV464804,2024-07-06,2024 Q3,689,Importer,Small,275,Cafe,Coffee_Beans,7.748126,25.0,193.7,193.7,1.0,compliant,0.0
INV465673,2024-07-06,2024 Q3,692,Importer,Large,276,Cafe,Coffee_Beans,6.987396,25.0,174.68,126.56,0.7245,partially_compliant,48.12
INV470018,2024-07-06,2024 Q3,689,Importer,Small,281,Cafe,Coffee_Beans,12.927455,25.0,323.19,323.19,1.0,compliant,0.0
INV475232,2024-07-06,2024 Q3,680,Importer,Medium,287,Cafe,Coffee_Beans,7.886119,25.0,197.15,196.61,0.9972,compliant,0.55
INV477839,2024-07-06,2024 Q3,675,Importer,Small,290,Cafe,Coffee_Beans,6.168994,25.0,154.22,152.8,0.9907,compliant,1.43
INV483922,2024-07-06,2024 Q3,689,Importer,Small,297,Cafe,Coffee_Beans,8.144564,25.0,203.61,203.61,1.0,compliant,0.0
INV484791,2024-07-06,2024 Q3,674,Importer,Small,298,Cafe,Coffee_Beans,6.259387,25.0,156.48,150.5,0.9617,compliant,5.99
INV490005,2024-07-06,2024 Q3,682,Importer,Small,304,Cafe,Coffee_Beans,6.185259,25.0,154.63,95.08,0.6149,partially_compliant,59.55
INV490874,2024-07-06,2024 Q3,682,Importer,Small,305,Cafe,Coffee_Beans,4.631885,25.0,115.8,71.2,0.6149,partially_compliant,44.6
INV496088,2024-07-06,2024 Q3,680,Importer,Medium,311,Cafe,Coffee_Beans,7.568231,25.0,189.21,188.68,0.9972,compliant,0.52
INV496957,2024-07-06,2024 Q3,689,Importer,Small,312,Cafe,Coffee_Beans,7.956422,25.0,198.91,198.91,1.0,compliant,0.0
INV497826,2024-07-06,2024 Q3,682,Importer,Small,313,Cafe,Coffee_Beans,4.060614,25.0,101.52,62.42,0.6149,partially_compliant,39.1
INV502171,2024-07-06,2024 Q3,688,Importer,Small,318,Cafe,Coffee_Beans,22.225031,25.0,555.63,555.63,1.0,compliant,0.0
INV507385,2024-07-06,2024 Q3,692,Importer,Large,324,Cafe,Coffee_Beans,7.523299,25.0,188.08,136.27,0.7245,partially_compliant,51.82
INV515206,2024-07-06,2024 Q3,678,Importer,Medium,333,Cafe,Coffee_Beans,6.391483,25.0,159.79,92.7,0.5801,partially_compliant,67.09
INV517813,2024-07-06,2024 Q3,690,Importer,Small,336,Cafe,Coffee_Beans,5.117263,25.0,127.93,50.05,0.3913,partially_compliant,77.88
INV522158,2024-07-06,2024 Q3,690,Importer,Small,341,Cafe,Coffee_Beans,7.161008,25.0,179.03,70.05,0.3913,partially_compliant,108.98
INV523027,2024-07-06,2024 Q3,686,Importer,Small,342,Cafe,Coffee_Beans,4.947186,25.0,123.68,76.05,0.6149,partially_compliant,47.63
INV523896,2024-07-06,2024 Q3,690,Importer,Small,343,Cafe,Coffee_Beans,16.486095,25.0,412.15,161.26,0.3913,partially_compliant,250.89
INV532586,2024-07-06,2024 Q3,686,Importer,Small,353,Cafe,Coffee_Beans,13.939943,25.0,348.5,214.28,0.6149,partially_compliant,134.21
INV534324,2024-07-06,2024 Q3,678,Importer,Medium,355,Cafe,Coffee_Beans,21.011118,25.0,525.28,304.74,0.5801,partially_compliant,220.54
INV536931,2024-07-06,2024 Q3,679,Importer,Large,358,Cafe,Coffee_Beans,7.411407,25.0,185.29,104.81,0.5657,partially_compliant,80.48
INV542332,2024-07-06,2024 Q3,673,Importer,Medium,365,Fine_Dine_Meat,Beer,28.949804,3.0,86.85,86.85,1.0,compliant,0.0
INV544543,2024-07-06,2024 Q3,692,Importer,Large,369,Fine_Dine_Meat,Wine,17.51163,10.67,186.85,135.37,0.7245,partially_compliant,51.48
INV547308,2024-07-06,2024 Q3,675,Importer,Small,374,Fine_Dine_Meat,Wine,20.724234,10.67,221.13,219.08,0.9907,compliant,2.05
INV547309,2024-07-06,2024 Q3,683,Importer,Small,374,Fine_Dine_Meat,Beer,31.086351,3.0,93.26,92.38,0.9906,compliant,0.88
INV549521,2024-07-06,2024 Q3,679,Importer,Large,378,Fine_Dine_Meat,Beer,23.31989,3.0,69.96,39.57,0.5657,partially_compliant,30.39
INV550073,2024-07-06,2024 Q3,686,Importer,Small,379,Fine_Dine_Meat,Wine,40.809555,10.67,435.44,267.74,0.6149,partially_compliant,167.7
INV551732,2024-07-06,2024 Q3,677,Importer,Small,382,Fine_Dine_Meat,Wine,9.574652,10.67,102.16,102.16,1.0,compliant,0.0
INV552838,2024-07-06,2024 Q3,682,Importer,Small,384,Fine_Dine_Meat,Wine,16.656425,10.67,177.72,109.28,0.6149,partially_compliant,68.45
INV552839,2024-07-06,2024 Q3,680,Importer,Medium,384,Fine_Dine_Meat,Beer,24.984638,3.0,74.95,74.75,0.9972,compliant,0.21
INV555050,2024-07-06,2024 Q3,686,Importer,Small,388,Fine_Dine_Meat,Wine,22.319319,10.67,238.15,146.43,0.6149,partially_compliant,91.72
INV555051,2024-07-06,2024 Q3,680,Importer,Medium,388,Fine_Dine_Meat,Beer,33.478978,3.0,100.44,100.16,0.9972,compliant,0.28
INV555603,2024-07-06,2024 Q3,680,Importer,Medium,389,Fine_Dine_Meat,Wine,19.064104,10.67,203.41,202.85,0.9972,compliant,0.56
INV556709,2024-07-06,2024 Q3,692,Importer,Large,391,Fine_Dine_Meat,Wine,18.296993,10.67,195.23,141.44,0.7245,partially_compliant,53.78
INV557263,2024-07-06,2024 Q3,692,Importer,Large,392,Fine_Dine_Meat,Beer,41.174568,3.0,123.52,89.49,0.7245,partially_compliant,34.03
INV558368,2024-07-06,2024 Q3,679,Importer,Large,394,Fine_Dine_Meat,Wine,27.831253,10.67,296.96,167.98,0.5657,partially_compliant,128.98
INV558921,2024-07-06,2024 Q3,686,Importer,Small,395,Fine_Dine_Meat,Wine,34.402519,10.67,367.07,225.71,0.6149,partially_compliant,141.37
INV559475,2024-07-06,2024 Q3,685,Importer,Small,396,Fine_Dine_Meat,Beer,60.445804,3.0,181.34,177.66,0.9797,compliant,3.67
INV560028,2024-07-06,2024 Q3,675,Importer,Small,397,Fine_Dine_Meat,Beer,29.542462,3.0,88.63,87.81,0.9907,compliant,0.82
INV561133,2024-07-06,2024 Q3,673,Importer,Medium,399,Fine_Dine_Meat,Wine,33.46787,10.67,357.1,357.1,1.0,compliant,0.0
INV566110,2024-07-06,2024 Q3,681,Importer,Small,408,Fine_Dine_Meat,Wine,37.434895,10.67,399.43,0.0,0.0,non_compliant,399.43
INV567769,2024-07-06,2024 Q3,673,Importer,Medium,411,Fine_Dine_Meat,Wine,16.464001,10.67,175.67,175.67,1.0,compliant,0.0
INV567770,2024-07-06,2024 Q3,673,Importer,Medium,411,Fine_Dine_Meat,Beer,24.696002,3.0,74.09,74.09,1.0,compliant,0.0
INV568322,2024-07-06,2024 Q3,680,Importer,Medium,412,Fine_Dine_Meat,Wine,36.644343,10.67,391.0,389.91,0.9972,compliant,1.08
INV569428,2024-07-06,2024 Q3,689,Importer,Small,414,Fine_Dine_Meat,Wine,18.952399,10.67,202.22,202.22,1.0,compliant,0.0
INV570534,2024-07-06,2024 Q3,680,Importer,Medium,416,Fine_Dine_Meat,Wine,20.884241,10.67,222.83,222.22,0.9972,compliant,0.62
INV571640,2024-07-06,2024 Q3,675,Importer,Small,418,Fine_Dine_Meat,Wine,37.611579,10.67,401.32,397.6,0.9907,compliant,3.72
INV573852,2024-07-06,2024 Q3,673,Importer,Medium,422,Fine_Dine_Meat,Wine,21.22231,10.67,226.44,226.44,1.0,compliant,0.0
INV576617,2024-07-06,2024 Q3,678,Importer,Medium,427,Fine_Dine_Meat,Wine,17.09891,10.67,182.45,105.84,0.5801,partially_compliant,76.6
INV577170,2024-07-06,2024 Q3,689,Importer,Small,428,Fine_Dine_Meat,Wine,15.528866,10.67,165.69,165.69,1.0,compliant,0.0
INV578276,2024-07-06,2024 Q3,685,Importer,Small,430,Fine_Dine_Meat,Wine,35.427377,10.67,378.01,370.35,0.9797,compliant,7.66
INV578829,2024-07-06,2024 Q3,692,Importer,Large,431,Fine_Dine_Meat,Wine,18.582916,10.67,198.28,143.66,0.7245,partially_compliant,54.62
INV579382,2024-07-06,2024 Q3,673,Importer,Medium,432,Fine_Dine_Meat,Wine,34.281317,10.67,365.78,365.78,1.0,compliant,0.0
INV579936,2024-07-06,2024 Q3,679,Importer,Large,433,Fine_Dine_Meat,Beer,17.702154,3.0,53.11,30.04,0.5657,partially_compliant,23.07
INV580489,2024-07-06,2024 Q3,692,Importer,Large,434,Fine_Dine_Meat,Beer,21.92534,3.0,65.78,47.66,0.7245,partially_compliant,18.12
INV581042,2024-07-06,2024 Q3,687,Importer,Medium,435,Fine_Dine_Meat,Beer,27.359691,3.0,82.08,57.22,0.6971,partially_compliant,24.86
INV583806,2024-07-06,2024 Q3,679,Importer,Large,440,Fine_Dine_Meat,Wine,18.934109,10.67,202.03,114.28,0.5657,partially_compliant,87.75
INV583807,2024-07-06,2024 Q3,692,Importer,Large,440,Fine_Dine_Meat,Beer,28.401164,3.0,85.2,61.73,0.7245,partially_compliant,23.47
INV587677,2024-07-06,2024 Q3,686,Importer,Small,447,Fine_Dine_Vegetarian,Wine,27.072182,10.67,288.86,177.61,0.6149,partially_compliant,111.25
INV588230,2024-07-06,2024 Q3,679,Importer,Large,448,Fine_Dine_Vegetarian,Wine,50.245055,10.67,536.11,303.26,0.5657,partially_compliant,232.86
INV588783,2024-07-06,2024 Q3,692,Importer,Large,449,Fine_Dine_Vegetarian,Wine,60.263557,10.67,643.01,465.87,0.7245,partially_compliant,177.15
INV589336,2024-07-06,2024 Q3,680,Importer,Medium,450,Fine_Dine_Vegetarian,Wine,70.873848,10.67,756.22,754.13,0.9972,compliant,2.09
INV590995,2024-07-06,2024 Q3,682,Importer,Small,453,Fine_Dine_Vegetarian,Wine,47.119655,10.67,502.77,309.14,0.6149,partially_compliant,193.63
INV592654,2024-07-06,2024 Q3,675,Importer,Small,456,Fine_Dine_Vegetarian,Wine,20.721628,10.67,221.1,219.05,0.9907,compliant,2.05
INV594313,2024-07-06,2024 Q3,673,Importer,Medium,459,Fine_Dine_Vegetarian,Wine,21.903177,10.67,233.71,233.71,1.0,compliant,0.0
INV595972,2024-07-06,2024 Q3,673,Importer,Medium,462,Fine_Dine_Vegetarian,Wine,18.590941,10.67,198.37,198.37,1.0,compliant,0.0
INV596525,2024-07-06,2024 Q3,690,Importer,Small,463,Fine_Dine_Vegetarian,Wine,43.233314,10.67,461.3,180.49,0.3913,partially_compliant,280.81
INV597078,2024-07-06,2024 Q3,677,Importer,Small,464,Fine_Dine_Vegetarian,Wine,23.406284,10.67,249.75,249.75,1.0,compliant,0.0
INV599843,2024-07-06,2024 Q3,682,Importer,Small,469,Fine_Dine_Vegetarian,Wine,13.216055,10.67,141.02,86.71,0.6149,partially_compliant,54.31
INV601502,2024-07-06,2024 Q3,689,Importer,Small,472,Fine_Dine_Vegetarian,Wine,19.672994,10.67,209.91,209.91,1.0,compliant,0.0
INV603714,2024-07-06,2024 Q3,692,Importer,Large,476,Fine_Dine_Vegetarian,Wine,22.261997,10.67,237.54,172.1,0.7245,partially_compliant,65.44
INV605373,2024-07-06,2024 Q3,673,Importer,Medium,479,Fine_Dine_Vegetarian,Wine,10.932375,10.67,116.65,116.65,1.0,compliant,0.0
INV607585,2024-07-06,2024 Q3,675,Importer,Small,483,Fine_Dine_Vegetarian,Wine,24.297524,10.67,259.25,256.85,0.9907,compliant,2.4
INV609244,2024-07-06,2024 Q3,692,Importer,Large,486,Fine_Dine_Vegetarian,Wine,36.857757,10.67,393.27,284.93,0.7245,partially_compliant,108.34
INV613668,2024-07-06,2024 Q3,686,Importer,Small,494,Fine_Dine_Vegetarian,Wine,16.840568,10.67,179.69,110.49,0.6149,partially_compliant,69.2
INV616986,2024-07-06,2024 Q3,673,Importer,Medium,500,Fine_Dine_Vegetarian,Wine,25.59635,10.67,273.11,273.11,1.0,compliant,0.0
INV402247,2024-07-13,2024 Q3,692,Importer,Large,203,Cafe,Coffee_Beans,27.827835,25.0,695.7,504.04,0.7245,partially_compliant,191.66
INV403985,2024-07-13,2024 Q3,680,Importer,Medium,205,Cafe,Coffee_Beans,5.65657,25.0,141.41,141.02,0.9972,compliant,0.39
INV405723,2024-07-13,2024 Q3,684,Importer,Medium,207,Cafe,Coffee_Beans,6.891407,25.0,172.29,172.29,1.0,compliant,0.0
INV415282,2024-07-13,2024 Q3,677,Importer,Small,218,Cafe,Coffee_Beans,15.921437,25.0,398.04,398.04,1.0,compliant,0.0
INV420496,2024-07-13,2024 Q3,686,Importer,Small,224,Cafe,Coffee_Beans,4.444095,25.0,111.1,68.31,0.6149,partially_compliant,42.79
INV423972,2024-07-13,2024 Q3,677,Importer,Small,228,Cafe,Coffee_Beans,6.561419,25.0,164.04,164.04,1.0,compliant,0.0
INV425710,2024-07-13,2024 Q3,682,Importer,Small,230,Cafe,Coffee_Beans,7.366146,25.0,184.15,113.23,0.6149,partially_compliant,70.92
INV426579,2024-07-13,2024 Q3,681,Importer,Small,231,Cafe,Coffee_Beans,6.829963,25.0,170.75,0.0,0.0,non_compliant,170.75
INV429186,2024-07-13,2024 Q3,673,Importer,Medium,234,Cafe,Coffee_Beans,6.27564,25.0,156.89,156.89,1.0,compliant,0.0
INV430055,2024-07-13,2024 Q3,673,Importer,Medium,235,Cafe,Coffee_Beans,29.765525,25.0,744.14,744.14,1.0,compliant,0.0
INV431793,2024-07-13,2024 Q3,683,Importer,Small,237,Cafe,Coffee_Beans,16.173875,25.0,404.35,400.55,0.9906,compliant,3.8
INV437876,2024-07-13,2024 Q3,682,Importer,Small,244,Cafe,Coffee_Beans,7.787691,25.0,194.69,119.71,0.6149,partially_compliant,74.98
INV439614,2024-07-13,2024 Q3,688,Importer,Small,246,Cafe,Coffee_Beans,11.870379,25.0,296.76,296.76,1.0,compliant,0.0
INV444828,2024-07-13,2024 Q3,675,Importer,Small,252,Cafe,Coffee_Beans,7.69194,25.0,192.3,190.52,0.9907,compliant,1.78
INV448304,2024-07-13,2024 Q3,678,Importer,Medium,256,Cafe,Coffee_Beans,11.338392,25.0,283.46,164.45,0.5801,partially_compliant,119.01
INV449173,2024-07-13,2024 Q3,680,Importer,Medium,257,Cafe,Coffee_Beans,29.526023,25.0,738.15,736.11,0.9972,compliant,2.04
INV454387,2024-07-13,2024 Q3,675,Importer,Small,263,Cafe,Coffee_Beans,5.959093,25.0,148.98,147.6,0.9907,compliant,1.38
INV459601,2024-07-13,2024 Q3,677,Importer,Small,269,Cafe,Coffee_Beans,5.791159,25.0,144.78,144.78,1.0,compliant,0.0
INV463946,2024-07-13,2024 Q3,673,Importer,Medium,274,Cafe,Coffee_Beans,7.197706,25.0,179.94,179.94,1.0,compliant,0.0
INV464815,2024-07-13,2024 Q3,689,Importer,Small,275,Cafe,Coffee_Beans,7.567926,25.0,189.2,189.2,1.0,compliant,0.0
INV465684,2024-07-13,2024 Q3,692,Importer,Large,276,Cafe,Coffee_Beans,6.824888,25.0,170.62,123.62,0.7245,partially_compliant,47.01
INV470029,2024-07-13,2024 Q3,689,Importer,Small,281,Cafe,Coffee_Beans,12.626798,25.0,315.67,315.67,1.0,compliant,0.0
INV475243,2024-07-13,2024 Q3,680,Importer,Medium,287,Cafe,Coffee_Beans,6.272617,25.0,156.82,156.38,0.9972,compliant,0.43
INV477850,2024-07-13,2024 Q3,675,Importer,Small,290,Cafe,Coffee_Beans,6.02552,25.0,150.64,149.24,0.9907,compliant,1.4
INV483933,2024-07-13,2024 Q3,689,Importer,Small,297,Cafe,Coffee_Beans,7.101827,25.0,177.55,177.55,1.0,compliant,0.0
INV484802,2024-07-13,2024 Q3,674,Importer,Small,298,Cafe,Coffee_Beans,6.113811,25.0,152.85,147.0,0.9617,compliant,5.85
INV490016,2024-07-13,2024 Q3,682,Importer,Small,304,Cafe,Coffee_Beans,6.041407,25.0,151.04,92.87,0.6149,partially_compliant,58.17
INV490885,2024-07-13,2024 Q3,682,Importer,Small,305,Cafe,Coffee_Beans,5.377547,25.0,134.44,82.66,0.6149,partially_compliant,51.78
INV496099,2024-07-13,2024 Q3,680,Importer,Medium,311,Cafe,Coffee_Beans,7.392215,25.0,184.81,184.29,0.9972,compliant,0.51
INV496968,2024-07-13,2024 Q3,689,Importer,Small,312,Cafe,Coffee_Beans,7.771377,25.0,194.28,194.28,1.0,compliant,0.0
INV497837,2024-07-13,2024 Q3,682,Importer,Small,313,Cafe,Coffee_Beans,4.9965,25.0,124.91,76.81,0.6149,partially_compliant,48.11
INV502182,2024-07-13,2024 Q3,688,Importer,Small,318,Cafe,Coffee_Beans,23.083342,25.0,577.08,577.08,1.0,compliant,0.0
INV507396,2024-07-13,2024 Q3,692,Importer,Large,324,Cafe,Coffee_Beans,7.348327,25.0,183.71,133.1,0.7245,partially_compliant,50.61
INV515217,2024-07-13,2024 Q3,678,Importer,Medium,333,Cafe,Coffee_Beans,6.242834,25.0,156.07,90.54,0.5801,partially_compliant,65.53
INV517824,2024-07-13,2024 Q3,690,Importer,Small,336,Cafe,Coffee_Beans,4.300826,25.0,107.52,42.07,0.3913,partially_compliant,65.45
INV522169,2024-07-13,2024 Q3,690,Importer,Small,341,Cafe,Coffee_Beans,6.994462,25.0,174.86,68.42,0.3913,partially_compliant,106.44
INV523038,2024-07-13,2024 Q3,686,Importer,Small,342,Cafe,Coffee_Beans,4.832128,25.0,120.8,74.28,0.6149,partially_compliant,46.52
INV523907,2024-07-13,2024 Q3,690,Importer,Small,343,Cafe,Coffee_Beans,15.015095,25.0,375.38,146.87,0.3913,partially_compliant,228.51
INV532597,2024-07-13,2024 Q3,686,Importer,Small,353,Cafe,Coffee_Beans,13.615738,25.0,340.39,209.3,0.6149,partially_compliant,131.09
INV534335,2024-07-13,2024 Q3,678,Importer,Medium,355,Cafe,Coffee_Beans,20.522456,25.0,513.06,297.65,0.5801,partially_compliant,215.41
INV536942,2024-07-13,2024 Q3,679,Importer,Large,358,Cafe,Coffee_Beans,7.239038,25.0,180.98,102.37,0.5657,partially_compliant,78.61
INV542339,2024-07-13,2024 Q3,673,Importer,Medium,365,Fine_Dine_Meat,Beer,28.488851,3.0,85.47,85.47,1.0,compliant,0.0
INV544550,2024-07-13,2024 Q3,692,Importer,Large,369,Fine_Dine_Meat,Wine,17.232801,10.67,183.87,133.22,0.7245,partially_compliant,50.66
INV547315,2024-07-13,2024 Q3,675,Importer,Small,374,Fine_Dine_Meat,Wine,20.394252,10.67,217.61,215.59,0.9907,compliant,2.02
INV547316,2024-07-13,2024 Q3,683,Importer,Small,374,Fine_Dine_Meat,Beer,30.591377,3.0,91.77,90.91,0.9906,compliant,0.86
INV549528,2024-07-13,2024 Q3,679,Importer,Large,378,Fine_Dine_Meat,Beer,22.948578,3.0,68.85,38.94,0.5657,partially_compliant,29.9
INV550080,2024-07-13,2024 Q3,686,Importer,Small,379,Fine_Dine_Meat,Wine,40.159764,10.67,428.5,263.48,0.6149,partially_compliant,165.03
INV551739,2024-07-13,2024 Q3,677,Importer,Small,382,Fine_Dine_Meat,Wine,9.916398,10.67,105.81,105.81,1.0,compliant,0.0
INV552845,2024-07-13,2024 Q3,682,Importer,Small,384,Fine_Dine_Meat,Wine,16.391213,10.67,174.89,107.54,0.6149,partially_compliant,67.36
INV552846,2024-07-13,2024 Q3,680,Importer,Medium,384,Fine_Dine_Meat,Beer,24.586819,3.0,73.76,73.56,0.9972,compliant,0.2
INV555057,2024-07-13,2024 Q3,686,Importer,Small,388,Fine_Dine_Meat,Wine,24.405286,10.67,260.4,160.12,0.6149,partially_compliant,100.29
INV555058,2024-07-13,2024 Q3,680,Importer,Medium,388,Fine_Dine_Meat,Beer,36.607928,3.0,109.82,109.52,0.9972,compliant,0.3
INV555610,2024-07-13,2024 Q3,680,Importer,Medium,389,Fine_Dine_Meat,Wine,18.760555,10.67,200.18,199.62,0.9972,compliant,0.55
INV556716,2024-07-13,2024 Q3,692,Importer,Large,391,Fine_Dine_Meat,Wine,18.005659,10.67,192.12,139.19,0.7245,partially_compliant,52.93
INV557270,2024-07-13,2024 Q3,692,Importer,Large,392,Fine_Dine_Meat,Beer,32.116023,3.0,96.35,69.8,0.7245,partially_compliant,26.54
INV558375,2024-07-13,2024 Q3,679,Importer,Large,394,Fine_Dine_Meat,Wine,27.388109,10.67,292.23,165.3,0.5657,partially_compliant,126.93
INV558928,2024-07-13,2024 Q3,686,Importer,Small,395,Fine_Dine_Meat,Wine,33.854744,10.67,361.23,222.11,0.6149,partially_compliant,139.12
INV559482,2024-07-13,2024 Q3,685,Importer,Small,396,Fine_Dine_Meat,Beer,59.483354,3.0,178.45,174.84,0.9797,compliant,3.61
INV560035,2024-07-13,2024 Q3,675,Importer,Small,397,Fine_Dine_Meat,Beer,23.823314,3.0,71.47,70.81,0.9907,compliant,0.66
INV561140,2024-07-13,2024 Q3,673,Importer,Medium,399,Fine_Dine_Meat,Wine,32.934977,10.67,351.42,351.42,1.0,compliant,0.0
INV566117,2024-07-13,2024 Q3,681,Importer,Small,408,Fine_Dine_Meat,Wine,36.838837,10.67,393.07,0.0,0.0,non_compliant,393.07
INV567776,2024-07-13,2024 Q3,673,Importer,Medium,411,Fine_Dine_Meat,Wine,16.201853,10.67,172.87,172.87,1.0,compliant,0.0
INV567777,2024-07-13,2024 Q3,673,Importer,Medium,411,Fine_Dine_Meat,Beer,24.302779,3.0,72.91,72.91,1.0,compliant,0.0
INV568329,2024-07-13,2024 Q3,680,Importer,Medium,412,Fine_Dine_Meat,Wine,36.060873,10.67,384.77,383.71,0.9972,compliant,1.06
INV569435,2024-07-13,2024 Q3,689,Importer,Small,414,Fine_Dine_Meat,Wine,20.339348,10.67,217.02,217.02,1.0,compliant,0.0
INV570541,2024-07-13,2024 Q3,680,Importer,Medium,416,Fine_Dine_Meat,Wine,20.551711,10.67,219.29,218.68,0.9972,compliant,0.61
INV571647,2024-07-13,2024 Q3,675,Importer,Small,418,Fine_Dine_Meat,Wine,37.012708,10.67,394.93,391.27,0.9907,compliant,3.66
INV573859,2024-07-13,2024 Q3,673,Importer,Medium,422,Fine_Dine_Meat,Wine,20.884398,10.67,222.84,222.84,1.0,compliant,0.0
INV576624,2024-07-13,2024 Q3,678,Importer,Medium,427,Fine_Dine_Meat,Wine,16.826652,10.67,179.54,104.16,0.5801,partially_compliant,75.38
INV577177,2024-07-13,2024 Q3,689,Importer,Small,428,Fine_Dine_Meat,Wine,15.281607,10.67,163.05,163.05,1.0,compliant,0.0
INV578283,2024-07-13,2024 Q3,685,Importer,Small,430,Fine_Dine_Meat,Wine,32.207622,10.67,343.66,336.69,0.9797,compliant,6.96
INV578836,2024-07-13,2024 Q3,692,Importer,Large,431,Fine_Dine_Meat,Wine,18.287029,10.67,195.12,141.37,0.7245,partially_compliant,53.75
INV579389,2024-07-13,2024 Q3,673,Importer,Medium,432,Fine_Dine_Meat,Wine,33.735472,10.67,359.96,359.96,1.0,compliant,0.0
INV579943,2024-07-13,2024 Q3,679,Importer,Large,433,Fine_Dine_Meat,Beer,20.773808,3.0,62.32,35.25,0.5657,partially_compliant,27.07
INV580496,2024-07-13,2024 Q3,692,Importer,Large,434,Fine_Dine_Meat,Beer,21.576233,3.0,64.73,46.9,0.7245,partially_compliant,17.83
INV581049,2024-07-13,2024 Q3,687,Importer,Medium,435,Fine_Dine_Meat,Beer,28.49916,3.0,85.5,59.6,0.6971,partially_compliant,25.89
INV583813,2024-07-13,2024 Q3,679,Importer,Large,440,Fine_Dine_Meat,Wine,18.632631,10.67,198.81,112.46,0.5657,partially_compliant,86.35
INV583814,2024-07-13,2024 Q3,692,Importer,Large,440,Fine_Dine_Meat,Beer,27.948946,3.0,83.85,60.75,0.7245,partially_compliant,23.1
INV587684,2024-07-13,2024 Q3,686,Importer,Small,447,Fine_Dine_Vegetarian,Wine,26.641125,10.67,284.26,174.79,0.6149,partially_compliant,109.48
INV588237,2024-07-13,2024 Q3,679,Importer,Large,448,Fine_Dine_Vegetarian,Wine,49.445027,10.67,527.58,298.43,0.5657,partially_compliant,229.15
INV588790,2024-07-13,2024 Q3,692,Importer,Large,449,Fine_Dine_Vegetarian,Wine,55.710783,10.67,594.43,430.67,0.7245,partially_compliant,163.76
INV589343,2024-07-13,2024 Q3,680,Importer,Medium,450,Fine_Dine_Vegetarian,Wine,69.745357,10.67,744.18,742.13,0.9972,compliant,2.06
INV591002,2024-07-13,2024 Q3,682,Importer,Small,453,Fine_Dine_Vegetarian,Wine,46.369391,10.67,494.76,304.22,0.6149,partially_compliant,190.54
INV592661,2024-07-13,2024 Q3,675,Importer,Small,456,Fine_Dine_Vegetarian,Wine,20.391688,10.67,217.58,215.56,0.9907,compliant,2.02
INV594320,2024-07-13,2024 Q3,673,Importer,Medium,459,Fine_Dine_Vegetarian,Wine,21.554424,10.67,229.99,229.99,1.0,compliant,0.0
INV595979,2024-07-13,2024 Q3,673,Importer,Medium,462,Fine_Dine_Vegetarian,Wine,18.294926,10.67,195.21,195.21,1.0,compliant,0.0
INV596532,2024-07-13,2024 Q3,690,Importer,Small,463,Fine_Dine_Vegetarian,Wine,42.54493,10.67,453.95,177.62,0.3913,partially_compliant,276.34
INV597085,2024-07-13,2024 Q3,677,Importer,Small,464,Fine_Dine_Vegetarian,Wine,23.033597,10.67,245.77,245.77,1.0,compliant,0.0
INV599850,2024-07-13,2024 Q3,682,Importer,Small,469,Fine_Dine_Vegetarian,Wine,17.150141,10.67,182.99,112.52,0.6149,partially_compliant,70.47
INV601509,2024-07-13,2024 Q3,689,Importer,Small,472,Fine_Dine_Vegetarian,Wine,19.359751,10.67,206.57,206.57,1.0,compliant,0.0
INV603721,2024-07-13,2024 Q3,692,Importer,Large,476,Fine_Dine_Vegetarian,Wine,21.90753,10.67,233.75,169.36,0.7245,partially_compliant,64.4
INV605380,2024-07-13,2024 Q3,673,Importer,Medium,479,Fine_Dine_Vegetarian,Wine,14.299225,10.67,152.57,152.57,1.0,compliant,0.0
INV607592,2024-07-13,2024 Q3,675,Importer,Small,483,Fine_Dine_Vegetarian,Wine,22.346901,10.67,238.44,236.23,0.9907,compliant,2.21
INV609251,2024-07-13,2024 Q3,692,Importer,Large,486,Fine_Dine_Vegetarian,Wine,36.270889,10.67,387.01,280.39,0.7245,partially_compliant,106.62
INV613675,2024-07-13,2024 Q3,686,Importer,Small,494,Fine_Dine_Vegetarian,Wine,17.335694,10.67,184.97,113.73,0.6149,partially_compliant,71.24
INV616993,2024-07-13,2024 Q3,673,Importer,Medium,500,Fine_Dine_Vegetarian,Wine,25.188791,10.67,268.76,268.76,1.0,compliant,0.0
INV402258,2024-07-20,2024 Q3,692,Importer,Large,203,Cafe,Coffee_Beans,29.397326,25.0,734.93,532.46,0.7245,partially_compliant,202.47
INV403996,2024-07-20,2024 Q3,680,Importer,Medium,205,Cafe,Coffee_Beans,5.9756,25.0,149.39,148.98,0.9972,compliant,0.41
INV405734,2024-07-20,2024 Q3,684,Importer,Medium,207,Cafe,Coffee_Beans,7.280082,25.0,182.0,182.0,1.0,compliant,0.0
INV415293,2024-07-20,2024 Q3,677,Importer,Small,218,Cafe,Coffee_Beans,16.819408,25.0,420.49,420.49,1.0,compliant,0.0
INV420507,2024-07-20,2024 Q3,686,Importer,Small,224,Cafe,Coffee_Beans,5.330619,25.0,133.27,81.94,0.6149,partially_compliant,51.32
INV423983,2024-07-20,2024 Q3,677,Importer,Small,228,Cafe,Coffee_Beans,6.931484,25.0,173.29,173.29,1.0,compliant,0.0
INV425721,2024-07-20,2024 Q3,682,Importer,Small,230,Cafe,Coffee_Beans,7.781597,25.0,194.54,119.62,0.6149,partially_compliant,74.92
INV426590,2024-07-20,2024 Q3,681,Importer,Small,231,Cafe,Coffee_Beans,7.215174,25.0,180.38,0.0,0.0,non_compliant,180.38
INV429197,2024-07-20,2024 Q3,673,Importer,Medium,234,Cafe,Coffee_Beans,6.629586,25.0,165.74,165.74,1.0,compliant,0.0
INV430066,2024-07-20,2024 Q3,673,Importer,Medium,235,Cafe,Coffee_Beans,31.444302,25.0,786.11,786.11,1.0,compliant,0.0
INV431804,2024-07-20,2024 Q3,683,Importer,Small,237,Cafe,Coffee_Beans,17.086083,25.0,427.15,423.14,0.9906,compliant,4.01
INV437887,2024-07-20,2024 Q3,682,Importer,Small,244,Cafe,Coffee_Beans,8.226918,25.0,205.67,126.46,0.6149,partially_compliant,79.21
INV439625,2024-07-20,2024 Q3,688,Importer,Small,246,Cafe,Coffee_Beans,13.596627,25.0,339.92,339.92,1.0,compliant,0.0
INV444839,2024-07-20,2024 Q3,675,Importer,Small,252,Cafe,Coffee_Beans,8.125766,25.0,203.14,201.26,0.9907,compliant,1.88
INV448315,2024-07-20,2024 Q3,678,Importer,Medium,256,Cafe,Coffee_Beans,11.977878,25.0,299.45,173.72,0.5801,partially_compliant,125.73
INV449184,2024-07-20,2024 Q3,680,Importer,Medium,257,Cafe,Coffee_Beans,31.191293,25.0,779.78,777.63,0.9972,compliant,2.16
INV454398,2024-07-20,2024 Q3,675,Importer,Small,263,Cafe,Coffee_Beans,6.295186,25.0,157.38,155.92,0.9907,compliant,1.46
INV459612,2024-07-20,2024 Q3,677,Importer,Small,269,Cafe,Coffee_Beans,6.117781,25.0,152.94,152.94,1.0,compliant,0.0
INV463957,2024-07-20,2024 Q3,673,Importer,Medium,274,Cafe,Coffee_Beans,7.603657,25.0,190.09,190.09,1.0,compliant,0.0
INV464826,2024-07-20,2024 Q3,689,Importer,Small,275,Cafe,Coffee_Beans,7.994757,25.0,199.87,199.87,1.0,compliant,0.0
INV465695,2024-07-20,2024 Q3,692,Importer,Large,276,Cafe,Coffee_Beans,7.209812,25.0,180.25,130.59,0.7245,partially_compliant,49.66
INV470040,2024-07-20,2024 Q3,689,Importer,Small,281,Cafe,Coffee_Beans,13.33895,25.0,333.47,333.47,1.0,compliant,0.0
INV475254,2024-07-20,2024 Q3,680,Importer,Medium,287,Cafe,Coffee_Beans,5.420849,25.0,135.52,135.15,0.9972,compliant,0.37
INV477861,2024-07-20,2024 Q3,675,Importer,Small,290,Cafe,Coffee_Beans,6.36536,25.0,159.13,157.66,0.9907,compliant,1.47
INV483944,2024-07-20,2024 Q3,689,Importer,Small,297,Cafe,Coffee_Beans,7.020357,25.0,175.51,175.51,1.0,compliant,0.0
INV484813,2024-07-20,2024 Q3,674,Importer,Small,298,Cafe,Coffee_Beans,6.45863,25.0,161.47,155.29,0.9617,compliant,6.18
INV490027,2024-07-20,2024 Q3,682,Importer,Small,304,Cafe,Coffee_Beans,6.382143,25.0,159.55,98.11,0.6149,partially_compliant,61.45
INV490896,2024-07-20,2024 Q3,682,Importer,Small,305,Cafe,Coffee_Beans,6.444185,25.0,161.1,99.06,0.6149,partially_compliant,62.04
INV496110,2024-07-20,2024 Q3,680,Importer,Medium,311,Cafe,Coffee_Beans,7.809136,25.0,195.23,194.69,0.9972,compliant,0.54
INV496979,2024-07-20,2024 Q3,689,Importer,Small,312,Cafe,Coffee_Beans,8.209684,25.0,205.24,205.24,1.0,compliant,0.0
INV497848,2024-07-20,2024 Q3,682,Importer,Small,313,Cafe,Coffee_Beans,6.540648,25.0,163.52,100.54,0.6149,partially_compliant,62.97
INV502193,2024-07-20,2024 Q3,688,Importer,Small,318,Cafe,Coffee_Beans,25.492732,25.0,637.32,637.32,1.0,compliant,0.0
INV507407,2024-07-20,2024 Q3,692,Importer,Large,324,Cafe,Coffee_Beans,7.762773,25.0,194.07,140.6,0.7245,partially_compliant,53.46
INV515228,2024-07-20,2024 Q3,678,Importer,Medium,333,Cafe,Coffee_Beans,6.594931,25.0,164.87,95.65,0.5801,partially_compliant,69.22
INV517835,2024-07-20,2024 Q3,690,Importer,Small,336,Cafe,Coffee_Beans,3.989437,25.0,99.74,39.02,0.3913,partially_compliant,60.71
INV522180,2024-07-20,2024 Q3,690,Importer,Small,341,Cafe,Coffee_Beans,7.38895,25.0,184.72,72.28,0.3913,partially_compliant,112.45
INV523049,2024-07-20,2024 Q3,686,Importer,Small,342,Cafe,Coffee_Beans,5.104661,25.0,127.62,78.47,0.6149,partially_compliant,49.15
INV523918,2024-07-20,2024 Q3,690,Importer,Small,343,Cafe,Coffee_Beans,15.008645,25.0,375.22,146.81,0.3913,partially_compliant,228.41
INV532608,2024-07-20,2024 Q3,686,Importer,Small,353,Cafe,Coffee_Beans,14.383667,25.0,359.59,221.1,0.6149,partially_compliant,138.49
INV534346,2024-07-20,2024 Q3,678,Importer,Medium,355,Cafe,Coffee_Beans,21.679924,25.0,542.0,314.44,0.5801,partially_compliant,227.56
INV536953,2024-07-20,2024 Q3,679,Importer,Large,358,Cafe,Coffee_Beans,7.64732,25.0,191.18,108.14,0.5657,partially_compliant,83.04
INV542346,2024-07-20,2024 Q3,673,Importer,Medium,365,Fine_Dine_Meat,Beer,29.852735,3.0,89.56,89.56,1.0,compliant,0.0
INV544557,2024-07-20,2024 Q3,692,Importer,Large,369,Fine_Dine_Meat,Wine,18.057809,10.67,192.68,139.6,0.7245,partially_compliant,53.08
INV547322,2024-07-20,2024 Q3,675,Importer,Small,374,Fine_Dine_Meat,Wine,21.370613,10.67,228.02,225.91,0.9907,compliant,2.11
INV547323,2024-07-20,2024 Q3,683,Importer,Small,374,Fine_Dine_Meat,Beer,32.055919,3.0,96.17,95.26,0.9906,compliant,0.9
INV549535,2024-07-20,2024 Q3,679,Importer,Large,378,Fine_Dine_Meat,Beer,24.047226,3.0,72.14,40.81,0.5657,partially_compliant,31.33
INV550087,2024-07-20,2024 Q3,686,Importer,Small,379,Fine_Dine_Meat,Wine,42.082385,10.67,449.02,276.09,0.6149,partially_compliant,172.93
INV551746,2024-07-20,2024 Q3,677,Importer,Small,382,Fine_Dine_Meat,Wine,11.280942,10.67,120.37,120.37,1.0,compliant,0.0
INV552852,2024-07-20,2024 Q3,682,Importer,Small,384,Fine_Dine_Meat,Wine,17.175931,10.67,183.27,112.69,0.6149,partially_compliant,70.58
INV552853,2024-07-20,2024 Q3,680,Importer,Medium,384,Fine_Dine_Meat,Beer,25.763897,3.0,77.29,77.08,0.9972,compliant,0.21
INV555064,2024-07-20,2024 Q3,686,Importer,Small,388,Fine_Dine_Meat,Wine,27.704932,10.67,295.61,181.76,0.6149,partially_compliant,113.85
INV555065,2024-07-20,2024 Q3,680,Importer,Medium,388,Fine_Dine_Meat,Beer,41.557399,3.0,124.67,124.33,0.9972,compliant,0.34
INV555617,2024-07-20,2024 Q3,680,Importer,Medium,389,Fine_Dine_Meat,Wine,19.658704,10.67,209.76,209.18,0.9972,compliant,0.58
INV556723,2024-07-20,2024 Q3,692,Importer,Large,391,Fine_Dine_Meat,Wine,18.867668,10.67,201.32,145.86,0.7245,partially_compliant,55.46
INV557277,2024-07-20,2024 Q3,692,Importer,Large,392,Fine_Dine_Meat,Beer,27.100783,3.0,81.3,58.9,0.7245,partially_compliant,22.4
INV558382,2024-07-20,2024 Q3,679,Importer,Large,394,Fine_Dine_Meat,Wine,28.699296,10.67,306.22,173.22,0.5657,partially_compliant,133.01
INV558935,2024-07-20,2024 Q3,686,Importer,Small,395,Fine_Dine_Meat,Wine,35.475516,10.67,378.52,232.75,0.6149,partially_compliant,145.78
INV559489,2024-07-20,2024 Q3,685,Importer,Small,396,Fine_Dine_Meat,Beer,62.33108,3.0,186.99,183.21,0.9797,compliant,3.79
INV560042,2024-07-20,2024 Q3,675,Importer,Small,397,Fine_Dine_Meat,Beer,20.695116,3.0,62.09,61.51,0.9907,compliant,0.58
INV561147,2024-07-20,2024 Q3,673,Importer,Medium,399,Fine_Dine_Meat,Wine,34.511717,10.67,368.24,368.24,1.0,compliant,0.0
INV566124,2024-07-20,2024 Q3,681,Importer,Small,408,Fine_Dine_Meat,Wine,38.602471,10.67,411.89,0.0,0.0,non_compliant,411.89
INV567783,2024-07-20,2024 Q3,673,Importer,Medium,411,Fine_Dine_Meat,Wine,16.977505,10.67,181.15,181.15,1.0,compliant,0.0
INV567784,2024-07-20,2024 Q3,673,Importer,Medium,411,Fine_Dine_Meat,Beer,25.466258,3.0,76.4,76.4,1.0,compliant,0.0
INV568336,2024-07-20,2024 Q3,680,Importer,Medium,412,Fine_Dine_Meat,Wine,37.787263,10.67,403.19,402.08,0.9972,compliant,1.11
INV569442,2024-07-20,2024 Q3,689,Importer,Small,414,Fine_Dine_Meat,Wine,23.719503,10.67,253.09,253.09,1.0,compliant,0.0
INV570548,2024-07-20,2024 Q3,680,Importer,Medium,416,Fine_Dine_Meat,Wine,21.53561,10.67,229.78,229.15,0.9972,compliant,0.64
INV571654,2024-07-20,2024 Q3,675,Importer,Small,418,Fine_Dine_Meat,Wine,38.784666,10.67,413.83,410.0,0.9907,compliant,3.84
INV573866,2024-07-20,2024 Q3,673,Importer,Medium,422,Fine_Dine_Meat,Wine,21.884224,10.67,233.5,233.5,1.0,compliant,0.0
INV576631,2024-07-20,2024 Q3,678,Importer,Medium,427,Fine_Dine_Meat,Wine,17.632217,10.67,188.14,109.15,0.5801,partially_compliant,78.99
INV577184,2024-07-20,2024 Q3,689,Importer,Small,428,Fine_Dine_Meat,Wine,16.013203,10.67,170.86,170.86,1.0,compliant,0.0
INV578290,2024-07-20,2024 Q3,685,Importer,Small,430,Fine_Dine_Meat,Wine,31.35593,10.67,334.57,327.79,0.9797,compliant,6.78
INV578843,2024-07-20,2024 Q3,692,Importer,Large,431,Fine_Dine_Meat,Wine,19.162508,10.67,204.46,148.14,0.7245,partially_compliant,56.33
INV579396,2024-07-20,2024 Q3,673,Importer,Medium,432,Fine_Dine_Meat,Wine,35.350535,10.67,377.19,377.19,1.0,compliant,0.0
INV579950,2024-07-20,2024 Q3,679,Importer,Large,433,Fine_Dine_Meat,Beer,24.386934,3.0,73.16,41.38,0.5657,partially_compliant,31.78
INV580503,2024-07-20,2024 Q3,692,Importer,Large,434,Fine_Dine_Meat,Beer,22.60918,3.0,67.83,49.14,0.7245,partially_compliant,18.69
INV581056,2024-07-20,2024 Q3,687,Importer,Medium,435,Fine_Dine_Meat,Beer,32.714574,3.0,98.14,68.42,0.6971,partially_compliant,29.72
INV583820,2024-07-20,2024 Q3,679,Importer,Large,440,Fine_Dine_Meat,Wine,19.524655,10.67,208.33,117.84,0.5657,partially_compliant,90.49
INV583821,2024-07-20,2024 Q3,692,Importer,Large,440,Fine_Dine_Meat,Beer,29.286983,3.0,87.86,63.66,0.7245,partially_compliant,24.21
INV587691,2024-07-20,2024 Q3,686,Importer,Small,447,Fine_Dine_Vegetarian,Wine,27.916551,10.67,297.87,183.15,0.6149,partially_compliant,114.72
INV588244,2024-07-20,2024 Q3,679,Importer,Large,448,Fine_Dine_Vegetarian,Wine,51.812174,10.67,552.84,312.72,0.5657,partially_compliant,240.12
INV588797,2024-07-20,2024 Q3,692,Importer,Large,449,Fine_Dine_Vegetarian,Wine,55.405476,10.67,591.18,428.31,0.7245,partially_compliant,162.86
INV589350,2024-07-20,2024 Q3,680,Importer,Medium,450,Fine_Dine_Vegetarian,Wine,73.084369,10.67,779.81,777.65,0.9972,compliant,2.16
INV591009,2024-07-20,2024 Q3,682,Importer,Small,453,Fine_Dine_Vegetarian,Wine,48.589294,10.67,518.45,318.78,0.6149,partially_compliant,199.66
INV592668,2024-07-20,2024 Q3,675,Importer,Small,456,Fine_Dine_Vegetarian,Wine,21.367926,10.67,228.0,225.88,0.9907,compliant,2.11
INV594327,2024-07-20,2024 Q3,673,Importer,Medium,459,Fine_Dine_Vegetarian,Wine,22.586327,10.67,241.0,241.0,1.0,compliant,0.0
INV595986,2024-07-20,2024 Q3,673,Importer,Medium,462,Fine_Dine_Vegetarian,Wine,19.170784,10.67,204.55,204.55,1.0,compliant,0.0
INV596539,2024-07-20,2024 Q3,690,Importer,Small,463,Fine_Dine_Vegetarian,Wine,44.58174,10.67,475.69,186.12,0.3913,partially_compliant,289.57
INV597092,2024-07-20,2024 Q3,677,Importer,Small,464,Fine_Dine_Vegetarian,Wine,24.136315,10.67,257.53,257.53,1.0,compliant,0.0
INV599857,2024-07-20,2024 Q3,682,Importer,Small,469,Fine_Dine_Vegetarian,Wine,22.466253,10.67,239.71,147.4,0.6149,partially_compliant,92.32
INV601516,2024-07-20,2024 Q3,689,Importer,Small,472,Fine_Dine_Vegetarian,Wine,20.286586,10.67,216.46,216.46,1.0,compliant,0.0
INV603728,2024-07-20,2024 Q3,692,Importer,Large,476,Fine_Dine_Vegetarian,Wine,22.956338,10.67,244.94,177.46,0.7245,partially_compliant,67.48
INV605387,2024-07-20,2024 Q3,673,Importer,Medium,479,Fine_Dine_Vegetarian,Wine,19.658638,10.67,209.76,209.76,1.0,compliant,0.0
INV607599,2024-07-20,2024 Q3,675,Importer,Small,483,Fine_Dine_Vegetarian,Wine,22.068273,10.67,235.47,233.29,0.9907,compliant,2.18
INV609258,2024-07-20,2024 Q3,692,Importer,Large,486,Fine_Dine_Vegetarian,Wine,38.007333,10.67,405.54,293.82,0.7245,partially_compliant,111.72
INV613682,2024-07-20,2024 Q3,686,Importer,Small,494,Fine_Dine_Vegetarian,Wine,18.852012,10.67,201.15,123.68,0.6149,partially_compliant,77.47
INV617000,2024-07-20,2024 Q3,673,Importer,Medium,500,Fine_Dine_Vegetarian,Wine,26.394688,10.67,281.63,281.63,1.0,compliant,0.0
INV402269,2024-07-27,2024 Q3,692,Importer,Large,203,Cafe,Coffee_Beans,29.67368,25.0,741.84,537.47,0.7245,partially_compliant,204.37
INV404007,2024-07-27,2024 Q3,680,Importer,Medium,205,Cafe,Coffee_Beans,6.039069,25.0,150.98,150.56,0.9972,compliant,0.42
INV405745,2024-07-27,2024 Q3,684,Importer,Medium,207,Cafe,Coffee_Beans,7.390953,25.0,184.77,184.77,1.0,compliant,0.0
INV415304,2024-07-27,2024 Q3,677,Importer,Small,218,Cafe,Coffee_Beans,17.105168,25.0,427.63,427.63,1.0,compliant,0.0
INV420518,2024-07-27,2024 Q3,686,Importer,Small,224,Cafe,Coffee_Beans,6.0468,25.0,151.17,92.95,0.6149,partially_compliant,58.22
INV423994,2024-07-27,2024 Q3,677,Importer,Small,228,Cafe,Coffee_Beans,7.079215,25.0,176.98,176.98,1.0,compliant,0.0
INV425732,2024-07-27,2024 Q3,682,Importer,Small,230,Cafe,Coffee_Beans,7.946966,25.0,198.67,122.16,0.6149,partially_compliant,76.51
INV426601,2024-07-27,2024 Q3,681,Importer,Small,231,Cafe,Coffee_Beans,7.344022,25.0,183.6,0.0,0.0,non_compliant,183.6
INV429208,2024-07-27,2024 Q3,673,Importer,Medium,234,Cafe,Coffee_Beans,6.734783,25.0,168.37,168.37,1.0,compliant,0.0
INV430077,2024-07-27,2024 Q3,673,Importer,Medium,235,Cafe,Coffee_Beans,31.938549,25.0,798.46,798.46,1.0,compliant,0.0
INV431815,2024-07-27,2024 Q3,683,Importer,Small,237,Cafe,Coffee_Beans,17.43821,25.0,435.96,431.86,0.9906,compliant,4.09
INV437898,2024-07-27,2024 Q3,682,Importer,Small,244,Cafe,Coffee_Beans,8.372656,25.0,209.32,128.7,0.6149,partially_compliant,80.61
INV439636,2024-07-27,2024 Q3,688,Importer,Small,246,Cafe,Coffee_Beans,14.321547,25.0,358.04,358.04,1.0,compliant,0.0
INV444850,2024-07-27,2024 Q3,675,Importer,Small,252,Cafe,Coffee_Beans,8.263555,25.0,206.59,204.67,0.9907,compliant,1.91
INV448326,2024-07-27,2024 Q3,678,Importer,Medium,256,Cafe,Coffee_Beans,12.102062,25.0,302.55,175.52,0.5801,partially_compliant,127.03
INV449195,2024-07-27,2024 Q3,680,Importer,Medium,257,Cafe,Coffee_Beans,31.646207,25.0,791.16,788.97,0.9972,compliant,2.19
INV454409,2024-07-27,2024 Q3,675,Importer,Small,263,Cafe,Coffee_Beans,6.433924,25.0,160.85,159.36,0.9907,compliant,1.49
INV459623,2024-07-27,2024 Q3,677,Importer,Small,269,Cafe,Coffee_Beans,6.242252,25.0,156.06,156.06,1.0,compliant,0.0
INV463968,2024-07-27,2024 Q3,673,Importer,Medium,274,Cafe,Coffee_Beans,7.704944,25.0,192.62,192.62,1.0,compliant,0.0
INV464837,2024-07-27,2024 Q3,689,Importer,Small,275,Cafe,Coffee_Beans,8.156236,25.0,203.91,203.91,1.0,compliant,0.0
INV465706,2024-07-27,2024 Q3,692,Importer,Large,276,Cafe,Coffee_Beans,7.32819,25.0,183.2,132.73,0.7245,partially_compliant,50.47
INV470051,2024-07-27,2024 Q3,689,Importer,Small,281,Cafe,Coffee_Beans,13.58259,25.0,339.56,339.56,1.0,compliant,0.0
INV475265,2024-07-27,2024 Q3,680,Importer,Medium,287,Cafe,Coffee_Beans,4.650284,25.0,116.26,115.94,0.9972,compliant,0.32
INV477872,2024-07-27,2024 Q3,675,Importer,Small,290,Cafe,Coffee_Beans,6.507532,25.0,162.69,161.18,0.9907,compliant,1.51
INV483955,2024-07-27,2024 Q3,689,Importer,Small,297,Cafe,Coffee_Beans,7.152596,25.0,178.81,178.81,1.0,compliant,0.0
INV484824,2024-07-27,2024 Q3,674,Importer,Small,298,Cafe,Coffee_Beans,6.666981,25.0,166.67,160.3,0.9617,compliant,6.38
INV490038,2024-07-27,2024 Q3,682,Importer,Small,304,Cafe,Coffee_Beans,6.520292,25.0,163.01,100.23,0.6149,partially_compliant,62.78
INV490907,2024-07-27,2024 Q3,682,Importer,Small,305,Cafe,Coffee_Beans,7.173048,25.0,179.33,110.26,0.6149,partially_compliant,69.06
INV496121,2024-07-27,2024 Q3,680,Importer,Medium,311,Cafe,Coffee_Beans,7.9663,25.0,199.16,198.61,0.9972,compliant,0.55
INV496990,2024-07-27,2024 Q3,689,Importer,Small,312,Cafe,Coffee_Beans,8.306316,25.0,207.66,207.66,1.0,compliant,0.0
INV497859,2024-07-27,2024 Q3,682,Importer,Small,313,Cafe,Coffee_Beans,7.715041,25.0,192.88,118.6,0.6149,partially_compliant,74.28
INV502204,2024-07-27,2024 Q3,688,Importer,Small,318,Cafe,Coffee_Beans,26.514585,25.0,662.86,662.86,1.0,compliant,0.0
INV507418,2024-07-27,2024 Q3,692,Importer,Large,324,Cafe,Coffee_Beans,7.857161,25.0,196.43,142.31,0.7245,partially_compliant,54.11
INV515239,2024-07-27,2024 Q3,678,Importer,Medium,333,Cafe,Coffee_Beans,6.684894,25.0,167.12,96.95,0.5801,partially_compliant,70.17
INV517846,2024-07-27,2024 Q3,690,Importer,Small,336,Cafe,Coffee_Beans,3.859235,25.0,96.48,37.75,0.3913,partially_compliant,58.73
INV522191,2024-07-27,2024 Q3,690,Importer,Small,341,Cafe,Coffee_Beans,7.311028,25.0,182.78,71.51,0.3913,partially_compliant,111.26
INV523060,2024-07-27,2024 Q3,686,Importer,Small,342,Cafe,Coffee_Beans,5.158088,25.0,128.95,79.29,0.6149,partially_compliant,49.66
INV523929,2024-07-27,2024 Q3,690,Importer,Small,343,Cafe,Coffee_Beans,14.520265,25.0,363.01,142.03,0.3913,partially_compliant,220.98
INV532619,2024-07-27,2024 Q3,686,Importer,Small,353,Cafe,Coffee_Beans,14.551109,25.0,363.78,223.68,0.6149,partially_compliant,140.1
INV534357,2024-07-27,2024 Q3,678,Importer,Medium,355,Cafe,Coffee_Beans,22.024767,25.0,550.62,319.44,0.5801,partially_compliant,231.18
INV536964,2024-07-27,2024 Q3,679,Importer,Large,358,Cafe,Coffee_Beans,7.771344,25.0,194.28,109.9,0.5657,partially_compliant,84.39
INV542353,2024-07-27,2024 Q3,673,Importer,Medium,365,Fine_Dine_Meat,Beer,31.165036,3.0,93.5,93.5,1.0,compliant,0.0
INV544564,2024-07-27,2024 Q3,692,Importer,Large,369,Fine_Dine_Meat,Wine,19.018549,10.67,202.93,147.02,0.7245,partially_compliant,55.91
INV547329,2024-07-27,2024 Q3,675,Importer,Small,374,Fine_Dine_Meat,Wine,22.471641,10.67,239.77,237.55,0.9907,compliant,2.22
INV547330,2024-07-27,2024 Q3,683,Importer,Small,374,Fine_Dine_Meat,Beer,33.707461,3.0,101.12,100.17,0.9906,compliant,0.95
INV549542,2024-07-27,2024 Q3,679,Importer,Large,378,Fine_Dine_Meat,Beer,25.242484,3.0,75.73,42.84,0.5657,partially_compliant,32.89
INV550094,2024-07-27,2024 Q3,686,Importer,Small,379,Fine_Dine_Meat,Wine,44.19309,10.67,471.54,289.94,0.6149,partially_compliant,181.6
INV551753,2024-07-27,2024 Q3,677,Importer,Small,382,Fine_Dine_Meat,Wine,12.529686,10.67,133.69,133.69,1.0,compliant,0.0
INV552859,2024-07-27,2024 Q3,682,Importer,Small,384,Fine_Dine_Meat,Wine,17.976732,10.67,191.81,117.94,0.6149,partially_compliant,73.87
INV552860,2024-07-27,2024 Q3,680,Importer,Medium,384,Fine_Dine_Meat,Beer,26.965098,3.0,80.9,80.67,0.9972,compliant,0.22
INV555071,2024-07-27,2024 Q3,686,Importer,Small,388,Fine_Dine_Meat,Wine,30.123392,10.67,321.42,197.63,0.6149,partially_compliant,123.78
INV555072,2024-07-27,2024 Q3,680,Importer,Medium,388,Fine_Dine_Meat,Beer,45.185088,3.0,135.56,135.18,0.9972,compliant,0.37
INV555624,2024-07-27,2024 Q3,680,Importer,Medium,389,Fine_Dine_Meat,Wine,20.529831,10.67,219.05,218.45,0.9972,compliant,0.61
INV556730,2024-07-27,2024 Q3,692,Importer,Large,391,Fine_Dine_Meat,Wine,18.906776,10.67,201.74,146.16,0.7245,partially_compliant,55.58
INV557284,2024-07-27,2024 Q3,692,Importer,Large,392,Fine_Dine_Meat,Beer,23.45849,3.0,70.38,50.99,0.7245,partially_compliant,19.39
INV558389,2024-07-27,2024 Q3,679,Importer,Large,394,Fine_Dine_Meat,Wine,29.926022,10.67,319.31,180.62,0.5657,partially_compliant,138.69
INV558942,2024-07-27,2024 Q3,686,Importer,Small,395,Fine_Dine_Meat,Wine,36.732359,10.67,391.93,240.99,0.6149,partially_compliant,150.94
INV559496,2024-07-27,2024 Q3,685,Importer,Small,396,Fine_Dine_Meat,Beer,65.015434,3.0,195.05,191.1,0.9797,compliant,3.95
INV560049,2024-07-27,2024 Q3,675,Importer,Small,397,Fine_Dine_Meat,Beer,18.332543,3.0,55.0,54.49,0.9907,compliant,0.51
INV561154,2024-07-27,2024 Q3,673,Importer,Medium,399,Fine_Dine_Meat,Wine,36.237664,10.67,386.66,386.66,1.0,compliant,0.0
INV566131,2024-07-27,2024 Q3,681,Importer,Small,408,Fine_Dine_Meat,Wine,40.660349,10.67,433.85,0.0,0.0,non_compliant,433.85
INV567790,2024-07-27,2024 Q3,673,Importer,Medium,411,Fine_Dine_Meat,Wine,17.705124,10.67,188.91,188.91,1.0,compliant,0.0
INV567791,2024-07-27,2024 Q3,673,Importer,Medium,411,Fine_Dine_Meat,Beer,26.557685,3.0,79.67,79.67,1.0,compliant,0.0
INV568343,2024-07-27,2024 Q3,680,Importer,Medium,412,Fine_Dine_Meat,Wine,39.611377,10.67,422.65,421.48,0.9972,compliant,1.17
INV569449,2024-07-27,2024 Q3,689,Importer,Small,414,Fine_Dine_Meat,Wine,26.680035,10.67,284.68,284.68,1.0,compliant,0.0
INV570555,2024-07-27,2024 Q3,680,Importer,Medium,416,Fine_Dine_Meat,Wine,22.578323,10.67,240.91,240.24,0.9972,compliant,0.67
INV571661,2024-07-27,2024 Q3,675,Importer,Small,418,Fine_Dine_Meat,Wine,40.695951,10.67,434.23,430.2,0.9907,compliant,4.02
INV573873,2024-07-27,2024 Q3,673,Importer,Medium,422,Fine_Dine_Meat,Wine,22.967356,10.67,245.06,245.06,1.0,compliant,0.0
INV576638,2024-07-27,2024 Q3,678,Importer,Medium,427,Fine_Dine_Meat,Wine,18.093933,10.67,193.06,112.0,0.5801,partially_compliant,81.06
INV577191,2024-07-27,2024 Q3,689,Importer,Small,428,Fine_Dine_Meat,Wine,16.856304,10.67,179.86,179.86,1.0,compliant,0.0
INV578297,2024-07-27,2024 Q3,685,Importer,Small,430,Fine_Dine_Meat,Wine,30.595248,10.67,326.45,319.84,0.9797,compliant,6.61
INV578850,2024-07-27,2024 Q3,692,Importer,Large,431,Fine_Dine_Meat,Wine,20.006941,10.67,213.47,154.66,0.7245,partially_compliant,58.81
INV579403,2024-07-27,2024 Q3,673,Importer,Medium,432,Fine_Dine_Meat,Wine,36.408051,10.67,388.47,388.47,1.0,compliant,0.0
INV579957,2024-07-27,2024 Q3,679,Importer,Large,433,Fine_Dine_Meat,Beer,26.950239,3.0,80.85,45.73,0.5657,partially_compliant,35.12
INV580510,2024-07-27,2024 Q3,692,Importer,Large,434,Fine_Dine_Meat,Beer,23.626947,3.0,70.88,51.35,0.7245,partially_compliant,19.53
INV581063,2024-07-27,2024 Q3,687,Importer,Medium,435,Fine_Dine_Meat,Beer,36.837763,3.0,110.51,77.04,0.6971,partially_compliant,33.47
INV583827,2024-07-27,2024 Q3,679,Importer,Large,440,Fine_Dine_Meat,Wine,20.477632,10.67,218.5,123.59,0.5657,partially_compliant,94.9
INV583828,2024-07-27,2024 Q3,692,Importer,Large,440,Fine_Dine_Meat,Beer,30.716448,3.0,92.15,66.76,0.7245,partially_compliant,25.39
INV587698,2024-07-27,2024 Q3,686,Importer,Small,447,Fine_Dine_Vegetarian,Wine,29.374087,10.67,313.42,192.72,0.6149,partially_compliant,120.71
INV588251,2024-07-27,2024 Q3,679,Importer,Large,448,Fine_Dine_Vegetarian,Wine,54.560848,10.67,582.16,329.31,0.5657,partially_compliant,252.86
INV588804,2024-07-27,2024 Q3,692,Importer,Large,449,Fine_Dine_Vegetarian,Wine,55.684335,10.67,594.15,430.47,0.7245,partially_compliant,163.68
INV589357,2024-07-27,2024 Q3,680,Importer,Medium,450,Fine_Dine_Vegetarian,Wine,76.777704,10.67,819.22,816.95,0.9972,compliant,2.27
INV591016,2024-07-27,2024 Q3,682,Importer,Small,453,Fine_Dine_Vegetarian,Wine,50.938652,10.67,543.52,334.2,0.6149,partially_compliant,209.32
INV592675,2024-07-27,2024 Q3,675,Importer,Small,456,Fine_Dine_Vegetarian,Wine,22.479845,10.67,239.86,237.64,0.9907,compliant,2.22
INV594334,2024-07-27,2024 Q3,673,Importer,Medium,459,Fine_Dine_Vegetarian,Wine,23.528675,10.67,251.05,251.05,1.0,compliant,0.0
INV595993,2024-07-27,2024 Q3,673,Importer,Medium,462,Fine_Dine_Vegetarian,Wine,20.169146,10.67,215.2,215.2,1.0,compliant,0.0
INV596546,2024-07-27,2024 Q3,690,Importer,Small,463,Fine_Dine_Vegetarian,Wine,46.915272,10.67,500.59,195.86,0.3913,partially_compliant,304.73
INV597099,2024-07-27,2024 Q3,677,Importer,Small,464,Fine_Dine_Vegetarian,Wine,25.309381,10.67,270.05,270.05,1.0,compliant,0.0
INV599864,2024-07-27,2024 Q3,682,Importer,Small,469,Fine_Dine_Vegetarian,Wine,27.332473,10.67,291.64,179.32,0.6149,partially_compliant,112.32
INV601523,2024-07-27,2024 Q3,689,Importer,Small,472,Fine_Dine_Vegetarian,Wine,21.210561,10.67,226.32,226.32,1.0,compliant,0.0
INV603735,2024-07-27,2024 Q3,692,Importer,Large,476,Fine_Dine_Vegetarian,Wine,24.132363,10.67,257.49,186.56,0.7245,partially_compliant,70.94
INV605394,2024-07-27,2024 Q3,673,Importer,Medium,479,Fine_Dine_Vegetarian,Wine,24.702672,10.67,263.58,263.58,1.0,compliant,0.0
INV607606,2024-07-27,2024 Q3,675,Importer,Small,483,Fine_Dine_Vegetarian,Wine,21.697822,10.67,231.52,229.37,0.9907,compliant,2.15
INV609265,2024-07-27,2024 Q3,692,Importer,Large,486,Fine_Dine_Vegetarian,Wine,39.860628,10.67,425.31,308.14,0.7245,partially_compliant,117.17
INV613689,2024-07-27,2024 Q3,686,Importer,Small,494,Fine_Dine_Vegetarian,Wine,20.626751,10.67,220.09,135.33,0.6149,partially_compliant,84.76
INV617007,2024-07-27,2024 Q3,673,Importer,Medium,500,Fine_Dine_Vegetarian,Wine,27.710926,10.67,295.68,295.68,1.0,compliant,0.0
INV402280,2024-08-03,2024 Q3,692,Importer,Large,203,Cafe,Coffee_Beans,28.560011,25.0,714.0,517.3,0.7245,partially_compliant,196.7
INV404018,2024-08-03,2024 Q3,680,Importer,Medium,205,Cafe,Coffee_Beans,5.831384,25.0,145.78,145.38,0.9972,compliant,0.4
INV405756,2024-08-03,2024 Q3,684,Importer,Medium,207,Cafe,Coffee_Beans,7.223892,25.0,180.6,180.6,1.0,compliant,0.0
INV415315,2024-08-03,2024 Q3,677,Importer,Small,218,Cafe,Coffee_Beans,16.795086,25.0,419.88,419.88,1.0,compliant,0.0
INV420529,2024-08-03,2024 Q3,686,Importer,Small,224,Cafe,Coffee_Beans,7.488844,25.0,187.22,115.12,0.6149,partially_compliant,72.1
INV424005,2024-08-03,2024 Q3,677,Importer,Small,228,Cafe,Coffee_Beans,7.028214,25.0,175.71,175.71,1.0,compliant,0.0
INV425743,2024-08-03,2024 Q3,682,Importer,Small,230,Cafe,Coffee_Beans,7.888475,25.0,197.21,121.26,0.6149,partially_compliant,75.95
INV426612,2024-08-03,2024 Q3,681,Importer,Small,231,Cafe,Coffee_Beans,7.227053,25.0,180.68,0.0,0.0,non_compliant,180.68
INV429219,2024-08-03,2024 Q3,673,Importer,Medium,234,Cafe,Coffee_Beans,6.593496,25.0,164.84,164.84,1.0,compliant,0.0
INV430088,2024-08-03,2024 Q3,673,Importer,Medium,235,Cafe,Coffee_Beans,31.256374,25.0,781.41,781.41,1.0,compliant,0.0
INV431826,2024-08-03,2024 Q3,683,Importer,Small,237,Cafe,Coffee_Beans,17.281664,25.0,432.04,427.98,0.9906,compliant,4.06
INV437909,2024-08-03,2024 Q3,682,Importer,Small,244,Cafe,Coffee_Beans,8.236266,25.0,205.91,126.61,0.6149,partially_compliant,79.3
INV439647,2024-08-03,2024 Q3,688,Importer,Small,246,Cafe,Coffee_Beans,12.932488,25.0,323.31,323.31,1.0,compliant,0.0
INV444861,2024-08-03,2024 Q3,675,Importer,Small,252,Cafe,Coffee_Beans,8.113066,25.0,202.83,200.95,0.9907,compliant,1.88
INV448337,2024-08-03,2024 Q3,678,Importer,Medium,256,Cafe,Coffee_Beans,11.677985,25.0,291.95,169.37,0.5801,partially_compliant,122.58
INV449206,2024-08-03,2024 Q3,680,Importer,Medium,257,Cafe,Coffee_Beans,30.878923,25.0,771.97,769.84,0.9972,compliant,2.13
INV454420,2024-08-03,2024 Q3,675,Importer,Small,263,Cafe,Coffee_Beans,6.399311,25.0,159.98,158.5,0.9907,compliant,1.48
INV459634,2024-08-03,2024 Q3,677,Importer,Small,269,Cafe,Coffee_Beans,6.182073,25.0,154.55,154.55,1.0,compliant,0.0
INV463979,2024-08-03,2024 Q3,673,Importer,Medium,274,Cafe,Coffee_Beans,7.493276,25.0,187.33,187.33,1.0,compliant,0.0
INV464848,2024-08-03,2024 Q3,689,Importer,Small,275,Cafe,Coffee_Beans,8.074567,25.0,201.86,201.86,1.0,compliant,0.0
INV465717,2024-08-03,2024 Q3,692,Importer,Large,276,Cafe,Coffee_Beans,7.184721,25.0,179.62,130.13,0.7245,partially_compliant,49.48
INV470062,2024-08-03,2024 Q3,689,Importer,Small,281,Cafe,Coffee_Beans,13.380266,25.0,334.51,334.51,1.0,compliant,0.0
INV475276,2024-08-03,2024 Q3,680,Importer,Medium,287,Cafe,Coffee_Beans,5.06229,25.0,126.56,126.21,0.9972,compliant,0.35
INV477883,2024-08-03,2024 Q3,675,Importer,Small,290,Cafe,Coffee_Beans,6.47737,25.0,161.93,160.43,0.9907,compliant,1.5
INV483966,2024-08-03,2024 Q3,689,Importer,Small,297,Cafe,Coffee_Beans,8.778786,25.0,219.47,219.47,1.0,compliant,0.0
INV484835,2024-08-03,2024 Q3,674,Importer,Small,298,Cafe,Coffee_Beans,6.800619,25.0,170.02,163.51,0.9617,compliant,6.51
INV490049,2024-08-03,2024 Q3,682,Importer,Small,304,Cafe,Coffee_Beans,6.478782,25.0,161.97,99.59,0.6149,partially_compliant,62.38
INV490918,2024-08-03,2024 Q3,682,Importer,Small,305,Cafe,Coffee_Beans,7.45393,25.0,186.35,114.58,0.6149,partially_compliant,71.77
INV496132,2024-08-03,2024 Q3,680,Importer,Medium,311,Cafe,Coffee_Beans,7.885078,25.0,197.13,196.58,0.9972,compliant,0.55
INV497001,2024-08-03,2024 Q3,689,Importer,Small,312,Cafe,Coffee_Beans,8.045162,25.0,201.13,201.13,1.0,compliant,0.0
INV497870,2024-08-03,2024 Q3,682,Importer,Small,313,Cafe,Coffee_Beans,8.983705,25.0,224.59,138.1,0.6149,partially_compliant,86.5
INV502215,2024-08-03,2024 Q3,688,Importer,Small,318,Cafe,Coffee_Beans,24.359062,25.0,608.98,608.98,1.0,compliant,0.0
INV507429,2024-08-03,2024 Q3,692,Importer,Large,324,Cafe,Coffee_Beans,7.61795,25.0,190.45,137.98,0.7245,partially_compliant,52.47
INV515250,2024-08-03,2024 Q3,678,Importer,Medium,333,Cafe,Coffee_Beans,6.50672,25.0,162.67,94.37,0.5801,partially_compliant,68.3
INV517857,2024-08-03,2024 Q3,690,Importer,Small,336,Cafe,Coffee_Beans,3.763204,25.0,94.08,36.81,0.3913,partially_compliant,57.27
INV522202,2024-08-03,2024 Q3,690,Importer,Small,341,Cafe,Coffee_Beans,6.653445,25.0,166.34,65.08,0.3913,partially_compliant,101.26
INV523071,2024-08-03,2024 Q3,686,Importer,Small,342,Cafe,Coffee_Beans,4.978645,25.0,124.47,76.53,0.6149,partially_compliant,47.93
INV523940,2024-08-03,2024 Q3,690,Importer,Small,343,Cafe,Coffee_Beans,12.862556,25.0,321.56,125.82,0.3913,partially_compliant,195.75
INV532630,2024-08-03,2024 Q3,686,Importer,Small,353,Cafe,Coffee_Beans,14.088787,25.0,352.22,216.57,0.6149,partially_compliant,135.65
INV534368,2024-08-03,2024 Q3,678,Importer,Medium,355,Cafe,Coffee_Beans,21.564866,25.0,539.12,312.77,0.5801,partially_compliant,226.36
INV536975,2024-08-03,2024 Q3,679,Importer,Large,358,Cafe,Coffee_Beans,7.615229,25.0,190.38,107.69,0.5657,partially_compliant,82.69
INV542360,2024-08-03,2024 Q3,673,Importer,Medium,365,Fine_Dine_Meat,Beer,30.005986,3.0,90.02,90.02,1.0,compliant,0.0
INV544571,2024-08-03,2024 Q3,692,Importer,Large,369,Fine_Dine_Meat,Wine,18.750234,10.67,200.06,144.95,0.7245,partially_compliant,55.12
INV547336,2024-08-03,2024 Q3,675,Importer,Small,374,Fine_Dine_Meat,Wine,22.060863,10.67,235.39,233.21,0.9907,compliant,2.18
INV547337,2024-08-03,2024 Q3,683,Importer,Small,374,Fine_Dine_Meat,Beer,33.091294,3.0,99.27,98.34,0.9906,compliant,0.93
INV549549,2024-08-03,2024 Q3,679,Importer,Large,378,Fine_Dine_Meat,Beer,24.667034,3.0,74.0,41.86,0.5657,partially_compliant,32.14
INV550101,2024-08-03,2024 Q3,686,Importer,Small,379,Fine_Dine_Meat,Wine,43.235363,10.67,461.32,283.66,0.6149,partially_compliant,177.67
INV551760,2024-08-03,2024 Q3,677,Importer,Small,382,Fine_Dine_Meat,Wine,12.382127,10.67,132.12,132.12,1.0,compliant,0.0
INV552866,2024-08-03,2024 Q3,682,Importer,Small,384,Fine_Dine_Meat,Wine,17.428509,10.67,185.96,114.34,0.6149,partially_compliant,71.62
INV552867,2024-08-03,2024 Q3,680,Importer,Medium,384,Fine_Dine_Meat,Beer,26.142763,3.0,78.43,78.21,0.9972,compliant,0.22
INV555078,2024-08-03,2024 Q3,686,Importer,Small,388,Fine_Dine_Meat,Wine,29.240104,10.67,311.99,191.84,0.6149,partially_compliant,120.16
INV555079,2024-08-03,2024 Q3,680,Importer,Medium,388,Fine_Dine_Meat,Beer,43.860155,3.0,131.58,131.22,0.9972,compliant,0.36
INV555631,2024-08-03,2024 Q3,680,Importer,Medium,389,Fine_Dine_Meat,Wine,19.78458,10.67,211.1,210.52,0.9972,compliant,0.58
INV556737,2024-08-03,2024 Q3,692,Importer,Large,391,Fine_Dine_Meat,Wine,16.125305,10.67,172.06,124.66,0.7245,partially_compliant,47.4
INV557291,2024-08-03,2024 Q3,692,Importer,Large,392,Fine_Dine_Meat,Beer,20.424477,3.0,61.27,44.39,0.7245,partially_compliant,16.88
INV558396,2024-08-03,2024 Q3,679,Importer,Large,394,Fine_Dine_Meat,Wine,28.72135,10.67,306.46,173.35,0.5657,partially_compliant,133.11
INV558949,2024-08-03,2024 Q3,686,Importer,Small,395,Fine_Dine_Meat,Wine,34.5704,10.67,368.87,226.81,0.6149,partially_compliant,142.06
INV559503,2024-08-03,2024 Q3,685,Importer,Small,396,Fine_Dine_Meat,Beer,62.451071,3.0,187.35,183.56,0.9797,compliant,3.8
INV560056,2024-08-03,2024 Q3,675,Importer,Small,397,Fine_Dine_Meat,Beer,16.593147,3.0,49.78,49.32,0.9907,compliant,0.46
INV561161,2024-08-03,2024 Q3,673,Importer,Medium,399,Fine_Dine_Meat,Wine,35.43917,10.67,378.14,378.14,1.0,compliant,0.0
INV566138,2024-08-03,2024 Q3,681,Importer,Small,408,Fine_Dine_Meat,Wine,40.097372,10.67,427.84,0.0,0.0,non_compliant,427.84
INV567797,2024-08-03,2024 Q3,673,Importer,Medium,411,Fine_Dine_Meat,Wine,16.997484,10.67,181.36,181.36,1.0,compliant,0.0
INV567798,2024-08-03,2024 Q3,673,Importer,Medium,411,Fine_Dine_Meat,Beer,25.496226,3.0,76.49,76.49,1.0,compliant,0.0
INV568350,2024-08-03,2024 Q3,680,Importer,Medium,412,Fine_Dine_Meat,Wine,38.566907,10.67,411.51,410.37,0.9972,compliant,1.14
INV569456,2024-08-03,2024 Q3,689,Importer,Small,414,Fine_Dine_Meat,Wine,23.916633,10.67,255.19,255.19,1.0,compliant,0.0
INV570562,2024-08-03,2024 Q3,680,Importer,Medium,416,Fine_Dine_Meat,Wine,21.991148,10.67,234.65,234.0,0.9972,compliant,0.65
INV571668,2024-08-03,2024 Q3,675,Importer,Small,418,Fine_Dine_Meat,Wine,39.725079,10.67,423.87,419.94,0.9907,compliant,3.93
INV573880,2024-08-03,2024 Q3,673,Importer,Medium,422,Fine_Dine_Meat,Wine,22.431704,10.67,239.35,239.35,1.0,compliant,0.0
INV576645,2024-08-03,2024 Q3,678,Importer,Medium,427,Fine_Dine_Meat,Wine,16.59688,10.67,177.09,102.74,0.5801,partially_compliant,74.35
INV577198,2024-08-03,2024 Q3,689,Importer,Small,428,Fine_Dine_Meat,Wine,16.595403,10.67,177.07,177.07,1.0,compliant,0.0
INV578304,2024-08-03,2024 Q3,685,Importer,Small,430,Fine_Dine_Meat,Wine,26.343957,10.67,281.09,275.4,0.9797,compliant,5.69
INV578857,2024-08-03,2024 Q3,692,Importer,Large,431,Fine_Dine_Meat,Wine,19.2683,10.67,205.59,148.95,0.7245,partially_compliant,56.64
INV579410,2024-08-03,2024 Q3,673,Importer,Medium,432,Fine_Dine_Meat,Wine,33.748419,10.67,360.1,360.1,1.0,compliant,0.0
INV579964,2024-08-03,2024 Q3,679,Importer,Large,433,Fine_Dine_Meat,Beer,20.062046,3.0,60.19,34.04,0.5657,partially_compliant,26.14
INV580517,2024-08-03,2024 Q3,692,Importer,Large,434,Fine_Dine_Meat,Beer,22.81106,3.0,68.43,49.58,0.7245,partially_compliant,18.85
INV581070,2024-08-03,2024 Q3,687,Importer,Medium,435,Fine_Dine_Meat,Beer,43.262039,3.0,129.79,90.48,0.6971,partially_compliant,39.31
INV583834,2024-08-03,2024 Q3,679,Importer,Large,440,Fine_Dine_Meat,Wine,19.965067,10.67,213.03,120.5,0.5657,partially_compliant,92.53
INV583835,2024-08-03,2024 Q3,692,Importer,Large,440,Fine_Dine_Meat,Beer,29.947601,3.0,89.84,65.09,0.7245,partially_compliant,24.75
INV587705,2024-08-03,2024 Q3,686,Importer,Small,447,Fine_Dine_Vegetarian,Wine,28.887413,10.67,308.23,189.52,0.6149,partially_compliant,118.71
INV588258,2024-08-03,2024 Q3,679,Importer,Large,448,Fine_Dine_Vegetarian,Wine,53.770466,10.67,573.73,324.53,0.5657,partially_compliant,249.2
INV588811,2024-08-03,2024 Q3,692,Importer,Large,449,Fine_Dine_Vegetarian,Wine,53.335574,10.67,569.09,412.31,0.7245,partially_compliant,156.78
INV589364,2024-08-03,2024 Q3,680,Importer,Medium,450,Fine_Dine_Vegetarian,Wine,75.186185,10.67,802.24,800.02,0.9972,compliant,2.22
INV591023,2024-08-03,2024 Q3,682,Importer,Small,453,Fine_Dine_Vegetarian,Wine,49.605442,10.67,529.29,325.45,0.6149,partially_compliant,203.84
INV592682,2024-08-03,2024 Q3,675,Importer,Small,456,Fine_Dine_Vegetarian,Wine,22.097715,10.67,235.78,233.6,0.9907,compliant,2.19
INV594341,2024-08-03,2024 Q3,673,Importer,Medium,459,Fine_Dine_Vegetarian,Wine,22.520751,10.67,240.3,240.3,1.0,compliant,0.0
INV596000,2024-08-03,2024 Q3,673,Importer,Medium,462,Fine_Dine_Vegetarian,Wine,19.828319,10.67,211.57,211.57,1.0,compliant,0.0
INV596553,2024-08-03,2024 Q3,690,Importer,Small,463,Fine_Dine_Vegetarian,Wine,46.153359,10.67,492.46,192.68,0.3913,partially_compliant,299.78
INV597106,2024-08-03,2024 Q3,677,Importer,Small,464,Fine_Dine_Vegetarian,Wine,24.662784,10.67,263.15,263.15,1.0,compliant,0.0
INV599871,2024-08-03,2024 Q3,682,Importer,Small,469,Fine_Dine_Vegetarian,Wine,27.250101,10.67,290.76,178.78,0.6149,partially_compliant,111.98
INV601530,2024-08-03,2024 Q3,689,Importer,Small,472,Fine_Dine_Vegetarian,Wine,20.506391,10.67,218.8,218.8,1.0,compliant,0.0
INV603742,2024-08-03,2024 Q3,692,Importer,Large,476,Fine_Dine_Vegetarian,Wine,23.673734,10.67,252.6,183.01,0.7245,partially_compliant,69.59
INV605401,2024-08-03,2024 Q3,673,Importer,Medium,479,Fine_Dine_Vegetarian,Wine,28.270451,10.67,301.65,301.65,1.0,compliant,0.0
INV607613,2024-08-03,2024 Q3,675,Importer,Small,483,Fine_Dine_Vegetarian,Wine,16.616027,10.67,177.29,175.65,0.9907,compliant,1.64
INV609272,2024-08-03,2024 Q3,692,Importer,Large,486,Fine_Dine_Vegetarian,Wine,38.858183,10.67,414.62,300.39,0.7245,partially_compliant,114.22
INV613696,2024-08-03,2024 Q3,686,Importer,Small,494,Fine_Dine_Vegetarian,Wine,24.322536,10.67,259.52,159.57,0.6149,partially_compliant,99.95
INV617014,2024-08-03,2024 Q3,673,Importer,Medium,500,Fine_Dine_Vegetarian,Wine,27.090453,10.67,289.06,289.06,1.0,compliant,0.0
INV402291,2024-08-10,2024 Q3,692,Importer,Large,203,Cafe,Coffee_Beans,27.333309,25.0,683.33,495.08,0.7245,partially_compliant,188.25
INV404029,2024-08-10,2024 Q3,680,Importer,Medium,205,Cafe,Coffee_Beans,5.580916,25.0,139.52,139.14,0.9972,compliant,0.39
INV405767,2024-08-10,2024 Q3,684,Importer,Medium,207,Cafe,Coffee_Beans,6.913614,25.0,172.84,172.84,1.0,compliant,0.0
INV415326,2024-08-10,2024 Q3,677,Importer,Small,218,Cafe,Coffee_Beans,16.073708,25.0,401.84,401.84,1.0,compliant,0.0
INV420540,2024-08-10,2024 Q3,686,Importer,Small,224,Cafe,Coffee_Beans,8.777831,25.0,219.45,134.93,0.6149,partially_compliant,84.51
INV424016,2024-08-10,2024 Q3,677,Importer,Small,228,Cafe,Coffee_Beans,6.72634,25.0,168.16,168.16,1.0,compliant,0.0
INV425754,2024-08-10,2024 Q3,682,Importer,Small,230,Cafe,Coffee_Beans,7.549652,25.0,188.74,116.05,0.6149,partially_compliant,72.69
INV426623,2024-08-10,2024 Q3,681,Importer,Small,231,Cafe,Coffee_Beans,6.916639,25.0,172.92,0.0,0.0,non_compliant,172.92
INV429230,2024-08-10,2024 Q3,673,Importer,Medium,234,Cafe,Coffee_Beans,6.310294,25.0,157.76,157.76,1.0,compliant,0.0
INV430099,2024-08-10,2024 Q3,673,Importer,Medium,235,Cafe,Coffee_Beans,29.913858,25.0,747.85,747.85,1.0,compliant,0.0
INV431837,2024-08-10,2024 Q3,683,Importer,Small,237,Cafe,Coffee_Beans,16.539387,25.0,413.48,409.6,0.9906,compliant,3.88
INV437920,2024-08-10,2024 Q3,682,Importer,Small,244,Cafe,Coffee_Beans,7.882504,25.0,197.06,121.17,0.6149,partially_compliant,75.89
INV439658,2024-08-10,2024 Q3,688,Importer,Small,246,Cafe,Coffee_Beans,10.844427,25.0,271.11,271.11,1.0,compliant,0.0
INV444872,2024-08-10,2024 Q3,675,Importer,Small,252,Cafe,Coffee_Beans,7.764596,25.0,194.11,192.32,0.9907,compliant,1.8
INV448348,2024-08-10,2024 Q3,678,Importer,Medium,256,Cafe,Coffee_Beans,11.176396,25.0,279.41,162.1,0.5801,partially_compliant,117.31
INV449217,2024-08-10,2024 Q3,680,Importer,Medium,257,Cafe,Coffee_Beans,29.55262,25.0,738.82,736.77,0.9972,compliant,2.04
INV454431,2024-08-10,2024 Q3,675,Importer,Small,263,Cafe,Coffee_Beans,6.12445,25.0,153.11,151.69,0.9907,compliant,1.42
INV459645,2024-08-10,2024 Q3,677,Importer,Small,269,Cafe,Coffee_Beans,5.916542,25.0,147.91,147.91,1.0,compliant,0.0
INV463990,2024-08-10,2024 Q3,673,Importer,Medium,274,Cafe,Coffee_Beans,7.171427,25.0,179.29,179.29,1.0,compliant,0.0
INV464859,2024-08-10,2024 Q3,689,Importer,Small,275,Cafe,Coffee_Beans,7.727751,25.0,193.19,193.19,1.0,compliant,0.0
INV465728,2024-08-10,2024 Q3,692,Importer,Large,276,Cafe,Coffee_Beans,6.876125,25.0,171.9,124.55,0.7245,partially_compliant,47.36
INV470073,2024-08-10,2024 Q3,689,Importer,Small,281,Cafe,Coffee_Beans,12.805561,25.0,320.14,320.14,1.0,compliant,0.0
INV475287,2024-08-10,2024 Q3,680,Importer,Medium,287,Cafe,Coffee_Beans,5.557413,25.0,138.94,138.55,0.9972,compliant,0.38
INV477894,2024-08-10,2024 Q3,675,Importer,Small,290,Cafe,Coffee_Beans,6.199156,25.0,154.98,153.54,0.9907,compliant,1.44
INV483977,2024-08-10,2024 Q3,689,Importer,Small,297,Cafe,Coffee_Beans,10.464673,25.0,261.62,261.62,1.0,compliant,0.0
INV484846,2024-08-10,2024 Q3,674,Importer,Small,298,Cafe,Coffee_Beans,6.508521,25.0,162.71,156.49,0.9617,compliant,6.23
INV490060,2024-08-10,2024 Q3,682,Importer,Small,304,Cafe,Coffee_Beans,6.200507,25.0,155.01,95.31,0.6149,partially_compliant,59.7
INV490929,2024-08-10,2024 Q3,682,Importer,Small,305,Cafe,Coffee_Beans,7.49342,25.0,187.34,115.19,0.6149,partially_compliant,72.15
INV496143,2024-08-10,2024 Q3,680,Importer,Medium,311,Cafe,Coffee_Beans,7.5464,25.0,188.66,188.14,0.9972,compliant,0.52
INV497012,2024-08-10,2024 Q3,689,Importer,Small,312,Cafe,Coffee_Beans,7.699608,25.0,192.49,192.49,1.0,compliant,0.0
INV497881,2024-08-10,2024 Q3,682,Importer,Small,313,Cafe,Coffee_Beans,9.910642,25.0,247.77,152.35,0.6149,partially_compliant,95.42
INV502226,2024-08-10,2024 Q3,688,Importer,Small,318,Cafe,Coffee_Beans,21.706406,25.0,542.66,542.66,1.0,compliant,0.0
INV507440,2024-08-10,2024 Q3,692,Importer,Large,324,Cafe,Coffee_Beans,7.290746,25.0,182.27,132.05,0.7245,partially_compliant,50.21
INV515261,2024-08-10,2024 Q3,678,Importer,Medium,333,Cafe,Coffee_Beans,6.227245,25.0,155.68,90.32,0.5801,partially_compliant,65.36
INV517868,2024-08-10,2024 Q3,690,Importer,Small,336,Cafe,Coffee_Beans,3.601567,25.0,90.04,35.23,0.3913,partially_compliant,54.81
INV522213,2024-08-10,2024 Q3,690,Importer,Small,341,Cafe,Coffee_Beans,6.367668,25.0,159.19,62.29,0.3913,partially_compliant,96.91
INV523082,2024-08-10,2024 Q3,686,Importer,Small,342,Cafe,Coffee_Beans,4.764804,25.0,119.12,73.24,0.6149,partially_compliant,45.88
INV523951,2024-08-10,2024 Q3,690,Importer,Small,343,Cafe,Coffee_Beans,11.179364,25.0,279.48,109.35,0.3913,partially_compliant,170.13
INV532641,2024-08-10,2024 Q3,686,Importer,Small,353,Cafe,Coffee_Beans,13.48365,25.0,337.09,207.27,0.6149,partially_compliant,129.82
INV534379,2024-08-10,2024 Q3,678,Importer,Medium,355,Cafe,Coffee_Beans,20.638618,25.0,515.97,299.33,0.5801,partially_compliant,216.63
INV536986,2024-08-10,2024 Q3,679,Importer,Large,358,Cafe,Coffee_Beans,7.288142,25.0,182.2,103.06,0.5657,partially_compliant,79.14
INV542367,2024-08-10,2024 Q3,673,Importer,Medium,365,Fine_Dine_Meat,Beer,28.181027,3.0,84.54,84.54,1.0,compliant,0.0
INV544578,2024-08-10,2024 Q3,692,Importer,Large,369,Fine_Dine_Meat,Wine,17.609848,10.67,187.9,136.13,0.7245,partially_compliant,51.76
INV547343,2024-08-10,2024 Q3,675,Importer,Small,374,Fine_Dine_Meat,Wine,20.719125,10.67,221.07,219.02,0.9907,compliant,2.05
INV547344,2024-08-10,2024 Q3,683,Importer,Small,374,Fine_Dine_Meat,Beer,31.078687,3.0,93.24,92.36,0.9906,compliant,0.88
INV549556,2024-08-10,2024 Q3,679,Importer,Large,378,Fine_Dine_Meat,Beer,23.166789,3.0,69.5,39.31,0.5657,partially_compliant,30.19
INV550108,2024-08-10,2024 Q3,686,Importer,Small,379,Fine_Dine_Meat,Wine,40.605796,10.67,433.26,266.4,0.6149,partially_compliant,166.86
INV551767,2024-08-10,2024 Q3,677,Importer,Small,382,Fine_Dine_Meat,Wine,11.723987,10.67,125.09,125.09,1.0,compliant,0.0
INV552873,2024-08-10,2024 Q3,682,Importer,Small,384,Fine_Dine_Meat,Wine,16.36851,10.67,174.65,107.39,0.6149,partially_compliant,67.26
INV552874,2024-08-10,2024 Q3,680,Importer,Medium,384,Fine_Dine_Meat,Beer,24.552764,3.0,73.66,73.45,0.9972,compliant,0.2
INV555085,2024-08-10,2024 Q3,686,Importer,Small,388,Fine_Dine_Meat,Wine,27.424522,10.67,292.62,179.93,0.6149,partially_compliant,112.69
INV555086,2024-08-10,2024 Q3,680,Importer,Medium,388,Fine_Dine_Meat,Beer,41.136783,3.0,123.41,123.07,0.9972,compliant,0.34
INV555638,2024-08-10,2024 Q3,680,Importer,Medium,389,Fine_Dine_Meat,Wine,18.581285,10.67,198.26,197.71,0.9972,compliant,0.55
INV556744,2024-08-10,2024 Q3,692,Importer,Large,391,Fine_Dine_Meat,Wine,15.144566,10.67,161.59,117.07,0.7245,partially_compliant,44.52
INV557298,2024-08-10,2024 Q3,692,Importer,Large,392,Fine_Dine_Meat,Beer,17.794585,3.0,53.38,38.68,0.7245,partially_compliant,14.71
INV558403,2024-08-10,2024 Q3,679,Importer,Large,394,Fine_Dine_Meat,Wine,26.974522,10.67,287.82,162.81,0.5657,partially_compliant,125.01
INV558956,2024-08-10,2024 Q3,686,Importer,Small,395,Fine_Dine_Meat,Wine,32.467834,10.67,346.43,213.01,0.6149,partially_compliant,133.42
INV559510,2024-08-10,2024 Q3,685,Importer,Small,396,Fine_Dine_Meat,Beer,58.652807,3.0,175.96,172.39,0.9797,compliant,3.56
INV560063,2024-08-10,2024 Q3,675,Importer,Small,397,Fine_Dine_Meat,Beer,15.569096,3.0,46.71,46.27,0.9907,compliant,0.43
INV561168,2024-08-10,2024 Q3,673,Importer,Medium,399,Fine_Dine_Meat,Wine,33.283766,10.67,355.14,355.14,1.0,compliant,0.0
INV566145,2024-08-10,2024 Q3,681,Importer,Small,408,Fine_Dine_Meat,Wine,37.658657,10.67,401.82,0.0,0.0,non_compliant,401.82
INV567804,2024-08-10,2024 Q3,673,Importer,Medium,411,Fine_Dine_Meat,Wine,15.9637,10.67,170.33,170.33,1.0,compliant,0.0
INV567805,2024-08-10,2024 Q3,673,Importer,Medium,411,Fine_Dine_Meat,Beer,23.94555,3.0,71.84,71.84,1.0,compliant,0.0
INV568357,2024-08-10,2024 Q3,680,Importer,Medium,412,Fine_Dine_Meat,Wine,36.221274,10.67,386.48,385.41,0.9972,compliant,1.07
INV569463,2024-08-10,2024 Q3,689,Importer,Small,414,Fine_Dine_Meat,Wine,20.073709,10.67,214.19,214.19,1.0,compliant,0.0
INV570569,2024-08-10,2024 Q3,680,Importer,Medium,416,Fine_Dine_Meat,Wine,20.65365,10.67,220.37,219.77,0.9972,compliant,0.61
INV571675,2024-08-10,2024 Q3,675,Importer,Small,418,Fine_Dine_Meat,Wine,37.309007,10.67,398.09,394.4,0.9907,compliant,3.69
INV573887,2024-08-10,2024 Q3,673,Importer,Medium,422,Fine_Dine_Meat,Wine,21.067412,10.67,224.79,224.79,1.0,compliant,0.0
INV576652,2024-08-10,2024 Q3,678,Importer,Medium,427,Fine_Dine_Meat,Wine,15.587461,10.67,166.32,96.49,0.5801,partially_compliant,69.83
INV577205,2024-08-10,2024 Q3,689,Importer,Small,428,Fine_Dine_Meat,Wine,15.586073,10.67,166.3,166.3,1.0,compliant,0.0
INV578311,2024-08-10,2024 Q3,685,Importer,Small,430,Fine_Dine_Meat,Wine,21.689323,10.67,231.43,226.74,0.9797,compliant,4.69
INV578864,2024-08-10,2024 Q3,692,Importer,Large,431,Fine_Dine_Meat,Wine,18.096405,10.67,193.09,139.89,0.7245,partially_compliant,53.19
INV579417,2024-08-10,2024 Q3,673,Importer,Medium,432,Fine_Dine_Meat,Wine,31.695846,10.67,338.19,338.19,1.0,compliant,0.0
INV579971,2024-08-10,2024 Q3,679,Importer,Large,433,Fine_Dine_Meat,Beer,13.407613,3.0,40.22,22.75,0.5657,partially_compliant,17.47
INV580524,2024-08-10,2024 Q3,692,Importer,Large,434,Fine_Dine_Meat,Beer,21.423695,3.0,64.27,46.56,0.7245,partially_compliant,17.71
INV581077,2024-08-10,2024 Q3,687,Importer,Medium,435,Fine_Dine_Meat,Beer,46.92515,3.0,140.78,98.14,0.6971,partially_compliant,42.64
INV583841,2024-08-10,2024 Q3,679,Importer,Large,440,Fine_Dine_Meat,Wine,18.750795,10.67,200.07,113.17,0.5657,partially_compliant,86.9
INV583842,2024-08-10,2024 Q3,692,Importer,Large,440,Fine_Dine_Meat,Beer,28.126193,3.0,84.38,61.13,0.7245,partially_compliant,23.25
INV587712,2024-08-10,2024 Q3,686,Importer,Small,447,Fine_Dine_Vegetarian,Wine,27.130485,10.67,289.48,178.0,0.6149,partially_compliant,111.49
INV588265,2024-08-10,2024 Q3,679,Importer,Large,448,Fine_Dine_Vegetarian,Wine,50.500156,10.67,538.84,304.8,0.5657,partially_compliant,234.04
INV588818,2024-08-10,2024 Q3,692,Importer,Large,449,Fine_Dine_Vegetarian,Wine,49.800357,10.67,531.37,384.98,0.7245,partially_compliant,146.39
INV589371,2024-08-10,2024 Q3,680,Importer,Medium,450,Fine_Dine_Vegetarian,Wine,70.613374,10.67,753.44,751.36,0.9972,compliant,2.08
INV591030,2024-08-10,2024 Q3,682,Importer,Small,453,Fine_Dine_Vegetarian,Wine,46.588447,10.67,497.1,305.66,0.6149,partially_compliant,191.44
INV592689,2024-08-10,2024 Q3,675,Importer,Small,456,Fine_Dine_Vegetarian,Wine,20.753736,10.67,221.44,219.39,0.9907,compliant,2.05
INV594348,2024-08-10,2024 Q3,673,Importer,Medium,459,Fine_Dine_Vegetarian,Wine,21.151043,10.67,225.68,225.68,1.0,compliant,0.0
INV596007,2024-08-10,2024 Q3,673,Importer,Medium,462,Fine_Dine_Vegetarian,Wine,18.622364,10.67,198.7,198.7,1.0,compliant,0.0
INV596560,2024-08-10,2024 Q3,690,Importer,Small,463,Fine_Dine_Vegetarian,Wine,43.34632,10.67,462.51,180.96,0.3913,partially_compliant,281.54
INV597113,2024-08-10,2024 Q3,677,Importer,Small,464,Fine_Dine_Vegetarian,Wine,23.162798,10.67,247.15,247.15,1.0,compliant,0.0
INV599878,2024-08-10,2024 Q3,682,Importer,Small,469,Fine_Dine_Vegetarian,Wine,25.628285,10.67,273.45,168.14,0.6149,partially_compliant,105.31
INV601537,2024-08-10,2024 Q3,689,Importer,Small,472,Fine_Dine_Vegetarian,Wine,19.259196,10.67,205.5,205.5,1.0,compliant,0.0
INV603749,2024-08-10,2024 Q3,692,Importer,Large,476,Fine_Dine_Vegetarian,Wine,22.233901,10.67,237.24,171.88,0.7245,partially_compliant,65.36
INV605408,2024-08-10,2024 Q3,673,Importer,Medium,479,Fine_Dine_Vegetarian,Wine,30.172949,10.67,321.95,321.95,1.0,compliant,0.0
INV607620,2024-08-10,2024 Q3,675,Importer,Small,483,Fine_Dine_Vegetarian,Wine,11.560857,10.67,123.35,122.21,0.9907,compliant,1.14
INV609279,2024-08-10,2024 Q3,692,Importer,Large,486,Fine_Dine_Vegetarian,Wine,36.494835,10.67,389.4,282.12,0.7245,partially_compliant,107.28
INV613703,2024-08-10,2024 Q3,686,Importer,Small,494,Fine_Dine_Vegetarian,Wine,27.130621,10.67,289.48,178.0,0.6149,partially_compliant,111.49
INV617021,2024-08-10,2024 Q3,673,Importer,Medium,500,Fine_Dine_Vegetarian,Wine,25.442816,10.67,271.47,271.47,1.0,compliant,0.0
INV402302,2024-08-17,2024 Q3,692,Importer,Large,203,Cafe,Coffee_Beans,27.697713,25.0,692.44,501.68,0.7245,partially_compliant,190.76
INV404040,2024-08-17,2024 Q3,680,Importer,Medium,205,Cafe,Coffee_Beans,5.65532,25.0,141.38,140.99,0.9972,compliant,0.39
INV405778,2024-08-17,2024 Q3,684,Importer,Medium,207,Cafe,Coffee_Beans,7.005785,25.0,175.14,175.14,1.0,compliant,0.0
INV415337,2024-08-17,2024 Q3,677,Importer,Small,218,Cafe,Coffee_Beans,16.288,25.0,407.2,407.2,1.0,compliant,0.0
INV420551,2024-08-17,2024 Q3,686,Importer,Small,224,Cafe,Coffee_Beans,10.300215,25.0,257.51,158.33,0.6149,partially_compliant,99.17
INV424027,2024-08-17,2024 Q3,677,Importer,Small,228,Cafe,Coffee_Beans,6.816015,25.0,170.4,170.4,1.0,compliant,0.0
INV425765,2024-08-17,2024 Q3,682,Importer,Small,230,Cafe,Coffee_Beans,7.650303,25.0,191.26,117.6,0.6149,partially_compliant,73.66
INV426634,2024-08-17,2024 Q3,681,Importer,Small,231,Cafe,Coffee_Beans,7.00885,25.0,175.22,0.0,0.0,non_compliant,175.22
INV429241,2024-08-17,2024 Q3,673,Importer,Medium,234,Cafe,Coffee_Beans,6.394422,25.0,159.86,159.86,1.0,compliant,0.0
INV430110,2024-08-17,2024 Q3,673,Importer,Medium,235,Cafe,Coffee_Beans,30.312666,25.0,757.82,757.82,1.0,compliant,0.0
INV431848,2024-08-17,2024 Q3,683,Importer,Small,237,Cafe,Coffee_Beans,16.759887,25.0,419.0,415.06,0.9906,compliant,3.93
INV437931,2024-08-17,2024 Q3,682,Importer,Small,244,Cafe,Coffee_Beans,7.987593,25.0,199.69,122.79,0.6149,partially_compliant,76.9
INV439669,2024-08-17,2024 Q3,688,Importer,Small,246,Cafe,Coffee_Beans,9.649378,25.0,241.23,241.23,1.0,compliant,0.0
INV444883,2024-08-17,2024 Q3,675,Importer,Small,252,Cafe,Coffee_Beans,7.868113,25.0,196.7,194.88,0.9907,compliant,1.82
INV448359,2024-08-17,2024 Q3,678,Importer,Medium,256,Cafe,Coffee_Beans,11.325398,25.0,283.13,164.26,0.5801,partially_compliant,118.88
INV449228,2024-08-17,2024 Q3,680,Importer,Medium,257,Cafe,Coffee_Beans,29.946612,25.0,748.67,746.6,0.9972,compliant,2.07
INV454442,2024-08-17,2024 Q3,675,Importer,Small,263,Cafe,Coffee_Beans,6.2061,25.0,155.15,153.71,0.9907,compliant,1.44
INV459656,2024-08-17,2024 Q3,677,Importer,Small,269,Cafe,Coffee_Beans,5.995421,25.0,149.89,149.89,1.0,compliant,0.0
INV464001,2024-08-17,2024 Q3,673,Importer,Medium,274,Cafe,Coffee_Beans,7.267035,25.0,181.68,181.68,1.0,compliant,0.0
INV464870,2024-08-17,2024 Q3,689,Importer,Small,275,Cafe,Coffee_Beans,7.830776,25.0,195.77,195.77,1.0,compliant,0.0
INV465739,2024-08-17,2024 Q3,692,Importer,Large,276,Cafe,Coffee_Beans,6.967797,25.0,174.19,126.21,0.7245,partially_compliant,47.99
INV470084,2024-08-17,2024 Q3,689,Importer,Small,281,Cafe,Coffee_Beans,12.976283,25.0,324.41,324.41,1.0,compliant,0.0
INV475298,2024-08-17,2024 Q3,680,Importer,Medium,287,Cafe,Coffee_Beans,6.20566,25.0,155.14,154.71,0.9972,compliant,0.43
INV477905,2024-08-17,2024 Q3,675,Importer,Small,290,Cafe,Coffee_Beans,6.281802,25.0,157.05,155.59,0.9907,compliant,1.46
INV483988,2024-08-17,2024 Q3,689,Importer,Small,297,Cafe,Coffee_Beans,12.06189,25.0,301.55,301.55,1.0,compliant,0.0
INV484857,2024-08-17,2024 Q3,674,Importer,Small,298,Cafe,Coffee_Beans,6.595291,25.0,164.88,158.57,0.9617,compliant,6.31
INV490071,2024-08-17,2024 Q3,682,Importer,Small,304,Cafe,Coffee_Beans,6.283171,25.0,157.08,96.58,0.6149,partially_compliant,60.49
INV490940,2024-08-17,2024 Q3,682,Importer,Small,305,Cafe,Coffee_Beans,7.90076,25.0,197.52,121.45,0.6149,partially_compliant,76.07
INV496154,2024-08-17,2024 Q3,680,Importer,Medium,311,Cafe,Coffee_Beans,7.647008,25.0,191.18,190.65,0.9972,compliant,0.53
INV497023,2024-08-17,2024 Q3,689,Importer,Small,312,Cafe,Coffee_Beans,7.802259,25.0,195.06,195.06,1.0,compliant,0.0
INV497892,2024-08-17,2024 Q3,682,Importer,Small,313,Cafe,Coffee_Beans,11.127112,25.0,278.18,171.05,0.6149,partially_compliant,107.13
INV502237,2024-08-17,2024 Q3,688,Importer,Small,318,Cafe,Coffee_Beans,20.759057,25.0,518.98,518.98,1.0,compliant,0.0
INV507451,2024-08-17,2024 Q3,692,Importer,Large,324,Cafe,Coffee_Beans,7.387945,25.0,184.7,133.82,0.7245,partially_compliant,50.88
INV515272,2024-08-17,2024 Q3,678,Importer,Medium,333,Cafe,Coffee_Beans,6.310266,25.0,157.76,91.52,0.5801,partially_compliant,66.24
INV517879,2024-08-17,2024 Q3,690,Importer,Small,336,Cafe,Coffee_Beans,3.649583,25.0,91.24,35.7,0.3913,partially_compliant,55.54
INV522224,2024-08-17,2024 Q3,690,Importer,Small,341,Cafe,Coffee_Beans,6.452561,25.0,161.31,63.12,0.3913,partially_compliant,98.2
INV523093,2024-08-17,2024 Q3,686,Importer,Small,342,Cafe,Coffee_Beans,4.828328,25.0,120.71,74.22,0.6149,partially_compliant,46.49
INV523962,2024-08-17,2024 Q3,690,Importer,Small,343,Cafe,Coffee_Beans,10.480227,25.0,262.01,102.51,0.3913,partially_compliant,159.49
INV532652,2024-08-17,2024 Q3,686,Importer,Small,353,Cafe,Coffee_Beans,13.663412,25.0,341.59,210.03,0.6149,partially_compliant,131.55
INV534390,2024-08-17,2024 Q3,678,Importer,Medium,355,Cafe,Coffee_Beans,20.913769,25.0,522.84,303.32,0.5801,partially_compliant,219.52
INV536997,2024-08-17,2024 Q3,679,Importer,Large,358,Cafe,Coffee_Beans,7.385306,25.0,184.63,104.44,0.5657,partially_compliant,80.19
INV542374,2024-08-17,2024 Q3,673,Importer,Medium,365,Fine_Dine_Meat,Beer,28.637762,3.0,85.91,85.91,1.0,compliant,0.0
INV544585,2024-08-17,2024 Q3,692,Importer,Large,369,Fine_Dine_Meat,Wine,17.895254,10.67,190.94,138.34,0.7245,partially_compliant,52.6
INV547350,2024-08-17,2024 Q3,675,Importer,Small,374,Fine_Dine_Meat,Wine,21.054923,10.67,224.66,222.57,0.9907,compliant,2.08
INV547351,2024-08-17,2024 Q3,683,Importer,Small,374,Fine_Dine_Meat,Beer,31.582384,3.0,94.75,93.86,0.9906,compliant,0.89
INV549563,2024-08-17,2024 Q3,679,Importer,Large,378,Fine_Dine_Meat,Beer,23.542257,3.0,70.63,39.95,0.5657,partially_compliant,30.68
INV550115,2024-08-17,2024 Q3,686,Importer,Small,379,Fine_Dine_Meat,Wine,41.2639,10.67,440.29,270.72,0.6149,partially_compliant,169.56
INV551774,2024-08-17,2024 Q3,677,Importer,Small,382,Fine_Dine_Meat,Wine,11.992061,10.67,127.96,127.96,1.0,compliant,0.0
INV552880,2024-08-17,2024 Q3,682,Importer,Small,384,Fine_Dine_Meat,Wine,16.633797,10.67,177.48,109.13,0.6149,partially_compliant,68.35
INV552881,2024-08-17,2024 Q3,680,Importer,Medium,384,Fine_Dine_Meat,Beer,24.950695,3.0,74.85,74.65,0.9972,compliant,0.21
INV555092,2024-08-17,2024 Q3,686,Importer,Small,388,Fine_Dine_Meat,Wine,27.57124,10.67,294.19,180.89,0.6149,partially_compliant,113.3
INV555093,2024-08-17,2024 Q3,680,Importer,Medium,388,Fine_Dine_Meat,Beer,41.35686,3.0,124.07,123.73,0.9972,compliant,0.34
INV555645,2024-08-17,2024 Q3,680,Importer,Medium,389,Fine_Dine_Meat,Wine,18.882435,10.67,201.48,200.92,0.9972,compliant,0.56
INV556751,2024-08-17,2024 Q3,692,Importer,Large,391,Fine_Dine_Meat,Wine,15.390017,10.67,164.21,118.97,0.7245,partially_compliant,45.24
INV557305,2024-08-17,2024 Q3,692,Importer,Large,392,Fine_Dine_Meat,Beer,17.041772,3.0,51.13,37.04,0.7245,partially_compliant,14.08
INV558410,2024-08-17,2024 Q3,679,Importer,Large,394,Fine_Dine_Meat,Wine,27.411703,10.67,292.48,165.44,0.5657,partially_compliant,127.04
INV558963,2024-08-17,2024 Q3,686,Importer,Small,395,Fine_Dine_Meat,Wine,32.994046,10.67,352.05,216.47,0.6149,partially_compliant,135.58
INV559517,2024-08-17,2024 Q3,685,Importer,Small,396,Fine_Dine_Meat,Beer,59.603403,3.0,178.81,175.19,0.9797,compliant,3.62
INV560070,2024-08-17,2024 Q3,675,Importer,Small,397,Fine_Dine_Meat,Beer,15.821427,3.0,47.46,47.02,0.9907,compliant,0.44
INV561175,2024-08-17,2024 Q3,673,Importer,Medium,399,Fine_Dine_Meat,Wine,33.823201,10.67,360.89,360.89,1.0,compliant,0.0
INV566152,2024-08-17,2024 Q3,681,Importer,Small,408,Fine_Dine_Meat,Wine,38.268997,10.67,408.33,0.0,0.0,non_compliant,408.33
INV567811,2024-08-17,2024 Q3,673,Importer,Medium,411,Fine_Dine_Meat,Wine,16.222427,10.67,173.09,173.09,1.0,compliant,0.0
INV567812,2024-08-17,2024 Q3,673,Importer,Medium,411,Fine_Dine_Meat,Beer,24.33364,3.0,73.0,73.0,1.0,compliant,0.0
INV568364,2024-08-17,2024 Q3,680,Importer,Medium,412,Fine_Dine_Meat,Wine,36.808318,10.67,392.74,391.66,0.9972,compliant,1.09
INV569470,2024-08-17,2024 Q3,689,Importer,Small,414,Fine_Dine_Meat,Wine,18.958496,10.67,202.29,202.29,1.0,compliant,0.0
INV570576,2024-08-17,2024 Q3,680,Importer,Medium,416,Fine_Dine_Meat,Wine,20.988387,10.67,223.95,223.33,0.9972,compliant,0.62
INV571682,2024-08-17,2024 Q3,675,Importer,Small,418,Fine_Dine_Meat,Wine,37.91368,10.67,404.54,400.79,0.9907,compliant,3.75
INV573894,2024-08-17,2024 Q3,673,Importer,Medium,422,Fine_Dine_Meat,Wine,21.408855,10.67,228.43,228.43,1.0,compliant,0.0
INV576659,2024-08-17,2024 Q3,678,Importer,Medium,427,Fine_Dine_Meat,Wine,15.840089,10.67,169.01,98.05,0.5801,partially_compliant,70.96
INV577212,2024-08-17,2024 Q3,689,Importer,Small,428,Fine_Dine_Meat,Wine,15.838679,10.67,169.0,169.0,1.0,compliant,0.0
INV578318,2024-08-17,2024 Q3,685,Importer,Small,430,Fine_Dine_Meat,Wine,20.511653,10.67,218.86,214.43,0.9797,compliant,4.43
INV578871,2024-08-17,2024 Q3,692,Importer,Large,431,Fine_Dine_Meat,Wine,18.389696,10.67,196.22,142.16,0.7245,partially_compliant,54.06
INV579424,2024-08-17,2024 Q3,673,Importer,Medium,432,Fine_Dine_Meat,Wine,32.209545,10.67,343.68,343.68,1.0,compliant,0.0
INV579978,2024-08-17,2024 Q3,679,Importer,Large,433,Fine_Dine_Meat,Beer,12.798476,3.0,38.4,21.72,0.5657,partially_compliant,16.68
INV580531,2024-08-17,2024 Q3,692,Importer,Large,434,Fine_Dine_Meat,Beer,21.770912,3.0,65.31,47.32,0.7245,partially_compliant,17.99
INV581084,2024-08-17,2024 Q3,687,Importer,Medium,435,Fine_Dine_Meat,Beer,52.240585,3.0,156.72,109.26,0.6971,partially_compliant,47.47
INV583848,2024-08-17,2024 Q3,679,Importer,Large,440,Fine_Dine_Meat,Wine,19.054692,10.67,203.31,115.01,0.5657,partially_compliant,88.31
INV583849,2024-08-17,2024 Q3,692,Importer,Large,440,Fine_Dine_Meat,Beer,28.582038,3.0,85.75,62.12,0.7245,partially_compliant,23.62
INV587719,2024-08-17,2024 Q3,686,Importer,Small,447,Fine_Dine_Vegetarian,Wine,27.570193,10.67,294.17,180.88,0.6149,partially_compliant,113.29
INV588272,2024-08-17,2024 Q3,679,Importer,Large,448,Fine_Dine_Vegetarian,Wine,51.31862,10.67,547.57,309.74,0.5657,partially_compliant,237.83
INV588825,2024-08-17,2024 Q3,692,Importer,Large,449,Fine_Dine_Vegetarian,Wine,50.375554,10.67,537.51,389.43,0.7245,partially_compliant,148.08
INV589378,2024-08-17,2024 Q3,680,Importer,Medium,450,Fine_Dine_Vegetarian,Wine,71.757816,10.67,765.66,763.54,0.9972,compliant,2.12
INV591037,2024-08-17,2024 Q3,682,Importer,Small,453,Fine_Dine_Vegetarian,Wine,47.343514,10.67,505.16,310.61,0.6149,partially_compliant,194.55
INV592696,2024-08-17,2024 Q3,675,Importer,Small,456,Fine_Dine_Vegetarian,Wine,21.090095,10.67,225.03,222.95,0.9907,compliant,2.09
INV594355,2024-08-17,2024 Q3,673,Importer,Medium,459,Fine_Dine_Vegetarian,Wine,21.493841,10.67,229.34,229.34,1.0,compliant,0.0
INV596014,2024-08-17,2024 Q3,673,Importer,Medium,462,Fine_Dine_Vegetarian,Wine,18.92418,10.67,201.92,201.92,1.0,compliant,0.0
INV596567,2024-08-17,2024 Q3,690,Importer,Small,463,Fine_Dine_Vegetarian,Wine,44.048841,10.67,470.0,183.89,0.3913,partially_compliant,286.11
INV597120,2024-08-17,2024 Q3,677,Importer,Small,464,Fine_Dine_Vegetarian,Wine,23.538201,10.67,251.15,251.15,1.0,compliant,0.0
INV599885,2024-08-17,2024 Q3,682,Importer,Small,469,Fine_Dine_Vegetarian,Wine,26.074697,10.67,278.22,171.07,0.6149,partially_compliant,107.15
INV601544,2024-08-17,2024 Q3,689,Importer,Small,472,Fine_Dine_Vegetarian,Wine,19.571333,10.67,208.83,208.83,1.0,compliant,0.0
INV603756,2024-08-17,2024 Q3,692,Importer,Large,476,Fine_Dine_Vegetarian,Wine,22.59425,10.67,241.08,174.66,0.7245,partially_compliant,66.42
INV605415,2024-08-17,2024 Q3,673,Importer,Medium,479,Fine_Dine_Vegetarian,Wine,33.734976,10.67,359.95,359.95,1.0,compliant,0.0
INV607627,2024-08-17,2024 Q3,675,Importer,Small,483,Fine_Dine_Vegetarian,Wine,10.849924,10.67,115.77,114.7,0.9907,compliant,1.07
INV609286,2024-08-17,2024 Q3,692,Importer,Large,486,Fine_Dine_Vegetarian,Wine,37.086313,10.67,395.71,286.7,0.7245,partially_compliant,109.02
INV613710,2024-08-17,2024 Q3,686,Importer,Small,494,Fine_Dine_Vegetarian,Wine,31.280818,10.67,333.77,205.23,0.6149,partially_compliant,128.54
INV617028,2024-08-17,2024 Q3,673,Importer,Medium,500,Fine_Dine_Vegetarian,Wine,25.855172,10.67,275.87,275.87,1.0,compliant,0.0
INV402313,2024-08-24,2024 Q3,692,Importer,Large,203,Cafe,Coffee_Beans,29.083367,25.0,727.08,526.78,0.7245,partially_compliant,200.31
INV404051,2024-08-24,2024 Q3,680,Importer,Medium,205,Cafe,Coffee_Beans,5.938243,25.0,148.46,148.05,0.9972,compliant,0.41
INV405789,2024-08-24,2024 Q3,684,Importer,Medium,207,Cafe,Coffee_Beans,7.356269,25.0,183.91,183.91,1.0,compliant,0.0
INV415348,2024-08-24,2024 Q3,677,Importer,Small,218,Cafe,Coffee_Beans,17.102852,25.0,427.57,427.57,1.0,compliant,0.0
INV420562,2024-08-24,2024 Q3,686,Importer,Small,224,Cafe,Coffee_Beans,12.083515,25.0,302.09,185.75,0.6149,partially_compliant,116.34
INV424038,2024-08-24,2024 Q3,677,Importer,Small,228,Cafe,Coffee_Beans,7.157005,25.0,178.93,178.93,1.0,compliant,0.0
INV425776,2024-08-24,2024 Q3,682,Importer,Small,230,Cafe,Coffee_Beans,8.03303,25.0,200.83,123.48,0.6149,partially_compliant,77.34
INV426645,2024-08-24,2024 Q3,681,Importer,Small,231,Cafe,Coffee_Beans,7.359487,25.0,183.99,0.0,0.0,non_compliant,183.99
INV429252,2024-08-24,2024 Q3,673,Importer,Medium,234,Cafe,Coffee_Beans,6.71432,25.0,167.86,167.86,1.0,compliant,0.0
INV430121,2024-08-24,2024 Q3,673,Importer,Medium,235,Cafe,Coffee_Beans,31.82914,25.0,795.73,795.73,1.0,compliant,0.0
INV431859,2024-08-24,2024 Q3,683,Importer,Small,237,Cafe,Coffee_Beans,17.598347,25.0,439.96,435.83,0.9906,compliant,4.13
INV437942,2024-08-24,2024 Q3,682,Importer,Small,244,Cafe,Coffee_Beans,8.387194,25.0,209.68,128.93,0.6149,partially_compliant,80.75
INV439680,2024-08-24,2024 Q3,688,Importer,Small,246,Cafe,Coffee_Beans,8.921273,25.0,223.03,223.03,1.0,compliant,0.0
INV444894,2024-08-24,2024 Q3,675,Importer,Small,252,Cafe,Coffee_Beans,8.261736,25.0,206.54,204.63,0.9907,compliant,1.91
INV448370,2024-08-24,2024 Q3,678,Importer,Medium,256,Cafe,Coffee_Beans,11.891982,25.0,297.3,172.48,0.5801,partially_compliant,124.82
INV449239,2024-08-24,2024 Q3,680,Importer,Medium,257,Cafe,Coffee_Beans,31.444773,25.0,786.12,783.95,0.9972,compliant,2.17
INV454453,2024-08-24,2024 Q3,675,Importer,Small,263,Cafe,Coffee_Beans,6.516577,25.0,162.91,161.4,0.9907,compliant,1.51
INV459667,2024-08-24,2024 Q3,677,Importer,Small,269,Cafe,Coffee_Beans,6.295358,25.0,157.38,157.38,1.0,compliant,0.0
INV464012,2024-08-24,2024 Q3,673,Importer,Medium,274,Cafe,Coffee_Beans,7.630588,25.0,190.76,190.76,1.0,compliant,0.0
INV464881,2024-08-24,2024 Q3,689,Importer,Small,275,Cafe,Coffee_Beans,8.222532,25.0,205.56,205.56,1.0,compliant,0.0
INV465750,2024-08-24,2024 Q3,692,Importer,Large,276,Cafe,Coffee_Beans,7.31638,25.0,182.91,132.52,0.7245,partially_compliant,50.39
INV470095,2024-08-24,2024 Q3,689,Importer,Small,281,Cafe,Coffee_Beans,13.625457,25.0,340.64,340.64,1.0,compliant,0.0
INV475309,2024-08-24,2024 Q3,680,Importer,Medium,287,Cafe,Coffee_Beans,6.994571,25.0,174.86,174.38,0.9972,compliant,0.48
INV477916,2024-08-24,2024 Q3,675,Importer,Small,290,Cafe,Coffee_Beans,6.596067,25.0,164.9,163.37,0.9907,compliant,1.53
INV483999,2024-08-24,2024 Q3,689,Importer,Small,297,Cafe,Coffee_Beans,13.730823,25.0,343.27,343.27,1.0,compliant,0.0
INV484868,2024-08-24,2024 Q3,674,Importer,Small,298,Cafe,Coffee_Beans,6.925239,25.0,173.13,166.51,0.9617,compliant,6.62
INV490082,2024-08-24,2024 Q3,682,Importer,Small,304,Cafe,Coffee_Beans,6.597504,25.0,164.94,101.42,0.6149,partially_compliant,63.52
INV490951,2024-08-24,2024 Q3,682,Importer,Small,305,Cafe,Coffee_Beans,8.567786,25.0,214.19,131.7,0.6149,partially_compliant,82.49
INV496165,2024-08-24,2024 Q3,680,Importer,Medium,311,Cafe,Coffee_Beans,8.02957,25.0,200.74,200.18,0.9972,compliant,0.56
INV497034,2024-08-24,2024 Q3,689,Importer,Small,312,Cafe,Coffee_Beans,8.192588,25.0,204.81,204.81,1.0,compliant,0.0
INV497903,2024-08-24,2024 Q3,682,Importer,Small,313,Cafe,Coffee_Beans,12.610006,25.0,315.25,193.84,0.6149,partially_compliant,121.41
INV502248,2024-08-24,2024 Q3,688,Importer,Small,318,Cafe,Coffee_Beans,20.812804,25.0,520.32,520.32,1.0,compliant,0.0
INV507462,2024-08-24,2024 Q3,692,Importer,Large,324,Cafe,Coffee_Beans,7.757547,25.0,193.94,140.51,0.7245,partially_compliant,53.43
INV515283,2024-08-24,2024 Q3,678,Importer,Medium,333,Cafe,Coffee_Beans,6.625955,25.0,165.65,96.1,0.5801,partially_compliant,69.55
INV517890,2024-08-24,2024 Q3,690,Importer,Small,336,Cafe,Coffee_Beans,3.832163,25.0,95.8,37.48,0.3913,partially_compliant,58.32
INV522235,2024-08-24,2024 Q3,690,Importer,Small,341,Cafe,Coffee_Beans,6.775368,25.0,169.38,66.27,0.3913,partially_compliant,103.11
INV523104,2024-08-24,2024 Q3,686,Importer,Small,342,Cafe,Coffee_Beans,5.069878,25.0,126.75,77.93,0.6149,partially_compliant,48.81
INV523973,2024-08-24,2024 Q3,690,Importer,Small,343,Cafe,Coffee_Beans,10.346453,25.0,258.66,101.2,0.3913,partially_compliant,157.46
INV532663,2024-08-24,2024 Q3,686,Importer,Small,353,Cafe,Coffee_Beans,14.346961,25.0,358.67,220.54,0.6149,partially_compliant,138.13
INV534401,2024-08-24,2024 Q3,678,Importer,Medium,355,Cafe,Coffee_Beans,21.960037,25.0,549.0,318.5,0.5801,partially_compliant,230.5
INV537008,2024-08-24,2024 Q3,679,Importer,Large,358,Cafe,Coffee_Beans,7.754776,25.0,193.87,109.66,0.5657,partially_compliant,84.21
INV542381,2024-08-24,2024 Q3,673,Importer,Medium,365,Fine_Dine_Meat,Beer,30.760141,3.0,92.28,92.28,1.0,compliant,0.0
INV544592,2024-08-24,2024 Q3,692,Importer,Large,369,Fine_Dine_Meat,Wine,19.221493,10.67,205.09,148.59,0.7245,partially_compliant,56.5
INV547357,2024-08-24,2024 Q3,675,Importer,Small,374,Fine_Dine_Meat,Wine,22.615329,10.67,241.31,239.07,0.9907,compliant,2.24
INV547358,2024-08-24,2024 Q3,683,Importer,Small,374,Fine_Dine_Meat,Beer,33.922993,3.0,101.77,100.81,0.9906,compliant,0.96
INV549570,2024-08-24,2024 Q3,679,Importer,Large,378,Fine_Dine_Meat,Beer,25.287002,3.0,75.86,42.91,0.5657,partially_compliant,32.95
INV550122,2024-08-24,2024 Q3,686,Importer,Small,379,Fine_Dine_Meat,Wine,44.322018,10.67,472.92,290.79,0.6149,partially_compliant,182.13
INV551781,2024-08-24,2024 Q3,677,Importer,Small,382,Fine_Dine_Meat,Wine,12.948485,10.67,138.16,138.16,1.0,compliant,0.0
INV552887,2024-08-24,2024 Q3,682,Importer,Small,384,Fine_Dine_Meat,Wine,17.866548,10.67,190.64,117.22,0.6149,partially_compliant,73.42
INV552888,2024-08-24,2024 Q3,680,Importer,Medium,384,Fine_Dine_Meat,Beer,26.799821,3.0,80.4,80.18,0.9972,compliant,0.22
INV555099,2024-08-24,2024 Q3,686,Importer,Small,388,Fine_Dine_Meat,Wine,29.304705,10.67,312.68,192.26,0.6149,partially_compliant,120.42
INV555100,2024-08-24,2024 Q3,680,Importer,Medium,388,Fine_Dine_Meat,Beer,43.957058,3.0,131.87,131.51,0.9972,compliant,0.36
INV555652,2024-08-24,2024 Q3,680,Importer,Medium,389,Fine_Dine_Meat,Wine,20.281835,10.67,216.41,215.81,0.9972,compliant,0.6
INV556758,2024-08-24,2024 Q3,692,Importer,Large,391,Fine_Dine_Meat,Wine,16.53059,10.67,176.38,127.79,0.7245,partially_compliant,48.59
INV557312,2024-08-24,2024 Q3,692,Importer,Large,392,Fine_Dine_Meat,Beer,17.480675,3.0,52.44,37.99,0.7245,partially_compliant,14.45
INV558417,2024-08-24,2024 Q3,679,Importer,Large,394,Fine_Dine_Meat,Wine,29.443217,10.67,314.16,177.71,0.5657,partially_compliant,136.45
INV558970,2024-08-24,2024 Q3,686,Importer,Small,395,Fine_Dine_Meat,Wine,35.439274,10.67,378.14,232.51,0.6149,partially_compliant,145.63
INV559524,2024-08-24,2024 Q3,685,Importer,Small,396,Fine_Dine_Meat,Beer,64.020683,3.0,192.06,188.17,0.9797,compliant,3.89
INV560077,2024-08-24,2024 Q3,675,Importer,Small,397,Fine_Dine_Meat,Beer,16.993972,3.0,50.98,50.51,0.9907,compliant,0.47
INV561182,2024-08-24,2024 Q3,673,Importer,Medium,399,Fine_Dine_Meat,Wine,36.329879,10.67,387.64,387.64,1.0,compliant,0.0
INV566159,2024-08-24,2024 Q3,681,Importer,Small,408,Fine_Dine_Meat,Wine,41.105159,10.67,438.59,0.0,0.0,non_compliant,438.59
INV567818,2024-08-24,2024 Q3,673,Importer,Medium,411,Fine_Dine_Meat,Wine,17.42469,10.67,185.92,185.92,1.0,compliant,0.0
INV567819,2024-08-24,2024 Q3,673,Importer,Medium,411,Fine_Dine_Meat,Beer,26.137035,3.0,78.41,78.41,1.0,compliant,0.0
INV568371,2024-08-24,2024 Q3,680,Importer,Medium,412,Fine_Dine_Meat,Wine,39.536227,10.67,421.85,420.69,0.9972,compliant,1.17
INV569477,2024-08-24,2024 Q3,689,Importer,Small,414,Fine_Dine_Meat,Wine,20.32743,10.67,216.89,216.89,1.0,compliant,0.0
INV570583,2024-08-24,2024 Q3,680,Importer,Medium,416,Fine_Dine_Meat,Wine,22.543862,10.67,240.54,239.88,0.9972,compliant,0.67
INV571689,2024-08-24,2024 Q3,675,Importer,Small,418,Fine_Dine_Meat,Wine,40.723509,10.67,434.52,430.49,0.9907,compliant,4.03
INV573901,2024-08-24,2024 Q3,673,Importer,Medium,422,Fine_Dine_Meat,Wine,22.995491,10.67,245.36,245.36,1.0,compliant,0.0
INV576666,2024-08-24,2024 Q3,678,Importer,Medium,427,Fine_Dine_Meat,Wine,17.014018,10.67,181.54,105.32,0.5801,partially_compliant,76.22
INV577219,2024-08-24,2024 Q3,689,Importer,Small,428,Fine_Dine_Meat,Wine,17.012503,10.67,181.52,181.52,1.0,compliant,0.0
INV578325,2024-08-24,2024 Q3,685,Importer,Small,430,Fine_Dine_Meat,Wine,22.031797,10.67,235.08,230.32,0.9797,compliant,4.76
INV578878,2024-08-24,2024 Q3,692,Importer,Large,431,Fine_Dine_Meat,Wine,19.752579,10.67,210.76,152.7,0.7245,partially_compliant,58.06
INV579431,2024-08-24,2024 Q3,673,Importer,Medium,432,Fine_Dine_Meat,Wine,34.596634,10.67,369.15,369.15,1.0,compliant,0.0
INV579985,2024-08-24,2024 Q3,679,Importer,Large,433,Fine_Dine_Meat,Beer,13.746987,3.0,41.24,23.33,0.5657,partially_compliant,17.91
INV580538,2024-08-24,2024 Q3,692,Importer,Large,434,Fine_Dine_Meat,Beer,23.384381,3.0,70.15,50.83,0.7245,partially_compliant,19.33
INV581091,2024-08-24,2024 Q3,687,Importer,Medium,435,Fine_Dine_Meat,Beer,59.589631,3.0,178.77,124.63,0.6971,partially_compliant,54.14
INV583855,2024-08-24,2024 Q3,679,Importer,Large,440,Fine_Dine_Meat,Wine,20.466859,10.67,218.38,123.53,0.5657,partially_compliant,94.85
INV583856,2024-08-24,2024 Q3,692,Importer,Large,440,Fine_Dine_Meat,Beer,30.700288,3.0,92.1,66.73,0.7245,partially_compliant,25.37
INV587726,2024-08-24,2024 Q3,686,Importer,Small,447,Fine_Dine_Vegetarian,Wine,29.613454,10.67,315.98,194.29,0.6149,partially_compliant,121.69
INV588279,2024-08-24,2024 Q3,679,Importer,Large,448,Fine_Dine_Vegetarian,Wine,55.121905,10.67,588.15,332.69,0.5657,partially_compliant,255.46
INV588832,2024-08-24,2024 Q3,692,Importer,Large,449,Fine_Dine_Vegetarian,Wine,53.914259,10.67,575.27,416.78,0.7245,partially_compliant,158.48
INV589385,2024-08-24,2024 Q3,680,Importer,Medium,450,Fine_Dine_Vegetarian,Wine,77.075875,10.67,822.4,820.13,0.9972,compliant,2.27
INV591044,2024-08-24,2024 Q3,682,Importer,Small,453,Fine_Dine_Vegetarian,Wine,50.852199,10.67,542.59,333.63,0.6149,partially_compliant,208.96
INV592703,2024-08-24,2024 Q3,675,Importer,Small,456,Fine_Dine_Vegetarian,Wine,22.653108,10.67,241.71,239.47,0.9907,compliant,2.24
INV594362,2024-08-24,2024 Q3,673,Importer,Medium,459,Fine_Dine_Vegetarian,Wine,23.086776,10.67,246.34,246.34,1.0,compliant,0.0
INV596021,2024-08-24,2024 Q3,673,Importer,Medium,462,Fine_Dine_Vegetarian,Wine,20.326674,10.67,216.89,216.89,1.0,compliant,0.0
INV596574,2024-08-24,2024 Q3,690,Importer,Small,463,Fine_Dine_Vegetarian,Wine,47.313353,10.67,504.83,197.52,0.3913,partially_compliant,307.31
INV597127,2024-08-24,2024 Q3,677,Importer,Small,464,Fine_Dine_Vegetarian,Wine,25.282646,10.67,269.77,269.77,1.0,compliant,0.0
INV599892,2024-08-24,2024 Q3,682,Importer,Small,469,Fine_Dine_Vegetarian,Wine,28.035727,10.67,299.14,183.94,0.6149,partially_compliant,115.21
INV601551,2024-08-24,2024 Q3,689,Importer,Small,472,Fine_Dine_Vegetarian,Wine,21.021788,10.67,224.3,224.3,1.0,compliant,0.0
INV603763,2024-08-24,2024 Q3,692,Importer,Large,476,Fine_Dine_Vegetarian,Wine,24.268737,10.67,258.95,187.61,0.7245,partially_compliant,71.34
INV605422,2024-08-24,2024 Q3,673,Importer,Medium,479,Fine_Dine_Vegetarian,Wine,38.610386,10.67,411.97,411.97,1.0,compliant,0.0
INV607634,2024-08-24,2024 Q3,675,Importer,Small,483,Fine_Dine_Vegetarian,Wine,11.654025,10.67,124.35,123.2,0.9907,compliant,1.15
INV609293,2024-08-24,2024 Q3,692,Importer,Large,486,Fine_Dine_Vegetarian,Wine,39.834824,10.67,425.04,307.94,0.7245,partially_compliant,117.09
INV613717,2024-08-24,2024 Q3,686,Importer,Small,494,Fine_Dine_Vegetarian,Wine,36.984245,10.67,394.62,242.64,0.6149,partially_compliant,151.98
INV617035,2024-08-24,2024 Q3,673,Importer,Medium,500,Fine_Dine_Vegetarian,Wine,27.77133,10.67,296.32,296.32,1.0,compliant,0.0
INV402324,2024-08-31,2024 Q3,692,Importer,Large,203,Cafe,Coffee_Beans,28.118764,25.0,702.97,509.31,0.7245,partially_compliant,193.66
INV404062,2024-08-31,2024 Q3,680,Importer,Medium,205,Cafe,Coffee_Beans,5.557366,25.0,138.93,138.55,0.9972,compliant,0.38
INV405800,2024-08-31,2024 Q3,684,Importer,Medium,207,Cafe,Coffee_Beans,6.983136,25.0,174.58,174.58,1.0,compliant,0.0
INV415359,2024-08-31,2024 Q3,677,Importer,Small,218,Cafe,Coffee_Beans,16.329557,25.0,408.24,408.24,1.0,compliant,0.0
INV420573,2024-08-31,2024 Q3,686,Importer,Small,224,Cafe,Coffee_Beans,11.888663,25.0,297.22,182.75,0.6149,partially_compliant,114.46
INV424049,2024-08-31,2024 Q3,677,Importer,Small,228,Cafe,Coffee_Beans,6.915853,25.0,172.9,172.9,1.0,compliant,0.0
INV425787,2024-08-31,2024 Q3,682,Importer,Small,230,Cafe,Coffee_Beans,7.760988,25.0,194.02,119.3,0.6149,partially_compliant,74.72
INV426656,2024-08-31,2024 Q3,681,Importer,Small,231,Cafe,Coffee_Beans,7.049073,25.0,176.23,0.0,0.0,non_compliant,176.23
INV429263,2024-08-31,2024 Q3,673,Importer,Medium,234,Cafe,Coffee_Beans,6.389064,25.0,159.73,159.73,1.0,compliant,0.0
INV430132,2024-08-31,2024 Q3,673,Importer,Medium,235,Cafe,Coffee_Beans,30.27593,25.0,756.9,756.9,1.0,compliant,0.0
INV431870,2024-08-31,2024 Q3,683,Importer,Small,237,Cafe,Coffee_Beans,16.971435,25.0,424.29,420.3,0.9906,compliant,3.98
INV437953,2024-08-31,2024 Q3,682,Importer,Small,244,Cafe,Coffee_Beans,8.02685,25.0,200.67,123.39,0.6149,partially_compliant,77.28
INV439691,2024-08-31,2024 Q3,688,Importer,Small,246,Cafe,Coffee_Beans,7.434503,25.0,185.86,185.86,1.0,compliant,0.0
INV444905,2024-08-31,2024 Q3,675,Importer,Small,252,Cafe,Coffee_Beans,7.883261,25.0,197.08,195.25,0.9907,compliant,1.83
INV448381,2024-08-31,2024 Q3,678,Importer,Medium,256,Cafe,Coffee_Beans,11.120238,25.0,278.01,161.28,0.5801,partially_compliant,116.72
INV449250,2024-08-31,2024 Q3,680,Importer,Medium,257,Cafe,Coffee_Beans,30.071486,25.0,751.79,749.71,0.9972,compliant,2.08
INV454464,2024-08-31,2024 Q3,675,Importer,Small,263,Cafe,Coffee_Beans,6.310177,25.0,157.75,156.29,0.9907,compliant,1.46
INV459678,2024-08-31,2024 Q3,677,Importer,Small,269,Cafe,Coffee_Beans,6.06665,25.0,151.67,151.67,1.0,compliant,0.0
INV464023,2024-08-31,2024 Q3,673,Importer,Medium,274,Cafe,Coffee_Beans,7.201708,25.0,180.04,180.04,1.0,compliant,0.0
INV464892,2024-08-31,2024 Q3,689,Importer,Small,275,Cafe,Coffee_Beans,7.920287,25.0,198.01,198.01,1.0,compliant,0.0
INV465761,2024-08-31,2024 Q3,692,Importer,Large,276,Cafe,Coffee_Beans,6.975574,25.0,174.39,126.35,0.7245,partially_compliant,48.04
INV470106,2024-08-31,2024 Q3,689,Importer,Small,281,Cafe,Coffee_Beans,13.051688,25.0,326.29,326.29,1.0,compliant,0.0
INV475320,2024-08-31,2024 Q3,680,Importer,Medium,287,Cafe,Coffee_Beans,6.44603,25.0,161.15,160.71,0.9972,compliant,0.45
INV477927,2024-08-31,2024 Q3,675,Importer,Small,290,Cafe,Coffee_Beans,6.39226,25.0,159.81,158.33,0.9907,compliant,1.48
INV484010,2024-08-31,2024 Q3,689,Importer,Small,297,Cafe,Coffee_Beans,13.746067,25.0,343.65,343.65,1.0,compliant,0.0
INV484879,2024-08-31,2024 Q3,674,Importer,Small,298,Cafe,Coffee_Beans,6.996204,25.0,174.91,168.21,0.9617,compliant,6.69
INV490093,2024-08-31,2024 Q3,682,Importer,Small,304,Cafe,Coffee_Beans,6.381465,25.0,159.54,98.1,0.6149,partially_compliant,61.44
INV490962,2024-08-31,2024 Q3,682,Importer,Small,305,Cafe,Coffee_Beans,8.299497,25.0,207.49,127.58,0.6149,partially_compliant,79.91
INV496176,2024-08-31,2024 Q3,680,Importer,Medium,311,Cafe,Coffee_Beans,7.732907,25.0,193.32,192.79,0.9972,compliant,0.53
INV497045,2024-08-31,2024 Q3,689,Importer,Small,312,Cafe,Coffee_Beans,7.694984,25.0,192.37,192.37,1.0,compliant,0.0
INV497914,2024-08-31,2024 Q3,682,Importer,Small,313,Cafe,Coffee_Beans,10.920569,25.0,273.01,167.87,0.6149,partially_compliant,105.14
INV502259,2024-08-31,2024 Q3,688,Importer,Small,318,Cafe,Coffee_Beans,20.027034,25.0,500.68,500.68,1.0,compliant,0.0
INV507473,2024-08-31,2024 Q3,692,Importer,Large,324,Cafe,Coffee_Beans,7.295123,25.0,182.38,132.13,0.7245,partially_compliant,50.24
INV515294,2024-08-31,2024 Q3,678,Importer,Medium,333,Cafe,Coffee_Beans,6.259489,25.0,156.49,90.78,0.5801,partially_compliant,65.7
INV517901,2024-08-31,2024 Q3,690,Importer,Small,336,Cafe,Coffee_Beans,3.627875,25.0,90.7,35.49,0.3913,partially_compliant,55.21
INV522246,2024-08-31,2024 Q3,690,Importer,Small,341,Cafe,Coffee_Beans,5.912718,25.0,147.82,57.84,0.3913,partially_compliant,89.98
INV523115,2024-08-31,2024 Q3,686,Importer,Small,342,Cafe,Coffee_Beans,4.742352,25.0,118.56,72.9,0.6149,partially_compliant,45.66
INV523984,2024-08-31,2024 Q3,690,Importer,Small,343,Cafe,Coffee_Beans,9.428233,25.0,235.71,92.22,0.3913,partially_compliant,143.48
INV532674,2024-08-31,2024 Q3,686,Importer,Small,353,Cafe,Coffee_Beans,13.470123,25.0,336.75,207.06,0.6149,partially_compliant,129.69
INV534412,2024-08-31,2024 Q3,678,Importer,Medium,355,Cafe,Coffee_Beans,20.88812,25.0,522.2,302.95,0.5801,partially_compliant,219.25
INV537019,2024-08-31,2024 Q3,679,Importer,Large,358,Cafe,Coffee_Beans,7.389132,25.0,184.73,104.49,0.5657,partially_compliant,80.24
INV542388,2024-08-31,2024 Q3,673,Importer,Medium,365,Fine_Dine_Meat,Beer,32.141961,3.0,96.43,96.43,1.0,compliant,0.0
INV544599,2024-08-31,2024 Q3,692,Importer,Large,369,Fine_Dine_Meat,Wine,20.66632,10.67,220.51,159.76,0.7245,partially_compliant,60.75
INV547364,2024-08-31,2024 Q3,675,Importer,Small,374,Fine_Dine_Meat,Wine,24.22091,10.67,258.44,256.04,0.9907,compliant,2.4
INV547365,2024-08-31,2024 Q3,683,Importer,Small,374,Fine_Dine_Meat,Beer,36.331365,3.0,108.99,107.97,0.9906,compliant,1.02
INV549577,2024-08-31,2024 Q3,679,Importer,Large,378,Fine_Dine_Meat,Beer,26.919874,3.0,80.76,45.68,0.5657,partially_compliant,35.08
INV550129,2024-08-31,2024 Q3,686,Importer,Small,379,Fine_Dine_Meat,Wine,47.239621,10.67,504.05,309.93,0.6149,partially_compliant,194.12
INV551788,2024-08-31,2024 Q3,677,Importer,Small,382,Fine_Dine_Meat,Wine,12.666038,10.67,135.15,135.15,1.0,compliant,0.0
INV552894,2024-08-31,2024 Q3,682,Importer,Small,384,Fine_Dine_Meat,Wine,18.82913,10.67,200.91,123.53,0.6149,partially_compliant,77.37
INV552895,2024-08-31,2024 Q3,680,Importer,Medium,384,Fine_Dine_Meat,Beer,28.243695,3.0,84.73,84.5,0.9972,compliant,0.23
INV555106,2024-08-31,2024 Q3,686,Importer,Small,388,Fine_Dine_Meat,Wine,29.290605,10.67,312.53,192.17,0.6149,partially_compliant,120.36
INV555107,2024-08-31,2024 Q3,680,Importer,Medium,388,Fine_Dine_Meat,Beer,43.935908,3.0,131.81,131.44,0.9972,compliant,0.36
INV555659,2024-08-31,2024 Q3,680,Importer,Medium,389,Fine_Dine_Meat,Wine,21.217925,10.67,226.4,225.77,0.9972,compliant,0.63
INV556765,2024-08-31,2024 Q3,692,Importer,Large,391,Fine_Dine_Meat,Wine,14.919652,10.67,159.19,115.34,0.7245,partially_compliant,43.86
INV557319,2024-08-31,2024 Q3,692,Importer,Large,392,Fine_Dine_Meat,Beer,18.795954,3.0,56.39,40.85,0.7245,partially_compliant,15.53
INV558424,2024-08-31,2024 Q3,679,Importer,Large,394,Fine_Dine_Meat,Wine,30.645143,10.67,326.98,184.96,0.5657,partially_compliant,142.02
INV558977,2024-08-31,2024 Q3,686,Importer,Small,395,Fine_Dine_Meat,Wine,35.737701,10.67,381.32,234.47,0.6149,partially_compliant,146.86
INV559531,2024-08-31,2024 Q3,685,Importer,Small,396,Fine_Dine_Meat,Beer,66.703134,3.0,200.11,196.06,0.9797,compliant,4.05
INV560084,2024-08-31,2024 Q3,675,Importer,Small,397,Fine_Dine_Meat,Beer,17.930775,3.0,53.79,53.29,0.9907,compliant,0.5
INV561189,2024-08-31,2024 Q3,673,Importer,Medium,399,Fine_Dine_Meat,Wine,38.717738,10.67,413.12,413.12,1.0,compliant,0.0
INV566166,2024-08-31,2024 Q3,681,Importer,Small,408,Fine_Dine_Meat,Wine,44.208045,10.67,471.7,0.0,0.0,non_compliant,471.7
INV567825,2024-08-31,2024 Q3,673,Importer,Medium,411,Fine_Dine_Meat,Wine,18.142625,10.67,193.58,193.58,1.0,compliant,0.0
INV567826,2024-08-31,2024 Q3,673,Importer,Medium,411,Fine_Dine_Meat,Beer,27.213938,3.0,81.64,81.64,1.0,compliant,0.0
INV568378,2024-08-31,2024 Q3,680,Importer,Medium,412,Fine_Dine_Meat,Wine,41.900463,10.67,447.08,445.84,0.9972,compliant,1.24
INV569484,2024-08-31,2024 Q3,689,Importer,Small,414,Fine_Dine_Meat,Wine,22.001175,10.67,234.75,234.75,1.0,compliant,0.0
INV570590,2024-08-31,2024 Q3,680,Importer,Medium,416,Fine_Dine_Meat,Wine,23.904728,10.67,255.06,254.36,0.9972,compliant,0.71
INV571696,2024-08-31,2024 Q3,675,Importer,Small,418,Fine_Dine_Meat,Wine,43.299987,10.67,462.01,457.73,0.9907,compliant,4.28
INV573908,2024-08-31,2024 Q3,673,Importer,Medium,422,Fine_Dine_Meat,Wine,24.462028,10.67,261.01,261.01,1.0,compliant,0.0
INV576673,2024-08-31,2024 Q3,678,Importer,Medium,427,Fine_Dine_Meat,Wine,17.09902,10.67,182.45,105.84,0.5801,partially_compliant,76.6
INV577226,2024-08-31,2024 Q3,689,Importer,Small,428,Fine_Dine_Meat,Wine,18.261399,10.67,194.85,194.85,1.0,compliant,0.0
INV578332,2024-08-31,2024 Q3,685,Importer,Small,430,Fine_Dine_Meat,Wine,23.246312,10.67,248.04,243.01,0.9797,compliant,5.02
INV578885,2024-08-31,2024 Q3,692,Importer,Large,431,Fine_Dine_Meat,Wine,20.647696,10.67,220.31,159.62,0.7245,partially_compliant,60.69
INV579438,2024-08-31,2024 Q3,673,Importer,Medium,432,Fine_Dine_Meat,Wine,34.953622,10.67,372.96,372.96,1.0,compliant,0.0
INV579992,2024-08-31,2024 Q3,679,Importer,Large,433,Fine_Dine_Meat,Beer,14.504797,3.0,43.51,24.61,0.5657,partially_compliant,18.9
INV580545,2024-08-31,2024 Q3,692,Importer,Large,434,Fine_Dine_Meat,Beer,25.328236,3.0,75.98,55.05,0.7245,partially_compliant,20.93
INV581098,2024-08-31,2024 Q3,687,Importer,Medium,435,Fine_Dine_Meat,Beer,61.912726,3.0,185.74,129.48,0.6971,partially_compliant,56.25
INV583862,2024-08-31,2024 Q3,679,Importer,Large,440,Fine_Dine_Meat,Wine,21.726986,10.67,231.83,131.13,0.5657,partially_compliant,100.69
INV583863,2024-08-31,2024 Q3,692,Importer,Large,440,Fine_Dine_Meat,Beer,32.590479,3.0,97.77,70.84,0.7245,partially_compliant,26.94
INV587733,2024-08-31,2024 Q3,686,Importer,Small,447,Fine_Dine_Vegetarian,Wine,31.745953,10.67,338.73,208.28,0.6149,partially_compliant,130.45
INV588286,2024-08-31,2024 Q3,679,Importer,Large,448,Fine_Dine_Vegetarian,Wine,59.238421,10.67,632.07,357.54,0.5657,partially_compliant,274.54
INV588839,2024-08-31,2024 Q3,692,Importer,Large,449,Fine_Dine_Vegetarian,Wine,60.104211,10.67,641.31,464.64,0.7245,partially_compliant,176.68
INV589392,2024-08-31,2024 Q3,680,Importer,Medium,450,Fine_Dine_Vegetarian,Wine,82.211443,10.67,877.2,874.77,0.9972,compliant,2.43
INV591051,2024-08-31,2024 Q3,682,Importer,Small,453,Fine_Dine_Vegetarian,Wine,53.896128,10.67,575.07,353.6,0.6149,partially_compliant,221.47
INV592710,2024-08-31,2024 Q3,675,Importer,Small,456,Fine_Dine_Vegetarian,Wine,24.271683,10.67,258.98,256.58,0.9907,compliant,2.4
INV594369,2024-08-31,2024 Q3,673,Importer,Medium,459,Fine_Dine_Vegetarian,Wine,23.948099,10.67,255.53,255.53,1.0,compliant,0.0
INV596028,2024-08-31,2024 Q3,673,Importer,Medium,462,Fine_Dine_Vegetarian,Wine,21.781199,10.67,232.41,232.41,1.0,compliant,0.0
INV596581,2024-08-31,2024 Q3,690,Importer,Small,463,Fine_Dine_Vegetarian,Wine,50.739352,10.67,541.39,211.83,0.3913,partially_compliant,329.56
INV597134,2024-08-31,2024 Q3,677,Importer,Small,464,Fine_Dine_Vegetarian,Wine,26.808419,10.67,286.05,286.05,1.0,compliant,0.0
INV599899,2024-08-31,2024 Q3,682,Importer,Small,469,Fine_Dine_Vegetarian,Wine,31.095635,10.67,331.79,204.01,0.6149,partially_compliant,127.78
INV601558,2024-08-31,2024 Q3,689,Importer,Small,472,Fine_Dine_Vegetarian,Wine,22.078448,10.67,235.58,235.58,1.0,compliant,0.0
INV603770,2024-08-31,2024 Q3,692,Importer,Large,476,Fine_Dine_Vegetarian,Wine,25.963498,10.67,277.03,200.71,0.7245,partially_compliant,76.32
INV605429,2024-08-31,2024 Q3,673,Importer,Medium,479,Fine_Dine_Vegetarian,Wine,40.976035,10.67,437.21,437.21,1.0,compliant,0.0
INV607641,2024-08-31,2024 Q3,675,Importer,Small,483,Fine_Dine_Vegetarian,Wine,12.809682,10.67,136.68,135.41,0.9907,compliant,1.27
INV609300,2024-08-31,2024 Q3,692,Importer,Large,486,Fine_Dine_Vegetarian,Wine,42.287155,10.67,451.2,326.9,0.7245,partially_compliant,124.3
INV613724,2024-08-31,2024 Q3,686,Importer,Small,494,Fine_Dine_Vegetarian,Wine,39.709965,10.67,423.71,260.53,0.6149,partially_compliant,163.18
INV617042,2024-08-31,2024 Q3,673,Importer,Medium,500,Fine_Dine_Vegetarian,Wine,29.562183,10.67,315.43,315.43,1.0,compliant,0.0
INV402335,2024-09-07,2024 Q3,692,Importer,Large,203,Cafe,Coffee_Beans,25.076393,25.0,626.91,454.2,0.7245,partially_compliant,172.71
INV404073,2024-09-07,2024 Q3,680,Importer,Medium,205,Cafe,Coffee_Beans,4.926833,25.0,123.17,122.83,0.9972,compliant,0.34
INV405811,2024-09-07,2024 Q3,684,Importer,Medium,207,Cafe,Coffee_Beans,6.207048,25.0,155.18,155.18,1.0,compliant,0.0
INV415370,2024-09-07,2024 Q3,677,Importer,Small,218,Cafe,Coffee_Beans,14.529987,25.0,363.25,363.25,1.0,compliant,0.0
INV420584,2024-09-07,2024 Q3,686,Importer,Small,224,Cafe,Coffee_Beans,10.228223,25.0,255.71,157.23,0.6149,partially_compliant,98.48
INV424060,2024-09-07,2024 Q3,677,Importer,Small,228,Cafe,Coffee_Beans,6.166976,25.0,154.17,154.17,1.0,compliant,0.0
INV425798,2024-09-07,2024 Q3,682,Importer,Small,230,Cafe,Coffee_Beans,6.920379,25.0,173.01,106.38,0.6149,partially_compliant,66.63
INV426667,2024-09-07,2024 Q3,681,Importer,Small,231,Cafe,Coffee_Beans,6.275838,25.0,156.9,0.0,0.0,non_compliant,156.9
INV429274,2024-09-07,2024 Q3,673,Importer,Medium,234,Cafe,Coffee_Beans,5.681479,25.0,142.04,142.04,1.0,compliant,0.0
INV430143,2024-09-07,2024 Q3,673,Importer,Medium,235,Cafe,Coffee_Beans,26.921058,25.0,673.03,673.03,1.0,compliant,0.0
INV431881,2024-09-07,2024 Q3,683,Importer,Small,237,Cafe,Coffee_Beans,15.128301,25.0,378.21,374.66,0.9906,compliant,3.55
INV437964,2024-09-07,2024 Q3,682,Importer,Small,244,Cafe,Coffee_Beans,7.145304,25.0,178.63,109.84,0.6149,partially_compliant,68.8
INV439702,2024-09-07,2024 Q3,688,Importer,Small,246,Cafe,Coffee_Beans,5.756836,25.0,143.92,143.92,1.0,compliant,0.0
INV444916,2024-09-07,2024 Q3,675,Importer,Small,252,Cafe,Coffee_Beans,7.013707,25.0,175.34,173.72,0.9907,compliant,1.63
INV448392,2024-09-07,2024 Q3,678,Importer,Medium,256,Cafe,Coffee_Beans,9.857071,25.0,246.43,142.96,0.5801,partially_compliant,103.46
INV449261,2024-09-07,2024 Q3,680,Importer,Medium,257,Cafe,Coffee_Beans,26.765313,25.0,669.13,667.28,0.9972,compliant,1.85
INV454475,2024-09-07,2024 Q3,675,Importer,Small,263,Cafe,Coffee_Beans,5.628982,25.0,140.72,139.42,0.9907,compliant,1.3
INV459689,2024-09-07,2024 Q3,677,Importer,Small,269,Cafe,Coffee_Beans,5.40709,25.0,135.18,135.18,1.0,compliant,0.0
INV464034,2024-09-07,2024 Q3,673,Importer,Medium,274,Cafe,Coffee_Beans,6.394555,25.0,159.86,159.86,1.0,compliant,0.0
INV464903,2024-09-07,2024 Q3,689,Importer,Small,275,Cafe,Coffee_Beans,7.058639,25.0,176.47,176.47,1.0,compliant,0.0
INV465772,2024-09-07,2024 Q3,692,Importer,Large,276,Cafe,Coffee_Beans,6.205233,25.0,155.13,112.39,0.7245,partially_compliant,42.74
INV470117,2024-09-07,2024 Q3,689,Importer,Small,281,Cafe,Coffee_Beans,11.620159,25.0,290.5,290.5,1.0,compliant,0.0
INV475331,2024-09-07,2024 Q3,680,Importer,Medium,287,Cafe,Coffee_Beans,4.97081,25.0,124.27,123.93,0.9972,compliant,0.34
INV477938,2024-09-07,2024 Q3,675,Importer,Small,290,Cafe,Coffee_Beans,5.703014,25.0,142.58,141.25,0.9907,compliant,1.32
INV484021,2024-09-07,2024 Q3,689,Importer,Small,297,Cafe,Coffee_Beans,12.752764,25.0,318.82,318.82,1.0,compliant,0.0
INV484890,2024-09-07,2024 Q3,674,Importer,Small,298,Cafe,Coffee_Beans,6.287033,25.0,157.18,151.16,0.9617,compliant,6.01
INV490104,2024-09-07,2024 Q3,682,Importer,Small,304,Cafe,Coffee_Beans,5.691451,25.0,142.29,87.49,0.6149,partially_compliant,54.8
INV490973,2024-09-07,2024 Q3,682,Importer,Small,305,Cafe,Coffee_Beans,7.489227,25.0,187.23,115.12,0.6149,partially_compliant,72.11
INV496187,2024-09-07,2024 Q3,680,Importer,Medium,311,Cafe,Coffee_Beans,6.891403,25.0,172.29,171.81,0.9972,compliant,0.48
INV497056,2024-09-07,2024 Q3,689,Importer,Small,312,Cafe,Coffee_Beans,6.826497,25.0,170.66,170.66,1.0,compliant,0.0
INV497925,2024-09-07,2024 Q3,682,Importer,Small,313,Cafe,Coffee_Beans,6.887036,25.0,172.18,105.87,0.6149,partially_compliant,66.31
INV502270,2024-09-07,2024 Q3,688,Importer,Small,318,Cafe,Coffee_Beans,19.209636,25.0,480.24,480.24,1.0,compliant,0.0
INV507484,2024-09-07,2024 Q3,692,Importer,Large,324,Cafe,Coffee_Beans,6.473198,25.0,161.83,117.25,0.7245,partially_compliant,44.58
INV515305,2024-09-07,2024 Q3,678,Importer,Medium,333,Cafe,Coffee_Beans,5.558906,25.0,138.97,80.62,0.5801,partially_compliant,58.35
INV517912,2024-09-07,2024 Q3,690,Importer,Small,336,Cafe,Coffee_Beans,3.223077,25.0,80.58,31.53,0.3913,partially_compliant,49.05
INV522257,2024-09-07,2024 Q3,690,Importer,Small,341,Cafe,Coffee_Beans,5.171556,25.0,129.29,50.59,0.3913,partially_compliant,78.7
INV523126,2024-09-07,2024 Q3,686,Importer,Small,342,Cafe,Coffee_Beans,4.203904,25.0,105.1,64.62,0.6149,partially_compliant,40.48
INV523995,2024-09-07,2024 Q3,690,Importer,Small,343,Cafe,Coffee_Beans,8.227995,25.0,205.7,80.48,0.3913,partially_compliant,125.22
INV532685,2024-09-07,2024 Q3,686,Importer,Small,353,Cafe,Coffee_Beans,11.948941,25.0,298.72,183.68,0.6149,partially_compliant,115.05
INV534423,2024-09-07,2024 Q3,678,Importer,Medium,355,Cafe,Coffee_Beans,18.573461,25.0,464.34,269.38,0.5801,partially_compliant,194.96
INV537030,2024-09-07,2024 Q3,679,Importer,Large,358,Cafe,Coffee_Beans,6.572408,25.0,164.31,92.94,0.5657,partially_compliant,71.37
INV542395,2024-09-07,2024 Q3,673,Importer,Medium,365,Fine_Dine_Meat,Beer,30.29973,3.0,90.9,90.9,1.0,compliant,0.0
INV544606,2024-09-07,2024 Q3,692,Importer,Large,369,Fine_Dine_Meat,Wine,19.553326,10.67,208.63,151.16,0.7245,partially_compliant,57.48
INV547371,2024-09-07,2024 Q3,675,Importer,Small,374,Fine_Dine_Meat,Wine,22.905203,10.67,244.4,242.13,0.9907,compliant,2.27
INV547372,2024-09-07,2024 Q3,683,Importer,Small,374,Fine_Dine_Meat,Beer,34.357805,3.0,103.07,102.11,0.9906,compliant,0.97
INV549584,2024-09-07,2024 Q3,679,Importer,Large,378,Fine_Dine_Meat,Beer,25.438069,3.0,76.31,43.17,0.5657,partially_compliant,33.15
INV550136,2024-09-07,2024 Q3,686,Importer,Small,379,Fine_Dine_Meat,Wine,44.646026,10.67,476.37,292.91,0.6149,partially_compliant,183.46
INV551795,2024-09-07,2024 Q3,677,Importer,Small,382,Fine_Dine_Meat,Wine,10.347563,10.67,110.41,110.41,1.0,compliant,0.0
INV552901,2024-09-07,2024 Q3,682,Importer,Small,384,Fine_Dine_Meat,Wine,17.769607,10.67,189.6,116.58,0.6149,partially_compliant,73.02
INV552902,2024-09-07,2024 Q3,680,Importer,Medium,384,Fine_Dine_Meat,Beer,26.65441,3.0,79.96,79.74,0.9972,compliant,0.22
INV555113,2024-09-07,2024 Q3,686,Importer,Small,388,Fine_Dine_Meat,Wine,24.825888,10.67,264.89,162.88,0.6149,partially_compliant,102.02
INV555114,2024-09-07,2024 Q3,680,Importer,Medium,388,Fine_Dine_Meat,Beer,37.238832,3.0,111.72,111.41,0.9972,compliant,0.31
INV555666,2024-09-07,2024 Q3,680,Importer,Medium,389,Fine_Dine_Meat,Wine,20.004882,10.67,213.45,212.86,0.9972,compliant,0.59
INV556772,2024-09-07,2024 Q3,692,Importer,Large,391,Fine_Dine_Meat,Wine,13.775045,10.67,146.98,106.49,0.7245,partially_compliant,40.49
INV557326,2024-09-07,2024 Q3,692,Importer,Large,392,Fine_Dine_Meat,Beer,19.073937,3.0,57.22,41.46,0.7245,partially_compliant,15.76
INV558431,2024-09-07,2024 Q3,679,Importer,Large,394,Fine_Dine_Meat,Wine,28.873853,10.67,308.08,174.27,0.5657,partially_compliant,133.81
INV558984,2024-09-07,2024 Q3,686,Importer,Small,395,Fine_Dine_Meat,Wine,33.53027,10.67,357.77,219.98,0.6149,partially_compliant,137.78
INV559538,2024-09-07,2024 Q3,685,Importer,Small,396,Fine_Dine_Meat,Beer,62.856212,3.0,188.57,184.75,0.9797,compliant,3.82
INV560091,2024-09-07,2024 Q3,675,Importer,Small,397,Fine_Dine_Meat,Beer,18.407394,3.0,55.22,54.71,0.9907,compliant,0.51
INV561196,2024-09-07,2024 Q3,673,Importer,Medium,399,Fine_Dine_Meat,Wine,36.59158,10.67,390.43,390.43,1.0,compliant,0.0
INV566173,2024-09-07,2024 Q3,681,Importer,Small,408,Fine_Dine_Meat,Wine,41.828769,10.67,446.31,0.0,0.0,non_compliant,446.31
INV567832,2024-09-07,2024 Q3,673,Importer,Medium,411,Fine_Dine_Meat,Wine,17.094799,10.67,182.4,182.4,1.0,compliant,0.0
INV567833,2024-09-07,2024 Q3,673,Importer,Medium,411,Fine_Dine_Meat,Beer,25.642199,3.0,76.93,76.93,1.0,compliant,0.0
INV568385,2024-09-07,2024 Q3,680,Importer,Medium,412,Fine_Dine_Meat,Wine,39.571263,10.67,422.23,421.06,0.9972,compliant,1.17
INV569491,2024-09-07,2024 Q3,689,Importer,Small,414,Fine_Dine_Meat,Wine,25.824572,10.67,275.55,275.55,1.0,compliant,0.0
INV570597,2024-09-07,2024 Q3,680,Importer,Medium,416,Fine_Dine_Meat,Wine,22.577439,10.67,240.9,240.24,0.9972,compliant,0.67
INV571703,2024-09-07,2024 Q3,675,Importer,Small,418,Fine_Dine_Meat,Wine,40.910118,10.67,436.51,432.47,0.9907,compliant,4.05
INV573915,2024-09-07,2024 Q3,673,Importer,Medium,422,Fine_Dine_Meat,Wine,23.113299,10.67,246.62,246.62,1.0,compliant,0.0
INV576680,2024-09-07,2024 Q3,678,Importer,Medium,427,Fine_Dine_Meat,Wine,16.035429,10.67,171.1,99.26,0.5801,partially_compliant,71.84
INV577233,2024-09-07,2024 Q3,689,Importer,Small,428,Fine_Dine_Meat,Wine,17.27435,10.67,184.32,184.32,1.0,compliant,0.0
INV578339,2024-09-07,2024 Q3,685,Importer,Small,430,Fine_Dine_Meat,Wine,21.941589,10.67,234.12,229.37,0.9797,compliant,4.74
INV578892,2024-09-07,2024 Q3,692,Importer,Large,431,Fine_Dine_Meat,Wine,19.465222,10.67,207.69,150.48,0.7245,partially_compliant,57.22
INV579445,2024-09-07,2024 Q3,673,Importer,Medium,432,Fine_Dine_Meat,Wine,32.802989,10.67,350.01,350.01,1.0,compliant,0.0
INV579999,2024-09-07,2024 Q3,679,Importer,Large,433,Fine_Dine_Meat,Beer,13.6907,3.0,41.07,23.23,0.5657,partially_compliant,17.84
INV580552,2024-09-07,2024 Q3,692,Importer,Large,434,Fine_Dine_Meat,Beer,23.98642,3.0,71.96,52.13,0.7245,partially_compliant,19.82
INV581105,2024-09-07,2024 Q3,687,Importer,Medium,435,Fine_Dine_Meat,Beer,53.926327,3.0,161.78,112.78,0.6971,partially_compliant,49.0
INV583869,2024-09-07,2024 Q3,679,Importer,Large,440,Fine_Dine_Meat,Wine,20.5236,10.67,218.99,123.87,0.5657,partially_compliant,95.12
INV583870,2024-09-07,2024 Q3,692,Importer,Large,440,Fine_Dine_Meat,Beer,30.785401,3.0,92.36,66.91,0.7245,partially_compliant,25.44
INV587740,2024-09-07,2024 Q3,686,Importer,Small,447,Fine_Dine_Vegetarian,Wine,30.025088,10.67,320.37,196.99,0.6149,partially_compliant,123.38
INV588293,2024-09-07,2024 Q3,679,Importer,Large,448,Fine_Dine_Vegetarian,Wine,56.044899,10.67,598.0,338.26,0.5657,partially_compliant,259.74
INV588846,2024-09-07,2024 Q3,692,Importer,Large,449,Fine_Dine_Vegetarian,Wine,62.887965,10.67,671.01,486.15,0.7245,partially_compliant,184.86
INV589399,2024-09-07,2024 Q3,680,Importer,Medium,450,Fine_Dine_Vegetarian,Wine,77.70525,10.67,829.12,826.82,0.9972,compliant,2.29
INV591058,2024-09-07,2024 Q3,682,Importer,Small,453,Fine_Dine_Vegetarian,Wine,50.900468,10.67,543.11,333.95,0.6149,partially_compliant,209.16
INV592717,2024-09-07,2024 Q3,675,Importer,Small,456,Fine_Dine_Vegetarian,Wine,22.954456,10.67,244.92,242.65,0.9907,compliant,2.27
INV594376,2024-09-07,2024 Q3,673,Importer,Medium,459,Fine_Dine_Vegetarian,Wine,22.553881,10.67,240.65,240.65,1.0,compliant,0.0
INV596035,2024-09-07,2024 Q3,673,Importer,Medium,462,Fine_Dine_Vegetarian,Wine,20.599392,10.67,219.8,219.8,1.0,compliant,0.0
INV596588,2024-09-07,2024 Q3,690,Importer,Small,463,Fine_Dine_Vegetarian,Wine,47.991171,10.67,512.07,200.35,0.3913,partially_compliant,311.71
INV597141,2024-09-07,2024 Q3,677,Importer,Small,464,Fine_Dine_Vegetarian,Wine,25.319854,10.67,270.16,270.16,1.0,compliant,0.0
INV599906,2024-09-07,2024 Q3,682,Importer,Small,469,Fine_Dine_Vegetarian,Wine,32.299077,10.67,344.63,211.91,0.6149,partially_compliant,132.72
INV601565,2024-09-07,2024 Q3,689,Importer,Small,472,Fine_Dine_Vegetarian,Wine,20.826826,10.67,222.22,222.22,1.0,compliant,0.0
INV603777,2024-09-07,2024 Q3,692,Importer,Large,476,Fine_Dine_Vegetarian,Wine,24.549747,10.67,261.95,189.78,0.7245,partially_compliant,72.16
INV605436,2024-09-07,2024 Q3,673,Importer,Medium,479,Fine_Dine_Vegetarian,Wine,38.676212,10.67,412.68,412.68,1.0,compliant,0.0
INV607648,2024-09-07,2024 Q3,675,Importer,Small,483,Fine_Dine_Vegetarian,Wine,20.16513,10.67,215.16,213.17,0.9907,compliant,1.99
INV609307,2024-09-07,2024 Q3,692,Importer,Large,486,Fine_Dine_Vegetarian,Wine,39.944978,10.67,426.21,308.79,0.7245,partially_compliant,117.42
INV613731,2024-09-07,2024 Q3,686,Importer,Small,494,Fine_Dine_Vegetarian,Wine,35.328365,10.67,376.95,231.78,0.6149,partially_compliant,145.17
INV617049,2024-09-07,2024 Q3,673,Importer,Medium,500,Fine_Dine_Vegetarian,Wine,27.934638,10.67,298.06,298.06,1.0,compliant,0.0
INV402346,2024-09-14,2024 Q3,692,Importer,Large,203,Cafe,Coffee_Beans,24.516934,25.0,612.92,444.07,0.7245,partially_compliant,168.86
INV404084,2024-09-14,2024 Q3,680,Importer,Medium,205,Cafe,Coffee_Beans,4.816915,25.0,120.42,120.09,0.9972,compliant,0.33
INV405822,2024-09-14,2024 Q3,684,Importer,Medium,207,Cafe,Coffee_Beans,6.068567,25.0,151.71,151.71,1.0,compliant,0.0
INV415381,2024-09-14,2024 Q3,677,Importer,Small,218,Cafe,Coffee_Beans,14.20582,25.0,355.15,355.15,1.0,compliant,0.0
INV420595,2024-09-14,2024 Q3,686,Importer,Small,224,Cafe,Coffee_Beans,9.719091,25.0,242.98,149.4,0.6149,partially_compliant,93.58
INV424071,2024-09-14,2024 Q3,677,Importer,Small,228,Cafe,Coffee_Beans,6.02939,25.0,150.73,150.73,1.0,compliant,0.0
INV425809,2024-09-14,2024 Q3,682,Importer,Small,230,Cafe,Coffee_Beans,6.765984,25.0,169.15,104.01,0.6149,partially_compliant,65.14
INV426678,2024-09-14,2024 Q3,681,Importer,Small,231,Cafe,Coffee_Beans,6.135823,25.0,153.4,0.0,0.0,non_compliant,153.4
INV429285,2024-09-14,2024 Q3,673,Importer,Medium,234,Cafe,Coffee_Beans,5.554725,25.0,138.87,138.87,1.0,compliant,0.0
INV430154,2024-09-14,2024 Q3,673,Importer,Medium,235,Cafe,Coffee_Beans,26.320444,25.0,658.01,658.01,1.0,compliant,0.0
INV431892,2024-09-14,2024 Q3,683,Importer,Small,237,Cafe,Coffee_Beans,14.790786,25.0,369.77,366.3,0.9906,compliant,3.47
INV437975,2024-09-14,2024 Q3,682,Importer,Small,244,Cafe,Coffee_Beans,6.985891,25.0,174.65,107.39,0.6149,partially_compliant,67.26
INV439713,2024-09-14,2024 Q3,688,Importer,Small,246,Cafe,Coffee_Beans,4.913543,25.0,122.84,122.84,1.0,compliant,0.0
INV444927,2024-09-14,2024 Q3,675,Importer,Small,252,Cafe,Coffee_Beans,6.85723,25.0,171.43,169.84,0.9907,compliant,1.59
INV448403,2024-09-14,2024 Q3,678,Importer,Medium,256,Cafe,Coffee_Beans,9.637158,25.0,240.93,139.77,0.5801,partially_compliant,101.16
INV449272,2024-09-14,2024 Q3,680,Importer,Medium,257,Cafe,Coffee_Beans,26.168174,25.0,654.2,652.4,0.9972,compliant,1.81
INV454486,2024-09-14,2024 Q3,675,Importer,Small,263,Cafe,Coffee_Beans,5.503398,25.0,137.58,136.31,0.9907,compliant,1.28
INV459700,2024-09-14,2024 Q3,677,Importer,Small,269,Cafe,Coffee_Beans,5.286457,25.0,132.16,132.16,1.0,compliant,0.0
INV464045,2024-09-14,2024 Q3,673,Importer,Medium,274,Cafe,Coffee_Beans,6.251891,25.0,156.3,156.3,1.0,compliant,0.0
INV464914,2024-09-14,2024 Q3,689,Importer,Small,275,Cafe,Coffee_Beans,6.90116,25.0,172.53,172.53,1.0,compliant,0.0
INV465783,2024-09-14,2024 Q3,692,Importer,Large,276,Cafe,Coffee_Beans,6.066793,25.0,151.67,109.89,0.7245,partially_compliant,41.78
INV470128,2024-09-14,2024 Q3,689,Importer,Small,281,Cafe,Coffee_Beans,11.360911,25.0,284.02,284.02,1.0,compliant,0.0
INV475342,2024-09-14,2024 Q3,680,Importer,Medium,287,Cafe,Coffee_Beans,4.272544,25.0,106.81,106.52,0.9972,compliant,0.3
INV477949,2024-09-14,2024 Q3,675,Importer,Small,290,Cafe,Coffee_Beans,5.575779,25.0,139.39,138.1,0.9907,compliant,1.29
INV484032,2024-09-14,2024 Q3,689,Importer,Small,297,Cafe,Coffee_Beans,12.836497,25.0,320.91,320.91,1.0,compliant,0.0
INV484901,2024-09-14,2024 Q3,674,Importer,Small,298,Cafe,Coffee_Beans,6.146769,25.0,153.67,147.79,0.9617,compliant,5.88
INV490115,2024-09-14,2024 Q3,682,Importer,Small,304,Cafe,Coffee_Beans,5.564473,25.0,139.11,85.54,0.6149,partially_compliant,53.57
INV490984,2024-09-14,2024 Q3,682,Importer,Small,305,Cafe,Coffee_Beans,7.417582,25.0,185.44,114.02,0.6149,partially_compliant,71.42
INV496198,2024-09-14,2024 Q3,680,Importer,Medium,311,Cafe,Coffee_Beans,6.737655,25.0,168.44,167.98,0.9972,compliant,0.47
INV497067,2024-09-14,2024 Q3,689,Importer,Small,312,Cafe,Coffee_Beans,6.674197,25.0,166.85,166.85,1.0,compliant,0.0
INV497936,2024-09-14,2024 Q3,682,Importer,Small,313,Cafe,Coffee_Beans,4.491343,25.0,112.28,69.04,0.6149,partially_compliant,43.24
INV502281,2024-09-14,2024 Q3,688,Importer,Small,318,Cafe,Coffee_Beans,19.83315,25.0,495.83,495.83,1.0,compliant,0.0
INV507495,2024-09-14,2024 Q3,692,Importer,Large,324,Cafe,Coffee_Beans,6.32878,25.0,158.22,114.63,0.7245,partially_compliant,43.59
INV515316,2024-09-14,2024 Q3,678,Importer,Medium,333,Cafe,Coffee_Beans,5.434886,25.0,135.87,78.82,0.5801,partially_compliant,57.05
INV517923,2024-09-14,2024 Q3,690,Importer,Small,336,Cafe,Coffee_Beans,3.209706,25.0,80.24,31.4,0.3913,partially_compliant,48.85
INV522268,2024-09-14,2024 Q3,690,Importer,Small,341,Cafe,Coffee_Beans,5.056178,25.0,126.4,49.46,0.3913,partially_compliant,76.95
INV523137,2024-09-14,2024 Q3,686,Importer,Small,342,Cafe,Coffee_Beans,4.110115,25.0,102.75,63.18,0.6149,partially_compliant,39.57
INV524006,2024-09-14,2024 Q3,690,Importer,Small,343,Cafe,Coffee_Beans,7.937206,25.0,198.43,77.64,0.3913,partially_compliant,120.79
INV532696,2024-09-14,2024 Q3,686,Importer,Small,353,Cafe,Coffee_Beans,11.682358,25.0,292.06,179.58,0.6149,partially_compliant,112.48
INV534434,2024-09-14,2024 Q3,678,Importer,Medium,355,Cafe,Coffee_Beans,18.159084,25.0,453.98,263.37,0.5801,partially_compliant,190.61
INV537041,2024-09-14,2024 Q3,679,Importer,Large,358,Cafe,Coffee_Beans,6.425776,25.0,160.64,90.87,0.5657,partially_compliant,69.77
INV542402,2024-09-14,2024 Q3,673,Importer,Medium,365,Fine_Dine_Meat,Beer,29.700182,3.0,89.1,89.1,1.0,compliant,0.0
INV544613,2024-09-14,2024 Q3,692,Importer,Large,369,Fine_Dine_Meat,Wine,19.166419,10.67,204.51,148.17,0.7245,partially_compliant,56.34
INV547378,2024-09-14,2024 Q3,675,Importer,Small,374,Fine_Dine_Meat,Wine,22.451973,10.67,239.56,237.34,0.9907,compliant,2.22
INV547379,2024-09-14,2024 Q3,683,Importer,Small,374,Fine_Dine_Meat,Beer,33.677959,3.0,101.03,100.09,0.9906,compliant,0.95
INV549591,2024-09-14,2024 Q3,679,Importer,Large,378,Fine_Dine_Meat,Beer,24.93472,3.0,74.8,42.31,0.5657,partially_compliant,32.49
INV550143,2024-09-14,2024 Q3,686,Importer,Small,379,Fine_Dine_Meat,Wine,43.762604,10.67,466.95,287.11,0.6149,partially_compliant,179.83
INV551802,2024-09-14,2024 Q3,677,Importer,Small,382,Fine_Dine_Meat,Wine,10.039736,10.67,107.12,107.12,1.0,compliant,0.0
INV552908,2024-09-14,2024 Q3,682,Importer,Small,384,Fine_Dine_Meat,Wine,17.417995,10.67,185.85,114.28,0.6149,partially_compliant,71.57
INV552909,2024-09-14,2024 Q3,680,Importer,Medium,384,Fine_Dine_Meat,Beer,26.126993,3.0,78.38,78.16,0.9972,compliant,0.22
INV555120,2024-09-14,2024 Q3,686,Importer,Small,388,Fine_Dine_Meat,Wine,22.02531,10.67,235.01,144.5,0.6149,partially_compliant,90.51
INV555121,2024-09-14,2024 Q3,680,Importer,Medium,388,Fine_Dine_Meat,Beer,33.037965,3.0,99.11,98.84,0.9972,compliant,0.27
INV555673,2024-09-14,2024 Q3,680,Importer,Medium,389,Fine_Dine_Meat,Wine,19.609041,10.67,209.23,208.65,0.9972,compliant,0.58
INV556779,2024-09-14,2024 Q3,692,Importer,Large,391,Fine_Dine_Meat,Wine,13.502475,10.67,144.07,104.38,0.7245,partially_compliant,39.69
INV557333,2024-09-14,2024 Q3,692,Importer,Large,392,Fine_Dine_Meat,Beer,19.671436,3.0,59.01,42.76,0.7245,partially_compliant,16.26
INV558438,2024-09-14,2024 Q3,679,Importer,Large,394,Fine_Dine_Meat,Wine,28.302519,10.67,301.99,170.82,0.5657,partially_compliant,131.17
INV558991,2024-09-14,2024 Q3,686,Importer,Small,395,Fine_Dine_Meat,Wine,32.866798,10.67,350.69,215.63,0.6149,partially_compliant,135.06
INV559545,2024-09-14,2024 Q3,685,Importer,Small,396,Fine_Dine_Meat,Beer,61.612461,3.0,184.84,181.09,0.9797,compliant,3.74
INV560098,2024-09-14,2024 Q3,675,Importer,Small,397,Fine_Dine_Meat,Beer,20.448547,3.0,61.35,60.78,0.9907,compliant,0.57
INV561203,2024-09-14,2024 Q3,673,Importer,Medium,399,Fine_Dine_Meat,Wine,35.867533,10.67,382.71,382.71,1.0,compliant,0.0
INV566180,2024-09-14,2024 Q3,681,Importer,Small,408,Fine_Dine_Meat,Wine,41.001093,10.67,437.48,0.0,0.0,non_compliant,437.48
INV567839,2024-09-14,2024 Q3,673,Importer,Medium,411,Fine_Dine_Meat,Wine,16.75654,10.67,178.79,178.79,1.0,compliant,0.0
INV567840,2024-09-14,2024 Q3,673,Importer,Medium,411,Fine_Dine_Meat,Beer,25.134811,3.0,75.4,75.4,1.0,compliant,0.0
INV568392,2024-09-14,2024 Q3,680,Importer,Medium,412,Fine_Dine_Meat,Wine,38.788257,10.67,413.87,412.73,0.9972,compliant,1.14
INV569498,2024-09-14,2024 Q3,689,Importer,Small,414,Fine_Dine_Meat,Wine,30.450487,10.67,324.91,324.91,1.0,compliant,0.0
INV570604,2024-09-14,2024 Q3,680,Importer,Medium,416,Fine_Dine_Meat,Wine,22.130693,10.67,236.13,235.48,0.9972,compliant,0.65
INV571710,2024-09-14,2024 Q3,675,Importer,Small,418,Fine_Dine_Meat,Wine,40.10062,10.67,427.87,423.91,0.9907,compliant,3.97
INV573922,2024-09-14,2024 Q3,673,Importer,Medium,422,Fine_Dine_Meat,Wine,22.65595,10.67,241.74,241.74,1.0,compliant,0.0
INV576687,2024-09-14,2024 Q3,678,Importer,Medium,427,Fine_Dine_Meat,Wine,15.718132,10.67,167.71,97.3,0.5801,partially_compliant,70.42
INV577240,2024-09-14,2024 Q3,689,Importer,Small,428,Fine_Dine_Meat,Wine,16.932539,10.67,180.67,180.67,1.0,compliant,0.0
INV578346,2024-09-14,2024 Q3,685,Importer,Small,430,Fine_Dine_Meat,Wine,21.507425,10.67,229.48,224.84,0.9797,compliant,4.65
INV578899,2024-09-14,2024 Q3,692,Importer,Large,431,Fine_Dine_Meat,Wine,19.080059,10.67,203.58,147.5,0.7245,partially_compliant,56.09
INV579452,2024-09-14,2024 Q3,673,Importer,Medium,432,Fine_Dine_Meat,Wine,32.153908,10.67,343.08,343.08,1.0,compliant,0.0
INV580006,2024-09-14,2024 Q3,679,Importer,Large,433,Fine_Dine_Meat,Beer,13.419799,3.0,40.26,22.77,0.5657,partially_compliant,17.49
INV580559,2024-09-14,2024 Q3,692,Importer,Large,434,Fine_Dine_Meat,Beer,23.511795,3.0,70.54,51.1,0.7245,partially_compliant,19.43
INV581112,2024-09-14,2024 Q3,687,Importer,Medium,435,Fine_Dine_Meat,Beer,49.676496,3.0,149.03,103.89,0.6971,partially_compliant,45.14
INV583876,2024-09-14,2024 Q3,679,Importer,Large,440,Fine_Dine_Meat,Wine,20.117495,10.67,214.65,121.42,0.5657,partially_compliant,93.23
INV583877,2024-09-14,2024 Q3,692,Importer,Large,440,Fine_Dine_Meat,Beer,30.176242,3.0,90.53,65.59,0.7245,partially_compliant,24.94
INV587747,2024-09-14,2024 Q3,686,Importer,Small,447,Fine_Dine_Vegetarian,Wine,29.430975,10.67,314.03,193.09,0.6149,partially_compliant,120.94
INV588300,2024-09-14,2024 Q3,679,Importer,Large,448,Fine_Dine_Vegetarian,Wine,54.935925,10.67,586.17,331.57,0.5657,partially_compliant,254.6
INV588853,2024-09-14,2024 Q3,692,Importer,Large,449,Fine_Dine_Vegetarian,Wine,66.420504,10.67,708.71,513.46,0.7245,partially_compliant,195.24
INV589406,2024-09-14,2024 Q3,680,Importer,Medium,450,Fine_Dine_Vegetarian,Wine,76.167678,10.67,812.71,810.46,0.9972,compliant,2.25
INV591065,2024-09-14,2024 Q3,682,Importer,Small,453,Fine_Dine_Vegetarian,Wine,49.893288,10.67,532.36,327.34,0.6149,partially_compliant,205.02
INV592724,2024-09-14,2024 Q3,675,Importer,Small,456,Fine_Dine_Vegetarian,Wine,22.50025,10.67,240.08,237.85,0.9907,compliant,2.23
INV594383,2024-09-14,2024 Q3,673,Importer,Medium,459,Fine_Dine_Vegetarian,Wine,22.107602,10.67,235.89,235.89,1.0,compliant,0.0
INV596042,2024-09-14,2024 Q3,673,Importer,Medium,462,Fine_Dine_Vegetarian,Wine,20.191787,10.67,215.45,215.45,1.0,compliant,0.0
INV596595,2024-09-14,2024 Q3,690,Importer,Small,463,Fine_Dine_Vegetarian,Wine,47.041558,10.67,501.93,196.39,0.3913,partially_compliant,305.55
INV597148,2024-09-14,2024 Q3,677,Importer,Small,464,Fine_Dine_Vegetarian,Wine,24.818844,10.67,264.82,264.82,1.0,compliant,0.0
INV599913,2024-09-14,2024 Q3,682,Importer,Small,469,Fine_Dine_Vegetarian,Wine,34.170886,10.67,364.6,224.19,0.6149,partially_compliant,140.42
INV601572,2024-09-14,2024 Q3,689,Importer,Small,472,Fine_Dine_Vegetarian,Wine,20.414721,10.67,217.83,217.83,1.0,compliant,0.0
INV603784,2024-09-14,2024 Q3,692,Importer,Large,476,Fine_Dine_Vegetarian,Wine,24.063975,10.67,256.76,186.03,0.7245,partially_compliant,70.74
INV605443,2024-09-14,2024 Q3,673,Importer,Medium,479,Fine_Dine_Vegetarian,Wine,37.910916,10.67,404.51,404.51,1.0,compliant,0.0
INV607655,2024-09-14,2024 Q3,675,Importer,Small,483,Fine_Dine_Vegetarian,Wine,28.396775,10.67,302.99,300.19,0.9907,compliant,2.81
INV609314,2024-09-14,2024 Q3,692,Importer,Large,486,Fine_Dine_Vegetarian,Wine,39.154577,10.67,417.78,302.68,0.7245,partially_compliant,115.1
INV613738,2024-09-14,2024 Q3,686,Importer,Small,494,Fine_Dine_Vegetarian,Wine,32.813787,10.67,350.12,215.28,0.6149,partially_compliant,134.84
INV617056,2024-09-14,2024 Q3,673,Importer,Medium,500,Fine_Dine_Vegetarian,Wine,27.381889,10.67,292.16,292.16,1.0,compliant,0.0
INV402357,2024-09-21,2024 Q3,692,Importer,Large,203,Cafe,Coffee_Beans,26.667615,25.0,666.69,483.02,0.7245,partially_compliant,183.67
INV404095,2024-09-21,2024 Q3,680,Importer,Medium,205,Cafe,Coffee_Beans,5.239465,25.0,130.99,130.62,0.9972,compliant,0.36
INV405833,2024-09-21,2024 Q3,684,Importer,Medium,207,Cafe,Coffee_Beans,6.600916,25.0,165.02,165.02,1.0,compliant,0.0
INV415392,2024-09-21,2024 Q3,677,Importer,Small,218,Cafe,Coffee_Beans,15.451987,25.0,386.3,386.3,1.0,compliant,0.0
INV420606,2024-09-21,2024 Q3,686,Importer,Small,224,Cafe,Coffee_Beans,10.307735,25.0,257.69,158.45,0.6149,partially_compliant,99.24
INV424082,2024-09-21,2024 Q3,677,Importer,Small,228,Cafe,Coffee_Beans,6.558302,25.0,163.96,163.96,1.0,compliant,0.0
INV425820,2024-09-21,2024 Q3,682,Importer,Small,230,Cafe,Coffee_Beans,7.359512,25.0,183.99,113.13,0.6149,partially_compliant,70.86
INV426689,2024-09-21,2024 Q3,681,Importer,Small,231,Cafe,Coffee_Beans,6.674072,25.0,166.85,0.0,0.0,non_compliant,166.85
INV429296,2024-09-21,2024 Q3,673,Importer,Medium,234,Cafe,Coffee_Beans,6.041998,25.0,151.05,151.05,1.0,compliant,0.0
INV430165,2024-09-21,2024 Q3,673,Importer,Medium,235,Cafe,Coffee_Beans,28.629334,25.0,715.73,715.73,1.0,compliant,0.0
INV431903,2024-09-21,2024 Q3,683,Importer,Small,237,Cafe,Coffee_Beans,16.088267,25.0,402.21,398.43,0.9906,compliant,3.78
INV437986,2024-09-21,2024 Q3,682,Importer,Small,244,Cafe,Coffee_Beans,7.598709,25.0,189.97,116.81,0.6149,partially_compliant,73.16
INV439724,2024-09-21,2024 Q3,688,Importer,Small,246,Cafe,Coffee_Beans,4.671775,25.0,116.79,116.79,1.0,compliant,0.0
INV444938,2024-09-21,2024 Q3,675,Importer,Small,252,Cafe,Coffee_Beans,7.458761,25.0,186.47,184.74,0.9907,compliant,1.73
INV448414,2024-09-21,2024 Q3,678,Importer,Medium,256,Cafe,Coffee_Beans,10.482551,25.0,262.06,152.03,0.5801,partially_compliant,110.03
INV449283,2024-09-21,2024 Q3,680,Importer,Medium,257,Cafe,Coffee_Beans,28.463706,25.0,711.59,709.62,0.9972,compliant,1.97
INV454497,2024-09-21,2024 Q3,675,Importer,Small,263,Cafe,Coffee_Beans,5.986169,25.0,149.65,148.27,0.9907,compliant,1.39
INV459711,2024-09-21,2024 Q3,677,Importer,Small,269,Cafe,Coffee_Beans,5.750197,25.0,143.75,143.75,1.0,compliant,0.0
INV464056,2024-09-21,2024 Q3,673,Importer,Medium,274,Cafe,Coffee_Beans,6.800321,25.0,170.01,170.01,1.0,compliant,0.0
INV464925,2024-09-21,2024 Q3,689,Importer,Small,275,Cafe,Coffee_Beans,7.506545,25.0,187.66,187.66,1.0,compliant,0.0
INV465794,2024-09-21,2024 Q3,692,Importer,Large,276,Cafe,Coffee_Beans,6.598986,25.0,164.97,119.53,0.7245,partially_compliant,45.45
INV470139,2024-09-21,2024 Q3,689,Importer,Small,281,Cafe,Coffee_Beans,12.357516,25.0,308.94,308.94,1.0,compliant,0.0
INV475353,2024-09-21,2024 Q3,680,Importer,Medium,287,Cafe,Coffee_Beans,4.137858,25.0,103.45,103.16,0.9972,compliant,0.29
INV477960,2024-09-21,2024 Q3,675,Importer,Small,290,Cafe,Coffee_Beans,6.064899,25.0,151.62,150.22,0.9907,compliant,1.41
INV484043,2024-09-21,2024 Q3,689,Importer,Small,297,Cafe,Coffee_Beans,14.242564,25.0,356.06,356.06,1.0,compliant,0.0
INV484912,2024-09-21,2024 Q3,674,Importer,Small,298,Cafe,Coffee_Beans,6.685977,25.0,167.15,160.75,0.9617,compliant,6.4
INV490126,2024-09-21,2024 Q3,682,Importer,Small,304,Cafe,Coffee_Beans,6.052602,25.0,151.32,93.04,0.6149,partially_compliant,58.27
INV490995,2024-09-21,2024 Q3,682,Importer,Small,305,Cafe,Coffee_Beans,8.15611,25.0,203.9,125.38,0.6149,partially_compliant,78.53
INV496209,2024-09-21,2024 Q3,680,Importer,Medium,311,Cafe,Coffee_Beans,7.328697,25.0,183.22,182.71,0.9972,compliant,0.51
INV497078,2024-09-21,2024 Q3,689,Importer,Small,312,Cafe,Coffee_Beans,7.259672,25.0,181.49,181.49,1.0,compliant,0.0
INV497947,2024-09-21,2024 Q3,682,Importer,Small,313,Cafe,Coffee_Beans,3.723399,25.0,93.08,57.24,0.6149,partially_compliant,35.85
INV502292,2024-09-21,2024 Q3,688,Importer,Small,318,Cafe,Coffee_Beans,22.444795,25.0,561.12,561.12,1.0,compliant,0.0
INV507506,2024-09-21,2024 Q3,692,Importer,Large,324,Cafe,Coffee_Beans,6.883955,25.0,172.1,124.69,0.7245,partially_compliant,47.41
INV515327,2024-09-21,2024 Q3,678,Importer,Medium,333,Cafe,Coffee_Beans,5.911646,25.0,147.79,85.74,0.5801,partially_compliant,62.05
INV517934,2024-09-21,2024 Q3,690,Importer,Small,336,Cafe,Coffee_Beans,4.137872,25.0,103.45,40.47,0.3913,partially_compliant,62.97
INV522279,2024-09-21,2024 Q3,690,Importer,Small,341,Cafe,Coffee_Beans,5.499718,25.0,137.49,53.8,0.3913,partially_compliant,83.7
INV523148,2024-09-21,2024 Q3,686,Importer,Small,342,Cafe,Coffee_Beans,4.470663,25.0,111.77,68.72,0.6149,partially_compliant,43.04
INV524017,2024-09-21,2024 Q3,690,Importer,Small,343,Cafe,Coffee_Beans,8.546911,25.0,213.67,83.6,0.3913,partially_compliant,130.07
INV532707,2024-09-21,2024 Q3,686,Importer,Small,353,Cafe,Coffee_Beans,12.707161,25.0,317.68,195.33,0.6149,partially_compliant,122.35
INV534445,2024-09-21,2024 Q3,678,Importer,Medium,355,Cafe,Coffee_Beans,19.75204,25.0,493.8,286.47,0.5801,partially_compliant,207.33
INV537052,2024-09-21,2024 Q3,679,Importer,Large,358,Cafe,Coffee_Beans,6.98946,25.0,174.74,98.84,0.5657,partially_compliant,75.9
INV542409,2024-09-21,2024 Q3,673,Importer,Medium,365,Fine_Dine_Meat,Beer,31.598175,3.0,94.79,94.79,1.0,compliant,0.0
INV544620,2024-09-21,2024 Q3,692,Importer,Large,369,Fine_Dine_Meat,Wine,20.391251,10.67,217.57,157.63,0.7245,partially_compliant,59.94
INV547385,2024-09-21,2024 Q3,675,Importer,Small,374,Fine_Dine_Meat,Wine,23.886768,10.67,254.87,252.51,0.9907,compliant,2.36
INV547386,2024-09-21,2024 Q3,683,Importer,Small,374,Fine_Dine_Meat,Beer,35.830152,3.0,107.49,106.48,0.9906,compliant,1.01
INV549598,2024-09-21,2024 Q3,679,Importer,Large,378,Fine_Dine_Meat,Beer,26.528176,3.0,79.58,45.02,0.5657,partially_compliant,34.57
INV550150,2024-09-21,2024 Q3,686,Importer,Small,379,Fine_Dine_Meat,Wine,46.559257,10.67,496.79,305.46,0.6149,partially_compliant,191.32
INV551809,2024-09-21,2024 Q3,677,Importer,Small,382,Fine_Dine_Meat,Wine,10.681326,10.67,113.97,113.97,1.0,compliant,0.0
INV552915,2024-09-21,2024 Q3,682,Importer,Small,384,Fine_Dine_Meat,Wine,18.531094,10.67,197.73,121.58,0.6149,partially_compliant,76.15
INV552916,2024-09-21,2024 Q3,680,Importer,Medium,384,Fine_Dine_Meat,Beer,27.79664,3.0,83.39,83.16,0.9972,compliant,0.23
INV555127,2024-09-21,2024 Q3,686,Importer,Small,388,Fine_Dine_Meat,Wine,21.398251,10.67,228.32,140.39,0.6149,partially_compliant,87.93
INV555128,2024-09-21,2024 Q3,680,Importer,Medium,388,Fine_Dine_Meat,Beer,32.097377,3.0,96.29,96.03,0.9972,compliant,0.27
INV555680,2024-09-21,2024 Q3,680,Importer,Medium,389,Fine_Dine_Meat,Wine,20.862158,10.67,222.6,221.98,0.9972,compliant,0.62
INV556786,2024-09-21,2024 Q3,692,Importer,Large,391,Fine_Dine_Meat,Wine,14.365352,10.67,153.28,111.05,0.7245,partially_compliant,42.23
INV557340,2024-09-21,2024 Q3,692,Importer,Large,392,Fine_Dine_Meat,Beer,21.695487,3.0,65.09,47.16,0.7245,partially_compliant,17.93
INV558445,2024-09-21,2024 Q3,679,Importer,Large,394,Fine_Dine_Meat,Wine,30.111194,10.67,321.29,181.74,0.5657,partially_compliant,139.55
INV558998,2024-09-21,2024 Q3,686,Importer,Small,395,Fine_Dine_Meat,Wine,34.967154,10.67,373.1,229.41,0.6149,partially_compliant,143.69
INV559552,2024-09-21,2024 Q3,685,Importer,Small,396,Fine_Dine_Meat,Beer,65.549811,3.0,196.65,192.67,0.9797,compliant,3.98
INV560105,2024-09-21,2024 Q3,675,Importer,Small,397,Fine_Dine_Meat,Beer,23.729075,3.0,71.19,70.53,0.9907,compliant,0.66
INV561210,2024-09-21,2024 Q3,673,Importer,Medium,399,Fine_Dine_Meat,Wine,38.159651,10.67,407.16,407.16,1.0,compliant,0.0
INV566187,2024-09-21,2024 Q3,681,Importer,Small,408,Fine_Dine_Meat,Wine,43.621271,10.67,465.44,0.0,0.0,non_compliant,465.44
INV567846,2024-09-21,2024 Q3,673,Importer,Medium,411,Fine_Dine_Meat,Wine,17.827369,10.67,190.22,190.22,1.0,compliant,0.0
INV567847,2024-09-21,2024 Q3,673,Importer,Medium,411,Fine_Dine_Meat,Beer,26.741053,3.0,80.22,80.22,1.0,compliant,0.0
INV568399,2024-09-21,2024 Q3,680,Importer,Medium,412,Fine_Dine_Meat,Wine,41.267024,10.67,440.32,439.1,0.9972,compliant,1.22
INV569505,2024-09-21,2024 Q3,689,Importer,Small,414,Fine_Dine_Meat,Wine,37.058775,10.67,395.42,395.42,1.0,compliant,0.0
INV570611,2024-09-21,2024 Q3,680,Importer,Medium,416,Fine_Dine_Meat,Wine,23.544957,10.67,251.22,250.53,0.9972,compliant,0.69
INV571717,2024-09-21,2024 Q3,675,Importer,Small,418,Fine_Dine_Meat,Wine,42.663253,10.67,455.22,451.0,0.9907,compliant,4.22
INV573929,2024-09-21,2024 Q3,673,Importer,Medium,422,Fine_Dine_Meat,Wine,24.103781,10.67,257.19,257.19,1.0,compliant,0.0
INV576694,2024-09-21,2024 Q3,678,Importer,Medium,427,Fine_Dine_Meat,Wine,16.722601,10.67,178.43,103.51,0.5801,partially_compliant,74.92
INV577247,2024-09-21,2024 Q3,689,Importer,Small,428,Fine_Dine_Meat,Wine,18.014614,10.67,192.22,192.22,1.0,compliant,0.0
INV578353,2024-09-21,2024 Q3,685,Importer,Small,430,Fine_Dine_Meat,Wine,22.881859,10.67,244.15,239.2,0.9797,compliant,4.95
INV578906,2024-09-21,2024 Q3,692,Importer,Large,431,Fine_Dine_Meat,Wine,20.299371,10.67,216.59,156.92,0.7245,partially_compliant,59.67
INV579459,2024-09-21,2024 Q3,673,Importer,Medium,432,Fine_Dine_Meat,Wine,34.208706,10.67,365.01,365.01,1.0,compliant,0.0
INV580013,2024-09-21,2024 Q3,679,Importer,Large,433,Fine_Dine_Meat,Beer,14.570092,3.0,43.71,24.73,0.5657,partially_compliant,18.99
INV580566,2024-09-21,2024 Q3,692,Importer,Large,434,Fine_Dine_Meat,Beer,25.014318,3.0,75.04,54.37,0.7245,partially_compliant,20.67
INV581119,2024-09-21,2024 Q3,687,Importer,Medium,435,Fine_Dine_Meat,Beer,50.43645,3.0,151.31,105.48,0.6971,partially_compliant,45.83
INV583883,2024-09-21,2024 Q3,679,Importer,Large,440,Fine_Dine_Meat,Wine,21.403105,10.67,228.37,129.18,0.5657,partially_compliant,99.19
INV583884,2024-09-21,2024 Q3,692,Importer,Large,440,Fine_Dine_Meat,Beer,32.104658,3.0,96.31,69.78,0.7245,partially_compliant,26.53
INV587754,2024-09-21,2024 Q3,686,Importer,Small,447,Fine_Dine_Vegetarian,Wine,31.311763,10.67,334.1,205.43,0.6149,partially_compliant,128.67
INV588307,2024-09-21,2024 Q3,679,Importer,Large,448,Fine_Dine_Vegetarian,Wine,58.44661,10.67,623.63,352.76,0.5657,partially_compliant,270.87
INV588860,2024-09-21,2024 Q3,692,Importer,Large,449,Fine_Dine_Vegetarian,Wine,74.652327,10.67,796.54,577.1,0.7245,partially_compliant,219.44
INV589413,2024-09-21,2024 Q3,680,Importer,Medium,450,Fine_Dine_Vegetarian,Wine,81.03518,10.67,864.65,862.25,0.9972,compliant,2.39
INV591072,2024-09-21,2024 Q3,682,Importer,Small,453,Fine_Dine_Vegetarian,Wine,53.081723,10.67,566.38,348.26,0.6149,partially_compliant,218.13
INV592731,2024-09-21,2024 Q3,675,Importer,Small,456,Fine_Dine_Vegetarian,Wine,23.938131,10.67,255.42,253.05,0.9907,compliant,2.37
INV594390,2024-09-21,2024 Q3,673,Importer,Medium,459,Fine_Dine_Vegetarian,Wine,23.52039,10.67,250.96,250.96,1.0,compliant,0.0
INV596049,2024-09-21,2024 Q3,673,Importer,Medium,462,Fine_Dine_Vegetarian,Wine,21.482145,10.67,229.21,229.21,1.0,compliant,0.0
INV596602,2024-09-21,2024 Q3,690,Importer,Small,463,Fine_Dine_Vegetarian,Wine,50.047753,10.67,534.01,208.94,0.3913,partially_compliant,325.07
INV597155,2024-09-21,2024 Q3,677,Importer,Small,464,Fine_Dine_Vegetarian,Wine,26.404894,10.67,281.74,281.74,1.0,compliant,0.0
INV599920,2024-09-21,2024 Q3,682,Importer,Small,469,Fine_Dine_Vegetarian,Wine,38.655895,10.67,412.46,253.61,0.6149,partially_compliant,158.85
INV601579,2024-09-21,2024 Q3,689,Importer,Small,472,Fine_Dine_Vegetarian,Wine,21.719325,10.67,231.75,231.75,1.0,compliant,0.0
INV603791,2024-09-21,2024 Q3,692,Importer,Large,476,Fine_Dine_Vegetarian,Wine,25.601786,10.67,273.17,197.91,0.7245,partially_compliant,75.26
INV605450,2024-09-21,2024 Q3,673,Importer,Medium,479,Fine_Dine_Vegetarian,Wine,40.333617,10.67,430.36,430.36,1.0,compliant,0.0
INV607662,2024-09-21,2024 Q3,675,Importer,Small,483,Fine_Dine_Vegetarian,Wine,37.711893,10.67,402.39,398.66,0.9907,compliant,3.73
INV609321,2024-09-21,2024 Q3,692,Importer,Large,486,Fine_Dine_Vegetarian,Wine,41.656754,10.67,444.48,322.03,0.7245,partially_compliant,122.45
INV613745,2024-09-21,2024 Q3,686,Importer,Small,494,Fine_Dine_Vegetarian,Wine,33.262898,10.67,354.92,218.23,0.6149,partially_compliant,136.69
INV617063,2024-09-21,2024 Q3,673,Importer,Medium,500,Fine_Dine_Vegetarian,Wine,29.131731,10.67,310.84,310.84,1.0,compliant,0.0
INV402368,2024-09-28,2024 Q3,692,Importer,Large,203,Cafe,Coffee_Beans,28.088056,25.0,702.2,508.75,0.7245,partially_compliant,193.45
INV404106,2024-09-28,2024 Q3,680,Importer,Medium,205,Cafe,Coffee_Beans,5.493449,25.0,137.34,136.96,0.9972,compliant,0.38
INV405844,2024-09-28,2024 Q3,684,Importer,Medium,207,Cafe,Coffee_Beans,6.987404,25.0,174.69,174.69,1.0,compliant,0.0
INV415403,2024-09-28,2024 Q3,677,Importer,Small,218,Cafe,Coffee_Beans,16.424887,25.0,410.62,410.62,1.0,compliant,0.0
INV420617,2024-09-28,2024 Q3,686,Importer,Small,224,Cafe,Coffee_Beans,10.820703,25.0,270.52,166.34,0.6149,partially_compliant,104.18
INV424093,2024-09-28,2024 Q3,677,Importer,Small,228,Cafe,Coffee_Beans,7.022955,25.0,175.57,175.57,1.0,compliant,0.0
INV425831,2024-09-28,2024 Q3,682,Importer,Small,230,Cafe,Coffee_Beans,7.880035,25.0,197.0,121.13,0.6149,partially_compliant,75.87
INV426700,2024-09-28,2024 Q3,681,Importer,Small,231,Cafe,Coffee_Beans,7.112153,25.0,177.8,0.0,0.0,non_compliant,177.8
INV429307,2024-09-28,2024 Q3,673,Importer,Medium,234,Cafe,Coffee_Beans,6.408119,25.0,160.2,160.2,1.0,compliant,0.0
INV430176,2024-09-28,2024 Q3,673,Importer,Medium,235,Cafe,Coffee_Beans,30.358622,25.0,758.97,758.97,1.0,compliant,0.0
INV431914,2024-09-28,2024 Q3,683,Importer,Small,237,Cafe,Coffee_Beans,17.206173,25.0,430.15,426.12,0.9906,compliant,4.04
INV437997,2024-09-28,2024 Q3,682,Importer,Small,244,Cafe,Coffee_Beans,8.090723,25.0,202.27,124.37,0.6149,partially_compliant,77.9
INV439735,2024-09-28,2024 Q3,688,Importer,Small,246,Cafe,Coffee_Beans,4.517792,25.0,112.94,112.94,1.0,compliant,0.0
INV444949,2024-09-28,2024 Q3,675,Importer,Small,252,Cafe,Coffee_Beans,7.922344,25.0,198.06,196.22,0.9907,compliant,1.84
INV448425,2024-09-28,2024 Q3,678,Importer,Medium,256,Cafe,Coffee_Beans,10.98459,25.0,274.61,159.32,0.5801,partially_compliant,115.3
INV449294,2024-09-28,2024 Q3,680,Importer,Medium,257,Cafe,Coffee_Beans,30.081709,25.0,752.04,749.96,0.9972,compliant,2.08
INV454508,2024-09-28,2024 Q3,675,Importer,Small,263,Cafe,Coffee_Beans,6.418994,25.0,160.47,158.99,0.9907,compliant,1.49
INV459722,2024-09-28,2024 Q3,677,Importer,Small,269,Cafe,Coffee_Beans,6.146944,25.0,153.67,153.67,1.0,compliant,0.0
INV464067,2024-09-28,2024 Q3,673,Importer,Medium,274,Cafe,Coffee_Beans,7.170867,25.0,179.27,179.27,1.0,compliant,0.0
INV464936,2024-09-28,2024 Q3,689,Importer,Small,275,Cafe,Coffee_Beans,8.022071,25.0,200.55,200.55,1.0,compliant,0.0
INV465805,2024-09-28,2024 Q3,692,Importer,Large,276,Cafe,Coffee_Beans,7.009477,25.0,175.24,126.96,0.7245,partially_compliant,48.28
INV470150,2024-09-28,2024 Q3,689,Importer,Small,281,Cafe,Coffee_Beans,13.15894,25.0,328.97,328.97,1.0,compliant,0.0
INV475364,2024-09-28,2024 Q3,680,Importer,Medium,287,Cafe,Coffee_Beans,4.282812,25.0,107.07,106.77,0.9972,compliant,0.3
INV477971,2024-09-28,2024 Q3,675,Importer,Small,290,Cafe,Coffee_Beans,6.506576,25.0,162.66,161.16,0.9907,compliant,1.51
INV484054,2024-09-28,2024 Q3,689,Importer,Small,297,Cafe,Coffee_Beans,14.738724,25.0,368.47,368.47,1.0,compliant,0.0
INV484923,2024-09-28,2024 Q3,674,Importer,Small,298,Cafe,Coffee_Beans,7.354138,25.0,183.85,176.82,0.9617,compliant,7.04
INV490137,2024-09-28,2024 Q3,682,Importer,Small,304,Cafe,Coffee_Beans,6.48565,25.0,162.14,99.7,0.6149,partially_compliant,62.44
INV491006,2024-09-28,2024 Q3,682,Importer,Small,305,Cafe,Coffee_Beans,8.163617,25.0,204.09,125.49,0.6149,partially_compliant,78.6
INV496220,2024-09-28,2024 Q3,680,Importer,Medium,311,Cafe,Coffee_Beans,7.83109,25.0,195.78,195.24,0.9972,compliant,0.54
INV497089,2024-09-28,2024 Q3,689,Importer,Small,312,Cafe,Coffee_Beans,7.630436,25.0,190.76,190.76,1.0,compliant,0.0
INV497958,2024-09-28,2024 Q3,682,Importer,Small,313,Cafe,Coffee_Beans,3.93423,25.0,98.36,60.48,0.6149,partially_compliant,37.88
INV502303,2024-09-28,2024 Q3,688,Importer,Small,318,Cafe,Coffee_Beans,24.384483,25.0,609.61,609.61,1.0,compliant,0.0
INV507517,2024-09-28,2024 Q3,692,Importer,Large,324,Cafe,Coffee_Beans,7.241352,25.0,181.03,131.16,0.7245,partially_compliant,49.87
INV515338,2024-09-28,2024 Q3,678,Importer,Medium,333,Cafe,Coffee_Beans,6.237598,25.0,155.94,90.47,0.5801,partially_compliant,65.47
INV517945,2024-09-28,2024 Q3,690,Importer,Small,336,Cafe,Coffee_Beans,4.97389,25.0,124.35,48.65,0.3913,partially_compliant,75.69
INV522290,2024-09-28,2024 Q3,690,Importer,Small,341,Cafe,Coffee_Beans,5.566392,25.0,139.16,54.45,0.3913,partially_compliant,84.71
INV523159,2024-09-28,2024 Q3,686,Importer,Small,342,Cafe,Coffee_Beans,4.685786,25.0,117.14,72.03,0.6149,partially_compliant,45.12
INV524028,2024-09-28,2024 Q3,690,Importer,Small,343,Cafe,Coffee_Beans,8.752823,25.0,218.82,85.62,0.3913,partially_compliant,133.2
INV532718,2024-09-28,2024 Q3,686,Importer,Small,353,Cafe,Coffee_Beans,13.35251,25.0,333.81,205.25,0.6149,partially_compliant,128.56
INV534456,2024-09-28,2024 Q3,678,Importer,Medium,355,Cafe,Coffee_Beans,20.936014,25.0,523.4,303.65,0.5801,partially_compliant,219.75
INV537063,2024-09-28,2024 Q3,679,Importer,Large,358,Cafe,Coffee_Beans,7.421396,25.0,185.53,104.95,0.5657,partially_compliant,80.59
INV542416,2024-09-28,2024 Q3,673,Importer,Medium,365,Fine_Dine_Meat,Beer,32.616958,3.0,97.85,97.85,1.0,compliant,0.0
INV544627,2024-09-28,2024 Q3,692,Importer,Large,369,Fine_Dine_Meat,Wine,21.455155,10.67,228.93,165.86,0.7245,partially_compliant,63.07
INV547392,2024-09-28,2024 Q3,675,Importer,Small,374,Fine_Dine_Meat,Wine,25.087916,10.67,267.69,265.21,0.9907,compliant,2.48
INV547393,2024-09-28,2024 Q3,683,Importer,Small,374,Fine_Dine_Meat,Beer,37.631874,3.0,112.9,111.84,0.9906,compliant,1.06
INV549605,2024-09-28,2024 Q3,679,Importer,Large,378,Fine_Dine_Meat,Beer,27.742013,3.0,83.23,47.08,0.5657,partially_compliant,36.15
INV550157,2024-09-28,2024 Q3,686,Importer,Small,379,Fine_Dine_Meat,Wine,48.720372,10.67,519.85,319.64,0.6149,partially_compliant,200.2
INV551816,2024-09-28,2024 Q3,677,Importer,Small,382,Fine_Dine_Meat,Wine,11.098977,10.67,118.43,118.43,1.0,compliant,0.0
INV552922,2024-09-28,2024 Q3,682,Importer,Small,384,Fine_Dine_Meat,Wine,19.240836,10.67,205.3,126.23,0.6149,partially_compliant,79.07
INV552923,2024-09-28,2024 Q3,680,Importer,Medium,384,Fine_Dine_Meat,Beer,28.861253,3.0,86.58,86.34,0.9972,compliant,0.24
INV555134,2024-09-28,2024 Q3,686,Importer,Small,388,Fine_Dine_Meat,Wine,22.808821,10.67,243.37,149.64,0.6149,partially_compliant,93.73
INV555135,2024-09-28,2024 Q3,680,Importer,Medium,388,Fine_Dine_Meat,Beer,34.213231,3.0,102.64,102.36,0.9972,compliant,0.28
INV555687,2024-09-28,2024 Q3,680,Importer,Medium,389,Fine_Dine_Meat,Wine,21.552802,10.67,229.97,229.33,0.9972,compliant,0.64
INV556793,2024-09-28,2024 Q3,692,Importer,Large,391,Fine_Dine_Meat,Wine,13.958926,10.67,148.94,107.91,0.7245,partially_compliant,41.03
INV557347,2024-09-28,2024 Q3,692,Importer,Large,392,Fine_Dine_Meat,Beer,21.844429,3.0,65.53,47.48,0.7245,partially_compliant,18.05
INV558452,2024-09-28,2024 Q3,679,Importer,Large,394,Fine_Dine_Meat,Wine,30.998108,10.67,330.75,187.09,0.5657,partially_compliant,143.66
INV559005,2024-09-28,2024 Q3,686,Importer,Small,395,Fine_Dine_Meat,Wine,35.193367,10.67,375.51,230.89,0.6149,partially_compliant,144.62
INV559559,2024-09-28,2024 Q3,685,Importer,Small,396,Fine_Dine_Meat,Beer,67.528205,3.0,202.58,198.48,0.9797,compliant,4.1
INV560112,2024-09-28,2024 Q3,675,Importer,Small,397,Fine_Dine_Meat,Beer,26.618137,3.0,79.85,79.11,0.9907,compliant,0.74
INV561217,2024-09-28,2024 Q3,673,Importer,Medium,399,Fine_Dine_Meat,Wine,39.938407,10.67,426.14,426.14,1.0,compliant,0.0
INV566194,2024-09-28,2024 Q3,681,Importer,Small,408,Fine_Dine_Meat,Wine,45.905617,10.67,489.81,0.0,0.0,non_compliant,489.81
INV567853,2024-09-28,2024 Q3,673,Importer,Medium,411,Fine_Dine_Meat,Wine,18.357038,10.67,195.87,195.87,1.0,compliant,0.0
INV567854,2024-09-28,2024 Q3,673,Importer,Medium,411,Fine_Dine_Meat,Beer,27.535556,3.0,82.61,82.61,1.0,compliant,0.0
INV568406,2024-09-28,2024 Q3,680,Importer,Medium,412,Fine_Dine_Meat,Wine,43.02424,10.67,459.07,457.8,0.9972,compliant,1.27
INV569512,2024-09-28,2024 Q3,689,Importer,Small,414,Fine_Dine_Meat,Wine,41.285301,10.67,440.51,440.51,1.0,compliant,0.0
INV570618,2024-09-28,2024 Q3,680,Importer,Medium,416,Fine_Dine_Meat,Wine,24.558047,10.67,262.03,261.31,0.9972,compliant,0.72
INV571724,2024-09-28,2024 Q3,675,Importer,Small,418,Fine_Dine_Meat,Wine,44.581986,10.67,475.69,471.28,0.9907,compliant,4.41
INV573936,2024-09-28,2024 Q3,673,Importer,Medium,422,Fine_Dine_Meat,Wine,25.192349,10.67,268.8,268.8,1.0,compliant,0.0
INV576701,2024-09-28,2024 Q3,678,Importer,Medium,427,Fine_Dine_Meat,Wine,17.171585,10.67,183.22,106.29,0.5801,partially_compliant,76.93
INV577254,2024-09-28,2024 Q3,689,Importer,Small,428,Fine_Dine_Meat,Wine,18.934268,10.67,202.03,202.03,1.0,compliant,0.0
INV578360,2024-09-28,2024 Q3,685,Importer,Small,430,Fine_Dine_Meat,Wine,23.776563,10.67,253.7,248.56,0.9797,compliant,5.14
INV578913,2024-09-28,2024 Q3,692,Importer,Large,431,Fine_Dine_Meat,Wine,20.95971,10.67,223.64,162.03,0.7245,partially_compliant,61.61
INV579466,2024-09-28,2024 Q3,673,Importer,Medium,432,Fine_Dine_Meat,Wine,34.983816,10.67,373.28,373.28,1.0,compliant,0.0
INV580020,2024-09-28,2024 Q3,679,Importer,Large,433,Fine_Dine_Meat,Beer,17.597346,3.0,52.79,29.86,0.5657,partially_compliant,22.93
INV580573,2024-09-28,2024 Q3,692,Importer,Large,434,Fine_Dine_Meat,Beer,26.95355,3.0,80.86,58.58,0.7245,partially_compliant,22.28
INV581126,2024-09-28,2024 Q3,687,Importer,Medium,435,Fine_Dine_Meat,Beer,50.929595,3.0,152.79,106.51,0.6971,partially_compliant,46.27
INV583890,2024-09-28,2024 Q3,679,Importer,Large,440,Fine_Dine_Meat,Wine,22.339423,10.67,238.36,134.83,0.5657,partially_compliant,103.53
INV583891,2024-09-28,2024 Q3,692,Importer,Large,440,Fine_Dine_Meat,Beer,33.509135,3.0,100.53,72.83,0.7245,partially_compliant,27.69
INV587761,2024-09-28,2024 Q3,686,Importer,Small,447,Fine_Dine_Vegetarian,Wine,32.882161,10.67,350.85,215.73,0.6149,partially_compliant,135.12
INV588314,2024-09-28,2024 Q3,679,Importer,Large,448,Fine_Dine_Vegetarian,Wine,61.477748,10.67,655.97,371.05,0.5657,partially_compliant,284.92
INV588867,2024-09-28,2024 Q3,692,Importer,Large,449,Fine_Dine_Vegetarian,Wine,76.485817,10.67,816.1,591.27,0.7245,partially_compliant,224.83
INV589420,2024-09-28,2024 Q3,680,Importer,Medium,450,Fine_Dine_Vegetarian,Wine,84.817261,10.67,905.0,902.5,0.9972,compliant,2.5
INV591079,2024-09-28,2024 Q3,682,Importer,Small,453,Fine_Dine_Vegetarian,Wine,55.335989,10.67,590.44,363.05,0.6149,partially_compliant,227.39
INV592738,2024-09-28,2024 Q3,675,Importer,Small,456,Fine_Dine_Vegetarian,Wine,25.129983,10.67,268.14,265.65,0.9907,compliant,2.49
INV594397,2024-09-28,2024 Q3,673,Importer,Medium,459,Fine_Dine_Vegetarian,Wine,24.155946,10.67,257.74,257.74,1.0,compliant,0.0
INV596056,2024-09-28,2024 Q3,673,Importer,Medium,462,Fine_Dine_Vegetarian,Wine,22.552884,10.67,240.64,240.64,1.0,compliant,0.0
INV596609,2024-09-28,2024 Q3,690,Importer,Small,463,Fine_Dine_Vegetarian,Wine,52.569953,10.67,560.92,219.47,0.3913,partially_compliant,341.45
INV597162,2024-09-28,2024 Q3,677,Importer,Small,464,Fine_Dine_Vegetarian,Wine,27.528768,10.67,293.73,293.73,1.0,compliant,0.0
INV599927,2024-09-28,2024 Q3,682,Importer,Small,469,Fine_Dine_Vegetarian,Wine,39.811583,10.67,424.79,261.19,0.6149,partially_compliant,163.6
INV601586,2024-09-28,2024 Q3,689,Importer,Small,472,Fine_Dine_Vegetarian,Wine,22.498251,10.67,240.06,240.06,1.0,compliant,0.0
INV603798,2024-09-28,2024 Q3,692,Importer,Large,476,Fine_Dine_Vegetarian,Wine,26.865958,10.67,286.66,207.69,0.7245,partially_compliant,78.97
INV605457,2024-09-28,2024 Q3,673,Importer,Medium,479,Fine_Dine_Vegetarian,Wine,41.910702,10.67,447.19,447.19,1.0,compliant,0.0
INV607669,2024-09-28,2024 Q3,675,Importer,Small,483,Fine_Dine_Vegetarian,Wine,41.923145,10.67,447.32,443.17,0.9907,compliant,4.15
INV609328,2024-09-28,2024 Q3,692,Importer,Large,486,Fine_Dine_Vegetarian,Wine,43.483828,10.67,463.97,336.15,0.7245,partially_compliant,127.82
INV613752,2024-09-28,2024 Q3,686,Importer,Small,494,Fine_Dine_Vegetarian,Wine,32.757814,10.67,349.53,214.92,0.6149,partially_compliant,134.61
INV617070,2024-09-28,2024 Q3,673,Importer,Medium,500,Fine_Dine_Vegetarian,Wine,30.450974,10.67,324.91,324.91,1.0,compliant,0.0
INV676025,2024-09-30,2024 Q3,673,Importer,Medium,459,Fine_Dine_Vegetarian,Wine,23.086776,10.67,246.34,246.34,1.0,compliant,0.0
INV676100,2024-09-30,2024 Q3,681,Importer,Small,231,Cafe,Coffee_Beans,6.674072,25.0,166.85,0.0,0.0,non_compliant,166.85
INV676178,2024-09-30,2024 Q3,689,Importer,Small,275,Cafe,Coffee_Beans,7.567926,25.0,189.2,189.2,1.0,compliant,0.0
INV402379,2024-10-05,2024 Q4,692,Importer,Large,203,Cafe,Coffee_Beans,25.697528,25.0,642.44,465.45,0.7245,partially_compliant,176.99
INV404117,2024-10-05,2024 Q4,680,Importer,Medium,205,Cafe,Coffee_Beans,5.008002,25.0,125.2,124.85,0.9972,compliant,0.35
INV405855,2024-10-05,2024 Q4,684,Importer,Medium,207,Cafe,Coffee_Beans,6.417618,25.0,160.44,160.44,1.0,compliant,0.0
INV415414,2024-10-05,2024 Q4,677,Importer,Small,218,Cafe,Coffee_Beans,15.133929,25.0,378.35,378.35,1.0,compliant,0.0
INV420628,2024-10-05,2024 Q4,686,Importer,Small,224,Cafe,Coffee_Beans,10.411887,25.0,260.3,160.05,0.6149,partially_compliant,100.25
INV424104,2024-10-05,2024 Q4,677,Importer,Small,228,Cafe,Coffee_Beans,6.507542,25.0,162.69,162.69,1.0,compliant,0.0
INV425842,2024-10-05,2024 Q4,682,Importer,Small,230,Cafe,Coffee_Beans,7.301091,25.0,182.53,112.23,0.6149,partially_compliant,70.3
INV426711,2024-10-05,2024 Q4,681,Importer,Small,231,Cafe,Coffee_Beans,6.565786,25.0,164.14,0.0,0.0,non_compliant,164.14
INV429318,2024-10-05,2024 Q4,673,Importer,Medium,234,Cafe,Coffee_Beans,5.894345,25.0,147.36,147.36,1.0,compliant,0.0
INV430187,2024-10-05,2024 Q4,673,Importer,Medium,235,Cafe,Coffee_Beans,27.92068,25.0,698.02,698.02,1.0,compliant,0.0
INV431925,2024-10-05,2024 Q4,683,Importer,Small,237,Cafe,Coffee_Beans,15.928014,25.0,398.2,394.46,0.9906,compliant,3.74
INV438008,2024-10-05,2024 Q4,682,Importer,Small,244,Cafe,Coffee_Beans,7.464411,25.0,186.61,114.74,0.6149,partially_compliant,71.87
INV439746,2024-10-05,2024 Q4,688,Importer,Small,246,Cafe,Coffee_Beans,4.412901,25.0,110.32,110.32,1.0,compliant,0.0
INV444960,2024-10-05,2024 Q4,675,Importer,Small,252,Cafe,Coffee_Beans,7.295394,25.0,182.38,180.69,0.9907,compliant,1.69
INV448436,2024-10-05,2024 Q4,678,Importer,Medium,256,Cafe,Coffee_Beans,10.009527,25.0,250.24,145.17,0.5801,partially_compliant,105.06
INV449305,2024-10-05,2024 Q4,680,Importer,Medium,257,Cafe,Coffee_Beans,27.594217,25.0,689.86,687.95,0.9972,compliant,1.91
INV454519,2024-10-05,2024 Q4,675,Importer,Small,263,Cafe,Coffee_Beans,5.954016,25.0,148.85,147.47,0.9907,compliant,1.38
INV459733,2024-10-05,2024 Q4,677,Importer,Small,269,Cafe,Coffee_Beans,5.688344,25.0,142.21,142.21,1.0,compliant,0.0
INV464078,2024-10-05,2024 Q4,673,Importer,Medium,274,Cafe,Coffee_Beans,6.56651,25.0,164.16,164.16,1.0,compliant,0.0
INV464947,2024-10-05,2024 Q4,689,Importer,Small,275,Cafe,Coffee_Beans,7.421884,25.0,185.55,185.55,1.0,compliant,0.0
INV465816,2024-10-05,2024 Q4,692,Importer,Large,276,Cafe,Coffee_Beans,6.455013,25.0,161.38,116.92,0.7245,partially_compliant,44.46
INV470161,2024-10-05,2024 Q4,689,Importer,Small,281,Cafe,Coffee_Beans,12.141196,25.0,303.53,303.53,1.0,compliant,0.0
INV475375,2024-10-05,2024 Q4,680,Importer,Medium,287,Cafe,Coffee_Beans,4.926215,25.0,123.16,122.81,0.9972,compliant,0.34
INV477982,2024-10-05,2024 Q4,675,Importer,Small,290,Cafe,Coffee_Beans,6.037469,25.0,150.94,149.54,0.9907,compliant,1.4
INV484065,2024-10-05,2024 Q4,689,Importer,Small,297,Cafe,Coffee_Beans,11.732369,25.0,293.31,293.31,1.0,compliant,0.0
INV484934,2024-10-05,2024 Q4,674,Importer,Small,298,Cafe,Coffee_Beans,6.950908,25.0,173.77,167.12,0.9617,compliant,6.65
INV490148,2024-10-05,2024 Q4,682,Importer,Small,304,Cafe,Coffee_Beans,6.012633,25.0,150.32,92.43,0.6149,partially_compliant,57.89
INV491017,2024-10-05,2024 Q4,682,Importer,Small,305,Cafe,Coffee_Beans,5.390529,25.0,134.76,82.86,0.6149,partially_compliant,51.9
INV496231,2024-10-05,2024 Q4,680,Importer,Medium,311,Cafe,Coffee_Beans,7.244545,25.0,181.11,180.61,0.9972,compliant,0.5
INV497100,2024-10-05,2024 Q4,689,Importer,Small,312,Cafe,Coffee_Beans,6.969661,25.0,174.24,174.24,1.0,compliant,0.0
INV497969,2024-10-05,2024 Q4,682,Importer,Small,313,Cafe,Coffee_Beans,3.608319,25.0,90.21,55.47,0.6149,partially_compliant,34.74
INV502314,2024-10-05,2024 Q4,688,Importer,Small,318,Cafe,Coffee_Beans,22.77887,25.0,569.47,569.47,1.0,compliant,0.0
INV507528,2024-10-05,2024 Q4,692,Importer,Large,324,Cafe,Coffee_Beans,6.618435,25.0,165.46,119.88,0.7245,partially_compliant,45.58
INV515349,2024-10-05,2024 Q4,678,Importer,Medium,333,Cafe,Coffee_Beans,5.714627,25.0,142.87,82.88,0.5801,partially_compliant,59.98
INV517956,2024-10-05,2024 Q4,690,Importer,Small,336,Cafe,Coffee_Beans,4.865023,25.0,121.63,47.59,0.3913,partially_compliant,74.04
INV522301,2024-10-05,2024 Q4,690,Importer,Small,341,Cafe,Coffee_Beans,4.931183,25.0,123.28,48.23,0.3913,partially_compliant,75.04
INV523170,2024-10-05,2024 Q4,686,Importer,Small,342,Cafe,Coffee_Beans,4.27057,25.0,106.76,65.65,0.6149,partially_compliant,41.12
INV524039,2024-10-05,2024 Q4,690,Importer,Small,343,Cafe,Coffee_Beans,7.170751,25.0,179.27,70.14,0.3913,partially_compliant,109.13
INV532729,2024-10-05,2024 Q4,686,Importer,Small,353,Cafe,Coffee_Beans,12.193627,25.0,304.84,187.44,0.6149,partially_compliant,117.4
INV534467,2024-10-05,2024 Q4,678,Importer,Medium,355,Cafe,Coffee_Beans,19.2483,25.0,481.21,279.17,0.5801,partially_compliant,202.04
INV537074,2024-10-05,2024 Q4,679,Importer,Large,358,Cafe,Coffee_Beans,6.832337,25.0,170.81,96.62,0.5657,partially_compliant,74.19
INV542423,2024-10-05,2024 Q4,673,Importer,Medium,365,Fine_Dine_Meat,Beer,30.590694,3.0,91.77,91.77,1.0,compliant,0.0
INV544634,2024-10-05,2024 Q4,692,Importer,Large,369,Fine_Dine_Meat,Wine,20.381116,10.67,217.47,157.56,0.7245,partially_compliant,59.91
INV547399,2024-10-05,2024 Q4,675,Importer,Small,374,Fine_Dine_Meat,Wine,23.803827,10.67,253.99,251.63,0.9907,compliant,2.35
INV547400,2024-10-05,2024 Q4,683,Importer,Small,374,Fine_Dine_Meat,Beer,35.705741,3.0,107.12,106.11,0.9906,compliant,1.01
INV549612,2024-10-05,2024 Q4,679,Importer,Large,378,Fine_Dine_Meat,Beer,26.246893,3.0,78.74,44.54,0.5657,partially_compliant,34.2
INV550164,2024-10-05,2024 Q4,686,Importer,Small,379,Fine_Dine_Meat,Wine,46.113964,10.67,492.04,302.54,0.6149,partially_compliant,189.49
INV551823,2024-10-05,2024 Q4,677,Importer,Small,382,Fine_Dine_Meat,Wine,10.456129,10.67,111.57,111.57,1.0,compliant,0.0
INV552929,2024-10-05,2024 Q4,682,Importer,Small,384,Fine_Dine_Meat,Wine,18.117025,10.67,193.31,118.86,0.6149,partially_compliant,74.45
INV552930,2024-10-05,2024 Q4,680,Importer,Medium,384,Fine_Dine_Meat,Beer,27.175537,3.0,81.53,81.3,0.9972,compliant,0.23
INV555141,2024-10-05,2024 Q4,686,Importer,Small,388,Fine_Dine_Meat,Wine,28.897638,10.67,308.34,189.59,0.6149,partially_compliant,118.75
INV555142,2024-10-05,2024 Q4,680,Importer,Medium,388,Fine_Dine_Meat,Beer,43.346457,3.0,130.04,129.68,0.9972,compliant,0.36
INV555694,2024-10-05,2024 Q4,680,Importer,Medium,389,Fine_Dine_Meat,Wine,20.225345,10.67,215.8,215.21,0.9972,compliant,0.6
INV556800,2024-10-05,2024 Q4,692,Importer,Large,391,Fine_Dine_Meat,Wine,12.538018,10.67,133.78,96.93,0.7245,partially_compliant,36.86
INV557354,2024-10-05,2024 Q4,692,Importer,Large,392,Fine_Dine_Meat,Beer,16.776834,3.0,50.33,36.46,0.7245,partially_compliant,13.87
INV558459,2024-10-05,2024 Q4,679,Importer,Large,394,Fine_Dine_Meat,Wine,29.01897,10.67,309.63,175.15,0.5657,partially_compliant,134.49
INV559012,2024-10-05,2024 Q4,686,Importer,Small,395,Fine_Dine_Meat,Wine,32.433188,10.67,346.06,212.79,0.6149,partially_compliant,133.28
INV559566,2024-10-05,2024 Q4,685,Importer,Small,396,Fine_Dine_Meat,Beer,63.24715,3.0,189.74,185.9,0.9797,compliant,3.84
INV560119,2024-10-05,2024 Q4,675,Importer,Small,397,Fine_Dine_Meat,Beer,27.756069,3.0,83.27,82.5,0.9907,compliant,0.77
INV561224,2024-10-05,2024 Q4,673,Importer,Medium,399,Fine_Dine_Meat,Wine,37.806534,10.67,403.4,403.4,1.0,compliant,0.0
INV566201,2024-10-05,2024 Q4,681,Importer,Small,408,Fine_Dine_Meat,Wine,43.612859,10.67,465.35,0.0,0.0,non_compliant,465.35
INV567860,2024-10-05,2024 Q4,673,Importer,Medium,411,Fine_Dine_Meat,Wine,17.187912,10.67,183.4,183.4,1.0,compliant,0.0
INV567861,2024-10-05,2024 Q4,673,Importer,Medium,411,Fine_Dine_Meat,Beer,25.781869,3.0,77.35,77.35,1.0,compliant,0.0
INV568413,2024-10-05,2024 Q4,680,Importer,Medium,412,Fine_Dine_Meat,Wine,40.623152,10.67,433.45,432.25,0.9972,compliant,1.2
INV569519,2024-10-05,2024 Q4,689,Importer,Small,414,Fine_Dine_Meat,Wine,36.966272,10.67,394.43,394.43,1.0,compliant,0.0
INV570625,2024-10-05,2024 Q4,680,Importer,Medium,416,Fine_Dine_Meat,Wine,23.194142,10.67,247.48,246.8,0.9972,compliant,0.68
INV571731,2024-10-05,2024 Q4,675,Importer,Small,418,Fine_Dine_Meat,Wine,42.15831,10.67,449.83,445.66,0.9907,compliant,4.17
INV573943,2024-10-05,2024 Q4,673,Importer,Medium,422,Fine_Dine_Meat,Wine,23.825628,10.67,254.22,254.22,1.0,compliant,0.0
INV576708,2024-10-05,2024 Q4,678,Importer,Medium,427,Fine_Dine_Meat,Wine,16.047407,10.67,171.23,99.34,0.5801,partially_compliant,71.89
INV577261,2024-10-05,2024 Q4,689,Importer,Small,428,Fine_Dine_Meat,Wine,17.973774,10.67,191.78,191.78,1.0,compliant,0.0
INV578367,2024-10-05,2024 Q4,685,Importer,Small,430,Fine_Dine_Meat,Wine,24.134255,10.67,257.51,252.3,0.9797,compliant,5.22
INV578920,2024-10-05,2024 Q4,692,Importer,Large,431,Fine_Dine_Meat,Wine,19.661355,10.67,209.79,151.99,0.7245,partially_compliant,57.79
INV579473,2024-10-05,2024 Q4,673,Importer,Medium,432,Fine_Dine_Meat,Wine,32.601752,10.67,347.86,347.86,1.0,compliant,0.0
INV580027,2024-10-05,2024 Q4,679,Importer,Large,433,Fine_Dine_Meat,Beer,21.867341,3.0,65.6,37.11,0.5657,partially_compliant,28.49
INV580580,2024-10-05,2024 Q4,692,Importer,Large,434,Fine_Dine_Meat,Beer,26.000409,3.0,78.0,56.51,0.7245,partially_compliant,21.49
INV581133,2024-10-05,2024 Q4,687,Importer,Medium,435,Fine_Dine_Meat,Beer,47.850723,3.0,143.55,100.08,0.6971,partially_compliant,43.48
INV583897,2024-10-05,2024 Q4,679,Importer,Large,440,Fine_Dine_Meat,Wine,21.108433,10.67,225.23,127.4,0.5657,partially_compliant,97.83
INV583898,2024-10-05,2024 Q4,692,Importer,Large,440,Fine_Dine_Meat,Beer,31.66265,3.0,94.99,68.82,0.7245,partially_compliant,26.17
INV587768,2024-10-05,2024 Q4,686,Importer,Small,447,Fine_Dine_Vegetarian,Wine,31.196559,10.67,332.87,204.67,0.6149,partially_compliant,128.19
INV588321,2024-10-05,2024 Q4,679,Importer,Large,448,Fine_Dine_Vegetarian,Wine,58.388767,10.67,623.01,352.41,0.5657,partially_compliant,270.6
INV588874,2024-10-05,2024 Q4,692,Importer,Large,449,Fine_Dine_Vegetarian,Wine,57.822311,10.67,616.96,446.99,0.7245,partially_compliant,169.97
INV589427,2024-10-05,2024 Q4,680,Importer,Medium,450,Fine_Dine_Vegetarian,Wine,80.292779,10.67,856.72,854.35,0.9972,compliant,2.37
INV591086,2024-10-05,2024 Q4,682,Importer,Small,453,Fine_Dine_Vegetarian,Wine,52.244003,10.67,557.44,342.76,0.6149,partially_compliant,214.68
INV592745,2024-10-05,2024 Q4,675,Importer,Small,456,Fine_Dine_Vegetarian,Wine,23.836307,10.67,254.33,251.98,0.9907,compliant,2.36
INV594404,2024-10-05,2024 Q4,673,Importer,Medium,459,Fine_Dine_Vegetarian,Wine,22.577119,10.67,240.9,240.9,1.0,compliant,0.0
INV596063,2024-10-05,2024 Q4,673,Importer,Medium,462,Fine_Dine_Vegetarian,Wine,21.392606,10.67,228.26,228.26,1.0,compliant,0.0
INV596616,2024-10-05,2024 Q4,690,Importer,Small,463,Fine_Dine_Vegetarian,Wine,49.882706,10.67,532.25,208.25,0.3913,partially_compliant,324.0
INV597169,2024-10-05,2024 Q4,677,Importer,Small,464,Fine_Dine_Vegetarian,Wine,25.992139,10.67,277.34,277.34,1.0,compliant,0.0
INV599934,2024-10-05,2024 Q4,682,Importer,Small,469,Fine_Dine_Vegetarian,Wine,29.514212,10.67,314.92,193.64,0.6149,partially_compliant,121.28
INV601593,2024-10-05,2024 Q4,689,Importer,Small,472,Fine_Dine_Vegetarian,Wine,21.150678,10.67,225.68,225.68,1.0,compliant,0.0
INV603805,2024-10-05,2024 Q4,692,Importer,Large,476,Fine_Dine_Vegetarian,Wine,25.476334,10.67,271.83,196.94,0.7245,partially_compliant,74.89
INV605464,2024-10-05,2024 Q4,673,Importer,Medium,479,Fine_Dine_Vegetarian,Wine,39.483251,10.67,421.29,421.29,1.0,compliant,0.0
INV607676,2024-10-05,2024 Q4,675,Importer,Small,483,Fine_Dine_Vegetarian,Wine,39.494973,10.67,421.41,417.51,0.9907,compliant,3.91
INV609335,2024-10-05,2024 Q4,692,Importer,Large,486,Fine_Dine_Vegetarian,Wine,41.090672,10.67,438.44,317.65,0.7245,partially_compliant,120.79
INV613759,2024-10-05,2024 Q4,686,Importer,Small,494,Fine_Dine_Vegetarian,Wine,28.225788,10.67,301.17,185.18,0.6149,partially_compliant,115.99
INV617077,2024-10-05,2024 Q4,673,Importer,Medium,500,Fine_Dine_Vegetarian,Wine,28.801232,10.67,307.31,307.31,1.0,compliant,0.0
INV402390,2024-10-12,2024 Q4,692,Importer,Large,203,Cafe,Coffee_Beans,24.378556,25.0,609.46,441.56,0.7245,partially_compliant,167.9
INV404128,2024-10-12,2024 Q4,680,Importer,Medium,205,Cafe,Coffee_Beans,4.750958,25.0,118.77,118.45,0.9972,compliant,0.33
INV405866,2024-10-12,2024 Q4,684,Importer,Medium,207,Cafe,Coffee_Beans,6.088222,25.0,152.21,152.21,1.0,compliant,0.0
INV415425,2024-10-12,2024 Q4,677,Importer,Small,218,Cafe,Coffee_Beans,14.357153,25.0,358.93,358.93,1.0,compliant,0.0
INV420639,2024-10-12,2024 Q4,686,Importer,Small,224,Cafe,Coffee_Beans,10.325632,25.0,258.14,158.72,0.6149,partially_compliant,99.42
INV424115,2024-10-12,2024 Q4,677,Importer,Small,228,Cafe,Coffee_Beans,6.17353,25.0,154.34,154.34,1.0,compliant,0.0
INV425853,2024-10-12,2024 Q4,682,Importer,Small,230,Cafe,Coffee_Beans,6.92635,25.0,173.16,106.47,0.6149,partially_compliant,66.69
INV426722,2024-10-12,2024 Q4,681,Importer,Small,231,Cafe,Coffee_Beans,6.228785,25.0,155.72,0.0,0.0,non_compliant,155.72
INV429329,2024-10-12,2024 Q4,673,Importer,Medium,234,Cafe,Coffee_Beans,5.591807,25.0,139.8,139.8,1.0,compliant,0.0
INV430198,2024-10-12,2024 Q4,673,Importer,Medium,235,Cafe,Coffee_Beans,26.4876,25.0,662.19,662.19,1.0,compliant,0.0
INV431936,2024-10-12,2024 Q4,683,Importer,Small,237,Cafe,Coffee_Beans,15.110479,25.0,377.76,374.21,0.9906,compliant,3.55
INV438019,2024-10-12,2024 Q4,682,Importer,Small,244,Cafe,Coffee_Beans,7.081287,25.0,177.03,108.85,0.6149,partially_compliant,68.18
INV439757,2024-10-12,2024 Q4,688,Importer,Small,246,Cafe,Coffee_Beans,4.457554,25.0,111.44,111.44,1.0,compliant,0.0
INV444971,2024-10-12,2024 Q4,675,Importer,Small,252,Cafe,Coffee_Beans,6.920944,25.0,173.02,171.42,0.9907,compliant,1.6
INV448447,2024-10-12,2024 Q4,678,Importer,Medium,256,Cafe,Coffee_Beans,9.49577,25.0,237.39,137.72,0.5801,partially_compliant,99.67
INV449316,2024-10-12,2024 Q4,680,Importer,Medium,257,Cafe,Coffee_Beans,26.177894,25.0,654.45,652.64,0.9972,compliant,1.81
INV454530,2024-10-12,2024 Q4,675,Importer,Small,263,Cafe,Coffee_Beans,5.648415,25.0,141.21,139.9,0.9907,compliant,1.31
INV459744,2024-10-12,2024 Q4,677,Importer,Small,269,Cafe,Coffee_Beans,5.39638,25.0,134.91,134.91,1.0,compliant,0.0
INV464089,2024-10-12,2024 Q4,673,Importer,Medium,274,Cafe,Coffee_Beans,6.229472,25.0,155.74,155.74,1.0,compliant,0.0
INV464958,2024-10-12,2024 Q4,689,Importer,Small,275,Cafe,Coffee_Beans,7.040943,25.0,176.02,176.02,1.0,compliant,0.0
INV465827,2024-10-12,2024 Q4,692,Importer,Large,276,Cafe,Coffee_Beans,6.123698,25.0,153.09,110.92,0.7245,partially_compliant,42.18
INV470172,2024-10-12,2024 Q4,689,Importer,Small,281,Cafe,Coffee_Beans,11.518027,25.0,287.95,287.95,1.0,compliant,0.0
INV475386,2024-10-12,2024 Q4,680,Importer,Medium,287,Cafe,Coffee_Beans,5.521516,25.0,138.04,137.66,0.9972,compliant,0.38
INV477993,2024-10-12,2024 Q4,675,Importer,Small,290,Cafe,Coffee_Beans,5.727585,25.0,143.19,141.86,0.9907,compliant,1.33
INV484076,2024-10-12,2024 Q4,689,Importer,Small,297,Cafe,Coffee_Beans,9.810461,25.0,245.26,245.26,1.0,compliant,0.0
INV484945,2024-10-12,2024 Q4,674,Importer,Small,298,Cafe,Coffee_Beans,6.59414,25.0,164.85,158.55,0.9617,compliant,6.31
INV490159,2024-10-12,2024 Q4,682,Importer,Small,304,Cafe,Coffee_Beans,5.704024,25.0,142.6,87.68,0.6149,partially_compliant,54.92
INV491028,2024-10-12,2024 Q4,682,Importer,Small,305,Cafe,Coffee_Beans,3.325782,25.0,83.14,51.12,0.6149,partially_compliant,32.02
INV496242,2024-10-12,2024 Q4,680,Importer,Medium,311,Cafe,Coffee_Beans,6.872706,25.0,171.82,171.34,0.9972,compliant,0.48
INV497111,2024-10-12,2024 Q4,689,Importer,Small,312,Cafe,Coffee_Beans,6.611931,25.0,165.3,165.3,1.0,compliant,0.0
INV497980,2024-10-12,2024 Q4,682,Importer,Small,313,Cafe,Coffee_Beans,3.618004,25.0,90.45,55.62,0.6149,partially_compliant,34.83
INV502325,2024-10-12,2024 Q4,688,Importer,Small,318,Cafe,Coffee_Beans,21.910726,25.0,547.77,547.77,1.0,compliant,0.0
INV507539,2024-10-12,2024 Q4,692,Importer,Large,324,Cafe,Coffee_Beans,6.278732,25.0,156.97,113.72,0.7245,partially_compliant,43.24
INV515360,2024-10-12,2024 Q4,678,Importer,Medium,333,Cafe,Coffee_Beans,5.421313,25.0,135.53,78.63,0.5801,partially_compliant,56.9
INV517967,2024-10-12,2024 Q4,690,Importer,Small,336,Cafe,Coffee_Beans,4.827822,25.0,120.7,47.22,0.3913,partially_compliant,73.47
INV522312,2024-10-12,2024 Q4,690,Importer,Small,341,Cafe,Coffee_Beans,4.678081,25.0,116.95,45.76,0.3913,partially_compliant,71.19
INV523181,2024-10-12,2024 Q4,686,Importer,Small,342,Cafe,Coffee_Beans,4.051376,25.0,101.28,62.28,0.6149,partially_compliant,39.01
INV524050,2024-10-12,2024 Q4,690,Importer,Small,343,Cafe,Coffee_Beans,6.229787,25.0,155.74,60.94,0.3913,partially_compliant,94.81
INV532740,2024-10-12,2024 Q4,686,Importer,Small,353,Cafe,Coffee_Beans,11.567767,25.0,289.19,177.82,0.6149,partially_compliant,111.38
INV534478,2024-10-12,2024 Q4,678,Importer,Medium,355,Cafe,Coffee_Beans,18.260346,25.0,456.51,264.84,0.5801,partially_compliant,191.67
INV537085,2024-10-12,2024 Q4,679,Importer,Large,358,Cafe,Coffee_Beans,6.481655,25.0,162.04,91.66,0.5657,partially_compliant,70.38
INV542430,2024-10-12,2024 Q4,673,Importer,Medium,365,Fine_Dine_Meat,Beer,29.372486,3.0,88.12,88.12,1.0,compliant,0.0
INV544641,2024-10-12,2024 Q4,692,Importer,Large,369,Fine_Dine_Meat,Wine,19.569483,10.67,208.81,151.28,0.7245,partially_compliant,57.52
INV547406,2024-10-12,2024 Q4,675,Importer,Small,374,Fine_Dine_Meat,Wine,22.855892,10.67,243.87,241.61,0.9907,compliant,2.26
INV547407,2024-10-12,2024 Q4,683,Importer,Small,374,Fine_Dine_Meat,Beer,34.283838,3.0,102.85,101.89,0.9906,compliant,0.97
INV549619,2024-10-12,2024 Q4,679,Importer,Large,378,Fine_Dine_Meat,Beer,25.201668,3.0,75.61,42.77,0.5657,partially_compliant,32.84
INV550171,2024-10-12,2024 Q4,686,Importer,Small,379,Fine_Dine_Meat,Wine,44.277576,10.67,472.44,290.49,0.6149,partially_compliant,181.95
INV551830,2024-10-12,2024 Q4,677,Importer,Small,382,Fine_Dine_Meat,Wine,10.611853,10.67,113.23,113.23,1.0,compliant,0.0
INV552936,2024-10-12,2024 Q4,682,Importer,Small,384,Fine_Dine_Meat,Wine,17.395554,10.67,185.61,114.13,0.6149,partially_compliant,71.48
INV552937,2024-10-12,2024 Q4,680,Importer,Medium,384,Fine_Dine_Meat,Beer,26.093331,3.0,78.28,78.06,0.9972,compliant,0.22
INV555148,2024-10-12,2024 Q4,686,Importer,Small,388,Fine_Dine_Meat,Wine,29.261583,10.67,312.22,191.98,0.6149,partially_compliant,120.24
INV555149,2024-10-12,2024 Q4,680,Importer,Medium,388,Fine_Dine_Meat,Beer,43.892375,3.0,131.68,131.31,0.9972,compliant,0.36
INV555701,2024-10-12,2024 Q4,680,Importer,Medium,389,Fine_Dine_Meat,Wine,19.419915,10.67,207.21,206.64,0.9972,compliant,0.57
INV556807,2024-10-12,2024 Q4,692,Importer,Large,391,Fine_Dine_Meat,Wine,12.038719,10.67,128.45,93.07,0.7245,partially_compliant,35.39
INV557361,2024-10-12,2024 Q4,692,Importer,Large,392,Fine_Dine_Meat,Beer,15.747142,3.0,47.24,34.23,0.7245,partially_compliant,13.01
INV558466,2024-10-12,2024 Q4,679,Importer,Large,394,Fine_Dine_Meat,Wine,27.863353,10.67,297.3,168.17,0.5657,partially_compliant,129.13
INV559019,2024-10-12,2024 Q4,686,Importer,Small,395,Fine_Dine_Meat,Wine,31.141607,10.67,332.28,204.31,0.6149,partially_compliant,127.97
INV559573,2024-10-12,2024 Q4,685,Importer,Small,396,Fine_Dine_Meat,Beer,60.72847,3.0,182.19,178.49,0.9797,compliant,3.69
INV560126,2024-10-12,2024 Q4,675,Importer,Small,397,Fine_Dine_Meat,Beer,28.752687,3.0,86.26,85.46,0.9907,compliant,0.8
INV561231,2024-10-12,2024 Q4,673,Importer,Medium,399,Fine_Dine_Meat,Wine,36.300971,10.67,387.33,387.33,1.0,compliant,0.0
INV566208,2024-10-12,2024 Q4,681,Importer,Small,408,Fine_Dine_Meat,Wine,41.876072,10.67,446.82,0.0,0.0,non_compliant,446.82
INV567867,2024-10-12,2024 Q4,673,Importer,Medium,411,Fine_Dine_Meat,Wine,16.503441,10.67,176.09,176.09,1.0,compliant,0.0
INV567868,2024-10-12,2024 Q4,673,Importer,Medium,411,Fine_Dine_Meat,Beer,24.755162,3.0,74.27,74.27,1.0,compliant,0.0
INV568420,2024-10-12,2024 Q4,680,Importer,Medium,412,Fine_Dine_Meat,Wine,39.005424,10.67,416.19,415.04,0.9972,compliant,1.15
INV569526,2024-10-12,2024 Q4,689,Importer,Small,414,Fine_Dine_Meat,Wine,33.601745,10.67,358.53,358.53,1.0,compliant,0.0
INV570632,2024-10-12,2024 Q4,680,Importer,Medium,416,Fine_Dine_Meat,Wine,22.270486,10.67,237.63,236.97,0.9972,compliant,0.66
INV571738,2024-10-12,2024 Q4,675,Importer,Small,418,Fine_Dine_Meat,Wine,40.479448,10.67,431.92,427.91,0.9907,compliant,4.0
INV573950,2024-10-12,2024 Q4,673,Importer,Medium,422,Fine_Dine_Meat,Wine,22.876825,10.67,244.1,244.1,1.0,compliant,0.0
INV576715,2024-10-12,2024 Q4,678,Importer,Medium,427,Fine_Dine_Meat,Wine,15.408354,10.67,164.41,95.38,0.5801,partially_compliant,69.03
INV577268,2024-10-12,2024 Q4,689,Importer,Small,428,Fine_Dine_Meat,Wine,17.258008,10.67,184.14,184.14,1.0,compliant,0.0
INV578374,2024-10-12,2024 Q4,685,Importer,Small,430,Fine_Dine_Meat,Wine,28.137843,10.67,300.23,294.15,0.9797,compliant,6.08
INV578927,2024-10-12,2024 Q4,692,Importer,Large,431,Fine_Dine_Meat,Wine,18.878384,10.67,201.43,145.94,0.7245,partially_compliant,55.49
INV579480,2024-10-12,2024 Q4,673,Importer,Medium,432,Fine_Dine_Meat,Wine,31.303458,10.67,334.01,334.01,1.0,compliant,0.0
INV580034,2024-10-12,2024 Q4,679,Importer,Large,433,Fine_Dine_Meat,Beer,25.050556,3.0,75.15,42.51,0.5657,partially_compliant,32.64
INV580587,2024-10-12,2024 Q4,692,Importer,Large,434,Fine_Dine_Meat,Beer,24.965,3.0,74.89,54.26,0.7245,partially_compliant,20.63
INV581140,2024-10-12,2024 Q4,687,Importer,Medium,435,Fine_Dine_Meat,Beer,45.911406,3.0,137.73,96.02,0.6971,partially_compliant,41.71
INV583904,2024-10-12,2024 Q4,679,Importer,Large,440,Fine_Dine_Meat,Wine,20.267836,10.67,216.26,122.33,0.5657,partially_compliant,93.93
INV583905,2024-10-12,2024 Q4,692,Importer,Large,440,Fine_Dine_Meat,Beer,30.401754,3.0,91.21,66.08,0.7245,partially_compliant,25.13
INV587775,2024-10-12,2024 Q4,686,Importer,Small,447,Fine_Dine_Vegetarian,Wine,29.954224,10.67,319.61,196.52,0.6149,partially_compliant,123.09
INV588328,2024-10-12,2024 Q4,679,Importer,Large,448,Fine_Dine_Vegetarian,Wine,56.063562,10.67,598.2,338.37,0.5657,partially_compliant,259.82
INV588881,2024-10-12,2024 Q4,692,Importer,Large,449,Fine_Dine_Vegetarian,Wine,43.714494,10.67,466.43,337.93,0.7245,partially_compliant,128.5
INV589434,2024-10-12,2024 Q4,680,Importer,Medium,450,Fine_Dine_Vegetarian,Wine,77.095294,10.67,822.61,820.33,0.9972,compliant,2.27
INV591093,2024-10-12,2024 Q4,682,Importer,Small,453,Fine_Dine_Vegetarian,Wine,50.163499,10.67,535.24,329.11,0.6149,partially_compliant,206.13
INV592752,2024-10-12,2024 Q4,675,Importer,Small,456,Fine_Dine_Vegetarian,Wine,22.887078,10.67,244.21,241.94,0.9907,compliant,2.26
INV594411,2024-10-12,2024 Q4,673,Importer,Medium,459,Fine_Dine_Vegetarian,Wine,21.678035,10.67,231.3,231.3,1.0,compliant,0.0
INV596070,2024-10-12,2024 Q4,673,Importer,Medium,462,Fine_Dine_Vegetarian,Wine,20.540692,10.67,219.17,219.17,1.0,compliant,0.0
INV596623,2024-10-12,2024 Q4,690,Importer,Small,463,Fine_Dine_Vegetarian,Wine,47.896236,10.67,511.05,199.96,0.3913,partially_compliant,311.1
INV597176,2024-10-12,2024 Q4,677,Importer,Small,464,Fine_Dine_Vegetarian,Wine,24.957059,10.67,266.29,266.29,1.0,compliant,0.0
INV599941,2024-10-12,2024 Q4,682,Importer,Small,469,Fine_Dine_Vegetarian,Wine,21.084561,10.67,224.97,138.33,0.6149,partially_compliant,86.64
INV601600,2024-10-12,2024 Q4,689,Importer,Small,472,Fine_Dine_Vegetarian,Wine,20.308398,10.67,216.69,216.69,1.0,compliant,0.0
INV603812,2024-10-12,2024 Q4,692,Importer,Large,476,Fine_Dine_Vegetarian,Wine,24.461794,10.67,261.01,189.1,0.7245,partially_compliant,71.91
INV605471,2024-10-12,2024 Q4,673,Importer,Medium,479,Fine_Dine_Vegetarian,Wine,37.910916,10.67,404.51,404.51,1.0,compliant,0.0
INV607683,2024-10-12,2024 Q4,675,Importer,Small,483,Fine_Dine_Vegetarian,Wine,37.922172,10.67,404.63,400.88,0.9907,compliant,3.75
INV609342,2024-10-12,2024 Q4,692,Importer,Large,486,Fine_Dine_Vegetarian,Wine,39.454326,10.67,420.98,305.0,0.7245,partially_compliant,115.98
INV613766,2024-10-12,2024 Q4,686,Importer,Small,494,Fine_Dine_Vegetarian,Wine,24.825512,10.67,264.89,162.87,0.6149,partially_compliant,102.01
INV617084,2024-10-12,2024 Q4,673,Importer,Medium,500,Fine_Dine_Vegetarian,Wine,27.654286,10.67,295.07,295.07,1.0,compliant,0.0
INV402401,2024-10-19,2024 Q4,692,Importer,Large,203,Cafe,Coffee_Beans,25.63472,25.0,640.87,464.31,0.7245,partially_compliant,176.55
INV404139,2024-10-19,2024 Q4,680,Importer,Medium,205,Cafe,Coffee_Beans,4.995762,25.0,124.89,124.55,0.9972,compliant,0.35
INV405877,2024-10-19,2024 Q4,684,Importer,Medium,207,Cafe,Coffee_Beans,6.401932,25.0,160.05,160.05,1.0,compliant,0.0
INV415436,2024-10-19,2024 Q4,677,Importer,Small,218,Cafe,Coffee_Beans,15.09694,25.0,377.42,377.42,1.0,compliant,0.0
INV420650,2024-10-19,2024 Q4,686,Importer,Small,224,Cafe,Coffee_Beans,11.263018,25.0,281.58,173.13,0.6149,partially_compliant,108.44
INV424126,2024-10-19,2024 Q4,677,Importer,Small,228,Cafe,Coffee_Beans,6.491636,25.0,162.29,162.29,1.0,compliant,0.0
INV425864,2024-10-19,2024 Q4,682,Importer,Small,230,Cafe,Coffee_Beans,7.283247,25.0,182.08,111.96,0.6149,partially_compliant,70.12
INV426733,2024-10-19,2024 Q4,681,Importer,Small,231,Cafe,Coffee_Beans,6.549738,25.0,163.74,0.0,0.0,non_compliant,163.74
INV429340,2024-10-19,2024 Q4,673,Importer,Medium,234,Cafe,Coffee_Beans,5.879939,25.0,147.0,147.0,1.0,compliant,0.0
INV430209,2024-10-19,2024 Q4,673,Importer,Medium,235,Cafe,Coffee_Beans,27.852438,25.0,696.31,696.31,1.0,compliant,0.0
INV431947,2024-10-19,2024 Q4,683,Importer,Small,237,Cafe,Coffee_Beans,15.889084,25.0,397.23,393.5,0.9906,compliant,3.73
INV438030,2024-10-19,2024 Q4,682,Importer,Small,244,Cafe,Coffee_Beans,7.446167,25.0,186.15,114.46,0.6149,partially_compliant,71.69
INV439768,2024-10-19,2024 Q4,688,Importer,Small,246,Cafe,Coffee_Beans,4.932923,25.0,123.32,123.32,1.0,compliant,0.0
INV444982,2024-10-19,2024 Q4,675,Importer,Small,252,Cafe,Coffee_Beans,7.277563,25.0,181.94,180.25,0.9907,compliant,1.69
INV448458,2024-10-19,2024 Q4,678,Importer,Medium,256,Cafe,Coffee_Beans,9.985063,25.0,249.63,144.82,0.5801,partially_compliant,104.81
INV449327,2024-10-19,2024 Q4,680,Importer,Medium,257,Cafe,Coffee_Beans,27.526773,25.0,688.17,686.27,0.9972,compliant,1.9
INV454541,2024-10-19,2024 Q4,675,Importer,Small,263,Cafe,Coffee_Beans,5.939463,25.0,148.49,147.11,0.9907,compliant,1.38
INV459755,2024-10-19,2024 Q4,677,Importer,Small,269,Cafe,Coffee_Beans,5.674441,25.0,141.86,141.86,1.0,compliant,0.0
INV464100,2024-10-19,2024 Q4,673,Importer,Medium,274,Cafe,Coffee_Beans,6.55046,25.0,163.76,163.76,1.0,compliant,0.0
INV464969,2024-10-19,2024 Q4,689,Importer,Small,275,Cafe,Coffee_Beans,7.403744,25.0,185.09,185.09,1.0,compliant,0.0
INV465838,2024-10-19,2024 Q4,692,Importer,Large,276,Cafe,Coffee_Beans,6.439236,25.0,160.98,116.63,0.7245,partially_compliant,44.35
INV470183,2024-10-19,2024 Q4,689,Importer,Small,281,Cafe,Coffee_Beans,12.111521,25.0,302.79,302.79,1.0,compliant,0.0
INV475397,2024-10-19,2024 Q4,680,Importer,Medium,287,Cafe,Coffee_Beans,6.514131,25.0,162.85,162.4,0.9972,compliant,0.45
INV478004,2024-10-19,2024 Q4,675,Importer,Small,290,Cafe,Coffee_Beans,6.022713,25.0,150.57,149.17,0.9907,compliant,1.4
INV484087,2024-10-19,2024 Q4,689,Importer,Small,297,Cafe,Coffee_Beans,9.350401,25.0,233.76,233.76,1.0,compliant,0.0
INV484956,2024-10-19,2024 Q4,674,Importer,Small,298,Cafe,Coffee_Beans,6.933919,25.0,173.35,166.71,0.9617,compliant,6.63
INV490170,2024-10-19,2024 Q4,682,Importer,Small,304,Cafe,Coffee_Beans,5.997937,25.0,149.95,92.2,0.6149,partially_compliant,57.75
INV491039,2024-10-19,2024 Q4,682,Importer,Small,305,Cafe,Coffee_Beans,3.034843,25.0,75.87,46.65,0.6149,partially_compliant,29.22
INV496253,2024-10-19,2024 Q4,680,Importer,Medium,311,Cafe,Coffee_Beans,7.226839,25.0,180.67,180.17,0.9972,compliant,0.5
INV497122,2024-10-19,2024 Q4,689,Importer,Small,312,Cafe,Coffee_Beans,6.952627,25.0,173.82,173.82,1.0,compliant,0.0
INV497991,2024-10-19,2024 Q4,682,Importer,Small,313,Cafe,Coffee_Beans,4.562852,25.0,114.07,70.14,0.6149,partially_compliant,43.93
INV502336,2024-10-19,2024 Q4,688,Importer,Small,318,Cafe,Coffee_Beans,23.279799,25.0,581.99,581.99,1.0,compliant,0.0
INV507550,2024-10-19,2024 Q4,692,Importer,Large,324,Cafe,Coffee_Beans,6.602258,25.0,165.06,119.58,0.7245,partially_compliant,45.47
INV515371,2024-10-19,2024 Q4,678,Importer,Medium,333,Cafe,Coffee_Beans,5.70066,25.0,142.52,82.68,0.5801,partially_compliant,59.84
INV517978,2024-10-19,2024 Q4,690,Importer,Small,336,Cafe,Coffee_Beans,5.244315,25.0,131.11,51.3,0.3913,partially_compliant,79.81
INV522323,2024-10-19,2024 Q4,690,Importer,Small,341,Cafe,Coffee_Beans,4.91913,25.0,122.98,48.12,0.3913,partially_compliant,74.86
INV523192,2024-10-19,2024 Q4,686,Importer,Small,342,Cafe,Coffee_Beans,4.260132,25.0,106.5,65.49,0.6149,partially_compliant,41.02
INV524061,2024-10-19,2024 Q4,690,Importer,Small,343,Cafe,Coffee_Beans,6.498849,25.0,162.47,63.57,0.3913,partially_compliant,98.9
INV532751,2024-10-19,2024 Q4,686,Importer,Small,353,Cafe,Coffee_Beans,12.163824,25.0,304.1,186.98,0.6149,partially_compliant,117.11
INV534489,2024-10-19,2024 Q4,678,Importer,Medium,355,Cafe,Coffee_Beans,19.201255,25.0,480.03,278.49,0.5801,partially_compliant,201.55
INV537096,2024-10-19,2024 Q4,679,Importer,Large,358,Cafe,Coffee_Beans,6.815637,25.0,170.39,96.38,0.5657,partially_compliant,74.01
INV542437,2024-10-19,2024 Q4,673,Importer,Medium,365,Fine_Dine_Meat,Beer,30.40497,3.0,91.21,91.21,1.0,compliant,0.0
INV544648,2024-10-19,2024 Q4,692,Importer,Large,369,Fine_Dine_Meat,Wine,20.257377,10.67,216.15,156.6,0.7245,partially_compliant,59.55
INV547413,2024-10-19,2024 Q4,675,Importer,Small,374,Fine_Dine_Meat,Wine,23.659308,10.67,252.44,250.11,0.9907,compliant,2.34
INV547414,2024-10-19,2024 Q4,683,Importer,Small,374,Fine_Dine_Meat,Beer,35.488962,3.0,106.47,105.47,0.9906,compliant,1.0
INV549626,2024-10-19,2024 Q4,679,Importer,Large,378,Fine_Dine_Meat,Beer,26.087542,3.0,78.26,44.27,0.5657,partially_compliant,33.99
INV550178,2024-10-19,2024 Q4,686,Importer,Small,379,Fine_Dine_Meat,Wine,45.833994,10.67,489.05,300.7,0.6149,partially_compliant,188.34
INV551837,2024-10-19,2024 Q4,677,Importer,Small,382,Fine_Dine_Meat,Wine,12.518416,10.67,133.57,133.57,1.0,compliant,0.0
INV552943,2024-10-19,2024 Q4,682,Importer,Small,384,Fine_Dine_Meat,Wine,18.007032,10.67,192.14,118.14,0.6149,partially_compliant,74.0
INV552944,2024-10-19,2024 Q4,680,Importer,Medium,384,Fine_Dine_Meat,Beer,27.010547,3.0,81.03,80.81,0.9972,compliant,0.22
INV555155,2024-10-19,2024 Q4,686,Importer,Small,388,Fine_Dine_Meat,Wine,30.290169,10.67,323.2,198.73,0.6149,partially_compliant,124.47
INV555156,2024-10-19,2024 Q4,680,Importer,Medium,388,Fine_Dine_Meat,Beer,45.435253,3.0,136.31,135.93,0.9972,compliant,0.38
INV555708,2024-10-19,2024 Q4,680,Importer,Medium,389,Fine_Dine_Meat,Wine,20.102551,10.67,214.49,213.9,0.9972,compliant,0.59
INV556814,2024-10-19,2024 Q4,692,Importer,Large,391,Fine_Dine_Meat,Wine,12.461897,10.67,132.97,96.34,0.7245,partially_compliant,36.63
INV557368,2024-10-19,2024 Q4,692,Importer,Large,392,Fine_Dine_Meat,Beer,16.300675,3.0,48.9,35.43,0.7245,partially_compliant,13.47
INV558473,2024-10-19,2024 Q4,679,Importer,Large,394,Fine_Dine_Meat,Wine,28.842788,10.67,307.75,174.08,0.5657,partially_compliant,133.67
INV559026,2024-10-19,2024 Q4,686,Importer,Small,395,Fine_Dine_Meat,Wine,32.236278,10.67,343.96,211.49,0.6149,partially_compliant,132.47
INV559580,2024-10-19,2024 Q4,685,Importer,Small,396,Fine_Dine_Meat,Beer,62.86316,3.0,188.59,184.77,0.9797,compliant,3.82
INV560133,2024-10-19,2024 Q4,675,Importer,Small,397,Fine_Dine_Meat,Beer,31.432314,3.0,94.3,93.42,0.9907,compliant,0.87
INV561238,2024-10-19,2024 Q4,673,Importer,Medium,399,Fine_Dine_Meat,Wine,37.577001,10.67,400.95,400.95,1.0,compliant,0.0
INV566215,2024-10-19,2024 Q4,681,Importer,Small,408,Fine_Dine_Meat,Wine,43.348074,10.67,462.52,0.0,0.0,non_compliant,462.52
INV567874,2024-10-19,2024 Q4,673,Importer,Medium,411,Fine_Dine_Meat,Wine,17.08356,10.67,182.28,182.28,1.0,compliant,0.0
INV567875,2024-10-19,2024 Q4,673,Importer,Medium,411,Fine_Dine_Meat,Beer,25.62534,3.0,76.88,76.88,1.0,compliant,0.0
INV568427,2024-10-19,2024 Q4,680,Importer,Medium,412,Fine_Dine_Meat,Wine,40.376519,10.67,430.82,429.63,0.9972,compliant,1.19
INV569533,2024-10-19,2024 Q4,689,Importer,Small,414,Fine_Dine_Meat,Wine,33.120378,10.67,353.39,353.39,1.0,compliant,0.0
INV570639,2024-10-19,2024 Q4,680,Importer,Medium,416,Fine_Dine_Meat,Wine,23.053324,10.67,245.98,245.3,0.9972,compliant,0.68
INV571745,2024-10-19,2024 Q4,675,Importer,Small,418,Fine_Dine_Meat,Wine,41.902356,10.67,447.1,442.95,0.9907,compliant,4.14
INV573957,2024-10-19,2024 Q4,673,Importer,Medium,422,Fine_Dine_Meat,Wine,23.680977,10.67,252.68,252.68,1.0,compliant,0.0
INV576722,2024-10-19,2024 Q4,678,Importer,Medium,427,Fine_Dine_Meat,Wine,15.949979,10.67,170.19,98.73,0.5801,partially_compliant,71.45
INV577275,2024-10-19,2024 Q4,689,Importer,Small,428,Fine_Dine_Meat,Wine,17.864651,10.67,190.62,190.62,1.0,compliant,0.0
INV578381,2024-10-19,2024 Q4,685,Importer,Small,430,Fine_Dine_Meat,Wine,33.595406,10.67,358.46,351.2,0.9797,compliant,7.26
INV578934,2024-10-19,2024 Q4,692,Importer,Large,431,Fine_Dine_Meat,Wine,19.541986,10.67,208.51,151.07,0.7245,partially_compliant,57.44
INV579487,2024-10-19,2024 Q4,673,Importer,Medium,432,Fine_Dine_Meat,Wine,32.403818,10.67,345.75,345.75,1.0,compliant,0.0
INV580041,2024-10-19,2024 Q4,679,Importer,Large,433,Fine_Dine_Meat,Beer,29.020763,3.0,87.06,49.25,0.5657,partially_compliant,37.81
INV580594,2024-10-19,2024 Q4,692,Importer,Large,434,Fine_Dine_Meat,Beer,25.842554,3.0,77.53,56.17,0.7245,partially_compliant,21.36
INV581147,2024-10-19,2024 Q4,687,Importer,Medium,435,Fine_Dine_Meat,Beer,47.500473,3.0,142.5,99.34,0.6971,partially_compliant,43.16
INV583911,2024-10-19,2024 Q4,679,Importer,Large,440,Fine_Dine_Meat,Wine,20.980278,10.67,223.86,126.63,0.5657,partially_compliant,97.23
INV583912,2024-10-19,2024 Q4,692,Importer,Large,440,Fine_Dine_Meat,Beer,31.470418,3.0,94.41,68.4,0.7245,partially_compliant,26.01
INV587782,2024-10-19,2024 Q4,686,Importer,Small,447,Fine_Dine_Vegetarian,Wine,31.007156,10.67,330.85,203.43,0.6149,partially_compliant,127.42
INV588335,2024-10-19,2024 Q4,679,Importer,Large,448,Fine_Dine_Vegetarian,Wine,58.034273,10.67,619.23,350.27,0.5657,partially_compliant,268.96
INV588888,2024-10-19,2024 Q4,692,Importer,Large,449,Fine_Dine_Vegetarian,Wine,35.716025,10.67,381.09,276.1,0.7245,partially_compliant,104.99
INV589441,2024-10-19,2024 Q4,680,Importer,Medium,450,Fine_Dine_Vegetarian,Wine,79.8053,10.67,851.52,849.17,0.9972,compliant,2.35
INV591100,2024-10-19,2024 Q4,682,Importer,Small,453,Fine_Dine_Vegetarian,Wine,51.926816,10.67,554.06,340.68,0.6149,partially_compliant,213.38
INV592759,2024-10-19,2024 Q4,675,Importer,Small,456,Fine_Dine_Vegetarian,Wine,23.69159,10.67,252.79,250.45,0.9907,compliant,2.34
INV594418,2024-10-19,2024 Q4,673,Importer,Medium,459,Fine_Dine_Vegetarian,Wine,22.440048,10.67,239.44,239.44,1.0,compliant,0.0
INV596077,2024-10-19,2024 Q4,673,Importer,Medium,462,Fine_Dine_Vegetarian,Wine,21.262726,10.67,226.87,226.87,1.0,compliant,0.0
INV596630,2024-10-19,2024 Q4,690,Importer,Small,463,Fine_Dine_Vegetarian,Wine,49.579855,10.67,529.02,206.98,0.3913,partially_compliant,322.03
INV597183,2024-10-19,2024 Q4,677,Importer,Small,464,Fine_Dine_Vegetarian,Wine,25.834334,10.67,275.65,275.65,1.0,compliant,0.0
INV599948,2024-10-19,2024 Q4,682,Importer,Small,469,Fine_Dine_Vegetarian,Wine,15.503131,10.67,165.42,101.71,0.6149,partially_compliant,63.71
INV601607,2024-10-19,2024 Q4,689,Importer,Small,472,Fine_Dine_Vegetarian,Wine,21.022266,10.67,224.31,224.31,1.0,compliant,0.0
INV603819,2024-10-19,2024 Q4,692,Importer,Large,476,Fine_Dine_Vegetarian,Wine,25.32166,10.67,270.18,195.75,0.7245,partially_compliant,74.43
INV605478,2024-10-19,2024 Q4,673,Importer,Medium,479,Fine_Dine_Vegetarian,Wine,37.917112,10.67,404.58,404.58,1.0,compliant,0.0
INV607690,2024-10-19,2024 Q4,675,Importer,Small,483,Fine_Dine_Vegetarian,Wine,39.255189,10.67,418.85,414.97,0.9907,compliant,3.88
INV609349,2024-10-19,2024 Q4,692,Importer,Large,486,Fine_Dine_Vegetarian,Wine,40.8412,10.67,435.78,315.72,0.7245,partially_compliant,120.05
INV613773,2024-10-19,2024 Q4,686,Importer,Small,494,Fine_Dine_Vegetarian,Wine,23.698392,10.67,252.86,155.48,0.6149,partially_compliant,97.38
INV617091,2024-10-19,2024 Q4,673,Importer,Medium,500,Fine_Dine_Vegetarian,Wine,28.626373,10.67,305.44,305.44,1.0,compliant,0.0
INV402412,2024-10-26,2024 Q4,692,Importer,Large,203,Cafe,Coffee_Beans,28.024434,25.0,700.61,507.6,0.7245,partially_compliant,193.01
INV404150,2024-10-26,2024 Q4,680,Importer,Medium,205,Cafe,Coffee_Beans,5.450207,25.0,136.26,135.88,0.9972,compliant,0.38
INV405888,2024-10-26,2024 Q4,684,Importer,Medium,207,Cafe,Coffee_Beans,7.000312,25.0,175.01,175.01,1.0,compliant,0.0
INV415447,2024-10-26,2024 Q4,677,Importer,Small,218,Cafe,Coffee_Beans,16.525546,25.0,413.14,413.14,1.0,compliant,0.0
INV420661,2024-10-26,2024 Q4,686,Importer,Small,224,Cafe,Coffee_Beans,12.671199,25.0,316.78,194.78,0.6149,partially_compliant,122.0
INV424137,2024-10-26,2024 Q4,677,Importer,Small,228,Cafe,Coffee_Beans,7.117481,25.0,177.94,177.94,1.0,compliant,0.0
INV425875,2024-10-26,2024 Q4,682,Importer,Small,230,Cafe,Coffee_Beans,7.985199,25.0,199.63,122.75,0.6149,partially_compliant,76.88
INV426744,2024-10-26,2024 Q4,681,Importer,Small,231,Cafe,Coffee_Beans,7.174543,25.0,179.36,0.0,0.0,non_compliant,179.36
INV429351,2024-10-26,2024 Q4,673,Importer,Medium,234,Cafe,Coffee_Beans,6.433022,25.0,160.83,160.83,1.0,compliant,0.0
INV430220,2024-10-26,2024 Q4,673,Importer,Medium,235,Cafe,Coffee_Beans,30.471592,25.0,761.79,761.79,1.0,compliant,0.0
INV431958,2024-10-26,2024 Q4,683,Importer,Small,237,Cafe,Coffee_Beans,17.415843,25.0,435.4,431.31,0.9906,compliant,4.09
INV438041,2024-10-26,2024 Q4,682,Importer,Small,244,Cafe,Coffee_Beans,8.154251,25.0,203.86,125.35,0.6149,partially_compliant,78.51
INV439779,2024-10-26,2024 Q4,688,Importer,Small,246,Cafe,Coffee_Beans,5.638971,25.0,140.97,140.97,1.0,compliant,0.0
INV444993,2024-10-26,2024 Q4,675,Importer,Small,252,Cafe,Coffee_Beans,7.964143,25.0,199.1,197.26,0.9907,compliant,1.85
INV448469,2024-10-26,2024 Q4,678,Importer,Medium,256,Cafe,Coffee_Beans,10.891885,25.0,272.3,157.97,0.5801,partially_compliant,114.33
INV449338,2024-10-26,2024 Q4,680,Importer,Medium,257,Cafe,Coffee_Beans,30.022133,25.0,750.55,748.48,0.9972,compliant,2.08
INV454552,2024-10-26,2024 Q4,675,Importer,Small,263,Cafe,Coffee_Beans,6.514132,25.0,162.85,161.34,0.9907,compliant,1.51
INV459766,2024-10-26,2024 Q4,677,Importer,Small,269,Cafe,Coffee_Beans,6.219056,25.0,155.48,155.48,1.0,compliant,0.0
INV464111,2024-10-26,2024 Q4,673,Importer,Medium,274,Cafe,Coffee_Beans,7.156207,25.0,178.91,178.91,1.0,compliant,0.0
INV464980,2024-10-26,2024 Q4,689,Importer,Small,275,Cafe,Coffee_Beans,8.113746,25.0,202.84,202.84,1.0,compliant,0.0
INV465849,2024-10-26,2024 Q4,692,Importer,Large,276,Cafe,Coffee_Beans,7.047869,25.0,176.2,127.66,0.7245,partially_compliant,48.54
INV470194,2024-10-26,2024 Q4,689,Importer,Small,281,Cafe,Coffee_Beans,13.262042,25.0,331.55,331.55,1.0,compliant,0.0
INV475408,2024-10-26,2024 Q4,680,Importer,Medium,287,Cafe,Coffee_Beans,7.684107,25.0,192.1,191.57,0.9972,compliant,0.53
INV478015,2024-10-26,2024 Q4,675,Importer,Small,290,Cafe,Coffee_Beans,6.606133,25.0,165.15,163.62,0.9907,compliant,1.53
INV484098,2024-10-26,2024 Q4,689,Importer,Small,297,Cafe,Coffee_Beans,9.555379,25.0,238.88,238.88,1.0,compliant,0.0
INV484967,2024-10-26,2024 Q4,674,Importer,Small,298,Cafe,Coffee_Beans,7.62983,25.0,190.75,183.45,0.9617,compliant,7.3
INV490181,2024-10-26,2024 Q4,682,Importer,Small,304,Cafe,Coffee_Beans,6.577204,25.0,164.43,101.1,0.6149,partially_compliant,63.33
INV491050,2024-10-26,2024 Q4,682,Importer,Small,305,Cafe,Coffee_Beans,3.317064,25.0,82.93,50.99,0.6149,partially_compliant,31.94
INV496264,2024-10-26,2024 Q4,680,Importer,Medium,311,Cafe,Coffee_Beans,7.919677,25.0,197.99,197.44,0.9972,compliant,0.55
INV497133,2024-10-26,2024 Q4,689,Importer,Small,312,Cafe,Coffee_Beans,7.589638,25.0,189.74,189.74,1.0,compliant,0.0
INV498002,2024-10-26,2024 Q4,682,Importer,Small,313,Cafe,Coffee_Beans,5.649627,25.0,141.24,86.85,0.6149,partially_compliant,54.39
INV502347,2024-10-26,2024 Q4,688,Importer,Small,318,Cafe,Coffee_Beans,25.720721,25.0,643.02,643.02,1.0,compliant,0.0
INV507561,2024-10-26,2024 Q4,692,Importer,Large,324,Cafe,Coffee_Beans,7.208552,25.0,180.21,130.57,0.7245,partially_compliant,49.65
INV515382,2024-10-26,2024 Q4,678,Importer,Medium,333,Cafe,Coffee_Beans,6.228702,25.0,155.72,90.34,0.5801,partially_compliant,65.38
INV517989,2024-10-26,2024 Q4,690,Importer,Small,336,Cafe,Coffee_Beans,5.869256,25.0,146.73,57.41,0.3913,partially_compliant,89.32
INV522334,2024-10-26,2024 Q4,690,Importer,Small,341,Cafe,Coffee_Beans,5.351262,25.0,133.78,52.34,0.3913,partially_compliant,81.44
INV523203,2024-10-26,2024 Q4,686,Importer,Small,342,Cafe,Coffee_Beans,4.647274,25.0,116.18,71.44,0.6149,partially_compliant,44.74
INV524072,2024-10-26,2024 Q4,690,Importer,Small,343,Cafe,Coffee_Beans,7.103201,25.0,177.58,69.48,0.3913,partially_compliant,108.1
INV532762,2024-10-26,2024 Q4,686,Importer,Small,353,Cafe,Coffee_Beans,13.277429,25.0,331.94,204.1,0.6149,partially_compliant,127.84
INV534500,2024-10-26,2024 Q4,678,Importer,Medium,355,Cafe,Coffee_Beans,21.0024,25.0,525.06,304.61,0.5801,partially_compliant,220.45
INV537107,2024-10-26,2024 Q4,679,Importer,Large,358,Cafe,Coffee_Beans,7.459211,25.0,186.48,105.48,0.5657,partially_compliant,81.0
INV542444,2024-10-26,2024 Q4,673,Importer,Medium,365,Fine_Dine_Meat,Beer,33.1796,3.0,99.54,99.54,1.0,compliant,0.0
INV544655,2024-10-26,2024 Q4,692,Importer,Large,369,Fine_Dine_Meat,Wine,22.202402,10.67,236.9,171.64,0.7245,partially_compliant,65.26
INV547420,2024-10-26,2024 Q4,675,Importer,Small,374,Fine_Dine_Meat,Wine,25.924962,10.67,276.62,274.06,0.9907,compliant,2.56
INV547421,2024-10-26,2024 Q4,683,Importer,Small,374,Fine_Dine_Meat,Beer,38.887442,3.0,116.66,115.57,0.9906,compliant,1.1
INV549633,2024-10-26,2024 Q4,679,Importer,Large,378,Fine_Dine_Meat,Beer,28.555857,3.0,85.67,48.46,0.5657,partially_compliant,37.21
INV550185,2024-10-26,2024 Q4,686,Importer,Small,379,Fine_Dine_Meat,Wine,50.175875,10.67,535.38,329.19,0.6149,partially_compliant,206.19
INV551844,2024-10-26,2024 Q4,677,Importer,Small,382,Fine_Dine_Meat,Wine,15.069964,10.67,160.8,160.8,1.0,compliant,0.0
INV552950,2024-10-26,2024 Q4,682,Importer,Small,384,Fine_Dine_Meat,Wine,19.677008,10.67,209.95,129.1,0.6149,partially_compliant,80.86
INV552951,2024-10-26,2024 Q4,680,Importer,Medium,384,Fine_Dine_Meat,Beer,29.515513,3.0,88.55,88.3,0.9972,compliant,0.24
INV555162,2024-10-26,2024 Q4,686,Importer,Small,388,Fine_Dine_Meat,Wine,33.104911,10.67,353.23,217.19,0.6149,partially_compliant,136.04
INV555163,2024-10-26,2024 Q4,680,Importer,Medium,388,Fine_Dine_Meat,Beer,49.657366,3.0,148.97,148.56,0.9972,compliant,0.41
INV555715,2024-10-26,2024 Q4,680,Importer,Medium,389,Fine_Dine_Meat,Wine,21.941426,10.67,234.12,233.47,0.9972,compliant,0.65
INV556821,2024-10-26,2024 Q4,692,Importer,Large,391,Fine_Dine_Meat,Wine,13.639609,10.67,145.53,105.44,0.7245,partially_compliant,40.09
INV557375,2024-10-26,2024 Q4,692,Importer,Large,392,Fine_Dine_Meat,Beer,17.815431,3.0,53.45,38.72,0.7245,partially_compliant,14.72
INV558480,2024-10-26,2024 Q4,679,Importer,Large,394,Fine_Dine_Meat,Wine,31.455064,10.67,335.63,189.85,0.5657,partially_compliant,145.78
INV559033,2024-10-26,2024 Q4,686,Importer,Small,395,Fine_Dine_Meat,Wine,35.004438,10.67,373.5,229.65,0.6149,partially_compliant,143.84
INV559587,2024-10-26,2024 Q4,685,Importer,Small,396,Fine_Dine_Meat,Beer,68.567807,3.0,205.7,201.54,0.9797,compliant,4.17
INV560140,2024-10-26,2024 Q4,675,Importer,Small,397,Fine_Dine_Meat,Beer,35.581594,3.0,106.74,105.76,0.9907,compliant,0.99
INV561245,2024-10-26,2024 Q4,673,Importer,Medium,399,Fine_Dine_Meat,Wine,41.140895,10.67,438.97,438.97,1.0,compliant,0.0
INV566222,2024-10-26,2024 Q4,681,Importer,Small,408,Fine_Dine_Meat,Wine,47.511997,10.67,506.95,0.0,0.0,non_compliant,506.95
INV567881,2024-10-26,2024 Q4,673,Importer,Medium,411,Fine_Dine_Meat,Wine,18.631878,10.67,198.8,198.8,1.0,compliant,0.0
INV567882,2024-10-26,2024 Q4,673,Importer,Medium,411,Fine_Dine_Meat,Beer,27.947818,3.0,83.84,83.84,1.0,compliant,0.0
INV568434,2024-10-26,2024 Q4,680,Importer,Medium,412,Fine_Dine_Meat,Wine,44.166265,10.67,471.25,469.95,0.9972,compliant,1.3
INV569540,2024-10-26,2024 Q4,689,Importer,Small,414,Fine_Dine_Meat,Wine,34.801171,10.67,371.33,371.33,1.0,compliant,0.0
INV570646,2024-10-26,2024 Q4,680,Importer,Medium,416,Fine_Dine_Meat,Wine,25.220054,10.67,269.1,268.35,0.9972,compliant,0.74
INV571752,2024-10-26,2024 Q4,675,Importer,Small,418,Fine_Dine_Meat,Wine,45.860197,10.67,489.33,484.79,0.9907,compliant,4.54
INV573964,2024-10-26,2024 Q4,673,Importer,Medium,422,Fine_Dine_Meat,Wine,25.917872,10.67,276.54,276.54,1.0,compliant,0.0
INV576729,2024-10-26,2024 Q4,678,Importer,Medium,427,Fine_Dine_Meat,Wine,17.482637,10.67,186.54,108.22,0.5801,partially_compliant,78.32
INV577282,2024-10-26,2024 Q4,689,Importer,Small,428,Fine_Dine_Meat,Wine,19.57528,10.67,208.87,208.87,1.0,compliant,0.0
INV578388,2024-10-26,2024 Q4,685,Importer,Small,430,Fine_Dine_Meat,Wine,40.602408,10.67,433.23,424.45,0.9797,compliant,8.78
INV578941,2024-10-26,2024 Q4,692,Importer,Large,431,Fine_Dine_Meat,Wine,21.326789,10.67,227.56,164.87,0.7245,partially_compliant,62.69
INV579494,2024-10-26,2024 Q4,673,Importer,Medium,432,Fine_Dine_Meat,Wine,35.419798,10.67,377.93,377.93,1.0,compliant,0.0
INV580048,2024-10-26,2024 Q4,679,Importer,Large,433,Fine_Dine_Meat,Beer,34.094599,3.0,102.28,57.86,0.5657,partially_compliant,44.43
INV580601,2024-10-26,2024 Q4,692,Importer,Large,434,Fine_Dine_Meat,Beer,28.561961,3.0,85.69,62.08,0.7245,partially_compliant,23.61
INV581154,2024-10-26,2024 Q4,687,Importer,Medium,435,Fine_Dine_Meat,Beer,51.748655,3.0,155.25,108.23,0.6971,partially_compliant,47.02
INV583918,2024-10-26,2024 Q4,679,Importer,Large,440,Fine_Dine_Meat,Wine,22.955255,10.67,244.93,138.55,0.5657,partially_compliant,106.38
INV583919,2024-10-26,2024 Q4,692,Importer,Large,440,Fine_Dine_Meat,Beer,34.432883,3.0,103.3,74.84,0.7245,partially_compliant,28.46
INV587789,2024-10-26,2024 Q4,686,Importer,Small,447,Fine_Dine_Vegetarian,Wine,33.969788,10.67,362.46,222.87,0.6149,partially_compliant,139.59
INV588342,2024-10-26,2024 Q4,679,Importer,Large,448,Fine_Dine_Vegetarian,Wine,63.602244,10.67,678.64,383.88,0.5657,partially_compliant,294.76
INV588895,2024-10-26,2024 Q4,692,Importer,Large,449,Fine_Dine_Vegetarian,Wine,32.346029,10.67,345.13,250.05,0.7245,partially_compliant,95.08
INV589448,2024-10-26,2024 Q4,680,Importer,Medium,450,Fine_Dine_Vegetarian,Wine,87.365305,10.67,932.19,929.61,0.9972,compliant,2.58
INV591107,2024-10-26,2024 Q4,682,Importer,Small,453,Fine_Dine_Vegetarian,Wine,56.797086,10.67,606.02,372.63,0.6149,partially_compliant,233.39
INV592766,2024-10-26,2024 Q4,675,Importer,Small,456,Fine_Dine_Vegetarian,Wine,25.953206,10.67,276.92,274.35,0.9907,compliant,2.57
INV594425,2024-10-26,2024 Q4,673,Importer,Medium,459,Fine_Dine_Vegetarian,Wine,24.458732,10.67,260.97,260.97,1.0,compliant,0.0
INV596084,2024-10-26,2024 Q4,673,Importer,Medium,462,Fine_Dine_Vegetarian,Wine,23.292678,10.67,248.53,248.53,1.0,compliant,0.0
INV596637,2024-10-26,2024 Q4,690,Importer,Small,463,Fine_Dine_Vegetarian,Wine,54.319673,10.67,579.59,226.77,0.3913,partially_compliant,352.82
INV597190,2024-10-26,2024 Q4,677,Importer,Small,464,Fine_Dine_Vegetarian,Wine,28.256485,10.67,301.5,301.5,1.0,compliant,0.0
INV599955,2024-10-26,2024 Q4,682,Importer,Small,469,Fine_Dine_Vegetarian,Wine,15.134577,10.67,161.49,99.29,0.6149,partially_compliant,62.19
INV601614,2024-10-26,2024 Q4,689,Importer,Small,472,Fine_Dine_Vegetarian,Wine,22.95936,10.67,244.98,244.98,1.0,compliant,0.0
INV603826,2024-10-26,2024 Q4,692,Importer,Large,476,Fine_Dine_Vegetarian,Wine,27.740166,10.67,295.99,214.45,0.7245,partially_compliant,81.54
INV605485,2024-10-26,2024 Q4,673,Importer,Medium,479,Fine_Dine_Vegetarian,Wine,37.401906,10.67,399.08,399.08,1.0,compliant,0.0
INV607697,2024-10-26,2024 Q4,675,Importer,Small,483,Fine_Dine_Vegetarian,Wine,42.903014,10.67,457.78,453.53,0.9907,compliant,4.24
INV609356,2024-10-26,2024 Q4,692,Importer,Large,486,Fine_Dine_Vegetarian,Wine,44.688238,10.67,476.82,345.46,0.7245,partially_compliant,131.36
INV613780,2024-10-26,2024 Q4,686,Importer,Small,494,Fine_Dine_Vegetarian,Wine,24.078003,10.67,256.91,157.97,0.6149,partially_compliant,98.94
INV617098,2024-10-26,2024 Q4,673,Importer,Medium,500,Fine_Dine_Vegetarian,Wine,31.32887,10.67,334.28,334.28,1.0,compliant,0.0
INV402423,2024-11-02,2024 Q4,692,Importer,Large,203,Cafe,Coffee_Beans,27.205475,25.0,680.14,492.76,0.7245,partially_compliant,187.37
INV404161,2024-11-02,2024 Q4,680,Importer,Medium,205,Cafe,Coffee_Beans,5.220262,25.0,130.51,130.15,0.9972,compliant,0.36
INV405899,2024-11-02,2024 Q4,684,Importer,Medium,207,Cafe,Coffee_Beans,6.805655,25.0,170.14,170.14,1.0,compliant,0.0
INV415458,2024-11-02,2024 Q4,677,Importer,Small,218,Cafe,Coffee_Beans,16.175848,25.0,404.4,404.4,1.0,compliant,0.0
INV420672,2024-11-02,2024 Q4,686,Importer,Small,224,Cafe,Coffee_Beans,12.197008,25.0,304.93,187.49,0.6149,partially_compliant,117.43
INV424148,2024-11-02,2024 Q4,677,Importer,Small,228,Cafe,Coffee_Beans,7.039201,25.0,175.98,175.98,1.0,compliant,0.0
INV425886,2024-11-02,2024 Q4,682,Importer,Small,230,Cafe,Coffee_Beans,7.896068,25.0,197.4,121.38,0.6149,partially_compliant,76.02
INV426755,2024-11-02,2024 Q4,681,Importer,Small,231,Cafe,Coffee_Beans,7.05411,25.0,176.35,0.0,0.0,non_compliant,176.35
INV429362,2024-11-02,2024 Q4,673,Importer,Medium,234,Cafe,Coffee_Beans,6.27604,25.0,156.9,156.9,1.0,compliant,0.0
INV430231,2024-11-02,2024 Q4,673,Importer,Medium,235,Cafe,Coffee_Beans,29.723493,25.0,743.09,743.09,1.0,compliant,0.0
INV431969,2024-11-02,2024 Q4,683,Importer,Small,237,Cafe,Coffee_Beans,17.19258,25.0,429.81,425.78,0.9906,compliant,4.04
INV438052,2024-11-02,2024 Q4,682,Importer,Small,244,Cafe,Coffee_Beans,8.003377,25.0,200.08,123.03,0.6149,partially_compliant,77.06
INV439790,2024-11-02,2024 Q4,688,Importer,Small,246,Cafe,Coffee_Beans,6.334036,25.0,158.35,158.35,1.0,compliant,0.0
INV445004,2024-11-02,2024 Q4,675,Importer,Small,252,Cafe,Coffee_Beans,7.782542,25.0,194.56,192.76,0.9907,compliant,1.8
INV448480,2024-11-02,2024 Q4,678,Importer,Medium,256,Cafe,Coffee_Beans,10.423054,25.0,260.58,151.17,0.5801,partially_compliant,109.41
INV449349,2024-11-02,2024 Q4,680,Importer,Medium,257,Cafe,Coffee_Beans,28.701173,25.0,717.53,715.55,0.9972,compliant,1.98
INV454563,2024-11-02,2024 Q4,675,Importer,Small,263,Cafe,Coffee_Beans,6.455359,25.0,161.38,159.89,0.9907,compliant,1.5
INV459777,2024-11-02,2024 Q4,677,Importer,Small,269,Cafe,Coffee_Beans,6.135366,25.0,153.38,153.38,1.0,compliant,0.0
INV464122,2024-11-02,2024 Q4,673,Importer,Medium,274,Cafe,Coffee_Beans,6.916355,25.0,172.91,172.91,1.0,compliant,0.0
INV464991,2024-11-02,2024 Q4,689,Importer,Small,275,Cafe,Coffee_Beans,8.000892,25.0,200.02,200.02,1.0,compliant,0.0
INV465860,2024-11-02,2024 Q4,692,Importer,Large,276,Cafe,Coffee_Beans,6.894315,25.0,172.36,124.87,0.7245,partially_compliant,47.48
INV470205,2024-11-02,2024 Q4,689,Importer,Small,281,Cafe,Coffee_Beans,13.009098,25.0,325.23,325.23,1.0,compliant,0.0
INV475419,2024-11-02,2024 Q4,680,Importer,Medium,287,Cafe,Coffee_Beans,6.711457,25.0,167.79,167.32,0.9972,compliant,0.46
INV478026,2024-11-02,2024 Q4,675,Importer,Small,290,Cafe,Coffee_Beans,6.550883,25.0,163.77,162.25,0.9907,compliant,1.52
INV484109,2024-11-02,2024 Q4,689,Importer,Small,297,Cafe,Coffee_Beans,10.47987,25.0,262.0,262.0,1.0,compliant,0.0
INV484978,2024-11-02,2024 Q4,674,Importer,Small,298,Cafe,Coffee_Beans,7.717424,25.0,192.94,185.55,0.9617,compliant,7.38
INV490192,2024-11-02,2024 Q4,682,Importer,Small,304,Cafe,Coffee_Beans,6.511233,25.0,162.78,100.09,0.6149,partially_compliant,62.69
INV491061,2024-11-02,2024 Q4,682,Importer,Small,305,Cafe,Coffee_Beans,3.215788,25.0,80.39,49.43,0.6149,partially_compliant,30.96
INV496275,2024-11-02,2024 Q4,680,Importer,Medium,311,Cafe,Coffee_Beans,7.80828,25.0,195.21,194.67,0.9972,compliant,0.54
INV497144,2024-11-02,2024 Q4,689,Importer,Small,312,Cafe,Coffee_Beans,7.298076,25.0,182.45,182.45,1.0,compliant,0.0
INV498013,2024-11-02,2024 Q4,682,Importer,Small,313,Cafe,Coffee_Beans,4.929857,25.0,123.25,75.78,0.6149,partially_compliant,47.46
INV502358,2024-11-02,2024 Q4,688,Importer,Small,318,Cafe,Coffee_Beans,27.609965,25.0,690.25,690.25,1.0,compliant,0.0
INV507572,2024-11-02,2024 Q4,692,Importer,Large,324,Cafe,Coffee_Beans,6.940322,25.0,173.51,125.71,0.7245,partially_compliant,47.8
INV515393,2024-11-02,2024 Q4,678,Importer,Medium,333,Cafe,Coffee_Beans,6.025462,25.0,150.64,87.39,0.5801,partially_compliant,63.25
INV518000,2024-11-02,2024 Q4,690,Importer,Small,336,Cafe,Coffee_Beans,5.861359,25.0,146.53,57.33,0.3913,partially_compliant,89.2
INV522345,2024-11-02,2024 Q4,690,Importer,Small,341,Cafe,Coffee_Beans,5.02907,25.0,125.73,49.19,0.3913,partially_compliant,76.53
INV523214,2024-11-02,2024 Q4,686,Importer,Small,342,Cafe,Coffee_Beans,4.448776,25.0,111.22,68.39,0.6149,partially_compliant,42.83
INV524083,2024-11-02,2024 Q4,690,Importer,Small,343,Cafe,Coffee_Beans,8.309318,25.0,207.73,81.28,0.3913,partially_compliant,126.45
INV532773,2024-11-02,2024 Q4,686,Importer,Small,353,Cafe,Coffee_Beans,12.761927,25.0,319.05,196.18,0.6149,partially_compliant,122.87
INV534511,2024-11-02,2024 Q4,678,Importer,Medium,355,Cafe,Coffee_Beans,20.458702,25.0,511.47,296.72,0.5801,partially_compliant,214.74
INV537118,2024-11-02,2024 Q4,679,Importer,Large,358,Cafe,Coffee_Beans,7.29271,25.0,182.32,103.13,0.5657,partially_compliant,79.19
INV542451,2024-11-02,2024 Q4,673,Importer,Medium,365,Fine_Dine_Meat,Beer,34.554191,3.0,103.66,103.66,1.0,compliant,0.0
INV544662,2024-11-02,2024 Q4,692,Importer,Large,369,Fine_Dine_Meat,Wine,23.761717,10.67,253.54,183.69,0.7245,partially_compliant,69.85
INV547427,2024-11-02,2024 Q4,675,Importer,Small,374,Fine_Dine_Meat,Wine,27.706029,10.67,295.62,292.88,0.9907,compliant,2.74
INV547428,2024-11-02,2024 Q4,683,Importer,Small,374,Fine_Dine_Meat,Beer,41.559043,3.0,124.68,123.51,0.9906,compliant,1.17
INV549640,2024-11-02,2024 Q4,679,Importer,Large,378,Fine_Dine_Meat,Beer,30.320376,3.0,90.96,51.45,0.5657,partially_compliant,39.51
INV550192,2024-11-02,2024 Q4,686,Importer,Small,379,Fine_Dine_Meat,Wine,53.310877,10.67,568.83,349.76,0.6149,partially_compliant,219.07
INV551851,2024-11-02,2024 Q4,677,Importer,Small,382,Fine_Dine_Meat,Wine,17.513486,10.67,186.87,186.87,1.0,compliant,0.0
INV552957,2024-11-02,2024 Q4,682,Importer,Small,384,Fine_Dine_Meat,Wine,20.669488,10.67,220.54,135.61,0.6149,partially_compliant,84.94
INV552958,2024-11-02,2024 Q4,680,Importer,Medium,384,Fine_Dine_Meat,Beer,31.004232,3.0,93.01,92.76,0.9972,compliant,0.26
INV555169,2024-11-02,2024 Q4,686,Importer,Small,388,Fine_Dine_Meat,Wine,34.811925,10.67,371.44,228.39,0.6149,partially_compliant,143.05
INV555170,2024-11-02,2024 Q4,680,Importer,Medium,388,Fine_Dine_Meat,Beer,52.217888,3.0,156.65,156.22,0.9972,compliant,0.43
INV555722,2024-11-02,2024 Q4,680,Importer,Medium,389,Fine_Dine_Meat,Wine,22.879613,10.67,244.13,243.45,0.9972,compliant,0.68
INV556828,2024-11-02,2024 Q4,692,Importer,Large,391,Fine_Dine_Meat,Wine,14.473232,10.67,154.43,111.89,0.7245,partially_compliant,42.54
INV557382,2024-11-02,2024 Q4,692,Importer,Large,392,Fine_Dine_Meat,Beer,19.789417,3.0,59.37,43.01,0.7245,partially_compliant,16.36
INV558487,2024-11-02,2024 Q4,679,Importer,Large,394,Fine_Dine_Meat,Wine,32.626918,10.67,348.13,196.92,0.5657,partially_compliant,151.21
INV559040,2024-11-02,2024 Q4,686,Importer,Small,395,Fine_Dine_Meat,Wine,35.303351,10.67,376.69,231.62,0.6149,partially_compliant,145.07
INV559594,2024-11-02,2024 Q4,685,Importer,Small,396,Fine_Dine_Meat,Beer,71.196379,3.0,213.59,209.26,0.9797,compliant,4.33
INV560147,2024-11-02,2024 Q4,675,Importer,Small,397,Fine_Dine_Meat,Beer,32.752184,3.0,98.26,97.35,0.9907,compliant,0.91
INV561252,2024-11-02,2024 Q4,673,Importer,Medium,399,Fine_Dine_Meat,Wine,43.739175,10.67,466.7,466.7,1.0,compliant,0.0
INV566229,2024-11-02,2024 Q4,681,Importer,Small,408,Fine_Dine_Meat,Wine,50.860927,10.67,542.69,0.0,0.0,non_compliant,542.69
INV567888,2024-11-02,2024 Q4,673,Importer,Medium,411,Fine_Dine_Meat,Wine,19.333104,10.67,206.28,206.28,1.0,compliant,0.0
INV567889,2024-11-02,2024 Q4,673,Importer,Medium,411,Fine_Dine_Meat,Beer,28.999655,3.0,87.0,87.0,1.0,compliant,0.0
INV568441,2024-11-02,2024 Q4,680,Importer,Medium,412,Fine_Dine_Meat,Wine,46.693433,10.67,498.22,496.84,0.9972,compliant,1.38
INV569547,2024-11-02,2024 Q4,689,Importer,Small,414,Fine_Dine_Meat,Wine,40.28972,10.67,429.89,429.89,1.0,compliant,0.0
INV570653,2024-11-02,2024 Q4,680,Importer,Medium,416,Fine_Dine_Meat,Wine,26.682595,10.67,284.7,283.92,0.9972,compliant,0.79
INV571759,2024-11-02,2024 Q4,675,Importer,Small,418,Fine_Dine_Meat,Wine,48.648906,10.67,519.08,514.27,0.9907,compliant,4.81
INV573971,2024-11-02,2024 Q4,673,Importer,Medium,422,Fine_Dine_Meat,Wine,27.494797,10.67,293.37,293.37,1.0,compliant,0.0
INV576736,2024-11-02,2024 Q4,678,Importer,Medium,427,Fine_Dine_Meat,Wine,18.718461,10.67,199.73,115.87,0.5801,partially_compliant,83.86
INV577289,2024-11-02,2024 Q4,689,Importer,Small,428,Fine_Dine_Meat,Wine,20.919337,10.67,223.21,223.21,1.0,compliant,0.0
INV578395,2024-11-02,2024 Q4,685,Importer,Small,430,Fine_Dine_Meat,Wine,37.001888,10.67,394.81,386.81,0.9797,compliant,8.0
INV578948,2024-11-02,2024 Q4,692,Importer,Large,431,Fine_Dine_Meat,Wine,22.22017,10.67,237.09,171.77,0.7245,partially_compliant,65.32
INV579501,2024-11-02,2024 Q4,673,Importer,Medium,432,Fine_Dine_Meat,Wine,37.278125,10.67,397.76,397.76,1.0,compliant,0.0
INV580055,2024-11-02,2024 Q4,679,Importer,Large,433,Fine_Dine_Meat,Beer,34.089143,3.0,102.27,57.85,0.5657,partially_compliant,44.42
INV580608,2024-11-02,2024 Q4,692,Importer,Large,434,Fine_Dine_Meat,Beer,32.140316,3.0,96.42,69.86,0.7245,partially_compliant,26.56
INV581161,2024-11-02,2024 Q4,687,Importer,Medium,435,Fine_Dine_Meat,Beer,49.565549,3.0,148.7,103.66,0.6971,partially_compliant,45.03
INV583925,2024-11-02,2024 Q4,679,Importer,Large,440,Fine_Dine_Meat,Wine,24.306883,10.67,259.35,146.71,0.5657,partially_compliant,112.65
INV583926,2024-11-02,2024 Q4,692,Importer,Large,440,Fine_Dine_Meat,Beer,36.460324,3.0,109.38,79.25,0.7245,partially_compliant,30.13
INV587796,2024-11-02,2024 Q4,686,Importer,Small,447,Fine_Dine_Vegetarian,Wine,36.259526,10.67,386.89,237.89,0.6149,partially_compliant,149.0
INV588349,2024-11-02,2024 Q4,679,Importer,Large,448,Fine_Dine_Vegetarian,Wine,68.041228,10.67,726.0,410.67,0.5657,partially_compliant,315.33
INV588902,2024-11-02,2024 Q4,692,Importer,Large,449,Fine_Dine_Vegetarian,Wine,33.537104,10.67,357.84,259.26,0.7245,partially_compliant,98.58
INV589455,2024-11-02,2024 Q4,680,Importer,Medium,450,Fine_Dine_Vegetarian,Wine,92.82392,10.67,990.43,987.69,0.9972,compliant,2.74
INV591114,2024-11-02,2024 Q4,682,Importer,Small,453,Fine_Dine_Vegetarian,Wine,60.023241,10.67,640.45,393.8,0.6149,partially_compliant,246.65
INV592773,2024-11-02,2024 Q4,675,Importer,Small,456,Fine_Dine_Vegetarian,Wine,27.689128,10.67,295.44,292.7,0.9907,compliant,2.74
INV594432,2024-11-02,2024 Q4,673,Importer,Medium,459,Fine_Dine_Vegetarian,Wine,25.279031,10.67,269.73,269.73,1.0,compliant,0.0
INV596091,2024-11-02,2024 Q4,673,Importer,Medium,462,Fine_Dine_Vegetarian,Wine,24.851945,10.67,265.17,265.17,1.0,compliant,0.0
INV596644,2024-11-02,2024 Q4,690,Importer,Small,463,Fine_Dine_Vegetarian,Wine,57.99845,10.67,618.84,242.13,0.3913,partially_compliant,376.71
INV597197,2024-11-02,2024 Q4,677,Importer,Small,464,Fine_Dine_Vegetarian,Wine,29.855675,10.67,318.56,318.56,1.0,compliant,0.0
INV599962,2024-11-02,2024 Q4,682,Importer,Small,469,Fine_Dine_Vegetarian,Wine,15.914973,10.67,169.81,104.41,0.6149,partially_compliant,65.4
INV601621,2024-11-02,2024 Q4,689,Importer,Small,472,Fine_Dine_Vegetarian,Wine,24.034498,10.67,256.45,256.45,1.0,compliant,0.0
INV603833,2024-11-02,2024 Q4,692,Importer,Large,476,Fine_Dine_Vegetarian,Wine,29.604079,10.67,315.88,228.85,0.7245,partially_compliant,87.02
INV605492,2024-11-02,2024 Q4,673,Importer,Medium,479,Fine_Dine_Vegetarian,Wine,36.137838,10.67,385.59,385.59,1.0,compliant,0.0
INV607704,2024-11-02,2024 Q4,675,Importer,Small,483,Fine_Dine_Vegetarian,Wine,44.929316,10.67,479.4,474.95,0.9907,compliant,4.44
INV609363,2024-11-02,2024 Q4,692,Importer,Large,486,Fine_Dine_Vegetarian,Wine,47.335761,10.67,505.07,365.93,0.7245,partially_compliant,139.14
INV613787,2024-11-02,2024 Q4,686,Importer,Small,494,Fine_Dine_Vegetarian,Wine,24.78959,10.67,264.5,162.64,0.6149,partially_compliant,101.87
INV617105,2024-11-02,2024 Q4,673,Importer,Medium,500,Fine_Dine_Vegetarian,Wine,33.224846,10.67,354.51,354.51,1.0,compliant,0.0
INV402434,2024-11-09,2024 Q4,692,Importer,Large,203,Cafe,Coffee_Beans,24.596296,25.0,614.91,445.5,0.7245,partially_compliant,169.4
INV404172,2024-11-09,2024 Q4,680,Importer,Medium,205,Cafe,Coffee_Beans,4.719606,25.0,117.99,117.66,0.9972,compliant,0.33
INV405910,2024-11-09,2024 Q4,684,Importer,Medium,207,Cafe,Coffee_Beans,6.152949,25.0,153.82,153.82,1.0,compliant,0.0
INV415469,2024-11-09,2024 Q4,677,Importer,Small,218,Cafe,Coffee_Beans,14.62448,25.0,365.61,365.61,1.0,compliant,0.0
INV420683,2024-11-09,2024 Q4,686,Importer,Small,224,Cafe,Coffee_Beans,10.794536,25.0,269.86,165.93,0.6149,partially_compliant,103.93
INV424159,2024-11-09,2024 Q4,677,Importer,Small,228,Cafe,Coffee_Beans,6.364097,25.0,159.1,159.1,1.0,compliant,0.0
INV425897,2024-11-09,2024 Q4,682,Importer,Small,230,Cafe,Coffee_Beans,7.138784,25.0,178.47,109.74,0.6149,partially_compliant,68.73
INV426766,2024-11-09,2024 Q4,681,Importer,Small,231,Cafe,Coffee_Beans,6.377575,25.0,159.44,0.0,0.0,non_compliant,159.44
INV429373,2024-11-09,2024 Q4,673,Importer,Medium,234,Cafe,Coffee_Beans,5.674128,25.0,141.85,141.85,1.0,compliant,0.0
INV430242,2024-11-09,2024 Q4,673,Importer,Medium,235,Cafe,Coffee_Beans,26.87282,25.0,671.82,671.82,1.0,compliant,0.0
INV431980,2024-11-09,2024 Q4,683,Importer,Small,237,Cafe,Coffee_Beans,15.543701,25.0,388.59,384.94,0.9906,compliant,3.65
INV438063,2024-11-09,2024 Q4,682,Importer,Small,244,Cafe,Coffee_Beans,7.235802,25.0,180.9,111.23,0.6149,partially_compliant,69.67
INV439801,2024-11-09,2024 Q4,688,Importer,Small,246,Cafe,Coffee_Beans,6.692285,25.0,167.31,167.31,1.0,compliant,0.0
INV445015,2024-11-09,2024 Q4,675,Importer,Small,252,Cafe,Coffee_Beans,7.036147,25.0,175.9,174.27,0.9907,compliant,1.63
INV448491,2024-11-09,2024 Q4,678,Importer,Medium,256,Cafe,Coffee_Beans,9.423417,25.0,235.59,136.67,0.5801,partially_compliant,98.91
INV449360,2024-11-09,2024 Q4,680,Importer,Medium,257,Cafe,Coffee_Beans,25.948546,25.0,648.71,646.92,0.9972,compliant,1.79
INV454574,2024-11-09,2024 Q4,675,Importer,Small,263,Cafe,Coffee_Beans,5.836249,25.0,145.91,144.55,0.9907,compliant,1.35
INV459788,2024-11-09,2024 Q4,677,Importer,Small,269,Cafe,Coffee_Beans,5.546946,25.0,138.67,138.67,1.0,compliant,0.0
INV464133,2024-11-09,2024 Q4,673,Importer,Medium,274,Cafe,Coffee_Beans,6.253032,25.0,156.33,156.33,1.0,compliant,0.0
INV465002,2024-11-09,2024 Q4,689,Importer,Small,275,Cafe,Coffee_Beans,7.233555,25.0,180.84,180.84,1.0,compliant,0.0
INV465871,2024-11-09,2024 Q4,692,Importer,Large,276,Cafe,Coffee_Beans,6.233106,25.0,155.83,112.9,0.7245,partially_compliant,42.93
INV470216,2024-11-09,2024 Q4,689,Importer,Small,281,Cafe,Coffee_Beans,11.761442,25.0,294.04,294.04,1.0,compliant,0.0
INV475430,2024-11-09,2024 Q4,680,Importer,Medium,287,Cafe,Coffee_Beans,5.0477,25.0,126.19,125.84,0.9972,compliant,0.35
INV478037,2024-11-09,2024 Q4,675,Importer,Small,290,Cafe,Coffee_Beans,5.922612,25.0,148.07,146.69,0.9907,compliant,1.37
INV484120,2024-11-09,2024 Q4,689,Importer,Small,297,Cafe,Coffee_Beans,10.906577,25.0,272.66,272.66,1.0,compliant,0.0
INV484989,2024-11-09,2024 Q4,674,Importer,Small,298,Cafe,Coffee_Beans,6.977274,25.0,174.43,167.76,0.9617,compliant,6.67
INV490203,2024-11-09,2024 Q4,682,Importer,Small,304,Cafe,Coffee_Beans,5.886764,25.0,147.17,90.49,0.6149,partially_compliant,56.68
INV491072,2024-11-09,2024 Q4,682,Importer,Small,305,Cafe,Coffee_Beans,2.907373,25.0,72.68,44.69,0.6149,partially_compliant,27.99
INV496286,2024-11-09,2024 Q4,680,Importer,Medium,311,Cafe,Coffee_Beans,7.059416,25.0,176.49,176.0,0.9972,compliant,0.49
INV497155,2024-11-09,2024 Q4,689,Importer,Small,312,Cafe,Coffee_Beans,6.598144,25.0,164.95,164.95,1.0,compliant,0.0
INV498024,2024-11-09,2024 Q4,682,Importer,Small,313,Cafe,Coffee_Beans,3.635199,25.0,90.88,55.88,0.6149,partially_compliant,35.0
INV502369,2024-11-09,2024 Q4,688,Importer,Small,318,Cafe,Coffee_Beans,27.826026,25.0,695.65,695.65,1.0,compliant,0.0
INV507583,2024-11-09,2024 Q4,692,Importer,Large,324,Cafe,Coffee_Beans,6.2747,25.0,156.87,113.65,0.7245,partially_compliant,43.22
INV515404,2024-11-09,2024 Q4,678,Importer,Medium,333,Cafe,Coffee_Beans,5.447582,25.0,136.19,79.01,0.5801,partially_compliant,57.18
INV518011,2024-11-09,2024 Q4,690,Importer,Small,336,Cafe,Coffee_Beans,5.446173,25.0,136.15,53.27,0.3913,partially_compliant,82.88
INV522356,2024-11-09,2024 Q4,690,Importer,Small,341,Cafe,Coffee_Beans,4.54675,25.0,113.67,44.47,0.3913,partially_compliant,69.19
INV523225,2024-11-09,2024 Q4,686,Importer,Small,342,Cafe,Coffee_Beans,4.02211,25.0,100.55,61.83,0.6149,partially_compliant,38.73
INV524094,2024-11-09,2024 Q4,690,Importer,Small,343,Cafe,Coffee_Beans,10.119871,25.0,253.0,98.99,0.3913,partially_compliant,154.01
INV532784,2024-11-09,2024 Q4,686,Importer,Small,353,Cafe,Coffee_Beans,11.537977,25.0,288.45,177.36,0.6149,partially_compliant,111.09
INV534522,2024-11-09,2024 Q4,678,Importer,Medium,355,Cafe,Coffee_Beans,18.496582,25.0,462.41,268.27,0.5801,partially_compliant,194.15
INV537129,2024-11-09,2024 Q4,679,Importer,Large,358,Cafe,Coffee_Beans,6.593292,25.0,164.83,93.24,0.5657,partially_compliant,71.59
INV542458,2024-11-09,2024 Q4,673,Importer,Medium,365,Fine_Dine_Meat,Beer,32.932305,3.0,98.8,98.8,1.0,compliant,0.0
INV544669,2024-11-09,2024 Q4,692,Importer,Large,369,Fine_Dine_Meat,Wine,22.646402,10.67,241.64,175.07,0.7245,partially_compliant,66.57
INV547434,2024-11-09,2024 Q4,675,Importer,Small,374,Fine_Dine_Meat,Wine,26.405579,10.67,281.75,279.14,0.9907,compliant,2.61
INV547435,2024-11-09,2024 Q4,683,Importer,Small,374,Fine_Dine_Meat,Beer,39.608368,3.0,118.83,117.71,0.9906,compliant,1.12
INV549647,2024-11-09,2024 Q4,679,Importer,Large,378,Fine_Dine_Meat,Beer,28.897215,3.0,86.69,49.04,0.5657,partially_compliant,37.65
INV550199,2024-11-09,2024 Q4,686,Importer,Small,379,Fine_Dine_Meat,Wine,50.808601,10.67,542.13,333.34,0.6149,partially_compliant,208.79
INV551858,2024-11-09,2024 Q4,677,Importer,Small,382,Fine_Dine_Meat,Wine,18.229983,10.67,194.51,194.51,1.0,compliant,0.0
INV552964,2024-11-09,2024 Q4,682,Importer,Small,384,Fine_Dine_Meat,Wine,19.699315,10.67,210.19,129.24,0.6149,partially_compliant,80.95
INV552965,2024-11-09,2024 Q4,680,Importer,Medium,384,Fine_Dine_Meat,Beer,29.548973,3.0,88.65,88.4,0.9972,compliant,0.25
INV555176,2024-11-09,2024 Q4,686,Importer,Small,388,Fine_Dine_Meat,Wine,33.177942,10.67,354.01,217.67,0.6149,partially_compliant,136.34
INV555177,2024-11-09,2024 Q4,680,Importer,Medium,388,Fine_Dine_Meat,Beer,49.766913,3.0,149.3,148.89,0.9972,compliant,0.41
INV555729,2024-11-09,2024 Q4,680,Importer,Medium,389,Fine_Dine_Meat,Wine,21.805703,10.67,232.67,232.02,0.9972,compliant,0.64
INV556835,2024-11-09,2024 Q4,692,Importer,Large,391,Fine_Dine_Meat,Wine,13.793896,10.67,147.18,106.63,0.7245,partially_compliant,40.55
INV557389,2024-11-09,2024 Q4,692,Importer,Large,392,Fine_Dine_Meat,Beer,27.051628,3.0,81.15,58.8,0.7245,partially_compliant,22.36
INV558494,2024-11-09,2024 Q4,679,Importer,Large,394,Fine_Dine_Meat,Wine,31.095494,10.67,331.79,187.68,0.5657,partially_compliant,144.11
INV559047,2024-11-09,2024 Q4,686,Importer,Small,395,Fine_Dine_Meat,Wine,33.646302,10.67,359.01,220.74,0.6149,partially_compliant,138.26
INV559601,2024-11-09,2024 Q4,685,Importer,Small,396,Fine_Dine_Meat,Beer,67.854603,3.0,203.56,199.44,0.9797,compliant,4.12
INV560154,2024-11-09,2024 Q4,675,Importer,Small,397,Fine_Dine_Meat,Beer,25.444722,3.0,76.33,75.63,0.9907,compliant,0.71
INV561259,2024-11-09,2024 Q4,673,Importer,Medium,399,Fine_Dine_Meat,Wine,41.68617,10.67,444.79,444.79,1.0,compliant,0.0
INV566236,2024-11-09,2024 Q4,681,Importer,Small,408,Fine_Dine_Meat,Wine,48.473645,10.67,517.21,0.0,0.0,non_compliant,517.21
INV567895,2024-11-09,2024 Q4,673,Importer,Medium,411,Fine_Dine_Meat,Wine,18.425657,10.67,196.6,196.6,1.0,compliant,0.0
INV567896,2024-11-09,2024 Q4,673,Importer,Medium,411,Fine_Dine_Meat,Beer,27.638485,3.0,82.92,82.92,1.0,compliant,0.0
INV568448,2024-11-09,2024 Q4,680,Importer,Medium,412,Fine_Dine_Meat,Wine,44.501762,10.67,474.83,473.52,0.9972,compliant,1.31
INV569554,2024-11-09,2024 Q4,689,Importer,Small,414,Fine_Dine_Meat,Wine,43.508342,10.67,464.23,464.23,1.0,compliant,0.0
INV570660,2024-11-09,2024 Q4,680,Importer,Medium,416,Fine_Dine_Meat,Wine,25.430182,10.67,271.34,270.59,0.9972,compliant,0.75
INV571766,2024-11-09,2024 Q4,675,Importer,Small,418,Fine_Dine_Meat,Wine,46.36545,10.67,494.72,490.13,0.9907,compliant,4.59
INV573978,2024-11-09,2024 Q4,673,Importer,Medium,422,Fine_Dine_Meat,Wine,26.204262,10.67,279.6,279.6,1.0,compliant,0.0
INV576743,2024-11-09,2024 Q4,678,Importer,Medium,427,Fine_Dine_Meat,Wine,17.839864,10.67,190.35,110.43,0.5801,partially_compliant,79.92
INV577296,2024-11-09,2024 Q4,689,Importer,Small,428,Fine_Dine_Meat,Wine,19.937436,10.67,212.73,212.73,1.0,compliant,0.0
INV578402,2024-11-09,2024 Q4,685,Importer,Small,430,Fine_Dine_Meat,Wine,26.860471,10.67,286.6,280.8,0.9797,compliant,5.81
INV578955,2024-11-09,2024 Q4,692,Importer,Large,431,Fine_Dine_Meat,Wine,21.177212,10.67,225.96,163.71,0.7245,partially_compliant,62.25
INV579508,2024-11-09,2024 Q4,673,Importer,Medium,432,Fine_Dine_Meat,Wine,35.528385,10.67,379.09,379.09,1.0,compliant,0.0
INV580062,2024-11-09,2024 Q4,679,Importer,Large,433,Fine_Dine_Meat,Beer,29.813843,3.0,89.44,50.59,0.5657,partially_compliant,38.85
INV580615,2024-11-09,2024 Q4,692,Importer,Large,434,Fine_Dine_Meat,Beer,30.631732,3.0,91.9,66.58,0.7245,partially_compliant,25.32
INV581168,2024-11-09,2024 Q4,687,Importer,Medium,435,Fine_Dine_Meat,Beer,42.0077,3.0,126.02,87.86,0.6971,partially_compliant,38.17
INV583932,2024-11-09,2024 Q4,679,Importer,Large,440,Fine_Dine_Meat,Wine,23.16598,10.67,247.18,139.82,0.5657,partially_compliant,107.36
INV583933,2024-11-09,2024 Q4,692,Importer,Large,440,Fine_Dine_Meat,Beer,34.74897,3.0,104.25,75.53,0.7245,partially_compliant,28.72
INV587803,2024-11-09,2024 Q4,686,Importer,Small,447,Fine_Dine_Vegetarian,Wine,34.557597,10.67,368.73,226.72,0.6149,partially_compliant,142.01
INV588356,2024-11-09,2024 Q4,679,Importer,Large,448,Fine_Dine_Vegetarian,Wine,64.847547,10.67,691.92,391.39,0.5657,partially_compliant,300.53
INV588909,2024-11-09,2024 Q4,692,Importer,Large,449,Fine_Dine_Vegetarian,Wine,31.962958,10.67,341.04,247.09,0.7245,partially_compliant,93.96
INV589462,2024-11-09,2024 Q4,680,Importer,Medium,450,Fine_Dine_Vegetarian,Wine,88.467002,10.67,943.94,941.33,0.9972,compliant,2.61
INV591121,2024-11-09,2024 Q4,682,Importer,Small,453,Fine_Dine_Vegetarian,Wine,57.205903,10.67,610.39,375.31,0.6149,partially_compliant,235.07
INV592780,2024-11-09,2024 Q4,675,Importer,Small,456,Fine_Dine_Vegetarian,Wine,26.389471,10.67,281.58,278.97,0.9907,compliant,2.61
INV594439,2024-11-09,2024 Q4,673,Importer,Medium,459,Fine_Dine_Vegetarian,Wine,24.092497,10.67,257.07,257.07,1.0,compliant,0.0
INV596098,2024-11-09,2024 Q4,673,Importer,Medium,462,Fine_Dine_Vegetarian,Wine,23.685458,10.67,252.72,252.72,1.0,compliant,0.0
INV596651,2024-11-09,2024 Q4,690,Importer,Small,463,Fine_Dine_Vegetarian,Wine,55.27615,10.67,589.8,230.77,0.3913,partially_compliant,359.03
INV597204,2024-11-09,2024 Q4,677,Importer,Small,464,Fine_Dine_Vegetarian,Wine,28.454326,10.67,303.61,303.61,1.0,compliant,0.0
INV599969,2024-11-09,2024 Q4,682,Importer,Small,469,Fine_Dine_Vegetarian,Wine,15.167965,10.67,161.84,99.51,0.6149,partially_compliant,62.33
INV601628,2024-11-09,2024 Q4,689,Importer,Small,472,Fine_Dine_Vegetarian,Wine,22.90638,10.67,244.41,244.41,1.0,compliant,0.0
INV603840,2024-11-09,2024 Q4,692,Importer,Large,476,Fine_Dine_Vegetarian,Wine,28.214539,10.67,301.05,218.11,0.7245,partially_compliant,82.94
INV605499,2024-11-09,2024 Q4,673,Importer,Medium,479,Fine_Dine_Vegetarian,Wine,31.943358,10.67,340.84,340.84,1.0,compliant,0.0
INV607711,2024-11-09,2024 Q4,675,Importer,Small,483,Fine_Dine_Vegetarian,Wine,36.769302,10.67,392.33,388.69,0.9907,compliant,3.64
INV609370,2024-11-09,2024 Q4,692,Importer,Large,486,Fine_Dine_Vegetarian,Wine,45.113941,10.67,481.37,348.75,0.7245,partially_compliant,132.61
INV613794,2024-11-09,2024 Q4,686,Importer,Small,494,Fine_Dine_Vegetarian,Wine,23.612458,10.67,251.94,154.92,0.6149,partially_compliant,97.03
INV617112,2024-11-09,2024 Q4,673,Importer,Medium,500,Fine_Dine_Vegetarian,Wine,31.665357,10.67,337.87,337.87,1.0,compliant,0.0
INV402445,2024-11-16,2024 Q4,692,Importer,Large,203,Cafe,Coffee_Beans,24.740081,25.0,618.5,448.11,0.7245,partially_compliant,170.39
INV404183,2024-11-16,2024 Q4,680,Importer,Medium,205,Cafe,Coffee_Beans,4.747196,25.0,118.68,118.35,0.9972,compliant,0.33
INV405921,2024-11-16,2024 Q4,684,Importer,Medium,207,Cafe,Coffee_Beans,6.188918,25.0,154.72,154.72,1.0,compliant,0.0
INV415480,2024-11-16,2024 Q4,677,Importer,Small,218,Cafe,Coffee_Beans,14.709972,25.0,367.75,367.75,1.0,compliant,0.0
INV420694,2024-11-16,2024 Q4,686,Importer,Small,224,Cafe,Coffee_Beans,10.656278,25.0,266.41,163.81,0.6149,partially_compliant,102.6
INV424170,2024-11-16,2024 Q4,677,Importer,Small,228,Cafe,Coffee_Beans,6.4013,25.0,160.03,160.03,1.0,compliant,0.0
INV425908,2024-11-16,2024 Q4,682,Importer,Small,230,Cafe,Coffee_Beans,7.180516,25.0,179.51,110.38,0.6149,partially_compliant,69.13
INV426777,2024-11-16,2024 Q4,681,Importer,Small,231,Cafe,Coffee_Beans,6.414858,25.0,160.37,0.0,0.0,non_compliant,160.37
INV429384,2024-11-16,2024 Q4,673,Importer,Medium,234,Cafe,Coffee_Beans,5.707298,25.0,142.68,142.68,1.0,compliant,0.0
INV430253,2024-11-16,2024 Q4,673,Importer,Medium,235,Cafe,Coffee_Beans,27.029913,25.0,675.75,675.75,1.0,compliant,0.0
INV431991,2024-11-16,2024 Q4,683,Importer,Small,237,Cafe,Coffee_Beans,15.634567,25.0,390.86,387.19,0.9906,compliant,3.67
INV438074,2024-11-16,2024 Q4,682,Importer,Small,244,Cafe,Coffee_Beans,7.278101,25.0,181.95,111.88,0.6149,partially_compliant,70.07
INV439812,2024-11-16,2024 Q4,688,Importer,Small,246,Cafe,Coffee_Beans,7.568554,25.0,189.21,189.21,1.0,compliant,0.0
INV445026,2024-11-16,2024 Q4,675,Importer,Small,252,Cafe,Coffee_Beans,7.077279,25.0,176.93,175.29,0.9907,compliant,1.64
INV448502,2024-11-16,2024 Q4,678,Importer,Medium,256,Cafe,Coffee_Beans,9.478504,25.0,236.96,137.47,0.5801,partially_compliant,99.49
INV449371,2024-11-16,2024 Q4,680,Importer,Medium,257,Cafe,Coffee_Beans,26.100237,25.0,652.51,650.7,0.9972,compliant,1.8
INV454585,2024-11-16,2024 Q4,675,Importer,Small,263,Cafe,Coffee_Beans,5.870366,25.0,146.76,145.4,0.9907,compliant,1.36
INV459799,2024-11-16,2024 Q4,677,Importer,Small,269,Cafe,Coffee_Beans,5.579372,25.0,139.48,139.48,1.0,compliant,0.0
INV464144,2024-11-16,2024 Q4,673,Importer,Medium,274,Cafe,Coffee_Beans,6.289586,25.0,157.24,157.24,1.0,compliant,0.0
INV465013,2024-11-16,2024 Q4,689,Importer,Small,275,Cafe,Coffee_Beans,7.275841,25.0,181.9,181.9,1.0,compliant,0.0
INV465882,2024-11-16,2024 Q4,692,Importer,Large,276,Cafe,Coffee_Beans,6.269544,25.0,156.74,113.56,0.7245,partially_compliant,43.18
INV470227,2024-11-16,2024 Q4,689,Importer,Small,281,Cafe,Coffee_Beans,11.830197,25.0,295.75,295.75,1.0,compliant,0.0
INV475441,2024-11-16,2024 Q4,680,Importer,Medium,287,Cafe,Coffee_Beans,4.262138,25.0,106.55,106.26,0.9972,compliant,0.29
INV478048,2024-11-16,2024 Q4,675,Importer,Small,290,Cafe,Coffee_Beans,5.957234,25.0,148.93,147.55,0.9907,compliant,1.38
INV484131,2024-11-16,2024 Q4,689,Importer,Small,297,Cafe,Coffee_Beans,11.973448,25.0,299.34,299.34,1.0,compliant,0.0
INV485000,2024-11-16,2024 Q4,674,Importer,Small,298,Cafe,Coffee_Beans,7.018061,25.0,175.45,168.74,0.9617,compliant,6.71
INV490214,2024-11-16,2024 Q4,682,Importer,Small,304,Cafe,Coffee_Beans,5.921177,25.0,148.03,91.02,0.6149,partially_compliant,57.01
INV491083,2024-11-16,2024 Q4,682,Importer,Small,305,Cafe,Coffee_Beans,2.924369,25.0,73.11,44.95,0.6149,partially_compliant,28.16
INV496297,2024-11-16,2024 Q4,680,Importer,Medium,311,Cafe,Coffee_Beans,7.100684,25.0,177.52,177.03,0.9972,compliant,0.49
INV497166,2024-11-16,2024 Q4,689,Importer,Small,312,Cafe,Coffee_Beans,6.636715,25.0,165.92,165.92,1.0,compliant,0.0
INV498035,2024-11-16,2024 Q4,682,Importer,Small,313,Cafe,Coffee_Beans,3.468471,25.0,86.71,53.32,0.6149,partially_compliant,33.39
INV502380,2024-11-16,2024 Q4,688,Importer,Small,318,Cafe,Coffee_Beans,30.175092,25.0,754.38,754.38,1.0,compliant,0.0
INV507594,2024-11-16,2024 Q4,692,Importer,Large,324,Cafe,Coffee_Beans,6.311381,25.0,157.78,114.32,0.7245,partially_compliant,43.47
INV515415,2024-11-16,2024 Q4,678,Importer,Medium,333,Cafe,Coffee_Beans,5.479427,25.0,136.99,79.47,0.5801,partially_compliant,57.51
INV518022,2024-11-16,2024 Q4,690,Importer,Small,336,Cafe,Coffee_Beans,5.589044,25.0,139.73,54.67,0.3913,partially_compliant,85.06
INV522367,2024-11-16,2024 Q4,690,Importer,Small,341,Cafe,Coffee_Beans,4.57333,25.0,114.33,44.73,0.3913,partially_compliant,69.6
INV523236,2024-11-16,2024 Q4,686,Importer,Small,342,Cafe,Coffee_Beans,4.045623,25.0,101.14,62.19,0.6149,partially_compliant,38.95
INV524105,2024-11-16,2024 Q4,690,Importer,Small,343,Cafe,Coffee_Beans,12.11842,25.0,302.96,118.54,0.3913,partially_compliant,184.42
INV532795,2024-11-16,2024 Q4,686,Importer,Small,353,Cafe,Coffee_Beans,11.605425,25.0,290.14,178.4,0.6149,partially_compliant,111.74
INV534533,2024-11-16,2024 Q4,678,Importer,Medium,355,Cafe,Coffee_Beans,18.604709,25.0,465.12,269.83,0.5801,partially_compliant,195.28
INV537140,2024-11-16,2024 Q4,679,Importer,Large,358,Cafe,Coffee_Beans,6.631835,25.0,165.8,93.78,0.5657,partially_compliant,72.01
INV542465,2024-11-16,2024 Q4,673,Importer,Medium,365,Fine_Dine_Meat,Beer,32.919513,3.0,98.76,98.76,1.0,compliant,0.0
INV544676,2024-11-16,2024 Q4,692,Importer,Large,369,Fine_Dine_Meat,Wine,22.637605,10.67,241.54,175.0,0.7245,partially_compliant,66.54
INV547441,2024-11-16,2024 Q4,675,Importer,Small,374,Fine_Dine_Meat,Wine,26.395321,10.67,281.64,279.03,0.9907,compliant,2.61
INV547442,2024-11-16,2024 Q4,683,Importer,Small,374,Fine_Dine_Meat,Beer,39.592982,3.0,118.78,117.66,0.9906,compliant,1.12
INV549654,2024-11-16,2024 Q4,679,Importer,Large,378,Fine_Dine_Meat,Beer,28.88599,3.0,86.66,49.02,0.5657,partially_compliant,37.64
INV550206,2024-11-16,2024 Q4,686,Importer,Small,379,Fine_Dine_Meat,Wine,50.788864,10.67,541.92,333.21,0.6149,partially_compliant,208.7
INV551865,2024-11-16,2024 Q4,677,Importer,Small,382,Fine_Dine_Meat,Wine,19.464475,10.67,207.69,207.69,1.0,compliant,0.0
INV552971,2024-11-16,2024 Q4,682,Importer,Small,384,Fine_Dine_Meat,Wine,19.691663,10.67,210.11,129.19,0.6149,partially_compliant,80.92
INV552972,2024-11-16,2024 Q4,680,Importer,Medium,384,Fine_Dine_Meat,Beer,29.537494,3.0,88.61,88.37,0.9972,compliant,0.25
INV555183,2024-11-16,2024 Q4,686,Importer,Small,388,Fine_Dine_Meat,Wine,29.232588,10.67,311.91,191.79,0.6149,partially_compliant,120.12
INV555184,2024-11-16,2024 Q4,680,Importer,Medium,388,Fine_Dine_Meat,Beer,43.848882,3.0,131.55,131.18,0.9972,compliant,0.36
INV555736,2024-11-16,2024 Q4,680,Importer,Medium,389,Fine_Dine_Meat,Wine,21.797232,10.67,232.58,231.93,0.9972,compliant,0.64
INV556842,2024-11-16,2024 Q4,692,Importer,Large,391,Fine_Dine_Meat,Wine,13.788537,10.67,147.12,106.59,0.7245,partially_compliant,40.53
INV557396,2024-11-16,2024 Q4,692,Importer,Large,392,Fine_Dine_Meat,Beer,34.399318,3.0,103.2,74.77,0.7245,partially_compliant,28.43
INV558501,2024-11-16,2024 Q4,679,Importer,Large,394,Fine_Dine_Meat,Wine,31.083415,10.67,331.66,187.61,0.5657,partially_compliant,144.05
INV559054,2024-11-16,2024 Q4,686,Importer,Small,395,Fine_Dine_Meat,Wine,33.633232,10.67,358.87,220.66,0.6149,partially_compliant,138.21
INV559608,2024-11-16,2024 Q4,685,Importer,Small,396,Fine_Dine_Meat,Beer,67.828245,3.0,203.48,199.36,0.9797,compliant,4.12
INV560161,2024-11-16,2024 Q4,675,Importer,Small,397,Fine_Dine_Meat,Beer,21.004088,3.0,63.01,62.43,0.9907,compliant,0.58
INV561266,2024-11-16,2024 Q4,673,Importer,Medium,399,Fine_Dine_Meat,Wine,41.669977,10.67,444.62,444.62,1.0,compliant,0.0
INV566243,2024-11-16,2024 Q4,681,Importer,Small,408,Fine_Dine_Meat,Wine,48.454816,10.67,517.01,0.0,0.0,non_compliant,517.01
INV567902,2024-11-16,2024 Q4,673,Importer,Medium,411,Fine_Dine_Meat,Wine,18.4185,10.67,196.53,196.53,1.0,compliant,0.0
INV567903,2024-11-16,2024 Q4,673,Importer,Medium,411,Fine_Dine_Meat,Beer,27.627749,3.0,82.88,82.88,1.0,compliant,0.0
INV568455,2024-11-16,2024 Q4,680,Importer,Medium,412,Fine_Dine_Meat,Wine,44.484476,10.67,474.65,473.34,0.9972,compliant,1.31
INV569561,2024-11-16,2024 Q4,689,Importer,Small,414,Fine_Dine_Meat,Wine,47.832518,10.67,510.37,510.37,1.0,compliant,0.0
INV570667,2024-11-16,2024 Q4,680,Importer,Medium,416,Fine_Dine_Meat,Wine,25.420303,10.67,271.23,270.48,0.9972,compliant,0.75
INV571773,2024-11-16,2024 Q4,675,Importer,Small,418,Fine_Dine_Meat,Wine,46.347439,10.67,494.53,489.94,0.9907,compliant,4.58
INV573985,2024-11-16,2024 Q4,673,Importer,Medium,422,Fine_Dine_Meat,Wine,26.194083,10.67,279.49,279.49,1.0,compliant,0.0
INV576750,2024-11-16,2024 Q4,678,Importer,Medium,427,Fine_Dine_Meat,Wine,17.832934,10.67,190.28,110.39,0.5801,partially_compliant,79.89
INV577303,2024-11-16,2024 Q4,689,Importer,Small,428,Fine_Dine_Meat,Wine,19.929692,10.67,212.65,212.65,1.0,compliant,0.0
INV578409,2024-11-16,2024 Q4,685,Importer,Small,430,Fine_Dine_Meat,Wine,24.376498,10.67,260.1,254.83,0.9797,compliant,5.27
INV578962,2024-11-16,2024 Q4,692,Importer,Large,431,Fine_Dine_Meat,Wine,21.168985,10.67,225.87,163.65,0.7245,partially_compliant,62.23
INV579515,2024-11-16,2024 Q4,673,Importer,Medium,432,Fine_Dine_Meat,Wine,35.514584,10.67,378.94,378.94,1.0,compliant,0.0
INV580069,2024-11-16,2024 Q4,679,Importer,Large,433,Fine_Dine_Meat,Beer,27.830455,3.0,83.49,47.23,0.5657,partially_compliant,36.26
INV580622,2024-11-16,2024 Q4,692,Importer,Large,434,Fine_Dine_Meat,Beer,30.619833,3.0,91.86,66.55,0.7245,partially_compliant,25.31
INV581175,2024-11-16,2024 Q4,687,Importer,Medium,435,Fine_Dine_Meat,Beer,38.278235,3.0,114.83,80.06,0.6971,partially_compliant,34.78
INV583939,2024-11-16,2024 Q4,679,Importer,Large,440,Fine_Dine_Meat,Wine,23.156981,10.67,247.08,139.77,0.5657,partially_compliant,107.32
INV583940,2024-11-16,2024 Q4,692,Importer,Large,440,Fine_Dine_Meat,Beer,34.735472,3.0,104.21,75.5,0.7245,partially_compliant,28.71
INV587810,2024-11-16,2024 Q4,686,Importer,Small,447,Fine_Dine_Vegetarian,Wine,34.544173,10.67,368.59,226.64,0.6149,partially_compliant,141.95
INV588363,2024-11-16,2024 Q4,679,Importer,Large,448,Fine_Dine_Vegetarian,Wine,64.822357,10.67,691.65,391.24,0.5657,partially_compliant,300.42
INV588916,2024-11-16,2024 Q4,692,Importer,Large,449,Fine_Dine_Vegetarian,Wine,32.360705,10.67,345.29,250.16,0.7245,partially_compliant,95.12
INV589469,2024-11-16,2024 Q4,680,Importer,Medium,450,Fine_Dine_Vegetarian,Wine,88.432637,10.67,943.58,940.97,0.9972,compliant,2.61
INV591128,2024-11-16,2024 Q4,682,Importer,Small,453,Fine_Dine_Vegetarian,Wine,57.183682,10.67,610.15,375.17,0.6149,partially_compliant,234.98
INV592787,2024-11-16,2024 Q4,675,Importer,Small,456,Fine_Dine_Vegetarian,Wine,26.37922,10.67,281.47,278.86,0.9907,compliant,2.61
INV594446,2024-11-16,2024 Q4,673,Importer,Medium,459,Fine_Dine_Vegetarian,Wine,24.083139,10.67,256.97,256.97,1.0,compliant,0.0
INV596105,2024-11-16,2024 Q4,673,Importer,Medium,462,Fine_Dine_Vegetarian,Wine,23.676258,10.67,252.63,252.63,1.0,compliant,0.0
INV596658,2024-11-16,2024 Q4,690,Importer,Small,463,Fine_Dine_Vegetarian,Wine,55.254679,10.67,589.57,230.68,0.3913,partially_compliant,358.89
INV597211,2024-11-16,2024 Q4,677,Importer,Small,464,Fine_Dine_Vegetarian,Wine,28.443273,10.67,303.49,303.49,1.0,compliant,0.0
INV599976,2024-11-16,2024 Q4,682,Importer,Small,469,Fine_Dine_Vegetarian,Wine,15.162073,10.67,161.78,99.47,0.6149,partially_compliant,62.3
INV601635,2024-11-16,2024 Q4,689,Importer,Small,472,Fine_Dine_Vegetarian,Wine,22.897482,10.67,244.32,244.32,1.0,compliant,0.0
INV603847,2024-11-16,2024 Q4,692,Importer,Large,476,Fine_Dine_Vegetarian,Wine,28.203579,10.67,300.93,218.03,0.7245,partially_compliant,82.9
INV605506,2024-11-16,2024 Q4,673,Importer,Medium,479,Fine_Dine_Vegetarian,Wine,29.8503,10.67,318.5,318.5,1.0,compliant,0.0
INV607718,2024-11-16,2024 Q4,675,Importer,Small,483,Fine_Dine_Vegetarian,Wine,29.3987,10.67,313.68,310.78,0.9907,compliant,2.91
INV609377,2024-11-16,2024 Q4,692,Importer,Large,486,Fine_Dine_Vegetarian,Wine,45.096416,10.67,481.18,348.62,0.7245,partially_compliant,132.56
INV613801,2024-11-16,2024 Q4,686,Importer,Small,494,Fine_Dine_Vegetarian,Wine,23.591756,10.67,251.72,154.78,0.6149,partially_compliant,96.94
INV617119,2024-11-16,2024 Q4,673,Importer,Medium,500,Fine_Dine_Vegetarian,Wine,31.653056,10.67,337.74,337.74,1.0,compliant,0.0
INV402456,2024-11-23,2024 Q4,692,Importer,Large,203,Cafe,Coffee_Beans,27.325369,25.0,683.13,494.94,0.7245,partially_compliant,188.2
INV404194,2024-11-23,2024 Q4,680,Importer,Medium,205,Cafe,Coffee_Beans,5.243268,25.0,131.08,130.72,0.9972,compliant,0.36
INV405932,2024-11-23,2024 Q4,684,Importer,Medium,207,Cafe,Coffee_Beans,6.835648,25.0,170.89,170.89,1.0,compliant,0.0
INV415491,2024-11-23,2024 Q4,677,Importer,Small,218,Cafe,Coffee_Beans,16.247134,25.0,406.18,406.18,1.0,compliant,0.0
INV420705,2024-11-23,2024 Q4,686,Importer,Small,224,Cafe,Coffee_Beans,11.579274,25.0,289.48,178.0,0.6149,partially_compliant,111.49
INV424181,2024-11-23,2024 Q4,677,Importer,Small,228,Cafe,Coffee_Beans,7.070223,25.0,176.76,176.76,1.0,compliant,0.0
INV425919,2024-11-23,2024 Q4,682,Importer,Small,230,Cafe,Coffee_Beans,7.930866,25.0,198.27,121.91,0.6149,partially_compliant,76.36
INV426788,2024-11-23,2024 Q4,681,Importer,Small,231,Cafe,Coffee_Beans,7.085197,25.0,177.13,0.0,0.0,non_compliant,177.13
INV429395,2024-11-23,2024 Q4,673,Importer,Medium,234,Cafe,Coffee_Beans,6.303699,25.0,157.59,157.59,1.0,compliant,0.0
INV430264,2024-11-23,2024 Q4,673,Importer,Medium,235,Cafe,Coffee_Beans,29.854484,25.0,746.36,746.36,1.0,compliant,0.0
INV432002,2024-11-23,2024 Q4,683,Importer,Small,237,Cafe,Coffee_Beans,17.268348,25.0,431.71,427.66,0.9906,compliant,4.05
INV438085,2024-11-23,2024 Q4,682,Importer,Small,244,Cafe,Coffee_Beans,8.038648,25.0,200.97,123.57,0.6149,partially_compliant,77.4
INV439823,2024-11-23,2024 Q4,688,Importer,Small,246,Cafe,Coffee_Beans,9.153119,25.0,228.83,228.83,1.0,compliant,0.0
INV445037,2024-11-23,2024 Q4,675,Importer,Small,252,Cafe,Coffee_Beans,7.81684,25.0,195.42,193.61,0.9907,compliant,1.81
INV448513,2024-11-23,2024 Q4,678,Importer,Medium,256,Cafe,Coffee_Beans,10.468989,25.0,261.72,151.84,0.5801,partially_compliant,109.89
INV449382,2024-11-23,2024 Q4,680,Importer,Medium,257,Cafe,Coffee_Beans,28.827658,25.0,720.69,718.7,0.9972,compliant,1.99
INV454596,2024-11-23,2024 Q4,675,Importer,Small,263,Cafe,Coffee_Beans,6.483808,25.0,162.1,160.59,0.9907,compliant,1.5
INV459810,2024-11-23,2024 Q4,677,Importer,Small,269,Cafe,Coffee_Beans,6.162405,25.0,154.06,154.06,1.0,compliant,0.0
INV464155,2024-11-23,2024 Q4,673,Importer,Medium,274,Cafe,Coffee_Beans,6.946835,25.0,173.67,173.67,1.0,compliant,0.0
INV465024,2024-11-23,2024 Q4,689,Importer,Small,275,Cafe,Coffee_Beans,8.036152,25.0,200.9,200.9,1.0,compliant,0.0
INV465893,2024-11-23,2024 Q4,692,Importer,Large,276,Cafe,Coffee_Beans,6.924698,25.0,173.12,125.42,0.7245,partially_compliant,47.69
INV470238,2024-11-23,2024 Q4,689,Importer,Small,281,Cafe,Coffee_Beans,13.066428,25.0,326.66,326.66,1.0,compliant,0.0
INV475452,2024-11-23,2024 Q4,680,Importer,Medium,287,Cafe,Coffee_Beans,3.99514,25.0,99.88,99.6,0.9972,compliant,0.28
INV478059,2024-11-23,2024 Q4,675,Importer,Small,290,Cafe,Coffee_Beans,6.579753,25.0,164.49,162.97,0.9907,compliant,1.52
INV484142,2024-11-23,2024 Q4,689,Importer,Small,297,Cafe,Coffee_Beans,13.993575,25.0,349.84,349.84,1.0,compliant,0.0
INV485011,2024-11-23,2024 Q4,674,Importer,Small,298,Cafe,Coffee_Beans,7.751435,25.0,193.79,186.37,0.9617,compliant,7.42
INV490225,2024-11-23,2024 Q4,682,Importer,Small,304,Cafe,Coffee_Beans,6.539928,25.0,163.5,100.53,0.6149,partially_compliant,62.97
INV491094,2024-11-23,2024 Q4,682,Importer,Small,305,Cafe,Coffee_Beans,3.22996,25.0,80.75,49.65,0.6149,partially_compliant,31.1
INV496308,2024-11-23,2024 Q4,680,Importer,Medium,311,Cafe,Coffee_Beans,7.842691,25.0,196.07,195.53,0.9972,compliant,0.54
INV497177,2024-11-23,2024 Q4,689,Importer,Small,312,Cafe,Coffee_Beans,7.330238,25.0,183.26,183.26,1.0,compliant,0.0
INV498046,2024-11-23,2024 Q4,682,Importer,Small,313,Cafe,Coffee_Beans,3.830919,25.0,95.77,58.89,0.6149,partially_compliant,36.88
INV502391,2024-11-23,2024 Q4,688,Importer,Small,318,Cafe,Coffee_Beans,35.154244,25.0,878.86,878.86,1.0,compliant,0.0
INV507605,2024-11-23,2024 Q4,692,Importer,Large,324,Cafe,Coffee_Beans,6.970908,25.0,174.27,126.26,0.7245,partially_compliant,48.01
INV515426,2024-11-23,2024 Q4,678,Importer,Medium,333,Cafe,Coffee_Beans,6.052016,25.0,151.3,87.78,0.5801,partially_compliant,63.52
INV518033,2024-11-23,2024 Q4,690,Importer,Small,336,Cafe,Coffee_Beans,6.264863,25.0,156.62,61.28,0.3913,partially_compliant,95.34
INV522378,2024-11-23,2024 Q4,690,Importer,Small,341,Cafe,Coffee_Beans,5.051234,25.0,126.28,49.41,0.3913,partially_compliant,76.87
INV523247,2024-11-23,2024 Q4,686,Importer,Small,342,Cafe,Coffee_Beans,4.468382,25.0,111.71,68.69,0.6149,partially_compliant,43.02
INV524116,2024-11-23,2024 Q4,690,Importer,Small,343,Cafe,Coffee_Beans,14.962859,25.0,374.07,146.36,0.3913,partially_compliant,227.71
INV532806,2024-11-23,2024 Q4,686,Importer,Small,353,Cafe,Coffee_Beans,12.818169,25.0,320.45,197.04,0.6149,partially_compliant,123.41
INV534544,2024-11-23,2024 Q4,678,Importer,Medium,355,Cafe,Coffee_Beans,20.548864,25.0,513.72,298.03,0.5801,partially_compliant,215.69
INV537151,2024-11-23,2024 Q4,679,Importer,Large,358,Cafe,Coffee_Beans,7.324849,25.0,183.12,103.58,0.5657,partially_compliant,79.54
INV542472,2024-11-23,2024 Q4,673,Importer,Medium,365,Fine_Dine_Meat,Beer,34.068078,3.0,102.2,102.2,1.0,compliant,0.0
INV544683,2024-11-23,2024 Q4,692,Importer,Large,369,Fine_Dine_Meat,Wine,23.427433,10.67,249.97,181.11,0.7245,partially_compliant,68.87
INV547448,2024-11-23,2024 Q4,675,Importer,Small,374,Fine_Dine_Meat,Wine,27.316257,10.67,291.46,288.76,0.9907,compliant,2.7
INV547449,2024-11-23,2024 Q4,683,Importer,Small,374,Fine_Dine_Meat,Beer,40.974385,3.0,122.92,121.77,0.9906,compliant,1.15
INV549661,2024-11-23,2024 Q4,679,Importer,Large,378,Fine_Dine_Meat,Beer,29.893825,3.0,89.68,50.73,0.5657,partially_compliant,38.95
INV550213,2024-11-23,2024 Q4,686,Importer,Small,379,Fine_Dine_Meat,Wine,52.560892,10.67,560.82,344.84,0.6149,partially_compliant,215.99
INV551872,2024-11-23,2024 Q4,677,Importer,Small,382,Fine_Dine_Meat,Wine,21.179842,10.67,225.99,225.99,1.0,compliant,0.0
INV552978,2024-11-23,2024 Q4,682,Importer,Small,384,Fine_Dine_Meat,Wine,20.378707,10.67,217.44,133.7,0.6149,partially_compliant,83.74
INV552979,2024-11-23,2024 Q4,680,Importer,Medium,384,Fine_Dine_Meat,Beer,30.56806,3.0,91.7,91.45,0.9972,compliant,0.25
INV555190,2024-11-23,2024 Q4,686,Importer,Small,388,Fine_Dine_Meat,Wine,24.077012,10.67,256.9,157.96,0.6149,partially_compliant,98.94
INV555191,2024-11-23,2024 Q4,680,Importer,Medium,388,Fine_Dine_Meat,Beer,36.115518,3.0,108.35,108.05,0.9972,compliant,0.3
INV555743,2024-11-23,2024 Q4,680,Importer,Medium,389,Fine_Dine_Meat,Wine,22.55774,10.67,240.69,240.03,0.9972,compliant,0.67
INV556849,2024-11-23,2024 Q4,692,Importer,Large,391,Fine_Dine_Meat,Wine,14.269621,10.67,152.26,110.31,0.7245,partially_compliant,41.95
INV557403,2024-11-23,2024 Q4,692,Importer,Large,392,Fine_Dine_Meat,Beer,41.204093,3.0,123.61,89.56,0.7245,partially_compliant,34.05
INV558508,2024-11-23,2024 Q4,679,Importer,Large,394,Fine_Dine_Meat,Wine,32.167918,10.67,343.23,194.15,0.5657,partially_compliant,149.08
INV559061,2024-11-23,2024 Q4,686,Importer,Small,395,Fine_Dine_Meat,Wine,34.806698,10.67,371.39,228.36,0.6149,partially_compliant,143.03
INV559615,2024-11-23,2024 Q4,685,Importer,Small,396,Fine_Dine_Meat,Beer,70.194778,3.0,210.58,206.32,0.9797,compliant,4.27
INV560168,2024-11-23,2024 Q4,675,Importer,Small,397,Fine_Dine_Meat,Beer,19.477341,3.0,58.43,57.89,0.9907,compliant,0.54
INV561273,2024-11-23,2024 Q4,673,Importer,Medium,399,Fine_Dine_Meat,Wine,43.123846,10.67,460.13,460.13,1.0,compliant,0.0
INV566250,2024-11-23,2024 Q4,681,Importer,Small,408,Fine_Dine_Meat,Wine,50.145409,10.67,535.05,0.0,0.0,non_compliant,535.05
INV567909,2024-11-23,2024 Q4,673,Importer,Medium,411,Fine_Dine_Meat,Wine,19.061123,10.67,203.38,203.38,1.0,compliant,0.0
INV567910,2024-11-23,2024 Q4,673,Importer,Medium,411,Fine_Dine_Meat,Beer,28.591684,3.0,85.78,85.78,1.0,compliant,0.0
INV568462,2024-11-23,2024 Q4,680,Importer,Medium,412,Fine_Dine_Meat,Wine,46.036543,10.67,491.21,489.85,0.9972,compliant,1.36
INV569568,2024-11-23,2024 Q4,689,Importer,Small,414,Fine_Dine_Meat,Wine,53.314708,10.67,568.87,568.87,1.0,compliant,0.0
INV570674,2024-11-23,2024 Q4,680,Importer,Medium,416,Fine_Dine_Meat,Wine,26.30722,10.67,280.7,279.92,0.9972,compliant,0.78
INV571780,2024-11-23,2024 Q4,675,Importer,Small,418,Fine_Dine_Meat,Wine,47.964506,10.67,511.78,507.04,0.9907,compliant,4.74
INV573992,2024-11-23,2024 Q4,673,Importer,Medium,422,Fine_Dine_Meat,Wine,27.107997,10.67,289.24,289.24,1.0,compliant,0.0
INV576757,2024-11-23,2024 Q4,678,Importer,Medium,427,Fine_Dine_Meat,Wine,18.455127,10.67,196.92,114.24,0.5801,partially_compliant,82.68
INV577310,2024-11-23,2024 Q4,689,Importer,Small,428,Fine_Dine_Meat,Wine,20.62504,10.67,220.07,220.07,1.0,compliant,0.0
INV578416,2024-11-23,2024 Q4,685,Importer,Small,430,Fine_Dine_Meat,Wine,25.226996,10.67,269.17,263.72,0.9797,compliant,5.45
INV578969,2024-11-23,2024 Q4,692,Importer,Large,431,Fine_Dine_Meat,Wine,21.907573,10.67,233.75,169.36,0.7245,partially_compliant,64.4
INV579522,2024-11-23,2024 Q4,673,Importer,Medium,432,Fine_Dine_Meat,Wine,36.753691,10.67,392.16,392.16,1.0,compliant,0.0
INV580076,2024-11-23,2024 Q4,679,Importer,Large,433,Fine_Dine_Meat,Beer,27.297592,3.0,81.89,46.32,0.5657,partially_compliant,35.57
INV580629,2024-11-23,2024 Q4,692,Importer,Large,434,Fine_Dine_Meat,Beer,31.688162,3.0,95.06,68.87,0.7245,partially_compliant,26.19
INV581182,2024-11-23,2024 Q4,687,Importer,Medium,435,Fine_Dine_Meat,Beer,36.886011,3.0,110.66,77.14,0.6971,partially_compliant,33.51
INV583946,2024-11-23,2024 Q4,679,Importer,Large,440,Fine_Dine_Meat,Wine,23.96493,10.67,255.71,144.64,0.5657,partially_compliant,111.06
INV583947,2024-11-23,2024 Q4,692,Importer,Large,440,Fine_Dine_Meat,Beer,35.947395,3.0,107.84,78.13,0.7245,partially_compliant,29.71
INV587817,2024-11-23,2024 Q4,686,Importer,Small,447,Fine_Dine_Vegetarian,Wine,35.749422,10.67,381.45,234.54,0.6149,partially_compliant,146.9
INV588370,2024-11-23,2024 Q4,679,Importer,Large,448,Fine_Dine_Vegetarian,Wine,67.084015,10.67,715.79,404.89,0.5657,partially_compliant,310.9
INV588923,2024-11-23,2024 Q4,692,Importer,Large,449,Fine_Dine_Vegetarian,Wine,34.293456,10.67,365.91,265.11,0.7245,partially_compliant,100.81
INV589476,2024-11-23,2024 Q4,680,Importer,Medium,450,Fine_Dine_Vegetarian,Wine,91.51806,10.67,976.5,973.8,0.9972,compliant,2.7
INV591135,2024-11-23,2024 Q4,682,Importer,Small,453,Fine_Dine_Vegetarian,Wine,59.178825,10.67,631.44,388.26,0.6149,partially_compliant,243.18
INV592794,2024-11-23,2024 Q4,675,Importer,Small,456,Fine_Dine_Vegetarian,Wine,27.299593,10.67,291.29,288.59,0.9907,compliant,2.7
INV594453,2024-11-23,2024 Q4,673,Importer,Medium,459,Fine_Dine_Vegetarian,Wine,24.923402,10.67,265.93,265.93,1.0,compliant,0.0
INV596112,2024-11-23,2024 Q4,673,Importer,Medium,462,Fine_Dine_Vegetarian,Wine,24.502324,10.67,261.44,261.44,1.0,compliant,0.0
INV596665,2024-11-23,2024 Q4,690,Importer,Small,463,Fine_Dine_Vegetarian,Wine,57.182519,10.67,610.14,238.72,0.3913,partially_compliant,371.41
INV597218,2024-11-23,2024 Q4,677,Importer,Small,464,Fine_Dine_Vegetarian,Wine,29.435661,10.67,314.08,314.08,1.0,compliant,0.0
INV599983,2024-11-23,2024 Q4,682,Importer,Small,469,Fine_Dine_Vegetarian,Wine,15.691079,10.67,167.42,102.95,0.6149,partially_compliant,64.48
INV601642,2024-11-23,2024 Q4,689,Importer,Small,472,Fine_Dine_Vegetarian,Wine,23.696377,10.67,252.84,252.84,1.0,compliant,0.0
INV603854,2024-11-23,2024 Q4,692,Importer,Large,476,Fine_Dine_Vegetarian,Wine,29.187605,10.67,311.43,225.63,0.7245,partially_compliant,85.8
INV605513,2024-11-23,2024 Q4,673,Importer,Medium,479,Fine_Dine_Vegetarian,Wine,29.099887,10.67,310.5,310.5,1.0,compliant,0.0
INV607725,2024-11-23,2024 Q4,675,Importer,Small,483,Fine_Dine_Vegetarian,Wine,24.227846,10.67,258.51,256.12,0.9907,compliant,2.4
INV609384,2024-11-23,2024 Q4,692,Importer,Large,486,Fine_Dine_Vegetarian,Wine,46.669834,10.67,497.97,360.78,0.7245,partially_compliant,137.19
INV613808,2024-11-23,2024 Q4,686,Importer,Small,494,Fine_Dine_Vegetarian,Wine,24.404745,10.67,260.4,160.11,0.6149,partially_compliant,100.29
INV617126,2024-11-23,2024 Q4,673,Importer,Medium,500,Fine_Dine_Vegetarian,Wine,32.757434,10.67,349.52,349.52,1.0,compliant,0.0
INV402467,2024-11-30,2024 Q4,692,Importer,Large,203,Cafe,Coffee_Beans,26.965122,25.0,674.13,488.41,0.7245,partially_compliant,185.72
INV404205,2024-11-30,2024 Q4,680,Importer,Medium,205,Cafe,Coffee_Beans,5.068007,25.0,126.7,126.35,0.9972,compliant,0.35
INV405943,2024-11-30,2024 Q4,684,Importer,Medium,207,Cafe,Coffee_Beans,6.705633,25.0,167.64,167.64,1.0,compliant,0.0
INV415502,2024-11-30,2024 Q4,677,Importer,Small,218,Cafe,Coffee_Beans,16.052172,25.0,401.3,401.3,1.0,compliant,0.0
INV420716,2024-11-30,2024 Q4,686,Importer,Small,224,Cafe,Coffee_Beans,10.322555,25.0,258.06,158.68,0.6149,partially_compliant,99.39
INV424192,2024-11-30,2024 Q4,677,Importer,Small,228,Cafe,Coffee_Beans,7.050885,25.0,176.27,176.27,1.0,compliant,0.0
INV425930,2024-11-30,2024 Q4,682,Importer,Small,230,Cafe,Coffee_Beans,7.907926,25.0,197.7,121.56,0.6149,partially_compliant,76.14
INV426799,2024-11-30,2024 Q4,681,Importer,Small,231,Cafe,Coffee_Beans,7.035437,25.0,175.89,0.0,0.0,non_compliant,175.89
INV429406,2024-11-30,2024 Q4,673,Importer,Medium,234,Cafe,Coffee_Beans,6.208579,25.0,155.21,155.21,1.0,compliant,0.0
INV430275,2024-11-30,2024 Q4,673,Importer,Medium,235,Cafe,Coffee_Beans,29.404001,25.0,735.1,735.1,1.0,compliant,0.0
INV432013,2024-11-30,2024 Q4,683,Importer,Small,237,Cafe,Coffee_Beans,17.191187,25.0,429.78,425.74,0.9906,compliant,4.04
INV438096,2024-11-30,2024 Q4,682,Importer,Small,244,Cafe,Coffee_Beans,7.9645,25.0,199.11,122.43,0.6149,partially_compliant,76.68
INV439834,2024-11-30,2024 Q4,688,Importer,Small,246,Cafe,Coffee_Beans,10.251467,25.0,256.29,256.29,1.0,compliant,0.0
INV445048,2024-11-30,2024 Q4,675,Importer,Small,252,Cafe,Coffee_Beans,7.70653,25.0,192.66,190.88,0.9907,compliant,1.79
INV448524,2024-11-30,2024 Q4,678,Importer,Medium,256,Cafe,Coffee_Beans,10.109897,25.0,252.75,146.63,0.5801,partially_compliant,106.12
INV449393,2024-11-30,2024 Q4,680,Importer,Medium,257,Cafe,Coffee_Beans,28.681989,25.0,717.05,715.07,0.9972,compliant,1.98
INV454607,2024-11-30,2024 Q4,675,Importer,Small,263,Cafe,Coffee_Beans,6.478494,25.0,161.96,160.46,0.9907,compliant,1.5
INV459821,2024-11-30,2024 Q4,677,Importer,Small,269,Cafe,Coffee_Beans,6.131227,25.0,153.28,153.28,1.0,compliant,0.0
INV464166,2024-11-30,2024 Q4,673,Importer,Medium,274,Cafe,Coffee_Beans,6.775481,25.0,169.39,169.39,1.0,compliant,0.0
INV465035,2024-11-30,2024 Q4,689,Importer,Small,275,Cafe,Coffee_Beans,7.99185,25.0,199.8,199.8,1.0,compliant,0.0
INV465904,2024-11-30,2024 Q4,692,Importer,Large,276,Cafe,Coffee_Beans,6.840857,25.0,171.02,123.91,0.7245,partially_compliant,47.12
INV470249,2024-11-30,2024 Q4,689,Importer,Small,281,Cafe,Coffee_Beans,12.929687,25.0,323.24,323.24,1.0,compliant,0.0
INV475463,2024-11-30,2024 Q4,680,Importer,Medium,287,Cafe,Coffee_Beans,3.474644,25.0,86.87,86.63,0.9972,compliant,0.24
INV478070,2024-11-30,2024 Q4,675,Importer,Small,290,Cafe,Coffee_Beans,6.578263,25.0,164.46,162.93,0.9907,compliant,1.52
INV484153,2024-11-30,2024 Q4,689,Importer,Small,297,Cafe,Coffee_Beans,13.680756,25.0,342.02,342.02,1.0,compliant,0.0
INV485022,2024-11-30,2024 Q4,674,Importer,Small,298,Cafe,Coffee_Beans,7.709538,25.0,192.74,185.36,0.9617,compliant,7.38
INV490236,2024-11-30,2024 Q4,682,Importer,Small,304,Cafe,Coffee_Beans,6.528302,25.0,163.21,100.35,0.6149,partially_compliant,62.85
INV491105,2024-11-30,2024 Q4,682,Importer,Small,305,Cafe,Coffee_Beans,3.159763,25.0,78.99,48.57,0.6149,partially_compliant,30.42
INV496319,2024-11-30,2024 Q4,680,Importer,Medium,311,Cafe,Coffee_Beans,7.798369,25.0,194.96,194.42,0.9972,compliant,0.54
INV497188,2024-11-30,2024 Q4,689,Importer,Small,312,Cafe,Coffee_Beans,7.113338,25.0,177.83,177.83,1.0,compliant,0.0
INV498057,2024-11-30,2024 Q4,682,Importer,Small,313,Cafe,Coffee_Beans,3.747662,25.0,93.69,57.61,0.6149,partially_compliant,36.08
INV502402,2024-11-30,2024 Q4,688,Importer,Small,318,Cafe,Coffee_Beans,35.157677,25.0,878.94,878.94,1.0,compliant,0.0
INV507616,2024-11-30,2024 Q4,692,Importer,Large,324,Cafe,Coffee_Beans,6.773031,25.0,169.33,122.68,0.7245,partially_compliant,46.65
INV515437,2024-11-30,2024 Q4,678,Importer,Medium,333,Cafe,Coffee_Beans,5.90789,25.0,147.7,85.69,0.5801,partially_compliant,62.01
INV518044,2024-11-30,2024 Q4,690,Importer,Small,336,Cafe,Coffee_Beans,6.503215,25.0,162.58,63.61,0.3913,partially_compliant,98.97
INV522389,2024-11-30,2024 Q4,690,Importer,Small,341,Cafe,Coffee_Beans,5.018698,25.0,125.47,49.09,0.3913,partially_compliant,76.38
INV523258,2024-11-30,2024 Q4,686,Importer,Small,342,Cafe,Coffee_Beans,4.31663,25.0,107.92,66.35,0.6149,partially_compliant,41.56
INV524127,2024-11-30,2024 Q4,690,Importer,Small,343,Cafe,Coffee_Beans,14.390861,25.0,359.77,140.77,0.3913,partially_compliant,219.01
INV532817,2024-11-30,2024 Q4,686,Importer,Small,353,Cafe,Coffee_Beans,12.433608,25.0,310.84,191.13,0.6149,partially_compliant,119.71
INV534555,2024-11-30,2024 Q4,678,Importer,Medium,355,Cafe,Coffee_Beans,20.196394,25.0,504.91,292.92,0.5801,partially_compliant,211.99
INV537162,2024-11-30,2024 Q4,679,Importer,Large,358,Cafe,Coffee_Beans,7.232664,25.0,180.82,102.28,0.5657,partially_compliant,78.54
INV542479,2024-11-30,2024 Q4,673,Importer,Medium,365,Fine_Dine_Meat,Beer,34.218627,3.0,102.66,102.66,1.0,compliant,0.0
INV544690,2024-11-30,2024 Q4,692,Importer,Large,369,Fine_Dine_Meat,Wine,24.176175,10.67,257.96,186.89,0.7245,partially_compliant,71.07
INV547455,2024-11-30,2024 Q4,675,Importer,Small,374,Fine_Dine_Meat,Wine,28.178379,10.67,300.66,297.88,0.9907,compliant,2.79
INV547456,2024-11-30,2024 Q4,683,Importer,Small,374,Fine_Dine_Meat,Beer,42.267569,3.0,126.8,125.61,0.9906,compliant,1.19
INV549668,2024-11-30,2024 Q4,679,Importer,Large,378,Fine_Dine_Meat,Beer,30.629908,3.0,91.89,51.98,0.5657,partially_compliant,39.91
INV550220,2024-11-30,2024 Q4,686,Importer,Small,379,Fine_Dine_Meat,Wine,53.875548,10.67,574.85,353.46,0.6149,partially_compliant,221.39
INV551879,2024-11-30,2024 Q4,677,Importer,Small,382,Fine_Dine_Meat,Wine,22.115168,10.67,235.97,235.97,1.0,compliant,0.0
INV552985,2024-11-30,2024 Q4,682,Importer,Small,384,Fine_Dine_Meat,Wine,20.64828,10.67,220.32,135.47,0.6149,partially_compliant,84.85
INV552986,2024-11-30,2024 Q4,680,Importer,Medium,384,Fine_Dine_Meat,Beer,30.97242,3.0,92.92,92.66,0.9972,compliant,0.26
INV555197,2024-11-30,2024 Q4,686,Importer,Small,388,Fine_Dine_Meat,Wine,19.906012,10.67,212.4,130.6,0.6149,partially_compliant,81.8
INV555198,2024-11-30,2024 Q4,680,Importer,Medium,388,Fine_Dine_Meat,Beer,29.859017,3.0,89.58,89.33,0.9972,compliant,0.25
INV555750,2024-11-30,2024 Q4,680,Importer,Medium,389,Fine_Dine_Meat,Wine,22.687708,10.67,242.08,241.41,0.9972,compliant,0.67
INV556856,2024-11-30,2024 Q4,692,Importer,Large,391,Fine_Dine_Meat,Wine,16.19442,10.67,172.79,125.19,0.7245,partially_compliant,47.6
INV557410,2024-11-30,2024 Q4,692,Importer,Large,392,Fine_Dine_Meat,Beer,40.892981,3.0,122.68,88.88,0.7245,partially_compliant,33.8
INV558515,2024-11-30,2024 Q4,679,Importer,Large,394,Fine_Dine_Meat,Wine,32.178357,10.67,343.34,194.21,0.5657,partially_compliant,149.13
INV559068,2024-11-30,2024 Q4,686,Importer,Small,395,Fine_Dine_Meat,Wine,34.286274,10.67,365.83,224.94,0.6149,partially_compliant,140.89
INV559622,2024-11-30,2024 Q4,685,Importer,Small,396,Fine_Dine_Meat,Beer,70.291342,3.0,210.87,206.6,0.9797,compliant,4.27
INV560175,2024-11-30,2024 Q4,675,Importer,Small,397,Fine_Dine_Meat,Beer,19.736204,3.0,59.21,58.66,0.9907,compliant,0.55
INV561280,2024-11-30,2024 Q4,673,Importer,Medium,399,Fine_Dine_Meat,Wine,44.246583,10.67,472.11,472.11,1.0,compliant,0.0
INV566257,2024-11-30,2024 Q4,681,Importer,Small,408,Fine_Dine_Meat,Wine,51.759207,10.67,552.27,0.0,0.0,non_compliant,552.27
INV567916,2024-11-30,2024 Q4,673,Importer,Medium,411,Fine_Dine_Meat,Wine,19.074366,10.67,203.52,203.52,1.0,compliant,0.0
INV567917,2024-11-30,2024 Q4,673,Importer,Medium,411,Fine_Dine_Meat,Beer,28.61155,3.0,85.83,85.83,1.0,compliant,0.0
INV568469,2024-11-30,2024 Q4,680,Importer,Medium,412,Fine_Dine_Meat,Wine,46.971503,10.67,501.19,499.8,0.9972,compliant,1.39
INV569575,2024-11-30,2024 Q4,689,Importer,Small,414,Fine_Dine_Meat,Wine,53.76112,10.67,573.63,573.63,1.0,compliant,0.0
INV570681,2024-11-30,2024 Q4,680,Importer,Medium,416,Fine_Dine_Meat,Wine,26.864749,10.67,286.65,285.85,0.9972,compliant,0.79
INV571787,2024-11-30,2024 Q4,675,Importer,Small,418,Fine_Dine_Meat,Wine,49.108688,10.67,523.99,519.13,0.9907,compliant,4.86
INV573999,2024-11-30,2024 Q4,673,Importer,Medium,422,Fine_Dine_Meat,Wine,27.748821,10.67,296.08,296.08,1.0,compliant,0.0
INV576764,2024-11-30,2024 Q4,678,Importer,Medium,427,Fine_Dine_Meat,Wine,19.650052,10.67,209.67,121.64,0.5801,partially_compliant,88.03
INV577317,2024-11-30,2024 Q4,689,Importer,Small,428,Fine_Dine_Meat,Wine,21.254002,10.67,226.78,226.78,1.0,compliant,0.0
INV578423,2024-11-30,2024 Q4,685,Importer,Small,430,Fine_Dine_Meat,Wine,25.586957,10.67,273.01,267.48,0.9797,compliant,5.53
INV578976,2024-11-30,2024 Q4,692,Importer,Large,431,Fine_Dine_Meat,Wine,22.014941,10.67,234.9,170.19,0.7245,partially_compliant,64.71
INV579529,2024-11-30,2024 Q4,673,Importer,Medium,432,Fine_Dine_Meat,Wine,38.209094,10.67,407.69,407.69,1.0,compliant,0.0
INV580083,2024-11-30,2024 Q4,679,Importer,Large,433,Fine_Dine_Meat,Beer,26.947188,3.0,80.84,45.73,0.5657,partially_compliant,35.11
INV580636,2024-11-30,2024 Q4,692,Importer,Large,434,Fine_Dine_Meat,Beer,34.604261,3.0,103.81,75.21,0.7245,partially_compliant,28.6
INV581189,2024-11-30,2024 Q4,687,Importer,Medium,435,Fine_Dine_Meat,Beer,39.877015,3.0,119.63,83.4,0.6971,partially_compliant,36.23
INV583953,2024-11-30,2024 Q4,679,Importer,Large,440,Fine_Dine_Meat,Wine,24.488812,10.67,261.3,147.8,0.5657,partially_compliant,113.49
INV583954,2024-11-30,2024 Q4,692,Importer,Large,440,Fine_Dine_Meat,Beer,36.733219,3.0,110.2,79.84,0.7245,partially_compliant,30.36
INV587824,2024-11-30,2024 Q4,686,Importer,Small,447,Fine_Dine_Vegetarian,Wine,36.797696,10.67,392.63,241.42,0.6149,partially_compliant,151.21
INV588377,2024-11-30,2024 Q4,679,Importer,Large,448,Fine_Dine_Vegetarian,Wine,69.200444,10.67,738.37,417.66,0.5657,partially_compliant,320.71
INV588930,2024-11-30,2024 Q4,692,Importer,Large,449,Fine_Dine_Vegetarian,Wine,35.791529,10.67,381.9,276.69,0.7245,partially_compliant,105.21
INV589483,2024-11-30,2024 Q4,680,Importer,Medium,450,Fine_Dine_Vegetarian,Wine,93.777464,10.67,1000.61,997.84,0.9972,compliant,2.77
INV591142,2024-11-30,2024 Q4,682,Importer,Small,453,Fine_Dine_Vegetarian,Wine,60.340939,10.67,643.84,395.88,0.6149,partially_compliant,247.96
INV592801,2024-11-30,2024 Q4,675,Importer,Small,456,Fine_Dine_Vegetarian,Wine,28.086686,10.67,299.68,296.91,0.9907,compliant,2.78
INV594460,2024-11-30,2024 Q4,673,Importer,Medium,459,Fine_Dine_Vegetarian,Wine,24.839001,10.67,265.03,265.03,1.0,compliant,0.0
INV596119,2024-11-30,2024 Q4,673,Importer,Medium,462,Fine_Dine_Vegetarian,Wine,25.209566,10.67,268.99,268.99,1.0,compliant,0.0
INV596672,2024-11-30,2024 Q4,690,Importer,Small,463,Fine_Dine_Vegetarian,Wine,58.875241,10.67,628.2,245.79,0.3913,partially_compliant,382.41
INV597225,2024-11-30,2024 Q4,677,Importer,Small,464,Fine_Dine_Vegetarian,Wine,29.9979,10.67,320.08,320.08,1.0,compliant,0.0
INV599990,2024-11-30,2024 Q4,682,Importer,Small,469,Fine_Dine_Vegetarian,Wine,15.914973,10.67,169.81,104.41,0.6149,partially_compliant,65.4
INV601649,2024-11-30,2024 Q4,689,Importer,Small,472,Fine_Dine_Vegetarian,Wine,23.926365,10.67,255.29,255.29,1.0,compliant,0.0
INV603861,2024-11-30,2024 Q4,692,Importer,Large,476,Fine_Dine_Vegetarian,Wine,30.060981,10.67,320.75,232.39,0.7245,partially_compliant,88.36
INV605520,2024-11-30,2024 Q4,673,Importer,Medium,479,Fine_Dine_Vegetarian,Wine,25.542039,10.67,272.53,272.53,1.0,compliant,0.0
INV607732,2024-11-30,2024 Q4,675,Importer,Small,483,Fine_Dine_Vegetarian,Wine,23.14264,10.67,246.93,244.64,0.9907,compliant,2.29
INV609391,2024-11-30,2024 Q4,692,Importer,Large,486,Fine_Dine_Vegetarian,Wine,47.716505,10.67,509.14,368.87,0.7245,partially_compliant,140.26
INV613815,2024-11-30,2024 Q4,686,Importer,Small,494,Fine_Dine_Vegetarian,Wine,24.658785,10.67,263.11,161.78,0.6149,partially_compliant,101.33
INV617133,2024-11-30,2024 Q4,673,Importer,Medium,500,Fine_Dine_Vegetarian,Wine,33.505808,10.67,357.51,357.51,1.0,compliant,0.0
INV402478,2024-12-07,2024 Q4,692,Importer,Large,203,Cafe,Coffee_Beans,24.107987,25.0,602.7,436.66,0.7245,partially_compliant,166.04
INV404216,2024-12-07,2024 Q4,680,Importer,Medium,205,Cafe,Coffee_Beans,4.514712,25.0,112.87,112.56,0.9972,compliant,0.31
INV405954,2024-12-07,2024 Q4,684,Importer,Medium,207,Cafe,Coffee_Beans,5.988998,25.0,149.72,149.72,1.0,compliant,0.0
INV415513,2024-12-07,2024 Q4,677,Importer,Small,218,Cafe,Coffee_Beans,14.354292,25.0,358.86,358.86,1.0,compliant,0.0
INV420727,2024-12-07,2024 Q4,686,Importer,Small,224,Cafe,Coffee_Beans,7.403227,25.0,185.08,113.8,0.6149,partially_compliant,71.28
INV424203,2024-12-07,2024 Q4,677,Importer,Small,228,Cafe,Coffee_Beans,6.315145,25.0,157.88,157.88,1.0,compliant,0.0
INV425941,2024-12-07,2024 Q4,682,Importer,Small,230,Cafe,Coffee_Beans,7.082567,25.0,177.06,108.87,0.6149,partially_compliant,68.19
INV426810,2024-12-07,2024 Q4,681,Importer,Small,231,Cafe,Coffee_Beans,6.296691,25.0,157.42,0.0,0.0,non_compliant,157.42
INV429417,2024-12-07,2024 Q4,673,Importer,Medium,234,Cafe,Coffee_Beans,5.548893,25.0,138.72,138.72,1.0,compliant,0.0
INV430286,2024-12-07,2024 Q4,673,Importer,Medium,235,Cafe,Coffee_Beans,26.279711,25.0,656.99,656.99,1.0,compliant,0.0
INV432024,2024-12-07,2024 Q4,683,Importer,Small,237,Cafe,Coffee_Beans,15.392787,25.0,384.82,381.21,0.9906,compliant,3.61
INV438107,2024-12-07,2024 Q4,682,Importer,Small,244,Cafe,Coffee_Beans,7.125498,25.0,178.14,109.53,0.6149,partially_compliant,68.6
INV439845,2024-12-07,2024 Q4,688,Importer,Small,246,Cafe,Coffee_Beans,10.915171,25.0,272.88,272.88,1.0,compliant,0.0
INV445059,2024-12-07,2024 Q4,675,Importer,Small,252,Cafe,Coffee_Beans,6.888857,25.0,172.22,170.63,0.9907,compliant,1.6
INV448535,2024-12-07,2024 Q4,678,Importer,Medium,256,Cafe,Coffee_Beans,9.004723,25.0,225.12,130.6,0.5801,partially_compliant,94.52
INV449404,2024-12-07,2024 Q4,680,Importer,Medium,257,Cafe,Coffee_Beans,25.678949,25.0,641.97,640.2,0.9972,compliant,1.78
INV454618,2024-12-07,2024 Q4,675,Importer,Small,263,Cafe,Coffee_Beans,5.80437,25.0,145.11,143.76,0.9907,compliant,1.34
INV459832,2024-12-07,2024 Q4,677,Importer,Small,269,Cafe,Coffee_Beans,5.489273,25.0,137.23,137.23,1.0,compliant,0.0
INV464177,2024-12-07,2024 Q4,673,Importer,Medium,274,Cafe,Coffee_Beans,6.045319,25.0,151.13,151.13,1.0,compliant,0.0
INV465046,2024-12-07,2024 Q4,689,Importer,Small,275,Cafe,Coffee_Beans,7.15453,25.0,178.86,178.86,1.0,compliant,0.0
INV465915,2024-12-07,2024 Q4,692,Importer,Large,276,Cafe,Coffee_Beans,6.117168,25.0,152.93,110.8,0.7245,partially_compliant,42.13
INV470260,2024-12-07,2024 Q4,689,Importer,Small,281,Cafe,Coffee_Beans,11.565157,25.0,289.13,289.13,1.0,compliant,0.0
INV475474,2024-12-07,2024 Q4,680,Importer,Medium,287,Cafe,Coffee_Beans,3.08671,25.0,77.17,76.95,0.9972,compliant,0.21
INV478081,2024-12-07,2024 Q4,675,Importer,Small,290,Cafe,Coffee_Beans,5.89435,25.0,147.36,145.99,0.9907,compliant,1.37
INV484164,2024-12-07,2024 Q4,689,Importer,Small,297,Cafe,Coffee_Beans,11.617831,25.0,290.45,290.45,1.0,compliant,0.0
INV485033,2024-12-07,2024 Q4,674,Importer,Small,298,Cafe,Coffee_Beans,6.901924,25.0,172.55,165.95,0.9617,compliant,6.6
INV490247,2024-12-07,2024 Q4,682,Importer,Small,304,Cafe,Coffee_Beans,5.848044,25.0,146.2,89.9,0.6149,partially_compliant,56.31
INV491116,2024-12-07,2024 Q4,682,Importer,Small,305,Cafe,Coffee_Beans,2.820723,25.0,70.52,43.36,0.6149,partially_compliant,27.16
INV496330,2024-12-07,2024 Q4,680,Importer,Medium,311,Cafe,Coffee_Beans,6.981155,25.0,174.53,174.05,0.9972,compliant,0.48
INV497199,2024-12-07,2024 Q4,689,Importer,Small,312,Cafe,Coffee_Beans,6.341157,25.0,158.53,158.53,1.0,compliant,0.0
INV498068,2024-12-07,2024 Q4,682,Importer,Small,313,Cafe,Coffee_Beans,3.456937,25.0,86.42,53.14,0.6149,partially_compliant,33.28
INV502413,2024-12-07,2024 Q4,688,Importer,Small,318,Cafe,Coffee_Beans,31.263862,25.0,781.6,781.6,1.0,compliant,0.0
INV507627,2024-12-07,2024 Q4,692,Importer,Large,324,Cafe,Coffee_Beans,6.039102,25.0,150.98,109.38,0.7245,partially_compliant,41.59
INV515448,2024-12-07,2024 Q4,678,Importer,Medium,333,Cafe,Coffee_Beans,5.272026,25.0,131.8,76.46,0.5801,partially_compliant,55.34
INV518055,2024-12-07,2024 Q4,690,Importer,Small,336,Cafe,Coffee_Beans,6.417961,25.0,160.45,62.78,0.3913,partially_compliant,97.67
INV522400,2024-12-07,2024 Q4,690,Importer,Small,341,Cafe,Coffee_Beans,4.492166,25.0,112.3,43.94,0.3913,partially_compliant,68.36
INV523269,2024-12-07,2024 Q4,686,Importer,Small,342,Cafe,Coffee_Beans,3.844991,25.0,96.12,59.1,0.6149,partially_compliant,37.02
INV524138,2024-12-07,2024 Q4,690,Importer,Small,343,Cafe,Coffee_Beans,11.109338,25.0,277.73,108.67,0.3913,partially_compliant,169.07
INV532828,2024-12-07,2024 Q4,686,Importer,Small,353,Cafe,Coffee_Beans,11.083066,25.0,277.08,170.37,0.6149,partially_compliant,106.71
INV534566,2024-12-07,2024 Q4,678,Importer,Medium,355,Cafe,Coffee_Beans,18.043921,25.0,451.1,261.7,0.5801,partially_compliant,189.4
INV537173,2024-12-07,2024 Q4,679,Importer,Large,358,Cafe,Coffee_Beans,6.466989,25.0,161.67,91.45,0.5657,partially_compliant,70.22
INV542486,2024-12-07,2024 Q4,673,Importer,Medium,365,Fine_Dine_Meat,Beer,33.041728,3.0,99.13,99.13,1.0,compliant,0.0
INV544697,2024-12-07,2024 Q4,692,Importer,Large,369,Fine_Dine_Meat,Wine,23.44594,10.67,250.17,181.25,0.7245,partially_compliant,68.92
INV547462,2024-12-07,2024 Q4,675,Importer,Small,374,Fine_Dine_Meat,Wine,27.325593,10.67,291.56,288.86,0.9907,compliant,2.7
INV547463,2024-12-07,2024 Q4,683,Importer,Small,374,Fine_Dine_Meat,Beer,40.98839,3.0,122.97,121.81,0.9906,compliant,1.15
INV549675,2024-12-07,2024 Q4,679,Importer,Large,378,Fine_Dine_Meat,Beer,29.671235,3.0,89.01,50.35,0.5657,partially_compliant,38.66
INV550227,2024-12-07,2024 Q4,686,Importer,Small,379,Fine_Dine_Meat,Wine,52.192463,10.67,556.89,342.42,0.6149,partially_compliant,214.47
INV551886,2024-12-07,2024 Q4,677,Importer,Small,382,Fine_Dine_Meat,Wine,21.636519,10.67,230.86,230.86,1.0,compliant,0.0
INV552992,2024-12-07,2024 Q4,682,Importer,Small,384,Fine_Dine_Meat,Wine,19.966289,10.67,213.04,130.99,0.6149,partially_compliant,82.05
INV552993,2024-12-07,2024 Q4,680,Importer,Medium,384,Fine_Dine_Meat,Beer,29.949434,3.0,89.85,89.6,0.9972,compliant,0.25
INV555204,2024-12-07,2024 Q4,686,Importer,Small,388,Fine_Dine_Meat,Wine,16.321086,10.67,174.15,107.08,0.6149,partially_compliant,67.07
INV555205,2024-12-07,2024 Q4,680,Importer,Medium,388,Fine_Dine_Meat,Beer,24.481629,3.0,73.44,73.24,0.9972,compliant,0.2
INV555757,2024-12-07,2024 Q4,680,Importer,Medium,389,Fine_Dine_Meat,Wine,21.91215,10.67,233.8,233.16,0.9972,compliant,0.65
INV556863,2024-12-07,2024 Q4,692,Importer,Large,391,Fine_Dine_Meat,Wine,15.929644,10.67,169.97,123.14,0.7245,partially_compliant,46.83
INV557417,2024-12-07,2024 Q4,692,Importer,Large,392,Fine_Dine_Meat,Beer,32.815775,3.0,98.45,71.33,0.7245,partially_compliant,27.12
INV558522,2024-12-07,2024 Q4,679,Importer,Large,394,Fine_Dine_Meat,Wine,31.050957,10.67,331.31,187.41,0.5657,partially_compliant,143.9
INV559075,2024-12-07,2024 Q4,686,Importer,Small,395,Fine_Dine_Meat,Wine,33.001224,10.67,352.12,216.51,0.6149,partially_compliant,135.61
INV559629,2024-12-07,2024 Q4,685,Importer,Small,396,Fine_Dine_Meat,Beer,67.840245,3.0,203.52,199.4,0.9797,compliant,4.12
INV560182,2024-12-07,2024 Q4,675,Importer,Small,397,Fine_Dine_Meat,Beer,19.087489,3.0,57.26,56.73,0.9907,compliant,0.53
INV561287,2024-12-07,2024 Q4,673,Importer,Medium,399,Fine_Dine_Meat,Wine,42.871094,10.67,457.43,457.43,1.0,compliant,0.0
INV566264,2024-12-07,2024 Q4,681,Importer,Small,408,Fine_Dine_Meat,Wine,50.197537,10.67,535.61,0.0,0.0,non_compliant,535.61
INV567923,2024-12-07,2024 Q4,673,Importer,Medium,411,Fine_Dine_Meat,Wine,18.40719,10.67,196.4,196.4,1.0,compliant,0.0
INV567924,2024-12-07,2024 Q4,673,Importer,Medium,411,Fine_Dine_Meat,Beer,27.610785,3.0,82.83,82.83,1.0,compliant,0.0
INV568476,2024-12-07,2024 Q4,680,Importer,Medium,412,Fine_Dine_Meat,Wine,45.470803,10.67,485.17,483.83,0.9972,compliant,1.34
INV569582,2024-12-07,2024 Q4,689,Importer,Small,414,Fine_Dine_Meat,Wine,47.226692,10.67,503.91,503.91,1.0,compliant,0.0
INV570688,2024-12-07,2024 Q4,680,Importer,Medium,416,Fine_Dine_Meat,Wine,26.010036,10.67,277.53,276.76,0.9972,compliant,0.77
INV571794,2024-12-07,2024 Q4,675,Importer,Small,418,Fine_Dine_Meat,Wine,47.565984,10.67,507.53,502.83,0.9907,compliant,4.7
INV574006,2024-12-07,2024 Q4,673,Importer,Medium,422,Fine_Dine_Meat,Wine,26.87622,10.67,286.77,286.77,1.0,compliant,0.0
INV576771,2024-12-07,2024 Q4,678,Importer,Medium,427,Fine_Dine_Meat,Wine,19.148966,10.67,204.32,118.53,0.5801,partially_compliant,85.79
INV577324,2024-12-07,2024 Q4,689,Importer,Small,428,Fine_Dine_Meat,Wine,20.607415,10.67,219.88,219.88,1.0,compliant,0.0
INV578430,2024-12-07,2024 Q4,685,Importer,Small,430,Fine_Dine_Meat,Wine,24.745931,10.67,264.04,258.69,0.9797,compliant,5.35
INV578983,2024-12-07,2024 Q4,692,Importer,Large,431,Fine_Dine_Meat,Wine,21.259427,10.67,226.84,164.35,0.7245,partially_compliant,62.49
INV579536,2024-12-07,2024 Q4,673,Importer,Medium,432,Fine_Dine_Meat,Wine,37.097888,10.67,395.83,395.83,1.0,compliant,0.0
INV580090,2024-12-07,2024 Q4,679,Importer,Large,433,Fine_Dine_Meat,Beer,25.973722,3.0,77.92,44.08,0.5657,partially_compliant,33.84
INV580643,2024-12-07,2024 Q4,692,Importer,Large,434,Fine_Dine_Meat,Beer,33.849814,3.0,101.55,73.57,0.7245,partially_compliant,27.98
INV581196,2024-12-07,2024 Q4,687,Importer,Medium,435,Fine_Dine_Meat,Beer,45.546921,3.0,136.64,95.26,0.6971,partially_compliant,41.38
INV583960,2024-12-07,2024 Q4,679,Importer,Large,440,Fine_Dine_Meat,Wine,23.712159,10.67,253.01,143.12,0.5657,partially_compliant,109.89
INV583961,2024-12-07,2024 Q4,692,Importer,Large,440,Fine_Dine_Meat,Beer,35.568239,3.0,106.7,77.31,0.7245,partially_compliant,29.4
INV587831,2024-12-07,2024 Q4,686,Importer,Small,447,Fine_Dine_Vegetarian,Wine,35.671829,10.67,380.62,234.03,0.6149,partially_compliant,146.58
INV588384,2024-12-07,2024 Q4,679,Importer,Large,448,Fine_Dine_Vegetarian,Wine,67.106051,10.67,716.02,405.02,0.5657,partially_compliant,311.0
INV588937,2024-12-07,2024 Q4,692,Importer,Large,449,Fine_Dine_Vegetarian,Wine,35.858175,10.67,382.61,277.2,0.7245,partially_compliant,105.41
INV589490,2024-12-07,2024 Q4,680,Importer,Medium,450,Fine_Dine_Vegetarian,Wine,90.843273,10.67,969.3,966.62,0.9972,compliant,2.68
INV591149,2024-12-07,2024 Q4,682,Importer,Small,453,Fine_Dine_Vegetarian,Wine,58.406954,10.67,623.2,383.19,0.6149,partially_compliant,240.01
INV592808,2024-12-07,2024 Q4,675,Importer,Small,456,Fine_Dine_Vegetarian,Wine,27.225288,10.67,290.49,287.8,0.9907,compliant,2.69
INV594467,2024-12-07,2024 Q4,673,Importer,Medium,459,Fine_Dine_Vegetarian,Wine,23.954167,10.67,255.59,255.59,1.0,compliant,0.0
INV596126,2024-12-07,2024 Q4,673,Importer,Medium,462,Fine_Dine_Vegetarian,Wine,24.43653,10.67,260.74,260.74,1.0,compliant,0.0
INV596679,2024-12-07,2024 Q4,690,Importer,Small,463,Fine_Dine_Vegetarian,Wine,57.076333,10.67,609.0,238.28,0.3913,partially_compliant,370.72
INV597232,2024-12-07,2024 Q4,677,Importer,Small,464,Fine_Dine_Vegetarian,Wine,29.033995,10.67,309.79,309.79,1.0,compliant,0.0
INV599997,2024-12-07,2024 Q4,682,Importer,Small,469,Fine_Dine_Vegetarian,Wine,15.391859,10.67,164.23,100.98,0.6149,partially_compliant,63.25
INV601656,2024-12-07,2024 Q4,689,Importer,Small,472,Fine_Dine_Vegetarian,Wine,23.123115,10.67,246.72,246.72,1.0,compliant,0.0
INV603868,2024-12-07,2024 Q4,692,Importer,Large,476,Fine_Dine_Vegetarian,Wine,29.143914,10.67,310.97,225.3,0.7245,partially_compliant,85.67
INV605527,2024-12-07,2024 Q4,673,Importer,Medium,479,Fine_Dine_Vegetarian,Wine,18.327563,10.67,195.56,195.56,1.0,compliant,0.0
INV607739,2024-12-07,2024 Q4,675,Importer,Small,483,Fine_Dine_Vegetarian,Wine,25.760054,10.67,274.86,272.31,0.9907,compliant,2.55
INV609398,2024-12-07,2024 Q4,692,Importer,Large,486,Fine_Dine_Vegetarian,Wine,46.207276,10.67,493.03,357.2,0.7245,partially_compliant,135.83
INV613822,2024-12-07,2024 Q4,686,Importer,Small,494,Fine_Dine_Vegetarian,Wine,23.661146,10.67,252.46,155.23,0.6149,partially_compliant,97.23
INV617140,2024-12-07,2024 Q4,673,Importer,Medium,500,Fine_Dine_Vegetarian,Wine,32.448165,10.67,346.22,346.22,1.0,compliant,0.0
INV402489,2024-12-14,2024 Q4,692,Importer,Large,203,Cafe,Coffee_Beans,23.573248,25.0,589.33,426.97,0.7245,partially_compliant,162.36
INV404227,2024-12-14,2024 Q4,680,Importer,Medium,205,Cafe,Coffee_Beans,4.414571,25.0,110.36,110.06,0.9972,compliant,0.31
INV405965,2024-12-14,2024 Q4,684,Importer,Medium,207,Cafe,Coffee_Beans,5.856156,25.0,146.4,146.4,1.0,compliant,0.0
INV415524,2024-12-14,2024 Q4,677,Importer,Small,218,Cafe,Coffee_Beans,14.035899,25.0,350.9,350.9,1.0,compliant,0.0
INV420738,2024-12-14,2024 Q4,686,Importer,Small,224,Cafe,Coffee_Beans,5.710957,25.0,142.77,87.79,0.6149,partially_compliant,54.99
INV424214,2024-12-14,2024 Q4,677,Importer,Small,228,Cafe,Coffee_Beans,6.175069,25.0,154.38,154.38,1.0,compliant,0.0
INV425952,2024-12-14,2024 Q4,682,Importer,Small,230,Cafe,Coffee_Beans,6.925469,25.0,173.14,106.46,0.6149,partially_compliant,66.68
INV426821,2024-12-14,2024 Q4,681,Importer,Small,231,Cafe,Coffee_Beans,6.157024,25.0,153.93,0.0,0.0,non_compliant,153.93
INV429428,2024-12-14,2024 Q4,673,Importer,Medium,234,Cafe,Coffee_Beans,5.425813,25.0,135.65,135.65,1.0,compliant,0.0
INV430297,2024-12-14,2024 Q4,673,Importer,Medium,235,Cafe,Coffee_Beans,25.696801,25.0,642.42,642.42,1.0,compliant,0.0
INV432035,2024-12-14,2024 Q4,683,Importer,Small,237,Cafe,Coffee_Beans,15.05136,25.0,376.28,372.75,0.9906,compliant,3.53
INV438118,2024-12-14,2024 Q4,682,Importer,Small,244,Cafe,Coffee_Beans,6.967447,25.0,174.19,107.1,0.6149,partially_compliant,67.08
INV439856,2024-12-14,2024 Q4,688,Importer,Small,246,Cafe,Coffee_Beans,11.181846,25.0,279.55,279.55,1.0,compliant,0.0
INV445070,2024-12-14,2024 Q4,675,Importer,Small,252,Cafe,Coffee_Beans,6.736055,25.0,168.4,166.84,0.9907,compliant,1.56
INV448546,2024-12-14,2024 Q4,678,Importer,Medium,256,Cafe,Coffee_Beans,8.80499,25.0,220.12,127.7,0.5801,partially_compliant,92.42
INV449415,2024-12-14,2024 Q4,680,Importer,Medium,257,Cafe,Coffee_Beans,25.109365,25.0,627.73,626.0,0.9972,compliant,1.74
INV454629,2024-12-14,2024 Q4,675,Importer,Small,263,Cafe,Coffee_Beans,5.675623,25.0,141.89,140.58,0.9907,compliant,1.32
INV459843,2024-12-14,2024 Q4,677,Importer,Small,269,Cafe,Coffee_Beans,5.367516,25.0,134.19,134.19,1.0,compliant,0.0
INV464188,2024-12-14,2024 Q4,673,Importer,Medium,274,Cafe,Coffee_Beans,5.911228,25.0,147.78,147.78,1.0,compliant,0.0
INV465057,2024-12-14,2024 Q4,689,Importer,Small,275,Cafe,Coffee_Beans,6.995836,25.0,174.9,174.9,1.0,compliant,0.0
INV465926,2024-12-14,2024 Q4,692,Importer,Large,276,Cafe,Coffee_Beans,5.981483,25.0,149.54,108.34,0.7245,partially_compliant,41.2
INV470271,2024-12-14,2024 Q4,689,Importer,Small,281,Cafe,Coffee_Beans,11.308631,25.0,282.72,282.72,1.0,compliant,0.0
INV475485,2024-12-14,2024 Q4,680,Importer,Medium,287,Cafe,Coffee_Beans,3.018244,25.0,75.46,75.25,0.9972,compliant,0.21
INV478092,2024-12-14,2024 Q4,675,Importer,Small,290,Cafe,Coffee_Beans,5.763607,25.0,144.09,142.75,0.9907,compliant,1.34
INV484175,2024-12-14,2024 Q4,689,Importer,Small,297,Cafe,Coffee_Beans,10.953604,25.0,273.84,273.84,1.0,compliant,0.0
INV485044,2024-12-14,2024 Q4,674,Importer,Small,298,Cafe,Coffee_Beans,6.748833,25.0,168.72,162.26,0.9617,compliant,6.46
INV490258,2024-12-14,2024 Q4,682,Importer,Small,304,Cafe,Coffee_Beans,5.718329,25.0,142.96,87.9,0.6149,partially_compliant,55.06
INV491127,2024-12-14,2024 Q4,682,Importer,Small,305,Cafe,Coffee_Beans,2.944544,25.0,73.61,45.26,0.6149,partially_compliant,28.35
INV496341,2024-12-14,2024 Q4,680,Importer,Medium,311,Cafe,Coffee_Beans,6.826306,25.0,170.66,170.19,0.9972,compliant,0.47
INV497210,2024-12-14,2024 Q4,689,Importer,Small,312,Cafe,Coffee_Beans,6.200504,25.0,155.01,155.01,1.0,compliant,0.0
INV498079,2024-12-14,2024 Q4,682,Importer,Small,313,Cafe,Coffee_Beans,4.032199,25.0,100.8,61.98,0.6149,partially_compliant,38.82
INV502424,2024-12-14,2024 Q4,688,Importer,Small,318,Cafe,Coffee_Beans,30.48002,25.0,762.0,762.0,1.0,compliant,0.0
INV507638,2024-12-14,2024 Q4,692,Importer,Large,324,Cafe,Coffee_Beans,5.905149,25.0,147.63,106.96,0.7245,partially_compliant,40.67
INV515459,2024-12-14,2024 Q4,678,Importer,Medium,333,Cafe,Coffee_Beans,5.155087,25.0,128.88,74.77,0.5801,partially_compliant,54.11
INV518066,2024-12-14,2024 Q4,690,Importer,Small,336,Cafe,Coffee_Beans,6.726864,25.0,168.17,65.8,0.3913,partially_compliant,102.37
INV522411,2024-12-14,2024 Q4,690,Importer,Small,341,Cafe,Coffee_Beans,4.392525,25.0,109.81,42.97,0.3913,partially_compliant,66.85
INV523280,2024-12-14,2024 Q4,686,Importer,Small,342,Cafe,Coffee_Beans,3.759706,25.0,93.99,57.79,0.6149,partially_compliant,36.2
INV524149,2024-12-14,2024 Q4,690,Importer,Small,343,Cafe,Coffee_Beans,9.602862,25.0,240.07,93.93,0.3913,partially_compliant,146.14
INV532839,2024-12-14,2024 Q4,686,Importer,Small,353,Cafe,Coffee_Beans,10.837233,25.0,270.93,166.59,0.6149,partially_compliant,104.34
INV534577,2024-12-14,2024 Q4,678,Importer,Medium,355,Cafe,Coffee_Beans,17.643689,25.0,441.09,255.9,0.5801,partially_compliant,185.2
INV537184,2024-12-14,2024 Q4,679,Importer,Large,358,Cafe,Coffee_Beans,6.323544,25.0,158.09,89.42,0.5657,partially_compliant,68.66
INV542493,2024-12-14,2024 Q4,673,Importer,Medium,365,Fine_Dine_Meat,Beer,32.346073,3.0,97.04,97.04,1.0,compliant,0.0
INV544704,2024-12-14,2024 Q4,692,Importer,Large,369,Fine_Dine_Meat,Wine,22.952314,10.67,244.9,177.43,0.7245,partially_compliant,67.47
INV547469,2024-12-14,2024 Q4,675,Importer,Small,374,Fine_Dine_Meat,Wine,26.750285,10.67,285.43,282.78,0.9907,compliant,2.65
INV547470,2024-12-14,2024 Q4,683,Importer,Small,374,Fine_Dine_Meat,Beer,40.125428,3.0,120.38,119.25,0.9906,compliant,1.13
INV549682,2024-12-14,2024 Q4,679,Importer,Large,378,Fine_Dine_Meat,Beer,29.046543,3.0,87.14,49.29,0.5657,partially_compliant,37.85
INV550234,2024-12-14,2024 Q4,686,Importer,Small,379,Fine_Dine_Meat,Wine,51.093613,10.67,545.17,335.21,0.6149,partially_compliant,209.96
INV551893,2024-12-14,2024 Q4,677,Importer,Small,382,Fine_Dine_Meat,Wine,21.377933,10.67,228.1,228.1,1.0,compliant,0.0
INV552999,2024-12-14,2024 Q4,682,Importer,Small,384,Fine_Dine_Meat,Wine,19.545923,10.67,208.55,128.24,0.6149,partially_compliant,80.32
INV553000,2024-12-14,2024 Q4,680,Importer,Medium,384,Fine_Dine_Meat,Beer,29.318884,3.0,87.96,87.71,0.9972,compliant,0.24
INV555211,2024-12-14,2024 Q4,686,Importer,Small,388,Fine_Dine_Meat,Wine,13.601879,10.67,145.13,89.24,0.6149,partially_compliant,55.89
INV555212,2024-12-14,2024 Q4,680,Importer,Medium,388,Fine_Dine_Meat,Beer,20.402819,3.0,61.21,61.04,0.9972,compliant,0.17
INV555764,2024-12-14,2024 Q4,680,Importer,Medium,389,Fine_Dine_Meat,Wine,21.450816,10.67,228.88,228.25,0.9972,compliant,0.63
INV556870,2024-12-14,2024 Q4,692,Importer,Large,391,Fine_Dine_Meat,Wine,15.594264,10.67,166.39,120.55,0.7245,partially_compliant,45.84
INV557424,2024-12-14,2024 Q4,692,Importer,Large,392,Fine_Dine_Meat,Beer,27.252327,3.0,81.76,59.23,0.7245,partially_compliant,22.52
INV558529,2024-12-14,2024 Q4,679,Importer,Large,394,Fine_Dine_Meat,Wine,30.397216,10.67,324.34,183.46,0.5657,partially_compliant,140.87
INV559082,2024-12-14,2024 Q4,686,Importer,Small,395,Fine_Dine_Meat,Wine,32.306423,10.67,344.71,211.95,0.6149,partially_compliant,132.76
INV559636,2024-12-14,2024 Q4,685,Importer,Small,396,Fine_Dine_Meat,Beer,66.411949,3.0,199.24,195.2,0.9797,compliant,4.04
INV560189,2024-12-14,2024 Q4,675,Importer,Small,397,Fine_Dine_Meat,Beer,18.685624,3.0,56.06,55.54,0.9907,compliant,0.52
INV561294,2024-12-14,2024 Q4,673,Importer,Medium,399,Fine_Dine_Meat,Wine,41.968494,10.67,447.8,447.8,1.0,compliant,0.0
INV566271,2024-12-14,2024 Q4,681,Importer,Small,408,Fine_Dine_Meat,Wine,49.140688,10.67,524.33,0.0,0.0,non_compliant,524.33
INV567930,2024-12-14,2024 Q4,673,Importer,Medium,411,Fine_Dine_Meat,Wine,18.019648,10.67,192.27,192.27,1.0,compliant,0.0
INV567931,2024-12-14,2024 Q4,673,Importer,Medium,411,Fine_Dine_Meat,Beer,27.029472,3.0,81.09,81.09,1.0,compliant,0.0
INV568483,2024-12-14,2024 Q4,680,Importer,Medium,412,Fine_Dine_Meat,Wine,44.513469,10.67,474.96,473.65,0.9972,compliant,1.31
INV569589,2024-12-14,2024 Q4,689,Importer,Small,414,Fine_Dine_Meat,Wine,42.251151,10.67,450.82,450.82,1.0,compliant,0.0
INV570695,2024-12-14,2024 Q4,680,Importer,Medium,416,Fine_Dine_Meat,Wine,25.462425,10.67,271.68,270.93,0.9972,compliant,0.75
INV571801,2024-12-14,2024 Q4,675,Importer,Small,418,Fine_Dine_Meat,Wine,46.564538,10.67,496.84,492.24,0.9907,compliant,4.6
INV574013,2024-12-14,2024 Q4,673,Importer,Medium,422,Fine_Dine_Meat,Wine,26.310373,10.67,280.73,280.73,1.0,compliant,0.0
INV576778,2024-12-14,2024 Q4,678,Importer,Medium,427,Fine_Dine_Meat,Wine,18.745807,10.67,200.02,116.04,0.5801,partially_compliant,83.98
INV577331,2024-12-14,2024 Q4,689,Importer,Small,428,Fine_Dine_Meat,Wine,20.17355,10.67,215.25,215.25,1.0,compliant,0.0
INV578437,2024-12-14,2024 Q4,685,Importer,Small,430,Fine_Dine_Meat,Wine,24.224935,10.67,258.48,253.24,0.9797,compliant,5.24
INV578990,2024-12-14,2024 Q4,692,Importer,Large,431,Fine_Dine_Meat,Wine,20.811835,10.67,222.06,160.89,0.7245,partially_compliant,61.18
INV579543,2024-12-14,2024 Q4,673,Importer,Medium,432,Fine_Dine_Meat,Wine,36.316836,10.67,387.5,387.5,1.0,compliant,0.0
INV580097,2024-12-14,2024 Q4,679,Importer,Large,433,Fine_Dine_Meat,Beer,25.363304,3.0,76.09,43.04,0.5657,partially_compliant,33.05
INV580650,2024-12-14,2024 Q4,692,Importer,Large,434,Fine_Dine_Meat,Beer,33.137146,3.0,99.41,72.02,0.7245,partially_compliant,27.39
INV581203,2024-12-14,2024 Q4,687,Importer,Medium,435,Fine_Dine_Meat,Beer,49.459457,3.0,148.38,103.44,0.6971,partially_compliant,44.94
INV583967,2024-12-14,2024 Q4,679,Importer,Large,440,Fine_Dine_Meat,Wine,23.212928,10.67,247.68,140.1,0.5657,partially_compliant,107.58
INV583968,2024-12-14,2024 Q4,692,Importer,Large,440,Fine_Dine_Meat,Beer,34.819392,3.0,104.46,75.68,0.7245,partially_compliant,28.78
INV587838,2024-12-14,2024 Q4,686,Importer,Small,447,Fine_Dine_Vegetarian,Wine,34.920801,10.67,372.6,229.11,0.6149,partially_compliant,143.5
INV588391,2024-12-14,2024 Q4,679,Importer,Large,448,Fine_Dine_Vegetarian,Wine,65.693213,10.67,700.95,396.5,0.5657,partially_compliant,304.45
INV588944,2024-12-14,2024 Q4,692,Importer,Large,449,Fine_Dine_Vegetarian,Wine,36.0578,10.67,384.74,278.74,0.7245,partially_compliant,105.99
INV589497,2024-12-14,2024 Q4,680,Importer,Medium,450,Fine_Dine_Vegetarian,Wine,88.930676,10.67,948.89,946.27,0.9972,compliant,2.62
INV591156,2024-12-14,2024 Q4,682,Importer,Small,453,Fine_Dine_Vegetarian,Wine,57.177265,10.67,610.08,375.13,0.6149,partially_compliant,234.95
INV592815,2024-12-14,2024 Q4,675,Importer,Small,456,Fine_Dine_Vegetarian,Wine,26.652092,10.67,284.38,281.74,0.9907,compliant,2.64
INV594474,2024-12-14,2024 Q4,673,Importer,Medium,459,Fine_Dine_Vegetarian,Wine,23.44984,10.67,250.21,250.21,1.0,compliant,0.0
INV596133,2024-12-14,2024 Q4,673,Importer,Medium,462,Fine_Dine_Vegetarian,Wine,23.922048,10.67,255.25,255.25,1.0,compliant,0.0
INV596686,2024-12-14,2024 Q4,690,Importer,Small,463,Fine_Dine_Vegetarian,Wine,55.874658,10.67,596.18,233.26,0.3913,partially_compliant,362.92
INV597239,2024-12-14,2024 Q4,677,Importer,Small,464,Fine_Dine_Vegetarian,Wine,28.422719,10.67,303.27,303.27,1.0,compliant,0.0
INV600004,2024-12-14,2024 Q4,682,Importer,Small,469,Fine_Dine_Vegetarian,Wine,15.067801,10.67,160.77,98.86,0.6149,partially_compliant,61.92
INV601663,2024-12-14,2024 Q4,689,Importer,Small,472,Fine_Dine_Vegetarian,Wine,22.636285,10.67,241.53,241.53,1.0,compliant,0.0
INV603875,2024-12-14,2024 Q4,692,Importer,Large,476,Fine_Dine_Vegetarian,Wine,28.530323,10.67,304.42,220.55,0.7245,partially_compliant,83.87
INV605534,2024-12-14,2024 Q4,673,Importer,Medium,479,Fine_Dine_Vegetarian,Wine,13.325201,10.67,142.18,142.18,1.0,compliant,0.0
INV607746,2024-12-14,2024 Q4,675,Importer,Small,483,Fine_Dine_Vegetarian,Wine,27.922434,10.67,297.93,295.17,0.9907,compliant,2.76
INV609405,2024-12-14,2024 Q4,692,Importer,Large,486,Fine_Dine_Vegetarian,Wine,45.234437,10.67,482.65,349.68,0.7245,partially_compliant,132.97
INV613829,2024-12-14,2024 Q4,686,Importer,Small,494,Fine_Dine_Vegetarian,Wine,23.006717,10.67,245.48,150.94,0.6149,partially_compliant,94.54
INV617147,2024-12-14,2024 Q4,673,Importer,Medium,500,Fine_Dine_Vegetarian,Wine,31.765008,10.67,338.93,338.93,1.0,compliant,0.0
INV402500,2024-12-21,2024 Q4,692,Importer,Large,203,Cafe,Coffee_Beans,25.684717,25.0,642.12,465.22,0.7245,partially_compliant,176.9
INV404238,2024-12-21,2024 Q4,680,Importer,Medium,205,Cafe,Coffee_Beans,4.809987,25.0,120.25,119.92,0.9972,compliant,0.33
INV405976,2024-12-21,2024 Q4,684,Importer,Medium,207,Cafe,Coffee_Beans,6.380695,25.0,159.52,159.52,1.0,compliant,0.0
INV415535,2024-12-21,2024 Q4,677,Importer,Small,218,Cafe,Coffee_Beans,15.293102,25.0,382.33,382.33,1.0,compliant,0.0
INV420749,2024-12-21,2024 Q4,686,Importer,Small,224,Cafe,Coffee_Beans,4.785299,25.0,119.63,73.56,0.6149,partially_compliant,46.07
INV424225,2024-12-21,2024 Q4,677,Importer,Small,228,Cafe,Coffee_Beans,6.728173,25.0,168.2,168.2,1.0,compliant,0.0
INV425963,2024-12-21,2024 Q4,682,Importer,Small,230,Cafe,Coffee_Beans,7.545787,25.0,188.64,115.99,0.6149,partially_compliant,72.65
INV426832,2024-12-21,2024 Q4,681,Importer,Small,231,Cafe,Coffee_Beans,6.708512,25.0,167.71,0.0,0.0,non_compliant,167.71
INV429439,2024-12-21,2024 Q4,673,Importer,Medium,234,Cafe,Coffee_Beans,5.911806,25.0,147.8,147.8,1.0,compliant,0.0
INV430308,2024-12-21,2024 Q4,673,Importer,Medium,235,Cafe,Coffee_Beans,27.998477,25.0,699.96,699.96,1.0,compliant,0.0
INV432046,2024-12-21,2024 Q4,683,Importer,Small,237,Cafe,Coffee_Beans,16.399519,25.0,409.99,406.14,0.9906,compliant,3.85
INV438129,2024-12-21,2024 Q4,682,Importer,Small,244,Cafe,Coffee_Beans,7.591525,25.0,189.79,116.7,0.6149,partially_compliant,73.09
INV439867,2024-12-21,2024 Q4,688,Importer,Small,246,Cafe,Coffee_Beans,12.18341,25.0,304.59,304.59,1.0,compliant,0.0
INV445081,2024-12-21,2024 Q4,675,Importer,Small,252,Cafe,Coffee_Beans,7.339407,25.0,183.49,181.78,0.9907,compliant,1.7
INV448557,2024-12-21,2024 Q4,678,Importer,Medium,256,Cafe,Coffee_Beans,9.593658,25.0,239.84,139.14,0.5801,partially_compliant,100.7
INV449426,2024-12-21,2024 Q4,680,Importer,Medium,257,Cafe,Coffee_Beans,27.358424,25.0,683.96,682.07,0.9972,compliant,1.89
INV454640,2024-12-21,2024 Q4,675,Importer,Small,263,Cafe,Coffee_Beans,6.183992,25.0,154.6,153.17,0.9907,compliant,1.43
INV459854,2024-12-21,2024 Q4,677,Importer,Small,269,Cafe,Coffee_Beans,5.848287,25.0,146.21,146.21,1.0,compliant,0.0
INV464199,2024-12-21,2024 Q4,673,Importer,Medium,274,Cafe,Coffee_Beans,6.4407,25.0,161.02,161.02,1.0,compliant,0.0
INV465068,2024-12-21,2024 Q4,689,Importer,Small,275,Cafe,Coffee_Beans,7.622456,25.0,190.56,190.56,1.0,compliant,0.0
INV465937,2024-12-21,2024 Q4,692,Importer,Large,276,Cafe,Coffee_Beans,6.517247,25.0,162.93,118.04,0.7245,partially_compliant,44.89
INV470282,2024-12-21,2024 Q4,689,Importer,Small,281,Cafe,Coffee_Beans,12.321551,25.0,308.04,308.04,1.0,compliant,0.0
INV475496,2024-12-21,2024 Q4,680,Importer,Medium,287,Cafe,Coffee_Beans,3.28859,25.0,82.21,81.99,0.9972,compliant,0.23
INV478103,2024-12-21,2024 Q4,675,Importer,Small,290,Cafe,Coffee_Beans,6.279857,25.0,157.0,155.54,0.9907,compliant,1.46
INV484186,2024-12-21,2024 Q4,689,Importer,Small,297,Cafe,Coffee_Beans,11.625218,25.0,290.63,290.63,1.0,compliant,0.0
INV485055,2024-12-21,2024 Q4,674,Importer,Small,298,Cafe,Coffee_Beans,7.35333,25.0,183.83,176.8,0.9617,compliant,7.03
INV490269,2024-12-21,2024 Q4,682,Importer,Small,304,Cafe,Coffee_Beans,6.230523,25.0,155.76,95.78,0.6149,partially_compliant,59.99
INV491138,2024-12-21,2024 Q4,682,Importer,Small,305,Cafe,Coffee_Beans,3.694705,25.0,92.37,56.79,0.6149,partially_compliant,35.57
INV496352,2024-12-21,2024 Q4,680,Importer,Medium,311,Cafe,Coffee_Beans,7.437742,25.0,185.94,185.43,0.9972,compliant,0.51
INV497221,2024-12-21,2024 Q4,689,Importer,Small,312,Cafe,Coffee_Beans,6.755886,25.0,168.9,168.9,1.0,compliant,0.0
INV498090,2024-12-21,2024 Q4,682,Importer,Small,313,Cafe,Coffee_Beans,5.052876,25.0,126.32,77.67,0.6149,partially_compliant,48.65
INV502435,2024-12-21,2024 Q4,688,Importer,Small,318,Cafe,Coffee_Beans,33.135148,25.0,828.38,828.38,1.0,compliant,0.0
INV507649,2024-12-21,2024 Q4,692,Importer,Large,324,Cafe,Coffee_Beans,6.434077,25.0,160.85,116.54,0.7245,partially_compliant,44.31
INV515470,2024-12-21,2024 Q4,678,Importer,Medium,333,Cafe,Coffee_Beans,5.616831,25.0,140.42,81.46,0.5801,partially_compliant,58.96
INV518077,2024-12-21,2024 Q4,690,Importer,Small,336,Cafe,Coffee_Beans,7.69993,25.0,192.5,75.32,0.3913,partially_compliant,117.18
INV522422,2024-12-21,2024 Q4,690,Importer,Small,341,Cafe,Coffee_Beans,4.785966,25.0,119.65,46.81,0.3913,partially_compliant,72.83
INV523291,2024-12-21,2024 Q4,686,Importer,Small,342,Cafe,Coffee_Beans,4.096464,25.0,102.41,62.97,0.6149,partially_compliant,39.44
INV524160,2024-12-21,2024 Q4,690,Importer,Small,343,Cafe,Coffee_Beans,9.444477,25.0,236.11,92.38,0.3913,partially_compliant,143.73
INV532850,2024-12-21,2024 Q4,686,Importer,Small,353,Cafe,Coffee_Beans,11.80793,25.0,295.2,181.51,0.6149,partially_compliant,113.69
INV534588,2024-12-21,2024 Q4,678,Importer,Medium,355,Cafe,Coffee_Beans,19.224044,25.0,480.6,278.82,0.5801,partially_compliant,201.78
INV537195,2024-12-21,2024 Q4,679,Importer,Large,358,Cafe,Coffee_Beans,6.889948,25.0,172.25,97.43,0.5657,partially_compliant,74.82
INV542500,2024-12-21,2024 Q4,673,Importer,Medium,365,Fine_Dine_Meat,Beer,33.648844,3.0,100.95,100.95,1.0,compliant,0.0
INV544711,2024-12-21,2024 Q4,692,Importer,Large,369,Fine_Dine_Meat,Wine,23.876741,10.67,254.76,184.58,0.7245,partially_compliant,70.19
INV547476,2024-12-21,2024 Q4,675,Importer,Small,374,Fine_Dine_Meat,Wine,27.82768,10.67,296.92,294.17,0.9907,compliant,2.75
INV547477,2024-12-21,2024 Q4,683,Importer,Small,374,Fine_Dine_Meat,Beer,41.74152,3.0,125.22,124.05,0.9906,compliant,1.18
INV549689,2024-12-21,2024 Q4,679,Importer,Large,378,Fine_Dine_Meat,Beer,30.216421,3.0,90.65,51.28,0.5657,partially_compliant,39.37
INV550241,2024-12-21,2024 Q4,686,Importer,Small,379,Fine_Dine_Meat,Wine,53.15146,10.67,567.13,348.71,0.6149,partially_compliant,218.41
INV551900,2024-12-21,2024 Q4,677,Importer,Small,382,Fine_Dine_Meat,Wine,22.404498,10.67,239.06,239.06,1.0,compliant,0.0
INV553006,2024-12-21,2024 Q4,682,Importer,Small,384,Fine_Dine_Meat,Wine,20.333154,10.67,216.95,133.4,0.6149,partially_compliant,83.55
INV553007,2024-12-21,2024 Q4,680,Importer,Medium,384,Fine_Dine_Meat,Beer,30.499732,3.0,91.5,91.25,0.9972,compliant,0.25
INV555218,2024-12-21,2024 Q4,686,Importer,Small,388,Fine_Dine_Meat,Wine,12.109376,10.67,129.21,79.45,0.6149,partially_compliant,49.76
INV555219,2024-12-21,2024 Q4,680,Importer,Medium,388,Fine_Dine_Meat,Beer,18.164063,3.0,54.49,54.34,0.9972,compliant,0.15
INV555771,2024-12-21,2024 Q4,680,Importer,Medium,389,Fine_Dine_Meat,Wine,22.314769,10.67,238.1,237.44,0.9972,compliant,0.66
INV556877,2024-12-21,2024 Q4,692,Importer,Large,391,Fine_Dine_Meat,Wine,16.222339,10.67,173.09,125.41,0.7245,partially_compliant,47.69
INV557431,2024-12-21,2024 Q4,692,Importer,Large,392,Fine_Dine_Meat,Beer,24.612823,3.0,73.84,53.5,0.7245,partially_compliant,20.34
INV558536,2024-12-21,2024 Q4,679,Importer,Large,394,Fine_Dine_Meat,Wine,31.621494,10.67,337.4,190.85,0.5657,partially_compliant,146.55
INV559089,2024-12-21,2024 Q4,686,Importer,Small,395,Fine_Dine_Meat,Wine,33.607597,10.67,358.59,220.49,0.6149,partially_compliant,138.1
INV559643,2024-12-21,2024 Q4,685,Importer,Small,396,Fine_Dine_Meat,Beer,69.086757,3.0,207.26,203.06,0.9797,compliant,4.2
INV560196,2024-12-21,2024 Q4,675,Importer,Small,397,Fine_Dine_Meat,Beer,19.438207,3.0,58.31,57.77,0.9907,compliant,0.54
INV561301,2024-12-21,2024 Q4,673,Importer,Medium,399,Fine_Dine_Meat,Wine,43.658818,10.67,465.84,465.84,1.0,compliant,0.0
INV566278,2024-12-21,2024 Q4,681,Importer,Small,408,Fine_Dine_Meat,Wine,51.119879,10.67,545.45,0.0,0.0,non_compliant,545.45
INV567937,2024-12-21,2024 Q4,673,Importer,Medium,411,Fine_Dine_Meat,Wine,18.745408,10.67,200.01,200.01,1.0,compliant,0.0
INV567938,2024-12-21,2024 Q4,673,Importer,Medium,411,Fine_Dine_Meat,Beer,28.118112,3.0,84.35,84.35,1.0,compliant,0.0
INV568490,2024-12-21,2024 Q4,680,Importer,Medium,412,Fine_Dine_Meat,Wine,46.306294,10.67,494.09,492.72,0.9972,compliant,1.37
INV569596,2024-12-21,2024 Q4,689,Importer,Small,414,Fine_Dine_Meat,Wine,40.430353,10.67,431.39,431.39,1.0,compliant,0.0
INV570702,2024-12-21,2024 Q4,680,Importer,Medium,416,Fine_Dine_Meat,Wine,26.48795,10.67,282.63,281.84,0.9972,compliant,0.78
INV571808,2024-12-21,2024 Q4,675,Importer,Small,418,Fine_Dine_Meat,Wine,48.439972,10.67,516.85,512.06,0.9907,compliant,4.79
INV574020,2024-12-21,2024 Q4,673,Importer,Medium,422,Fine_Dine_Meat,Wine,27.37005,10.67,292.04,292.04,1.0,compliant,0.0
INV576785,2024-12-21,2024 Q4,678,Importer,Medium,427,Fine_Dine_Meat,Wine,19.500813,10.67,208.07,120.71,0.5801,partially_compliant,87.36
INV577338,2024-12-21,2024 Q4,689,Importer,Small,428,Fine_Dine_Meat,Wine,20.98606,10.67,223.92,223.92,1.0,compliant,0.0
INV578444,2024-12-21,2024 Q4,685,Importer,Small,430,Fine_Dine_Meat,Wine,25.200619,10.67,268.89,263.44,0.9797,compliant,5.45
INV578997,2024-12-21,2024 Q4,692,Importer,Large,431,Fine_Dine_Meat,Wine,21.650053,10.67,231.01,167.37,0.7245,partially_compliant,63.64
INV579550,2024-12-21,2024 Q4,673,Importer,Medium,432,Fine_Dine_Meat,Wine,37.779534,10.67,403.11,403.11,1.0,compliant,0.0
INV580104,2024-12-21,2024 Q4,679,Importer,Large,433,Fine_Dine_Meat,Beer,26.336013,3.0,79.01,44.69,0.5657,partially_compliant,34.32
INV580657,2024-12-21,2024 Q4,692,Importer,Large,434,Fine_Dine_Meat,Beer,34.471778,3.0,103.42,74.93,0.7245,partially_compliant,28.49
INV581210,2024-12-21,2024 Q4,687,Importer,Medium,435,Fine_Dine_Meat,Beer,55.054808,3.0,165.16,115.14,0.6971,partially_compliant,50.02
INV583974,2024-12-21,2024 Q4,679,Importer,Large,440,Fine_Dine_Meat,Wine,24.147852,10.67,257.66,145.75,0.5657,partially_compliant,111.91
INV583975,2024-12-21,2024 Q4,692,Importer,Large,440,Fine_Dine_Meat,Beer,36.221778,3.0,108.67,78.73,0.7245,partially_compliant,29.94
INV587845,2024-12-21,2024 Q4,686,Importer,Small,447,Fine_Dine_Vegetarian,Wine,36.327272,10.67,387.61,238.33,0.6149,partially_compliant,149.28
INV588398,2024-12-21,2024 Q4,679,Importer,Large,448,Fine_Dine_Vegetarian,Wine,68.339073,10.67,729.18,412.46,0.5657,partially_compliant,316.71
INV588951,2024-12-21,2024 Q4,692,Importer,Large,449,Fine_Dine_Vegetarian,Wine,38.28684,10.67,408.52,295.98,0.7245,partially_compliant,112.54
INV589504,2024-12-21,2024 Q4,680,Importer,Medium,450,Fine_Dine_Vegetarian,Wine,92.512449,10.67,987.11,984.38,0.9972,compliant,2.73
INV591163,2024-12-21,2024 Q4,682,Importer,Small,453,Fine_Dine_Vegetarian,Wine,59.480137,10.67,634.65,390.24,0.6149,partially_compliant,244.42
INV592822,2024-12-21,2024 Q4,675,Importer,Small,456,Fine_Dine_Vegetarian,Wine,27.725532,10.67,295.83,293.09,0.9907,compliant,2.74
INV594481,2024-12-21,2024 Q4,673,Importer,Medium,459,Fine_Dine_Vegetarian,Wine,24.394306,10.67,260.29,260.29,1.0,compliant,0.0
INV596140,2024-12-21,2024 Q4,673,Importer,Medium,462,Fine_Dine_Vegetarian,Wine,24.885533,10.67,265.53,265.53,1.0,compliant,0.0
INV596693,2024-12-21,2024 Q4,690,Importer,Small,463,Fine_Dine_Vegetarian,Wine,58.125067,10.67,620.19,242.66,0.3913,partially_compliant,377.54
INV597246,2024-12-21,2024 Q4,677,Importer,Small,464,Fine_Dine_Vegetarian,Wine,29.567473,10.67,315.48,315.48,1.0,compliant,0.0
INV600011,2024-12-21,2024 Q4,682,Importer,Small,469,Fine_Dine_Vegetarian,Wine,16.903433,10.67,180.36,110.9,0.6149,partially_compliant,69.46
INV601670,2024-12-21,2024 Q4,689,Importer,Small,472,Fine_Dine_Vegetarian,Wine,23.547985,10.67,251.26,251.26,1.0,compliant,0.0
INV603882,2024-12-21,2024 Q4,692,Importer,Large,476,Fine_Dine_Vegetarian,Wine,29.679411,10.67,316.68,229.44,0.7245,partially_compliant,87.24
INV605541,2024-12-21,2024 Q4,673,Importer,Medium,479,Fine_Dine_Vegetarian,Wine,13.326261,10.67,142.19,142.19,1.0,compliant,0.0
INV607753,2024-12-21,2024 Q4,675,Importer,Small,483,Fine_Dine_Vegetarian,Wine,31.341642,10.67,334.42,331.32,0.9907,compliant,3.1
INV609412,2024-12-21,2024 Q4,692,Importer,Large,486,Fine_Dine_Vegetarian,Wine,47.056299,10.67,502.09,363.77,0.7245,partially_compliant,138.32
INV613836,2024-12-21,2024 Q4,686,Importer,Small,494,Fine_Dine_Vegetarian,Wine,23.795065,10.67,253.89,156.11,0.6149,partially_compliant,97.78
INV617154,2024-12-21,2024 Q4,673,Importer,Medium,500,Fine_Dine_Vegetarian,Wine,33.044375,10.67,352.58,352.58,1.0,compliant,0.0
INV402511,2024-12-28,2024 Q4,692,Importer,Large,203,Cafe,Coffee_Beans,27.080659,25.0,677.02,490.5,0.7245,partially_compliant,186.51
INV404249,2024-12-28,2024 Q4,680,Importer,Medium,205,Cafe,Coffee_Beans,5.051562,25.0,126.29,125.94,0.9972,compliant,0.35
INV405987,2024-12-28,2024 Q4,684,Importer,Medium,207,Cafe,Coffee_Beans,6.749726,25.0,168.74,168.74,1.0,compliant,0.0
INV415546,2024-12-28,2024 Q4,677,Importer,Small,218,Cafe,Coffee_Beans,16.2368,25.0,405.92,405.92,1.0,compliant,0.0
INV420760,2024-12-28,2024 Q4,686,Importer,Small,224,Cafe,Coffee_Beans,4.090004,25.0,102.25,62.87,0.6149,partially_compliant,39.38
INV424236,2024-12-28,2024 Q4,677,Importer,Small,228,Cafe,Coffee_Beans,7.173046,25.0,179.33,179.33,1.0,compliant,0.0
INV425974,2024-12-28,2024 Q4,682,Importer,Small,230,Cafe,Coffee_Beans,8.044124,25.0,201.1,123.65,0.6149,partially_compliant,77.45
INV426843,2024-12-28,2024 Q4,681,Importer,Small,231,Cafe,Coffee_Beans,7.142071,25.0,178.55,0.0,0.0,non_compliant,178.55
INV429450,2024-12-28,2024 Q4,673,Importer,Medium,234,Cafe,Coffee_Beans,6.267629,25.0,156.69,156.69,1.0,compliant,0.0
INV430319,2024-12-28,2024 Q4,673,Importer,Medium,235,Cafe,Coffee_Beans,29.686182,25.0,742.15,742.15,1.0,compliant,0.0
INV432057,2024-12-28,2024 Q4,683,Importer,Small,237,Cafe,Coffee_Beans,17.469694,25.0,436.74,432.64,0.9906,compliant,4.1
INV438140,2024-12-28,2024 Q4,682,Importer,Small,244,Cafe,Coffee_Beans,8.071415,25.0,201.79,124.07,0.6149,partially_compliant,77.71
INV439878,2024-12-28,2024 Q4,688,Importer,Small,246,Cafe,Coffee_Beans,12.870722,25.0,321.77,321.77,1.0,compliant,0.0
INV445092,2024-12-28,2024 Q4,675,Importer,Small,252,Cafe,Coffee_Beans,7.782466,25.0,194.56,192.76,0.9907,compliant,1.8
INV448568,2024-12-28,2024 Q4,678,Importer,Medium,256,Cafe,Coffee_Beans,10.070941,25.0,251.77,146.06,0.5801,partially_compliant,105.71
INV449437,2024-12-28,2024 Q4,680,Importer,Medium,257,Cafe,Coffee_Beans,28.700715,25.0,717.52,715.53,0.9972,compliant,1.98
INV454651,2024-12-28,2024 Q4,675,Importer,Small,263,Cafe,Coffee_Beans,6.5989,25.0,164.97,163.44,0.9907,compliant,1.53
INV459865,2024-12-28,2024 Q4,677,Importer,Small,269,Cafe,Coffee_Beans,6.228249,25.0,155.71,155.71,1.0,compliant,0.0
INV464210,2024-12-28,2024 Q4,673,Importer,Medium,274,Cafe,Coffee_Beans,6.794259,25.0,169.86,169.86,1.0,compliant,0.0
INV465079,2024-12-28,2024 Q4,689,Importer,Small,275,Cafe,Coffee_Beans,8.11587,25.0,202.9,202.9,1.0,compliant,0.0
INV465948,2024-12-28,2024 Q4,692,Importer,Large,276,Cafe,Coffee_Beans,6.921066,25.0,173.03,125.36,0.7245,partially_compliant,47.67
INV470293,2024-12-28,2024 Q4,689,Importer,Small,281,Cafe,Coffee_Beans,13.088444,25.0,327.21,327.21,1.0,compliant,0.0
INV475507,2024-12-28,2024 Q4,680,Importer,Medium,287,Cafe,Coffee_Beans,3.474111,25.0,86.85,86.61,0.9972,compliant,0.24
INV478114,2024-12-28,2024 Q4,675,Importer,Small,290,Cafe,Coffee_Beans,6.702945,25.0,167.57,166.02,0.9907,compliant,1.55
INV484197,2024-12-28,2024 Q4,689,Importer,Small,297,Cafe,Coffee_Beans,12.009973,25.0,300.25,300.25,1.0,compliant,0.0
INV485066,2024-12-28,2024 Q4,674,Importer,Small,298,Cafe,Coffee_Beans,7.726258,25.0,193.16,185.77,0.9617,compliant,7.39
INV490280,2024-12-28,2024 Q4,682,Importer,Small,304,Cafe,Coffee_Beans,6.64558,25.0,166.14,102.16,0.6149,partially_compliant,63.98
INV491149,2024-12-28,2024 Q4,682,Importer,Small,305,Cafe,Coffee_Beans,4.329212,25.0,108.23,66.55,0.6149,partially_compliant,41.68
INV496363,2024-12-28,2024 Q4,680,Importer,Medium,311,Cafe,Coffee_Beans,7.918726,25.0,197.97,197.42,0.9972,compliant,0.55
INV497232,2024-12-28,2024 Q4,689,Importer,Small,312,Cafe,Coffee_Beans,7.109111,25.0,177.73,177.73,1.0,compliant,0.0
INV498101,2024-12-28,2024 Q4,682,Importer,Small,313,Cafe,Coffee_Beans,5.688926,25.0,142.22,87.45,0.6149,partially_compliant,54.77
INV502446,2024-12-28,2024 Q4,688,Importer,Small,318,Cafe,Coffee_Beans,35.080002,25.0,877.0,877.0,1.0,compliant,0.0
INV507660,2024-12-28,2024 Q4,692,Importer,Large,324,Cafe,Coffee_Beans,6.774559,25.0,169.36,122.71,0.7245,partially_compliant,46.66
INV515481,2024-12-28,2024 Q4,678,Importer,Medium,333,Cafe,Coffee_Beans,5.927583,25.0,148.19,85.97,0.5801,partially_compliant,62.22
INV518088,2024-12-28,2024 Q4,690,Importer,Small,336,Cafe,Coffee_Beans,8.464324,25.0,211.61,82.79,0.3913,partially_compliant,128.81
INV522433,2024-12-28,2024 Q4,690,Importer,Small,341,Cafe,Coffee_Beans,5.198724,25.0,129.97,50.85,0.3913,partially_compliant,79.12
INV523302,2024-12-28,2024 Q4,686,Importer,Small,342,Cafe,Coffee_Beans,4.301016,25.0,107.53,66.11,0.6149,partially_compliant,41.41
INV524171,2024-12-28,2024 Q4,690,Importer,Small,343,Cafe,Coffee_Beans,9.374749,25.0,234.37,91.7,0.3913,partially_compliant,142.67
INV532861,2024-12-28,2024 Q4,686,Importer,Small,353,Cafe,Coffee_Beans,12.422718,25.0,310.57,190.96,0.6149,partially_compliant,119.61
INV534599,2024-12-28,2024 Q4,678,Importer,Medium,355,Cafe,Coffee_Beans,20.354248,25.0,508.86,295.21,0.5801,partially_compliant,213.65
INV537206,2024-12-28,2024 Q4,679,Importer,Large,358,Cafe,Coffee_Beans,7.315394,25.0,182.88,103.45,0.5657,partially_compliant,79.43
INV542507,2024-12-28,2024 Q4,673,Importer,Medium,365,Fine_Dine_Meat,Beer,34.402602,3.0,103.21,103.21,1.0,compliant,0.0
INV544718,2024-12-28,2024 Q4,692,Importer,Large,369,Fine_Dine_Meat,Wine,24.736477,10.67,263.94,191.23,0.7245,partially_compliant,72.71
INV547483,2024-12-28,2024 Q4,675,Importer,Small,374,Fine_Dine_Meat,Wine,28.837637,10.67,307.7,304.85,0.9907,compliant,2.85
INV547484,2024-12-28,2024 Q4,683,Importer,Small,374,Fine_Dine_Meat,Beer,43.256455,3.0,129.77,128.55,0.9906,compliant,1.22
INV549696,2024-12-28,2024 Q4,679,Importer,Large,378,Fine_Dine_Meat,Beer,31.205873,3.0,93.62,52.96,0.5657,partially_compliant,40.66
INV550248,2024-12-28,2024 Q4,686,Importer,Small,379,Fine_Dine_Meat,Wine,54.894679,10.67,585.73,360.15,0.6149,partially_compliant,225.58
INV551907,2024-12-28,2024 Q4,677,Importer,Small,382,Fine_Dine_Meat,Wine,23.583101,10.67,251.63,251.63,1.0,compliant,0.0
INV553013,2024-12-28,2024 Q4,682,Importer,Small,384,Fine_Dine_Meat,Wine,20.879345,10.67,222.78,136.98,0.6149,partially_compliant,85.8
INV553014,2024-12-28,2024 Q4,680,Importer,Medium,384,Fine_Dine_Meat,Beer,31.319018,3.0,93.96,93.7,0.9972,compliant,0.26
INV555225,2024-12-28,2024 Q4,686,Importer,Small,388,Fine_Dine_Meat,Wine,10.945716,10.67,116.79,71.81,0.6149,partially_compliant,44.98
INV555226,2024-12-28,2024 Q4,680,Importer,Medium,388,Fine_Dine_Meat,Beer,16.418574,3.0,49.26,49.12,0.9972,compliant,0.14
INV555778,2024-12-28,2024 Q4,680,Importer,Medium,389,Fine_Dine_Meat,Wine,22.830303,10.67,243.6,242.93,0.9972,compliant,0.67
INV556884,2024-12-28,2024 Q4,692,Importer,Large,391,Fine_Dine_Meat,Wine,18.066287,10.67,192.77,139.66,0.7245,partially_compliant,53.11
INV557438,2024-12-28,2024 Q4,692,Importer,Large,392,Fine_Dine_Meat,Beer,22.613025,3.0,67.84,49.15,0.7245,partially_compliant,18.69
INV558543,2024-12-28,2024 Q4,679,Importer,Large,394,Fine_Dine_Meat,Wine,32.263891,10.67,344.26,194.73,0.5657,partially_compliant,149.53
INV559096,2024-12-28,2024 Q4,686,Importer,Small,395,Fine_Dine_Meat,Wine,34.337823,10.67,366.38,225.28,0.6149,partially_compliant,141.1
INV559650,2024-12-28,2024 Q4,685,Importer,Small,396,Fine_Dine_Meat,Beer,70.526967,3.0,211.58,207.29,0.9797,compliant,4.29
INV560203,2024-12-28,2024 Q4,675,Importer,Small,397,Fine_Dine_Meat,Beer,19.970016,3.0,59.91,59.35,0.9907,compliant,0.56
INV561308,2024-12-28,2024 Q4,673,Importer,Medium,399,Fine_Dine_Meat,Wine,45.120665,10.67,481.44,481.44,1.0,compliant,0.0
INV566285,2024-12-28,2024 Q4,681,Importer,Small,408,Fine_Dine_Meat,Wine,52.965654,10.67,565.14,0.0,0.0,non_compliant,565.14
INV567944,2024-12-28,2024 Q4,673,Importer,Medium,411,Fine_Dine_Meat,Wine,19.12973,10.67,204.11,204.11,1.0,compliant,0.0
INV567945,2024-12-28,2024 Q4,673,Importer,Medium,411,Fine_Dine_Meat,Beer,28.694595,3.0,86.08,86.08,1.0,compliant,0.0
INV568497,2024-12-28,2024 Q4,680,Importer,Medium,412,Fine_Dine_Meat,Wine,47.726609,10.67,509.24,507.83,0.9972,compliant,1.41
INV569603,2024-12-28,2024 Q4,689,Importer,Small,414,Fine_Dine_Meat,Wine,39.071258,10.67,416.89,416.89,1.0,compliant,0.0
INV570709,2024-12-28,2024 Q4,680,Importer,Medium,416,Fine_Dine_Meat,Wine,27.314225,10.67,291.44,290.64,0.9972,compliant,0.81
INV571815,2024-12-28,2024 Q4,675,Importer,Small,418,Fine_Dine_Meat,Wine,50.012699,10.67,533.64,528.69,0.9907,compliant,4.95
INV574027,2024-12-28,2024 Q4,673,Importer,Medium,422,Fine_Dine_Meat,Wine,28.252197,10.67,301.45,301.45,1.0,compliant,0.0
INV576792,2024-12-28,2024 Q4,678,Importer,Medium,427,Fine_Dine_Meat,Wine,20.718623,10.67,221.07,128.25,0.5801,partially_compliant,92.82
INV577345,2024-12-28,2024 Q4,689,Importer,Small,428,Fine_Dine_Meat,Wine,21.726954,10.67,231.83,231.83,1.0,compliant,0.0
INV578451,2024-12-28,2024 Q4,685,Importer,Small,430,Fine_Dine_Meat,Wine,25.918859,10.67,276.55,270.95,0.9797,compliant,5.6
INV579004,2024-12-28,2024 Q4,692,Importer,Large,431,Fine_Dine_Meat,Wine,22.140659,10.67,236.24,171.16,0.7245,partially_compliant,65.08
INV579557,2024-12-28,2024 Q4,673,Importer,Medium,432,Fine_Dine_Meat,Wine,39.661802,10.67,423.19,423.19,1.0,compliant,0.0
INV580111,2024-12-28,2024 Q4,679,Importer,Large,433,Fine_Dine_Meat,Beer,26.462656,3.0,79.39,44.91,0.5657,partially_compliant,34.48
INV580664,2024-12-28,2024 Q4,692,Importer,Large,434,Fine_Dine_Meat,Beer,36.673688,3.0,110.02,79.71,0.7245,partially_compliant,30.31
INV581217,2024-12-28,2024 Q4,687,Importer,Medium,435,Fine_Dine_Meat,Beer,59.121394,3.0,177.36,123.65,0.6971,partially_compliant,53.72
INV583981,2024-12-28,2024 Q4,679,Importer,Large,440,Fine_Dine_Meat,Wine,24.906366,10.67,265.75,150.32,0.5657,partially_compliant,115.43
INV583982,2024-12-28,2024 Q4,692,Importer,Large,440,Fine_Dine_Meat,Beer,37.35955,3.0,112.08,81.2,0.7245,partially_compliant,30.88
INV587852,2024-12-28,2024 Q4,686,Importer,Small,447,Fine_Dine_Vegetarian,Wine,37.589309,10.67,401.08,246.61,0.6149,partially_compliant,154.46
INV588405,2024-12-28,2024 Q4,679,Importer,Large,448,Fine_Dine_Vegetarian,Wine,70.786234,10.67,755.29,427.23,0.5657,partially_compliant,328.05
INV588958,2024-12-28,2024 Q4,692,Importer,Large,449,Fine_Dine_Vegetarian,Wine,40.105562,10.67,427.93,310.04,0.7245,partially_compliant,117.89
INV589511,2024-12-28,2024 Q4,680,Importer,Medium,450,Fine_Dine_Vegetarian,Wine,95.518499,10.67,1019.18,1016.36,0.9972,compliant,2.82
INV591170,2024-12-28,2024 Q4,682,Importer,Small,453,Fine_Dine_Vegetarian,Wine,61.276058,10.67,653.82,402.02,0.6149,partially_compliant,251.8
INV592829,2024-12-28,2024 Q4,675,Importer,Small,456,Fine_Dine_Vegetarian,Wine,28.682096,10.67,306.04,303.2,0.9907,compliant,2.84
INV594488,2024-12-28,2024 Q4,673,Importer,Medium,459,Fine_Dine_Vegetarian,Wine,24.842894,10.67,265.07,265.07,1.0,compliant,0.0
INV596147,2024-12-28,2024 Q4,673,Importer,Medium,462,Fine_Dine_Vegetarian,Wine,25.744266,10.67,274.69,274.69,1.0,compliant,0.0
INV596700,2024-12-28,2024 Q4,690,Importer,Small,463,Fine_Dine_Vegetarian,Wine,60.151639,10.67,641.82,251.12,0.3913,partially_compliant,390.7
INV597253,2024-12-28,2024 Q4,677,Importer,Small,464,Fine_Dine_Vegetarian,Wine,30.447293,10.67,324.87,324.87,1.0,compliant,0.0
INV600018,2024-12-28,2024 Q4,682,Importer,Small,469,Fine_Dine_Vegetarian,Wine,19.758801,10.67,210.83,129.63,0.6149,partially_compliant,81.19
INV601677,2024-12-28,2024 Q4,689,Importer,Small,472,Fine_Dine_Vegetarian,Wine,24.138655,10.67,257.56,257.56,1.0,compliant,0.0
INV603889,2024-12-28,2024 Q4,692,Importer,Large,476,Fine_Dine_Vegetarian,Wine,30.729948,10.67,327.89,237.56,0.7245,partially_compliant,90.33
INV605548,2024-12-28,2024 Q4,673,Importer,Medium,479,Fine_Dine_Vegetarian,Wine,13.690854,10.67,146.08,146.08,1.0,compliant,0.0
INV607760,2024-12-28,2024 Q4,675,Importer,Small,483,Fine_Dine_Vegetarian,Wine,34.90937,10.67,372.48,369.03,0.9907,compliant,3.45
INV609419,2024-12-28,2024 Q4,692,Importer,Large,486,Fine_Dine_Vegetarian,Wine,48.553273,10.67,518.06,375.34,0.7245,partially_compliant,142.72
INV613843,2024-12-28,2024 Q4,686,Importer,Small,494,Fine_Dine_Vegetarian,Wine,24.308052,10.67,259.37,159.48,0.6149,partially_compliant,99.89
INV617161,2024-12-28,2024 Q4,673,Importer,Medium,500,Fine_Dine_Vegetarian,Wine,34.088631,10.67,363.73,363.73,1.0,compliant,0.0
INV402522,2025-01-04,2025 Q1,692,Importer,Large,203,Cafe,Coffee_Beans,25.090937,25.0,627.27,454.46,0.7245,partially_compliant,172.81
INV404260,2025-01-04,2025 Q1,680,Importer,Medium,205,Cafe,Coffee_Beans,4.654103,25.0,116.35,116.03,0.9972,compliant,0.32
INV405998,2025-01-04,2025 Q1,684,Importer,Medium,207,Cafe,Coffee_Beans,6.283282,25.0,157.08,157.08,1.0,compliant,0.0
INV415557,2025-01-04,2025 Q1,677,Importer,Small,218,Cafe,Coffee_Beans,15.192966,25.0,379.82,379.82,1.0,compliant,0.0
INV420771,2025-01-04,2025 Q1,686,Importer,Small,224,Cafe,Coffee_Beans,4.834468,25.0,120.86,74.32,0.6149,partially_compliant,46.55
INV424247,2025-01-04,2025 Q1,677,Importer,Small,228,Cafe,Coffee_Beans,6.750988,25.0,168.77,168.77,1.0,compliant,0.0
INV425985,2025-01-04,2025 Q1,682,Importer,Small,230,Cafe,Coffee_Beans,7.57003,25.0,189.25,116.37,0.6149,partially_compliant,72.88
INV426854,2025-01-04,2025 Q1,681,Importer,Small,231,Cafe,Coffee_Beans,6.70871,25.0,167.72,0.0,0.0,non_compliant,167.72
INV429461,2025-01-04,2025 Q1,673,Importer,Medium,234,Cafe,Coffee_Beans,5.852876,25.0,146.32,146.32,1.0,compliant,0.0
INV430330,2025-01-04,2025 Q1,673,Importer,Medium,235,Cafe,Coffee_Beans,27.725054,25.0,693.13,693.13,1.0,compliant,0.0
INV432068,2025-01-04,2025 Q1,683,Importer,Small,237,Cafe,Coffee_Beans,16.42321,25.0,410.58,406.73,0.9906,compliant,3.86
INV438151,2025-01-04,2025 Q1,682,Importer,Small,244,Cafe,Coffee_Beans,7.567572,25.0,189.19,116.33,0.6149,partially_compliant,72.86
INV439889,2025-01-04,2025 Q1,688,Importer,Small,246,Cafe,Coffee_Beans,11.931987,25.0,298.3,298.3,1.0,compliant,0.0
INV445103,2025-01-04,2025 Q1,675,Importer,Small,252,Cafe,Coffee_Beans,7.269198,25.0,181.73,180.05,0.9907,compliant,1.68
INV448579,2025-01-04,2025 Q1,678,Importer,Medium,256,Cafe,Coffee_Beans,9.272509,25.0,231.81,134.48,0.5801,partially_compliant,97.33
INV449448,2025-01-04,2025 Q1,680,Importer,Medium,257,Cafe,Coffee_Beans,26.400287,25.0,660.01,658.18,0.9972,compliant,1.83
INV454662,2025-01-04,2025 Q1,675,Importer,Small,263,Cafe,Coffee_Beans,6.218513,25.0,155.46,154.02,0.9907,compliant,1.44
INV459876,2025-01-04,2025 Q1,677,Importer,Small,269,Cafe,Coffee_Beans,5.852958,25.0,146.32,146.32,1.0,compliant,0.0
INV464221,2025-01-04,2025 Q1,673,Importer,Medium,274,Cafe,Coffee_Beans,6.299714,25.0,157.49,157.49,1.0,compliant,0.0
INV465090,2025-01-04,2025 Q1,689,Importer,Small,275,Cafe,Coffee_Beans,7.624456,25.0,190.61,190.61,1.0,compliant,0.0
INV465959,2025-01-04,2025 Q1,692,Importer,Large,276,Cafe,Coffee_Beans,6.478305,25.0,161.96,117.34,0.7245,partially_compliant,44.62
INV470304,2025-01-04,2025 Q1,689,Importer,Small,281,Cafe,Coffee_Beans,12.255651,25.0,306.39,306.39,1.0,compliant,0.0
INV475518,2025-01-04,2025 Q1,680,Importer,Medium,287,Cafe,Coffee_Beans,3.227854,25.0,80.7,80.47,0.9972,compliant,0.22
INV478125,2025-01-04,2025 Q1,675,Importer,Small,290,Cafe,Coffee_Beans,6.318849,25.0,157.97,156.51,0.9907,compliant,1.46
INV484208,2025-01-04,2025 Q1,689,Importer,Small,297,Cafe,Coffee_Beans,10.723331,25.0,268.08,268.08,1.0,compliant,0.0
INV485077,2025-01-04,2025 Q1,674,Importer,Small,298,Cafe,Coffee_Beans,7.123166,25.0,178.08,171.26,0.9617,compliant,6.81
INV490291,2025-01-04,2025 Q1,682,Importer,Small,304,Cafe,Coffee_Beans,6.258609,25.0,156.47,96.21,0.6149,partially_compliant,60.26
INV491160,2025-01-04,2025 Q1,682,Importer,Small,305,Cafe,Coffee_Beans,4.344418,25.0,108.61,66.78,0.6149,partially_compliant,41.83
INV496374,2025-01-04,2025 Q1,680,Importer,Medium,311,Cafe,Coffee_Beans,7.438629,25.0,185.97,185.45,0.9972,compliant,0.51
INV497243,2025-01-04,2025 Q1,689,Importer,Small,312,Cafe,Coffee_Beans,6.568285,25.0,164.21,164.21,1.0,compliant,0.0
INV498112,2025-01-04,2025 Q1,682,Importer,Small,313,Cafe,Coffee_Beans,4.371798,25.0,109.29,67.2,0.6149,partially_compliant,42.09
INV502457,2025-01-04,2025 Q1,688,Importer,Small,318,Cafe,Coffee_Beans,33.402559,25.0,835.06,835.06,1.0,compliant,0.0
INV507671,2025-01-04,2025 Q1,692,Importer,Large,324,Cafe,Coffee_Beans,6.264606,25.0,156.62,113.47,0.7245,partially_compliant,43.15
INV515492,2025-01-04,2025 Q1,678,Importer,Medium,333,Cafe,Coffee_Beans,5.499327,25.0,137.48,79.76,0.5801,partially_compliant,57.72
INV518099,2025-01-04,2025 Q1,690,Importer,Small,336,Cafe,Coffee_Beans,8.326963,25.0,208.17,81.45,0.3913,partially_compliant,126.72
INV522444,2025-01-04,2025 Q1,690,Importer,Small,341,Cafe,Coffee_Beans,5.019068,25.0,125.48,49.09,0.3913,partially_compliant,76.38
INV523313,2025-01-04,2025 Q1,686,Importer,Small,342,Cafe,Coffee_Beans,3.961029,25.0,99.03,60.89,0.6149,partially_compliant,38.14
INV524182,2025-01-04,2025 Q1,690,Importer,Small,343,Cafe,Coffee_Beans,9.289708,25.0,232.24,90.87,0.3913,partially_compliant,141.37
INV532872,2025-01-04,2025 Q1,686,Importer,Small,353,Cafe,Coffee_Beans,11.474237,25.0,286.86,176.38,0.6149,partially_compliant,110.47
INV534610,2025-01-04,2025 Q1,678,Importer,Medium,355,Cafe,Coffee_Beans,18.971922,25.0,474.3,275.16,0.5801,partially_compliant,199.14
INV537217,2025-01-04,2025 Q1,679,Importer,Large,358,Cafe,Coffee_Beans,6.845478,25.0,171.14,96.8,0.5657,partially_compliant,74.33
INV542514,2025-01-04,2025 Q1,673,Importer,Medium,365,Fine_Dine_Meat,Beer,33.5405,3.0,100.62,100.62,1.0,compliant,0.0
INV544725,2025-01-04,2025 Q1,692,Importer,Large,369,Fine_Dine_Meat,Wine,24.552683,10.67,261.98,189.8,0.7245,partially_compliant,72.17
INV547490,2025-01-04,2025 Q1,675,Importer,Small,374,Fine_Dine_Meat,Wine,28.633914,10.67,305.52,302.69,0.9907,compliant,2.83
INV547491,2025-01-04,2025 Q1,683,Importer,Small,374,Fine_Dine_Meat,Beer,42.95087,3.0,128.85,127.64,0.9906,compliant,1.21
INV549703,2025-01-04,2025 Q1,679,Importer,Large,378,Fine_Dine_Meat,Beer,30.843455,3.0,92.53,52.34,0.5657,partially_compliant,40.19
INV550255,2025-01-04,2025 Q1,686,Importer,Small,379,Fine_Dine_Meat,Wine,54.260795,10.67,578.96,355.99,0.6149,partially_compliant,222.97
INV551914,2025-01-04,2025 Q1,677,Importer,Small,382,Fine_Dine_Meat,Wine,26.099993,10.67,278.49,278.49,1.0,compliant,0.0
INV553020,2025-01-04,2025 Q1,682,Importer,Small,384,Fine_Dine_Meat,Wine,20.47789,10.67,218.5,134.35,0.6149,partially_compliant,84.15
INV553021,2025-01-04,2025 Q1,680,Importer,Medium,384,Fine_Dine_Meat,Beer,30.716834,3.0,92.15,91.9,0.9972,compliant,0.25
INV555232,2025-01-04,2025 Q1,686,Importer,Small,388,Fine_Dine_Meat,Wine,10.850239,10.67,115.77,71.19,0.6149,partially_compliant,44.59
INV555233,2025-01-04,2025 Q1,680,Importer,Medium,388,Fine_Dine_Meat,Beer,16.275358,3.0,48.83,48.69,0.9972,compliant,0.14
INV555785,2025-01-04,2025 Q1,680,Importer,Medium,389,Fine_Dine_Meat,Wine,22.279223,10.67,237.72,237.06,0.9972,compliant,0.66
INV556891,2025-01-04,2025 Q1,692,Importer,Large,391,Fine_Dine_Meat,Wine,19.600894,10.67,209.14,151.52,0.7245,partially_compliant,57.62
INV557445,2025-01-04,2025 Q1,692,Importer,Large,392,Fine_Dine_Meat,Beer,21.061751,3.0,63.19,45.78,0.7245,partially_compliant,17.41
INV558550,2025-01-04,2025 Q1,679,Importer,Large,394,Fine_Dine_Meat,Wine,31.366862,10.67,334.68,189.32,0.5657,partially_compliant,145.37
INV559103,2025-01-04,2025 Q1,686,Importer,Small,395,Fine_Dine_Meat,Wine,33.446997,10.67,356.88,219.44,0.6149,partially_compliant,137.44
INV559657,2025-01-04,2025 Q1,685,Importer,Small,396,Fine_Dine_Meat,Beer,68.615479,3.0,205.85,201.68,0.9797,compliant,4.17
INV560210,2025-01-04,2025 Q1,675,Importer,Small,397,Fine_Dine_Meat,Beer,19.598953,3.0,58.8,58.25,0.9907,compliant,0.54
INV561315,2025-01-04,2025 Q1,673,Importer,Medium,399,Fine_Dine_Meat,Wine,44.639454,10.67,476.3,476.3,1.0,compliant,0.0
INV566292,2025-01-04,2025 Q1,681,Importer,Small,408,Fine_Dine_Meat,Wine,52.578856,10.67,561.02,0.0,0.0,non_compliant,561.02
INV567951,2025-01-04,2025 Q1,673,Importer,Medium,411,Fine_Dine_Meat,Wine,18.602585,10.67,198.49,198.49,1.0,compliant,0.0
INV567952,2025-01-04,2025 Q1,673,Importer,Medium,411,Fine_Dine_Meat,Beer,27.903877,3.0,83.71,83.71,1.0,compliant,0.0
INV568504,2025-01-04,2025 Q1,680,Importer,Medium,412,Fine_Dine_Meat,Wine,47.044741,10.67,501.97,500.58,0.9972,compliant,1.39
INV569610,2025-01-04,2025 Q1,689,Importer,Small,414,Fine_Dine_Meat,Wine,39.800974,10.67,424.68,424.68,1.0,compliant,0.0
INV570716,2025-01-04,2025 Q1,680,Importer,Medium,416,Fine_Dine_Meat,Wine,26.942405,10.67,287.48,286.68,0.9972,compliant,0.79
INV571822,2025-01-04,2025 Q1,675,Importer,Small,418,Fine_Dine_Meat,Wine,49.41397,10.67,527.25,522.36,0.9907,compliant,4.89
INV574034,2025-01-04,2025 Q1,673,Importer,Medium,422,Fine_Dine_Meat,Wine,27.905347,10.67,297.75,297.75,1.0,compliant,0.0
INV576799,2025-01-04,2025 Q1,678,Importer,Medium,427,Fine_Dine_Meat,Wine,21.247728,10.67,226.71,131.53,0.5801,partially_compliant,95.19
INV577352,2025-01-04,2025 Q1,689,Importer,Small,428,Fine_Dine_Meat,Wine,21.545974,10.67,229.9,229.9,1.0,compliant,0.0
INV578458,2025-01-04,2025 Q1,685,Importer,Small,430,Fine_Dine_Meat,Wine,30.050595,10.67,320.64,314.14,0.9797,compliant,6.5
INV579011,2025-01-04,2025 Q1,692,Importer,Large,431,Fine_Dine_Meat,Wine,21.593387,10.67,230.4,166.93,0.7245,partially_compliant,63.47
INV579564,2025-01-04,2025 Q1,673,Importer,Medium,432,Fine_Dine_Meat,Wine,40.058492,10.67,427.42,427.42,1.0,compliant,0.0
INV580118,2025-01-04,2025 Q1,679,Importer,Large,433,Fine_Dine_Meat,Beer,22.377547,3.0,67.13,37.97,0.5657,partially_compliant,29.16
INV580671,2025-01-04,2025 Q1,692,Importer,Large,434,Fine_Dine_Meat,Beer,37.673769,3.0,113.02,81.88,0.7245,partially_compliant,31.14
INV581224,2025-01-04,2025 Q1,687,Importer,Medium,435,Fine_Dine_Meat,Beer,59.485308,3.0,178.46,124.41,0.6971,partially_compliant,54.05
INV583988,2025-01-04,2025 Q1,679,Importer,Large,440,Fine_Dine_Meat,Wine,24.574295,10.67,262.21,148.32,0.5657,partially_compliant,113.89
INV583989,2025-01-04,2025 Q1,692,Importer,Large,440,Fine_Dine_Meat,Beer,36.861442,3.0,110.58,80.12,0.7245,partially_compliant,30.47
INV587859,2025-01-04,2025 Q1,686,Importer,Small,447,Fine_Dine_Vegetarian,Wine,37.249073,10.67,397.45,244.38,0.6149,partially_compliant,153.07
INV588412,2025-01-04,2025 Q1,679,Importer,Large,448,Fine_Dine_Vegetarian,Wine,70.242349,10.67,749.49,423.95,0.5657,partially_compliant,325.53
INV588965,2025-01-04,2025 Q1,692,Importer,Large,449,Fine_Dine_Vegetarian,Wine,40.824482,10.67,435.6,315.59,0.7245,partially_compliant,120.0
INV589518,2025-01-04,2025 Q1,680,Importer,Medium,450,Fine_Dine_Vegetarian,Wine,94.378182,10.67,1007.02,1004.23,0.9972,compliant,2.78
INV591177,2025-01-04,2025 Q1,682,Importer,Small,453,Fine_Dine_Vegetarian,Wine,60.362711,10.67,644.07,396.03,0.6149,partially_compliant,248.04
INV592836,2025-01-04,2025 Q1,675,Importer,Small,456,Fine_Dine_Vegetarian,Wine,28.413672,10.67,303.17,300.36,0.9907,compliant,2.81
INV594495,2025-01-04,2025 Q1,673,Importer,Medium,459,Fine_Dine_Vegetarian,Wine,24.08899,10.67,257.03,257.03,1.0,compliant,0.0
INV596154,2025-01-04,2025 Q1,673,Importer,Medium,462,Fine_Dine_Vegetarian,Wine,25.503539,10.67,272.12,272.12,1.0,compliant,0.0
INV596707,2025-01-04,2025 Q1,690,Importer,Small,463,Fine_Dine_Vegetarian,Wine,59.616814,10.67,636.11,248.89,0.3913,partially_compliant,387.22
INV597260,2025-01-04,2025 Q1,677,Importer,Small,464,Fine_Dine_Vegetarian,Wine,29.97624,10.67,319.85,319.85,1.0,compliant,0.0
INV600025,2025-01-04,2025 Q1,682,Importer,Small,469,Fine_Dine_Vegetarian,Wine,21.204144,10.67,226.25,139.12,0.6149,partially_compliant,87.13
INV601684,2025-01-04,2025 Q1,689,Importer,Small,472,Fine_Dine_Vegetarian,Wine,23.618564,10.67,252.01,252.01,1.0,compliant,0.0
INV603896,2025-01-04,2025 Q1,692,Importer,Large,476,Fine_Dine_Vegetarian,Wine,30.477597,10.67,325.2,235.61,0.7245,partially_compliant,89.59
INV605555,2025-01-04,2025 Q1,673,Importer,Medium,479,Fine_Dine_Vegetarian,Wine,19.056503,10.67,203.33,203.33,1.0,compliant,0.0
INV607767,2025-01-04,2025 Q1,675,Importer,Small,483,Fine_Dine_Vegetarian,Wine,41.117923,10.67,438.73,434.66,0.9907,compliant,4.07
INV609426,2025-01-04,2025 Q1,692,Importer,Large,486,Fine_Dine_Vegetarian,Wine,47.931037,10.67,511.42,370.53,0.7245,partially_compliant,140.89
INV613850,2025-01-04,2025 Q1,686,Importer,Small,494,Fine_Dine_Vegetarian,Wine,23.634173,10.67,252.18,155.06,0.6149,partially_compliant,97.12
INV617168,2025-01-04,2025 Q1,673,Importer,Medium,500,Fine_Dine_Vegetarian,Wine,33.642504,10.67,358.97,358.97,1.0,compliant,0.0
INV402533,2025-01-11,2025 Q1,692,Importer,Large,203,Cafe,Coffee_Beans,23.461588,25.0,586.54,424.95,0.7245,partially_compliant,161.59
INV404271,2025-01-11,2025 Q1,680,Importer,Medium,205,Cafe,Coffee_Beans,4.351876,25.0,108.8,108.5,0.9972,compliant,0.3
INV406009,2025-01-11,2025 Q1,684,Importer,Medium,207,Cafe,Coffee_Beans,5.87526,25.0,146.88,146.88,1.0,compliant,0.0
INV415568,2025-01-11,2025 Q1,677,Importer,Small,218,Cafe,Coffee_Beans,14.206369,25.0,355.16,355.16,1.0,compliant,0.0
INV420782,2025-01-11,2025 Q1,686,Importer,Small,224,Cafe,Coffee_Beans,5.650826,25.0,141.27,86.86,0.6149,partially_compliant,54.41
INV424258,2025-01-11,2025 Q1,677,Importer,Small,228,Cafe,Coffee_Beans,6.312594,25.0,157.81,157.81,1.0,compliant,0.0
INV425996,2025-01-11,2025 Q1,682,Importer,Small,230,Cafe,Coffee_Beans,7.078449,25.0,176.96,108.81,0.6149,partially_compliant,68.15
INV426865,2025-01-11,2025 Q1,681,Importer,Small,231,Cafe,Coffee_Beans,6.273062,25.0,156.83,0.0,0.0,non_compliant,156.83
INV429472,2025-01-11,2025 Q1,673,Importer,Medium,234,Cafe,Coffee_Beans,5.472803,25.0,136.82,136.82,1.0,compliant,0.0
INV430341,2025-01-11,2025 Q1,673,Importer,Medium,235,Cafe,Coffee_Beans,25.924652,25.0,648.12,648.12,1.0,compliant,0.0
INV432079,2025-01-11,2025 Q1,683,Importer,Small,237,Cafe,Coffee_Beans,15.356724,25.0,383.92,380.31,0.9906,compliant,3.6
INV438162,2025-01-11,2025 Q1,682,Importer,Small,244,Cafe,Coffee_Beans,7.076151,25.0,176.9,108.77,0.6149,partially_compliant,68.13
INV439900,2025-01-11,2025 Q1,688,Importer,Small,246,Cafe,Coffee_Beans,9.745105,25.0,243.63,243.63,1.0,compliant,0.0
INV445114,2025-01-11,2025 Q1,675,Importer,Small,252,Cafe,Coffee_Beans,6.797152,25.0,169.93,168.35,0.9907,compliant,1.57
INV448590,2025-01-11,2025 Q1,678,Importer,Medium,256,Cafe,Coffee_Beans,8.670373,25.0,216.76,125.75,0.5801,partially_compliant,91.01
INV449459,2025-01-11,2025 Q1,680,Importer,Medium,257,Cafe,Coffee_Beans,24.685912,25.0,617.15,615.44,0.9972,compliant,1.71
INV454673,2025-01-11,2025 Q1,675,Importer,Small,263,Cafe,Coffee_Beans,5.814696,25.0,145.37,144.02,0.9907,compliant,1.35
INV459887,2025-01-11,2025 Q1,677,Importer,Small,269,Cafe,Coffee_Beans,5.47288,25.0,136.82,136.82,1.0,compliant,0.0
INV464232,2025-01-11,2025 Q1,673,Importer,Medium,274,Cafe,Coffee_Beans,5.890625,25.0,147.27,147.27,1.0,compliant,0.0
INV465101,2025-01-11,2025 Q1,689,Importer,Small,275,Cafe,Coffee_Beans,7.129341,25.0,178.23,178.23,1.0,compliant,0.0
INV465970,2025-01-11,2025 Q1,692,Importer,Large,276,Cafe,Coffee_Beans,6.057618,25.0,151.44,109.72,0.7245,partially_compliant,41.72
INV470315,2025-01-11,2025 Q1,689,Importer,Small,281,Cafe,Coffee_Beans,11.459797,25.0,286.49,286.49,1.0,compliant,0.0
INV475529,2025-01-11,2025 Q1,680,Importer,Medium,287,Cafe,Coffee_Beans,3.799583,25.0,94.99,94.73,0.9972,compliant,0.26
INV478136,2025-01-11,2025 Q1,675,Importer,Small,290,Cafe,Coffee_Beans,5.908517,25.0,147.71,146.34,0.9907,compliant,1.37
INV484219,2025-01-11,2025 Q1,689,Importer,Small,297,Cafe,Coffee_Beans,9.699088,25.0,242.48,242.48,1.0,compliant,0.0
INV485088,2025-01-11,2025 Q1,674,Importer,Small,298,Cafe,Coffee_Beans,6.660604,25.0,166.52,160.14,0.9617,compliant,6.37
INV490302,2025-01-11,2025 Q1,682,Importer,Small,304,Cafe,Coffee_Beans,5.852189,25.0,146.3,89.96,0.6149,partially_compliant,56.34
INV491171,2025-01-11,2025 Q1,682,Importer,Small,305,Cafe,Coffee_Beans,4.321563,25.0,108.04,66.43,0.6149,partially_compliant,41.61
INV496385,2025-01-11,2025 Q1,680,Importer,Medium,311,Cafe,Coffee_Beans,6.955581,25.0,173.89,173.41,0.9972,compliant,0.48
INV497254,2025-01-11,2025 Q1,689,Importer,Small,312,Cafe,Coffee_Beans,6.141756,25.0,153.54,153.54,1.0,compliant,0.0
INV498123,2025-01-11,2025 Q1,682,Importer,Small,313,Cafe,Coffee_Beans,3.334463,25.0,83.36,51.26,0.6149,partially_compliant,32.1
INV502468,2025-01-11,2025 Q1,688,Importer,Small,318,Cafe,Coffee_Beans,31.932456,25.0,798.31,798.31,1.0,compliant,0.0
INV507682,2025-01-11,2025 Q1,692,Importer,Large,324,Cafe,Coffee_Beans,5.857796,25.0,146.44,106.1,0.7245,partially_compliant,40.34
INV515503,2025-01-11,2025 Q1,678,Importer,Medium,333,Cafe,Coffee_Beans,5.142213,25.0,128.56,74.58,0.5801,partially_compliant,53.98
INV518110,2025-01-11,2025 Q1,690,Importer,Small,336,Cafe,Coffee_Beans,8.153643,25.0,203.84,79.76,0.3913,partially_compliant,124.09
INV522455,2025-01-11,2025 Q1,690,Importer,Small,341,Cafe,Coffee_Beans,4.693141,25.0,117.33,45.91,0.3913,partially_compliant,71.42
INV523324,2025-01-11,2025 Q1,686,Importer,Small,342,Cafe,Coffee_Beans,3.703809,25.0,92.6,56.93,0.6149,partially_compliant,35.66
INV524193,2025-01-11,2025 Q1,690,Importer,Small,343,Cafe,Coffee_Beans,9.239746,25.0,230.99,90.38,0.3913,partially_compliant,140.61
INV532883,2025-01-11,2025 Q1,686,Importer,Small,353,Cafe,Coffee_Beans,10.729126,25.0,268.23,164.93,0.6149,partially_compliant,103.3
INV534621,2025-01-11,2025 Q1,678,Importer,Medium,355,Cafe,Coffee_Beans,17.739928,25.0,443.5,257.29,0.5801,partially_compliant,186.21
INV537228,2025-01-11,2025 Q1,679,Importer,Large,358,Cafe,Coffee_Beans,6.400948,25.0,160.02,90.52,0.5657,partially_compliant,69.51
INV542521,2025-01-11,2025 Q1,673,Importer,Medium,365,Fine_Dine_Meat,Beer,31.977483,3.0,95.93,95.93,1.0,compliant,0.0
INV544732,2025-01-11,2025 Q1,692,Importer,Large,369,Fine_Dine_Meat,Wine,23.408507,10.67,249.77,180.96,0.7245,partially_compliant,68.81
INV547497,2025-01-11,2025 Q1,675,Importer,Small,374,Fine_Dine_Meat,Wine,27.299548,10.67,291.29,288.59,0.9907,compliant,2.7
INV547498,2025-01-11,2025 Q1,683,Importer,Small,374,Fine_Dine_Meat,Beer,40.949323,3.0,122.85,121.69,0.9906,compliant,1.15
INV549710,2025-01-11,2025 Q1,679,Importer,Large,378,Fine_Dine_Meat,Beer,29.406123,3.0,88.22,49.9,0.5657,partially_compliant,38.32
INV550262,2025-01-11,2025 Q1,686,Importer,Small,379,Fine_Dine_Meat,Wine,51.732195,10.67,551.98,339.4,0.6149,partially_compliant,212.58
INV551921,2025-01-11,2025 Q1,677,Importer,Small,382,Fine_Dine_Meat,Wine,27.587798,10.67,294.36,294.36,1.0,compliant,0.0
INV553027,2025-01-11,2025 Q1,682,Importer,Small,384,Fine_Dine_Meat,Wine,19.523602,10.67,208.32,128.09,0.6149,partially_compliant,80.23
INV553028,2025-01-11,2025 Q1,680,Importer,Medium,384,Fine_Dine_Meat,Beer,29.285403,3.0,87.86,87.61,0.9972,compliant,0.24
INV555239,2025-01-11,2025 Q1,686,Importer,Small,388,Fine_Dine_Meat,Wine,10.627365,10.67,113.39,69.72,0.6149,partially_compliant,43.67
INV555240,2025-01-11,2025 Q1,680,Importer,Medium,388,Fine_Dine_Meat,Beer,15.941047,3.0,47.82,47.69,0.9972,compliant,0.13
INV555792,2025-01-11,2025 Q1,680,Importer,Medium,389,Fine_Dine_Meat,Wine,21.240992,10.67,226.64,226.01,0.9972,compliant,0.63
INV556898,2025-01-11,2025 Q1,692,Importer,Large,391,Fine_Dine_Meat,Wine,18.687475,10.67,199.4,144.46,0.7245,partially_compliant,54.93
INV557452,2025-01-11,2025 Q1,692,Importer,Large,392,Fine_Dine_Meat,Beer,19.379514,3.0,58.14,42.12,0.7245,partially_compliant,16.02
INV558557,2025-01-11,2025 Q1,679,Importer,Large,394,Fine_Dine_Meat,Wine,29.905139,10.67,319.09,180.49,0.5657,partially_compliant,138.59
INV559110,2025-01-11,2025 Q1,686,Importer,Small,395,Fine_Dine_Meat,Wine,31.888338,10.67,340.25,209.21,0.6149,partially_compliant,131.04
INV559664,2025-01-11,2025 Q1,685,Importer,Small,396,Fine_Dine_Meat,Beer,65.417938,3.0,196.25,192.28,0.9797,compliant,3.98
INV560217,2025-01-11,2025 Q1,675,Importer,Small,397,Fine_Dine_Meat,Beer,20.639425,3.0,61.92,61.34,0.9907,compliant,0.57
INV561322,2025-01-11,2025 Q1,673,Importer,Medium,399,Fine_Dine_Meat,Wine,42.559217,10.67,454.11,454.11,1.0,compliant,0.0
INV566299,2025-01-11,2025 Q1,681,Importer,Small,408,Fine_Dine_Meat,Wine,50.128636,10.67,534.87,0.0,0.0,non_compliant,534.87
INV567958,2025-01-11,2025 Q1,673,Importer,Medium,411,Fine_Dine_Meat,Wine,17.735688,10.67,189.24,189.24,1.0,compliant,0.0
INV567959,2025-01-11,2025 Q1,673,Importer,Medium,411,Fine_Dine_Meat,Beer,26.603532,3.0,79.81,79.81,1.0,compliant,0.0
INV568511,2025-01-11,2025 Q1,680,Importer,Medium,412,Fine_Dine_Meat,Wine,44.852416,10.67,478.58,477.25,0.9972,compliant,1.32
INV569617,2025-01-11,2025 Q1,689,Importer,Small,414,Fine_Dine_Meat,Wine,39.683386,10.67,423.42,423.42,1.0,compliant,0.0
INV570723,2025-01-11,2025 Q1,680,Importer,Medium,416,Fine_Dine_Meat,Wine,25.686866,10.67,274.08,273.32,0.9972,compliant,0.76
INV571829,2025-01-11,2025 Q1,675,Importer,Small,418,Fine_Dine_Meat,Wine,47.111237,10.67,502.68,498.02,0.9907,compliant,4.66
INV574041,2025-01-11,2025 Q1,673,Importer,Medium,422,Fine_Dine_Meat,Wine,26.604934,10.67,283.87,283.87,1.0,compliant,0.0
INV576806,2025-01-11,2025 Q1,678,Importer,Medium,427,Fine_Dine_Meat,Wine,20.257566,10.67,216.15,125.4,0.5801,partially_compliant,90.75
INV577359,2025-01-11,2025 Q1,689,Importer,Small,428,Fine_Dine_Meat,Wine,20.541913,10.67,219.18,219.18,1.0,compliant,0.0
INV578465,2025-01-11,2025 Q1,685,Importer,Small,430,Fine_Dine_Meat,Wine,35.483979,10.67,378.61,370.94,0.9797,compliant,7.67
INV579018,2025-01-11,2025 Q1,692,Importer,Large,431,Fine_Dine_Meat,Wine,20.587117,10.67,219.66,159.15,0.7245,partially_compliant,60.52
INV579571,2025-01-11,2025 Q1,673,Importer,Medium,432,Fine_Dine_Meat,Wine,38.191732,10.67,407.51,407.51,1.0,compliant,0.0
INV580125,2025-01-11,2025 Q1,679,Importer,Large,433,Fine_Dine_Meat,Beer,18.289548,3.0,54.87,31.04,0.5657,partially_compliant,23.83
INV580678,2025-01-11,2025 Q1,692,Importer,Large,434,Fine_Dine_Meat,Beer,35.918139,3.0,107.75,78.07,0.7245,partially_compliant,29.69
INV581231,2025-01-11,2025 Q1,687,Importer,Medium,435,Fine_Dine_Meat,Beer,57.684114,3.0,173.05,120.64,0.6971,partially_compliant,52.41
INV583995,2025-01-11,2025 Q1,679,Importer,Large,440,Fine_Dine_Meat,Wine,23.429111,10.67,249.99,141.41,0.5657,partially_compliant,108.58
INV583996,2025-01-11,2025 Q1,692,Importer,Large,440,Fine_Dine_Meat,Beer,35.143667,3.0,105.43,76.39,0.7245,partially_compliant,29.05
INV587866,2025-01-11,2025 Q1,686,Importer,Small,447,Fine_Dine_Vegetarian,Wine,35.513234,10.67,378.93,232.99,0.6149,partially_compliant,145.93
INV588419,2025-01-11,2025 Q1,679,Importer,Large,448,Fine_Dine_Vegetarian,Wine,66.968994,10.67,714.56,404.2,0.5657,partially_compliant,310.36
INV588972,2025-01-11,2025 Q1,692,Importer,Large,449,Fine_Dine_Vegetarian,Wine,40.168903,10.67,428.6,310.53,0.7245,partially_compliant,118.08
INV589525,2025-01-11,2025 Q1,680,Importer,Medium,450,Fine_Dine_Vegetarian,Wine,89.980077,10.67,960.09,957.43,0.9972,compliant,2.65
INV591184,2025-01-11,2025 Q1,682,Importer,Small,453,Fine_Dine_Vegetarian,Wine,57.549756,10.67,614.06,377.57,0.6149,partially_compliant,236.49
INV592843,2025-01-11,2025 Q1,675,Importer,Small,456,Fine_Dine_Vegetarian,Wine,27.08957,10.67,289.05,286.37,0.9907,compliant,2.68
INV594502,2025-01-11,2025 Q1,673,Importer,Medium,459,Fine_Dine_Vegetarian,Wine,22.966422,10.67,245.05,245.05,1.0,compliant,0.0
INV596161,2025-01-11,2025 Q1,673,Importer,Medium,462,Fine_Dine_Vegetarian,Wine,24.315052,10.67,259.44,259.44,1.0,compliant,0.0
INV596714,2025-01-11,2025 Q1,690,Importer,Small,463,Fine_Dine_Vegetarian,Wine,56.838619,10.67,606.47,237.29,0.3913,partially_compliant,369.18
INV597267,2025-01-11,2025 Q1,677,Importer,Small,464,Fine_Dine_Vegetarian,Wine,28.579321,10.67,304.94,304.94,1.0,compliant,0.0
INV600032,2025-01-11,2025 Q1,682,Importer,Small,469,Fine_Dine_Vegetarian,Wine,21.70781,10.67,231.62,142.42,0.6149,partially_compliant,89.2
INV601691,2025-01-11,2025 Q1,689,Importer,Small,472,Fine_Dine_Vegetarian,Wine,22.517919,10.67,240.27,240.27,1.0,compliant,0.0
INV603903,2025-01-11,2025 Q1,692,Importer,Large,476,Fine_Dine_Vegetarian,Wine,29.057314,10.67,310.04,224.63,0.7245,partially_compliant,85.41
INV605562,2025-01-11,2025 Q1,673,Importer,Medium,479,Fine_Dine_Vegetarian,Wine,29.804993,10.67,318.02,318.02,1.0,compliant,0.0
INV607774,2025-01-11,2025 Q1,675,Importer,Small,483,Fine_Dine_Vegetarian,Wine,42.713721,10.67,455.76,451.53,0.9907,compliant,4.22
INV609433,2025-01-11,2025 Q1,692,Importer,Large,486,Fine_Dine_Vegetarian,Wine,45.69741,10.67,487.59,353.26,0.7245,partially_compliant,134.33
INV613857,2025-01-11,2025 Q1,686,Importer,Small,494,Fine_Dine_Vegetarian,Wine,22.331923,10.67,238.28,146.51,0.6149,partially_compliant,91.77
INV617175,2025-01-11,2025 Q1,673,Importer,Medium,500,Fine_Dine_Vegetarian,Wine,32.074734,10.67,342.24,342.24,1.0,compliant,0.0
INV402544,2025-01-18,2025 Q1,692,Importer,Large,203,Cafe,Coffee_Beans,24.017941,25.0,600.45,435.03,0.7245,partially_compliant,165.42
INV404282,2025-01-18,2025 Q1,680,Importer,Medium,205,Cafe,Coffee_Beans,4.455074,25.0,111.38,111.07,0.9972,compliant,0.31
INV406020,2025-01-18,2025 Q1,684,Importer,Medium,207,Cafe,Coffee_Beans,6.014582,25.0,150.36,150.36,1.0,compliant,0.0
INV415579,2025-01-18,2025 Q1,677,Importer,Small,218,Cafe,Coffee_Beans,14.54325,25.0,363.58,363.58,1.0,compliant,0.0
INV420793,2025-01-18,2025 Q1,686,Importer,Small,224,Cafe,Coffee_Beans,6.770286,25.0,169.26,104.07,0.6149,partially_compliant,65.18
INV424269,2025-01-18,2025 Q1,677,Importer,Small,228,Cafe,Coffee_Beans,6.462287,25.0,161.56,161.56,1.0,compliant,0.0
INV426007,2025-01-18,2025 Q1,682,Importer,Small,230,Cafe,Coffee_Beans,7.246303,25.0,181.16,111.39,0.6149,partially_compliant,69.77
INV426876,2025-01-18,2025 Q1,681,Importer,Small,231,Cafe,Coffee_Beans,6.421817,25.0,160.55,0.0,0.0,non_compliant,160.55
INV429483,2025-01-18,2025 Q1,673,Importer,Medium,234,Cafe,Coffee_Beans,5.602582,25.0,140.06,140.06,1.0,compliant,0.0
INV430352,2025-01-18,2025 Q1,673,Importer,Medium,235,Cafe,Coffee_Beans,26.539412,25.0,663.49,663.49,1.0,compliant,0.0
INV432090,2025-01-18,2025 Q1,683,Importer,Small,237,Cafe,Coffee_Beans,15.720884,25.0,393.02,389.33,0.9906,compliant,3.69
INV438173,2025-01-18,2025 Q1,682,Importer,Small,244,Cafe,Coffee_Beans,7.24395,25.0,181.1,111.35,0.6149,partially_compliant,69.74
INV439911,2025-01-18,2025 Q1,688,Importer,Small,246,Cafe,Coffee_Beans,7.94567,25.0,198.64,198.64,1.0,compliant,0.0
INV445125,2025-01-18,2025 Q1,675,Importer,Small,252,Cafe,Coffee_Beans,6.958336,25.0,173.96,172.35,0.9907,compliant,1.61
INV448601,2025-01-18,2025 Q1,678,Importer,Medium,256,Cafe,Coffee_Beans,8.875976,25.0,221.9,128.73,0.5801,partially_compliant,93.17
INV449470,2025-01-18,2025 Q1,680,Importer,Medium,257,Cafe,Coffee_Beans,25.271298,25.0,631.78,630.04,0.9972,compliant,1.75
INV454684,2025-01-18,2025 Q1,675,Importer,Small,263,Cafe,Coffee_Beans,5.952582,25.0,148.81,147.44,0.9907,compliant,1.38
INV459898,2025-01-18,2025 Q1,677,Importer,Small,269,Cafe,Coffee_Beans,5.60266,25.0,140.07,140.07,1.0,compliant,0.0
INV464243,2025-01-18,2025 Q1,673,Importer,Medium,274,Cafe,Coffee_Beans,6.030311,25.0,150.76,150.76,1.0,compliant,0.0
INV465112,2025-01-18,2025 Q1,689,Importer,Small,275,Cafe,Coffee_Beans,7.298402,25.0,182.46,182.46,1.0,compliant,0.0
INV465981,2025-01-18,2025 Q1,692,Importer,Large,276,Cafe,Coffee_Beans,6.201265,25.0,155.03,112.32,0.7245,partially_compliant,42.71
INV470326,2025-01-18,2025 Q1,689,Importer,Small,281,Cafe,Coffee_Beans,11.731547,25.0,293.29,293.29,1.0,compliant,0.0
INV475540,2025-01-18,2025 Q1,680,Importer,Medium,287,Cafe,Coffee_Beans,5.415789,25.0,135.39,135.02,0.9972,compliant,0.37
INV478147,2025-01-18,2025 Q1,675,Importer,Small,290,Cafe,Coffee_Beans,6.048628,25.0,151.22,149.81,0.9907,compliant,1.4
INV484230,2025-01-18,2025 Q1,689,Importer,Small,297,Cafe,Coffee_Beans,9.697761,25.0,242.44,242.44,1.0,compliant,0.0
INV485099,2025-01-18,2025 Q1,674,Importer,Small,298,Cafe,Coffee_Beans,6.818549,25.0,170.46,163.94,0.9617,compliant,6.52
INV490313,2025-01-18,2025 Q1,682,Importer,Small,304,Cafe,Coffee_Beans,5.990964,25.0,149.77,92.09,0.6149,partially_compliant,57.68
INV491182,2025-01-18,2025 Q1,682,Importer,Small,305,Cafe,Coffee_Beans,4.645477,25.0,116.14,71.41,0.6149,partially_compliant,44.73
INV496396,2025-01-18,2025 Q1,680,Importer,Medium,311,Cafe,Coffee_Beans,7.120521,25.0,178.01,177.52,0.9972,compliant,0.49
INV497265,2025-01-18,2025 Q1,689,Importer,Small,312,Cafe,Coffee_Beans,6.287397,25.0,157.18,157.18,1.0,compliant,0.0
INV498134,2025-01-18,2025 Q1,682,Importer,Small,313,Cafe,Coffee_Beans,3.348908,25.0,83.72,51.48,0.6149,partially_compliant,32.24
INV502479,2025-01-18,2025 Q1,688,Importer,Small,318,Cafe,Coffee_Beans,33.227141,25.0,830.68,830.68,1.0,compliant,0.0
INV507693,2025-01-18,2025 Q1,692,Importer,Large,324,Cafe,Coffee_Beans,5.996704,25.0,149.92,108.62,0.7245,partially_compliant,41.3
INV515514,2025-01-18,2025 Q1,678,Importer,Medium,333,Cafe,Coffee_Beans,5.264152,25.0,131.6,76.35,0.5801,partially_compliant,55.26
INV518121,2025-01-18,2025 Q1,690,Importer,Small,336,Cafe,Coffee_Beans,8.626592,25.0,215.66,84.38,0.3913,partially_compliant,131.28
INV522466,2025-01-18,2025 Q1,690,Importer,Small,341,Cafe,Coffee_Beans,4.804432,25.0,120.11,46.99,0.3913,partially_compliant,73.12
INV523335,2025-01-18,2025 Q1,686,Importer,Small,342,Cafe,Coffee_Beans,3.791639,25.0,94.79,58.28,0.6149,partially_compliant,36.51
INV524204,2025-01-18,2025 Q1,690,Importer,Small,343,Cafe,Coffee_Beans,9.873323,25.0,246.83,96.58,0.3913,partially_compliant,150.26
INV532894,2025-01-18,2025 Q1,686,Importer,Small,353,Cafe,Coffee_Beans,10.983549,25.0,274.59,168.84,0.6149,partially_compliant,105.75
INV534632,2025-01-18,2025 Q1,678,Importer,Medium,355,Cafe,Coffee_Beans,18.160601,25.0,454.02,263.39,0.5801,partially_compliant,190.62
INV537239,2025-01-18,2025 Q1,679,Importer,Large,358,Cafe,Coffee_Beans,6.552736,25.0,163.82,92.67,0.5657,partially_compliant,71.15
INV542528,2025-01-18,2025 Q1,673,Importer,Medium,365,Fine_Dine_Meat,Beer,32.17755,3.0,96.53,96.53,1.0,compliant,0.0
INV544739,2025-01-18,2025 Q1,692,Importer,Large,369,Fine_Dine_Meat,Wine,23.554962,10.67,251.33,182.09,0.7245,partially_compliant,69.24
INV547504,2025-01-18,2025 Q1,675,Importer,Small,374,Fine_Dine_Meat,Wine,27.470347,10.67,293.11,290.39,0.9907,compliant,2.72
INV547505,2025-01-18,2025 Q1,683,Importer,Small,374,Fine_Dine_Meat,Beer,41.205521,3.0,123.62,122.46,0.9906,compliant,1.16
INV549717,2025-01-18,2025 Q1,679,Importer,Large,378,Fine_Dine_Meat,Beer,29.590101,3.0,88.77,50.21,0.5657,partially_compliant,38.56
INV550269,2025-01-18,2025 Q1,686,Importer,Small,379,Fine_Dine_Meat,Wine,52.055855,10.67,555.44,341.52,0.6149,partially_compliant,213.91
INV551928,2025-01-18,2025 Q1,677,Importer,Small,382,Fine_Dine_Meat,Wine,29.938524,10.67,319.44,319.44,1.0,compliant,0.0
INV553034,2025-01-18,2025 Q1,682,Importer,Small,384,Fine_Dine_Meat,Wine,19.645751,10.67,209.62,128.89,0.6149,partially_compliant,80.73
INV553035,2025-01-18,2025 Q1,680,Importer,Medium,384,Fine_Dine_Meat,Beer,29.468626,3.0,88.41,88.16,0.9972,compliant,0.24
INV555246,2025-01-18,2025 Q1,686,Importer,Small,388,Fine_Dine_Meat,Wine,10.926598,10.67,116.59,71.69,0.6149,partially_compliant,44.9
INV555247,2025-01-18,2025 Q1,680,Importer,Medium,388,Fine_Dine_Meat,Beer,16.389898,3.0,49.17,49.03,0.9972,compliant,0.14
INV555799,2025-01-18,2025 Q1,680,Importer,Medium,389,Fine_Dine_Meat,Wine,21.373886,10.67,228.06,227.43,0.9972,compliant,0.63
INV556905,2025-01-18,2025 Q1,692,Importer,Large,391,Fine_Dine_Meat,Wine,18.804393,10.67,200.64,145.37,0.7245,partially_compliant,55.28
INV557459,2025-01-18,2025 Q1,692,Importer,Large,392,Fine_Dine_Meat,Beer,18.986005,3.0,56.96,41.27,0.7245,partially_compliant,15.69
INV558564,2025-01-18,2025 Q1,679,Importer,Large,394,Fine_Dine_Meat,Wine,30.09224,10.67,321.08,181.62,0.5657,partially_compliant,139.46
INV559117,2025-01-18,2025 Q1,686,Importer,Small,395,Fine_Dine_Meat,Wine,32.087847,10.67,342.38,210.52,0.6149,partially_compliant,131.86
INV559671,2025-01-18,2025 Q1,685,Importer,Small,396,Fine_Dine_Meat,Beer,65.827223,3.0,197.48,193.48,0.9797,compliant,4.0
INV560224,2025-01-18,2025 Q1,675,Importer,Small,397,Fine_Dine_Meat,Beer,24.034152,3.0,72.1,71.43,0.9907,compliant,0.67
INV561329,2025-01-18,2025 Q1,673,Importer,Medium,399,Fine_Dine_Meat,Wine,42.825487,10.67,456.95,456.95,1.0,compliant,0.0
INV566306,2025-01-18,2025 Q1,681,Importer,Small,408,Fine_Dine_Meat,Wine,50.442264,10.67,538.22,0.0,0.0,non_compliant,538.22
INV567965,2025-01-18,2025 Q1,673,Importer,Medium,411,Fine_Dine_Meat,Wine,17.846651,10.67,190.42,190.42,1.0,compliant,0.0
INV567966,2025-01-18,2025 Q1,673,Importer,Medium,411,Fine_Dine_Meat,Beer,26.769976,3.0,80.31,80.31,1.0,compliant,0.0
INV568518,2025-01-18,2025 Q1,680,Importer,Medium,412,Fine_Dine_Meat,Wine,45.133033,10.67,481.57,480.24,0.9972,compliant,1.33
INV569624,2025-01-18,2025 Q1,689,Importer,Small,414,Fine_Dine_Meat,Wine,41.404927,10.67,441.79,441.79,1.0,compliant,0.0
INV570730,2025-01-18,2025 Q1,680,Importer,Medium,416,Fine_Dine_Meat,Wine,25.847575,10.67,275.79,275.03,0.9972,compliant,0.76
INV571836,2025-01-18,2025 Q1,675,Importer,Small,418,Fine_Dine_Meat,Wine,47.405986,10.67,505.82,501.13,0.9907,compliant,4.69
INV574048,2025-01-18,2025 Q1,673,Importer,Medium,422,Fine_Dine_Meat,Wine,26.771387,10.67,285.65,285.65,1.0,compliant,0.0
INV576813,2025-01-18,2025 Q1,678,Importer,Medium,427,Fine_Dine_Meat,Wine,20.384306,10.67,217.5,126.18,0.5801,partially_compliant,91.32
INV577366,2025-01-18,2025 Q1,689,Importer,Small,428,Fine_Dine_Meat,Wine,20.670433,10.67,220.55,220.55,1.0,compliant,0.0
INV578472,2025-01-18,2025 Q1,685,Importer,Small,430,Fine_Dine_Meat,Wine,41.515128,10.67,442.97,433.99,0.9797,compliant,8.97
INV579025,2025-01-18,2025 Q1,692,Importer,Large,431,Fine_Dine_Meat,Wine,20.715919,10.67,221.04,160.14,0.7245,partially_compliant,60.89
INV579578,2025-01-18,2025 Q1,673,Importer,Medium,432,Fine_Dine_Meat,Wine,38.430677,10.67,410.06,410.06,1.0,compliant,0.0
INV580132,2025-01-18,2025 Q1,679,Importer,Large,433,Fine_Dine_Meat,Beer,16.16403,3.0,48.49,27.43,0.5657,partially_compliant,21.06
INV580685,2025-01-18,2025 Q1,692,Importer,Large,434,Fine_Dine_Meat,Beer,36.142859,3.0,108.43,78.56,0.7245,partially_compliant,29.87
INV581238,2025-01-18,2025 Q1,687,Importer,Medium,435,Fine_Dine_Meat,Beer,58.732682,3.0,176.2,122.83,0.6971,partially_compliant,53.36
INV584002,2025-01-18,2025 Q1,679,Importer,Large,440,Fine_Dine_Meat,Wine,23.575695,10.67,251.55,142.29,0.5657,partially_compliant,109.26
INV584003,2025-01-18,2025 Q1,692,Importer,Large,440,Fine_Dine_Meat,Beer,35.363542,3.0,106.09,76.86,0.7245,partially_compliant,29.23
INV587873,2025-01-18,2025 Q1,686,Importer,Small,447,Fine_Dine_Vegetarian,Wine,35.735421,10.67,381.3,234.45,0.6149,partially_compliant,146.85
INV588426,2025-01-18,2025 Q1,679,Importer,Large,448,Fine_Dine_Vegetarian,Wine,67.387984,10.67,719.03,406.72,0.5657,partially_compliant,312.31
INV588979,2025-01-18,2025 Q1,692,Importer,Large,449,Fine_Dine_Vegetarian,Wine,41.392329,10.67,441.66,319.98,0.7245,partially_compliant,121.67
INV589532,2025-01-18,2025 Q1,680,Importer,Medium,450,Fine_Dine_Vegetarian,Wine,90.543034,10.67,966.09,963.42,0.9972,compliant,2.67
INV591191,2025-01-18,2025 Q1,682,Importer,Small,453,Fine_Dine_Vegetarian,Wine,57.909814,10.67,617.9,379.93,0.6149,partially_compliant,237.97
INV592850,2025-01-18,2025 Q1,675,Importer,Small,456,Fine_Dine_Vegetarian,Wine,27.259055,10.67,290.85,288.16,0.9907,compliant,2.7
INV594509,2025-01-18,2025 Q1,673,Importer,Medium,459,Fine_Dine_Vegetarian,Wine,23.110111,10.67,246.58,246.58,1.0,compliant,0.0
INV596168,2025-01-18,2025 Q1,673,Importer,Medium,462,Fine_Dine_Vegetarian,Wine,24.467178,10.67,261.06,261.06,1.0,compliant,0.0
INV596721,2025-01-18,2025 Q1,690,Importer,Small,463,Fine_Dine_Vegetarian,Wine,57.194227,10.67,610.26,238.77,0.3913,partially_compliant,371.49
INV597274,2025-01-18,2025 Q1,677,Importer,Small,464,Fine_Dine_Vegetarian,Wine,28.758127,10.67,306.85,306.85,1.0,compliant,0.0
INV600039,2025-01-18,2025 Q1,682,Importer,Small,469,Fine_Dine_Vegetarian,Wine,23.12126,10.67,246.7,151.69,0.6149,partially_compliant,95.01
INV601698,2025-01-18,2025 Q1,689,Importer,Small,472,Fine_Dine_Vegetarian,Wine,22.658802,10.67,241.77,241.77,1.0,compliant,0.0
INV603910,2025-01-18,2025 Q1,692,Importer,Large,476,Fine_Dine_Vegetarian,Wine,29.239111,10.67,311.98,226.03,0.7245,partially_compliant,85.95
INV605569,2025-01-18,2025 Q1,673,Importer,Medium,479,Fine_Dine_Vegetarian,Wine,39.624337,10.67,422.79,422.79,1.0,compliant,0.0
INV607781,2025-01-18,2025 Q1,675,Importer,Small,483,Fine_Dine_Vegetarian,Wine,42.980958,10.67,458.61,454.36,0.9907,compliant,4.25
INV609440,2025-01-18,2025 Q1,692,Importer,Large,486,Fine_Dine_Vegetarian,Wine,45.983314,10.67,490.64,355.47,0.7245,partially_compliant,135.17
INV613864,2025-01-18,2025 Q1,686,Importer,Small,494,Fine_Dine_Vegetarian,Wine,22.301276,10.67,237.95,146.31,0.6149,partially_compliant,91.64
INV617182,2025-01-18,2025 Q1,673,Importer,Medium,500,Fine_Dine_Vegetarian,Wine,32.275409,10.67,344.38,344.38,1.0,compliant,0.0
INV402555,2025-01-25,2025 Q1,692,Importer,Large,203,Cafe,Coffee_Beans,27.005162,25.0,675.13,489.14,0.7245,partially_compliant,185.99
INV404293,2025-01-25,2025 Q1,680,Importer,Medium,205,Cafe,Coffee_Beans,5.009172,25.0,125.23,124.88,0.9972,compliant,0.35
INV406031,2025-01-25,2025 Q1,684,Importer,Medium,207,Cafe,Coffee_Beans,6.762643,25.0,169.07,169.07,1.0,compliant,0.0
INV415590,2025-01-25,2025 Q1,677,Importer,Small,218,Cafe,Coffee_Beans,16.35206,25.0,408.8,408.8,1.0,compliant,0.0
INV420804,2025-01-25,2025 Q1,686,Importer,Small,224,Cafe,Coffee_Beans,8.556888,25.0,213.92,131.54,0.6149,partially_compliant,82.39
INV424280,2025-01-25,2025 Q1,677,Importer,Small,228,Cafe,Coffee_Beans,7.266031,25.0,181.65,181.65,1.0,compliant,0.0
INV426018,2025-01-25,2025 Q1,682,Importer,Small,230,Cafe,Coffee_Beans,8.147559,25.0,203.69,125.24,0.6149,partially_compliant,78.44
INV426887,2025-01-25,2025 Q1,681,Importer,Small,231,Cafe,Coffee_Beans,7.220528,25.0,180.51,0.0,0.0,non_compliant,180.51
INV429494,2025-01-25,2025 Q1,673,Importer,Medium,234,Cafe,Coffee_Beans,6.299401,25.0,157.49,157.49,1.0,compliant,0.0
INV430363,2025-01-25,2025 Q1,673,Importer,Medium,235,Cafe,Coffee_Beans,29.84024,25.0,746.01,746.01,1.0,compliant,0.0
INV432101,2025-01-25,2025 Q1,683,Importer,Small,237,Cafe,Coffee_Beans,17.676161,25.0,441.9,437.75,0.9906,compliant,4.15
INV438184,2025-01-25,2025 Q1,682,Importer,Small,244,Cafe,Coffee_Beans,8.144913,25.0,203.62,125.2,0.6149,partially_compliant,78.42
INV439922,2025-01-25,2025 Q1,688,Importer,Small,246,Cafe,Coffee_Beans,6.984238,25.0,174.61,174.61,1.0,compliant,0.0
INV445136,2025-01-25,2025 Q1,675,Importer,Small,252,Cafe,Coffee_Beans,7.823775,25.0,195.59,193.78,0.9907,compliant,1.81
INV448612,2025-01-25,2025 Q1,678,Importer,Medium,256,Cafe,Coffee_Beans,9.979922,25.0,249.5,144.74,0.5801,partially_compliant,104.75
INV449481,2025-01-25,2025 Q1,680,Importer,Medium,257,Cafe,Coffee_Beans,28.414404,25.0,710.36,708.4,0.9972,compliant,1.96
INV454695,2025-01-25,2025 Q1,675,Importer,Small,263,Cafe,Coffee_Beans,6.692932,25.0,167.32,165.77,0.9907,compliant,1.55
INV459909,2025-01-25,2025 Q1,677,Importer,Small,269,Cafe,Coffee_Beans,6.299489,25.0,157.49,157.49,1.0,compliant,0.0
INV464254,2025-01-25,2025 Q1,673,Importer,Medium,274,Cafe,Coffee_Beans,6.780329,25.0,169.51,169.51,1.0,compliant,0.0
INV465123,2025-01-25,2025 Q1,689,Importer,Small,275,Cafe,Coffee_Beans,8.206137,25.0,205.15,205.15,1.0,compliant,0.0
INV465992,2025-01-25,2025 Q1,692,Importer,Large,276,Cafe,Coffee_Beans,6.972544,25.0,174.31,126.29,0.7245,partially_compliant,48.02
INV470337,2025-01-25,2025 Q1,689,Importer,Small,281,Cafe,Coffee_Beans,13.190653,25.0,329.77,329.77,1.0,compliant,0.0
INV475551,2025-01-25,2025 Q1,680,Importer,Medium,287,Cafe,Coffee_Beans,7.440845,25.0,186.02,185.51,0.9972,compliant,0.51
INV478158,2025-01-25,2025 Q1,675,Importer,Small,290,Cafe,Coffee_Beans,6.800923,25.0,170.02,168.45,0.9907,compliant,1.58
INV484241,2025-01-25,2025 Q1,689,Importer,Small,297,Cafe,Coffee_Beans,10.724128,25.0,268.1,268.1,1.0,compliant,0.0
INV485110,2025-01-25,2025 Q1,674,Importer,Small,298,Cafe,Coffee_Beans,7.666603,25.0,191.67,184.33,0.9617,compliant,7.33
INV490324,2025-01-25,2025 Q1,682,Importer,Small,304,Cafe,Coffee_Beans,6.736087,25.0,168.4,103.55,0.6149,partially_compliant,64.86
INV491193,2025-01-25,2025 Q1,682,Importer,Small,305,Cafe,Coffee_Beans,5.431217,25.0,135.78,83.49,0.6149,partially_compliant,52.29
INV496407,2025-01-25,2025 Q1,680,Importer,Medium,311,Cafe,Coffee_Beans,8.006133,25.0,200.15,199.6,0.9972,compliant,0.55
INV497276,2025-01-25,2025 Q1,689,Importer,Small,312,Cafe,Coffee_Beans,7.06939,25.0,176.73,176.73,1.0,compliant,0.0
INV498145,2025-01-25,2025 Q1,682,Importer,Small,313,Cafe,Coffee_Beans,3.765427,25.0,94.14,57.88,0.6149,partially_compliant,36.25
INV502490,2025-01-25,2025 Q1,688,Importer,Small,318,Cafe,Coffee_Beans,37.81464,25.0,945.37,945.37,1.0,compliant,0.0
INV507704,2025-01-25,2025 Q1,692,Importer,Large,324,Cafe,Coffee_Beans,6.742542,25.0,168.56,122.13,0.7245,partially_compliant,46.44
INV515525,2025-01-25,2025 Q1,678,Importer,Medium,333,Cafe,Coffee_Beans,5.918879,25.0,147.97,85.84,0.5801,partially_compliant,62.13
INV518132,2025-01-25,2025 Q1,690,Importer,Small,336,Cafe,Coffee_Beans,9.933749,25.0,248.34,97.17,0.3913,partially_compliant,151.18
INV522477,2025-01-25,2025 Q1,690,Importer,Small,341,Cafe,Coffee_Beans,5.401981,25.0,135.05,52.84,0.3913,partially_compliant,82.21
INV523346,2025-01-25,2025 Q1,686,Importer,Small,342,Cafe,Coffee_Beans,4.263222,25.0,106.58,65.53,0.6149,partially_compliant,41.05
INV524215,2025-01-25,2025 Q1,690,Importer,Small,343,Cafe,Coffee_Beans,11.443156,25.0,286.08,111.93,0.3913,partially_compliant,174.15
INV532905,2025-01-25,2025 Q1,686,Importer,Small,353,Cafe,Coffee_Beans,12.349623,25.0,308.74,189.84,0.6149,partially_compliant,118.9
INV534643,2025-01-25,2025 Q1,678,Importer,Medium,355,Cafe,Coffee_Beans,20.419318,25.0,510.48,296.15,0.5801,partially_compliant,214.33
INV537250,2025-01-25,2025 Q1,679,Importer,Large,358,Cafe,Coffee_Beans,7.36773,25.0,184.19,104.19,0.5657,partially_compliant,80.0
INV542535,2025-01-25,2025 Q1,673,Importer,Medium,365,Fine_Dine_Meat,Beer,34.175516,3.0,102.53,102.53,1.0,compliant,0.0
INV544746,2025-01-25,2025 Q1,692,Importer,Large,369,Fine_Dine_Meat,Wine,25.017535,10.67,266.94,193.4,0.7245,partially_compliant,73.54
INV547511,2025-01-25,2025 Q1,675,Importer,Small,374,Fine_Dine_Meat,Wine,29.176035,10.67,311.31,308.42,0.9907,compliant,2.89
INV547512,2025-01-25,2025 Q1,683,Importer,Small,374,Fine_Dine_Meat,Beer,43.764052,3.0,131.29,130.06,0.9906,compliant,1.23
INV549724,2025-01-25,2025 Q1,679,Importer,Large,378,Fine_Dine_Meat,Beer,31.427408,3.0,94.28,53.33,0.5657,partially_compliant,40.95
INV550276,2025-01-25,2025 Q1,686,Importer,Small,379,Fine_Dine_Meat,Wine,55.288105,10.67,589.92,362.73,0.6149,partially_compliant,227.19
INV551935,2025-01-25,2025 Q1,677,Importer,Small,382,Fine_Dine_Meat,Wine,33.653358,10.67,359.08,359.08,1.0,compliant,0.0
INV553041,2025-01-25,2025 Q1,682,Importer,Small,384,Fine_Dine_Meat,Wine,20.865594,10.67,222.64,136.89,0.6149,partially_compliant,85.74
INV553042,2025-01-25,2025 Q1,680,Importer,Medium,384,Fine_Dine_Meat,Beer,31.298391,3.0,93.9,93.64,0.9972,compliant,0.26
INV555253,2025-01-25,2025 Q1,686,Importer,Small,388,Fine_Dine_Meat,Wine,11.807648,10.67,125.99,77.47,0.6149,partially_compliant,48.52
INV555254,2025-01-25,2025 Q1,680,Importer,Medium,388,Fine_Dine_Meat,Beer,17.711472,3.0,53.13,52.99,0.9972,compliant,0.15
INV555806,2025-01-25,2025 Q1,680,Importer,Medium,389,Fine_Dine_Meat,Wine,22.701032,10.67,242.22,241.55,0.9972,compliant,0.67
INV556912,2025-01-25,2025 Q1,692,Importer,Large,391,Fine_Dine_Meat,Wine,19.971994,10.67,213.1,154.39,0.7245,partially_compliant,58.71
INV557466,2025-01-25,2025 Q1,692,Importer,Large,392,Fine_Dine_Meat,Beer,19.764404,3.0,59.29,42.96,0.7245,partially_compliant,16.33
INV558571,2025-01-25,2025 Q1,679,Importer,Large,394,Fine_Dine_Meat,Wine,31.960726,10.67,341.02,192.9,0.5657,partially_compliant,148.12
INV559124,2025-01-25,2025 Q1,686,Importer,Small,395,Fine_Dine_Meat,Wine,34.080244,10.67,363.64,223.59,0.6149,partially_compliant,140.04
INV559678,2025-01-25,2025 Q1,685,Importer,Small,396,Fine_Dine_Meat,Beer,69.914564,3.0,209.74,205.49,0.9797,compliant,4.25
INV560231,2025-01-25,2025 Q1,675,Importer,Small,397,Fine_Dine_Meat,Beer,28.175587,3.0,84.53,83.74,0.9907,compliant,0.78
INV561336,2025-01-25,2025 Q1,673,Importer,Medium,399,Fine_Dine_Meat,Wine,45.484605,10.67,485.32,485.32,1.0,compliant,0.0
INV566313,2025-01-25,2025 Q1,681,Importer,Small,408,Fine_Dine_Meat,Wine,53.574322,10.67,571.64,0.0,0.0,non_compliant,571.64
INV567972,2025-01-25,2025 Q1,673,Importer,Medium,411,Fine_Dine_Meat,Wine,18.954784,10.67,202.25,202.25,1.0,compliant,0.0
INV567973,2025-01-25,2025 Q1,673,Importer,Medium,411,Fine_Dine_Meat,Beer,28.432176,3.0,85.3,85.3,1.0,compliant,0.0
INV568525,2025-01-25,2025 Q1,680,Importer,Medium,412,Fine_Dine_Meat,Wine,47.935431,10.67,511.47,510.06,0.9972,compliant,1.41
INV569631,2025-01-25,2025 Q1,689,Importer,Small,414,Fine_Dine_Meat,Wine,45.296637,10.67,483.32,483.32,1.0,compliant,0.0
INV570737,2025-01-25,2025 Q1,680,Importer,Medium,416,Fine_Dine_Meat,Wine,27.452501,10.67,292.92,292.11,0.9972,compliant,0.81
INV571843,2025-01-25,2025 Q1,675,Importer,Small,418,Fine_Dine_Meat,Wine,50.349516,10.67,537.23,532.25,0.9907,compliant,4.98
INV574055,2025-01-25,2025 Q1,673,Importer,Medium,422,Fine_Dine_Meat,Wine,28.433674,10.67,303.39,303.39,1.0,compliant,0.0
INV576820,2025-01-25,2025 Q1,678,Importer,Medium,427,Fine_Dine_Meat,Wine,21.650008,10.67,231.01,134.02,0.5801,partially_compliant,96.99
INV577373,2025-01-25,2025 Q1,689,Importer,Small,428,Fine_Dine_Meat,Wine,21.9539,10.67,234.25,234.25,1.0,compliant,0.0
INV578479,2025-01-25,2025 Q1,685,Importer,Small,430,Fine_Dine_Meat,Wine,49.312869,10.67,526.17,515.51,0.9797,compliant,10.66
INV579032,2025-01-25,2025 Q1,692,Importer,Large,431,Fine_Dine_Meat,Wine,22.002211,10.67,234.76,170.09,0.7245,partially_compliant,64.68
INV579585,2025-01-25,2025 Q1,673,Importer,Medium,432,Fine_Dine_Meat,Wine,40.816913,10.67,435.52,435.52,1.0,compliant,0.0
INV580139,2025-01-25,2025 Q1,679,Importer,Large,433,Fine_Dine_Meat,Beer,16.154407,3.0,48.46,27.41,0.5657,partially_compliant,21.05
INV580692,2025-01-25,2025 Q1,692,Importer,Large,434,Fine_Dine_Meat,Beer,38.38704,3.0,115.16,83.44,0.7245,partially_compliant,31.73
INV581245,2025-01-25,2025 Q1,687,Importer,Medium,435,Fine_Dine_Meat,Beer,62.895616,3.0,188.69,131.54,0.6971,partially_compliant,57.15
INV584009,2025-01-25,2025 Q1,679,Importer,Large,440,Fine_Dine_Meat,Wine,25.039555,10.67,267.17,151.13,0.5657,partially_compliant,116.04
INV584010,2025-01-25,2025 Q1,692,Importer,Large,440,Fine_Dine_Meat,Beer,37.559333,3.0,112.68,81.64,0.7245,partially_compliant,31.04
INV587880,2025-01-25,2025 Q1,686,Importer,Small,447,Fine_Dine_Vegetarian,Wine,37.954303,10.67,404.97,249.01,0.6149,partially_compliant,155.96
INV588433,2025-01-25,2025 Q1,679,Importer,Large,448,Fine_Dine_Vegetarian,Wine,71.572235,10.67,763.68,431.98,0.5657,partially_compliant,331.7
INV588986,2025-01-25,2025 Q1,692,Importer,Large,449,Fine_Dine_Vegetarian,Wine,44.764509,10.67,477.64,346.05,0.7245,partially_compliant,131.59
INV589539,2025-01-25,2025 Q1,680,Importer,Medium,450,Fine_Dine_Vegetarian,Wine,96.165028,10.67,1026.08,1023.24,0.9972,compliant,2.84
INV591198,2025-01-25,2025 Q1,682,Importer,Small,453,Fine_Dine_Vegetarian,Wine,61.505547,10.67,656.26,403.52,0.6149,partially_compliant,252.74
INV592857,2025-01-25,2025 Q1,675,Importer,Small,456,Fine_Dine_Vegetarian,Wine,28.951623,10.67,308.91,306.05,0.9907,compliant,2.86
INV594516,2025-01-25,2025 Q1,673,Importer,Medium,459,Fine_Dine_Vegetarian,Wine,24.545063,10.67,261.9,261.9,1.0,compliant,0.0
INV596175,2025-01-25,2025 Q1,673,Importer,Medium,462,Fine_Dine_Vegetarian,Wine,25.986393,10.67,277.27,277.27,1.0,compliant,0.0
INV596728,2025-01-25,2025 Q1,690,Importer,Small,463,Fine_Dine_Vegetarian,Wine,60.745528,10.67,648.15,253.6,0.3913,partially_compliant,394.56
INV597281,2025-01-25,2025 Q1,677,Importer,Small,464,Fine_Dine_Vegetarian,Wine,30.543775,10.67,325.9,325.9,1.0,compliant,0.0
INV600046,2025-01-25,2025 Q1,682,Importer,Small,469,Fine_Dine_Vegetarian,Wine,25.713464,10.67,274.36,168.7,0.6149,partially_compliant,105.66
INV601705,2025-01-25,2025 Q1,689,Importer,Small,472,Fine_Dine_Vegetarian,Wine,24.065731,10.67,256.78,256.78,1.0,compliant,0.0
INV603917,2025-01-25,2025 Q1,692,Importer,Large,476,Fine_Dine_Vegetarian,Wine,31.054624,10.67,331.35,240.07,0.7245,partially_compliant,91.29
INV605576,2025-01-25,2025 Q1,673,Importer,Medium,479,Fine_Dine_Vegetarian,Wine,45.636181,10.67,486.94,486.94,1.0,compliant,0.0
INV607788,2025-01-25,2025 Q1,675,Importer,Small,483,Fine_Dine_Vegetarian,Wine,45.64973,10.67,487.08,482.57,0.9907,compliant,4.51
INV609447,2025-01-25,2025 Q1,692,Importer,Large,486,Fine_Dine_Vegetarian,Wine,48.838507,10.67,521.11,377.55,0.7245,partially_compliant,143.56
INV613871,2025-01-25,2025 Q1,686,Importer,Small,494,Fine_Dine_Vegetarian,Wine,23.533266,10.67,251.1,154.4,0.6149,partially_compliant,96.7
INV617189,2025-01-25,2025 Q1,673,Importer,Medium,500,Fine_Dine_Vegetarian,Wine,34.279452,10.67,365.76,365.76,1.0,compliant,0.0
INV402566,2025-02-01,2025 Q1,692,Importer,Large,203,Cafe,Coffee_Beans,26.362471,25.0,659.06,477.49,0.7245,partially_compliant,181.57
INV404304,2025-02-01,2025 Q1,680,Importer,Medium,205,Cafe,Coffee_Beans,4.824144,25.0,120.6,120.27,0.9972,compliant,0.33
INV406042,2025-02-01,2025 Q1,684,Importer,Medium,207,Cafe,Coffee_Beans,6.629479,25.0,165.74,165.74,1.0,compliant,0.0
INV415601,2025-02-01,2025 Q1,677,Importer,Small,218,Cafe,Coffee_Beans,16.178748,25.0,404.47,404.47,1.0,compliant,0.0
INV420815,2025-02-01,2025 Q1,686,Importer,Small,224,Cafe,Coffee_Beans,9.110965,25.0,227.77,140.05,0.6149,partially_compliant,87.72
INV424291,2025-02-01,2025 Q1,677,Importer,Small,228,Cafe,Coffee_Beans,7.254329,25.0,181.36,181.36,1.0,compliant,0.0
INV426029,2025-02-01,2025 Q1,682,Importer,Small,230,Cafe,Coffee_Beans,8.133045,25.0,203.33,125.02,0.6149,partially_compliant,78.31
INV426898,2025-02-01,2025 Q1,681,Importer,Small,231,Cafe,Coffee_Beans,7.196204,25.0,179.91,0.0,0.0,non_compliant,179.91
INV429505,2025-02-01,2025 Q1,673,Importer,Medium,234,Cafe,Coffee_Beans,6.212924,25.0,155.32,155.32,1.0,compliant,0.0
INV430374,2025-02-01,2025 Q1,673,Importer,Medium,235,Cafe,Coffee_Beans,29.443403,25.0,736.09,736.09,1.0,compliant,0.0
INV432112,2025-02-01,2025 Q1,683,Importer,Small,237,Cafe,Coffee_Beans,17.615004,25.0,440.38,436.24,0.9906,compliant,4.13
INV438195,2025-02-01,2025 Q1,682,Importer,Small,244,Cafe,Coffee_Beans,8.086847,25.0,202.17,124.31,0.6149,partially_compliant,77.86
INV439933,2025-02-01,2025 Q1,688,Importer,Small,246,Cafe,Coffee_Beans,6.173842,25.0,154.35,154.35,1.0,compliant,0.0
INV445147,2025-02-01,2025 Q1,675,Importer,Small,252,Cafe,Coffee_Beans,7.713512,25.0,192.84,191.05,0.9907,compliant,1.79
INV448623,2025-02-01,2025 Q1,678,Importer,Medium,256,Cafe,Coffee_Beans,9.600305,25.0,240.01,139.24,0.5801,partially_compliant,100.77
INV449492,2025-02-01,2025 Q1,680,Importer,Medium,257,Cafe,Coffee_Beans,27.94719,25.0,698.68,696.75,0.9972,compliant,1.93
INV454706,2025-02-01,2025 Q1,675,Importer,Small,263,Cafe,Coffee_Beans,6.696354,25.0,167.41,165.86,0.9907,compliant,1.55
INV459920,2025-02-01,2025 Q1,677,Importer,Small,269,Cafe,Coffee_Beans,6.273938,25.0,156.85,156.85,1.0,compliant,0.0
INV464265,2025-02-01,2025 Q1,673,Importer,Medium,274,Cafe,Coffee_Beans,6.602289,25.0,165.06,165.06,1.0,compliant,0.0
INV465134,2025-02-01,2025 Q1,689,Importer,Small,275,Cafe,Coffee_Beans,8.168453,25.0,204.21,204.21,1.0,compliant,0.0
INV466003,2025-02-01,2025 Q1,692,Importer,Large,276,Cafe,Coffee_Beans,6.908085,25.0,172.7,125.12,0.7245,partially_compliant,47.58
INV470348,2025-02-01,2025 Q1,689,Importer,Small,281,Cafe,Coffee_Beans,13.059165,25.0,326.48,326.48,1.0,compliant,0.0
INV475562,2025-02-01,2025 Q1,680,Importer,Medium,287,Cafe,Coffee_Beans,7.7594,25.0,193.99,193.45,0.9972,compliant,0.54
INV478169,2025-02-01,2025 Q1,675,Importer,Small,290,Cafe,Coffee_Beans,6.808193,25.0,170.2,168.63,0.9907,compliant,1.58
INV484252,2025-02-01,2025 Q1,689,Importer,Small,297,Cafe,Coffee_Beans,9.89782,25.0,247.45,247.45,1.0,compliant,0.0
INV485121,2025-02-01,2025 Q1,674,Importer,Small,298,Cafe,Coffee_Beans,7.175007,25.0,179.38,172.51,0.9617,compliant,6.86
INV490335,2025-02-01,2025 Q1,682,Importer,Small,304,Cafe,Coffee_Beans,6.732662,25.0,168.32,103.49,0.6149,partially_compliant,64.82
INV491204,2025-02-01,2025 Q1,682,Importer,Small,305,Cafe,Coffee_Beans,4.647377,25.0,116.18,71.44,0.6149,partially_compliant,44.75
INV496418,2025-02-01,2025 Q1,680,Importer,Medium,311,Cafe,Coffee_Beans,7.968377,25.0,199.21,198.66,0.9972,compliant,0.55
INV497287,2025-02-01,2025 Q1,689,Importer,Small,312,Cafe,Coffee_Beans,6.841809,25.0,171.05,171.05,1.0,compliant,0.0
INV498156,2025-02-01,2025 Q1,682,Importer,Small,313,Cafe,Coffee_Beans,3.67925,25.0,91.98,56.56,0.6149,partially_compliant,35.42
INV502501,2025-02-01,2025 Q1,688,Importer,Small,318,Cafe,Coffee_Beans,34.445481,25.0,861.14,861.14,1.0,compliant,0.0
INV507715,2025-02-01,2025 Q1,692,Importer,Large,324,Cafe,Coffee_Beans,6.535151,25.0,163.38,118.37,0.7245,partially_compliant,45.01
INV515536,2025-02-01,2025 Q1,678,Importer,Medium,333,Cafe,Coffee_Beans,5.768975,25.0,144.22,83.67,0.5801,partially_compliant,60.55
INV518143,2025-02-01,2025 Q1,690,Importer,Small,336,Cafe,Coffee_Beans,9.168967,25.0,229.22,89.69,0.3913,partially_compliant,139.54
INV522488,2025-02-01,2025 Q1,690,Importer,Small,341,Cafe,Coffee_Beans,5.799042,25.0,144.98,56.72,0.3913,partially_compliant,88.25
INV523357,2025-02-01,2025 Q1,686,Importer,Small,342,Cafe,Coffee_Beans,4.102876,25.0,102.57,63.07,0.6149,partially_compliant,39.5
INV524226,2025-02-01,2025 Q1,690,Importer,Small,343,Cafe,Coffee_Beans,10.268638,25.0,256.72,100.44,0.3913,partially_compliant,156.27
INV532916,2025-02-01,2025 Q1,686,Importer,Small,353,Cafe,Coffee_Beans,11.945926,25.0,298.65,183.63,0.6149,partially_compliant,115.02
INV534654,2025-02-01,2025 Q1,678,Importer,Medium,355,Cafe,Coffee_Beans,20.060036,25.0,501.5,290.94,0.5801,partially_compliant,210.56
INV537261,2025-02-01,2025 Q1,679,Importer,Large,358,Cafe,Coffee_Beans,7.296862,25.0,182.42,103.19,0.5657,partially_compliant,79.23
INV542542,2025-02-01,2025 Q1,673,Importer,Medium,365,Fine_Dine_Meat,Beer,33.38625,3.0,100.16,100.16,1.0,compliant,0.0
INV544753,2025-02-01,2025 Q1,692,Importer,Large,369,Fine_Dine_Meat,Wine,25.207244,10.67,268.96,194.86,0.7245,partially_compliant,74.1
INV547518,2025-02-01,2025 Q1,675,Importer,Small,374,Fine_Dine_Meat,Wine,29.444176,10.67,314.17,311.26,0.9907,compliant,2.91
INV547519,2025-02-01,2025 Q1,683,Importer,Small,374,Fine_Dine_Meat,Beer,44.166264,3.0,132.5,131.25,0.9906,compliant,1.24
INV549731,2025-02-01,2025 Q1,679,Importer,Large,378,Fine_Dine_Meat,Beer,31.459175,3.0,94.38,53.39,0.5657,partially_compliant,40.99
INV550283,2025-02-01,2025 Q1,686,Importer,Small,379,Fine_Dine_Meat,Wine,55.332454,10.67,590.4,363.02,0.6149,partially_compliant,227.38
INV551942,2025-02-01,2025 Q1,677,Importer,Small,382,Fine_Dine_Meat,Wine,33.61365,10.67,358.66,358.66,1.0,compliant,0.0
INV553048,2025-02-01,2025 Q1,682,Importer,Small,384,Fine_Dine_Meat,Wine,20.598762,10.67,219.79,135.14,0.6149,partially_compliant,84.65
INV553049,2025-02-01,2025 Q1,680,Importer,Medium,384,Fine_Dine_Meat,Beer,30.898143,3.0,92.69,92.44,0.9972,compliant,0.26
INV555260,2025-02-01,2025 Q1,686,Importer,Small,388,Fine_Dine_Meat,Wine,10.527805,10.67,112.33,69.07,0.6149,partially_compliant,43.26
INV555261,2025-02-01,2025 Q1,680,Importer,Medium,388,Fine_Dine_Meat,Beer,15.791708,3.0,47.38,47.24,0.9972,compliant,0.13
INV555813,2025-02-01,2025 Q1,680,Importer,Medium,389,Fine_Dine_Meat,Wine,22.214749,10.67,237.03,236.38,0.9972,compliant,0.66
INV556919,2025-02-01,2025 Q1,692,Importer,Large,391,Fine_Dine_Meat,Wine,23.331569,10.67,248.95,180.36,0.7245,partially_compliant,68.58
INV557473,2025-02-01,2025 Q1,692,Importer,Large,392,Fine_Dine_Meat,Beer,21.385577,3.0,64.16,46.48,0.7245,partially_compliant,17.67
INV558578,2025-02-01,2025 Q1,679,Importer,Large,394,Fine_Dine_Meat,Wine,31.06769,10.67,331.49,187.51,0.5657,partially_compliant,143.98
INV559131,2025-02-01,2025 Q1,686,Importer,Small,395,Fine_Dine_Meat,Wine,34.044014,10.67,363.25,223.35,0.6149,partially_compliant,139.9
INV559685,2025-02-01,2025 Q1,685,Importer,Small,396,Fine_Dine_Meat,Beer,68.046684,3.0,204.14,200.0,0.9797,compliant,4.14
INV560238,2025-02-01,2025 Q1,675,Importer,Small,397,Fine_Dine_Meat,Beer,29.654885,3.0,88.96,88.14,0.9907,compliant,0.82
INV561343,2025-02-01,2025 Q1,673,Importer,Medium,399,Fine_Dine_Meat,Wine,45.608897,10.67,486.65,486.65,1.0,compliant,0.0
INV566320,2025-02-01,2025 Q1,681,Importer,Small,408,Fine_Dine_Meat,Wine,53.991409,10.67,576.09,0.0,0.0,non_compliant,576.09
INV567979,2025-02-01,2025 Q1,673,Importer,Medium,411,Fine_Dine_Meat,Wine,18.433327,10.67,196.68,196.68,1.0,compliant,0.0
INV567980,2025-02-01,2025 Q1,673,Importer,Medium,411,Fine_Dine_Meat,Beer,27.649991,3.0,82.95,82.95,1.0,compliant,0.0
INV568532,2025-02-01,2025 Q1,680,Importer,Medium,412,Fine_Dine_Meat,Wine,47.768974,10.67,509.69,508.29,0.9972,compliant,1.41
INV569638,2025-02-01,2025 Q1,689,Importer,Small,414,Fine_Dine_Meat,Wine,44.69004,10.67,476.84,476.84,1.0,compliant,0.0
INV570744,2025-02-01,2025 Q1,680,Importer,Medium,416,Fine_Dine_Meat,Wine,27.395727,10.67,292.31,291.5,0.9972,compliant,0.81
INV571850,2025-02-01,2025 Q1,675,Importer,Small,418,Fine_Dine_Meat,Wine,50.382167,10.67,537.58,532.6,0.9907,compliant,4.98
INV574062,2025-02-01,2025 Q1,673,Importer,Medium,422,Fine_Dine_Meat,Wine,28.428155,10.67,303.33,303.33,1.0,compliant,0.0
INV576827,2025-02-01,2025 Q1,678,Importer,Medium,427,Fine_Dine_Meat,Wine,23.24392,10.67,248.01,143.88,0.5801,partially_compliant,104.13
INV577380,2025-02-01,2025 Q1,689,Importer,Small,428,Fine_Dine_Meat,Wine,22.086557,10.67,235.66,235.66,1.0,compliant,0.0
INV578486,2025-02-01,2025 Q1,685,Importer,Small,430,Fine_Dine_Meat,Wine,49.543386,10.67,528.63,517.92,0.9797,compliant,10.71
INV579039,2025-02-01,2025 Q1,692,Importer,Large,431,Fine_Dine_Meat,Wine,21.508111,10.67,229.49,166.27,0.7245,partially_compliant,63.22
INV579592,2025-02-01,2025 Q1,673,Importer,Medium,432,Fine_Dine_Meat,Wine,42.955693,10.67,458.34,458.34,1.0,compliant,0.0
INV580146,2025-02-01,2025 Q1,679,Importer,Large,433,Fine_Dine_Meat,Beer,17.600844,3.0,52.8,29.87,0.5657,partially_compliant,22.93
INV580699,2025-02-01,2025 Q1,692,Importer,Large,434,Fine_Dine_Meat,Beer,40.600326,3.0,121.8,88.25,0.7245,partially_compliant,33.56
INV581252,2025-02-01,2025 Q1,687,Importer,Medium,435,Fine_Dine_Meat,Beer,59.354268,3.0,178.06,124.13,0.6971,partially_compliant,53.93
INV584016,2025-02-01,2025 Q1,679,Importer,Large,440,Fine_Dine_Meat,Wine,24.992406,10.67,266.67,150.84,0.5657,partially_compliant,115.83
INV584017,2025-02-01,2025 Q1,692,Importer,Large,440,Fine_Dine_Meat,Beer,37.488609,3.0,112.47,81.48,0.7245,partially_compliant,30.98
INV587887,2025-02-01,2025 Q1,686,Importer,Small,447,Fine_Dine_Vegetarian,Wine,38.13675,10.67,406.92,250.21,0.6149,partially_compliant,156.71
INV588440,2025-02-01,2025 Q1,679,Importer,Large,448,Fine_Dine_Vegetarian,Wine,72.083762,10.67,769.13,435.07,0.5657,partially_compliant,334.07
INV588993,2025-02-01,2025 Q1,692,Importer,Large,449,Fine_Dine_Vegetarian,Wine,49.597324,10.67,529.2,383.41,0.7245,partially_compliant,145.79
INV589546,2025-02-01,2025 Q1,680,Importer,Medium,450,Fine_Dine_Vegetarian,Wine,96.149127,10.67,1025.91,1023.07,0.9972,compliant,2.84
INV591205,2025-02-01,2025 Q1,682,Importer,Small,453,Fine_Dine_Vegetarian,Wine,61.204023,10.67,653.05,401.55,0.6149,partially_compliant,251.5
INV592864,2025-02-01,2025 Q1,675,Importer,Small,456,Fine_Dine_Vegetarian,Wine,29.075353,10.67,310.23,307.36,0.9907,compliant,2.88
INV594523,2025-02-01,2025 Q1,673,Importer,Medium,459,Fine_Dine_Vegetarian,Wine,23.747238,10.67,253.38,253.38,1.0,compliant,0.0
INV596182,2025-02-01,2025 Q1,673,Importer,Medium,462,Fine_Dine_Vegetarian,Wine,26.097244,10.67,278.46,278.46,1.0,compliant,0.0
INV596735,2025-02-01,2025 Q1,690,Importer,Small,463,Fine_Dine_Vegetarian,Wine,61.052923,10.67,651.43,254.88,0.3913,partially_compliant,396.55
INV597288,2025-02-01,2025 Q1,677,Importer,Small,464,Fine_Dine_Vegetarian,Wine,30.351895,10.67,323.85,323.85,1.0,compliant,0.0
INV600053,2025-02-01,2025 Q1,682,Importer,Small,469,Fine_Dine_Vegetarian,Wine,21.913419,10.67,233.82,143.77,0.6149,partially_compliant,90.05
INV601712,2025-02-01,2025 Q1,689,Importer,Small,472,Fine_Dine_Vegetarian,Wine,23.659433,10.67,252.45,252.45,1.0,compliant,0.0
INV603924,2025-02-01,2025 Q1,692,Importer,Large,476,Fine_Dine_Vegetarian,Wine,31.271708,10.67,333.67,241.75,0.7245,partially_compliant,91.92
INV605583,2025-02-01,2025 Q1,673,Importer,Medium,479,Fine_Dine_Vegetarian,Wine,45.101865,10.67,481.24,481.24,1.0,compliant,0.0
INV607795,2025-02-01,2025 Q1,675,Importer,Small,483,Fine_Dine_Vegetarian,Wine,45.115256,10.67,481.38,476.92,0.9907,compliant,4.46
INV609454,2025-02-01,2025 Q1,692,Importer,Large,486,Fine_Dine_Vegetarian,Wine,48.805287,10.67,520.75,377.29,0.7245,partially_compliant,143.46
INV613878,2025-02-01,2025 Q1,686,Importer,Small,494,Fine_Dine_Vegetarian,Wine,22.049809,10.67,235.27,144.66,0.6149,partially_compliant,90.61
INV617196,2025-02-01,2025 Q1,673,Importer,Medium,500,Fine_Dine_Vegetarian,Wine,34.206269,10.67,364.98,364.98,1.0,compliant,0.0
INV402577,2025-02-08,2025 Q1,692,Importer,Large,203,Cafe,Coffee_Beans,23.79129,25.0,594.78,430.92,0.7245,partially_compliant,163.86
INV404315,2025-02-08,2025 Q1,680,Importer,Medium,205,Cafe,Coffee_Beans,4.353636,25.0,108.84,108.54,0.9972,compliant,0.3
INV406053,2025-02-08,2025 Q1,684,Importer,Medium,207,Cafe,Coffee_Beans,5.982893,25.0,149.57,149.57,1.0,compliant,0.0
INV415612,2025-02-08,2025 Q1,677,Importer,Small,218,Cafe,Coffee_Beans,14.600804,25.0,365.02,365.02,1.0,compliant,0.0
INV420826,2025-02-08,2025 Q1,686,Importer,Small,224,Cafe,Coffee_Beans,8.783296,25.0,219.58,135.02,0.6149,partially_compliant,84.57
INV424302,2025-02-08,2025 Q1,677,Importer,Small,228,Cafe,Coffee_Beans,6.546801,25.0,163.67,163.67,1.0,compliant,0.0
INV426040,2025-02-08,2025 Q1,682,Importer,Small,230,Cafe,Coffee_Beans,7.339814,25.0,183.5,112.83,0.6149,partially_compliant,70.67
INV426909,2025-02-08,2025 Q1,681,Importer,Small,231,Cafe,Coffee_Beans,6.494345,25.0,162.36,0.0,0.0,non_compliant,162.36
INV429516,2025-02-08,2025 Q1,673,Importer,Medium,234,Cafe,Coffee_Beans,5.606965,25.0,140.17,140.17,1.0,compliant,0.0
INV430385,2025-02-08,2025 Q1,673,Importer,Medium,235,Cafe,Coffee_Beans,26.571732,25.0,664.29,664.29,1.0,compliant,0.0
INV432123,2025-02-08,2025 Q1,683,Importer,Small,237,Cafe,Coffee_Beans,15.89698,25.0,397.42,393.69,0.9906,compliant,3.73
INV438206,2025-02-08,2025 Q1,682,Importer,Small,244,Cafe,Coffee_Beans,7.298122,25.0,182.45,112.19,0.6149,partially_compliant,70.27
INV439944,2025-02-08,2025 Q1,688,Importer,Small,246,Cafe,Coffee_Beans,5.738777,25.0,143.47,143.47,1.0,compliant,0.0
INV445158,2025-02-08,2025 Q1,675,Importer,Small,252,Cafe,Coffee_Beans,6.961199,25.0,174.03,172.42,0.9907,compliant,1.61
INV448634,2025-02-08,2025 Q1,678,Importer,Medium,256,Cafe,Coffee_Beans,8.663969,25.0,216.6,125.66,0.5801,partially_compliant,90.94
INV449503,2025-02-08,2025 Q1,680,Importer,Medium,257,Cafe,Coffee_Beans,25.221448,25.0,630.54,628.79,0.9972,compliant,1.74
INV454717,2025-02-08,2025 Q1,675,Importer,Small,263,Cafe,Coffee_Beans,6.043246,25.0,151.08,149.68,0.9907,compliant,1.4
INV459931,2025-02-08,2025 Q1,677,Importer,Small,269,Cafe,Coffee_Beans,5.662029,25.0,141.55,141.55,1.0,compliant,0.0
INV464276,2025-02-08,2025 Q1,673,Importer,Medium,274,Cafe,Coffee_Beans,5.958355,25.0,148.96,148.96,1.0,compliant,0.0
INV465145,2025-02-08,2025 Q1,689,Importer,Small,275,Cafe,Coffee_Beans,7.371768,25.0,184.29,184.29,1.0,compliant,0.0
INV466014,2025-02-08,2025 Q1,692,Importer,Large,276,Cafe,Coffee_Beans,6.234326,25.0,155.86,112.92,0.7245,partially_compliant,42.94
INV470359,2025-02-08,2025 Q1,689,Importer,Small,281,Cafe,Coffee_Beans,11.78548,25.0,294.64,294.64,1.0,compliant,0.0
INV475573,2025-02-08,2025 Q1,680,Importer,Medium,287,Cafe,Coffee_Beans,6.983762,25.0,174.59,174.11,0.9972,compliant,0.48
INV478180,2025-02-08,2025 Q1,675,Importer,Small,290,Cafe,Coffee_Beans,6.144177,25.0,153.6,152.18,0.9907,compliant,1.42
INV484263,2025-02-08,2025 Q1,689,Importer,Small,297,Cafe,Coffee_Beans,8.268822,25.0,206.72,206.72,1.0,compliant,0.0
INV485132,2025-02-08,2025 Q1,674,Importer,Small,298,Cafe,Coffee_Beans,6.475215,25.0,161.88,155.69,0.9617,compliant,6.19
INV490346,2025-02-08,2025 Q1,682,Importer,Small,304,Cafe,Coffee_Beans,6.076013,25.0,151.9,93.4,0.6149,partially_compliant,58.5
INV491215,2025-02-08,2025 Q1,682,Importer,Small,305,Cafe,Coffee_Beans,3.131905,25.0,78.3,48.14,0.6149,partially_compliant,30.15
INV496429,2025-02-08,2025 Q1,680,Importer,Medium,311,Cafe,Coffee_Beans,7.191206,25.0,179.78,179.28,0.9972,compliant,0.5
INV497298,2025-02-08,2025 Q1,689,Importer,Small,312,Cafe,Coffee_Beans,6.174514,25.0,154.36,154.36,1.0,compliant,0.0
INV498167,2025-02-08,2025 Q1,682,Importer,Small,313,Cafe,Coffee_Beans,3.326936,25.0,83.17,51.14,0.6149,partially_compliant,32.03
INV502512,2025-02-08,2025 Q1,688,Importer,Small,318,Cafe,Coffee_Beans,27.475055,25.0,686.88,686.88,1.0,compliant,0.0
INV507726,2025-02-08,2025 Q1,692,Importer,Large,324,Cafe,Coffee_Beans,5.897766,25.0,147.44,106.82,0.7245,partially_compliant,40.62
INV515547,2025-02-08,2025 Q1,678,Importer,Medium,333,Cafe,Coffee_Beans,5.206316,25.0,130.16,75.51,0.5801,partially_compliant,54.65
INV518154,2025-02-08,2025 Q1,690,Importer,Small,336,Cafe,Coffee_Beans,7.439544,25.0,185.99,72.77,0.3913,partially_compliant,113.22
INV522499,2025-02-08,2025 Q1,690,Importer,Small,341,Cafe,Coffee_Beans,5.23345,25.0,130.84,51.19,0.3913,partially_compliant,79.64
INV523368,2025-02-08,2025 Q1,686,Importer,Small,342,Cafe,Coffee_Beans,3.702715,25.0,92.57,56.92,0.6149,partially_compliant,35.65
INV524237,2025-02-08,2025 Q1,690,Importer,Small,343,Cafe,Coffee_Beans,7.892235,25.0,197.31,77.2,0.3913,partially_compliant,120.11
INV532927,2025-02-08,2025 Q1,686,Importer,Small,353,Cafe,Coffee_Beans,10.780818,25.0,269.52,165.72,0.6149,partially_compliant,103.8
INV534665,2025-02-08,2025 Q1,678,Importer,Medium,355,Cafe,Coffee_Beans,18.103543,25.0,452.59,262.56,0.5801,partially_compliant,190.02
INV537272,2025-02-08,2025 Q1,679,Importer,Large,358,Cafe,Coffee_Beans,6.585185,25.0,164.63,93.12,0.5657,partially_compliant,71.51
INV542549,2025-02-08,2025 Q1,673,Importer,Medium,365,Fine_Dine_Meat,Beer,32.041666,3.0,96.12,96.12,1.0,compliant,0.0
INV544760,2025-02-08,2025 Q1,692,Importer,Large,369,Fine_Dine_Meat,Wine,24.192058,10.67,258.13,187.02,0.7245,partially_compliant,71.11
INV547525,2025-02-08,2025 Q1,675,Importer,Small,374,Fine_Dine_Meat,Wine,28.258353,10.67,301.52,298.72,0.9907,compliant,2.79
INV547526,2025-02-08,2025 Q1,683,Importer,Small,374,Fine_Dine_Meat,Beer,42.38753,3.0,127.16,125.97,0.9906,compliant,1.19
INV549738,2025-02-08,2025 Q1,679,Importer,Large,378,Fine_Dine_Meat,Beer,30.192201,3.0,90.58,51.24,0.5657,partially_compliant,39.34
INV550290,2025-02-08,2025 Q1,686,Importer,Small,379,Fine_Dine_Meat,Wine,53.104018,10.67,566.62,348.4,0.6149,partially_compliant,218.22
INV551949,2025-02-08,2025 Q1,677,Importer,Small,382,Fine_Dine_Meat,Wine,31.745785,10.67,338.73,338.73,1.0,compliant,0.0
INV553055,2025-02-08,2025 Q1,682,Importer,Small,384,Fine_Dine_Meat,Wine,19.769176,10.67,210.94,129.7,0.6149,partially_compliant,81.24
INV553056,2025-02-08,2025 Q1,680,Importer,Medium,384,Fine_Dine_Meat,Beer,29.653763,3.0,88.96,88.72,0.9972,compliant,0.25
INV555267,2025-02-08,2025 Q1,686,Importer,Small,388,Fine_Dine_Meat,Wine,10.022977,10.67,106.95,65.76,0.6149,partially_compliant,41.19
INV555268,2025-02-08,2025 Q1,680,Importer,Medium,388,Fine_Dine_Meat,Beer,15.034466,3.0,45.1,44.98,0.9972,compliant,0.12
INV555820,2025-02-08,2025 Q1,680,Importer,Medium,389,Fine_Dine_Meat,Wine,21.320082,10.67,227.49,226.86,0.9972,compliant,0.63
INV556926,2025-02-08,2025 Q1,692,Importer,Large,391,Fine_Dine_Meat,Wine,22.391923,10.67,238.92,173.1,0.7245,partially_compliant,65.82
INV557480,2025-02-08,2025 Q1,692,Importer,Large,392,Fine_Dine_Meat,Beer,23.300813,3.0,69.9,50.64,0.7245,partially_compliant,19.26
INV558585,2025-02-08,2025 Q1,679,Importer,Large,394,Fine_Dine_Meat,Wine,29.816482,10.67,318.14,179.96,0.5657,partially_compliant,138.18
INV559138,2025-02-08,2025 Q1,686,Importer,Small,395,Fine_Dine_Meat,Wine,32.672939,10.67,348.62,214.36,0.6149,partially_compliant,134.26
INV559692,2025-02-08,2025 Q1,685,Importer,Small,396,Fine_Dine_Meat,Beer,65.3062,3.0,195.92,191.95,0.9797,compliant,3.97
INV560245,2025-02-08,2025 Q1,675,Importer,Small,397,Fine_Dine_Meat,Beer,29.662999,3.0,88.99,88.16,0.9907,compliant,0.82
INV561350,2025-02-08,2025 Q1,673,Importer,Medium,399,Fine_Dine_Meat,Wine,43.772062,10.67,467.05,467.05,1.0,compliant,0.0
INV566327,2025-02-08,2025 Q1,681,Importer,Small,408,Fine_Dine_Meat,Wine,51.816981,10.67,552.89,0.0,0.0,non_compliant,552.89
INV567986,2025-02-08,2025 Q1,673,Importer,Medium,411,Fine_Dine_Meat,Wine,17.690951,10.67,188.76,188.76,1.0,compliant,0.0
INV567987,2025-02-08,2025 Q1,673,Importer,Medium,411,Fine_Dine_Meat,Beer,26.536426,3.0,79.61,79.61,1.0,compliant,0.0
INV568539,2025-02-08,2025 Q1,680,Importer,Medium,412,Fine_Dine_Meat,Wine,45.845146,10.67,489.17,487.82,0.9972,compliant,1.35
INV569645,2025-02-08,2025 Q1,689,Importer,Small,414,Fine_Dine_Meat,Wine,41.981371,10.67,447.94,447.94,1.0,compliant,0.0
INV570751,2025-02-08,2025 Q1,680,Importer,Medium,416,Fine_Dine_Meat,Wine,26.292402,10.67,280.54,279.76,0.9972,compliant,0.78
INV571857,2025-02-08,2025 Q1,675,Importer,Small,418,Fine_Dine_Meat,Wine,48.353096,10.67,515.93,511.15,0.9907,compliant,4.78
INV574069,2025-02-08,2025 Q1,673,Importer,Medium,422,Fine_Dine_Meat,Wine,27.283251,10.67,291.11,291.11,1.0,compliant,0.0
INV576834,2025-02-08,2025 Q1,678,Importer,Medium,427,Fine_Dine_Meat,Wine,22.307804,10.67,238.02,138.09,0.5801,partially_compliant,99.94
INV577387,2025-02-08,2025 Q1,689,Importer,Small,428,Fine_Dine_Meat,Wine,21.197052,10.67,226.17,226.17,1.0,compliant,0.0
INV578493,2025-02-08,2025 Q1,685,Importer,Small,430,Fine_Dine_Meat,Wine,45.652048,10.67,487.11,477.24,0.9797,compliant,9.87
INV579046,2025-02-08,2025 Q1,692,Importer,Large,431,Fine_Dine_Meat,Wine,20.641903,10.67,220.25,159.57,0.7245,partially_compliant,60.68
INV579599,2025-02-08,2025 Q1,673,Importer,Medium,432,Fine_Dine_Meat,Wine,41.225713,10.67,439.88,439.88,1.0,compliant,0.0
INV580153,2025-02-08,2025 Q1,679,Importer,Large,433,Fine_Dine_Meat,Beer,20.865541,3.0,62.6,35.41,0.5657,partially_compliant,27.19
INV580706,2025-02-08,2025 Q1,692,Importer,Large,434,Fine_Dine_Meat,Beer,38.965205,3.0,116.9,84.69,0.7245,partially_compliant,32.2
INV581259,2025-02-08,2025 Q1,687,Importer,Medium,435,Fine_Dine_Meat,Beer,52.911883,3.0,158.74,110.66,0.6971,partially_compliant,48.08
INV584023,2025-02-08,2025 Q1,679,Importer,Large,440,Fine_Dine_Meat,Wine,23.985872,10.67,255.93,144.77,0.5657,partially_compliant,111.16
INV584024,2025-02-08,2025 Q1,692,Importer,Large,440,Fine_Dine_Meat,Beer,35.978808,3.0,107.94,78.2,0.7245,partially_compliant,29.74
INV587894,2025-02-08,2025 Q1,686,Importer,Small,447,Fine_Dine_Vegetarian,Wine,36.600846,10.67,390.53,240.13,0.6149,partially_compliant,150.4
INV588447,2025-02-08,2025 Q1,679,Importer,Large,448,Fine_Dine_Vegetarian,Wine,69.18069,10.67,738.16,417.54,0.5657,partially_compliant,320.61
INV589000,2025-02-08,2025 Q1,692,Importer,Large,449,Fine_Dine_Vegetarian,Wine,54.932937,10.67,586.13,424.66,0.7245,partially_compliant,161.48
INV589553,2025-02-08,2025 Q1,680,Importer,Medium,450,Fine_Dine_Vegetarian,Wine,92.276856,10.67,984.59,981.87,0.9972,compliant,2.72
INV591212,2025-02-08,2025 Q1,682,Importer,Small,453,Fine_Dine_Vegetarian,Wine,58.739117,10.67,626.75,385.37,0.6149,partially_compliant,241.37
INV592871,2025-02-08,2025 Q1,675,Importer,Small,456,Fine_Dine_Vegetarian,Wine,27.904384,10.67,297.74,294.98,0.9907,compliant,2.76
INV594530,2025-02-08,2025 Q1,673,Importer,Medium,459,Fine_Dine_Vegetarian,Wine,22.790851,10.67,243.18,243.18,1.0,compliant,0.0
INV596189,2025-02-08,2025 Q1,673,Importer,Medium,462,Fine_Dine_Vegetarian,Wine,25.046215,10.67,267.24,267.24,1.0,compliant,0.0
INV596742,2025-02-08,2025 Q1,690,Importer,Small,463,Fine_Dine_Vegetarian,Wine,58.594103,10.67,625.2,244.62,0.3913,partially_compliant,380.58
INV597295,2025-02-08,2025 Q1,677,Importer,Small,464,Fine_Dine_Vegetarian,Wine,29.129515,10.67,310.81,310.81,1.0,compliant,0.0
INV600060,2025-02-08,2025 Q1,682,Importer,Small,469,Fine_Dine_Vegetarian,Wine,15.785674,10.67,168.43,103.57,0.6149,partially_compliant,64.87
INV601719,2025-02-08,2025 Q1,689,Importer,Small,472,Fine_Dine_Vegetarian,Wine,22.706583,10.67,242.28,242.28,1.0,compliant,0.0
INV603931,2025-02-08,2025 Q1,692,Importer,Large,476,Fine_Dine_Vegetarian,Wine,30.012284,10.67,320.23,232.01,0.7245,partially_compliant,88.22
INV605590,2025-02-08,2025 Q1,673,Importer,Medium,479,Fine_Dine_Vegetarian,Wine,43.285451,10.67,461.86,461.86,1.0,compliant,0.0
INV607802,2025-02-08,2025 Q1,675,Importer,Small,483,Fine_Dine_Vegetarian,Wine,39.673064,10.67,423.31,419.39,0.9907,compliant,3.92
INV609461,2025-02-08,2025 Q1,692,Importer,Large,486,Fine_Dine_Vegetarian,Wine,46.839723,10.67,499.78,362.09,0.7245,partially_compliant,137.69
INV613885,2025-02-08,2025 Q1,686,Importer,Small,494,Fine_Dine_Vegetarian,Wine,19.398292,10.67,206.98,127.27,0.6149,partially_compliant,79.71
INV617203,2025-02-08,2025 Q1,673,Importer,Medium,500,Fine_Dine_Vegetarian,Wine,32.828659,10.67,350.28,350.28,1.0,compliant,0.0
INV402588,2025-02-15,2025 Q1,692,Importer,Large,203,Cafe,Coffee_Beans,23.602619,25.0,590.07,427.51,0.7245,partially_compliant,162.56
INV404326,2025-02-15,2025 Q1,680,Importer,Medium,205,Cafe,Coffee_Beans,4.319111,25.0,107.98,107.68,0.9972,compliant,0.3
INV406064,2025-02-15,2025 Q1,684,Importer,Medium,207,Cafe,Coffee_Beans,5.935447,25.0,148.39,148.39,1.0,compliant,0.0
INV415623,2025-02-15,2025 Q1,677,Importer,Small,218,Cafe,Coffee_Beans,14.485016,25.0,362.13,362.13,1.0,compliant,0.0
INV420837,2025-02-15,2025 Q1,686,Importer,Small,224,Cafe,Coffee_Beans,9.193953,25.0,229.85,141.33,0.6149,partially_compliant,88.52
INV424313,2025-02-15,2025 Q1,677,Importer,Small,228,Cafe,Coffee_Beans,6.494883,25.0,162.37,162.37,1.0,compliant,0.0
INV426051,2025-02-15,2025 Q1,682,Importer,Small,230,Cafe,Coffee_Beans,7.281607,25.0,182.04,111.93,0.6149,partially_compliant,70.11
INV426920,2025-02-15,2025 Q1,681,Importer,Small,231,Cafe,Coffee_Beans,6.442843,25.0,161.07,0.0,0.0,non_compliant,161.07
INV429527,2025-02-15,2025 Q1,673,Importer,Medium,234,Cafe,Coffee_Beans,5.562501,25.0,139.06,139.06,1.0,compliant,0.0
INV430396,2025-02-15,2025 Q1,673,Importer,Medium,235,Cafe,Coffee_Beans,26.361012,25.0,659.03,659.03,1.0,compliant,0.0
INV432134,2025-02-15,2025 Q1,683,Importer,Small,237,Cafe,Coffee_Beans,15.770913,25.0,394.27,390.57,0.9906,compliant,3.7
INV438217,2025-02-15,2025 Q1,682,Importer,Small,244,Cafe,Coffee_Beans,7.240246,25.0,181.01,111.3,0.6149,partially_compliant,69.71
INV439955,2025-02-15,2025 Q1,688,Importer,Small,246,Cafe,Coffee_Beans,5.836586,25.0,145.91,145.91,1.0,compliant,0.0
INV445169,2025-02-15,2025 Q1,675,Importer,Small,252,Cafe,Coffee_Beans,6.905995,25.0,172.65,171.05,0.9907,compliant,1.6
INV448645,2025-02-15,2025 Q1,678,Importer,Medium,256,Cafe,Coffee_Beans,8.595261,25.0,214.88,124.66,0.5801,partially_compliant,90.22
INV449514,2025-02-15,2025 Q1,680,Importer,Medium,257,Cafe,Coffee_Beans,25.021436,25.0,625.54,623.81,0.9972,compliant,1.73
INV454728,2025-02-15,2025 Q1,675,Importer,Small,263,Cafe,Coffee_Beans,5.995321,25.0,149.88,148.49,0.9907,compliant,1.39
INV459942,2025-02-15,2025 Q1,677,Importer,Small,269,Cafe,Coffee_Beans,5.617128,25.0,140.43,140.43,1.0,compliant,0.0
INV464287,2025-02-15,2025 Q1,673,Importer,Medium,274,Cafe,Coffee_Beans,5.911104,25.0,147.78,147.78,1.0,compliant,0.0
INV465156,2025-02-15,2025 Q1,689,Importer,Small,275,Cafe,Coffee_Beans,7.313308,25.0,182.83,182.83,1.0,compliant,0.0
INV466025,2025-02-15,2025 Q1,692,Importer,Large,276,Cafe,Coffee_Beans,6.184887,25.0,154.62,112.02,0.7245,partially_compliant,42.6
INV470370,2025-02-15,2025 Q1,689,Importer,Small,281,Cafe,Coffee_Beans,11.692018,25.0,292.3,292.3,1.0,compliant,0.0
INV475584,2025-02-15,2025 Q1,680,Importer,Medium,287,Cafe,Coffee_Beans,6.913474,25.0,172.84,172.36,0.9972,compliant,0.48
INV478191,2025-02-15,2025 Q1,675,Importer,Small,290,Cafe,Coffee_Beans,6.095452,25.0,152.39,150.97,0.9907,compliant,1.41
INV484274,2025-02-15,2025 Q1,689,Importer,Small,297,Cafe,Coffee_Beans,7.742989,25.0,193.57,193.57,1.0,compliant,0.0
INV485143,2025-02-15,2025 Q1,674,Importer,Small,298,Cafe,Coffee_Beans,6.423865,25.0,160.6,154.45,0.9617,compliant,6.15
INV490357,2025-02-15,2025 Q1,682,Importer,Small,304,Cafe,Coffee_Beans,6.027829,25.0,150.7,92.66,0.6149,partially_compliant,58.04
INV491226,2025-02-15,2025 Q1,682,Importer,Small,305,Cafe,Coffee_Beans,2.77733,25.0,69.43,42.69,0.6149,partially_compliant,26.74
INV496440,2025-02-15,2025 Q1,680,Importer,Medium,311,Cafe,Coffee_Beans,7.134178,25.0,178.35,177.86,0.9972,compliant,0.49
INV497309,2025-02-15,2025 Q1,689,Importer,Small,312,Cafe,Coffee_Beans,6.125549,25.0,153.14,153.14,1.0,compliant,0.0
INV498178,2025-02-15,2025 Q1,682,Importer,Small,313,Cafe,Coffee_Beans,3.697235,25.0,92.43,56.83,0.6149,partially_compliant,35.6
INV502523,2025-02-15,2025 Q1,688,Importer,Small,318,Cafe,Coffee_Beans,24.528864,25.0,613.22,613.22,1.0,compliant,0.0
INV507737,2025-02-15,2025 Q1,692,Importer,Large,324,Cafe,Coffee_Beans,5.850995,25.0,146.27,105.98,0.7245,partially_compliant,40.3
INV515558,2025-02-15,2025 Q1,678,Importer,Medium,333,Cafe,Coffee_Beans,5.165029,25.0,129.13,74.91,0.5801,partially_compliant,54.21
INV518165,2025-02-15,2025 Q1,690,Importer,Small,336,Cafe,Coffee_Beans,6.755995,25.0,168.9,66.08,0.3913,partially_compliant,102.82
INV522510,2025-02-15,2025 Q1,690,Importer,Small,341,Cafe,Coffee_Beans,5.191948,25.0,129.8,50.79,0.3913,partially_compliant,79.01
INV523379,2025-02-15,2025 Q1,686,Importer,Small,342,Cafe,Coffee_Beans,3.673351,25.0,91.83,56.47,0.6149,partially_compliant,35.37
INV524248,2025-02-15,2025 Q1,690,Importer,Small,343,Cafe,Coffee_Beans,6.817463,25.0,170.44,66.69,0.3913,partially_compliant,103.75
INV532938,2025-02-15,2025 Q1,686,Importer,Small,353,Cafe,Coffee_Beans,10.695323,25.0,267.38,164.41,0.6149,partially_compliant,102.98
INV534676,2025-02-15,2025 Q1,678,Importer,Medium,355,Cafe,Coffee_Beans,17.959977,25.0,449.0,260.48,0.5801,partially_compliant,188.52
INV537283,2025-02-15,2025 Q1,679,Importer,Large,358,Cafe,Coffee_Beans,6.532963,25.0,163.32,92.39,0.5657,partially_compliant,70.94
INV542556,2025-02-15,2025 Q1,673,Importer,Medium,365,Fine_Dine_Meat,Beer,31.806825,3.0,95.42,95.42,1.0,compliant,0.0
INV544767,2025-02-15,2025 Q1,692,Importer,Large,369,Fine_Dine_Meat,Wine,24.014748,10.67,256.24,185.65,0.7245,partially_compliant,70.59
INV547532,2025-02-15,2025 Q1,675,Importer,Small,374,Fine_Dine_Meat,Wine,28.051241,10.67,299.31,296.53,0.9907,compliant,2.77
INV547533,2025-02-15,2025 Q1,683,Importer,Small,374,Fine_Dine_Meat,Beer,42.076861,3.0,126.23,125.05,0.9906,compliant,1.19
INV549745,2025-02-15,2025 Q1,679,Importer,Large,378,Fine_Dine_Meat,Beer,29.970915,3.0,89.91,50.86,0.5657,partially_compliant,39.05
INV550297,2025-02-15,2025 Q1,686,Importer,Small,379,Fine_Dine_Meat,Wine,52.714805,10.67,562.47,345.85,0.6149,partially_compliant,216.62
INV551956,2025-02-15,2025 Q1,677,Importer,Small,382,Fine_Dine_Meat,Wine,31.09946,10.67,331.83,331.83,1.0,compliant,0.0
INV553062,2025-02-15,2025 Q1,682,Importer,Small,384,Fine_Dine_Meat,Wine,19.624282,10.67,209.39,128.75,0.6149,partially_compliant,80.64
INV553063,2025-02-15,2025 Q1,680,Importer,Medium,384,Fine_Dine_Meat,Beer,29.436424,3.0,88.31,88.07,0.9972,compliant,0.24
INV555274,2025-02-15,2025 Q1,686,Importer,Small,388,Fine_Dine_Meat,Wine,9.949516,10.67,106.16,65.28,0.6149,partially_compliant,40.89
INV555275,2025-02-15,2025 Q1,680,Importer,Medium,388,Fine_Dine_Meat,Beer,14.924274,3.0,44.77,44.65,0.9972,compliant,0.12
INV555827,2025-02-15,2025 Q1,680,Importer,Medium,389,Fine_Dine_Meat,Wine,21.163821,10.67,225.82,225.19,0.9972,compliant,0.62
INV556933,2025-02-15,2025 Q1,692,Importer,Large,391,Fine_Dine_Meat,Wine,22.227807,10.67,237.17,171.83,0.7245,partially_compliant,65.34
INV557487,2025-02-15,2025 Q1,692,Importer,Large,392,Fine_Dine_Meat,Beer,25.167705,3.0,75.5,54.7,0.7245,partially_compliant,20.8
INV558592,2025-02-15,2025 Q1,679,Importer,Large,394,Fine_Dine_Meat,Wine,29.59795,10.67,315.81,178.64,0.5657,partially_compliant,137.17
INV559145,2025-02-15,2025 Q1,686,Importer,Small,395,Fine_Dine_Meat,Wine,32.433471,10.67,346.07,212.79,0.6149,partially_compliant,133.28
INV559699,2025-02-15,2025 Q1,685,Importer,Small,396,Fine_Dine_Meat,Beer,64.827554,3.0,194.48,190.54,0.9797,compliant,3.94
INV560252,2025-02-15,2025 Q1,675,Importer,Small,397,Fine_Dine_Meat,Beer,30.366156,3.0,91.1,90.25,0.9907,compliant,0.84
INV561357,2025-02-15,2025 Q1,673,Importer,Medium,399,Fine_Dine_Meat,Wine,43.451246,10.67,463.62,463.62,1.0,compliant,0.0
INV566334,2025-02-15,2025 Q1,681,Importer,Small,408,Fine_Dine_Meat,Wine,51.437202,10.67,548.83,0.0,0.0,non_compliant,548.83
INV567993,2025-02-15,2025 Q1,673,Importer,Medium,411,Fine_Dine_Meat,Wine,17.561289,10.67,187.38,187.38,1.0,compliant,0.0
INV567994,2025-02-15,2025 Q1,673,Importer,Medium,411,Fine_Dine_Meat,Beer,26.341934,3.0,79.03,79.03,1.0,compliant,0.0
INV568546,2025-02-15,2025 Q1,680,Importer,Medium,412,Fine_Dine_Meat,Wine,45.509135,10.67,485.58,484.24,0.9972,compliant,1.34
INV569652,2025-02-15,2025 Q1,689,Importer,Small,414,Fine_Dine_Meat,Wine,40.903858,10.67,436.44,436.44,1.0,compliant,0.0
INV570758,2025-02-15,2025 Q1,680,Importer,Medium,416,Fine_Dine_Meat,Wine,26.099699,10.67,278.48,277.71,0.9972,compliant,0.77
INV571864,2025-02-15,2025 Q1,675,Importer,Small,418,Fine_Dine_Meat,Wine,47.998704,10.67,512.15,507.4,0.9907,compliant,4.75
INV574076,2025-02-15,2025 Q1,673,Importer,Medium,422,Fine_Dine_Meat,Wine,27.083285,10.67,288.98,288.98,1.0,compliant,0.0
INV576841,2025-02-15,2025 Q1,678,Importer,Medium,427,Fine_Dine_Meat,Wine,22.144304,10.67,236.28,137.08,0.5801,partially_compliant,99.2
INV577394,2025-02-15,2025 Q1,689,Importer,Small,428,Fine_Dine_Meat,Wine,21.041694,10.67,224.51,224.51,1.0,compliant,0.0
INV578500,2025-02-15,2025 Q1,685,Importer,Small,430,Fine_Dine_Meat,Wine,43.707684,10.67,466.36,456.91,0.9797,compliant,9.45
INV579053,2025-02-15,2025 Q1,692,Importer,Large,431,Fine_Dine_Meat,Wine,20.490613,10.67,218.63,158.4,0.7245,partially_compliant,60.23
INV579606,2025-02-15,2025 Q1,673,Importer,Medium,432,Fine_Dine_Meat,Wine,40.923559,10.67,436.65,436.65,1.0,compliant,0.0
INV580160,2025-02-15,2025 Q1,679,Importer,Large,433,Fine_Dine_Meat,Beer,23.686089,3.0,71.06,40.19,0.5657,partially_compliant,30.86
INV580713,2025-02-15,2025 Q1,692,Importer,Large,434,Fine_Dine_Meat,Beer,38.679619,3.0,116.04,84.07,0.7245,partially_compliant,31.97
INV581266,2025-02-15,2025 Q1,687,Importer,Medium,435,Fine_Dine_Meat,Beer,49.656552,3.0,148.97,103.85,0.6971,partially_compliant,45.12
INV584030,2025-02-15,2025 Q1,679,Importer,Large,440,Fine_Dine_Meat,Wine,23.810074,10.67,254.05,143.71,0.5657,partially_compliant,110.35
INV584031,2025-02-15,2025 Q1,692,Importer,Large,440,Fine_Dine_Meat,Beer,35.715111,3.0,107.15,77.63,0.7245,partially_compliant,29.52
INV587901,2025-02-15,2025 Q1,686,Importer,Small,447,Fine_Dine_Vegetarian,Wine,36.332589,10.67,387.67,238.37,0.6149,partially_compliant,149.3
INV588454,2025-02-15,2025 Q1,679,Importer,Large,448,Fine_Dine_Vegetarian,Wine,68.673648,10.67,732.75,414.48,0.5657,partially_compliant,318.26
INV589007,2025-02-15,2025 Q1,692,Importer,Large,449,Fine_Dine_Vegetarian,Wine,60.241349,10.67,642.78,465.7,0.7245,partially_compliant,177.08
INV589560,2025-02-15,2025 Q1,680,Importer,Medium,450,Fine_Dine_Vegetarian,Wine,91.600536,10.67,977.38,974.67,0.9972,compliant,2.7
INV591219,2025-02-15,2025 Q1,682,Importer,Small,453,Fine_Dine_Vegetarian,Wine,58.308603,10.67,622.15,382.55,0.6149,partially_compliant,239.6
INV592878,2025-02-15,2025 Q1,675,Importer,Small,456,Fine_Dine_Vegetarian,Wine,27.699866,10.67,295.56,292.82,0.9907,compliant,2.74
INV594537,2025-02-15,2025 Q1,673,Importer,Medium,459,Fine_Dine_Vegetarian,Wine,22.623812,10.67,241.4,241.4,1.0,compliant,0.0
INV596196,2025-02-15,2025 Q1,673,Importer,Medium,462,Fine_Dine_Vegetarian,Wine,24.862645,10.67,265.28,265.28,1.0,compliant,0.0
INV596749,2025-02-15,2025 Q1,690,Importer,Small,463,Fine_Dine_Vegetarian,Wine,58.164652,10.67,620.62,242.82,0.3913,partially_compliant,377.79
INV597302,2025-02-15,2025 Q1,677,Importer,Small,464,Fine_Dine_Vegetarian,Wine,28.916018,10.67,308.53,308.53,1.0,compliant,0.0
INV600067,2025-02-15,2025 Q1,682,Importer,Small,469,Fine_Dine_Vegetarian,Wine,15.162073,10.67,161.78,99.47,0.6149,partially_compliant,62.3
INV601726,2025-02-15,2025 Q1,689,Importer,Small,472,Fine_Dine_Vegetarian,Wine,22.540161,10.67,240.5,240.5,1.0,compliant,0.0
INV603938,2025-02-15,2025 Q1,692,Importer,Large,476,Fine_Dine_Vegetarian,Wine,29.792317,10.67,317.88,230.31,0.7245,partially_compliant,87.57
INV605597,2025-02-15,2025 Q1,673,Importer,Medium,479,Fine_Dine_Vegetarian,Wine,42.968201,10.67,458.47,458.47,1.0,compliant,0.0
INV607809,2025-02-15,2025 Q1,675,Importer,Small,483,Fine_Dine_Vegetarian,Wine,31.072817,10.67,331.55,328.47,0.9907,compliant,3.07
INV609468,2025-02-15,2025 Q1,692,Importer,Large,486,Fine_Dine_Vegetarian,Wine,46.496423,10.67,496.12,359.44,0.7245,partially_compliant,136.68
INV613892,2025-02-15,2025 Q1,686,Importer,Small,494,Fine_Dine_Vegetarian,Wine,17.762328,10.67,189.52,116.53,0.6149,partially_compliant,72.99
INV617210,2025-02-15,2025 Q1,673,Importer,Medium,500,Fine_Dine_Vegetarian,Wine,32.58805,10.67,347.71,347.71,1.0,compliant,0.0
INV402599,2025-02-22,2025 Q1,692,Importer,Large,203,Cafe,Coffee_Beans,25.916522,25.0,647.91,469.42,0.7245,partially_compliant,178.5
INV404337,2025-02-22,2025 Q1,680,Importer,Medium,205,Cafe,Coffee_Beans,4.742539,25.0,118.56,118.24,0.9972,compliant,0.33
INV406075,2025-02-22,2025 Q1,684,Importer,Medium,207,Cafe,Coffee_Beans,6.517334,25.0,162.93,162.93,1.0,compliant,0.0
INV415634,2025-02-22,2025 Q1,677,Importer,Small,218,Cafe,Coffee_Beans,15.905067,25.0,397.63,397.63,1.0,compliant,0.0
INV420848,2025-02-22,2025 Q1,686,Importer,Small,224,Cafe,Coffee_Beans,10.548363,25.0,263.71,162.15,0.6149,partially_compliant,101.56
INV424324,2025-02-22,2025 Q1,677,Importer,Small,228,Cafe,Coffee_Beans,7.131615,25.0,178.29,178.29,1.0,compliant,0.0
INV426062,2025-02-22,2025 Q1,682,Importer,Small,230,Cafe,Coffee_Beans,7.995466,25.0,199.89,122.91,0.6149,partially_compliant,76.98
INV426931,2025-02-22,2025 Q1,681,Importer,Small,231,Cafe,Coffee_Beans,7.074473,25.0,176.86,0.0,0.0,non_compliant,176.86
INV429538,2025-02-22,2025 Q1,673,Importer,Medium,234,Cafe,Coffee_Beans,6.107825,25.0,152.7,152.7,1.0,compliant,0.0
INV430407,2025-02-22,2025 Q1,673,Importer,Medium,235,Cafe,Coffee_Beans,28.945337,25.0,723.63,723.63,1.0,compliant,0.0
INV432145,2025-02-22,2025 Q1,683,Importer,Small,237,Cafe,Coffee_Beans,17.317028,25.0,432.93,428.86,0.9906,compliant,4.06
INV438228,2025-02-22,2025 Q1,682,Importer,Small,244,Cafe,Coffee_Beans,7.95005,25.0,198.75,122.21,0.6149,partially_compliant,76.54
INV439966,2025-02-22,2025 Q1,688,Importer,Small,246,Cafe,Coffee_Beans,6.544213,25.0,163.61,163.61,1.0,compliant,0.0
INV445180,2025-02-22,2025 Q1,675,Importer,Small,252,Cafe,Coffee_Beans,7.58303,25.0,189.58,187.82,0.9907,compliant,1.76
INV448656,2025-02-22,2025 Q1,678,Importer,Medium,256,Cafe,Coffee_Beans,9.437905,25.0,235.95,136.88,0.5801,partially_compliant,99.06
INV449525,2025-02-22,2025 Q1,680,Importer,Medium,257,Cafe,Coffee_Beans,27.474434,25.0,686.86,684.96,0.9972,compliant,1.9
INV454739,2025-02-22,2025 Q1,675,Importer,Small,263,Cafe,Coffee_Beans,6.583078,25.0,164.58,163.05,0.9907,compliant,1.53
INV459953,2025-02-22,2025 Q1,677,Importer,Small,269,Cafe,Coffee_Beans,6.167808,25.0,154.2,154.2,1.0,compliant,0.0
INV464298,2025-02-22,2025 Q1,673,Importer,Medium,274,Cafe,Coffee_Beans,6.490604,25.0,162.27,162.27,1.0,compliant,0.0
INV465167,2025-02-22,2025 Q1,689,Importer,Small,275,Cafe,Coffee_Beans,8.030275,25.0,200.76,200.76,1.0,compliant,0.0
INV466036,2025-02-22,2025 Q1,692,Importer,Large,276,Cafe,Coffee_Beans,6.791227,25.0,169.78,123.01,0.7245,partially_compliant,46.77
INV470381,2025-02-22,2025 Q1,689,Importer,Small,281,Cafe,Coffee_Beans,12.838255,25.0,320.96,320.96,1.0,compliant,0.0
INV475595,2025-02-22,2025 Q1,680,Importer,Medium,287,Cafe,Coffee_Beans,7.57826,25.0,189.46,188.93,0.9972,compliant,0.52
INV478202,2025-02-22,2025 Q1,675,Importer,Small,290,Cafe,Coffee_Beans,6.693025,25.0,167.33,165.77,0.9907,compliant,1.55
INV484285,2025-02-22,2025 Q1,689,Importer,Small,297,Cafe,Coffee_Beans,8.150554,25.0,203.76,203.76,1.0,compliant,0.0
INV485154,2025-02-22,2025 Q1,674,Importer,Small,298,Cafe,Coffee_Beans,7.053634,25.0,176.34,169.59,0.9617,compliant,6.75
INV490368,2025-02-22,2025 Q1,682,Importer,Small,304,Cafe,Coffee_Beans,6.618772,25.0,165.47,101.74,0.6149,partially_compliant,63.73
INV491237,2025-02-22,2025 Q1,682,Importer,Small,305,Cafe,Coffee_Beans,3.049608,25.0,76.24,46.88,0.6149,partially_compliant,29.36
INV496451,2025-02-22,2025 Q1,680,Importer,Medium,311,Cafe,Coffee_Beans,7.833584,25.0,195.84,195.3,0.9972,compliant,0.54
INV497320,2025-02-22,2025 Q1,689,Importer,Small,312,Cafe,Coffee_Beans,6.726072,25.0,168.15,168.15,1.0,compliant,0.0
INV498189,2025-02-22,2025 Q1,682,Importer,Small,313,Cafe,Coffee_Beans,4.655934,25.0,116.4,71.57,0.6149,partially_compliant,44.83
INV502534,2025-02-22,2025 Q1,688,Importer,Small,318,Cafe,Coffee_Beans,24.663035,25.0,616.58,616.58,1.0,compliant,0.0
INV507748,2025-02-22,2025 Q1,692,Importer,Large,324,Cafe,Coffee_Beans,6.424602,25.0,160.62,116.37,0.7245,partially_compliant,44.25
INV515569,2025-02-22,2025 Q1,678,Importer,Medium,333,Cafe,Coffee_Beans,5.671387,25.0,141.78,82.26,0.5801,partially_compliant,59.53
INV518176,2025-02-22,2025 Q1,690,Importer,Small,336,Cafe,Coffee_Beans,6.903904,25.0,172.6,67.53,0.3913,partially_compliant,105.07
INV522521,2025-02-22,2025 Q1,690,Importer,Small,341,Cafe,Coffee_Beans,5.700945,25.0,142.52,55.76,0.3913,partially_compliant,86.76
INV523390,2025-02-22,2025 Q1,686,Importer,Small,342,Cafe,Coffee_Beans,4.033472,25.0,100.84,62.0,0.6149,partially_compliant,38.83
INV524259,2025-02-22,2025 Q1,690,Importer,Small,343,Cafe,Coffee_Beans,6.69388,25.0,167.35,65.48,0.3913,partially_compliant,101.87
INV532949,2025-02-22,2025 Q1,686,Importer,Small,353,Cafe,Coffee_Beans,11.743848,25.0,293.6,180.53,0.6149,partially_compliant,113.07
INV534687,2025-02-22,2025 Q1,678,Importer,Medium,355,Cafe,Coffee_Beans,19.720699,25.0,493.02,286.02,0.5801,partially_compliant,207.0
INV537294,2025-02-22,2025 Q1,679,Importer,Large,358,Cafe,Coffee_Beans,7.173428,25.0,179.34,101.44,0.5657,partially_compliant,77.89
INV542563,2025-02-22,2025 Q1,673,Importer,Medium,365,Fine_Dine_Meat,Beer,32.882151,3.0,98.65,98.65,1.0,compliant,0.0
INV544774,2025-02-22,2025 Q1,692,Importer,Large,369,Fine_Dine_Meat,Wine,24.826639,10.67,264.9,191.92,0.7245,partially_compliant,72.98
INV547539,2025-02-22,2025 Q1,675,Importer,Small,374,Fine_Dine_Meat,Wine,28.999598,10.67,309.43,306.56,0.9907,compliant,2.87
INV547540,2025-02-22,2025 Q1,683,Importer,Small,374,Fine_Dine_Meat,Beer,43.499397,3.0,130.5,129.27,0.9906,compliant,1.23
INV549752,2025-02-22,2025 Q1,679,Importer,Large,378,Fine_Dine_Meat,Beer,30.984172,3.0,92.95,52.58,0.5657,partially_compliant,40.37
INV550304,2025-02-22,2025 Q1,686,Importer,Small,379,Fine_Dine_Meat,Wine,54.496989,10.67,581.48,357.54,0.6149,partially_compliant,223.94
INV551963,2025-02-22,2025 Q1,677,Importer,Small,382,Fine_Dine_Meat,Wine,31.806699,10.67,339.38,339.38,1.0,compliant,0.0
INV553069,2025-02-22,2025 Q1,682,Importer,Small,384,Fine_Dine_Meat,Wine,20.287741,10.67,216.47,133.1,0.6149,partially_compliant,83.37
INV553070,2025-02-22,2025 Q1,680,Importer,Medium,384,Fine_Dine_Meat,Beer,30.431611,3.0,91.29,91.04,0.9972,compliant,0.25
INV555281,2025-02-22,2025 Q1,686,Importer,Small,388,Fine_Dine_Meat,Wine,10.28589,10.67,109.75,67.48,0.6149,partially_compliant,42.27
INV555282,2025-02-22,2025 Q1,680,Importer,Medium,388,Fine_Dine_Meat,Beer,15.428835,3.0,46.29,46.16,0.9972,compliant,0.13
INV555834,2025-02-22,2025 Q1,680,Importer,Medium,389,Fine_Dine_Meat,Wine,21.879328,10.67,233.45,232.81,0.9972,compliant,0.65
INV556940,2025-02-22,2025 Q1,692,Importer,Large,391,Fine_Dine_Meat,Wine,22.979285,10.67,245.19,177.64,0.7245,partially_compliant,67.55
INV557494,2025-02-22,2025 Q1,692,Importer,Large,392,Fine_Dine_Meat,Beer,27.565632,3.0,82.7,59.91,0.7245,partially_compliant,22.78
INV558599,2025-02-22,2025 Q1,679,Importer,Large,394,Fine_Dine_Meat,Wine,30.598598,10.67,326.49,184.68,0.5657,partially_compliant,141.81
INV559152,2025-02-22,2025 Q1,686,Importer,Small,395,Fine_Dine_Meat,Wine,33.529983,10.67,357.76,219.98,0.6149,partially_compliant,137.78
INV559706,2025-02-22,2025 Q1,685,Importer,Small,396,Fine_Dine_Meat,Beer,67.019246,3.0,201.06,196.98,0.9797,compliant,4.07
INV560259,2025-02-22,2025 Q1,675,Importer,Small,397,Fine_Dine_Meat,Beer,32.12175,3.0,96.37,95.47,0.9907,compliant,0.89
INV561364,2025-02-22,2025 Q1,673,Importer,Medium,399,Fine_Dine_Meat,Wine,44.920247,10.67,479.3,479.3,1.0,compliant,0.0
INV566341,2025-02-22,2025 Q1,681,Importer,Small,408,Fine_Dine_Meat,Wine,53.176192,10.67,567.39,0.0,0.0,non_compliant,567.39
INV568000,2025-02-22,2025 Q1,673,Importer,Medium,411,Fine_Dine_Meat,Wine,18.155002,10.67,193.71,193.71,1.0,compliant,0.0
INV568001,2025-02-22,2025 Q1,673,Importer,Medium,411,Fine_Dine_Meat,Beer,27.232503,3.0,81.7,81.7,1.0,compliant,0.0
INV568553,2025-02-22,2025 Q1,680,Importer,Medium,412,Fine_Dine_Meat,Wine,47.047709,10.67,502.0,500.61,0.9972,compliant,1.39
INV569659,2025-02-22,2025 Q1,689,Importer,Small,414,Fine_Dine_Meat,Wine,41.612569,10.67,444.01,444.01,1.0,compliant,0.0
INV570765,2025-02-22,2025 Q1,680,Importer,Medium,416,Fine_Dine_Meat,Wine,26.982078,10.67,287.9,287.1,0.9972,compliant,0.8
INV571871,2025-02-22,2025 Q1,675,Importer,Small,418,Fine_Dine_Meat,Wine,49.621446,10.67,529.46,524.55,0.9907,compliant,4.91
INV574083,2025-02-22,2025 Q1,673,Importer,Medium,422,Fine_Dine_Meat,Wine,27.998918,10.67,298.75,298.75,1.0,compliant,0.0
INV576848,2025-02-22,2025 Q1,678,Importer,Medium,427,Fine_Dine_Meat,Wine,22.892959,10.67,244.27,141.71,0.5801,partially_compliant,102.56
INV577401,2025-02-22,2025 Q1,689,Importer,Small,428,Fine_Dine_Meat,Wine,21.753072,10.67,232.11,232.11,1.0,compliant,0.0
INV578507,2025-02-22,2025 Q1,685,Importer,Small,430,Fine_Dine_Meat,Wine,43.772329,10.67,467.05,457.59,0.9797,compliant,9.46
INV579060,2025-02-22,2025 Q1,692,Importer,Large,431,Fine_Dine_Meat,Wine,21.18336,10.67,226.03,163.76,0.7245,partially_compliant,62.27
INV579613,2025-02-22,2025 Q1,673,Importer,Medium,432,Fine_Dine_Meat,Wine,42.307104,10.67,451.42,451.42,1.0,compliant,0.0
INV580167,2025-02-22,2025 Q1,679,Importer,Large,433,Fine_Dine_Meat,Beer,26.747409,3.0,80.24,45.39,0.5657,partially_compliant,34.85
INV580720,2025-02-22,2025 Q1,692,Importer,Large,434,Fine_Dine_Meat,Beer,39.987301,3.0,119.96,86.91,0.7245,partially_compliant,33.05
INV581273,2025-02-22,2025 Q1,687,Importer,Medium,435,Fine_Dine_Meat,Beer,49.235661,3.0,147.71,102.97,0.6971,partially_compliant,44.73
INV584037,2025-02-22,2025 Q1,679,Importer,Large,440,Fine_Dine_Meat,Wine,24.615045,10.67,262.64,148.57,0.5657,partially_compliant,114.08
INV584038,2025-02-22,2025 Q1,692,Importer,Large,440,Fine_Dine_Meat,Beer,36.922568,3.0,110.77,80.25,0.7245,partially_compliant,30.52
INV587908,2025-02-22,2025 Q1,686,Importer,Small,447,Fine_Dine_Vegetarian,Wine,37.560923,10.67,400.78,246.43,0.6149,partially_compliant,154.35
INV588461,2025-02-22,2025 Q1,679,Importer,Large,448,Fine_Dine_Vegetarian,Wine,70.995368,10.67,757.52,428.5,0.5657,partially_compliant,329.02
INV589014,2025-02-22,2025 Q1,692,Importer,Large,449,Fine_Dine_Vegetarian,Wine,66.878141,10.67,713.59,517.0,0.7245,partially_compliant,196.59
INV589567,2025-02-22,2025 Q1,680,Importer,Medium,450,Fine_Dine_Vegetarian,Wine,94.697369,10.67,1010.42,1007.63,0.9972,compliant,2.79
INV591226,2025-02-22,2025 Q1,682,Importer,Small,453,Fine_Dine_Vegetarian,Wine,60.279902,10.67,643.19,395.48,0.6149,partially_compliant,247.7
INV592885,2025-02-22,2025 Q1,675,Importer,Small,456,Fine_Dine_Vegetarian,Wine,28.636344,10.67,305.55,302.72,0.9907,compliant,2.83
INV594544,2025-02-22,2025 Q1,673,Importer,Medium,459,Fine_Dine_Vegetarian,Wine,23.388678,10.67,249.56,249.56,1.0,compliant,0.0
INV596203,2025-02-22,2025 Q1,673,Importer,Medium,462,Fine_Dine_Vegetarian,Wine,25.703202,10.67,274.25,274.25,1.0,compliant,0.0
INV596756,2025-02-22,2025 Q1,690,Importer,Small,463,Fine_Dine_Vegetarian,Wine,60.131084,10.67,641.6,251.03,0.3913,partially_compliant,390.57
INV597309,2025-02-22,2025 Q1,677,Importer,Small,464,Fine_Dine_Vegetarian,Wine,29.893611,10.67,318.96,318.96,1.0,compliant,0.0
INV600074,2025-02-22,2025 Q1,682,Importer,Small,469,Fine_Dine_Vegetarian,Wine,15.674672,10.67,167.25,102.84,0.6149,partially_compliant,64.41
INV601733,2025-02-22,2025 Q1,689,Importer,Small,472,Fine_Dine_Vegetarian,Wine,23.302199,10.67,248.63,248.63,1.0,compliant,0.0
INV603945,2025-02-22,2025 Q1,692,Importer,Large,476,Fine_Dine_Vegetarian,Wine,30.799536,10.67,328.63,238.1,0.7245,partially_compliant,90.54
INV605604,2025-02-22,2025 Q1,673,Importer,Medium,479,Fine_Dine_Vegetarian,Wine,44.420871,10.67,473.97,473.97,1.0,compliant,0.0
INV607816,2025-02-22,2025 Q1,675,Importer,Small,483,Fine_Dine_Vegetarian,Wine,25.091114,10.67,267.72,265.24,0.9907,compliant,2.48
INV609475,2025-02-22,2025 Q1,692,Importer,Large,486,Fine_Dine_Vegetarian,Wine,48.068375,10.67,512.89,371.59,0.7245,partially_compliant,141.3
INV613899,2025-02-22,2025 Q1,686,Importer,Small,494,Fine_Dine_Vegetarian,Wine,17.054614,10.67,181.97,111.89,0.6149,partially_compliant,70.08
INV617217,2025-02-22,2025 Q1,673,Importer,Medium,500,Fine_Dine_Vegetarian,Wine,33.689788,10.67,359.47,359.47,1.0,compliant,0.0
INV402610,2025-02-28,2025 Q1,692,Importer,Large,203,Cafe,Coffee_Beans,27.581577,25.0,689.54,499.58,0.7245,partially_compliant,189.96
INV404348,2025-02-28,2025 Q1,680,Importer,Medium,205,Cafe,Coffee_Beans,4.995723,25.0,124.89,124.55,0.9972,compliant,0.35
INV406086,2025-02-28,2025 Q1,684,Importer,Medium,207,Cafe,Coffee_Beans,6.972384,25.0,174.31,174.31,1.0,compliant,0.0
INV415645,2025-02-28,2025 Q1,677,Importer,Small,218,Cafe,Coffee_Beans,17.157434,25.0,428.94,428.94,1.0,compliant,0.0
INV420859,2025-02-28,2025 Q1,686,Importer,Small,224,Cafe,Coffee_Beans,11.227132,25.0,280.68,172.58,0.6149,partially_compliant,108.1
INV424335,2025-02-28,2025 Q1,677,Importer,Small,228,Cafe,Coffee_Beans,7.747947,25.0,193.7,193.7,1.0,compliant,0.0
INV426073,2025-02-28,2025 Q1,682,Importer,Small,230,Cafe,Coffee_Beans,8.685213,25.0,217.13,133.51,0.6149,partially_compliant,83.62
INV426942,2025-02-28,2025 Q1,681,Importer,Small,231,Cafe,Coffee_Beans,7.683924,25.0,192.1,0.0,0.0,non_compliant,192.1
INV429549,2025-02-28,2025 Q1,673,Importer,Medium,234,Cafe,Coffee_Beans,6.572667,25.0,164.32,164.32,1.0,compliant,0.0
INV430418,2025-02-28,2025 Q1,673,Importer,Medium,235,Cafe,Coffee_Beans,31.166775,25.0,779.17,779.17,1.0,compliant,0.0
INV432156,2025-02-28,2025 Q1,683,Importer,Small,237,Cafe,Coffee_Beans,18.784768,25.0,469.62,465.21,0.9906,compliant,4.41
INV438239,2025-02-28,2025 Q1,682,Importer,Small,244,Cafe,Coffee_Beans,8.602473,25.0,215.06,132.24,0.6149,partially_compliant,82.82
INV439977,2025-02-28,2025 Q1,688,Importer,Small,246,Cafe,Coffee_Beans,7.71193,25.0,192.8,192.8,1.0,compliant,0.0
INV445191,2025-02-28,2025 Q1,675,Importer,Small,252,Cafe,Coffee_Beans,8.151966,25.0,203.8,201.91,0.9907,compliant,1.89
INV448667,2025-02-28,2025 Q1,678,Importer,Medium,256,Cafe,Coffee_Beans,9.931607,25.0,248.29,144.04,0.5801,partially_compliant,104.25
INV449536,2025-02-28,2025 Q1,680,Importer,Medium,257,Cafe,Coffee_Beans,29.327344,25.0,733.18,731.16,0.9972,compliant,2.03
INV454750,2025-02-28,2025 Q1,675,Importer,Small,263,Cafe,Coffee_Beans,7.164826,25.0,179.12,177.46,0.9907,compliant,1.66
INV459964,2025-02-28,2025 Q1,677,Importer,Small,269,Cafe,Coffee_Beans,6.687364,25.0,167.18,167.18,1.0,compliant,0.0
INV464309,2025-02-28,2025 Q1,673,Importer,Medium,274,Cafe,Coffee_Beans,6.903765,25.0,172.59,172.59,1.0,compliant,0.0
INV465178,2025-02-28,2025 Q1,689,Importer,Small,275,Cafe,Coffee_Beans,8.702643,25.0,217.57,217.57,1.0,compliant,0.0
INV466047,2025-02-28,2025 Q1,692,Importer,Large,276,Cafe,Coffee_Beans,7.340177,25.0,183.5,132.95,0.7245,partially_compliant,50.55
INV470392,2025-02-28,2025 Q1,689,Importer,Small,281,Cafe,Coffee_Beans,13.85054,25.0,346.26,346.26,1.0,compliant,0.0
INV475606,2025-02-28,2025 Q1,680,Importer,Medium,287,Cafe,Coffee_Beans,8.299354,25.0,207.48,206.91,0.9972,compliant,0.57
INV478213,2025-02-28,2025 Q1,675,Importer,Small,290,Cafe,Coffee_Beans,7.287619,25.0,182.19,180.5,0.9907,compliant,1.69
INV484296,2025-02-28,2025 Q1,689,Importer,Small,297,Cafe,Coffee_Beans,9.238922,25.0,230.97,230.97,1.0,compliant,0.0
INV485165,2025-02-28,2025 Q1,674,Importer,Small,298,Cafe,Coffee_Beans,7.117313,25.0,177.93,171.12,0.9617,compliant,6.81
INV490379,2025-02-28,2025 Q1,682,Importer,Small,304,Cafe,Coffee_Beans,7.197602,25.0,179.94,110.64,0.6149,partially_compliant,69.3
INV491248,2025-02-28,2025 Q1,682,Importer,Small,305,Cafe,Coffee_Beans,3.253329,25.0,81.33,50.01,0.6149,partially_compliant,31.32
INV496462,2025-02-28,2025 Q1,680,Importer,Medium,311,Cafe,Coffee_Beans,8.488702,25.0,212.22,211.63,0.9972,compliant,0.59
INV497331,2025-02-28,2025 Q1,689,Importer,Small,312,Cafe,Coffee_Beans,7.116066,25.0,177.9,177.9,1.0,compliant,0.0
INV498200,2025-02-28,2025 Q1,682,Importer,Small,313,Cafe,Coffee_Beans,5.451643,25.0,136.29,83.8,0.6149,partially_compliant,52.49
INV502545,2025-02-28,2025 Q1,688,Importer,Small,318,Cafe,Coffee_Beans,23.510795,25.0,587.77,587.77,1.0,compliant,0.0
INV507759,2025-02-28,2025 Q1,692,Importer,Large,324,Cafe,Coffee_Beans,6.805873,25.0,170.15,123.27,0.7245,partially_compliant,46.87
INV515580,2025-02-28,2025 Q1,678,Importer,Medium,333,Cafe,Coffee_Beans,6.037201,25.0,150.93,87.56,0.5801,partially_compliant,63.37
INV518187,2025-02-28,2025 Q1,690,Importer,Small,336,Cafe,Coffee_Beans,6.635558,25.0,165.89,64.91,0.3913,partially_compliant,100.98
INV522532,2025-02-28,2025 Q1,690,Importer,Small,341,Cafe,Coffee_Beans,6.625423,25.0,165.64,64.81,0.3913,partially_compliant,100.83
INV523401,2025-02-28,2025 Q1,686,Importer,Small,342,Cafe,Coffee_Beans,4.246146,25.0,106.15,65.27,0.6149,partially_compliant,40.88
INV524270,2025-02-28,2025 Q1,690,Importer,Small,343,Cafe,Coffee_Beans,7.469196,25.0,186.73,73.06,0.3913,partially_compliant,113.67
INV532960,2025-02-28,2025 Q1,686,Importer,Small,353,Cafe,Coffee_Beans,12.419206,25.0,310.48,190.91,0.6149,partially_compliant,119.57
INV534698,2025-02-28,2025 Q1,678,Importer,Medium,355,Cafe,Coffee_Beans,21.135749,25.0,528.39,306.54,0.5801,partially_compliant,221.85
INV537305,2025-02-28,2025 Q1,679,Importer,Large,358,Cafe,Coffee_Beans,7.75156,25.0,193.79,109.62,0.5657,partially_compliant,84.17
INV542570,2025-02-28,2025 Q1,673,Importer,Medium,365,Fine_Dine_Meat,Beer,31.174825,3.0,93.52,93.52,1.0,compliant,0.0
INV544781,2025-02-28,2025 Q1,692,Importer,Large,369,Fine_Dine_Meat,Wine,24.162859,10.67,257.82,186.79,0.7245,partially_compliant,71.03
INV547546,2025-02-28,2025 Q1,675,Importer,Small,374,Fine_Dine_Meat,Wine,28.281907,10.67,301.77,298.97,0.9907,compliant,2.8
INV547547,2025-02-28,2025 Q1,683,Importer,Small,374,Fine_Dine_Meat,Beer,42.42286,3.0,127.27,126.07,0.9906,compliant,1.19
INV549759,2025-02-28,2025 Q1,679,Importer,Large,378,Fine_Dine_Meat,Beer,30.007267,3.0,90.02,50.92,0.5657,partially_compliant,39.1
INV550311,2025-02-28,2025 Q1,686,Importer,Small,379,Fine_Dine_Meat,Wine,52.754785,10.67,562.89,346.11,0.6149,partially_compliant,216.78
INV551970,2025-02-28,2025 Q1,677,Importer,Small,382,Fine_Dine_Meat,Wine,29.042232,10.67,309.88,309.88,1.0,compliant,0.0
INV553076,2025-02-28,2025 Q1,682,Importer,Small,384,Fine_Dine_Meat,Wine,19.410159,10.67,207.11,127.35,0.6149,partially_compliant,79.76
INV553077,2025-02-28,2025 Q1,680,Importer,Medium,384,Fine_Dine_Meat,Beer,29.115238,3.0,87.35,87.1,0.9972,compliant,0.24
INV555288,2025-02-28,2025 Q1,686,Importer,Small,388,Fine_Dine_Meat,Wine,9.849724,10.67,105.1,64.62,0.6149,partially_compliant,40.48
INV555289,2025-02-28,2025 Q1,680,Importer,Medium,388,Fine_Dine_Meat,Beer,14.774586,3.0,44.32,44.2,0.9972,compliant,0.12
INV555841,2025-02-28,2025 Q1,680,Importer,Medium,389,Fine_Dine_Meat,Wine,20.775031,10.67,221.67,221.06,0.9972,compliant,0.61
INV556947,2025-02-28,2025 Q1,692,Importer,Large,391,Fine_Dine_Meat,Wine,24.324505,10.67,259.54,188.04,0.7245,partially_compliant,71.5
INV557501,2025-02-28,2025 Q1,692,Importer,Large,392,Fine_Dine_Meat,Beer,28.132888,3.0,84.4,61.15,0.7245,partially_compliant,23.25
INV558606,2025-02-28,2025 Q1,679,Importer,Large,394,Fine_Dine_Meat,Wine,28.884324,10.67,308.2,174.33,0.5657,partially_compliant,133.86
INV559159,2025-02-28,2025 Q1,686,Importer,Small,395,Fine_Dine_Meat,Wine,33.004679,10.67,352.16,216.54,0.6149,partially_compliant,135.62
INV559713,2025-02-28,2025 Q1,685,Importer,Small,396,Fine_Dine_Meat,Beer,63.333464,3.0,190.0,186.15,0.9797,compliant,3.85
INV560266,2025-02-28,2025 Q1,675,Importer,Small,397,Fine_Dine_Meat,Beer,34.186081,3.0,102.56,101.61,0.9907,compliant,0.95
INV561371,2025-02-28,2025 Q1,673,Importer,Medium,399,Fine_Dine_Meat,Wine,43.568157,10.67,464.87,464.87,1.0,compliant,0.0
INV566348,2025-02-28,2025 Q1,681,Importer,Small,408,Fine_Dine_Meat,Wine,51.762337,10.67,552.3,0.0,0.0,non_compliant,552.3
INV568007,2025-02-28,2025 Q1,673,Importer,Medium,411,Fine_Dine_Meat,Wine,17.144443,10.67,182.93,182.93,1.0,compliant,0.0
INV568008,2025-02-28,2025 Q1,673,Importer,Medium,411,Fine_Dine_Meat,Beer,25.716665,3.0,77.15,77.15,1.0,compliant,0.0
INV568560,2025-02-28,2025 Q1,680,Importer,Medium,412,Fine_Dine_Meat,Wine,45.400734,10.67,484.43,483.09,0.9972,compliant,1.34
INV569666,2025-02-28,2025 Q1,689,Importer,Small,414,Fine_Dine_Meat,Wine,37.98498,10.67,405.3,405.3,1.0,compliant,0.0
INV570772,2025-02-28,2025 Q1,680,Importer,Medium,416,Fine_Dine_Meat,Wine,26.074504,10.67,278.21,277.45,0.9972,compliant,0.77
INV571878,2025-02-28,2025 Q1,675,Importer,Small,418,Fine_Dine_Meat,Wine,48.054233,10.67,512.74,507.99,0.9907,compliant,4.75
INV574090,2025-02-28,2025 Q1,673,Importer,Medium,422,Fine_Dine_Meat,Wine,27.088049,10.67,289.03,289.03,1.0,compliant,0.0
INV576855,2025-02-28,2025 Q1,678,Importer,Medium,427,Fine_Dine_Meat,Wine,23.36355,10.67,249.29,144.62,0.5801,partially_compliant,104.67
INV577408,2025-02-28,2025 Q1,689,Importer,Small,428,Fine_Dine_Meat,Wine,21.144731,10.67,225.61,225.61,1.0,compliant,0.0
INV578514,2025-02-28,2025 Q1,685,Importer,Small,430,Fine_Dine_Meat,Wine,41.194042,10.67,439.54,430.64,0.9797,compliant,8.9
INV579067,2025-02-28,2025 Q1,692,Importer,Large,431,Fine_Dine_Meat,Wine,20.095485,10.67,214.42,155.35,0.7245,partially_compliant,59.07
INV579620,2025-02-28,2025 Q1,673,Importer,Medium,432,Fine_Dine_Meat,Wine,42.850802,10.67,457.22,457.22,1.0,compliant,0.0
INV580174,2025-02-28,2025 Q1,679,Importer,Large,433,Fine_Dine_Meat,Beer,27.083813,3.0,81.25,45.96,0.5657,partially_compliant,35.29
INV580727,2025-02-28,2025 Q1,692,Importer,Large,434,Fine_Dine_Meat,Beer,39.957105,3.0,119.87,86.85,0.7245,partially_compliant,33.02
INV581280,2025-02-28,2025 Q1,687,Importer,Medium,435,Fine_Dine_Meat,Beer,45.969172,3.0,137.91,96.14,0.6971,partially_compliant,41.77
INV584044,2025-02-28,2025 Q1,679,Importer,Large,440,Fine_Dine_Meat,Wine,23.783731,10.67,253.77,143.55,0.5657,partially_compliant,110.22
INV584045,2025-02-28,2025 Q1,692,Importer,Large,440,Fine_Dine_Meat,Beer,35.675597,3.0,107.03,77.54,0.7245,partially_compliant,29.49
INV587915,2025-02-28,2025 Q1,686,Importer,Small,447,Fine_Dine_Vegetarian,Wine,36.473438,10.67,389.17,239.29,0.6149,partially_compliant,149.88
INV588468,2025-02-28,2025 Q1,679,Importer,Large,448,Fine_Dine_Vegetarian,Wine,69.072384,10.67,737.0,416.89,0.5657,partially_compliant,320.11
INV589021,2025-02-28,2025 Q1,692,Importer,Large,449,Fine_Dine_Vegetarian,Wine,66.261128,10.67,707.01,512.23,0.7245,partially_compliant,194.78
INV589574,2025-02-28,2025 Q1,680,Importer,Medium,450,Fine_Dine_Vegetarian,Wine,91.576297,10.67,977.12,974.42,0.9972,compliant,2.7
INV591233,2025-02-28,2025 Q1,682,Importer,Small,453,Fine_Dine_Vegetarian,Wine,58.081083,10.67,619.73,381.06,0.6149,partially_compliant,238.67
INV592892,2025-02-28,2025 Q1,675,Importer,Small,456,Fine_Dine_Vegetarian,Wine,27.794867,10.67,296.57,293.82,0.9907,compliant,2.75
INV594551,2025-02-28,2025 Q1,673,Importer,Medium,459,Fine_Dine_Vegetarian,Wine,21.986274,10.67,234.59,234.59,1.0,compliant,0.0
INV596210,2025-02-28,2025 Q1,673,Importer,Medium,462,Fine_Dine_Vegetarian,Wine,24.947305,10.67,266.19,266.19,1.0,compliant,0.0
INV596763,2025-02-28,2025 Q1,690,Importer,Small,463,Fine_Dine_Vegetarian,Wine,58.40129,10.67,623.14,243.81,0.3913,partially_compliant,379.33
INV597316,2025-02-28,2025 Q1,677,Importer,Small,464,Fine_Dine_Vegetarian,Wine,28.759617,10.67,306.87,306.87,1.0,compliant,0.0
INV600081,2025-02-28,2025 Q1,682,Importer,Small,469,Fine_Dine_Vegetarian,Wine,15.01,10.67,160.16,98.48,0.6149,partially_compliant,61.68
INV601740,2025-02-28,2025 Q1,689,Importer,Small,472,Fine_Dine_Vegetarian,Wine,22.214273,10.67,237.03,237.03,1.0,compliant,0.0
INV603952,2025-02-28,2025 Q1,692,Importer,Large,476,Fine_Dine_Vegetarian,Wine,29.977877,10.67,319.86,231.74,0.7245,partially_compliant,88.12
INV605611,2025-02-28,2025 Q1,673,Importer,Medium,479,Fine_Dine_Vegetarian,Wine,42.537237,10.67,453.87,453.87,1.0,compliant,0.0
INV607823,2025-02-28,2025 Q1,675,Importer,Small,483,Fine_Dine_Vegetarian,Wine,18.793018,10.67,200.52,198.66,0.9907,compliant,1.86
INV609482,2025-02-28,2025 Q1,692,Importer,Large,486,Fine_Dine_Vegetarian,Wine,46.504983,10.67,496.21,359.51,0.7245,partially_compliant,136.7
INV613906,2025-02-28,2025 Q1,686,Importer,Small,494,Fine_Dine_Vegetarian,Wine,15.406309,10.67,164.39,101.08,0.6149,partially_compliant,63.31
INV617224,2025-02-28,2025 Q1,673,Importer,Medium,500,Fine_Dine_Vegetarian,Wine,32.52609,10.67,347.05,347.05,1.0,compliant,0.0
INV402621,2025-03-07,2025 Q1,692,Importer,Large,203,Cafe,Coffee_Beans,25.017318,25.0,625.43,453.13,0.7245,partially_compliant,172.3
INV404359,2025-03-07,2025 Q1,680,Importer,Medium,205,Cafe,Coffee_Beans,4.523866,25.0,113.1,112.78,0.9972,compliant,0.31
INV406097,2025-03-07,2025 Q1,684,Importer,Medium,207,Cafe,Coffee_Beans,6.329384,25.0,158.23,158.23,1.0,compliant,0.0
INV415656,2025-03-07,2025 Q1,677,Importer,Small,218,Cafe,Coffee_Beans,15.595447,25.0,389.89,389.89,1.0,compliant,0.0
INV420870,2025-03-07,2025 Q1,686,Importer,Small,224,Cafe,Coffee_Beans,9.648672,25.0,241.22,148.32,0.6149,partially_compliant,92.9
INV424346,2025-03-07,2025 Q1,677,Importer,Small,228,Cafe,Coffee_Beans,7.050356,25.0,176.26,176.26,1.0,compliant,0.0
INV426084,2025-03-07,2025 Q1,682,Importer,Small,230,Cafe,Coffee_Beans,7.903059,25.0,197.58,121.49,0.6149,partially_compliant,76.09
INV426953,2025-03-07,2025 Q1,681,Importer,Small,231,Cafe,Coffee_Beans,6.991823,25.0,174.8,0.0,0.0,non_compliant,174.8
INV429560,2025-03-07,2025 Q1,673,Importer,Medium,234,Cafe,Coffee_Beans,5.972019,25.0,149.3,149.3,1.0,compliant,0.0
INV430429,2025-03-07,2025 Q1,673,Importer,Medium,235,Cafe,Coffee_Beans,28.321211,25.0,708.03,708.03,1.0,compliant,0.0
INV432167,2025-03-07,2025 Q1,683,Importer,Small,237,Cafe,Coffee_Beans,17.089408,25.0,427.24,423.22,0.9906,compliant,4.01
INV438250,2025-03-07,2025 Q1,682,Importer,Small,244,Cafe,Coffee_Beans,7.823066,25.0,195.58,120.26,0.6149,partially_compliant,75.32
INV439988,2025-03-07,2025 Q1,688,Importer,Small,246,Cafe,Coffee_Beans,8.30464,25.0,207.62,207.62,1.0,compliant,0.0
INV445202,2025-03-07,2025 Q1,675,Importer,Small,252,Cafe,Coffee_Beans,7.40583,25.0,185.15,183.43,0.9907,compliant,1.72
INV448678,2025-03-07,2025 Q1,678,Importer,Medium,256,Cafe,Coffee_Beans,8.992071,25.0,224.8,130.42,0.5801,partially_compliant,94.39
INV449547,2025-03-07,2025 Q1,680,Importer,Medium,257,Cafe,Coffee_Beans,26.613398,25.0,665.33,663.5,0.9972,compliant,1.84
INV454761,2025-03-07,2025 Q1,675,Importer,Small,263,Cafe,Coffee_Beans,6.521542,25.0,163.04,161.53,0.9907,compliant,1.51
INV459975,2025-03-07,2025 Q1,677,Importer,Small,269,Cafe,Coffee_Beans,6.083364,25.0,152.08,152.08,1.0,compliant,0.0
INV464320,2025-03-07,2025 Q1,673,Importer,Medium,274,Cafe,Coffee_Beans,6.26137,25.0,156.53,156.53,1.0,compliant,0.0
INV465189,2025-03-07,2025 Q1,689,Importer,Small,275,Cafe,Coffee_Beans,7.916049,25.0,197.9,197.9,1.0,compliant,0.0
INV466058,2025-03-07,2025 Q1,692,Importer,Large,276,Cafe,Coffee_Beans,6.673952,25.0,166.85,120.88,0.7245,partially_compliant,45.97
INV470403,2025-03-07,2025 Q1,689,Importer,Small,281,Cafe,Coffee_Beans,12.589806,25.0,314.75,314.75,1.0,compliant,0.0
INV475617,2025-03-07,2025 Q1,680,Importer,Medium,287,Cafe,Coffee_Beans,7.950429,25.0,198.76,198.21,0.9972,compliant,0.55
INV478224,2025-03-07,2025 Q1,675,Importer,Small,290,Cafe,Coffee_Beans,6.63375,25.0,165.84,164.31,0.9907,compliant,1.54
INV484307,2025-03-07,2025 Q1,689,Importer,Small,297,Cafe,Coffee_Beans,9.624482,25.0,240.61,240.61,1.0,compliant,0.0
INV485176,2025-03-07,2025 Q1,674,Importer,Small,298,Cafe,Coffee_Beans,6.399623,25.0,159.99,153.87,0.9617,compliant,6.12
INV490390,2025-03-07,2025 Q1,682,Importer,Small,304,Cafe,Coffee_Beans,6.550521,25.0,163.76,100.69,0.6149,partially_compliant,63.07
INV491259,2025-03-07,2025 Q1,682,Importer,Small,305,Cafe,Coffee_Beans,2.957407,25.0,73.94,45.46,0.6149,partially_compliant,28.47
INV496473,2025-03-07,2025 Q1,680,Importer,Medium,311,Cafe,Coffee_Beans,7.721335,25.0,193.03,192.5,0.9972,compliant,0.53
INV497342,2025-03-07,2025 Q1,689,Importer,Small,312,Cafe,Coffee_Beans,6.448428,25.0,161.21,161.21,1.0,compliant,0.0
INV498211,2025-03-07,2025 Q1,682,Importer,Small,313,Cafe,Coffee_Beans,5.282808,25.0,132.07,81.21,0.6149,partially_compliant,50.86
INV502556,2025-03-07,2025 Q1,688,Importer,Small,318,Cafe,Coffee_Beans,18.233216,25.0,455.83,455.83,1.0,compliant,0.0
INV507770,2025-03-07,2025 Q1,692,Importer,Large,324,Cafe,Coffee_Beans,6.168605,25.0,154.22,111.73,0.7245,partially_compliant,42.49
INV515591,2025-03-07,2025 Q1,678,Importer,Medium,333,Cafe,Coffee_Beans,5.476131,25.0,136.9,79.42,0.5801,partially_compliant,57.48
INV518198,2025-03-07,2025 Q1,690,Importer,Small,336,Cafe,Coffee_Beans,5.144555,25.0,128.61,50.32,0.3913,partially_compliant,78.29
INV522543,2025-03-07,2025 Q1,690,Importer,Small,341,Cafe,Coffee_Beans,6.089705,25.0,152.24,59.57,0.3913,partially_compliant,92.68
INV523412,2025-03-07,2025 Q1,686,Importer,Small,342,Cafe,Coffee_Beans,3.844702,25.0,96.12,59.1,0.6149,partially_compliant,37.02
INV524281,2025-03-07,2025 Q1,690,Importer,Small,343,Cafe,Coffee_Beans,8.057652,25.0,201.44,78.82,0.3913,partially_compliant,122.62
INV532971,2025-03-07,2025 Q1,686,Importer,Small,353,Cafe,Coffee_Beans,11.253214,25.0,281.33,172.98,0.6149,partially_compliant,108.35
INV534709,2025-03-07,2025 Q1,678,Importer,Medium,355,Cafe,Coffee_Beans,19.192044,25.0,479.8,278.35,0.5801,partially_compliant,201.45
INV537316,2025-03-07,2025 Q1,679,Importer,Large,358,Cafe,Coffee_Beans,7.047754,25.0,176.19,99.67,0.5657,partially_compliant,76.53
INV542577,2025-03-07,2025 Q1,673,Importer,Medium,365,Fine_Dine_Meat,Beer,28.296179,3.0,84.89,84.89,1.0,compliant,0.0
INV544788,2025-03-07,2025 Q1,692,Importer,Large,369,Fine_Dine_Meat,Wine,22.030497,10.67,235.07,170.31,0.7245,partially_compliant,64.76
INV547553,2025-03-07,2025 Q1,675,Importer,Small,374,Fine_Dine_Meat,Wine,25.794916,10.67,275.23,272.68,0.9907,compliant,2.55
INV547554,2025-03-07,2025 Q1,683,Importer,Small,374,Fine_Dine_Meat,Beer,38.692374,3.0,116.08,114.99,0.9906,compliant,1.09
INV549766,2025-03-07,2025 Q1,679,Importer,Large,378,Fine_Dine_Meat,Beer,27.336281,3.0,82.01,46.39,0.5657,partially_compliant,35.62
INV550318,2025-03-07,2025 Q1,686,Importer,Small,379,Fine_Dine_Meat,Wine,48.055306,10.67,512.75,315.28,0.6149,partially_compliant,197.47
INV551977,2025-03-07,2025 Q1,677,Importer,Small,382,Fine_Dine_Meat,Wine,23.98407,10.67,255.91,255.91,1.0,compliant,0.0
INV553083,2025-03-07,2025 Q1,682,Importer,Small,384,Fine_Dine_Meat,Wine,17.645629,10.67,188.28,115.77,0.6149,partially_compliant,72.51
INV553084,2025-03-07,2025 Q1,680,Importer,Medium,384,Fine_Dine_Meat,Beer,26.468443,3.0,79.41,79.19,0.9972,compliant,0.22
INV555295,2025-03-07,2025 Q1,686,Importer,Small,388,Fine_Dine_Meat,Wine,9.289414,10.67,99.12,60.95,0.6149,partially_compliant,38.17
INV555296,2025-03-07,2025 Q1,680,Importer,Medium,388,Fine_Dine_Meat,Beer,13.934121,3.0,41.8,41.69,0.9972,compliant,0.12
INV555848,2025-03-07,2025 Q1,680,Importer,Medium,389,Fine_Dine_Meat,Wine,18.861703,10.67,201.25,200.7,0.9972,compliant,0.56
INV556954,2025-03-07,2025 Q1,692,Importer,Large,391,Fine_Dine_Meat,Wine,22.479525,10.67,239.86,173.78,0.7245,partially_compliant,66.08
INV557508,2025-03-07,2025 Q1,692,Importer,Large,392,Fine_Dine_Meat,Beer,27.520626,3.0,82.56,59.82,0.7245,partially_compliant,22.75
INV558613,2025-03-07,2025 Q1,679,Importer,Large,394,Fine_Dine_Meat,Wine,26.197345,10.67,279.53,158.12,0.5657,partially_compliant,121.41
INV559166,2025-03-07,2025 Q1,686,Importer,Small,395,Fine_Dine_Meat,Wine,30.149165,10.67,321.69,197.8,0.6149,partially_compliant,123.89
INV559720,2025-03-07,2025 Q1,685,Importer,Small,396,Fine_Dine_Meat,Beer,57.452778,3.0,172.36,168.87,0.9797,compliant,3.49
INV560273,2025-03-07,2025 Q1,675,Importer,Small,397,Fine_Dine_Meat,Beer,36.887937,3.0,110.66,109.64,0.9907,compliant,1.03
INV561378,2025-03-07,2025 Q1,673,Importer,Medium,399,Fine_Dine_Meat,Wine,39.70003,10.67,423.6,423.6,1.0,compliant,0.0
INV566355,2025-03-07,2025 Q1,681,Importer,Small,408,Fine_Dine_Meat,Wine,47.195549,10.67,503.58,0.0,0.0,non_compliant,503.58
INV568014,2025-03-07,2025 Q1,673,Importer,Medium,411,Fine_Dine_Meat,Wine,15.550615,10.67,165.93,165.93,1.0,compliant,0.0
INV568015,2025-03-07,2025 Q1,673,Importer,Medium,411,Fine_Dine_Meat,Beer,23.325923,3.0,69.98,69.98,1.0,compliant,0.0
INV568567,2025-03-07,2025 Q1,680,Importer,Medium,412,Fine_Dine_Meat,Wine,41.334247,10.67,441.04,439.82,0.9972,compliant,1.22
INV569673,2025-03-07,2025 Q1,689,Importer,Small,414,Fine_Dine_Meat,Wine,31.478674,10.67,335.88,335.88,1.0,compliant,0.0
INV570779,2025-03-07,2025 Q1,680,Importer,Medium,416,Fine_Dine_Meat,Wine,23.744783,10.67,253.36,252.66,0.9972,compliant,0.7
INV571885,2025-03-07,2025 Q1,675,Importer,Small,418,Fine_Dine_Meat,Wine,43.776446,10.67,467.09,462.77,0.9907,compliant,4.33
INV574097,2025-03-07,2025 Q1,673,Importer,Medium,422,Fine_Dine_Meat,Wine,24.672561,10.67,263.26,263.26,1.0,compliant,0.0
INV576862,2025-03-07,2025 Q1,678,Importer,Medium,427,Fine_Dine_Meat,Wine,21.468385,10.67,229.07,132.89,0.5801,partially_compliant,96.18
INV577415,2025-03-07,2025 Q1,689,Importer,Small,428,Fine_Dine_Meat,Wine,19.274602,10.67,205.66,205.66,1.0,compliant,0.0
INV578521,2025-03-07,2025 Q1,685,Importer,Small,430,Fine_Dine_Meat,Wine,37.379286,10.67,398.84,390.76,0.9797,compliant,8.08
INV579074,2025-03-07,2025 Q1,692,Importer,Large,431,Fine_Dine_Meat,Wine,18.24179,10.67,194.64,141.02,0.7245,partially_compliant,53.62
INV579627,2025-03-07,2025 Q1,673,Importer,Medium,432,Fine_Dine_Meat,Wine,39.32705,10.67,419.62,419.62,1.0,compliant,0.0
INV580181,2025-03-07,2025 Q1,679,Importer,Large,433,Fine_Dine_Meat,Beer,25.512917,3.0,76.54,43.29,0.5657,partially_compliant,33.24
INV580734,2025-03-07,2025 Q1,692,Importer,Large,434,Fine_Dine_Meat,Beer,36.590833,3.0,109.77,79.53,0.7245,partially_compliant,30.24
INV581287,2025-03-07,2025 Q1,687,Importer,Medium,435,Fine_Dine_Meat,Beer,41.2804,3.0,123.84,86.33,0.6971,partially_compliant,37.51
INV584051,2025-03-07,2025 Q1,679,Importer,Large,440,Fine_Dine_Meat,Wine,21.658167,10.67,231.09,130.72,0.5657,partially_compliant,100.37
INV584052,2025-03-07,2025 Q1,692,Importer,Large,440,Fine_Dine_Meat,Beer,32.487251,3.0,97.46,70.61,0.7245,partially_compliant,26.85
INV587922,2025-03-07,2025 Q1,686,Importer,Small,447,Fine_Dine_Vegetarian,Wine,33.24186,10.67,354.69,218.09,0.6149,partially_compliant,136.6
INV588475,2025-03-07,2025 Q1,679,Importer,Large,448,Fine_Dine_Vegetarian,Wine,62.972957,10.67,671.92,380.08,0.5657,partially_compliant,291.84
INV589028,2025-03-07,2025 Q1,692,Importer,Large,449,Fine_Dine_Vegetarian,Wine,60.486633,10.67,645.39,467.59,0.7245,partially_compliant,177.8
INV589581,2025-03-07,2025 Q1,680,Importer,Medium,450,Fine_Dine_Vegetarian,Wine,83.404034,10.67,889.92,887.46,0.9972,compliant,2.46
INV591240,2025-03-07,2025 Q1,682,Importer,Small,453,Fine_Dine_Vegetarian,Wine,52.865073,10.67,564.07,346.84,0.6149,partially_compliant,217.24
INV592899,2025-03-07,2025 Q1,675,Importer,Small,456,Fine_Dine_Vegetarian,Wine,25.330308,10.67,270.27,267.77,0.9907,compliant,2.5
INV594558,2025-03-07,2025 Q1,673,Importer,Medium,459,Fine_Dine_Vegetarian,Wine,19.926378,10.67,212.61,212.61,1.0,compliant,0.0
INV596217,2025-03-07,2025 Q1,673,Importer,Medium,462,Fine_Dine_Vegetarian,Wine,22.735144,10.67,242.58,242.58,1.0,compliant,0.0
INV596770,2025-03-07,2025 Q1,690,Importer,Small,463,Fine_Dine_Vegetarian,Wine,53.228607,10.67,567.95,222.22,0.3913,partially_compliant,345.73
INV597323,2025-03-07,2025 Q1,677,Importer,Small,464,Fine_Dine_Vegetarian,Wine,26.170066,10.67,279.23,279.23,1.0,compliant,0.0
INV600088,2025-03-07,2025 Q1,682,Importer,Small,469,Fine_Dine_Vegetarian,Wine,13.64757,10.67,145.62,89.54,0.6149,partially_compliant,56.08
INV601747,2025-03-07,2025 Q1,689,Importer,Small,472,Fine_Dine_Vegetarian,Wine,20.182309,10.67,215.35,215.35,1.0,compliant,0.0
INV603959,2025-03-07,2025 Q1,692,Importer,Large,476,Fine_Dine_Vegetarian,Wine,27.332621,10.67,291.64,211.29,0.7245,partially_compliant,80.34
INV605618,2025-03-07,2025 Q1,673,Importer,Medium,479,Fine_Dine_Vegetarian,Wine,38.303902,10.67,408.7,408.7,1.0,compliant,0.0
INV607830,2025-03-07,2025 Q1,675,Importer,Small,483,Fine_Dine_Vegetarian,Wine,13.329429,10.67,142.23,140.91,0.9907,compliant,1.32
INV609489,2025-03-07,2025 Q1,692,Importer,Large,486,Fine_Dine_Vegetarian,Wine,42.358113,10.67,451.96,327.45,0.7245,partially_compliant,124.51
INV613913,2025-03-07,2025 Q1,686,Importer,Small,494,Fine_Dine_Vegetarian,Wine,13.425458,10.67,143.25,88.08,0.6149,partially_compliant,55.17
INV617231,2025-03-07,2025 Q1,673,Importer,Medium,500,Fine_Dine_Vegetarian,Wine,29.6152,10.67,315.99,315.99,1.0,compliant,0.0
INV402632,2025-03-14,2025 Q1,692,Importer,Large,203,Cafe,Coffee_Beans,24.459177,25.0,611.48,443.02,0.7245,partially_compliant,168.46
INV404370,2025-03-14,2025 Q1,680,Importer,Medium,205,Cafe,Coffee_Beans,4.422937,25.0,110.57,110.27,0.9972,compliant,0.31
INV406108,2025-03-14,2025 Q1,684,Importer,Medium,207,Cafe,Coffee_Beans,6.188175,25.0,154.7,154.7,1.0,compliant,0.0
INV415667,2025-03-14,2025 Q1,677,Importer,Small,218,Cafe,Coffee_Beans,15.247509,25.0,381.19,381.19,1.0,compliant,0.0
INV420881,2025-03-14,2025 Q1,686,Importer,Small,224,Cafe,Coffee_Beans,8.975973,25.0,224.4,137.98,0.6149,partially_compliant,86.42
INV424357,2025-03-14,2025 Q1,677,Importer,Small,228,Cafe,Coffee_Beans,6.893061,25.0,172.33,172.33,1.0,compliant,0.0
INV426095,2025-03-14,2025 Q1,682,Importer,Small,230,Cafe,Coffee_Beans,7.726741,25.0,193.17,118.78,0.6149,partially_compliant,74.39
INV426964,2025-03-14,2025 Q1,681,Importer,Small,231,Cafe,Coffee_Beans,6.835835,25.0,170.9,0.0,0.0,non_compliant,170.9
INV429571,2025-03-14,2025 Q1,673,Importer,Medium,234,Cafe,Coffee_Beans,5.838782,25.0,145.97,145.97,1.0,compliant,0.0
INV430440,2025-03-14,2025 Q1,673,Importer,Medium,235,Cafe,Coffee_Beans,27.689359,25.0,692.23,692.23,1.0,compliant,0.0
INV432178,2025-03-14,2025 Q1,683,Importer,Small,237,Cafe,Coffee_Beans,16.70814,25.0,417.7,413.78,0.9906,compliant,3.92
INV438261,2025-03-14,2025 Q1,682,Importer,Small,244,Cafe,Coffee_Beans,7.648532,25.0,191.21,117.57,0.6149,partially_compliant,73.64
INV439999,2025-03-14,2025 Q1,688,Importer,Small,246,Cafe,Coffee_Beans,9.231515,25.0,230.79,230.79,1.0,compliant,0.0
INV445213,2025-03-14,2025 Q1,675,Importer,Small,252,Cafe,Coffee_Beans,7.240604,25.0,181.02,179.34,0.9907,compliant,1.68
INV448689,2025-03-14,2025 Q1,678,Importer,Medium,256,Cafe,Coffee_Beans,8.791456,25.0,219.79,127.51,0.5801,partially_compliant,92.28
INV449558,2025-03-14,2025 Q1,680,Importer,Medium,257,Cafe,Coffee_Beans,26.019648,25.0,650.49,648.69,0.9972,compliant,1.8
INV454772,2025-03-14,2025 Q1,675,Importer,Small,263,Cafe,Coffee_Beans,6.376045,25.0,159.4,157.92,0.9907,compliant,1.48
INV459986,2025-03-14,2025 Q1,677,Importer,Small,269,Cafe,Coffee_Beans,5.947643,25.0,148.69,148.69,1.0,compliant,0.0
INV464331,2025-03-14,2025 Q1,673,Importer,Medium,274,Cafe,Coffee_Beans,6.121678,25.0,153.04,153.04,1.0,compliant,0.0
INV465200,2025-03-14,2025 Q1,689,Importer,Small,275,Cafe,Coffee_Beans,7.739441,25.0,193.49,193.49,1.0,compliant,0.0
INV466069,2025-03-14,2025 Q1,692,Importer,Large,276,Cafe,Coffee_Beans,6.525055,25.0,163.13,118.19,0.7245,partially_compliant,44.94
INV470414,2025-03-14,2025 Q1,689,Importer,Small,281,Cafe,Coffee_Beans,12.308925,25.0,307.72,307.72,1.0,compliant,0.0
INV475628,2025-03-14,2025 Q1,680,Importer,Medium,287,Cafe,Coffee_Beans,8.102493,25.0,202.56,202.0,0.9972,compliant,0.56
INV478235,2025-03-14,2025 Q1,675,Importer,Small,290,Cafe,Coffee_Beans,6.48575,25.0,162.14,160.64,0.9907,compliant,1.5
INV484318,2025-03-14,2025 Q1,689,Importer,Small,297,Cafe,Coffee_Beans,10.264643,25.0,256.62,256.62,1.0,compliant,0.0
INV485187,2025-03-14,2025 Q1,674,Importer,Small,298,Cafe,Coffee_Beans,6.256847,25.0,156.42,150.44,0.9617,compliant,5.99
INV490401,2025-03-14,2025 Q1,682,Importer,Small,304,Cafe,Coffee_Beans,6.404378,25.0,160.11,98.45,0.6149,partially_compliant,61.66
INV491270,2025-03-14,2025 Q1,682,Importer,Small,305,Cafe,Coffee_Beans,3.372448,25.0,84.31,51.84,0.6149,partially_compliant,32.47
INV496484,2025-03-14,2025 Q1,680,Importer,Medium,311,Cafe,Coffee_Beans,7.54907,25.0,188.73,188.2,0.9972,compliant,0.52
INV497353,2025-03-14,2025 Q1,689,Importer,Small,312,Cafe,Coffee_Beans,6.304563,25.0,157.61,157.61,1.0,compliant,0.0
INV498222,2025-03-14,2025 Q1,682,Importer,Small,313,Cafe,Coffee_Beans,5.435296,25.0,135.88,83.55,0.6149,partially_compliant,52.33
INV502567,2025-03-14,2025 Q1,688,Importer,Small,318,Cafe,Coffee_Beans,15.501574,25.0,387.54,387.54,1.0,compliant,0.0
INV507781,2025-03-14,2025 Q1,692,Importer,Large,324,Cafe,Coffee_Beans,6.030982,25.0,150.77,109.24,0.7245,partially_compliant,41.54
INV515602,2025-03-14,2025 Q1,678,Importer,Medium,333,Cafe,Coffee_Beans,5.353957,25.0,133.85,77.65,0.5801,partially_compliant,56.2
INV518209,2025-03-14,2025 Q1,690,Importer,Small,336,Cafe,Coffee_Beans,4.379218,25.0,109.48,42.84,0.3913,partially_compliant,66.64
INV522554,2025-03-14,2025 Q1,690,Importer,Small,341,Cafe,Coffee_Beans,5.953842,25.0,148.85,58.24,0.3913,partially_compliant,90.61
INV523423,2025-03-14,2025 Q1,686,Importer,Small,342,Cafe,Coffee_Beans,3.758926,25.0,93.97,57.78,0.6149,partially_compliant,36.19
INV524292,2025-03-14,2025 Q1,690,Importer,Small,343,Cafe,Coffee_Beans,8.836525,25.0,220.91,86.43,0.3913,partially_compliant,134.48
INV532982,2025-03-14,2025 Q1,686,Importer,Small,353,Cafe,Coffee_Beans,11.002153,25.0,275.05,169.12,0.6149,partially_compliant,105.93
INV534720,2025-03-14,2025 Q1,678,Importer,Medium,355,Cafe,Coffee_Beans,18.763865,25.0,469.1,272.14,0.5801,partially_compliant,196.95
INV537327,2025-03-14,2025 Q1,679,Importer,Large,358,Cafe,Coffee_Beans,6.890518,25.0,172.26,97.44,0.5657,partially_compliant,74.82
INV542584,2025-03-14,2025 Q1,673,Importer,Medium,365,Fine_Dine_Meat,Beer,27.736275,3.0,83.21,83.21,1.0,compliant,0.0
INV544795,2025-03-14,2025 Q1,692,Importer,Large,369,Fine_Dine_Meat,Wine,21.594575,10.67,230.41,166.94,0.7245,partially_compliant,63.48
INV547560,2025-03-14,2025 Q1,675,Importer,Small,374,Fine_Dine_Meat,Wine,25.284506,10.67,269.79,267.29,0.9907,compliant,2.5
INV547561,2025-03-14,2025 Q1,683,Importer,Small,374,Fine_Dine_Meat,Beer,37.926759,3.0,113.78,112.71,0.9906,compliant,1.07
INV549773,2025-03-14,2025 Q1,679,Importer,Large,378,Fine_Dine_Meat,Beer,26.795371,3.0,80.39,45.47,0.5657,partially_compliant,34.92
INV550325,2025-03-14,2025 Q1,686,Importer,Small,379,Fine_Dine_Meat,Wine,47.104424,10.67,502.6,309.04,0.6149,partially_compliant,193.56
INV551984,2025-03-14,2025 Q1,677,Importer,Small,382,Fine_Dine_Meat,Wine,21.603504,10.67,230.51,230.51,1.0,compliant,0.0
INV553090,2025-03-14,2025 Q1,682,Importer,Small,384,Fine_Dine_Meat,Wine,17.296471,10.67,184.55,113.48,0.6149,partially_compliant,71.08
INV553091,2025-03-14,2025 Q1,680,Importer,Medium,384,Fine_Dine_Meat,Beer,25.944706,3.0,77.83,77.62,0.9972,compliant,0.22
INV555302,2025-03-14,2025 Q1,686,Importer,Small,388,Fine_Dine_Meat,Wine,13.552471,10.67,144.6,88.91,0.6149,partially_compliant,55.69
INV555303,2025-03-14,2025 Q1,680,Importer,Medium,388,Fine_Dine_Meat,Beer,20.328706,3.0,60.99,60.82,0.9972,compliant,0.17
INV555855,2025-03-14,2025 Q1,680,Importer,Medium,389,Fine_Dine_Meat,Wine,18.488482,10.67,197.27,196.73,0.9972,compliant,0.55
INV556961,2025-03-14,2025 Q1,692,Importer,Large,391,Fine_Dine_Meat,Wine,22.034717,10.67,235.11,170.34,0.7245,partially_compliant,64.77
INV557515,2025-03-14,2025 Q1,692,Importer,Large,392,Fine_Dine_Meat,Beer,28.369044,3.0,85.11,61.66,0.7245,partially_compliant,23.45
INV558620,2025-03-14,2025 Q1,679,Importer,Large,394,Fine_Dine_Meat,Wine,25.678972,10.67,273.99,154.99,0.5657,partially_compliant,119.01
INV559173,2025-03-14,2025 Q1,686,Importer,Small,395,Fine_Dine_Meat,Wine,29.552597,10.67,315.33,193.89,0.6149,partially_compliant,121.44
INV559727,2025-03-14,2025 Q1,685,Importer,Small,396,Fine_Dine_Meat,Beer,56.315946,3.0,168.95,165.53,0.9797,compliant,3.42
INV560280,2025-03-14,2025 Q1,675,Importer,Small,397,Fine_Dine_Meat,Beer,40.50388,3.0,121.51,120.39,0.9907,compliant,1.13
INV561385,2025-03-14,2025 Q1,673,Importer,Medium,399,Fine_Dine_Meat,Wine,38.914476,10.67,415.22,415.22,1.0,compliant,0.0
INV566362,2025-03-14,2025 Q1,681,Importer,Small,408,Fine_Dine_Meat,Wine,46.261679,10.67,493.61,0.0,0.0,non_compliant,493.61
INV568021,2025-03-14,2025 Q1,673,Importer,Medium,411,Fine_Dine_Meat,Wine,15.242911,10.67,162.64,162.64,1.0,compliant,0.0
INV568022,2025-03-14,2025 Q1,673,Importer,Medium,411,Fine_Dine_Meat,Beer,22.864367,3.0,68.59,68.59,1.0,compliant,0.0
INV568574,2025-03-14,2025 Q1,680,Importer,Medium,412,Fine_Dine_Meat,Wine,40.516356,10.67,432.31,431.11,0.9972,compliant,1.2
INV569680,2025-03-14,2025 Q1,689,Importer,Small,414,Fine_Dine_Meat,Wine,28.321513,10.67,302.19,302.19,1.0,compliant,0.0
INV570786,2025-03-14,2025 Q1,680,Importer,Medium,416,Fine_Dine_Meat,Wine,23.274939,10.67,248.34,247.66,0.9972,compliant,0.69
INV571892,2025-03-14,2025 Q1,675,Importer,Small,418,Fine_Dine_Meat,Wine,42.910231,10.67,457.85,453.61,0.9907,compliant,4.24
INV574104,2025-03-14,2025 Q1,673,Importer,Medium,422,Fine_Dine_Meat,Wine,24.184359,10.67,258.05,258.05,1.0,compliant,0.0
INV576869,2025-03-14,2025 Q1,678,Importer,Medium,427,Fine_Dine_Meat,Wine,21.043585,10.67,224.54,130.26,0.5801,partially_compliant,94.27
INV577422,2025-03-14,2025 Q1,689,Importer,Small,428,Fine_Dine_Meat,Wine,18.89321,10.67,201.59,201.59,1.0,compliant,0.0
INV578528,2025-03-14,2025 Q1,685,Importer,Small,430,Fine_Dine_Meat,Wine,36.576822,10.67,390.27,382.37,0.9797,compliant,7.91
INV579081,2025-03-14,2025 Q1,692,Importer,Large,431,Fine_Dine_Meat,Wine,17.880836,10.67,190.79,138.23,0.7245,partially_compliant,52.56
INV579634,2025-03-14,2025 Q1,673,Importer,Medium,432,Fine_Dine_Meat,Wine,38.548876,10.67,411.32,411.32,1.0,compliant,0.0
INV580188,2025-03-14,2025 Q1,679,Importer,Large,433,Fine_Dine_Meat,Beer,25.645724,3.0,76.94,43.52,0.5657,partially_compliant,33.42
INV580741,2025-03-14,2025 Q1,692,Importer,Large,434,Fine_Dine_Meat,Beer,35.866801,3.0,107.6,77.96,0.7245,partially_compliant,29.64
INV581294,2025-03-14,2025 Q1,687,Importer,Medium,435,Fine_Dine_Meat,Beer,40.106432,3.0,120.32,83.88,0.6971,partially_compliant,36.44
INV584058,2025-03-14,2025 Q1,679,Importer,Large,440,Fine_Dine_Meat,Wine,21.229612,10.67,226.52,128.13,0.5657,partially_compliant,98.39
INV584059,2025-03-14,2025 Q1,692,Importer,Large,440,Fine_Dine_Meat,Beer,31.844418,3.0,95.53,69.21,0.7245,partially_compliant,26.32
INV587929,2025-03-14,2025 Q1,686,Importer,Small,447,Fine_Dine_Vegetarian,Wine,32.584096,10.67,347.67,213.78,0.6149,partially_compliant,133.9
INV588482,2025-03-14,2025 Q1,679,Importer,Large,448,Fine_Dine_Vegetarian,Wine,61.726896,10.67,658.63,372.56,0.5657,partially_compliant,286.07
INV589035,2025-03-14,2025 Q1,692,Importer,Large,449,Fine_Dine_Vegetarian,Wine,59.472486,10.67,634.57,459.75,0.7245,partially_compliant,174.82
INV589588,2025-03-14,2025 Q1,680,Importer,Medium,450,Fine_Dine_Vegetarian,Wine,81.753698,10.67,872.31,869.9,0.9972,compliant,2.41
INV591247,2025-03-14,2025 Q1,682,Importer,Small,453,Fine_Dine_Vegetarian,Wine,51.819019,10.67,552.91,339.97,0.6149,partially_compliant,212.94
INV592906,2025-03-14,2025 Q1,675,Importer,Small,456,Fine_Dine_Vegetarian,Wine,24.829091,10.67,264.93,262.47,0.9907,compliant,2.46
INV594565,2025-03-14,2025 Q1,673,Importer,Medium,459,Fine_Dine_Vegetarian,Wine,19.53209,10.67,208.41,208.41,1.0,compliant,0.0
INV596224,2025-03-14,2025 Q1,673,Importer,Medium,462,Fine_Dine_Vegetarian,Wine,22.285278,10.67,237.78,237.78,1.0,compliant,0.0
INV596777,2025-03-14,2025 Q1,690,Importer,Small,463,Fine_Dine_Vegetarian,Wine,52.17536,10.67,556.71,217.82,0.3913,partially_compliant,338.89
INV597330,2025-03-14,2025 Q1,677,Importer,Small,464,Fine_Dine_Vegetarian,Wine,25.652232,10.67,273.71,273.71,1.0,compliant,0.0
INV600095,2025-03-14,2025 Q1,682,Importer,Small,469,Fine_Dine_Vegetarian,Wine,13.377522,10.67,142.74,87.77,0.6149,partially_compliant,54.97
INV601754,2025-03-14,2025 Q1,689,Importer,Small,472,Fine_Dine_Vegetarian,Wine,19.782956,10.67,211.08,211.08,1.0,compliant,0.0
INV603966,2025-03-14,2025 Q1,692,Importer,Large,476,Fine_Dine_Vegetarian,Wine,26.791784,10.67,285.87,207.11,0.7245,partially_compliant,78.75
INV605625,2025-03-14,2025 Q1,673,Importer,Medium,479,Fine_Dine_Vegetarian,Wine,31.755323,10.67,338.83,338.83,1.0,compliant,0.0
INV607837,2025-03-14,2025 Q1,675,Importer,Small,483,Fine_Dine_Vegetarian,Wine,11.376652,10.67,121.39,120.26,0.9907,compliant,1.13
INV609496,2025-03-14,2025 Q1,692,Importer,Large,486,Fine_Dine_Vegetarian,Wine,41.519963,10.67,443.02,320.97,0.7245,partially_compliant,122.05
INV613920,2025-03-14,2025 Q1,686,Importer,Small,494,Fine_Dine_Vegetarian,Wine,12.677167,10.67,135.27,83.17,0.6149,partially_compliant,52.09
INV617238,2025-03-14,2025 Q1,673,Importer,Medium,500,Fine_Dine_Vegetarian,Wine,29.029197,10.67,309.74,309.74,1.0,compliant,0.0
INV402643,2025-03-21,2025 Q1,692,Importer,Large,203,Cafe,Coffee_Beans,26.604792,25.0,665.12,481.88,0.7245,partially_compliant,183.24
INV404381,2025-03-21,2025 Q1,680,Importer,Medium,205,Cafe,Coffee_Beans,4.810927,25.0,120.27,119.94,0.9972,compliant,0.33
INV406119,2025-03-21,2025 Q1,684,Importer,Medium,207,Cafe,Coffee_Beans,6.731015,25.0,168.28,168.28,1.0,compliant,0.0
INV415678,2025-03-21,2025 Q1,677,Importer,Small,218,Cafe,Coffee_Beans,16.585056,25.0,414.63,414.63,1.0,compliant,0.0
INV420892,2025-03-21,2025 Q1,686,Importer,Small,224,Cafe,Coffee_Beans,9.333613,25.0,233.34,143.48,0.6149,partially_compliant,89.86
INV424368,2025-03-21,2025 Q1,677,Importer,Small,228,Cafe,Coffee_Beans,7.497736,25.0,187.44,187.44,1.0,compliant,0.0
INV426106,2025-03-21,2025 Q1,682,Importer,Small,230,Cafe,Coffee_Beans,8.404548,25.0,210.11,129.19,0.6149,partially_compliant,80.92
INV426975,2025-03-21,2025 Q1,681,Importer,Small,231,Cafe,Coffee_Beans,7.43549,25.0,185.89,0.0,0.0,non_compliant,185.89
INV429582,2025-03-21,2025 Q1,673,Importer,Medium,234,Cafe,Coffee_Beans,6.350973,25.0,158.77,158.77,1.0,compliant,0.0
INV430451,2025-03-21,2025 Q1,673,Importer,Medium,235,Cafe,Coffee_Beans,30.118333,25.0,752.96,752.96,1.0,compliant,0.0
INV432189,2025-03-21,2025 Q1,683,Importer,Small,237,Cafe,Coffee_Beans,18.173816,25.0,454.35,450.08,0.9906,compliant,4.27
INV438272,2025-03-21,2025 Q1,682,Importer,Small,244,Cafe,Coffee_Beans,8.319478,25.0,207.99,127.89,0.6149,partially_compliant,80.1
INV440010,2025-03-21,2025 Q1,688,Importer,Small,246,Cafe,Coffee_Beans,11.088038,25.0,277.2,277.2,1.0,compliant,0.0
INV445224,2025-03-21,2025 Q1,675,Importer,Small,252,Cafe,Coffee_Beans,7.875767,25.0,196.89,195.07,0.9907,compliant,1.82
INV448700,2025-03-21,2025 Q1,678,Importer,Medium,256,Cafe,Coffee_Beans,9.562662,25.0,239.07,138.69,0.5801,partially_compliant,100.37
INV449569,2025-03-21,2025 Q1,680,Importer,Medium,257,Cafe,Coffee_Beans,28.302151,25.0,707.55,705.6,0.9972,compliant,1.96
INV454783,2025-03-21,2025 Q1,675,Importer,Small,263,Cafe,Coffee_Beans,6.935366,25.0,173.38,171.78,0.9907,compliant,1.61
INV459997,2025-03-21,2025 Q1,677,Importer,Small,269,Cafe,Coffee_Beans,6.469384,25.0,161.73,161.73,1.0,compliant,0.0
INV464342,2025-03-21,2025 Q1,673,Importer,Medium,274,Cafe,Coffee_Beans,6.658685,25.0,166.47,166.47,1.0,compliant,0.0
INV465211,2025-03-21,2025 Q1,689,Importer,Small,275,Cafe,Coffee_Beans,8.418362,25.0,210.46,210.46,1.0,compliant,0.0
INV466080,2025-03-21,2025 Q1,692,Importer,Large,276,Cafe,Coffee_Beans,7.097448,25.0,177.44,128.55,0.7245,partially_compliant,48.88
INV470425,2025-03-21,2025 Q1,689,Importer,Small,281,Cafe,Coffee_Beans,13.388692,25.0,334.72,334.72,1.0,compliant,0.0
INV475639,2025-03-21,2025 Q1,680,Importer,Medium,287,Cafe,Coffee_Beans,9.099017,25.0,227.48,226.85,0.9972,compliant,0.63
INV478246,2025-03-21,2025 Q1,675,Importer,Small,290,Cafe,Coffee_Beans,7.054695,25.0,176.37,174.73,0.9907,compliant,1.63
INV484329,2025-03-21,2025 Q1,689,Importer,Small,297,Cafe,Coffee_Beans,11.815142,25.0,295.38,295.38,1.0,compliant,0.0
INV485198,2025-03-21,2025 Q1,674,Importer,Small,298,Cafe,Coffee_Beans,6.805711,25.0,170.14,163.63,0.9617,compliant,6.51
INV490412,2025-03-21,2025 Q1,682,Importer,Small,304,Cafe,Coffee_Beans,6.966185,25.0,174.15,107.08,0.6149,partially_compliant,67.07
INV491281,2025-03-21,2025 Q1,682,Importer,Small,305,Cafe,Coffee_Beans,4.440096,25.0,111.0,68.25,0.6149,partially_compliant,42.75
INV496495,2025-03-21,2025 Q1,680,Importer,Medium,311,Cafe,Coffee_Beans,8.211292,25.0,205.28,204.71,0.9972,compliant,0.57
INV497364,2025-03-21,2025 Q1,689,Importer,Small,312,Cafe,Coffee_Beans,6.857613,25.0,171.44,171.44,1.0,compliant,0.0
INV498233,2025-03-21,2025 Q1,682,Importer,Small,313,Cafe,Coffee_Beans,6.152491,25.0,153.81,94.58,0.6149,partially_compliant,59.24
INV502578,2025-03-21,2025 Q1,688,Importer,Small,318,Cafe,Coffee_Beans,14.961736,25.0,374.04,374.04,1.0,compliant,0.0
INV507792,2025-03-21,2025 Q1,692,Importer,Large,324,Cafe,Coffee_Beans,6.560033,25.0,164.0,118.82,0.7245,partially_compliant,45.18
INV515613,2025-03-21,2025 Q1,678,Importer,Medium,333,Cafe,Coffee_Beans,5.823619,25.0,145.59,84.46,0.5801,partially_compliant,61.13
INV518220,2025-03-21,2025 Q1,690,Importer,Small,336,Cafe,Coffee_Beans,4.229818,25.0,105.75,41.37,0.3913,partially_compliant,64.37
INV522565,2025-03-21,2025 Q1,690,Importer,Small,341,Cafe,Coffee_Beans,6.476127,25.0,161.9,63.35,0.3913,partially_compliant,98.56
INV523434,2025-03-21,2025 Q1,686,Importer,Small,342,Cafe,Coffee_Beans,4.088668,25.0,102.22,62.85,0.6149,partially_compliant,39.37
INV524303,2025-03-21,2025 Q1,690,Importer,Small,343,Cafe,Coffee_Beans,10.385644,25.0,259.64,101.59,0.3913,partially_compliant,158.05
INV532993,2025-03-21,2025 Q1,686,Importer,Small,353,Cafe,Coffee_Beans,11.967287,25.0,299.18,183.96,0.6149,partially_compliant,115.22
INV534731,2025-03-21,2025 Q1,678,Importer,Medium,355,Cafe,Coffee_Beans,20.409875,25.0,510.25,296.01,0.5801,partially_compliant,214.23
INV537338,2025-03-21,2025 Q1,679,Importer,Large,358,Cafe,Coffee_Beans,7.49497,25.0,187.37,105.99,0.5657,partially_compliant,81.38
INV542591,2025-03-21,2025 Q1,673,Importer,Medium,365,Fine_Dine_Meat,Beer,29.508764,3.0,88.53,88.53,1.0,compliant,0.0
INV544802,2025-03-21,2025 Q1,692,Importer,Large,369,Fine_Dine_Meat,Wine,22.974578,10.67,245.14,177.6,0.7245,partially_compliant,67.53
INV547567,2025-03-21,2025 Q1,675,Importer,Small,374,Fine_Dine_Meat,Wine,26.900314,10.67,287.03,284.37,0.9907,compliant,2.66
INV547568,2025-03-21,2025 Q1,683,Importer,Small,374,Fine_Dine_Meat,Beer,40.350471,3.0,121.05,119.91,0.9906,compliant,1.14
INV549780,2025-03-21,2025 Q1,679,Importer,Large,378,Fine_Dine_Meat,Beer,28.507732,3.0,85.52,48.38,0.5657,partially_compliant,37.15
INV550332,2025-03-21,2025 Q1,686,Importer,Small,379,Fine_Dine_Meat,Wine,50.114636,10.67,534.72,328.79,0.6149,partially_compliant,205.93
INV551991,2025-03-21,2025 Q1,677,Importer,Small,382,Fine_Dine_Meat,Wine,21.340664,10.67,227.7,227.7,1.0,compliant,0.0
INV553097,2025-03-21,2025 Q1,682,Importer,Small,384,Fine_Dine_Meat,Wine,18.401803,10.67,196.35,120.73,0.6149,partially_compliant,75.62
INV553098,2025-03-21,2025 Q1,680,Importer,Medium,384,Fine_Dine_Meat,Beer,27.602705,3.0,82.81,82.58,0.9972,compliant,0.23
INV555309,2025-03-21,2025 Q1,686,Importer,Small,388,Fine_Dine_Meat,Wine,19.364163,10.67,206.62,127.04,0.6149,partially_compliant,79.57
INV555310,2025-03-21,2025 Q1,680,Importer,Medium,388,Fine_Dine_Meat,Beer,29.046245,3.0,87.14,86.9,0.9972,compliant,0.24
INV555862,2025-03-21,2025 Q1,680,Importer,Medium,389,Fine_Dine_Meat,Wine,19.66999,10.67,209.88,209.3,0.9972,compliant,0.58
INV556968,2025-03-21,2025 Q1,692,Importer,Large,391,Fine_Dine_Meat,Wine,23.442847,10.67,250.14,181.22,0.7245,partially_compliant,68.91
INV557522,2025-03-21,2025 Q1,692,Importer,Large,392,Fine_Dine_Meat,Beer,31.27779,3.0,93.83,67.98,0.7245,partially_compliant,25.85
INV558627,2025-03-21,2025 Q1,679,Importer,Large,394,Fine_Dine_Meat,Wine,27.319989,10.67,291.5,164.89,0.5657,partially_compliant,126.61
INV559180,2025-03-21,2025 Q1,686,Importer,Small,395,Fine_Dine_Meat,Wine,31.441158,10.67,335.48,206.28,0.6149,partially_compliant,129.2
INV559734,2025-03-21,2025 Q1,685,Importer,Small,396,Fine_Dine_Meat,Beer,59.914822,3.0,179.74,176.1,0.9797,compliant,3.64
INV560287,2025-03-21,2025 Q1,675,Importer,Small,397,Fine_Dine_Meat,Beer,46.658316,3.0,139.97,138.68,0.9907,compliant,1.3
INV561392,2025-03-21,2025 Q1,673,Importer,Medium,399,Fine_Dine_Meat,Wine,41.401309,10.67,441.75,441.75,1.0,compliant,0.0
INV566369,2025-03-21,2025 Q1,681,Importer,Small,408,Fine_Dine_Meat,Wine,49.218036,10.67,525.16,0.0,0.0,non_compliant,525.16
INV568028,2025-03-21,2025 Q1,673,Importer,Medium,411,Fine_Dine_Meat,Wine,16.217011,10.67,173.04,173.04,1.0,compliant,0.0
INV568029,2025-03-21,2025 Q1,673,Importer,Medium,411,Fine_Dine_Meat,Beer,24.325516,3.0,72.98,72.98,1.0,compliant,0.0
INV568581,2025-03-21,2025 Q1,680,Importer,Medium,412,Fine_Dine_Meat,Wine,43.105557,10.67,459.94,458.66,0.9972,compliant,1.27
INV569687,2025-03-21,2025 Q1,689,Importer,Small,414,Fine_Dine_Meat,Wine,27.831242,10.67,296.96,296.96,1.0,compliant,0.0
INV570793,2025-03-21,2025 Q1,680,Importer,Medium,416,Fine_Dine_Meat,Wine,24.762326,10.67,264.21,263.48,0.9972,compliant,0.73
INV571899,2025-03-21,2025 Q1,675,Importer,Small,418,Fine_Dine_Meat,Wine,45.652413,10.67,487.11,482.6,0.9907,compliant,4.51
INV574111,2025-03-21,2025 Q1,673,Importer,Medium,422,Fine_Dine_Meat,Wine,25.729863,10.67,274.54,274.54,1.0,compliant,0.0
INV576876,2025-03-21,2025 Q1,678,Importer,Medium,427,Fine_Dine_Meat,Wine,22.388377,10.67,238.88,138.59,0.5801,partially_compliant,100.3
INV577429,2025-03-21,2025 Q1,689,Importer,Small,428,Fine_Dine_Meat,Wine,20.100583,10.67,214.47,214.47,1.0,compliant,0.0
INV578535,2025-03-21,2025 Q1,685,Importer,Small,430,Fine_Dine_Meat,Wine,38.857107,10.67,414.61,406.21,0.9797,compliant,8.4
INV579088,2025-03-21,2025 Q1,692,Importer,Large,431,Fine_Dine_Meat,Wine,19.023512,10.67,202.98,147.06,0.7245,partially_compliant,55.92
INV579641,2025-03-21,2025 Q1,673,Importer,Medium,432,Fine_Dine_Meat,Wine,41.012345,10.67,437.6,437.6,1.0,compliant,0.0
INV580195,2025-03-21,2025 Q1,679,Importer,Large,433,Fine_Dine_Meat,Beer,27.786896,3.0,83.36,47.15,0.5657,partially_compliant,36.21
INV580748,2025-03-21,2025 Q1,692,Importer,Large,434,Fine_Dine_Meat,Beer,38.158872,3.0,114.48,82.94,0.7245,partially_compliant,31.54
INV581301,2025-03-21,2025 Q1,687,Importer,Medium,435,Fine_Dine_Meat,Beer,42.39849,3.0,127.2,88.67,0.6971,partially_compliant,38.52
INV584065,2025-03-21,2025 Q1,679,Importer,Large,440,Fine_Dine_Meat,Wine,22.586292,10.67,241.0,136.32,0.5657,partially_compliant,104.67
INV584066,2025-03-21,2025 Q1,692,Importer,Large,440,Fine_Dine_Meat,Beer,33.879438,3.0,101.64,73.64,0.7245,partially_compliant,28.0
INV587936,2025-03-21,2025 Q1,686,Importer,Small,447,Fine_Dine_Vegetarian,Wine,34.666385,10.67,369.89,227.44,0.6149,partially_compliant,142.45
INV588489,2025-03-21,2025 Q1,679,Importer,Large,448,Fine_Dine_Vegetarian,Wine,65.671559,10.67,700.72,396.36,0.5657,partially_compliant,304.35
INV589042,2025-03-21,2025 Q1,692,Importer,Large,449,Fine_Dine_Vegetarian,Wine,63.425591,10.67,676.75,490.31,0.7245,partially_compliant,186.44
INV589595,2025-03-21,2025 Q1,680,Importer,Medium,450,Fine_Dine_Vegetarian,Wine,86.978175,10.67,928.06,925.49,0.9972,compliant,2.57
INV591254,2025-03-21,2025 Q1,682,Importer,Small,453,Fine_Dine_Vegetarian,Wine,55.130518,10.67,588.24,361.7,0.6149,partially_compliant,226.54
INV592913,2025-03-21,2025 Q1,675,Importer,Small,456,Fine_Dine_Vegetarian,Wine,26.415797,10.67,281.86,279.24,0.9907,compliant,2.61
INV594572,2025-03-21,2025 Q1,673,Importer,Medium,459,Fine_Dine_Vegetarian,Wine,20.78029,10.67,221.73,221.73,1.0,compliant,0.0
INV596231,2025-03-21,2025 Q1,673,Importer,Medium,462,Fine_Dine_Vegetarian,Wine,23.709421,10.67,252.98,252.98,1.0,compliant,0.0
INV596784,2025-03-21,2025 Q1,690,Importer,Small,463,Fine_Dine_Vegetarian,Wine,55.509631,10.67,592.29,231.74,0.3913,partially_compliant,360.55
INV597337,2025-03-21,2025 Q1,677,Importer,Small,464,Fine_Dine_Vegetarian,Wine,27.29154,10.67,291.2,291.2,1.0,compliant,0.0
INV600102,2025-03-21,2025 Q1,682,Importer,Small,469,Fine_Dine_Vegetarian,Wine,14.232414,10.67,151.86,93.38,0.6149,partially_compliant,58.48
INV601761,2025-03-21,2025 Q1,689,Importer,Small,472,Fine_Dine_Vegetarian,Wine,21.047188,10.67,224.57,224.57,1.0,compliant,0.0
INV603973,2025-03-21,2025 Q1,692,Importer,Large,476,Fine_Dine_Vegetarian,Wine,28.503916,10.67,304.14,220.35,0.7245,partially_compliant,83.79
INV605632,2025-03-21,2025 Q1,673,Importer,Medium,479,Fine_Dine_Vegetarian,Wine,27.083096,10.67,288.98,288.98,1.0,compliant,0.0
INV607844,2025-03-21,2025 Q1,675,Importer,Small,483,Fine_Dine_Vegetarian,Wine,12.103677,10.67,129.15,127.95,0.9907,compliant,1.2
INV609503,2025-03-21,2025 Q1,692,Importer,Large,486,Fine_Dine_Vegetarian,Wine,44.173299,10.67,471.33,341.48,0.7245,partially_compliant,129.85
INV613927,2025-03-21,2025 Q1,686,Importer,Small,494,Fine_Dine_Vegetarian,Wine,13.134579,10.67,140.15,86.17,0.6149,partially_compliant,53.97
INV617245,2025-03-21,2025 Q1,673,Importer,Medium,500,Fine_Dine_Vegetarian,Wine,30.88431,10.67,329.54,329.54,1.0,compliant,0.0
INV402654,2025-03-28,2025 Q1,692,Importer,Large,203,Cafe,Coffee_Beans,28.123727,25.0,703.09,509.4,0.7245,partially_compliant,193.7
INV404392,2025-03-28,2025 Q1,680,Importer,Medium,205,Cafe,Coffee_Beans,5.05271,25.0,126.32,125.97,0.9972,compliant,0.35
INV406130,2025-03-28,2025 Q1,684,Importer,Medium,207,Cafe,Coffee_Beans,7.12169,25.0,178.04,178.04,1.0,compliant,0.0
INV415689,2025-03-28,2025 Q1,677,Importer,Small,218,Cafe,Coffee_Beans,17.619271,25.0,440.48,440.48,1.0,compliant,0.0
INV420903,2025-03-28,2025 Q1,686,Importer,Small,224,Cafe,Coffee_Beans,9.623364,25.0,240.58,147.93,0.6149,partially_compliant,92.65
INV424379,2025-03-28,2025 Q1,677,Importer,Small,228,Cafe,Coffee_Beans,7.989722,25.0,199.74,199.74,1.0,compliant,0.0
INV426117,2025-03-28,2025 Q1,682,Importer,Small,230,Cafe,Coffee_Beans,8.955447,25.0,223.89,137.66,0.6149,partially_compliant,86.22
INV426986,2025-03-28,2025 Q1,681,Importer,Small,231,Cafe,Coffee_Beans,7.926758,25.0,198.17,0.0,0.0,non_compliant,198.17
INV429593,2025-03-28,2025 Q1,673,Importer,Medium,234,Cafe,Coffee_Beans,6.74027,25.0,168.51,168.51,1.0,compliant,0.0
INV430462,2025-03-28,2025 Q1,673,Importer,Medium,235,Cafe,Coffee_Beans,31.977075,25.0,799.43,799.43,1.0,compliant,0.0
INV432200,2025-03-28,2025 Q1,683,Importer,Small,237,Cafe,Coffee_Beans,19.35279,25.0,483.82,479.28,0.9906,compliant,4.54
INV438283,2025-03-28,2025 Q1,682,Importer,Small,244,Cafe,Coffee_Beans,8.851295,25.0,221.28,136.06,0.6149,partially_compliant,85.22
INV440021,2025-03-28,2025 Q1,688,Importer,Small,246,Cafe,Coffee_Beans,12.496416,25.0,312.41,312.41,1.0,compliant,0.0
INV445235,2025-03-28,2025 Q1,675,Importer,Small,252,Cafe,Coffee_Beans,8.35183,25.0,208.8,206.86,0.9907,compliant,1.94
INV448711,2025-03-28,2025 Q1,678,Importer,Medium,256,Cafe,Coffee_Beans,10.038259,25.0,250.96,145.59,0.5801,partially_compliant,105.37
INV449580,2025-03-28,2025 Q1,680,Importer,Medium,257,Cafe,Coffee_Beans,29.814513,25.0,745.36,743.3,0.9972,compliant,2.06
INV454794,2025-03-28,2025 Q1,675,Importer,Small,263,Cafe,Coffee_Beans,7.396618,25.0,184.92,183.2,0.9907,compliant,1.71
INV460008,2025-03-28,2025 Q1,677,Importer,Small,269,Cafe,Coffee_Beans,6.887609,25.0,172.19,172.19,1.0,compliant,0.0
INV464353,2025-03-28,2025 Q1,673,Importer,Medium,274,Cafe,Coffee_Beans,7.026007,25.0,175.65,175.65,1.0,compliant,0.0
INV465222,2025-03-28,2025 Q1,689,Importer,Small,275,Cafe,Coffee_Beans,8.960574,25.0,224.01,224.01,1.0,compliant,0.0
INV466091,2025-03-28,2025 Q1,692,Importer,Large,276,Cafe,Coffee_Beans,7.549915,25.0,188.75,136.75,0.7245,partially_compliant,52.0
INV470436,2025-03-28,2025 Q1,689,Importer,Small,281,Cafe,Coffee_Beans,14.221552,25.0,355.54,355.54,1.0,compliant,0.0
INV475650,2025-03-28,2025 Q1,680,Importer,Medium,287,Cafe,Coffee_Beans,9.640132,25.0,241.0,240.34,0.9972,compliant,0.67
INV478257,2025-03-28,2025 Q1,675,Importer,Small,290,Cafe,Coffee_Beans,7.52525,25.0,188.13,186.39,0.9907,compliant,1.74
INV484340,2025-03-28,2025 Q1,689,Importer,Small,297,Cafe,Coffee_Beans,12.939947,25.0,323.5,323.5,1.0,compliant,0.0
INV485209,2025-03-28,2025 Q1,674,Importer,Small,298,Cafe,Coffee_Beans,6.987167,25.0,174.68,167.99,0.9617,compliant,6.68
INV490423,2025-03-28,2025 Q1,682,Importer,Small,304,Cafe,Coffee_Beans,7.426626,25.0,185.67,114.16,0.6149,partially_compliant,71.5
INV491292,2025-03-28,2025 Q1,682,Importer,Small,305,Cafe,Coffee_Beans,5.429304,25.0,135.73,83.46,0.6149,partially_compliant,52.27
INV496506,2025-03-28,2025 Q1,680,Importer,Medium,311,Cafe,Coffee_Beans,8.739844,25.0,218.5,217.89,0.9972,compliant,0.6
INV497375,2025-03-28,2025 Q1,689,Importer,Small,312,Cafe,Coffee_Beans,7.217431,25.0,180.44,180.44,1.0,compliant,0.0
INV498244,2025-03-28,2025 Q1,682,Importer,Small,313,Cafe,Coffee_Beans,7.015323,25.0,175.38,107.84,0.6149,partially_compliant,67.54
INV502589,2025-03-28,2025 Q1,688,Importer,Small,318,Cafe,Coffee_Beans,15.258921,25.0,381.47,381.47,1.0,compliant,0.0
INV507803,2025-03-28,2025 Q1,692,Importer,Large,324,Cafe,Coffee_Beans,6.90846,25.0,172.71,125.13,0.7245,partially_compliant,47.58
INV515624,2025-03-28,2025 Q1,678,Importer,Medium,333,Cafe,Coffee_Beans,6.147096,25.0,153.68,89.15,0.5801,partially_compliant,64.52
INV518231,2025-03-28,2025 Q1,690,Importer,Small,336,Cafe,Coffee_Beans,4.071961,25.0,101.8,39.83,0.3913,partially_compliant,61.97
INV522576,2025-03-28,2025 Q1,690,Importer,Small,341,Cafe,Coffee_Beans,7.087834,25.0,177.2,69.33,0.3913,partially_compliant,107.87
INV523445,2025-03-28,2025 Q1,686,Importer,Small,342,Cafe,Coffee_Beans,4.292844,25.0,107.32,65.99,0.6149,partially_compliant,41.33
INV524314,2025-03-28,2025 Q1,690,Importer,Small,343,Cafe,Coffee_Beans,11.490886,25.0,287.27,112.4,0.3913,partially_compliant,174.87
INV533004,2025-03-28,2025 Q1,686,Importer,Small,353,Cafe,Coffee_Beans,12.592506,25.0,314.81,193.57,0.6149,partially_compliant,121.24
INV534742,2025-03-28,2025 Q1,678,Importer,Medium,355,Cafe,Coffee_Beans,21.612558,25.0,540.31,313.46,0.5801,partially_compliant,226.86
INV537349,2025-03-28,2025 Q1,679,Importer,Large,358,Cafe,Coffee_Beans,7.972391,25.0,199.31,112.74,0.5657,partially_compliant,86.57
INV542598,2025-03-28,2025 Q1,673,Importer,Medium,365,Fine_Dine_Meat,Beer,30.504422,3.0,91.51,91.51,1.0,compliant,0.0
INV544809,2025-03-28,2025 Q1,692,Importer,Large,369,Fine_Dine_Meat,Wine,24.069881,10.67,256.83,186.07,0.7245,partially_compliant,70.75
INV547574,2025-03-28,2025 Q1,675,Importer,Small,374,Fine_Dine_Meat,Wine,28.220287,10.67,301.11,298.32,0.9907,compliant,2.79
INV547575,2025-03-28,2025 Q1,683,Importer,Small,374,Fine_Dine_Meat,Beer,42.330431,3.0,126.99,125.8,0.9906,compliant,1.19
INV549787,2025-03-28,2025 Q1,679,Importer,Large,378,Fine_Dine_Meat,Beer,29.800014,3.0,89.4,50.57,0.5657,partially_compliant,38.83
INV550339,2025-03-28,2025 Q1,686,Importer,Small,379,Fine_Dine_Meat,Wine,52.36688,10.67,558.75,343.57,0.6149,partially_compliant,215.19
INV551998,2025-03-28,2025 Q1,677,Importer,Small,382,Fine_Dine_Meat,Wine,21.956603,10.67,234.28,234.28,1.0,compliant,0.0
INV553104,2025-03-28,2025 Q1,682,Importer,Small,384,Fine_Dine_Meat,Wine,19.113011,10.67,203.94,125.4,0.6149,partially_compliant,78.54
INV553105,2025-03-28,2025 Q1,680,Importer,Medium,384,Fine_Dine_Meat,Beer,28.669517,3.0,86.01,85.77,0.9972,compliant,0.24
INV555316,2025-03-28,2025 Q1,686,Importer,Small,388,Fine_Dine_Meat,Wine,23.318291,10.67,248.81,152.99,0.6149,partially_compliant,95.82
INV555317,2025-03-28,2025 Q1,680,Importer,Medium,388,Fine_Dine_Meat,Beer,34.977436,3.0,104.93,104.64,0.9972,compliant,0.29
INV555869,2025-03-28,2025 Q1,680,Importer,Medium,389,Fine_Dine_Meat,Wine,20.350319,10.67,217.14,216.54,0.9972,compliant,0.6
INV556975,2025-03-28,2025 Q1,692,Importer,Large,391,Fine_Dine_Meat,Wine,24.904501,10.67,265.73,192.52,0.7245,partially_compliant,73.21
INV557529,2025-03-28,2025 Q1,692,Importer,Large,392,Fine_Dine_Meat,Beer,32.537848,3.0,97.61,70.72,0.7245,partially_compliant,26.89
INV558634,2025-03-28,2025 Q1,679,Importer,Large,394,Fine_Dine_Meat,Wine,28.17789,10.67,300.66,170.07,0.5657,partially_compliant,130.59
INV559187,2025-03-28,2025 Q1,686,Importer,Small,395,Fine_Dine_Meat,Wine,33.362863,10.67,355.98,218.88,0.6149,partially_compliant,137.1
INV559741,2025-03-28,2025 Q1,685,Importer,Small,396,Fine_Dine_Meat,Beer,61.831142,3.0,185.49,181.74,0.9797,compliant,3.76
INV560294,2025-03-28,2025 Q1,675,Importer,Small,397,Fine_Dine_Meat,Beer,50.648104,3.0,151.94,150.54,0.9907,compliant,1.41
INV561399,2025-03-28,2025 Q1,673,Importer,Medium,399,Fine_Dine_Meat,Wine,43.310349,10.67,462.12,462.12,1.0,compliant,0.0
INV566376,2025-03-28,2025 Q1,681,Importer,Small,408,Fine_Dine_Meat,Wine,51.568071,10.67,550.23,0.0,0.0,non_compliant,550.23
INV568035,2025-03-28,2025 Q1,673,Importer,Medium,411,Fine_Dine_Meat,Wine,16.729575,10.67,178.5,178.5,1.0,compliant,0.0
INV568036,2025-03-28,2025 Q1,673,Importer,Medium,411,Fine_Dine_Meat,Beer,25.094362,3.0,75.28,75.28,1.0,compliant,0.0
INV568588,2025-03-28,2025 Q1,680,Importer,Medium,412,Fine_Dine_Meat,Wine,44.982465,10.67,479.96,478.64,0.9972,compliant,1.33
INV569694,2025-03-28,2025 Q1,689,Importer,Small,414,Fine_Dine_Meat,Wine,27.231902,10.67,290.56,290.56,1.0,compliant,0.0
INV570800,2025-03-28,2025 Q1,680,Importer,Medium,416,Fine_Dine_Meat,Wine,25.862726,10.67,275.96,275.19,0.9972,compliant,0.76
INV571906,2025-03-28,2025 Q1,675,Importer,Small,418,Fine_Dine_Meat,Wine,47.727216,10.67,509.25,504.53,0.9907,compliant,4.72
INV574118,2025-03-28,2025 Q1,673,Importer,Medium,422,Fine_Dine_Meat,Wine,26.882101,10.67,286.83,286.83,1.0,compliant,0.0
INV576883,2025-03-28,2025 Q1,678,Importer,Medium,427,Fine_Dine_Meat,Wine,23.848658,10.67,254.47,147.63,0.5801,partially_compliant,106.84
INV577436,2025-03-28,2025 Q1,689,Importer,Small,428,Fine_Dine_Meat,Wine,21.045583,10.67,224.56,224.56,1.0,compliant,0.0
INV578542,2025-03-28,2025 Q1,685,Importer,Small,430,Fine_Dine_Meat,Wine,39.731571,10.67,423.94,415.35,0.9797,compliant,8.59
INV579095,2025-03-28,2025 Q1,692,Importer,Large,431,Fine_Dine_Meat,Wine,19.671836,10.67,209.9,152.07,0.7245,partially_compliant,57.83
INV579648,2025-03-28,2025 Q1,673,Importer,Medium,432,Fine_Dine_Meat,Wine,43.758101,10.67,466.9,466.9,1.0,compliant,0.0
INV580202,2025-03-28,2025 Q1,679,Importer,Large,433,Fine_Dine_Meat,Beer,28.852818,3.0,86.56,48.96,0.5657,partially_compliant,37.6
INV580755,2025-03-28,2025 Q1,692,Importer,Large,434,Fine_Dine_Meat,Beer,40.151685,3.0,120.46,87.27,0.7245,partially_compliant,33.18
INV581308,2025-03-28,2025 Q1,687,Importer,Medium,435,Fine_Dine_Meat,Beer,43.650878,3.0,130.95,91.29,0.6971,partially_compliant,39.66
INV584072,2025-03-28,2025 Q1,679,Importer,Large,440,Fine_Dine_Meat,Wine,23.584251,10.67,251.64,142.34,0.5657,partially_compliant,109.3
INV584073,2025-03-28,2025 Q1,692,Importer,Large,440,Fine_Dine_Meat,Beer,35.376376,3.0,106.13,76.89,0.7245,partially_compliant,29.24
INV587943,2025-03-28,2025 Q1,686,Importer,Small,447,Fine_Dine_Vegetarian,Wine,36.277765,10.67,387.08,238.01,0.6149,partially_compliant,149.07
INV588496,2025-03-28,2025 Q1,679,Importer,Large,448,Fine_Dine_Vegetarian,Wine,68.790025,10.67,733.99,415.19,0.5657,partially_compliant,318.8
INV589049,2025-03-28,2025 Q1,692,Importer,Large,449,Fine_Dine_Vegetarian,Wine,66.056975,10.67,704.83,510.65,0.7245,partially_compliant,194.18
INV589602,2025-03-28,2025 Q1,680,Importer,Medium,450,Fine_Dine_Vegetarian,Wine,90.832008,10.67,969.18,966.5,0.9972,compliant,2.68
INV591261,2025-03-28,2025 Q1,682,Importer,Small,453,Fine_Dine_Vegetarian,Wine,57.477201,10.67,613.28,377.09,0.6149,partially_compliant,236.19
INV592920,2025-03-28,2025 Q1,675,Importer,Small,456,Fine_Dine_Vegetarian,Wine,27.637429,10.67,294.89,292.16,0.9907,compliant,2.73
INV594579,2025-03-28,2025 Q1,673,Importer,Medium,459,Fine_Dine_Vegetarian,Wine,21.385277,10.67,228.18,228.18,1.0,compliant,0.0
INV596238,2025-03-28,2025 Q1,673,Importer,Medium,462,Fine_Dine_Vegetarian,Wine,24.805364,10.67,264.67,264.67,1.0,compliant,0.0
INV596791,2025-03-28,2025 Q1,690,Importer,Small,463,Fine_Dine_Vegetarian,Wine,58.094886,10.67,619.87,242.53,0.3913,partially_compliant,377.34
INV597344,2025-03-28,2025 Q1,677,Importer,Small,464,Fine_Dine_Vegetarian,Wine,28.426356,10.67,303.31,303.31,1.0,compliant,0.0
INV600109,2025-03-28,2025 Q1,682,Importer,Small,469,Fine_Dine_Vegetarian,Wine,14.788916,10.67,157.8,97.03,0.6149,partially_compliant,60.77
INV601768,2025-03-28,2025 Q1,689,Importer,Small,472,Fine_Dine_Vegetarian,Wine,21.819889,10.67,232.82,232.82,1.0,compliant,0.0
INV603980,2025-03-28,2025 Q1,692,Importer,Large,476,Fine_Dine_Vegetarian,Wine,29.870646,10.67,318.72,230.91,0.7245,partially_compliant,87.81
INV605639,2025-03-28,2025 Q1,673,Importer,Medium,479,Fine_Dine_Vegetarian,Wine,23.464631,10.67,250.37,250.37,1.0,compliant,0.0
INV607851,2025-03-28,2025 Q1,675,Importer,Small,483,Fine_Dine_Vegetarian,Wine,12.576944,10.67,134.2,132.95,0.9907,compliant,1.24
INV609510,2025-03-28,2025 Q1,692,Importer,Large,486,Fine_Dine_Vegetarian,Wine,46.162167,10.67,492.55,356.86,0.7245,partially_compliant,135.69
INV613934,2025-03-28,2025 Q1,686,Importer,Small,494,Fine_Dine_Vegetarian,Wine,13.625971,10.67,145.39,89.4,0.6149,partially_compliant,55.99
INV617252,2025-03-28,2025 Q1,673,Importer,Medium,500,Fine_Dine_Vegetarian,Wine,32.22626,10.67,343.85,343.85,1.0,compliant,0.0
INV676492,2025-03-31,2025 Q1,686,Importer,Small,494,Fine_Dine_Vegetarian,Wine,22.301276,10.67,237.95,146.31,0.6149,partially_compliant,91.64
INV676509,2025-03-31,2025 Q1,682,Importer,Small,313,Cafe,Coffee_Beans,3.334463,25.0,83.36,51.26,0.6149,partially_compliant,32.1
INV402665,2025-04-04,2025 Q2,692,Importer,Large,203,Cafe,Coffee_Beans,26.342251,25.0,658.56,477.13,0.7245,partially_compliant,181.43
INV404403,2025-04-04,2025 Q2,680,Importer,Medium,205,Cafe,Coffee_Beans,4.688081,25.0,117.2,116.88,0.9972,compliant,0.32
INV406141,2025-04-04,2025 Q2,684,Importer,Medium,207,Cafe,Coffee_Beans,6.679223,25.0,166.98,166.98,1.0,compliant,0.0
INV415700,2025-04-04,2025 Q2,677,Importer,Small,218,Cafe,Coffee_Beans,16.621552,25.0,415.54,415.54,1.0,compliant,0.0
INV420914,2025-04-04,2025 Q2,686,Importer,Small,224,Cafe,Coffee_Beans,9.664569,25.0,241.61,148.56,0.6149,partially_compliant,93.05
INV424390,2025-04-04,2025 Q2,677,Importer,Small,228,Cafe,Coffee_Beans,7.57025,25.0,189.26,189.26,1.0,compliant,0.0
INV426128,2025-04-04,2025 Q2,682,Importer,Small,230,Cafe,Coffee_Beans,8.48448,25.0,212.11,130.42,0.6149,partially_compliant,81.69
INV426997,2025-04-04,2025 Q2,681,Importer,Small,231,Cafe,Coffee_Beans,7.51512,25.0,187.88,0.0,0.0,non_compliant,187.88
INV429604,2025-04-04,2025 Q2,673,Importer,Medium,234,Cafe,Coffee_Beans,6.349504,25.0,158.74,158.74,1.0,compliant,0.0
INV430473,2025-04-04,2025 Q2,673,Importer,Medium,235,Cafe,Coffee_Beans,30.140182,25.0,753.5,753.5,1.0,compliant,0.0
INV432211,2025-04-04,2025 Q2,683,Importer,Small,237,Cafe,Coffee_Beans,18.318518,25.0,457.96,453.66,0.9906,compliant,4.3
INV438294,2025-04-04,2025 Q2,682,Importer,Small,244,Cafe,Coffee_Beans,8.367646,25.0,209.19,128.63,0.6149,partially_compliant,80.56
INV440032,2025-04-04,2025 Q2,688,Importer,Small,246,Cafe,Coffee_Beans,11.422896,25.0,285.57,285.57,1.0,compliant,0.0
INV445246,2025-04-04,2025 Q2,675,Importer,Small,252,Cafe,Coffee_Beans,7.858592,25.0,196.46,194.64,0.9907,compliant,1.82
INV448722,2025-04-04,2025 Q2,678,Importer,Medium,256,Cafe,Coffee_Beans,9.307036,25.0,232.68,134.98,0.5801,partially_compliant,97.69
INV449591,2025-04-04,2025 Q2,680,Importer,Medium,257,Cafe,Coffee_Beans,27.785693,25.0,694.64,692.72,0.9972,compliant,1.92
INV454805,2025-04-04,2025 Q2,675,Importer,Small,263,Cafe,Coffee_Beans,7.016577,25.0,175.41,173.79,0.9907,compliant,1.63
INV460019,2025-04-04,2025 Q2,677,Importer,Small,269,Cafe,Coffee_Beans,6.517554,25.0,162.94,162.94,1.0,compliant,0.0
INV464364,2025-04-04,2025 Q2,673,Importer,Medium,274,Cafe,Coffee_Beans,6.563549,25.0,164.09,164.09,1.0,compliant,0.0
INV465233,2025-04-04,2025 Q2,689,Importer,Small,275,Cafe,Coffee_Beans,8.476439,25.0,211.91,211.91,1.0,compliant,0.0
INV466102,2025-04-04,2025 Q2,692,Importer,Large,276,Cafe,Coffee_Beans,7.135716,25.0,178.39,129.25,0.7245,partially_compliant,49.15
INV470447,2025-04-04,2025 Q2,689,Importer,Small,281,Cafe,Coffee_Beans,13.413491,25.0,335.34,335.34,1.0,compliant,0.0
INV475661,2025-04-04,2025 Q2,680,Importer,Medium,287,Cafe,Coffee_Beans,7.839583,25.0,195.99,195.45,0.9972,compliant,0.54
INV478268,2025-04-04,2025 Q2,675,Importer,Small,290,Cafe,Coffee_Beans,7.140436,25.0,178.51,176.86,0.9907,compliant,1.65
INV484351,2025-04-04,2025 Q2,689,Importer,Small,297,Cafe,Coffee_Beans,12.335137,25.0,308.38,308.38,1.0,compliant,0.0
INV485220,2025-04-04,2025 Q2,674,Importer,Small,298,Cafe,Coffee_Beans,6.263892,25.0,156.6,150.61,0.9617,compliant,5.99
INV490434,2025-04-04,2025 Q2,682,Importer,Small,304,Cafe,Coffee_Beans,7.041202,25.0,176.03,108.24,0.6149,partially_compliant,67.79
INV491303,2025-04-04,2025 Q2,682,Importer,Small,305,Cafe,Coffee_Beans,6.041261,25.0,151.03,92.87,0.6149,partially_compliant,58.17
INV496517,2025-04-04,2025 Q2,680,Importer,Medium,311,Cafe,Coffee_Beans,8.2672,25.0,206.68,206.11,0.9972,compliant,0.57
INV497386,2025-04-04,2025 Q2,689,Importer,Small,312,Cafe,Coffee_Beans,6.717286,25.0,167.93,167.93,1.0,compliant,0.0
INV498255,2025-04-04,2025 Q2,682,Importer,Small,313,Cafe,Coffee_Beans,8.765978,25.0,219.15,134.75,0.6149,partially_compliant,84.4
INV502600,2025-04-04,2025 Q2,688,Importer,Small,318,Cafe,Coffee_Beans,14.283175,25.0,357.08,357.08,1.0,compliant,0.0
INV507814,2025-04-04,2025 Q2,692,Importer,Large,324,Cafe,Coffee_Beans,6.435474,25.0,160.89,116.56,0.7245,partially_compliant,44.32
INV515635,2025-04-04,2025 Q2,678,Importer,Medium,333,Cafe,Coffee_Beans,5.745504,25.0,143.64,83.33,0.5801,partially_compliant,60.31
INV518242,2025-04-04,2025 Q2,690,Importer,Small,336,Cafe,Coffee_Beans,3.633051,25.0,90.83,35.54,0.3913,partially_compliant,55.29
INV522587,2025-04-04,2025 Q2,690,Importer,Small,341,Cafe,Coffee_Beans,6.966795,25.0,174.17,68.15,0.3913,partially_compliant,106.02
INV523456,2025-04-04,2025 Q2,686,Importer,Small,342,Cafe,Coffee_Beans,3.981267,25.0,99.53,61.2,0.6149,partially_compliant,38.33
INV524325,2025-04-04,2025 Q2,690,Importer,Small,343,Cafe,Coffee_Beans,10.687602,25.0,267.19,104.54,0.3913,partially_compliant,162.65
INV533015,2025-04-04,2025 Q2,686,Importer,Small,353,Cafe,Coffee_Beans,11.716205,25.0,292.91,180.1,0.6149,partially_compliant,112.8
INV534753,2025-04-04,2025 Q2,678,Importer,Medium,355,Cafe,Coffee_Beans,20.29426,25.0,507.36,294.34,0.5801,partially_compliant,213.02
INV537360,2025-04-04,2025 Q2,679,Importer,Large,358,Cafe,Coffee_Beans,7.534492,25.0,188.36,106.55,0.5657,partially_compliant,81.81
INV542605,2025-04-04,2025 Q2,673,Importer,Medium,365,Fine_Dine_Meat,Beer,29.129767,3.0,87.39,87.39,1.0,compliant,0.0
INV544816,2025-04-04,2025 Q2,692,Importer,Large,369,Fine_Dine_Meat,Wine,23.382414,10.67,249.49,180.76,0.7245,partially_compliant,68.73
INV547581,2025-04-04,2025 Q2,675,Importer,Small,374,Fine_Dine_Meat,Wine,27.460208,10.67,293.0,290.28,0.9907,compliant,2.72
INV547582,2025-04-04,2025 Q2,683,Importer,Small,374,Fine_Dine_Meat,Beer,41.190312,3.0,123.57,122.41,0.9906,compliant,1.16
INV549794,2025-04-04,2025 Q2,679,Importer,Large,378,Fine_Dine_Meat,Beer,28.867086,3.0,86.6,48.99,0.5657,partially_compliant,37.61
INV550346,2025-04-04,2025 Q2,686,Importer,Small,379,Fine_Dine_Meat,Wine,50.703538,10.67,541.01,332.65,0.6149,partially_compliant,208.35
INV552005,2025-04-04,2025 Q2,677,Importer,Small,382,Fine_Dine_Meat,Wine,27.538704,10.67,293.84,293.84,1.0,compliant,0.0
INV553111,2025-04-04,2025 Q2,682,Importer,Small,384,Fine_Dine_Meat,Wine,18.363765,10.67,195.94,120.48,0.6149,partially_compliant,75.46
INV553112,2025-04-04,2025 Q2,680,Importer,Medium,384,Fine_Dine_Meat,Beer,27.545647,3.0,82.64,82.41,0.9972,compliant,0.23
INV555323,2025-04-04,2025 Q2,686,Importer,Small,388,Fine_Dine_Meat,Wine,19.168471,10.67,204.53,125.76,0.6149,partially_compliant,78.77
INV555324,2025-04-04,2025 Q2,680,Importer,Medium,388,Fine_Dine_Meat,Beer,28.752707,3.0,86.26,86.02,0.9972,compliant,0.24
INV555876,2025-04-04,2025 Q2,680,Importer,Medium,389,Fine_Dine_Meat,Wine,19.4539,10.67,207.57,207.0,0.9972,compliant,0.57
INV556982,2025-04-04,2025 Q2,692,Importer,Large,391,Fine_Dine_Meat,Wine,24.614409,10.67,262.64,190.28,0.7245,partially_compliant,72.35
INV557536,2025-04-04,2025 Q2,692,Importer,Large,392,Fine_Dine_Meat,Beer,26.868552,3.0,80.61,58.4,0.7245,partially_compliant,22.21
INV558641,2025-04-04,2025 Q2,679,Importer,Large,394,Fine_Dine_Meat,Wine,26.82878,10.67,286.26,161.93,0.5657,partially_compliant,124.34
INV559194,2025-04-04,2025 Q2,686,Importer,Small,395,Fine_Dine_Meat,Wine,32.92759,10.67,351.34,216.03,0.6149,partially_compliant,135.31
INV559748,2025-04-04,2025 Q2,685,Importer,Small,396,Fine_Dine_Meat,Beer,58.914147,3.0,176.74,173.16,0.9797,compliant,3.58
INV560301,2025-04-04,2025 Q2,675,Importer,Small,397,Fine_Dine_Meat,Beer,46.58982,3.0,139.77,138.47,0.9907,compliant,1.3
INV561406,2025-04-04,2025 Q2,673,Importer,Medium,399,Fine_Dine_Meat,Wine,41.994071,10.67,448.08,448.08,1.0,compliant,0.0
INV566383,2025-04-04,2025 Q2,681,Importer,Small,408,Fine_Dine_Meat,Wine,50.099613,10.67,534.56,0.0,0.0,non_compliant,534.56
INV568042,2025-04-04,2025 Q2,673,Importer,Medium,411,Fine_Dine_Meat,Wine,15.932717,10.67,170.0,170.0,1.0,compliant,0.0
INV568043,2025-04-04,2025 Q2,673,Importer,Medium,411,Fine_Dine_Meat,Beer,23.899075,3.0,71.7,71.7,1.0,compliant,0.0
INV568595,2025-04-04,2025 Q2,680,Importer,Medium,412,Fine_Dine_Meat,Wine,43.479609,10.67,463.93,462.64,0.9972,compliant,1.28
INV569701,2025-04-04,2025 Q2,689,Importer,Small,414,Fine_Dine_Meat,Wine,26.682862,10.67,284.71,284.71,1.0,compliant,0.0
INV570807,2025-04-04,2025 Q2,680,Importer,Medium,416,Fine_Dine_Meat,Wine,25.02594,10.67,267.03,266.29,0.9972,compliant,0.74
INV571913,2025-04-04,2025 Q2,675,Importer,Small,418,Fine_Dine_Meat,Wine,46.239601,10.67,493.38,488.8,0.9907,compliant,4.57
INV574125,2025-04-04,2025 Q2,673,Importer,Medium,422,Fine_Dine_Meat,Wine,26.023193,10.67,277.67,277.67,1.0,compliant,0.0
INV576890,2025-04-04,2025 Q2,678,Importer,Medium,427,Fine_Dine_Meat,Wine,23.648594,10.67,252.33,146.39,0.5801,partially_compliant,105.94
INV577443,2025-04-04,2025 Q2,689,Importer,Small,428,Fine_Dine_Meat,Wine,20.428227,10.67,217.97,217.97,1.0,compliant,0.0
INV578549,2025-04-04,2025 Q2,685,Importer,Small,430,Fine_Dine_Meat,Wine,34.179035,10.67,364.69,357.3,0.9797,compliant,7.39
INV579102,2025-04-04,2025 Q2,692,Importer,Large,431,Fine_Dine_Meat,Wine,18.793346,10.67,200.53,145.28,0.7245,partially_compliant,55.24
INV579655,2025-04-04,2025 Q2,673,Importer,Medium,432,Fine_Dine_Meat,Wine,43.476186,10.67,463.89,463.89,1.0,compliant,0.0
INV580209,2025-04-04,2025 Q2,679,Importer,Large,433,Fine_Dine_Meat,Beer,25.474847,3.0,76.42,43.23,0.5657,partially_compliant,33.19
INV580762,2025-04-04,2025 Q2,692,Importer,Large,434,Fine_Dine_Meat,Beer,39.217456,3.0,117.65,85.24,0.7245,partially_compliant,32.41
INV581315,2025-04-04,2025 Q2,687,Importer,Medium,435,Fine_Dine_Meat,Beer,40.539869,3.0,121.62,84.79,0.6971,partially_compliant,36.83
INV584079,2025-04-04,2025 Q2,679,Importer,Large,440,Fine_Dine_Meat,Wine,22.814133,10.67,243.43,137.7,0.5657,partially_compliant,105.73
INV584080,2025-04-04,2025 Q2,692,Importer,Large,440,Fine_Dine_Meat,Beer,34.2212,3.0,102.66,74.38,0.7245,partially_compliant,28.28
INV587950,2025-04-04,2025 Q2,686,Importer,Small,447,Fine_Dine_Vegetarian,Wine,35.191027,10.67,375.49,230.88,0.6149,partially_compliant,144.61
INV588503,2025-04-04,2025 Q2,679,Importer,Large,448,Fine_Dine_Vegetarian,Wine,66.810115,10.67,712.86,403.24,0.5657,partially_compliant,309.63
INV589056,2025-04-04,2025 Q2,692,Importer,Large,449,Fine_Dine_Vegetarian,Wine,63.78096,10.67,680.54,493.06,0.7245,partially_compliant,187.48
INV589609,2025-04-04,2025 Q2,680,Importer,Medium,450,Fine_Dine_Vegetarian,Wine,87.879216,10.67,937.67,935.08,0.9972,compliant,2.59
INV591268,2025-04-04,2025 Q2,682,Importer,Small,453,Fine_Dine_Vegetarian,Wine,55.490747,10.67,592.09,364.06,0.6149,partially_compliant,228.02
INV592927,2025-04-04,2025 Q2,675,Importer,Small,456,Fine_Dine_Vegetarian,Wine,26.801874,10.67,285.98,283.33,0.9907,compliant,2.65
INV594586,2025-04-04,2025 Q2,673,Importer,Medium,459,Fine_Dine_Vegetarian,Wine,20.302243,10.67,216.62,216.62,1.0,compliant,0.0
INV596245,2025-04-04,2025 Q2,673,Importer,Medium,462,Fine_Dine_Vegetarian,Wine,24.05478,10.67,256.66,256.66,1.0,compliant,0.0
INV596798,2025-04-04,2025 Q2,690,Importer,Small,463,Fine_Dine_Vegetarian,Wine,56.360759,10.67,601.37,235.29,0.3913,partially_compliant,366.08
INV597351,2025-04-04,2025 Q2,677,Importer,Small,464,Fine_Dine_Vegetarian,Wine,27.410855,10.67,292.47,292.47,1.0,compliant,0.0
INV600116,2025-04-04,2025 Q2,682,Importer,Small,469,Fine_Dine_Vegetarian,Wine,14.217125,10.67,151.7,93.28,0.6149,partially_compliant,58.42
INV601775,2025-04-04,2025 Q2,689,Importer,Small,472,Fine_Dine_Vegetarian,Wine,20.914207,10.67,223.15,223.15,1.0,compliant,0.0
INV603987,2025-04-04,2025 Q2,692,Importer,Large,476,Fine_Dine_Vegetarian,Wine,29.027074,10.67,309.72,224.39,0.7245,partially_compliant,85.33
INV605646,2025-04-04,2025 Q2,673,Importer,Medium,479,Fine_Dine_Vegetarian,Wine,24.989333,10.67,266.64,266.64,1.0,compliant,0.0
INV607858,2025-04-04,2025 Q2,675,Importer,Small,483,Fine_Dine_Vegetarian,Wine,12.090675,10.67,129.01,127.81,0.9907,compliant,1.2
INV609517,2025-04-04,2025 Q2,692,Importer,Large,486,Fine_Dine_Vegetarian,Wine,44.700373,10.67,476.95,345.56,0.7245,partially_compliant,131.4
INV613941,2025-04-04,2025 Q2,686,Importer,Small,494,Fine_Dine_Vegetarian,Wine,13.099144,10.67,139.77,85.94,0.6149,partially_compliant,53.83
INV617259,2025-04-04,2025 Q2,673,Importer,Medium,500,Fine_Dine_Vegetarian,Wine,31.146122,10.67,332.33,332.33,1.0,compliant,0.0
INV402676,2025-04-11,2025 Q2,692,Importer,Large,203,Cafe,Coffee_Beans,24.485767,25.0,612.14,443.5,0.7245,partially_compliant,168.64
INV404414,2025-04-11,2025 Q2,680,Importer,Medium,205,Cafe,Coffee_Beans,4.357686,25.0,108.94,108.64,0.9972,compliant,0.3
INV406152,2025-04-11,2025 Q2,684,Importer,Medium,207,Cafe,Coffee_Beans,6.208501,25.0,155.21,155.21,1.0,compliant,0.0
INV415711,2025-04-11,2025 Q2,677,Importer,Small,218,Cafe,Coffee_Beans,15.450139,25.0,386.25,386.25,1.0,compliant,0.0
INV420925,2025-04-11,2025 Q2,686,Importer,Small,224,Cafe,Coffee_Beans,9.648427,25.0,241.21,148.31,0.6149,partially_compliant,92.9
INV424401,2025-04-11,2025 Q2,677,Importer,Small,228,Cafe,Coffee_Beans,7.036733,25.0,175.92,175.92,1.0,compliant,0.0
INV426139,2025-04-11,2025 Q2,682,Importer,Small,230,Cafe,Coffee_Beans,7.886532,25.0,197.16,121.23,0.6149,partially_compliant,75.93
INV427008,2025-04-11,2025 Q2,681,Importer,Small,231,Cafe,Coffee_Beans,6.985488,25.0,174.64,0.0,0.0,non_compliant,174.64
INV429615,2025-04-11,2025 Q2,673,Importer,Medium,234,Cafe,Coffee_Beans,5.902019,25.0,147.55,147.55,1.0,compliant,0.0
INV430484,2025-04-11,2025 Q2,673,Importer,Medium,235,Cafe,Coffee_Beans,28.016037,25.0,700.4,700.4,1.0,compliant,0.0
INV432222,2025-04-11,2025 Q2,683,Importer,Small,237,Cafe,Coffee_Beans,17.02751,25.0,425.69,421.69,0.9906,compliant,4.0
INV438305,2025-04-11,2025 Q2,682,Importer,Small,244,Cafe,Coffee_Beans,7.777932,25.0,194.45,119.56,0.6149,partially_compliant,74.89
INV440043,2025-04-11,2025 Q2,688,Importer,Small,246,Cafe,Coffee_Beans,10.257396,25.0,256.43,256.43,1.0,compliant,0.0
INV445257,2025-04-11,2025 Q2,675,Importer,Small,252,Cafe,Coffee_Beans,7.304753,25.0,182.62,180.93,0.9907,compliant,1.69
INV448733,2025-04-11,2025 Q2,678,Importer,Medium,256,Cafe,Coffee_Beans,8.651118,25.0,216.28,125.47,0.5801,partially_compliant,90.81
INV449602,2025-04-11,2025 Q2,680,Importer,Medium,257,Cafe,Coffee_Beans,25.827482,25.0,645.69,643.9,0.9972,compliant,1.79
INV454816,2025-04-11,2025 Q2,675,Importer,Small,263,Cafe,Coffee_Beans,6.52208,25.0,163.05,161.54,0.9907,compliant,1.51
INV460030,2025-04-11,2025 Q2,677,Importer,Small,269,Cafe,Coffee_Beans,6.058226,25.0,151.46,151.46,1.0,compliant,0.0
INV464375,2025-04-11,2025 Q2,673,Importer,Medium,274,Cafe,Coffee_Beans,6.100979,25.0,152.52,152.52,1.0,compliant,0.0
INV465244,2025-04-11,2025 Q2,689,Importer,Small,275,Cafe,Coffee_Beans,7.879058,25.0,196.98,196.98,1.0,compliant,0.0
INV466113,2025-04-11,2025 Q2,692,Importer,Large,276,Cafe,Coffee_Beans,6.632822,25.0,165.82,120.14,0.7245,partially_compliant,45.68
INV470458,2025-04-11,2025 Q2,689,Importer,Small,281,Cafe,Coffee_Beans,12.468168,25.0,311.7,311.7,1.0,compliant,0.0
INV475672,2025-04-11,2025 Q2,680,Importer,Medium,287,Cafe,Coffee_Beans,6.2156,25.0,155.39,154.96,0.9972,compliant,0.43
INV478279,2025-04-11,2025 Q2,675,Importer,Small,290,Cafe,Coffee_Beans,6.63721,25.0,165.93,164.39,0.9907,compliant,1.54
INV484362,2025-04-11,2025 Q2,689,Importer,Small,297,Cafe,Coffee_Beans,11.603309,25.0,290.08,290.08,1.0,compliant,0.0
INV485231,2025-04-11,2025 Q2,674,Importer,Small,298,Cafe,Coffee_Beans,5.822441,25.0,145.56,139.99,0.9617,compliant,5.57
INV490445,2025-04-11,2025 Q2,682,Importer,Small,304,Cafe,Coffee_Beans,6.544969,25.0,163.62,100.61,0.6149,partially_compliant,63.02
INV491314,2025-04-11,2025 Q2,682,Importer,Small,305,Cafe,Coffee_Beans,6.441699,25.0,161.04,99.02,0.6149,partially_compliant,62.02
INV496528,2025-04-11,2025 Q2,680,Importer,Medium,311,Cafe,Coffee_Beans,7.684565,25.0,192.11,191.58,0.9972,compliant,0.53
INV497397,2025-04-11,2025 Q2,689,Importer,Small,312,Cafe,Coffee_Beans,6.243881,25.0,156.1,156.1,1.0,compliant,0.0
INV498266,2025-04-11,2025 Q2,682,Importer,Small,313,Cafe,Coffee_Beans,10.1199,25.0,253.0,155.56,0.6149,partially_compliant,97.43
INV502611,2025-04-11,2025 Q2,688,Importer,Small,318,Cafe,Coffee_Beans,13.276561,25.0,331.91,331.91,1.0,compliant,0.0
INV507825,2025-04-11,2025 Q2,692,Importer,Large,324,Cafe,Coffee_Beans,5.98193,25.0,149.55,108.35,0.7245,partially_compliant,41.2
INV515646,2025-04-11,2025 Q2,678,Importer,Medium,333,Cafe,Coffee_Beans,5.340587,25.0,133.51,77.46,0.5801,partially_compliant,56.06
INV518253,2025-04-11,2025 Q2,690,Importer,Small,336,Cafe,Coffee_Beans,3.263577,25.0,81.59,31.92,0.3913,partially_compliant,49.67
INV522598,2025-04-11,2025 Q2,690,Importer,Small,341,Cafe,Coffee_Beans,6.475806,25.0,161.9,63.34,0.3913,partially_compliant,98.55
INV523467,2025-04-11,2025 Q2,686,Importer,Small,342,Cafe,Coffee_Beans,3.700685,25.0,92.52,56.89,0.6149,partially_compliant,35.63
INV524336,2025-04-11,2025 Q2,690,Importer,Small,343,Cafe,Coffee_Beans,9.825569,25.0,245.64,96.11,0.3913,partially_compliant,149.53
INV533026,2025-04-11,2025 Q2,686,Importer,Small,353,Cafe,Coffee_Beans,10.890499,25.0,272.26,167.41,0.6149,partially_compliant,104.85
INV534764,2025-04-11,2025 Q2,678,Importer,Medium,355,Cafe,Coffee_Beans,18.864011,25.0,471.6,273.59,0.5801,partially_compliant,198.01
INV537371,2025-04-11,2025 Q2,679,Importer,Large,358,Cafe,Coffee_Beans,7.003495,25.0,175.09,99.04,0.5657,partially_compliant,76.05
INV542612,2025-04-11,2025 Q2,673,Importer,Medium,365,Fine_Dine_Meat,Beer,27.409486,3.0,82.23,82.23,1.0,compliant,0.0
INV544823,2025-04-11,2025 Q2,692,Importer,Large,369,Fine_Dine_Meat,Wine,22.001548,10.67,234.76,170.08,0.7245,partially_compliant,64.67
INV547588,2025-04-11,2025 Q2,675,Importer,Small,374,Fine_Dine_Meat,Wine,25.838525,10.67,275.7,273.14,0.9907,compliant,2.56
INV547589,2025-04-11,2025 Q2,683,Importer,Small,374,Fine_Dine_Meat,Beer,38.757787,3.0,116.27,115.18,0.9906,compliant,1.09
INV549801,2025-04-11,2025 Q2,679,Importer,Large,378,Fine_Dine_Meat,Beer,27.162318,3.0,81.49,46.09,0.5657,partially_compliant,35.39
INV550353,2025-04-11,2025 Q2,686,Importer,Small,379,Fine_Dine_Meat,Wine,47.709202,10.67,509.06,313.01,0.6149,partially_compliant,196.05
INV552012,2025-04-11,2025 Q2,677,Importer,Small,382,Fine_Dine_Meat,Wine,31.73137,10.67,338.57,338.57,1.0,compliant,0.0
INV553118,2025-04-11,2025 Q2,682,Importer,Small,384,Fine_Dine_Meat,Wine,17.279279,10.67,184.37,113.37,0.6149,partially_compliant,71.0
INV553119,2025-04-11,2025 Q2,680,Importer,Medium,384,Fine_Dine_Meat,Beer,25.918918,3.0,77.76,77.54,0.9972,compliant,0.22
INV555330,2025-04-11,2025 Q2,686,Importer,Small,388,Fine_Dine_Meat,Wine,14.687405,10.67,156.71,96.36,0.6149,partially_compliant,60.35
INV555331,2025-04-11,2025 Q2,680,Importer,Medium,388,Fine_Dine_Meat,Beer,22.031107,3.0,66.09,65.91,0.9972,compliant,0.18
INV555883,2025-04-11,2025 Q2,680,Importer,Medium,389,Fine_Dine_Meat,Wine,18.305035,10.67,195.31,194.77,0.9972,compliant,0.54
INV556989,2025-04-11,2025 Q2,692,Importer,Large,391,Fine_Dine_Meat,Wine,23.160787,10.67,247.13,179.04,0.7245,partially_compliant,68.08
INV557543,2025-04-11,2025 Q2,692,Importer,Large,392,Fine_Dine_Meat,Beer,21.586066,3.0,64.76,46.92,0.7245,partially_compliant,17.84
INV558648,2025-04-11,2025 Q2,679,Importer,Large,394,Fine_Dine_Meat,Wine,25.244386,10.67,269.36,152.36,0.5657,partially_compliant,116.99
INV559201,2025-04-11,2025 Q2,686,Importer,Small,395,Fine_Dine_Meat,Wine,30.983027,10.67,330.59,203.27,0.6149,partially_compliant,127.32
INV559755,2025-04-11,2025 Q2,685,Importer,Small,396,Fine_Dine_Meat,Beer,55.434928,3.0,166.3,162.94,0.9797,compliant,3.37
INV560308,2025-04-11,2025 Q2,675,Importer,Small,397,Fine_Dine_Meat,Beer,41.804465,3.0,125.41,124.25,0.9907,compliant,1.16
INV561413,2025-04-11,2025 Q2,673,Importer,Medium,399,Fine_Dine_Meat,Wine,39.514079,10.67,421.62,421.62,1.0,compliant,0.0
INV566390,2025-04-11,2025 Q2,681,Importer,Small,408,Fine_Dine_Meat,Wine,47.140943,10.67,502.99,0.0,0.0,non_compliant,502.99
INV568049,2025-04-11,2025 Q2,673,Importer,Medium,411,Fine_Dine_Meat,Wine,14.991798,10.67,159.96,159.96,1.0,compliant,0.0
INV568050,2025-04-11,2025 Q2,673,Importer,Medium,411,Fine_Dine_Meat,Beer,22.487698,3.0,67.46,67.46,1.0,compliant,0.0
INV568602,2025-04-11,2025 Q2,680,Importer,Medium,412,Fine_Dine_Meat,Wine,40.911889,10.67,436.53,435.32,0.9972,compliant,1.21
INV569708,2025-04-11,2025 Q2,689,Importer,Small,414,Fine_Dine_Meat,Wine,25.772446,10.67,274.99,274.99,1.0,compliant,0.0
INV570814,2025-04-11,2025 Q2,680,Importer,Medium,416,Fine_Dine_Meat,Wine,23.548014,10.67,251.26,250.56,0.9972,compliant,0.69
INV571920,2025-04-11,2025 Q2,675,Importer,Small,418,Fine_Dine_Meat,Wine,43.508886,10.67,464.24,459.94,0.9907,compliant,4.3
INV574132,2025-04-11,2025 Q2,673,Importer,Medium,422,Fine_Dine_Meat,Wine,24.486374,10.67,261.27,261.27,1.0,compliant,0.0
INV576897,2025-04-11,2025 Q2,678,Importer,Medium,427,Fine_Dine_Meat,Wine,22.252008,10.67,237.43,137.74,0.5801,partially_compliant,99.69
INV577450,2025-04-11,2025 Q2,689,Importer,Small,428,Fine_Dine_Meat,Wine,19.221823,10.67,205.1,205.1,1.0,compliant,0.0
INV578556,2025-04-11,2025 Q2,685,Importer,Small,430,Fine_Dine_Meat,Wine,28.398901,10.67,303.02,296.88,0.9797,compliant,6.14
INV579109,2025-04-11,2025 Q2,692,Importer,Large,431,Fine_Dine_Meat,Wine,17.68349,10.67,188.68,136.7,0.7245,partially_compliant,51.98
INV579662,2025-04-11,2025 Q2,673,Importer,Medium,432,Fine_Dine_Meat,Wine,40.908667,10.67,436.5,436.5,1.0,compliant,0.0
INV580216,2025-04-11,2025 Q2,679,Importer,Large,433,Fine_Dine_Meat,Beer,22.076306,3.0,66.23,37.46,0.5657,partially_compliant,28.77
INV580769,2025-04-11,2025 Q2,692,Importer,Large,434,Fine_Dine_Meat,Beer,36.90144,3.0,110.7,80.21,0.7245,partially_compliant,30.5
INV581322,2025-04-11,2025 Q2,687,Importer,Medium,435,Fine_Dine_Meat,Beer,37.027666,3.0,111.08,77.44,0.6971,partially_compliant,33.64
INV584086,2025-04-11,2025 Q2,679,Importer,Large,440,Fine_Dine_Meat,Wine,21.466828,10.67,229.05,129.56,0.5657,partially_compliant,99.49
INV584087,2025-04-11,2025 Q2,692,Importer,Large,440,Fine_Dine_Meat,Beer,32.200241,3.0,96.6,69.99,0.7245,partially_compliant,26.61
INV587957,2025-04-11,2025 Q2,686,Importer,Small,447,Fine_Dine_Vegetarian,Wine,33.112795,10.67,353.31,217.24,0.6149,partially_compliant,136.07
INV588510,2025-04-11,2025 Q2,679,Importer,Large,448,Fine_Dine_Vegetarian,Wine,62.864594,10.67,670.77,379.42,0.5657,partially_compliant,291.34
INV589063,2025-04-11,2025 Q2,692,Importer,Large,449,Fine_Dine_Vegetarian,Wine,60.244857,10.67,642.81,465.72,0.7245,partially_compliant,177.09
INV589616,2025-04-11,2025 Q2,680,Importer,Medium,450,Fine_Dine_Vegetarian,Wine,82.689443,10.67,882.3,879.86,0.9972,compliant,2.44
INV591275,2025-04-11,2025 Q2,682,Importer,Small,453,Fine_Dine_Vegetarian,Wine,52.213699,10.67,557.12,342.56,0.6149,partially_compliant,214.56
INV592934,2025-04-11,2025 Q2,675,Importer,Small,456,Fine_Dine_Vegetarian,Wine,25.21907,10.67,269.09,266.59,0.9907,compliant,2.49
INV594593,2025-04-11,2025 Q2,673,Importer,Medium,459,Fine_Dine_Vegetarian,Wine,19.103279,10.67,203.83,203.83,1.0,compliant,0.0
INV596252,2025-04-11,2025 Q2,673,Importer,Medium,462,Fine_Dine_Vegetarian,Wine,22.634207,10.67,241.51,241.51,1.0,compliant,0.0
INV596805,2025-04-11,2025 Q2,690,Importer,Small,463,Fine_Dine_Vegetarian,Wine,53.032332,10.67,565.85,221.4,0.3913,partially_compliant,344.46
INV597358,2025-04-11,2025 Q2,677,Importer,Small,464,Fine_Dine_Vegetarian,Wine,25.792086,10.67,275.2,275.2,1.0,compliant,0.0
INV600123,2025-04-11,2025 Q2,682,Importer,Small,469,Fine_Dine_Vegetarian,Wine,13.377522,10.67,142.74,87.77,0.6149,partially_compliant,54.97
INV601782,2025-04-11,2025 Q2,689,Importer,Small,472,Fine_Dine_Vegetarian,Wine,19.679102,10.67,209.98,209.98,1.0,compliant,0.0
INV603994,2025-04-11,2025 Q2,692,Importer,Large,476,Fine_Dine_Vegetarian,Wine,27.312858,10.67,291.43,211.14,0.7245,partially_compliant,80.29
INV605653,2025-04-11,2025 Q2,673,Importer,Medium,479,Fine_Dine_Vegetarian,Wine,26.289178,10.67,280.51,280.51,1.0,compliant,0.0
INV607865,2025-04-11,2025 Q2,675,Importer,Small,483,Fine_Dine_Vegetarian,Wine,11.552116,10.67,123.26,122.12,0.9907,compliant,1.14
INV609524,2025-04-11,2025 Q2,692,Importer,Large,486,Fine_Dine_Vegetarian,Wine,42.060559,10.67,448.79,325.15,0.7245,partially_compliant,123.64
INV613948,2025-04-11,2025 Q2,686,Importer,Small,494,Fine_Dine_Vegetarian,Wine,12.325564,10.67,131.51,80.86,0.6149,partially_compliant,50.65
INV617266,2025-04-11,2025 Q2,673,Importer,Medium,500,Fine_Dine_Vegetarian,Wine,29.306764,10.67,312.7,312.7,1.0,compliant,0.0
INV402687,2025-04-18,2025 Q2,692,Importer,Large,203,Cafe,Coffee_Beans,25.215744,25.0,630.39,456.72,0.7245,partially_compliant,173.67
INV404425,2025-04-18,2025 Q2,680,Importer,Medium,205,Cafe,Coffee_Beans,4.487599,25.0,112.19,111.88,0.9972,compliant,0.31
INV406163,2025-04-18,2025 Q2,684,Importer,Medium,207,Cafe,Coffee_Beans,6.393591,25.0,159.84,159.84,1.0,compliant,0.0
INV415722,2025-04-18,2025 Q2,677,Importer,Small,218,Cafe,Coffee_Beans,15.910743,25.0,397.77,397.77,1.0,compliant,0.0
INV420936,2025-04-18,2025 Q2,686,Importer,Small,224,Cafe,Coffee_Beans,10.521306,25.0,263.03,161.73,0.6149,partially_compliant,101.3
INV424412,2025-04-18,2025 Q2,677,Importer,Small,228,Cafe,Coffee_Beans,7.246514,25.0,181.16,181.16,1.0,compliant,0.0
INV426150,2025-04-18,2025 Q2,682,Importer,Small,230,Cafe,Coffee_Beans,8.121647,25.0,203.04,124.85,0.6149,partially_compliant,78.2
INV427019,2025-04-18,2025 Q2,681,Importer,Small,231,Cafe,Coffee_Beans,7.193741,25.0,179.84,0.0,0.0,non_compliant,179.84
INV429626,2025-04-18,2025 Q2,673,Importer,Medium,234,Cafe,Coffee_Beans,6.077972,25.0,151.95,151.95,1.0,compliant,0.0
INV430495,2025-04-18,2025 Q2,673,Importer,Medium,235,Cafe,Coffee_Beans,28.851259,25.0,721.28,721.28,1.0,compliant,0.0
INV432233,2025-04-18,2025 Q2,683,Importer,Small,237,Cafe,Coffee_Beans,17.53514,25.0,438.38,434.26,0.9906,compliant,4.12
INV438316,2025-04-18,2025 Q2,682,Importer,Small,244,Cafe,Coffee_Beans,8.00981,25.0,200.25,123.13,0.6149,partially_compliant,77.12
INV440054,2025-04-18,2025 Q2,688,Importer,Small,246,Cafe,Coffee_Beans,10.245385,25.0,256.13,256.13,1.0,compliant,0.0
INV445268,2025-04-18,2025 Q2,675,Importer,Small,252,Cafe,Coffee_Beans,7.522525,25.0,188.06,186.32,0.9907,compliant,1.74
INV448744,2025-04-18,2025 Q2,678,Importer,Medium,256,Cafe,Coffee_Beans,8.909028,25.0,222.73,129.21,0.5801,partially_compliant,93.51
INV449613,2025-04-18,2025 Q2,680,Importer,Medium,257,Cafe,Coffee_Beans,26.597458,25.0,664.94,663.1,0.9972,compliant,1.84
INV454827,2025-04-18,2025 Q2,675,Importer,Small,263,Cafe,Coffee_Beans,6.716518,25.0,167.91,166.36,0.9907,compliant,1.56
INV460041,2025-04-18,2025 Q2,677,Importer,Small,269,Cafe,Coffee_Beans,6.238835,25.0,155.97,155.97,1.0,compliant,0.0
INV464386,2025-04-18,2025 Q2,673,Importer,Medium,274,Cafe,Coffee_Beans,6.282864,25.0,157.07,157.07,1.0,compliant,0.0
INV465255,2025-04-18,2025 Q2,689,Importer,Small,275,Cafe,Coffee_Beans,8.11395,25.0,202.85,202.85,1.0,compliant,0.0
INV466124,2025-04-18,2025 Q2,692,Importer,Large,276,Cafe,Coffee_Beans,6.830562,25.0,170.76,123.72,0.7245,partially_compliant,47.04
INV470469,2025-04-18,2025 Q2,689,Importer,Small,281,Cafe,Coffee_Beans,12.839872,25.0,321.0,321.0,1.0,compliant,0.0
INV475683,2025-04-18,2025 Q2,680,Importer,Medium,287,Cafe,Coffee_Beans,5.530326,25.0,138.26,137.88,0.9972,compliant,0.38
INV478290,2025-04-18,2025 Q2,675,Importer,Small,290,Cafe,Coffee_Beans,6.83508,25.0,170.88,169.29,0.9907,compliant,1.58
INV484373,2025-04-18,2025 Q2,689,Importer,Small,297,Cafe,Coffee_Beans,12.04715,25.0,301.18,301.18,1.0,compliant,0.0
INV485242,2025-04-18,2025 Q2,674,Importer,Small,298,Cafe,Coffee_Beans,5.996021,25.0,149.9,144.16,0.9617,compliant,5.74
INV490456,2025-04-18,2025 Q2,682,Importer,Small,304,Cafe,Coffee_Beans,6.74009,25.0,168.5,103.61,0.6149,partially_compliant,64.89
INV491325,2025-04-18,2025 Q2,682,Importer,Small,305,Cafe,Coffee_Beans,7.346057,25.0,183.65,112.92,0.6149,partially_compliant,70.73
INV496539,2025-04-18,2025 Q2,680,Importer,Medium,311,Cafe,Coffee_Beans,7.91366,25.0,197.84,197.29,0.9972,compliant,0.55
INV497408,2025-04-18,2025 Q2,689,Importer,Small,312,Cafe,Coffee_Beans,6.430026,25.0,160.75,160.75,1.0,compliant,0.0
INV498277,2025-04-18,2025 Q2,682,Importer,Small,313,Cafe,Coffee_Beans,11.691407,25.0,292.29,179.72,0.6149,partially_compliant,112.57
INV502622,2025-04-18,2025 Q2,688,Importer,Small,318,Cafe,Coffee_Beans,13.672366,25.0,341.81,341.81,1.0,compliant,0.0
INV507836,2025-04-18,2025 Q2,692,Importer,Large,324,Cafe,Coffee_Beans,6.160265,25.0,154.01,111.58,0.7245,partially_compliant,42.43
INV515657,2025-04-18,2025 Q2,678,Importer,Medium,333,Cafe,Coffee_Beans,5.499802,25.0,137.5,79.77,0.5801,partially_compliant,57.73
INV518264,2025-04-18,2025 Q2,690,Importer,Small,336,Cafe,Coffee_Beans,3.274074,25.0,81.85,32.03,0.3913,partially_compliant,49.83
INV522609,2025-04-18,2025 Q2,690,Importer,Small,341,Cafe,Coffee_Beans,6.668865,25.0,166.72,65.23,0.3913,partially_compliant,101.49
INV523478,2025-04-18,2025 Q2,686,Importer,Small,342,Cafe,Coffee_Beans,3.811011,25.0,95.28,58.58,0.6149,partially_compliant,36.69
INV524347,2025-04-18,2025 Q2,690,Importer,Small,343,Cafe,Coffee_Beans,10.036206,25.0,250.91,98.17,0.3913,partially_compliant,152.74
INV533037,2025-04-18,2025 Q2,686,Importer,Small,353,Cafe,Coffee_Beans,11.215169,25.0,280.38,172.4,0.6149,partially_compliant,107.98
INV534775,2025-04-18,2025 Q2,678,Importer,Medium,355,Cafe,Coffee_Beans,19.42639,25.0,485.66,281.75,0.5801,partially_compliant,203.91
INV537382,2025-04-18,2025 Q2,679,Importer,Large,358,Cafe,Coffee_Beans,7.212285,25.0,180.31,101.99,0.5657,partially_compliant,78.32
INV542619,2025-04-18,2025 Q2,673,Importer,Medium,365,Fine_Dine_Meat,Beer,27.872252,3.0,83.62,83.62,1.0,compliant,0.0
INV544830,2025-04-18,2025 Q2,692,Importer,Large,369,Fine_Dine_Meat,Wine,22.373009,10.67,238.72,172.95,0.7245,partially_compliant,65.77
INV547595,2025-04-18,2025 Q2,675,Importer,Small,374,Fine_Dine_Meat,Wine,26.274767,10.67,280.35,277.75,0.9907,compliant,2.6
INV547596,2025-04-18,2025 Q2,683,Importer,Small,374,Fine_Dine_Meat,Beer,39.41215,3.0,118.24,117.13,0.9906,compliant,1.11
INV549808,2025-04-18,2025 Q2,679,Importer,Large,378,Fine_Dine_Meat,Beer,27.620911,3.0,82.86,46.87,0.5657,partially_compliant,35.99
INV550360,2025-04-18,2025 Q2,686,Importer,Small,379,Fine_Dine_Meat,Wine,48.514696,10.67,517.65,318.29,0.6149,partially_compliant,199.36
INV552019,2025-04-18,2025 Q2,677,Importer,Small,382,Fine_Dine_Meat,Wine,34.030803,10.67,363.11,363.11,1.0,compliant,0.0
INV553125,2025-04-18,2025 Q2,682,Importer,Small,384,Fine_Dine_Meat,Wine,17.571012,10.67,187.48,115.28,0.6149,partially_compliant,72.2
INV553126,2025-04-18,2025 Q2,680,Importer,Medium,384,Fine_Dine_Meat,Beer,26.356518,3.0,79.07,78.85,0.9972,compliant,0.22
INV555337,2025-04-18,2025 Q2,686,Importer,Small,388,Fine_Dine_Meat,Wine,12.142479,10.67,129.56,79.66,0.6149,partially_compliant,49.9
INV555338,2025-04-18,2025 Q2,680,Importer,Medium,388,Fine_Dine_Meat,Beer,18.213718,3.0,54.64,54.49,0.9972,compliant,0.15
INV555890,2025-04-18,2025 Q2,680,Importer,Medium,389,Fine_Dine_Meat,Wine,18.614087,10.67,198.61,198.06,0.9972,compliant,0.55
INV556996,2025-04-18,2025 Q2,692,Importer,Large,391,Fine_Dine_Meat,Wine,23.55182,10.67,251.3,182.07,0.7245,partially_compliant,69.23
INV557550,2025-04-18,2025 Q2,692,Importer,Large,392,Fine_Dine_Meat,Beer,19.199269,3.0,57.6,41.73,0.7245,partially_compliant,15.87
INV558655,2025-04-18,2025 Q2,679,Importer,Large,394,Fine_Dine_Meat,Wine,25.670597,10.67,273.91,154.94,0.5657,partially_compliant,118.97
INV559208,2025-04-18,2025 Q2,686,Importer,Small,395,Fine_Dine_Meat,Wine,31.506126,10.67,336.17,206.7,0.6149,partially_compliant,129.47
INV559762,2025-04-18,2025 Q2,685,Importer,Small,396,Fine_Dine_Meat,Beer,56.370858,3.0,169.11,165.69,0.9797,compliant,3.43
INV560315,2025-04-18,2025 Q2,675,Importer,Small,397,Fine_Dine_Meat,Beer,40.930737,3.0,122.79,121.65,0.9907,compliant,1.14
INV561420,2025-04-18,2025 Q2,673,Importer,Medium,399,Fine_Dine_Meat,Wine,40.181212,10.67,428.73,428.73,1.0,compliant,0.0
INV566397,2025-04-18,2025 Q2,681,Importer,Small,408,Fine_Dine_Meat,Wine,47.936842,10.67,511.49,0.0,0.0,non_compliant,511.49
INV568056,2025-04-18,2025 Q2,673,Importer,Medium,411,Fine_Dine_Meat,Wine,15.244911,10.67,162.66,162.66,1.0,compliant,0.0
INV568057,2025-04-18,2025 Q2,673,Importer,Medium,411,Fine_Dine_Meat,Beer,22.867366,3.0,68.6,68.6,1.0,compliant,0.0
INV568609,2025-04-18,2025 Q2,680,Importer,Medium,412,Fine_Dine_Meat,Wine,41.60262,10.67,443.9,442.67,0.9972,compliant,1.23
INV569715,2025-04-18,2025 Q2,689,Importer,Small,414,Fine_Dine_Meat,Wine,26.779224,10.67,285.73,285.73,1.0,compliant,0.0
INV570821,2025-04-18,2025 Q2,680,Importer,Medium,416,Fine_Dine_Meat,Wine,23.945585,10.67,255.5,254.79,0.9972,compliant,0.71
INV571927,2025-04-18,2025 Q2,675,Importer,Small,418,Fine_Dine_Meat,Wine,44.243464,10.67,472.08,467.7,0.9907,compliant,4.38
INV574139,2025-04-18,2025 Q2,673,Importer,Medium,422,Fine_Dine_Meat,Wine,24.899787,10.67,265.68,265.68,1.0,compliant,0.0
INV576904,2025-04-18,2025 Q2,678,Importer,Medium,427,Fine_Dine_Meat,Wine,22.627698,10.67,241.44,140.07,0.5801,partially_compliant,101.37
INV577457,2025-04-18,2025 Q2,689,Importer,Small,428,Fine_Dine_Meat,Wine,19.546352,10.67,208.56,208.56,1.0,compliant,0.0
INV578563,2025-04-18,2025 Q2,685,Importer,Small,430,Fine_Dine_Meat,Wine,25.638959,10.67,273.57,268.03,0.9797,compliant,5.54
INV579116,2025-04-18,2025 Q2,692,Importer,Large,431,Fine_Dine_Meat,Wine,17.982048,10.67,191.87,139.01,0.7245,partially_compliant,52.86
INV579669,2025-04-18,2025 Q2,673,Importer,Medium,432,Fine_Dine_Meat,Wine,41.599345,10.67,443.87,443.87,1.0,compliant,0.0
INV580223,2025-04-18,2025 Q2,679,Importer,Large,433,Fine_Dine_Meat,Beer,21.037113,3.0,63.11,35.7,0.5657,partially_compliant,27.41
INV580776,2025-04-18,2025 Q2,692,Importer,Large,434,Fine_Dine_Meat,Beer,37.524462,3.0,112.57,81.56,0.7245,partially_compliant,31.01
INV581329,2025-04-18,2025 Q2,687,Importer,Medium,435,Fine_Dine_Meat,Beer,36.850193,3.0,110.55,77.07,0.6971,partially_compliant,33.48
INV584093,2025-04-18,2025 Q2,679,Importer,Large,440,Fine_Dine_Meat,Wine,21.829261,10.67,232.92,131.75,0.5657,partially_compliant,101.17
INV584094,2025-04-18,2025 Q2,692,Importer,Large,440,Fine_Dine_Meat,Beer,32.743891,3.0,98.23,71.17,0.7245,partially_compliant,27.06
INV587964,2025-04-18,2025 Q2,686,Importer,Small,447,Fine_Dine_Vegetarian,Wine,33.671852,10.67,359.28,220.91,0.6149,partially_compliant,138.37
INV588517,2025-04-18,2025 Q2,679,Importer,Large,448,Fine_Dine_Vegetarian,Wine,63.925962,10.67,682.09,385.83,0.5657,partially_compliant,296.26
INV589070,2025-04-18,2025 Q2,692,Importer,Large,449,Fine_Dine_Vegetarian,Wine,61.444109,10.67,655.61,474.99,0.7245,partially_compliant,180.62
INV589623,2025-04-18,2025 Q2,680,Importer,Medium,450,Fine_Dine_Vegetarian,Wine,84.085523,10.67,897.19,894.71,0.9972,compliant,2.48
INV591282,2025-04-18,2025 Q2,682,Importer,Small,453,Fine_Dine_Vegetarian,Wine,53.095244,10.67,566.53,348.35,0.6149,partially_compliant,218.18
INV592941,2025-04-18,2025 Q2,675,Importer,Small,456,Fine_Dine_Vegetarian,Wine,25.644853,10.67,273.63,271.09,0.9907,compliant,2.54
INV594600,2025-04-18,2025 Q2,673,Importer,Medium,459,Fine_Dine_Vegetarian,Wine,19.425807,10.67,207.27,207.27,1.0,compliant,0.0
INV596259,2025-04-18,2025 Q2,673,Importer,Medium,462,Fine_Dine_Vegetarian,Wine,23.016349,10.67,245.58,245.58,1.0,compliant,0.0
INV596812,2025-04-18,2025 Q2,690,Importer,Small,463,Fine_Dine_Vegetarian,Wine,53.927699,10.67,575.41,225.14,0.3913,partially_compliant,350.27
INV597365,2025-04-18,2025 Q2,677,Importer,Small,464,Fine_Dine_Vegetarian,Wine,26.227545,10.67,279.85,279.85,1.0,compliant,0.0
INV600130,2025-04-18,2025 Q2,682,Importer,Small,469,Fine_Dine_Vegetarian,Wine,13.60338,10.67,145.15,89.25,0.6149,partially_compliant,55.9
INV601789,2025-04-18,2025 Q2,689,Importer,Small,472,Fine_Dine_Vegetarian,Wine,20.011353,10.67,213.52,213.52,1.0,compliant,0.0
INV604001,2025-04-18,2025 Q2,692,Importer,Large,476,Fine_Dine_Vegetarian,Wine,27.773993,10.67,296.35,214.71,0.7245,partially_compliant,81.64
INV605660,2025-04-18,2025 Q2,673,Importer,Medium,479,Fine_Dine_Vegetarian,Wine,29.070779,10.67,310.19,310.19,1.0,compliant,0.0
INV607872,2025-04-18,2025 Q2,675,Importer,Small,483,Fine_Dine_Vegetarian,Wine,13.462276,10.67,143.64,142.31,0.9907,compliant,1.33
INV609531,2025-04-18,2025 Q2,692,Importer,Large,486,Fine_Dine_Vegetarian,Wine,42.770684,10.67,456.36,330.64,0.7245,partially_compliant,125.72
INV613955,2025-04-18,2025 Q2,686,Importer,Small,494,Fine_Dine_Vegetarian,Wine,12.533662,10.67,133.73,82.23,0.6149,partially_compliant,51.5
INV617273,2025-04-18,2025 Q2,673,Importer,Medium,500,Fine_Dine_Vegetarian,Wine,29.801562,10.67,317.98,317.98,1.0,compliant,0.0
INV402698,2025-04-25,2025 Q2,692,Importer,Large,203,Cafe,Coffee_Beans,28.662943,25.0,716.57,519.16,0.7245,partially_compliant,197.41
INV404436,2025-04-25,2025 Q2,680,Importer,Medium,205,Cafe,Coffee_Beans,5.097383,25.0,127.43,127.08,0.9972,compliant,0.35
INV406174,2025-04-25,2025 Q2,684,Importer,Medium,207,Cafe,Coffee_Beans,7.282399,25.0,182.06,182.06,1.0,compliant,0.0
INV415733,2025-04-25,2025 Q2,677,Importer,Small,218,Cafe,Coffee_Beans,18.150651,25.0,453.77,453.77,1.0,compliant,0.0
INV420947,2025-04-25,2025 Q2,686,Importer,Small,224,Cafe,Coffee_Beans,12.545015,25.0,313.63,192.84,0.6149,partially_compliant,120.78
INV424423,2025-04-25,2025 Q2,677,Importer,Small,228,Cafe,Coffee_Beans,8.275198,25.0,206.88,206.88,1.0,compliant,0.0
INV426161,2025-04-25,2025 Q2,682,Importer,Small,230,Cafe,Coffee_Beans,9.274342,25.0,231.86,142.57,0.6149,partially_compliant,89.29
INV427030,2025-04-25,2025 Q2,681,Importer,Small,231,Cafe,Coffee_Beans,8.217673,25.0,205.44,0.0,0.0,non_compliant,205.44
INV429637,2025-04-25,2025 Q2,673,Importer,Medium,234,Cafe,Coffee_Beans,6.931533,25.0,173.29,173.29,1.0,compliant,0.0
INV430506,2025-04-25,2025 Q2,673,Importer,Medium,235,Cafe,Coffee_Beans,32.90918,25.0,822.73,822.73,1.0,compliant,0.0
INV432244,2025-04-25,2025 Q2,683,Importer,Small,237,Cafe,Coffee_Beans,20.019373,25.0,500.48,495.79,0.9906,compliant,4.7
INV438327,2025-04-25,2025 Q2,682,Importer,Small,244,Cafe,Coffee_Beans,9.142391,25.0,228.56,140.54,0.6149,partially_compliant,88.02
INV440065,2025-04-25,2025 Q2,688,Importer,Small,246,Cafe,Coffee_Beans,11.329604,25.0,283.24,283.24,1.0,compliant,0.0
INV445279,2025-04-25,2025 Q2,675,Importer,Small,252,Cafe,Coffee_Beans,8.57538,25.0,214.38,212.4,0.9907,compliant,1.99
INV448755,2025-04-25,2025 Q2,678,Importer,Medium,256,Cafe,Coffee_Beans,10.117684,25.0,252.94,146.74,0.5801,partially_compliant,106.2
INV449624,2025-04-25,2025 Q2,680,Importer,Medium,257,Cafe,Coffee_Beans,30.333857,25.0,758.35,756.25,0.9972,compliant,2.1
INV454838,2025-04-25,2025 Q2,675,Importer,Small,263,Cafe,Coffee_Beans,7.672286,25.0,191.81,190.03,0.9907,compliant,1.78
INV460052,2025-04-25,2025 Q2,677,Importer,Small,269,Cafe,Coffee_Beans,7.122186,25.0,178.05,178.05,1.0,compliant,0.0
INV464397,2025-04-25,2025 Q2,673,Importer,Medium,274,Cafe,Coffee_Beans,7.149114,25.0,178.73,178.73,1.0,compliant,0.0
INV465266,2025-04-25,2025 Q2,689,Importer,Small,275,Cafe,Coffee_Beans,9.262023,25.0,231.55,231.55,1.0,compliant,0.0
INV466135,2025-04-25,2025 Q2,692,Importer,Large,276,Cafe,Coffee_Beans,7.797137,25.0,194.93,141.23,0.7245,partially_compliant,53.7
INV470480,2025-04-25,2025 Q2,689,Importer,Small,281,Cafe,Coffee_Beans,14.645788,25.0,366.14,366.14,1.0,compliant,0.0
INV475694,2025-04-25,2025 Q2,680,Importer,Medium,287,Cafe,Coffee_Beans,5.486845,25.0,137.17,136.79,0.9972,compliant,0.38
INV478301,2025-04-25,2025 Q2,675,Importer,Small,290,Cafe,Coffee_Beans,7.808183,25.0,195.2,193.4,0.9907,compliant,1.81
INV484384,2025-04-25,2025 Q2,689,Importer,Small,297,Cafe,Coffee_Beans,13.790534,25.0,344.76,344.76,1.0,compliant,0.0
INV485253,2025-04-25,2025 Q2,674,Importer,Small,298,Cafe,Coffee_Beans,6.766481,25.0,169.16,162.69,0.9617,compliant,6.47
INV490467,2025-04-25,2025 Q2,682,Importer,Small,304,Cafe,Coffee_Beans,7.698159,25.0,192.45,118.34,0.6149,partially_compliant,74.12
INV491336,2025-04-25,2025 Q2,682,Importer,Small,305,Cafe,Coffee_Beans,8.979497,25.0,224.49,138.03,0.6149,partially_compliant,86.45
INV496550,2025-04-25,2025 Q2,680,Importer,Medium,311,Cafe,Coffee_Beans,9.03329,25.0,225.83,225.21,0.9972,compliant,0.62
INV497419,2025-04-25,2025 Q2,689,Importer,Small,312,Cafe,Coffee_Beans,7.309573,25.0,182.74,182.74,1.0,compliant,0.0
INV498288,2025-04-25,2025 Q2,682,Importer,Small,313,Cafe,Coffee_Beans,13.377416,25.0,334.44,205.64,0.6149,partially_compliant,128.8
INV502633,2025-04-25,2025 Q2,688,Importer,Small,318,Cafe,Coffee_Beans,15.565304,25.0,389.13,389.13,1.0,compliant,0.0
INV507847,2025-04-25,2025 Q2,692,Importer,Large,324,Cafe,Coffee_Beans,7.004505,25.0,175.11,126.87,0.7245,partially_compliant,48.24
INV515668,2025-04-25,2025 Q2,678,Importer,Medium,333,Cafe,Coffee_Beans,6.25889,25.0,156.47,90.78,0.5801,partially_compliant,65.7
INV518275,2025-04-25,2025 Q2,690,Importer,Small,336,Cafe,Coffee_Beans,3.694399,25.0,92.36,36.14,0.3913,partially_compliant,56.22
INV522620,2025-04-25,2025 Q2,690,Importer,Small,341,Cafe,Coffee_Beans,7.659773,25.0,191.49,74.92,0.3913,partially_compliant,116.57
INV523489,2025-04-25,2025 Q2,686,Importer,Small,342,Cafe,Coffee_Beans,4.328356,25.0,108.21,66.54,0.6149,partially_compliant,41.67
INV524358,2025-04-25,2025 Q2,690,Importer,Small,343,Cafe,Coffee_Beans,11.317938,25.0,282.95,110.71,0.3913,partially_compliant,172.24
INV533048,2025-04-25,2025 Q2,686,Importer,Small,353,Cafe,Coffee_Beans,12.748241,25.0,318.71,195.97,0.6149,partially_compliant,122.74
INV534786,2025-04-25,2025 Q2,678,Importer,Medium,355,Cafe,Coffee_Beans,22.133658,25.0,553.34,321.02,0.5801,partially_compliant,232.33
INV537393,2025-04-25,2025 Q2,679,Importer,Large,358,Cafe,Coffee_Beans,8.232913,25.0,205.82,116.43,0.5657,partially_compliant,89.4
INV542626,2025-04-25,2025 Q2,673,Importer,Medium,365,Fine_Dine_Meat,Beer,30.25912,3.0,90.78,90.78,1.0,compliant,0.0
INV544837,2025-04-25,2025 Q2,692,Importer,Large,369,Fine_Dine_Meat,Wine,24.375482,10.67,260.09,188.43,0.7245,partially_compliant,71.65
INV547602,2025-04-25,2025 Q2,675,Importer,Small,374,Fine_Dine_Meat,Wine,28.638188,10.67,305.57,302.74,0.9907,compliant,2.83
INV547603,2025-04-25,2025 Q2,683,Importer,Small,374,Fine_Dine_Meat,Beer,42.957282,3.0,128.87,127.66,0.9906,compliant,1.21
INV549815,2025-04-25,2025 Q2,679,Importer,Large,378,Fine_Dine_Meat,Beer,30.077248,3.0,90.23,51.04,0.5657,partially_compliant,39.19
INV550367,2025-04-25,2025 Q2,686,Importer,Small,379,Fine_Dine_Meat,Wine,52.822001,10.67,563.61,346.55,0.6149,partially_compliant,217.06
INV552026,2025-04-25,2025 Q2,677,Importer,Small,382,Fine_Dine_Meat,Wine,36.99659,10.67,394.75,394.75,1.0,compliant,0.0
INV553132,2025-04-25,2025 Q2,682,Importer,Small,384,Fine_Dine_Meat,Wine,19.100218,10.67,203.8,125.31,0.6149,partially_compliant,78.49
INV553133,2025-04-25,2025 Q2,680,Importer,Medium,384,Fine_Dine_Meat,Beer,28.650328,3.0,85.95,85.71,0.9972,compliant,0.24
INV555344,2025-04-25,2025 Q2,686,Importer,Small,388,Fine_Dine_Meat,Wine,10.719753,10.67,114.38,70.33,0.6149,partially_compliant,44.05
INV555345,2025-04-25,2025 Q2,680,Importer,Medium,388,Fine_Dine_Meat,Beer,16.079629,3.0,48.24,48.11,0.9972,compliant,0.13
INV555897,2025-04-25,2025 Q2,680,Importer,Medium,389,Fine_Dine_Meat,Wine,20.212727,10.67,215.67,215.07,0.9972,compliant,0.6
INV557003,2025-04-25,2025 Q2,692,Importer,Large,391,Fine_Dine_Meat,Wine,25.540148,10.67,272.51,197.44,0.7245,partially_compliant,75.08
INV557557,2025-04-25,2025 Q2,692,Importer,Large,392,Fine_Dine_Meat,Beer,18.685685,3.0,56.06,40.61,0.7245,partially_compliant,15.44
INV558662,2025-04-25,2025 Q2,679,Importer,Large,394,Fine_Dine_Meat,Wine,27.851744,10.67,297.18,168.1,0.5657,partially_compliant,129.08
INV559215,2025-04-25,2025 Q2,686,Importer,Small,395,Fine_Dine_Meat,Wine,34.473328,10.67,367.83,226.17,0.6149,partially_compliant,141.66
INV559769,2025-04-25,2025 Q2,685,Importer,Small,396,Fine_Dine_Meat,Beer,61.169822,3.0,183.51,179.79,0.9797,compliant,3.72
INV560322,2025-04-25,2025 Q2,675,Importer,Small,397,Fine_Dine_Meat,Beer,43.185284,3.0,129.56,128.36,0.9907,compliant,1.2
INV561427,2025-04-25,2025 Q2,673,Importer,Medium,399,Fine_Dine_Meat,Wine,43.762877,10.67,466.95,466.95,1.0,compliant,0.0
INV566404,2025-04-25,2025 Q2,681,Importer,Small,408,Fine_Dine_Meat,Wine,52.228229,10.67,557.28,0.0,0.0,non_compliant,557.28
INV568063,2025-04-25,2025 Q2,673,Importer,Medium,411,Fine_Dine_Meat,Wine,16.541106,10.67,176.49,176.49,1.0,compliant,0.0
INV568064,2025-04-25,2025 Q2,673,Importer,Medium,411,Fine_Dine_Meat,Beer,24.811659,3.0,74.43,74.43,1.0,compliant,0.0
INV568616,2025-04-25,2025 Q2,680,Importer,Medium,412,Fine_Dine_Meat,Wine,45.283459,10.67,483.17,481.84,0.9972,compliant,1.34
INV569722,2025-04-25,2025 Q2,689,Importer,Small,414,Fine_Dine_Meat,Wine,29.659538,10.67,316.47,316.47,1.0,compliant,0.0
INV570828,2025-04-25,2025 Q2,680,Importer,Medium,416,Fine_Dine_Meat,Wine,26.071196,10.67,278.18,277.41,0.9972,compliant,0.77
INV571934,2025-04-25,2025 Q2,675,Importer,Small,418,Fine_Dine_Meat,Wine,48.181406,10.67,514.1,509.33,0.9907,compliant,4.76
INV574146,2025-04-25,2025 Q2,673,Importer,Medium,422,Fine_Dine_Meat,Wine,27.110489,10.67,289.27,289.27,1.0,compliant,0.0
INV576911,2025-04-25,2025 Q2,678,Importer,Medium,427,Fine_Dine_Meat,Wine,24.691567,10.67,263.46,152.84,0.5801,partially_compliant,110.62
INV577464,2025-04-25,2025 Q2,689,Importer,Small,428,Fine_Dine_Meat,Wine,21.292341,10.67,227.19,227.19,1.0,compliant,0.0
INV578570,2025-04-25,2025 Q2,685,Importer,Small,430,Fine_Dine_Meat,Wine,25.007952,10.67,266.83,261.43,0.9797,compliant,5.41
INV579123,2025-04-25,2025 Q2,692,Importer,Large,431,Fine_Dine_Meat,Wine,19.523782,10.67,208.32,150.93,0.7245,partially_compliant,57.39
INV579676,2025-04-25,2025 Q2,673,Importer,Medium,432,Fine_Dine_Meat,Wine,45.478457,10.67,485.26,485.26,1.0,compliant,0.0
INV580230,2025-04-25,2025 Q2,679,Importer,Large,433,Fine_Dine_Meat,Beer,21.748164,3.0,65.24,36.91,0.5657,partially_compliant,28.34
INV580783,2025-04-25,2025 Q2,692,Importer,Large,434,Fine_Dine_Meat,Beer,40.821766,3.0,122.47,88.73,0.7245,partially_compliant,33.74
INV581336,2025-04-25,2025 Q2,687,Importer,Medium,435,Fine_Dine_Meat,Beer,39.654877,3.0,118.96,82.93,0.6971,partially_compliant,36.03
INV584100,2025-04-25,2025 Q2,679,Importer,Large,440,Fine_Dine_Meat,Wine,23.764293,10.67,253.57,143.43,0.5657,partially_compliant,110.13
INV584101,2025-04-25,2025 Q2,692,Importer,Large,440,Fine_Dine_Meat,Beer,35.646439,3.0,106.94,77.48,0.7245,partially_compliant,29.46
INV587971,2025-04-25,2025 Q2,686,Importer,Small,447,Fine_Dine_Vegetarian,Wine,36.674778,10.67,391.32,240.61,0.6149,partially_compliant,150.71
INV588524,2025-04-25,2025 Q2,679,Importer,Large,448,Fine_Dine_Vegetarian,Wine,69.644314,10.67,743.1,420.34,0.5657,partially_compliant,322.76
INV589077,2025-04-25,2025 Q2,692,Importer,Large,449,Fine_Dine_Vegetarian,Wine,66.989272,10.67,714.78,517.86,0.7245,partially_compliant,196.92
INV589630,2025-04-25,2025 Q2,680,Importer,Medium,450,Fine_Dine_Vegetarian,Wine,91.534649,10.67,976.67,973.97,0.9972,compliant,2.7
INV591289,2025-04-25,2025 Q2,682,Importer,Small,453,Fine_Dine_Vegetarian,Wine,57.776238,10.67,616.47,379.06,0.6149,partially_compliant,237.42
INV592948,2025-04-25,2025 Q2,675,Importer,Small,456,Fine_Dine_Vegetarian,Wine,27.930255,10.67,298.02,295.25,0.9907,compliant,2.76
INV594607,2025-04-25,2025 Q2,673,Importer,Medium,459,Fine_Dine_Vegetarian,Wine,21.063384,10.67,224.75,224.75,1.0,compliant,0.0
INV596266,2025-04-25,2025 Q2,673,Importer,Medium,462,Fine_Dine_Vegetarian,Wine,25.067306,10.67,267.47,267.47,1.0,compliant,0.0
INV596819,2025-04-25,2025 Q2,690,Importer,Small,463,Fine_Dine_Vegetarian,Wine,58.738266,10.67,626.74,245.22,0.3913,partially_compliant,381.52
INV597372,2025-04-25,2025 Q2,677,Importer,Small,464,Fine_Dine_Vegetarian,Wine,28.53138,10.67,304.43,304.43,1.0,compliant,0.0
INV600137,2025-04-25,2025 Q2,682,Importer,Small,469,Fine_Dine_Vegetarian,Wine,14.788916,10.67,157.8,97.03,0.6149,partially_compliant,60.77
INV601796,2025-04-25,2025 Q2,689,Importer,Small,472,Fine_Dine_Vegetarian,Wine,21.741979,10.67,231.99,231.99,1.0,compliant,0.0
INV604008,2025-04-25,2025 Q2,692,Importer,Large,476,Fine_Dine_Vegetarian,Wine,30.26336,10.67,322.91,233.95,0.7245,partially_compliant,88.96
INV605667,2025-04-25,2025 Q2,673,Importer,Medium,479,Fine_Dine_Vegetarian,Wine,33.826986,10.67,360.93,360.93,1.0,compliant,0.0
INV607879,2025-04-25,2025 Q2,675,Importer,Small,483,Fine_Dine_Vegetarian,Wine,16.447052,10.67,175.49,173.86,0.9907,compliant,1.63
INV609538,2025-04-25,2025 Q2,692,Importer,Large,486,Fine_Dine_Vegetarian,Wine,46.573798,10.67,496.94,360.04,0.7245,partially_compliant,136.9
INV613962,2025-04-25,2025 Q2,686,Importer,Small,494,Fine_Dine_Vegetarian,Wine,13.625971,10.67,145.39,89.4,0.6149,partially_compliant,55.99
INV617280,2025-04-25,2025 Q2,673,Importer,Medium,500,Fine_Dine_Vegetarian,Wine,32.434742,10.67,346.08,346.08,1.0,compliant,0.0
INV402709,2025-05-02,2025 Q2,692,Importer,Large,203,Cafe,Coffee_Beans,28.945049,25.0,723.63,524.27,0.7245,partially_compliant,199.35
INV404447,2025-05-02,2025 Q2,680,Importer,Medium,205,Cafe,Coffee_Beans,5.126271,25.0,128.16,127.8,0.9972,compliant,0.35
INV406185,2025-05-02,2025 Q2,684,Importer,Medium,207,Cafe,Coffee_Beans,7.438751,25.0,185.97,185.97,1.0,compliant,0.0
INV415744,2025-05-02,2025 Q2,677,Importer,Small,218,Cafe,Coffee_Beans,18.70113,25.0,467.53,467.53,1.0,compliant,0.0
INV420958,2025-05-02,2025 Q2,686,Importer,Small,224,Cafe,Coffee_Beans,13.158556,25.0,328.96,202.27,0.6149,partially_compliant,126.69
INV424434,2025-05-02,2025 Q2,677,Importer,Small,228,Cafe,Coffee_Beans,8.57492,25.0,214.37,214.37,1.0,compliant,0.0
INV426172,2025-05-02,2025 Q2,682,Importer,Small,230,Cafe,Coffee_Beans,9.608999,25.0,240.22,147.71,0.6149,partially_compliant,92.52
INV427041,2025-05-02,2025 Q2,681,Importer,Small,231,Cafe,Coffee_Beans,8.530958,25.0,213.27,0.0,0.0,non_compliant,213.27
INV429648,2025-05-02,2025 Q2,673,Importer,Medium,234,Cafe,Coffee_Beans,7.129785,25.0,178.24,178.24,1.0,compliant,0.0
INV430517,2025-05-02,2025 Q2,673,Importer,Medium,235,Cafe,Coffee_Beans,33.885824,25.0,847.15,847.15,1.0,compliant,0.0
INV432255,2025-05-02,2025 Q2,683,Importer,Small,237,Cafe,Coffee_Beans,20.716001,25.0,517.9,513.04,0.9906,compliant,4.86
INV438338,2025-05-02,2025 Q2,682,Importer,Small,244,Cafe,Coffee_Beans,9.448052,25.0,236.2,145.24,0.6149,partially_compliant,90.97
INV440076,2025-05-02,2025 Q2,688,Importer,Small,246,Cafe,Coffee_Beans,10.54747,25.0,263.69,263.69,1.0,compliant,0.0
INV445290,2025-05-02,2025 Q2,675,Importer,Small,252,Cafe,Coffee_Beans,8.800208,25.0,220.01,217.97,0.9907,compliant,2.04
INV448766,2025-05-02,2025 Q2,678,Importer,Medium,256,Cafe,Coffee_Beans,10.163989,25.0,254.1,147.41,0.5801,partially_compliant,106.69
INV449635,2025-05-02,2025 Q2,680,Importer,Medium,257,Cafe,Coffee_Beans,31.20819,25.0,780.2,778.05,0.9972,compliant,2.16
INV454849,2025-05-02,2025 Q2,675,Importer,Small,263,Cafe,Coffee_Beans,7.963427,25.0,199.09,197.24,0.9907,compliant,1.85
INV460063,2025-05-02,2025 Q2,677,Importer,Small,269,Cafe,Coffee_Beans,7.367071,25.0,184.18,184.18,1.0,compliant,0.0
INV464408,2025-05-02,2025 Q2,673,Importer,Medium,274,Cafe,Coffee_Beans,7.261561,25.0,181.54,181.54,1.0,compliant,0.0
INV465277,2025-05-02,2025 Q2,689,Importer,Small,275,Cafe,Coffee_Beans,9.576062,25.0,239.4,239.4,1.0,compliant,0.0
INV466146,2025-05-02,2025 Q2,692,Importer,Large,276,Cafe,Coffee_Beans,8.062042,25.0,201.55,146.03,0.7245,partially_compliant,55.53
INV470491,2025-05-02,2025 Q2,689,Importer,Small,281,Cafe,Coffee_Beans,15.080383,25.0,377.01,377.01,1.0,compliant,0.0
INV475705,2025-05-02,2025 Q2,680,Importer,Medium,287,Cafe,Coffee_Beans,4.254331,25.0,106.36,106.06,0.9972,compliant,0.29
INV478312,2025-05-02,2025 Q2,675,Importer,Small,290,Cafe,Coffee_Beans,8.107125,25.0,202.68,200.8,0.9907,compliant,1.88
INV484395,2025-05-02,2025 Q2,689,Importer,Small,297,Cafe,Coffee_Beans,14.047833,25.0,351.2,351.2,1.0,compliant,0.0
INV485264,2025-05-02,2025 Q2,674,Importer,Small,298,Cafe,Coffee_Beans,6.550405,25.0,163.76,157.49,0.9617,compliant,6.27
INV490478,2025-05-02,2025 Q2,682,Importer,Small,304,Cafe,Coffee_Beans,7.984265,25.0,199.61,122.73,0.6149,partially_compliant,76.87
INV491347,2025-05-02,2025 Q2,682,Importer,Small,305,Cafe,Coffee_Beans,7.779823,25.0,194.5,119.59,0.6149,partially_compliant,74.9
INV496561,2025-05-02,2025 Q2,680,Importer,Medium,311,Cafe,Coffee_Beans,9.338993,25.0,233.47,232.83,0.9972,compliant,0.65
INV497430,2025-05-02,2025 Q2,689,Importer,Small,312,Cafe,Coffee_Beans,7.384442,25.0,184.61,184.61,1.0,compliant,0.0
INV498299,2025-05-02,2025 Q2,682,Importer,Small,313,Cafe,Coffee_Beans,13.626556,25.0,340.66,209.47,0.6149,partially_compliant,131.2
INV502644,2025-05-02,2025 Q2,688,Importer,Small,318,Cafe,Coffee_Beans,15.857949,25.0,396.45,396.45,1.0,compliant,0.0
INV507858,2025-05-02,2025 Q2,692,Importer,Large,324,Cafe,Coffee_Beans,7.085386,25.0,177.13,128.34,0.7245,partially_compliant,48.8
INV515679,2025-05-02,2025 Q2,678,Importer,Medium,333,Cafe,Coffee_Beans,6.361931,25.0,159.05,92.27,0.5801,partially_compliant,66.78
INV518286,2025-05-02,2025 Q2,690,Importer,Small,336,Cafe,Coffee_Beans,3.763204,25.0,94.08,36.81,0.3913,partially_compliant,57.27
INV522631,2025-05-02,2025 Q2,690,Importer,Small,341,Cafe,Coffee_Beans,8.189891,25.0,204.75,80.11,0.3913,partially_compliant,124.64
INV523500,2025-05-02,2025 Q2,686,Importer,Small,342,Cafe,Coffee_Beans,4.349995,25.0,108.75,66.87,0.6149,partially_compliant,41.88
INV524369,2025-05-02,2025 Q2,690,Importer,Small,343,Cafe,Coffee_Beans,10.352927,25.0,258.82,101.27,0.3913,partially_compliant,157.56
INV533059,2025-05-02,2025 Q2,686,Importer,Small,353,Cafe,Coffee_Beans,12.872941,25.0,321.82,197.88,0.6149,partially_compliant,123.94
INV534797,2025-05-02,2025 Q2,678,Importer,Medium,355,Cafe,Coffee_Beans,22.647233,25.0,566.18,328.46,0.5801,partially_compliant,237.72
INV537404,2025-05-02,2025 Q2,679,Importer,Large,358,Cafe,Coffee_Beans,8.512835,25.0,212.82,120.38,0.5657,partially_compliant,92.44
INV542633,2025-05-02,2025 Q2,673,Importer,Medium,365,Fine_Dine_Meat,Beer,29.213453,3.0,87.64,87.64,1.0,compliant,0.0
INV544844,2025-05-02,2025 Q2,692,Importer,Large,369,Fine_Dine_Meat,Wine,24.1721,10.67,257.92,186.86,0.7245,partially_compliant,71.05
INV547609,2025-05-02,2025 Q2,675,Importer,Small,374,Fine_Dine_Meat,Wine,28.485519,10.67,303.94,301.12,0.9907,compliant,2.82
INV547610,2025-05-02,2025 Q2,683,Importer,Small,374,Fine_Dine_Meat,Beer,42.728279,3.0,128.18,126.98,0.9906,compliant,1.2
INV549822,2025-05-02,2025 Q2,679,Importer,Large,378,Fine_Dine_Meat,Beer,29.709731,3.0,89.13,50.42,0.5657,partially_compliant,38.71
INV550374,2025-05-02,2025 Q2,686,Importer,Small,379,Fine_Dine_Meat,Wine,52.124118,10.67,556.16,341.97,0.6149,partially_compliant,214.19
INV552033,2025-05-02,2025 Q2,677,Importer,Small,382,Fine_Dine_Meat,Wine,36.014932,10.67,384.28,384.28,1.0,compliant,0.0
INV553139,2025-05-02,2025 Q2,682,Importer,Small,384,Fine_Dine_Meat,Wine,18.621036,10.67,198.69,122.17,0.6149,partially_compliant,76.52
INV553140,2025-05-02,2025 Q2,680,Importer,Medium,384,Fine_Dine_Meat,Beer,27.931554,3.0,83.79,83.56,0.9972,compliant,0.23
INV555351,2025-05-02,2025 Q2,686,Importer,Small,388,Fine_Dine_Meat,Wine,9.469076,10.67,101.04,62.12,0.6149,partially_compliant,38.91
INV555352,2025-05-02,2025 Q2,680,Importer,Medium,388,Fine_Dine_Meat,Beer,14.203615,3.0,42.61,42.49,0.9972,compliant,0.12
INV555904,2025-05-02,2025 Q2,680,Importer,Medium,389,Fine_Dine_Meat,Wine,19.548233,10.67,208.58,208.0,0.9972,compliant,0.58
INV557010,2025-05-02,2025 Q2,692,Importer,Large,391,Fine_Dine_Meat,Wine,24.44671,10.67,260.85,188.99,0.7245,partially_compliant,71.86
INV557564,2025-05-02,2025 Q2,692,Importer,Large,392,Fine_Dine_Meat,Beer,17.09206,3.0,51.28,37.15,0.7245,partially_compliant,14.13
INV558669,2025-05-02,2025 Q2,679,Importer,Large,394,Fine_Dine_Meat,Wine,26.762407,10.67,285.55,161.53,0.5657,partially_compliant,124.03
INV559222,2025-05-02,2025 Q2,686,Importer,Small,395,Fine_Dine_Meat,Wine,35.26931,10.67,376.32,231.39,0.6149,partially_compliant,144.93
INV559776,2025-05-02,2025 Q2,685,Importer,Small,396,Fine_Dine_Meat,Beer,58.846191,3.0,176.54,172.96,0.9797,compliant,3.58
INV560329,2025-05-02,2025 Q2,675,Importer,Small,397,Fine_Dine_Meat,Beer,41.225775,3.0,123.68,122.53,0.9907,compliant,1.15
INV561434,2025-05-02,2025 Q2,673,Importer,Medium,399,Fine_Dine_Meat,Wine,43.289497,10.67,461.9,461.9,1.0,compliant,0.0
INV566411,2025-05-02,2025 Q2,681,Importer,Small,408,Fine_Dine_Meat,Wine,51.798719,10.67,552.69,0.0,0.0,non_compliant,552.69
INV568070,2025-05-02,2025 Q2,673,Importer,Medium,411,Fine_Dine_Meat,Wine,15.90069,10.67,169.66,169.66,1.0,compliant,0.0
INV568071,2025-05-02,2025 Q2,673,Importer,Medium,411,Fine_Dine_Meat,Beer,23.851035,3.0,71.55,71.55,1.0,compliant,0.0
INV568623,2025-05-02,2025 Q2,680,Importer,Medium,412,Fine_Dine_Meat,Wine,44.591025,10.67,475.79,474.47,0.9972,compliant,1.32
INV569729,2025-05-02,2025 Q2,689,Importer,Small,414,Fine_Dine_Meat,Wine,30.172552,10.67,321.94,321.94,1.0,compliant,0.0
INV570835,2025-05-02,2025 Q2,680,Importer,Medium,416,Fine_Dine_Meat,Wine,25.724082,10.67,274.48,273.72,0.9972,compliant,0.76
INV571941,2025-05-02,2025 Q2,675,Importer,Small,418,Fine_Dine_Meat,Wine,47.61737,10.67,508.08,503.37,0.9907,compliant,4.71
INV574153,2025-05-02,2025 Q2,673,Importer,Medium,422,Fine_Dine_Meat,Wine,26.752388,10.67,285.45,285.45,1.0,compliant,0.0
INV576918,2025-05-02,2025 Q2,678,Importer,Medium,427,Fine_Dine_Meat,Wine,24.769556,10.67,264.29,153.33,0.5801,partially_compliant,110.97
INV577471,2025-05-02,2025 Q2,689,Importer,Small,428,Fine_Dine_Meat,Wine,21.08903,10.67,225.02,225.02,1.0,compliant,0.0
INV578577,2025-05-02,2025 Q2,685,Importer,Small,430,Fine_Dine_Meat,Wine,26.604847,10.67,283.87,278.12,0.9797,compliant,5.75
INV579130,2025-05-02,2025 Q2,692,Importer,Large,431,Fine_Dine_Meat,Wine,18.862556,10.67,201.26,145.82,0.7245,partially_compliant,55.45
INV579683,2025-05-02,2025 Q2,673,Importer,Medium,432,Fine_Dine_Meat,Wine,46.245358,10.67,493.44,493.44,1.0,compliant,0.0
INV580237,2025-05-02,2025 Q2,679,Importer,Large,433,Fine_Dine_Meat,Beer,20.630235,3.0,61.89,35.01,0.5657,partially_compliant,26.88
INV580790,2025-05-02,2025 Q2,692,Importer,Large,434,Fine_Dine_Meat,Beer,40.030273,3.0,120.09,87.01,0.7245,partially_compliant,33.08
INV581343,2025-05-02,2025 Q2,687,Importer,Medium,435,Fine_Dine_Meat,Beer,45.95098,3.0,137.85,96.1,0.6971,partially_compliant,41.75
INV584107,2025-05-02,2025 Q2,679,Importer,Large,440,Fine_Dine_Meat,Wine,23.427892,10.67,249.98,141.4,0.5657,partially_compliant,108.58
INV584108,2025-05-02,2025 Q2,692,Importer,Large,440,Fine_Dine_Meat,Beer,35.141839,3.0,105.43,76.38,0.7245,partially_compliant,29.04
INV587978,2025-05-02,2025 Q2,686,Importer,Small,447,Fine_Dine_Vegetarian,Wine,36.289045,10.67,387.2,238.08,0.6149,partially_compliant,149.12
INV588531,2025-05-02,2025 Q2,679,Importer,Large,448,Fine_Dine_Vegetarian,Wine,69.039151,10.67,736.65,416.69,0.5657,partially_compliant,319.96
INV589084,2025-05-02,2025 Q2,692,Importer,Large,449,Fine_Dine_Vegetarian,Wine,66.838159,10.67,713.16,516.69,0.7245,partially_compliant,196.47
INV589637,2025-05-02,2025 Q2,680,Importer,Medium,450,Fine_Dine_Vegetarian,Wine,90.205431,10.67,962.49,959.83,0.9972,compliant,2.66
INV591296,2025-05-02,2025 Q2,682,Importer,Small,453,Fine_Dine_Vegetarian,Wine,56.770029,10.67,605.74,372.45,0.6149,partially_compliant,233.28
INV592955,2025-05-02,2025 Q2,675,Importer,Small,456,Fine_Dine_Vegetarian,Wine,27.624274,10.67,294.75,292.02,0.9907,compliant,2.73
INV594614,2025-05-02,2025 Q2,673,Importer,Medium,459,Fine_Dine_Vegetarian,Wine,20.143721,10.67,214.93,214.93,1.0,compliant,0.0
INV596273,2025-05-02,2025 Q2,673,Importer,Medium,462,Fine_Dine_Vegetarian,Wine,24.791219,10.67,264.52,264.52,1.0,compliant,0.0
INV596826,2025-05-02,2025 Q2,690,Importer,Small,463,Fine_Dine_Vegetarian,Wine,58.12918,10.67,620.24,242.68,0.3913,partially_compliant,377.56
INV597379,2025-05-02,2025 Q2,677,Importer,Small,464,Fine_Dine_Vegetarian,Wine,27.972297,10.67,298.46,298.46,1.0,compliant,0.0
INV600144,2025-05-02,2025 Q2,682,Importer,Small,469,Fine_Dine_Vegetarian,Wine,14.494768,10.67,154.66,95.1,0.6149,partially_compliant,59.56
INV601803,2025-05-02,2025 Q2,689,Importer,Small,472,Fine_Dine_Vegetarian,Wine,21.115674,10.67,225.3,225.3,1.0,compliant,0.0
INV604015,2025-05-02,2025 Q2,692,Importer,Large,476,Fine_Dine_Vegetarian,Wine,30.036499,10.67,320.49,232.2,0.7245,partially_compliant,88.29
INV605674,2025-05-02,2025 Q2,673,Importer,Medium,479,Fine_Dine_Vegetarian,Wine,38.893516,10.67,414.99,414.99,1.0,compliant,0.0
INV607886,2025-05-02,2025 Q2,675,Importer,Small,483,Fine_Dine_Vegetarian,Wine,16.821051,10.67,179.48,177.82,0.9907,compliant,1.66
INV609545,2025-05-02,2025 Q2,692,Importer,Large,486,Fine_Dine_Vegetarian,Wine,46.001045,10.67,490.83,355.61,0.7245,partially_compliant,135.22
INV613969,2025-05-02,2025 Q2,686,Importer,Small,494,Fine_Dine_Vegetarian,Wine,13.295214,10.67,141.86,87.23,0.6149,partially_compliant,54.63
INV617287,2025-05-02,2025 Q2,673,Importer,Medium,500,Fine_Dine_Vegetarian,Wine,31.912656,10.67,340.51,340.51,1.0,compliant,0.0
INV402720,2025-05-09,2025 Q2,692,Importer,Large,203,Cafe,Coffee_Beans,27.906985,25.0,697.67,505.47,0.7245,partially_compliant,192.2
INV404458,2025-05-09,2025 Q2,680,Importer,Medium,205,Cafe,Coffee_Beans,4.942426,25.0,123.56,123.22,0.9972,compliant,0.34
INV406196,2025-05-09,2025 Q2,684,Importer,Medium,207,Cafe,Coffee_Beans,7.171974,25.0,179.3,179.3,1.0,compliant,0.0
INV415755,2025-05-09,2025 Q2,677,Importer,Small,218,Cafe,Coffee_Beans,18.030447,25.0,450.76,450.76,1.0,compliant,0.0
INV420969,2025-05-09,2025 Q2,686,Importer,Small,224,Cafe,Coffee_Beans,12.958422,25.0,323.96,199.2,0.6149,partially_compliant,124.76
INV424445,2025-05-09,2025 Q2,677,Importer,Small,228,Cafe,Coffee_Beans,8.267395,25.0,206.68,206.68,1.0,compliant,0.0
INV426183,2025-05-09,2025 Q2,682,Importer,Small,230,Cafe,Coffee_Beans,9.264389,25.0,231.61,142.41,0.6149,partially_compliant,89.2
INV427052,2025-05-09,2025 Q2,681,Importer,Small,231,Cafe,Coffee_Beans,8.22501,25.0,205.63,0.0,0.0,non_compliant,205.63
INV429659,2025-05-09,2025 Q2,673,Importer,Medium,234,Cafe,Coffee_Beans,6.874087,25.0,171.85,171.85,1.0,compliant,0.0
INV430528,2025-05-09,2025 Q2,673,Importer,Medium,235,Cafe,Coffee_Beans,32.670568,25.0,816.76,816.76,1.0,compliant,0.0
INV432266,2025-05-09,2025 Q2,683,Importer,Small,237,Cafe,Coffee_Beans,19.973057,25.0,499.33,494.64,0.9906,compliant,4.69
INV438349,2025-05-09,2025 Q2,682,Importer,Small,244,Cafe,Coffee_Beans,9.109214,25.0,227.73,140.03,0.6149,partially_compliant,87.7
INV440087,2025-05-09,2025 Q2,688,Importer,Small,246,Cafe,Coffee_Beans,9.023306,25.0,225.58,225.58,1.0,compliant,0.0
INV445301,2025-05-09,2025 Q2,675,Importer,Small,252,Cafe,Coffee_Beans,8.484604,25.0,212.12,210.15,0.9907,compliant,1.97
INV448777,2025-05-09,2025 Q2,678,Importer,Medium,256,Cafe,Coffee_Beans,9.799475,25.0,244.99,142.13,0.5801,partially_compliant,102.86
INV449646,2025-05-09,2025 Q2,680,Importer,Medium,257,Cafe,Coffee_Beans,30.088962,25.0,752.22,750.14,0.9972,compliant,2.08
INV454860,2025-05-09,2025 Q2,675,Importer,Small,263,Cafe,Coffee_Beans,7.677832,25.0,191.95,190.17,0.9907,compliant,1.78
INV460074,2025-05-09,2025 Q2,677,Importer,Small,269,Cafe,Coffee_Beans,7.102864,25.0,177.57,177.57,1.0,compliant,0.0
INV464419,2025-05-09,2025 Q2,673,Importer,Medium,274,Cafe,Coffee_Beans,7.001138,25.0,175.03,175.03,1.0,compliant,0.0
INV465288,2025-05-09,2025 Q2,689,Importer,Small,275,Cafe,Coffee_Beans,9.232633,25.0,230.82,230.82,1.0,compliant,0.0
INV466157,2025-05-09,2025 Q2,692,Importer,Large,276,Cafe,Coffee_Beans,7.772911,25.0,194.32,140.79,0.7245,partially_compliant,53.53
INV470502,2025-05-09,2025 Q2,689,Importer,Small,281,Cafe,Coffee_Beans,14.539551,25.0,363.49,363.49,1.0,compliant,0.0
INV475716,2025-05-09,2025 Q2,680,Importer,Medium,287,Cafe,Coffee_Beans,3.636433,25.0,90.91,90.66,0.9972,compliant,0.25
INV478323,2025-05-09,2025 Q2,675,Importer,Small,290,Cafe,Coffee_Beans,7.816377,25.0,195.41,193.6,0.9907,compliant,1.81
INV484406,2025-05-09,2025 Q2,689,Importer,Small,297,Cafe,Coffee_Beans,13.522995,25.0,338.07,338.07,1.0,compliant,0.0
INV485275,2025-05-09,2025 Q2,674,Importer,Small,298,Cafe,Coffee_Beans,6.315486,25.0,157.89,151.85,0.9617,compliant,6.04
INV490489,2025-05-09,2025 Q2,682,Importer,Small,304,Cafe,Coffee_Beans,7.697924,25.0,192.45,118.33,0.6149,partially_compliant,74.12
INV491358,2025-05-09,2025 Q2,682,Importer,Small,305,Cafe,Coffee_Beans,5.552246,25.0,138.81,85.35,0.6149,partially_compliant,53.46
INV496572,2025-05-09,2025 Q2,680,Importer,Medium,311,Cafe,Coffee_Beans,9.004066,25.0,225.1,224.48,0.9972,compliant,0.62
INV497441,2025-05-09,2025 Q2,689,Importer,Small,312,Cafe,Coffee_Beans,7.119612,25.0,177.99,177.99,1.0,compliant,0.0
INV498310,2025-05-09,2025 Q2,682,Importer,Small,313,Cafe,Coffee_Beans,13.137864,25.0,328.45,201.96,0.6149,partially_compliant,126.49
INV502655,2025-05-09,2025 Q2,688,Importer,Small,318,Cafe,Coffee_Beans,15.694055,25.0,392.35,392.35,1.0,compliant,0.0
INV507869,2025-05-09,2025 Q2,692,Importer,Large,324,Cafe,Coffee_Beans,6.831281,25.0,170.78,123.73,0.7245,partially_compliant,47.05
INV515690,2025-05-09,2025 Q2,678,Importer,Medium,333,Cafe,Coffee_Beans,6.133772,25.0,153.34,88.96,0.5801,partially_compliant,64.38
INV518297,2025-05-09,2025 Q2,690,Importer,Small,336,Cafe,Coffee_Beans,3.628243,25.0,90.71,35.49,0.3913,partially_compliant,55.22
INV522642,2025-05-09,2025 Q2,690,Importer,Small,341,Cafe,Coffee_Beans,7.896175,25.0,197.4,77.24,0.3913,partially_compliant,120.17
INV523511,2025-05-09,2025 Q2,686,Importer,Small,342,Cafe,Coffee_Beans,4.19399,25.0,104.85,64.47,0.6149,partially_compliant,40.38
INV524380,2025-05-09,2025 Q2,690,Importer,Small,343,Cafe,Coffee_Beans,8.673862,25.0,216.85,84.84,0.3913,partially_compliant,132.0
INV533070,2025-05-09,2025 Q2,686,Importer,Small,353,Cafe,Coffee_Beans,12.411276,25.0,310.28,190.79,0.6149,partially_compliant,119.5
INV534808,2025-05-09,2025 Q2,678,Importer,Medium,355,Cafe,Coffee_Beans,21.835029,25.0,545.88,316.68,0.5801,partially_compliant,229.19
INV537415,2025-05-09,2025 Q2,679,Importer,Large,358,Cafe,Coffee_Beans,8.207537,25.0,205.19,116.07,0.5657,partially_compliant,89.12
INV542640,2025-05-09,2025 Q2,673,Importer,Medium,365,Fine_Dine_Meat,Beer,27.251833,3.0,81.76,81.76,1.0,compliant,0.0
INV544851,2025-05-09,2025 Q2,692,Importer,Large,369,Fine_Dine_Meat,Wine,22.548996,10.67,240.6,174.31,0.7245,partially_compliant,66.28
INV547616,2025-05-09,2025 Q2,675,Importer,Small,374,Fine_Dine_Meat,Wine,26.572778,10.67,283.53,280.9,0.9907,compliant,2.63
INV547617,2025-05-09,2025 Q2,683,Importer,Small,374,Fine_Dine_Meat,Beer,39.859168,3.0,119.58,118.45,0.9906,compliant,1.12
INV549829,2025-05-09,2025 Q2,679,Importer,Large,378,Fine_Dine_Meat,Beer,27.714787,3.0,83.14,47.03,0.5657,partially_compliant,36.11
INV550381,2025-05-09,2025 Q2,686,Importer,Small,379,Fine_Dine_Meat,Wine,48.624097,10.67,518.82,319.01,0.6149,partially_compliant,199.81
INV552040,2025-05-09,2025 Q2,677,Importer,Small,382,Fine_Dine_Meat,Wine,29.383891,10.67,313.53,313.53,1.0,compliant,0.0
INV553146,2025-05-09,2025 Q2,682,Importer,Small,384,Fine_Dine_Meat,Wine,17.370674,10.67,185.35,113.96,0.6149,partially_compliant,71.38
INV553147,2025-05-09,2025 Q2,680,Importer,Medium,384,Fine_Dine_Meat,Beer,26.056011,3.0,78.17,77.95,0.9972,compliant,0.22
INV555358,2025-05-09,2025 Q2,686,Importer,Small,388,Fine_Dine_Meat,Wine,8.833248,10.67,94.25,57.95,0.6149,partially_compliant,36.3
INV555359,2025-05-09,2025 Q2,680,Importer,Medium,388,Fine_Dine_Meat,Beer,13.249873,3.0,39.75,39.64,0.9972,compliant,0.11
INV555911,2025-05-09,2025 Q2,680,Importer,Medium,389,Fine_Dine_Meat,Wine,18.235611,10.67,194.57,194.04,0.9972,compliant,0.54
INV557017,2025-05-09,2025 Q2,692,Importer,Large,391,Fine_Dine_Meat,Wine,22.805167,10.67,243.33,176.3,0.7245,partially_compliant,67.04
INV557571,2025-05-09,2025 Q2,692,Importer,Large,392,Fine_Dine_Meat,Beer,15.845396,3.0,47.54,34.44,0.7245,partially_compliant,13.1
INV558676,2025-05-09,2025 Q2,679,Importer,Large,394,Fine_Dine_Meat,Wine,24.96537,10.67,266.38,150.68,0.5657,partially_compliant,115.7
INV559229,2025-05-09,2025 Q2,686,Importer,Small,395,Fine_Dine_Meat,Wine,32.901053,10.67,351.05,215.86,0.6149,partially_compliant,135.2
INV559783,2025-05-09,2025 Q2,685,Importer,Small,396,Fine_Dine_Meat,Beer,54.894797,3.0,164.68,161.35,0.9797,compliant,3.34
INV560336,2025-05-09,2025 Q2,675,Importer,Small,397,Fine_Dine_Meat,Beer,37.818039,3.0,113.45,112.4,0.9907,compliant,1.05
INV561441,2025-05-09,2025 Q2,673,Importer,Medium,399,Fine_Dine_Meat,Wine,40.382702,10.67,430.88,430.88,1.0,compliant,0.0
INV566418,2025-05-09,2025 Q2,681,Importer,Small,408,Fine_Dine_Meat,Wine,48.320547,10.67,515.58,0.0,0.0,non_compliant,515.58
INV568077,2025-05-09,2025 Q2,673,Importer,Medium,411,Fine_Dine_Meat,Wine,14.832993,10.67,158.27,158.27,1.0,compliant,0.0
INV568078,2025-05-09,2025 Q2,673,Importer,Medium,411,Fine_Dine_Meat,Beer,22.24949,3.0,66.75,66.75,1.0,compliant,0.0
INV568630,2025-05-09,2025 Q2,680,Importer,Medium,412,Fine_Dine_Meat,Wine,41.596835,10.67,443.84,442.61,0.9972,compliant,1.23
INV569736,2025-05-09,2025 Q2,689,Importer,Small,414,Fine_Dine_Meat,Wine,29.452942,10.67,314.26,314.26,1.0,compliant,0.0
INV570842,2025-05-09,2025 Q2,680,Importer,Medium,416,Fine_Dine_Meat,Wine,23.996766,10.67,256.05,255.34,0.9972,compliant,0.71
INV571948,2025-05-09,2025 Q2,675,Importer,Small,418,Fine_Dine_Meat,Wine,44.419967,10.67,473.96,469.57,0.9907,compliant,4.39
INV574160,2025-05-09,2025 Q2,673,Importer,Medium,422,Fine_Dine_Meat,Wine,24.956023,10.67,266.28,266.28,1.0,compliant,0.0
INV576925,2025-05-09,2025 Q2,678,Importer,Medium,427,Fine_Dine_Meat,Wine,23.106335,10.67,246.54,143.03,0.5801,partially_compliant,103.51
INV577478,2025-05-09,2025 Q2,689,Importer,Small,428,Fine_Dine_Meat,Wine,19.672947,10.67,209.91,209.91,1.0,compliant,0.0
INV578584,2025-05-09,2025 Q2,685,Importer,Small,430,Fine_Dine_Meat,Wine,28.416398,10.67,303.2,297.06,0.9797,compliant,6.14
INV579137,2025-05-09,2025 Q2,692,Importer,Large,431,Fine_Dine_Meat,Wine,17.595976,10.67,187.75,136.03,0.7245,partially_compliant,51.72
INV579690,2025-05-09,2025 Q2,673,Importer,Medium,432,Fine_Dine_Meat,Wine,43.140083,10.67,460.3,460.3,1.0,compliant,0.0
INV580244,2025-05-09,2025 Q2,679,Importer,Large,433,Fine_Dine_Meat,Beer,18.912096,3.0,56.74,32.09,0.5657,partially_compliant,24.64
INV580797,2025-05-09,2025 Q2,692,Importer,Large,434,Fine_Dine_Meat,Beer,37.342328,3.0,112.03,81.16,0.7245,partially_compliant,30.86
INV581350,2025-05-09,2025 Q2,687,Importer,Medium,435,Fine_Dine_Meat,Beer,50.571991,3.0,151.72,105.77,0.6971,partially_compliant,45.95
INV584114,2025-05-09,2025 Q2,679,Importer,Large,440,Fine_Dine_Meat,Wine,21.85476,10.67,233.19,131.91,0.5657,partially_compliant,101.28
INV584115,2025-05-09,2025 Q2,692,Importer,Large,440,Fine_Dine_Meat,Beer,32.782141,3.0,98.35,71.25,0.7245,partially_compliant,27.09
INV587985,2025-05-09,2025 Q2,686,Importer,Small,447,Fine_Dine_Vegetarian,Wine,33.852315,10.67,361.2,222.1,0.6149,partially_compliant,139.11
INV588538,2025-05-09,2025 Q2,679,Importer,Large,448,Fine_Dine_Vegetarian,Wine,64.403322,10.67,687.18,388.71,0.5657,partially_compliant,298.47
INV589091,2025-05-09,2025 Q2,692,Importer,Large,449,Fine_Dine_Vegetarian,Wine,63.958106,10.67,682.43,494.43,0.7245,partially_compliant,188.01
INV589644,2025-05-09,2025 Q2,680,Importer,Medium,450,Fine_Dine_Vegetarian,Wine,84.148333,10.67,897.86,895.38,0.9972,compliant,2.48
INV591303,2025-05-09,2025 Q2,682,Importer,Small,453,Fine_Dine_Vegetarian,Wine,52.958045,10.67,565.06,347.45,0.6149,partially_compliant,217.62
INV592962,2025-05-09,2025 Q2,675,Importer,Small,456,Fine_Dine_Vegetarian,Wine,25.769364,10.67,274.96,272.41,0.9907,compliant,2.55
INV594621,2025-05-09,2025 Q2,673,Importer,Medium,459,Fine_Dine_Vegetarian,Wine,18.791114,10.67,200.5,200.5,1.0,compliant,0.0
INV596280,2025-05-09,2025 Q2,673,Importer,Medium,462,Fine_Dine_Vegetarian,Wine,23.126543,10.67,246.76,246.76,1.0,compliant,0.0
INV596833,2025-05-09,2025 Q2,690,Importer,Small,463,Fine_Dine_Vegetarian,Wine,54.225932,10.67,578.59,226.38,0.3913,partially_compliant,352.21
INV597386,2025-05-09,2025 Q2,677,Importer,Small,464,Fine_Dine_Vegetarian,Wine,26.094018,10.67,278.42,278.42,1.0,compliant,0.0
INV600151,2025-05-09,2025 Q2,682,Importer,Small,469,Fine_Dine_Vegetarian,Wine,16.644894,10.67,177.6,109.2,0.6149,partially_compliant,68.4
INV601810,2025-05-09,2025 Q2,689,Importer,Small,472,Fine_Dine_Vegetarian,Wine,19.697803,10.67,210.18,210.18,1.0,compliant,0.0
INV604022,2025-05-09,2025 Q2,692,Importer,Large,476,Fine_Dine_Vegetarian,Wine,28.019613,10.67,298.97,216.61,0.7245,partially_compliant,82.36
INV605681,2025-05-09,2025 Q2,673,Importer,Medium,479,Fine_Dine_Vegetarian,Wine,38.147462,10.67,407.03,407.03,1.0,compliant,0.0
INV607893,2025-05-09,2025 Q2,675,Importer,Small,483,Fine_Dine_Vegetarian,Wine,16.033185,10.67,171.07,169.49,0.9907,compliant,1.59
INV609552,2025-05-09,2025 Q2,692,Importer,Large,486,Fine_Dine_Vegetarian,Wine,42.912175,10.67,457.87,331.73,0.7245,partially_compliant,126.14
INV613976,2025-05-09,2025 Q2,686,Importer,Small,494,Fine_Dine_Vegetarian,Wine,12.40247,10.67,132.33,81.37,0.6149,partially_compliant,50.97
INV617294,2025-05-09,2025 Q2,673,Importer,Medium,500,Fine_Dine_Vegetarian,Wine,29.769791,10.67,317.64,317.64,1.0,compliant,0.0
INV402731,2025-05-16,2025 Q2,692,Importer,Large,203,Cafe,Coffee_Beans,28.071126,25.0,701.78,508.44,0.7245,partially_compliant,193.33
INV404469,2025-05-16,2025 Q2,680,Importer,Medium,205,Cafe,Coffee_Beans,4.971496,25.0,124.29,123.94,0.9972,compliant,0.34
INV406207,2025-05-16,2025 Q2,684,Importer,Medium,207,Cafe,Coffee_Beans,7.214157,25.0,180.35,180.35,1.0,compliant,0.0
INV415766,2025-05-16,2025 Q2,677,Importer,Small,218,Cafe,Coffee_Beans,18.136497,25.0,453.41,453.41,1.0,compliant,0.0
INV420980,2025-05-16,2025 Q2,686,Importer,Small,224,Cafe,Coffee_Beans,13.254431,25.0,331.36,203.75,0.6149,partially_compliant,127.61
INV424456,2025-05-16,2025 Q2,677,Importer,Small,228,Cafe,Coffee_Beans,8.316022,25.0,207.9,207.9,1.0,compliant,0.0
INV426194,2025-05-16,2025 Q2,682,Importer,Small,230,Cafe,Coffee_Beans,9.318879,25.0,232.97,143.25,0.6149,partially_compliant,89.72
INV427063,2025-05-16,2025 Q2,681,Importer,Small,231,Cafe,Coffee_Beans,8.273387,25.0,206.83,0.0,0.0,non_compliant,206.83
INV429670,2025-05-16,2025 Q2,673,Importer,Medium,234,Cafe,Coffee_Beans,6.914519,25.0,172.86,172.86,1.0,compliant,0.0
INV430539,2025-05-16,2025 Q2,673,Importer,Medium,235,Cafe,Coffee_Beans,32.862727,25.0,821.57,821.57,1.0,compliant,0.0
INV432277,2025-05-16,2025 Q2,683,Importer,Small,237,Cafe,Coffee_Beans,20.090533,25.0,502.26,497.55,0.9906,compliant,4.72
INV438360,2025-05-16,2025 Q2,682,Importer,Small,244,Cafe,Coffee_Beans,9.162792,25.0,229.07,140.85,0.6149,partially_compliant,88.22
INV440098,2025-05-16,2025 Q2,688,Importer,Small,246,Cafe,Coffee_Beans,8.075896,25.0,201.9,201.9,1.0,compliant,0.0
INV445312,2025-05-16,2025 Q2,675,Importer,Small,252,Cafe,Coffee_Beans,8.534508,25.0,213.36,211.39,0.9907,compliant,1.98
INV448788,2025-05-16,2025 Q2,678,Importer,Medium,256,Cafe,Coffee_Beans,9.857113,25.0,246.43,142.96,0.5801,partially_compliant,103.47
INV449657,2025-05-16,2025 Q2,680,Importer,Medium,257,Cafe,Coffee_Beans,30.265937,25.0,756.65,754.56,0.9972,compliant,2.09
INV454871,2025-05-16,2025 Q2,675,Importer,Small,263,Cafe,Coffee_Beans,7.722991,25.0,193.07,191.29,0.9907,compliant,1.79
INV460085,2025-05-16,2025 Q2,677,Importer,Small,269,Cafe,Coffee_Beans,7.144641,25.0,178.62,178.62,1.0,compliant,0.0
INV464430,2025-05-16,2025 Q2,673,Importer,Medium,274,Cafe,Coffee_Beans,7.042317,25.0,176.06,176.06,1.0,compliant,0.0
INV465299,2025-05-16,2025 Q2,689,Importer,Small,275,Cafe,Coffee_Beans,9.286937,25.0,232.17,232.17,1.0,compliant,0.0
INV466168,2025-05-16,2025 Q2,692,Importer,Large,276,Cafe,Coffee_Beans,7.818629,25.0,195.47,141.62,0.7245,partially_compliant,53.85
INV470513,2025-05-16,2025 Q2,689,Importer,Small,281,Cafe,Coffee_Beans,14.625068,25.0,365.63,365.63,1.0,compliant,0.0
INV475727,2025-05-16,2025 Q2,680,Importer,Medium,287,Cafe,Coffee_Beans,3.657821,25.0,91.45,91.19,0.9972,compliant,0.25
INV478334,2025-05-16,2025 Q2,675,Importer,Small,290,Cafe,Coffee_Beans,7.862351,25.0,196.56,194.74,0.9907,compliant,1.82
INV484417,2025-05-16,2025 Q2,689,Importer,Small,297,Cafe,Coffee_Beans,13.587683,25.0,339.69,339.69,1.0,compliant,0.0
INV485286,2025-05-16,2025 Q2,674,Importer,Small,298,Cafe,Coffee_Beans,6.352632,25.0,158.82,152.74,0.9617,compliant,6.08
INV490500,2025-05-16,2025 Q2,682,Importer,Small,304,Cafe,Coffee_Beans,7.743201,25.0,193.58,119.03,0.6149,partially_compliant,74.55
INV491369,2025-05-16,2025 Q2,682,Importer,Small,305,Cafe,Coffee_Beans,3.929923,25.0,98.25,60.41,0.6149,partially_compliant,37.84
INV496583,2025-05-16,2025 Q2,680,Importer,Medium,311,Cafe,Coffee_Beans,9.057026,25.0,226.43,225.8,0.9972,compliant,0.63
INV497452,2025-05-16,2025 Q2,689,Importer,Small,312,Cafe,Coffee_Beans,7.161488,25.0,179.04,179.04,1.0,compliant,0.0
INV498321,2025-05-16,2025 Q2,682,Importer,Small,313,Cafe,Coffee_Beans,13.215137,25.0,330.38,203.14,0.6149,partially_compliant,127.24
INV502666,2025-05-16,2025 Q2,688,Importer,Small,318,Cafe,Coffee_Beans,16.367852,25.0,409.2,409.2,1.0,compliant,0.0
INV507880,2025-05-16,2025 Q2,692,Importer,Large,324,Cafe,Coffee_Beans,6.87146,25.0,171.79,124.46,0.7245,partially_compliant,47.33
INV515701,2025-05-16,2025 Q2,678,Importer,Medium,333,Cafe,Coffee_Beans,6.169849,25.0,154.25,89.48,0.5801,partially_compliant,64.76
INV518308,2025-05-16,2025 Q2,690,Importer,Small,336,Cafe,Coffee_Beans,3.649583,25.0,91.24,35.7,0.3913,partially_compliant,55.54
INV522653,2025-05-16,2025 Q2,690,Importer,Small,341,Cafe,Coffee_Beans,7.942618,25.0,198.57,77.69,0.3913,partially_compliant,120.87
INV523522,2025-05-16,2025 Q2,686,Importer,Small,342,Cafe,Coffee_Beans,4.218658,25.0,105.47,64.85,0.6149,partially_compliant,40.62
INV524391,2025-05-16,2025 Q2,690,Importer,Small,343,Cafe,Coffee_Beans,7.744871,25.0,193.62,75.76,0.3913,partially_compliant,117.86
INV533081,2025-05-16,2025 Q2,686,Importer,Small,353,Cafe,Coffee_Beans,12.484275,25.0,312.11,191.91,0.6149,partially_compliant,120.2
INV534819,2025-05-16,2025 Q2,678,Importer,Medium,355,Cafe,Coffee_Beans,21.963457,25.0,549.09,318.55,0.5801,partially_compliant,230.54
INV537426,2025-05-16,2025 Q2,679,Importer,Large,358,Cafe,Coffee_Beans,8.255811,25.0,206.4,116.75,0.5657,partially_compliant,89.65
INV542647,2025-05-16,2025 Q2,673,Importer,Medium,365,Fine_Dine_Meat,Beer,27.301534,3.0,81.9,81.9,1.0,compliant,0.0
INV544858,2025-05-16,2025 Q2,692,Importer,Large,369,Fine_Dine_Meat,Wine,22.590121,10.67,241.04,174.63,0.7245,partially_compliant,66.4
INV547623,2025-05-16,2025 Q2,675,Importer,Small,374,Fine_Dine_Meat,Wine,26.621241,10.67,284.05,281.42,0.9907,compliant,2.63
INV547624,2025-05-16,2025 Q2,683,Importer,Small,374,Fine_Dine_Meat,Beer,39.931862,3.0,119.8,118.67,0.9906,compliant,1.12
INV549836,2025-05-16,2025 Q2,679,Importer,Large,378,Fine_Dine_Meat,Beer,27.765333,3.0,83.3,47.12,0.5657,partially_compliant,36.18
INV550388,2025-05-16,2025 Q2,686,Importer,Small,379,Fine_Dine_Meat,Wine,48.712776,10.67,519.77,319.59,0.6149,partially_compliant,200.17
INV552047,2025-05-16,2025 Q2,677,Importer,Small,382,Fine_Dine_Meat,Wine,24.10624,10.67,257.21,257.21,1.0,compliant,0.0
INV553153,2025-05-16,2025 Q2,682,Importer,Small,384,Fine_Dine_Meat,Wine,17.402354,10.67,185.68,114.17,0.6149,partially_compliant,71.51
INV553154,2025-05-16,2025 Q2,680,Importer,Medium,384,Fine_Dine_Meat,Beer,26.103532,3.0,78.31,78.09,0.9972,compliant,0.22
INV555365,2025-05-16,2025 Q2,686,Importer,Small,388,Fine_Dine_Meat,Wine,8.849358,10.67,94.42,58.06,0.6149,partially_compliant,36.36
INV555366,2025-05-16,2025 Q2,680,Importer,Medium,388,Fine_Dine_Meat,Beer,13.274037,3.0,39.82,39.71,0.9972,compliant,0.11
INV555918,2025-05-16,2025 Q2,680,Importer,Medium,389,Fine_Dine_Meat,Wine,18.268869,10.67,194.93,194.39,0.9972,compliant,0.54
INV557024,2025-05-16,2025 Q2,692,Importer,Large,391,Fine_Dine_Meat,Wine,22.846758,10.67,243.77,176.62,0.7245,partially_compliant,67.16
INV557578,2025-05-16,2025 Q2,692,Importer,Large,392,Fine_Dine_Meat,Beer,15.874295,3.0,47.62,34.5,0.7245,partially_compliant,13.12
INV558683,2025-05-16,2025 Q2,679,Importer,Large,394,Fine_Dine_Meat,Wine,25.010901,10.67,266.87,150.95,0.5657,partially_compliant,115.91
INV559236,2025-05-16,2025 Q2,686,Importer,Small,395,Fine_Dine_Meat,Wine,32.961057,10.67,351.69,216.25,0.6149,partially_compliant,135.45
INV559790,2025-05-16,2025 Q2,685,Importer,Small,396,Fine_Dine_Meat,Beer,54.994913,3.0,164.98,161.64,0.9797,compliant,3.34
INV560343,2025-05-16,2025 Q2,675,Importer,Small,397,Fine_Dine_Meat,Beer,37.395952,3.0,112.19,111.15,0.9907,compliant,1.04
INV561448,2025-05-16,2025 Q2,673,Importer,Medium,399,Fine_Dine_Meat,Wine,40.456351,10.67,431.67,431.67,1.0,compliant,0.0
INV566425,2025-05-16,2025 Q2,681,Importer,Small,408,Fine_Dine_Meat,Wine,48.408673,10.67,516.52,0.0,0.0,non_compliant,516.52
INV568084,2025-05-16,2025 Q2,673,Importer,Medium,411,Fine_Dine_Meat,Wine,14.860045,10.67,158.56,158.56,1.0,compliant,0.0
INV568085,2025-05-16,2025 Q2,673,Importer,Medium,411,Fine_Dine_Meat,Beer,22.290068,3.0,66.87,66.87,1.0,compliant,0.0
INV568637,2025-05-16,2025 Q2,680,Importer,Medium,412,Fine_Dine_Meat,Wine,41.672698,10.67,444.65,443.42,0.9972,compliant,1.23
INV569743,2025-05-16,2025 Q2,689,Importer,Small,414,Fine_Dine_Meat,Wine,30.616465,10.67,326.68,326.68,1.0,compliant,0.0
INV570849,2025-05-16,2025 Q2,680,Importer,Medium,416,Fine_Dine_Meat,Wine,24.040531,10.67,256.51,255.8,0.9972,compliant,0.71
INV571955,2025-05-16,2025 Q2,675,Importer,Small,418,Fine_Dine_Meat,Wine,44.500979,10.67,474.83,470.42,0.9907,compliant,4.4
INV574167,2025-05-16,2025 Q2,673,Importer,Medium,422,Fine_Dine_Meat,Wine,25.001537,10.67,266.77,266.77,1.0,compliant,0.0
INV576932,2025-05-16,2025 Q2,678,Importer,Medium,427,Fine_Dine_Meat,Wine,23.148475,10.67,246.99,143.29,0.5801,partially_compliant,103.7
INV577485,2025-05-16,2025 Q2,689,Importer,Small,428,Fine_Dine_Meat,Wine,19.708826,10.67,210.29,210.29,1.0,compliant,0.0
INV578591,2025-05-16,2025 Q2,685,Importer,Small,430,Fine_Dine_Meat,Wine,31.531892,10.67,336.45,329.63,0.9797,compliant,6.82
INV579144,2025-05-16,2025 Q2,692,Importer,Large,431,Fine_Dine_Meat,Wine,17.628068,10.67,188.09,136.27,0.7245,partially_compliant,51.82
INV579697,2025-05-16,2025 Q2,673,Importer,Medium,432,Fine_Dine_Meat,Wine,43.218761,10.67,461.14,461.14,1.0,compliant,0.0
INV580251,2025-05-16,2025 Q2,679,Importer,Large,433,Fine_Dine_Meat,Beer,18.701245,3.0,56.1,31.74,0.5657,partially_compliant,24.37
INV580804,2025-05-16,2025 Q2,692,Importer,Large,434,Fine_Dine_Meat,Beer,37.410432,3.0,112.23,81.31,0.7245,partially_compliant,30.92
INV581357,2025-05-16,2025 Q2,687,Importer,Medium,435,Fine_Dine_Meat,Beer,56.134382,3.0,168.4,117.4,0.6971,partially_compliant,51.0
INV584121,2025-05-16,2025 Q2,679,Importer,Large,440,Fine_Dine_Meat,Wine,21.894619,10.67,233.62,132.15,0.5657,partially_compliant,101.47
INV584122,2025-05-16,2025 Q2,692,Importer,Large,440,Fine_Dine_Meat,Beer,32.841928,3.0,98.53,71.38,0.7245,partially_compliant,27.14
INV587992,2025-05-16,2025 Q2,686,Importer,Small,447,Fine_Dine_Vegetarian,Wine,33.914054,10.67,361.86,222.5,0.6149,partially_compliant,139.36
INV588545,2025-05-16,2025 Q2,679,Importer,Large,448,Fine_Dine_Vegetarian,Wine,64.520779,10.67,688.44,389.42,0.5657,partially_compliant,299.02
INV589098,2025-05-16,2025 Q2,692,Importer,Large,449,Fine_Dine_Vegetarian,Wine,65.33076,10.67,697.08,505.04,0.7245,partially_compliant,192.04
INV589651,2025-05-16,2025 Q2,680,Importer,Medium,450,Fine_Dine_Vegetarian,Wine,84.3018,10.67,899.5,897.01,0.9972,compliant,2.49
INV591310,2025-05-16,2025 Q2,682,Importer,Small,453,Fine_Dine_Vegetarian,Wine,53.054629,10.67,566.09,348.08,0.6149,partially_compliant,218.01
INV592969,2025-05-16,2025 Q2,675,Importer,Small,456,Fine_Dine_Vegetarian,Wine,25.816362,10.67,275.46,272.91,0.9907,compliant,2.55
INV594628,2025-05-16,2025 Q2,673,Importer,Medium,459,Fine_Dine_Vegetarian,Wine,18.825385,10.67,200.87,200.87,1.0,compliant,0.0
INV596287,2025-05-16,2025 Q2,673,Importer,Medium,462,Fine_Dine_Vegetarian,Wine,23.168721,10.67,247.21,247.21,1.0,compliant,0.0
INV596840,2025-05-16,2025 Q2,690,Importer,Small,463,Fine_Dine_Vegetarian,Wine,54.324828,10.67,579.65,226.79,0.3913,partially_compliant,352.85
INV597393,2025-05-16,2025 Q2,677,Importer,Small,464,Fine_Dine_Vegetarian,Wine,26.141608,10.67,278.93,278.93,1.0,compliant,0.0
INV600158,2025-05-16,2025 Q2,682,Importer,Small,469,Fine_Dine_Vegetarian,Wine,20.769099,10.67,221.61,136.26,0.6149,partially_compliant,85.35
INV601817,2025-05-16,2025 Q2,689,Importer,Small,472,Fine_Dine_Vegetarian,Wine,19.733727,10.67,210.56,210.56,1.0,compliant,0.0
INV604029,2025-05-16,2025 Q2,692,Importer,Large,476,Fine_Dine_Vegetarian,Wine,28.070715,10.67,299.51,217.0,0.7245,partially_compliant,82.51
INV605688,2025-05-16,2025 Q2,673,Importer,Medium,479,Fine_Dine_Vegetarian,Wine,38.217035,10.67,407.78,407.78,1.0,compliant,0.0
INV607900,2025-05-16,2025 Q2,675,Importer,Small,483,Fine_Dine_Vegetarian,Wine,16.340668,10.67,174.35,172.74,0.9907,compliant,1.62
INV609559,2025-05-16,2025 Q2,692,Importer,Large,486,Fine_Dine_Vegetarian,Wine,42.990437,10.67,458.71,332.34,0.7245,partially_compliant,126.37
INV613983,2025-05-16,2025 Q2,686,Importer,Small,494,Fine_Dine_Vegetarian,Wine,12.425089,10.67,132.58,81.52,0.6149,partially_compliant,51.06
INV617301,2025-05-16,2025 Q2,673,Importer,Medium,500,Fine_Dine_Vegetarian,Wine,29.824084,10.67,318.22,318.22,1.0,compliant,0.0
INV402742,2025-05-23,2025 Q2,692,Importer,Large,203,Cafe,Coffee_Beans,29.472415,25.0,736.81,533.82,0.7245,partially_compliant,202.99
INV404480,2025-05-23,2025 Q2,680,Importer,Medium,205,Cafe,Coffee_Beans,5.219669,25.0,130.49,130.13,0.9972,compliant,0.36
INV406218,2025-05-23,2025 Q2,684,Importer,Medium,207,Cafe,Coffee_Beans,7.574282,25.0,189.36,189.36,1.0,compliant,0.0
INV415777,2025-05-23,2025 Q2,677,Importer,Small,218,Cafe,Coffee_Beans,19.041856,25.0,476.05,476.05,1.0,compliant,0.0
INV420991,2025-05-23,2025 Q2,686,Importer,Small,224,Cafe,Coffee_Beans,13.956,25.0,348.9,214.53,0.6149,partially_compliant,134.37
INV424467,2025-05-23,2025 Q2,677,Importer,Small,228,Cafe,Coffee_Beans,8.731151,25.0,218.28,218.28,1.0,compliant,0.0
INV426205,2025-05-23,2025 Q2,682,Importer,Small,230,Cafe,Coffee_Beans,9.784071,25.0,244.6,150.4,0.6149,partially_compliant,94.2
INV427074,2025-05-23,2025 Q2,681,Importer,Small,231,Cafe,Coffee_Beans,8.686388,25.0,217.16,0.0,0.0,non_compliant,217.16
INV429681,2025-05-23,2025 Q2,673,Importer,Medium,234,Cafe,Coffee_Beans,7.259686,25.0,181.49,181.49,1.0,compliant,0.0
INV430550,2025-05-23,2025 Q2,673,Importer,Medium,235,Cafe,Coffee_Beans,34.503208,25.0,862.58,862.58,1.0,compliant,0.0
INV432288,2025-05-23,2025 Q2,683,Importer,Small,237,Cafe,Coffee_Beans,21.093437,25.0,527.34,522.38,0.9906,compliant,4.95
INV438371,2025-05-23,2025 Q2,682,Importer,Small,244,Cafe,Coffee_Beans,9.620191,25.0,240.5,147.88,0.6149,partially_compliant,92.62
INV440109,2025-05-23,2025 Q2,688,Importer,Small,246,Cafe,Coffee_Beans,7.577826,25.0,189.45,189.45,1.0,compliant,0.0
INV445323,2025-05-23,2025 Q2,675,Importer,Small,252,Cafe,Coffee_Beans,8.960544,25.0,224.01,221.94,0.9907,compliant,2.08
INV448799,2025-05-23,2025 Q2,678,Importer,Medium,256,Cafe,Coffee_Beans,10.349172,25.0,258.73,150.1,0.5801,partially_compliant,108.63
INV449668,2025-05-23,2025 Q2,680,Importer,Medium,257,Cafe,Coffee_Beans,31.776789,25.0,794.42,792.22,0.9972,compliant,2.2
INV454882,2025-05-23,2025 Q2,675,Importer,Small,263,Cafe,Coffee_Beans,8.108517,25.0,202.71,200.83,0.9907,compliant,1.88
INV460096,2025-05-23,2025 Q2,677,Importer,Small,269,Cafe,Coffee_Beans,7.501296,25.0,187.53,187.53,1.0,compliant,0.0
INV464441,2025-05-23,2025 Q2,673,Importer,Medium,274,Cafe,Coffee_Beans,7.393864,25.0,184.85,184.85,1.0,compliant,0.0
INV465310,2025-05-23,2025 Q2,689,Importer,Small,275,Cafe,Coffee_Beans,9.750533,25.0,243.76,243.76,1.0,compliant,0.0
INV466179,2025-05-23,2025 Q2,692,Importer,Large,276,Cafe,Coffee_Beans,8.208929,25.0,205.22,148.69,0.7245,partially_compliant,56.54
INV470524,2025-05-23,2025 Q2,689,Importer,Small,281,Cafe,Coffee_Beans,15.35514,25.0,383.88,383.88,1.0,compliant,0.0
INV475738,2025-05-23,2025 Q2,680,Importer,Medium,287,Cafe,Coffee_Beans,3.840417,25.0,96.01,95.74,0.9972,compliant,0.27
INV478345,2025-05-23,2025 Q2,675,Importer,Small,290,Cafe,Coffee_Beans,8.254833,25.0,206.37,204.46,0.9907,compliant,1.91
INV484428,2025-05-23,2025 Q2,689,Importer,Small,297,Cafe,Coffee_Beans,14.255156,25.0,356.38,356.38,1.0,compliant,0.0
INV485297,2025-05-23,2025 Q2,674,Importer,Small,298,Cafe,Coffee_Beans,6.66975,25.0,166.74,160.36,0.9617,compliant,6.38
INV490511,2025-05-23,2025 Q2,682,Importer,Small,304,Cafe,Coffee_Beans,8.129735,25.0,203.24,124.97,0.6149,partially_compliant,78.27
INV491380,2025-05-23,2025 Q2,682,Importer,Small,305,Cafe,Coffee_Beans,3.509481,25.0,87.74,53.95,0.6149,partially_compliant,33.79
INV496594,2025-05-23,2025 Q2,680,Importer,Medium,311,Cafe,Coffee_Beans,9.509145,25.0,237.73,237.07,0.9972,compliant,0.66
INV497463,2025-05-23,2025 Q2,689,Importer,Small,312,Cafe,Coffee_Beans,7.518984,25.0,187.97,187.97,1.0,compliant,0.0
INV498332,2025-05-23,2025 Q2,682,Importer,Small,313,Cafe,Coffee_Beans,13.874826,25.0,346.87,213.28,0.6149,partially_compliant,133.59
INV502677,2025-05-23,2025 Q2,688,Importer,Small,318,Cafe,Coffee_Beans,17.646245,25.0,441.16,441.16,1.0,compliant,0.0
INV507891,2025-05-23,2025 Q2,692,Importer,Large,324,Cafe,Coffee_Beans,7.214478,25.0,180.36,130.67,0.7245,partially_compliant,49.69
INV515712,2025-05-23,2025 Q2,678,Importer,Medium,333,Cafe,Coffee_Beans,6.477843,25.0,161.95,93.95,0.5801,partially_compliant,67.99
INV518319,2025-05-23,2025 Q2,690,Importer,Small,336,Cafe,Coffee_Beans,3.831767,25.0,95.79,37.48,0.3913,partially_compliant,58.31
INV522664,2025-05-23,2025 Q2,690,Importer,Small,341,Cafe,Coffee_Beans,8.339108,25.0,208.48,81.57,0.3913,partially_compliant,126.91
INV523533,2025-05-23,2025 Q2,686,Importer,Small,342,Cafe,Coffee_Beans,4.42925,25.0,110.73,68.09,0.6149,partially_compliant,42.65
INV524402,2025-05-23,2025 Q2,690,Importer,Small,343,Cafe,Coffee_Beans,7.54152,25.0,188.54,73.77,0.3913,partially_compliant,114.77
INV533092,2025-05-23,2025 Q2,686,Importer,Small,353,Cafe,Coffee_Beans,13.107481,25.0,327.69,201.49,0.6149,partially_compliant,126.2
INV534830,2025-05-23,2025 Q2,678,Importer,Medium,355,Cafe,Coffee_Beans,23.059855,25.0,576.5,334.45,0.5801,partially_compliant,242.05
INV537437,2025-05-23,2025 Q2,679,Importer,Large,358,Cafe,Coffee_Beans,8.667935,25.0,216.7,122.58,0.5657,partially_compliant,94.12
INV542654,2025-05-23,2025 Q2,673,Importer,Medium,365,Fine_Dine_Meat,Beer,29.244405,3.0,87.73,87.73,1.0,compliant,0.0
INV544865,2025-05-23,2025 Q2,692,Importer,Large,369,Fine_Dine_Meat,Wine,24.197711,10.67,258.19,187.06,0.7245,partially_compliant,71.13
INV547630,2025-05-23,2025 Q2,675,Importer,Small,374,Fine_Dine_Meat,Wine,28.5157,10.67,304.26,301.44,0.9907,compliant,2.82
INV547631,2025-05-23,2025 Q2,683,Importer,Small,374,Fine_Dine_Meat,Beer,42.77355,3.0,128.32,127.12,0.9906,compliant,1.2
INV549843,2025-05-23,2025 Q2,679,Importer,Large,378,Fine_Dine_Meat,Beer,29.741209,3.0,89.22,50.47,0.5657,partially_compliant,38.75
INV550395,2025-05-23,2025 Q2,686,Importer,Small,379,Fine_Dine_Meat,Wine,52.179344,10.67,556.75,342.33,0.6149,partially_compliant,214.42
INV552054,2025-05-23,2025 Q2,677,Importer,Small,382,Fine_Dine_Meat,Wine,21.207296,10.67,226.28,226.28,1.0,compliant,0.0
INV553160,2025-05-23,2025 Q2,682,Importer,Small,384,Fine_Dine_Meat,Wine,18.640766,10.67,198.9,122.3,0.6149,partially_compliant,76.6
INV553161,2025-05-23,2025 Q2,680,Importer,Medium,384,Fine_Dine_Meat,Beer,27.961148,3.0,83.88,83.65,0.9972,compliant,0.23
INV555372,2025-05-23,2025 Q2,686,Importer,Small,388,Fine_Dine_Meat,Wine,9.479109,10.67,101.14,62.19,0.6149,partially_compliant,38.95
INV555373,2025-05-23,2025 Q2,680,Importer,Medium,388,Fine_Dine_Meat,Beer,14.218663,3.0,42.66,42.54,0.9972,compliant,0.12
INV555925,2025-05-23,2025 Q2,680,Importer,Medium,389,Fine_Dine_Meat,Wine,19.568944,10.67,208.8,208.22,0.9972,compliant,0.58
INV557031,2025-05-23,2025 Q2,692,Importer,Large,391,Fine_Dine_Meat,Wine,24.472612,10.67,261.12,189.19,0.7245,partially_compliant,71.94
INV557585,2025-05-23,2025 Q2,692,Importer,Large,392,Fine_Dine_Meat,Beer,17.003964,3.0,51.01,36.96,0.7245,partially_compliant,14.05
INV558690,2025-05-23,2025 Q2,679,Importer,Large,394,Fine_Dine_Meat,Wine,26.790762,10.67,285.86,161.7,0.5657,partially_compliant,124.16
INV559243,2025-05-23,2025 Q2,686,Importer,Small,395,Fine_Dine_Meat,Wine,35.306678,10.67,376.72,231.64,0.6149,partially_compliant,145.08
INV559797,2025-05-23,2025 Q2,685,Importer,Small,396,Fine_Dine_Meat,Beer,58.908539,3.0,176.73,173.15,0.9797,compliant,3.58
INV560350,2025-05-23,2025 Q2,675,Importer,Small,397,Fine_Dine_Meat,Beer,39.652635,3.0,118.96,117.86,0.9907,compliant,1.1
INV561455,2025-05-23,2025 Q2,673,Importer,Medium,399,Fine_Dine_Meat,Wine,43.335363,10.67,462.39,462.39,1.0,compliant,0.0
INV566432,2025-05-23,2025 Q2,681,Importer,Small,408,Fine_Dine_Meat,Wine,51.8536,10.67,553.28,0.0,0.0,non_compliant,553.28
INV568091,2025-05-23,2025 Q2,673,Importer,Medium,411,Fine_Dine_Meat,Wine,15.917537,10.67,169.84,169.84,1.0,compliant,0.0
INV568092,2025-05-23,2025 Q2,673,Importer,Medium,411,Fine_Dine_Meat,Beer,23.876306,3.0,71.63,71.63,1.0,compliant,0.0
INV568644,2025-05-23,2025 Q2,680,Importer,Medium,412,Fine_Dine_Meat,Wine,44.63827,10.67,476.29,474.97,0.9972,compliant,1.32
INV569750,2025-05-23,2025 Q2,689,Importer,Small,414,Fine_Dine_Meat,Wine,33.806242,10.67,360.71,360.71,1.0,compliant,0.0
INV570856,2025-05-23,2025 Q2,680,Importer,Medium,416,Fine_Dine_Meat,Wine,25.751337,10.67,274.77,274.01,0.9972,compliant,0.76
INV571962,2025-05-23,2025 Q2,675,Importer,Small,418,Fine_Dine_Meat,Wine,47.667821,10.67,508.62,503.9,0.9907,compliant,4.71
INV574174,2025-05-23,2025 Q2,673,Importer,Medium,422,Fine_Dine_Meat,Wine,26.780732,10.67,285.75,285.75,1.0,compliant,0.0
INV576939,2025-05-23,2025 Q2,678,Importer,Medium,427,Fine_Dine_Meat,Wine,24.7958,10.67,264.57,153.49,0.5801,partially_compliant,111.08
INV577492,2025-05-23,2025 Q2,689,Importer,Small,428,Fine_Dine_Meat,Wine,21.111374,10.67,225.26,225.26,1.0,compliant,0.0
INV578598,2025-05-23,2025 Q2,685,Importer,Small,430,Fine_Dine_Meat,Wine,36.573209,10.67,390.24,382.33,0.9797,compliant,7.9
INV579151,2025-05-23,2025 Q2,692,Importer,Large,431,Fine_Dine_Meat,Wine,18.882541,10.67,201.48,145.97,0.7245,partially_compliant,55.51
INV579704,2025-05-23,2025 Q2,673,Importer,Medium,432,Fine_Dine_Meat,Wine,46.294356,10.67,493.96,493.96,1.0,compliant,0.0
INV580258,2025-05-23,2025 Q2,679,Importer,Large,433,Fine_Dine_Meat,Beer,19.838042,3.0,59.51,33.66,0.5657,partially_compliant,25.85
INV580811,2025-05-23,2025 Q2,692,Importer,Large,434,Fine_Dine_Meat,Beer,40.072686,3.0,120.22,87.1,0.7245,partially_compliant,33.12
INV581364,2025-05-23,2025 Q2,687,Importer,Medium,435,Fine_Dine_Meat,Beer,64.296345,3.0,192.89,134.47,0.6971,partially_compliant,58.42
INV584128,2025-05-23,2025 Q2,679,Importer,Large,440,Fine_Dine_Meat,Wine,23.452715,10.67,250.24,141.55,0.5657,partially_compliant,108.69
INV584129,2025-05-23,2025 Q2,692,Importer,Large,440,Fine_Dine_Meat,Beer,35.179072,3.0,105.54,76.46,0.7245,partially_compliant,29.07
INV587999,2025-05-23,2025 Q2,686,Importer,Small,447,Fine_Dine_Vegetarian,Wine,36.327494,10.67,387.61,238.34,0.6149,partially_compliant,149.28
INV588552,2025-05-23,2025 Q2,679,Importer,Large,448,Fine_Dine_Vegetarian,Wine,69.112299,10.67,737.43,417.13,0.5657,partially_compliant,320.3
INV589105,2025-05-23,2025 Q2,692,Importer,Large,449,Fine_Dine_Vegetarian,Wine,71.032401,10.67,757.92,549.12,0.7245,partially_compliant,208.8
INV589658,2025-05-23,2025 Q2,680,Importer,Medium,450,Fine_Dine_Vegetarian,Wine,90.301005,10.67,963.51,960.85,0.9972,compliant,2.66
INV591317,2025-05-23,2025 Q2,682,Importer,Small,453,Fine_Dine_Vegetarian,Wine,56.830178,10.67,606.38,372.85,0.6149,partially_compliant,233.53
INV592976,2025-05-23,2025 Q2,675,Importer,Small,456,Fine_Dine_Vegetarian,Wine,27.653543,10.67,295.06,292.33,0.9907,compliant,2.73
INV594635,2025-05-23,2025 Q2,673,Importer,Medium,459,Fine_Dine_Vegetarian,Wine,20.165064,10.67,215.16,215.16,1.0,compliant,0.0
INV596294,2025-05-23,2025 Q2,673,Importer,Medium,462,Fine_Dine_Vegetarian,Wine,24.817486,10.67,264.8,264.8,1.0,compliant,0.0
INV596847,2025-05-23,2025 Q2,690,Importer,Small,463,Fine_Dine_Vegetarian,Wine,58.190769,10.67,620.9,242.93,0.3913,partially_compliant,377.96
INV597400,2025-05-23,2025 Q2,677,Importer,Small,464,Fine_Dine_Vegetarian,Wine,28.001934,10.67,298.78,298.78,1.0,compliant,0.0
INV600165,2025-05-23,2025 Q2,682,Importer,Small,469,Fine_Dine_Vegetarian,Wine,26.012987,10.67,277.56,170.67,0.6149,partially_compliant,106.89
INV601824,2025-05-23,2025 Q2,689,Importer,Small,472,Fine_Dine_Vegetarian,Wine,21.138046,10.67,225.54,225.54,1.0,compliant,0.0
INV604036,2025-05-23,2025 Q2,692,Importer,Large,476,Fine_Dine_Vegetarian,Wine,30.068323,10.67,320.83,232.44,0.7245,partially_compliant,88.39
INV605695,2025-05-23,2025 Q2,673,Importer,Medium,479,Fine_Dine_Vegetarian,Wine,40.93669,10.67,436.79,436.79,1.0,compliant,0.0
INV607907,2025-05-23,2025 Q2,675,Importer,Small,483,Fine_Dine_Vegetarian,Wine,17.746586,10.67,189.36,187.6,0.9907,compliant,1.76
INV609566,2025-05-23,2025 Q2,692,Importer,Large,486,Fine_Dine_Vegetarian,Wine,46.049784,10.67,491.35,355.99,0.7245,partially_compliant,135.36
INV613990,2025-05-23,2025 Q2,686,Importer,Small,494,Fine_Dine_Vegetarian,Wine,13.309301,10.67,142.01,87.32,0.6149,partially_compliant,54.69
INV617308,2025-05-23,2025 Q2,673,Importer,Medium,500,Fine_Dine_Vegetarian,Wine,31.946468,10.67,340.87,340.87,1.0,compliant,0.0
INV402753,2025-05-30,2025 Q2,692,Importer,Large,203,Cafe,Coffee_Beans,29.938991,25.0,748.47,542.28,0.7245,partially_compliant,206.2
INV404491,2025-05-30,2025 Q2,680,Importer,Medium,205,Cafe,Coffee_Beans,5.200592,25.0,130.01,129.66,0.9972,compliant,0.36
INV406229,2025-05-30,2025 Q2,684,Importer,Medium,207,Cafe,Coffee_Beans,7.646434,25.0,191.16,191.16,1.0,compliant,0.0
INV415788,2025-05-30,2025 Q2,677,Importer,Small,218,Cafe,Coffee_Beans,19.365672,25.0,484.14,484.14,1.0,compliant,0.0
INV421002,2025-05-30,2025 Q2,686,Importer,Small,224,Cafe,Coffee_Beans,13.906099,25.0,347.65,213.76,0.6149,partially_compliant,133.89
INV424478,2025-05-30,2025 Q2,677,Importer,Small,228,Cafe,Coffee_Beans,8.918441,25.0,222.96,222.96,1.0,compliant,0.0
INV426216,2025-05-30,2025 Q2,682,Importer,Small,230,Cafe,Coffee_Beans,9.992883,25.0,249.82,153.61,0.6149,partially_compliant,96.21
INV427085,2025-05-30,2025 Q2,681,Importer,Small,231,Cafe,Coffee_Beans,8.892437,25.0,222.31,0.0,0.0,non_compliant,222.31
INV429692,2025-05-30,2025 Q2,673,Importer,Medium,234,Cafe,Coffee_Beans,7.375344,25.0,184.38,184.38,1.0,compliant,0.0
INV430561,2025-05-30,2025 Q2,673,Importer,Medium,235,Cafe,Coffee_Beans,35.090533,25.0,877.26,877.26,1.0,compliant,0.0
INV432299,2025-05-30,2025 Q2,683,Importer,Small,237,Cafe,Coffee_Beans,21.522051,25.0,538.05,533.0,0.9906,compliant,5.05
INV438382,2025-05-30,2025 Q2,682,Importer,Small,244,Cafe,Coffee_Beans,9.808137,25.0,245.2,150.77,0.6149,partially_compliant,94.43
INV440120,2025-05-30,2025 Q2,688,Importer,Small,246,Cafe,Coffee_Beans,7.042764,25.0,176.07,176.07,1.0,compliant,0.0
INV445334,2025-05-30,2025 Q2,675,Importer,Small,252,Cafe,Coffee_Beans,9.080642,25.0,227.02,224.91,0.9907,compliant,2.1
INV448810,2025-05-30,2025 Q2,678,Importer,Medium,256,Cafe,Coffee_Beans,10.301722,25.0,257.54,149.41,0.5801,partially_compliant,108.13
INV449679,2025-05-30,2025 Q2,680,Importer,Medium,257,Cafe,Coffee_Beans,31.621741,25.0,790.54,788.36,0.9972,compliant,2.19
INV454893,2025-05-30,2025 Q2,675,Importer,Small,263,Cafe,Coffee_Beans,8.293827,25.0,207.35,205.42,0.9907,compliant,1.92
INV460107,2025-05-30,2025 Q2,677,Importer,Small,269,Cafe,Coffee_Beans,7.651345,25.0,191.28,191.28,1.0,compliant,0.0
INV464452,2025-05-30,2025 Q2,673,Importer,Medium,274,Cafe,Coffee_Beans,7.429379,25.0,185.73,185.73,1.0,compliant,0.0
INV465321,2025-05-30,2025 Q2,689,Importer,Small,275,Cafe,Coffee_Beans,9.941694,25.0,248.54,248.54,1.0,compliant,0.0
INV466190,2025-05-30,2025 Q2,692,Importer,Large,276,Cafe,Coffee_Beans,8.379484,25.0,209.49,151.77,0.7245,partially_compliant,57.71
INV470535,2025-05-30,2025 Q2,689,Importer,Small,281,Cafe,Coffee_Beans,15.604194,25.0,390.1,390.1,1.0,compliant,0.0
INV475749,2025-05-30,2025 Q2,680,Importer,Medium,287,Cafe,Coffee_Beans,3.867946,25.0,96.7,96.43,0.9972,compliant,0.27
INV478356,2025-05-30,2025 Q2,675,Importer,Small,290,Cafe,Coffee_Beans,8.445511,25.0,211.14,209.18,0.9907,compliant,1.96
INV484439,2025-05-30,2025 Q2,689,Importer,Small,297,Cafe,Coffee_Beans,13.171059,25.0,329.28,329.28,1.0,compliant,0.0
INV485308,2025-05-30,2025 Q2,674,Importer,Small,298,Cafe,Coffee_Beans,6.585385,25.0,164.63,158.33,0.9617,compliant,6.3
INV490522,2025-05-30,2025 Q2,682,Importer,Small,304,Cafe,Coffee_Beans,8.310474,25.0,207.76,127.75,0.6149,partially_compliant,80.01
INV491391,2025-05-30,2025 Q2,682,Importer,Small,305,Cafe,Coffee_Beans,3.534638,25.0,88.37,54.33,0.6149,partially_compliant,34.03
INV496605,2025-05-30,2025 Q2,680,Importer,Medium,311,Cafe,Coffee_Beans,9.695171,25.0,242.38,241.71,0.9972,compliant,0.67
INV497474,2025-05-30,2025 Q2,689,Importer,Small,312,Cafe,Coffee_Beans,7.520614,25.0,188.02,188.02,1.0,compliant,0.0
INV498343,2025-05-30,2025 Q2,682,Importer,Small,313,Cafe,Coffee_Beans,13.974286,25.0,349.36,214.81,0.6149,partially_compliant,134.54
INV502688,2025-05-30,2025 Q2,688,Importer,Small,318,Cafe,Coffee_Beans,18.862973,25.0,471.57,471.57,1.0,compliant,0.0
INV507902,2025-05-30,2025 Q2,692,Importer,Large,324,Cafe,Coffee_Beans,7.223862,25.0,180.6,130.84,0.7245,partially_compliant,49.75
INV515723,2025-05-30,2025 Q2,678,Importer,Medium,333,Cafe,Coffee_Beans,6.512719,25.0,162.82,94.46,0.5801,partially_compliant,68.36
INV518330,2025-05-30,2025 Q2,690,Importer,Small,336,Cafe,Coffee_Beans,3.859235,25.0,96.48,37.75,0.3913,partially_compliant,58.73
INV522675,2025-05-30,2025 Q2,690,Importer,Small,341,Cafe,Coffee_Beans,8.543891,25.0,213.6,83.57,0.3913,partially_compliant,130.02
INV523544,2025-05-30,2025 Q2,686,Importer,Small,342,Cafe,Coffee_Beans,4.410539,25.0,110.26,67.8,0.6149,partially_compliant,42.47
INV524413,2025-05-30,2025 Q2,690,Importer,Small,343,Cafe,Coffee_Beans,7.569117,25.0,189.23,74.04,0.3913,partially_compliant,115.19
INV533103,2025-05-30,2025 Q2,686,Importer,Small,353,Cafe,Coffee_Beans,13.105272,25.0,327.63,201.45,0.6149,partially_compliant,126.18
INV534841,2025-05-30,2025 Q2,678,Importer,Medium,355,Cafe,Coffee_Beans,23.31185,25.0,582.8,338.1,0.5801,partially_compliant,244.69
INV537448,2025-05-30,2025 Q2,679,Importer,Large,358,Cafe,Coffee_Beans,8.849162,25.0,221.23,125.14,0.5657,partially_compliant,96.09
INV542661,2025-05-30,2025 Q2,673,Importer,Medium,365,Fine_Dine_Meat,Beer,28.398291,3.0,85.19,85.19,1.0,compliant,0.0
INV544872,2025-05-30,2025 Q2,692,Importer,Large,369,Fine_Dine_Meat,Wine,24.023594,10.67,256.33,185.71,0.7245,partially_compliant,70.62
INV547637,2025-05-30,2025 Q2,675,Importer,Small,374,Fine_Dine_Meat,Wine,28.387759,10.67,302.9,300.09,0.9907,compliant,2.81
INV547638,2025-05-30,2025 Q2,683,Importer,Small,374,Fine_Dine_Meat,Beer,42.581639,3.0,127.74,126.55,0.9906,compliant,1.2
INV549850,2025-05-30,2025 Q2,679,Importer,Large,378,Fine_Dine_Meat,Beer,29.442627,3.0,88.33,49.96,0.5657,partially_compliant,38.36
INV550402,2025-05-30,2025 Q2,686,Importer,Small,379,Fine_Dine_Meat,Wine,51.601805,10.67,550.59,338.55,0.6149,partially_compliant,212.05
INV552061,2025-05-30,2025 Q2,677,Importer,Small,382,Fine_Dine_Meat,Wine,17.500519,10.67,186.73,186.73,1.0,compliant,0.0
INV553167,2025-05-30,2025 Q2,682,Importer,Small,384,Fine_Dine_Meat,Wine,18.250816,10.67,194.74,119.74,0.6149,partially_compliant,75.0
INV553168,2025-05-30,2025 Q2,680,Importer,Medium,384,Fine_Dine_Meat,Beer,27.376223,3.0,82.13,81.9,0.9972,compliant,0.23
INV555379,2025-05-30,2025 Q2,686,Importer,Small,388,Fine_Dine_Meat,Wine,9.286902,10.67,99.09,60.93,0.6149,partially_compliant,38.16
INV555380,2025-05-30,2025 Q2,680,Importer,Medium,388,Fine_Dine_Meat,Beer,13.930352,3.0,41.79,41.68,0.9972,compliant,0.12
INV555932,2025-05-30,2025 Q2,680,Importer,Medium,389,Fine_Dine_Meat,Wine,19.031387,10.67,203.06,202.5,0.9972,compliant,0.56
INV557038,2025-05-30,2025 Q2,692,Importer,Large,391,Fine_Dine_Meat,Wine,22.44223,10.67,239.46,173.49,0.7245,partially_compliant,65.97
INV557592,2025-05-30,2025 Q2,692,Importer,Large,392,Fine_Dine_Meat,Beer,16.849919,3.0,50.55,36.62,0.7245,partially_compliant,13.93
INV558697,2025-05-30,2025 Q2,679,Importer,Large,394,Fine_Dine_Meat,Wine,25.911775,10.67,276.48,156.39,0.5657,partially_compliant,120.09
INV559250,2025-05-30,2025 Q2,686,Importer,Small,395,Fine_Dine_Meat,Wine,35.944035,10.67,383.52,235.82,0.6149,partially_compliant,147.7
INV559804,2025-05-30,2025 Q2,685,Importer,Small,396,Fine_Dine_Meat,Beer,57.031765,3.0,171.1,167.63,0.9797,compliant,3.47
INV560357,2025-05-30,2025 Q2,675,Importer,Small,397,Fine_Dine_Meat,Beer,38.642504,3.0,115.93,114.85,0.9907,compliant,1.07
INV561462,2025-05-30,2025 Q2,673,Importer,Medium,399,Fine_Dine_Meat,Wine,42.947176,10.67,458.25,458.25,1.0,compliant,0.0
INV566439,2025-05-30,2025 Q2,681,Importer,Small,408,Fine_Dine_Meat,Wine,51.484971,10.67,549.34,0.0,0.0,non_compliant,549.34
INV568098,2025-05-30,2025 Q2,673,Importer,Medium,411,Fine_Dine_Meat,Wine,15.400603,10.67,164.32,164.32,1.0,compliant,0.0
INV568099,2025-05-30,2025 Q2,673,Importer,Medium,411,Fine_Dine_Meat,Beer,23.100904,3.0,69.3,69.3,1.0,compliant,0.0
INV568651,2025-05-30,2025 Q2,680,Importer,Medium,412,Fine_Dine_Meat,Wine,44.087602,10.67,470.41,469.11,0.9972,compliant,1.3
INV569757,2025-05-30,2025 Q2,689,Importer,Small,414,Fine_Dine_Meat,Wine,34.201856,10.67,364.93,364.93,1.0,compliant,0.0
INV570863,2025-05-30,2025 Q2,680,Importer,Medium,416,Fine_Dine_Meat,Wine,25.482956,10.67,271.9,271.15,0.9972,compliant,0.75
INV571969,2025-05-30,2025 Q2,675,Importer,Small,418,Fine_Dine_Meat,Wine,47.221639,10.67,503.85,499.18,0.9907,compliant,4.67
INV574181,2025-05-30,2025 Q2,673,Importer,Medium,422,Fine_Dine_Meat,Wine,26.491414,10.67,282.66,282.66,1.0,compliant,0.0
INV576946,2025-05-30,2025 Q2,678,Importer,Medium,427,Fine_Dine_Meat,Wine,24.368117,10.67,260.01,150.84,0.5801,partially_compliant,109.17
INV577499,2025-05-30,2025 Q2,689,Importer,Small,428,Fine_Dine_Meat,Wine,20.938886,10.67,223.42,223.42,1.0,compliant,0.0
INV578605,2025-05-30,2025 Q2,685,Importer,Small,430,Fine_Dine_Meat,Wine,38.048681,10.67,405.98,397.76,0.9797,compliant,8.22
INV579158,2025-05-30,2025 Q2,692,Importer,Large,431,Fine_Dine_Meat,Wine,18.347777,10.67,195.77,141.84,0.7245,partially_compliant,53.93
INV579711,2025-05-30,2025 Q2,673,Importer,Medium,432,Fine_Dine_Meat,Wine,46.368891,10.67,494.76,494.76,1.0,compliant,0.0
INV580265,2025-05-30,2025 Q2,679,Importer,Large,433,Fine_Dine_Meat,Beer,18.995574,3.0,56.99,32.23,0.5657,partially_compliant,24.75
INV580818,2025-05-30,2025 Q2,692,Importer,Large,434,Fine_Dine_Meat,Beer,38.767718,3.0,116.3,84.26,0.7245,partially_compliant,32.04
INV581371,2025-05-30,2025 Q2,687,Importer,Medium,435,Fine_Dine_Meat,Beer,66.222136,3.0,198.67,138.5,0.6971,partially_compliant,60.17
INV584135,2025-05-30,2025 Q2,679,Importer,Large,440,Fine_Dine_Meat,Wine,23.184421,10.67,247.38,139.93,0.5657,partially_compliant,107.45
INV584136,2025-05-30,2025 Q2,692,Importer,Large,440,Fine_Dine_Meat,Beer,34.776632,3.0,104.33,75.59,0.7245,partially_compliant,28.74
INV588006,2025-05-30,2025 Q2,686,Importer,Small,447,Fine_Dine_Vegetarian,Wine,36.002194,10.67,384.14,236.2,0.6149,partially_compliant,147.94
INV588559,2025-05-30,2025 Q2,679,Importer,Large,448,Fine_Dine_Vegetarian,Wine,68.595574,10.67,731.91,414.01,0.5657,partially_compliant,317.9
INV589112,2025-05-30,2025 Q2,692,Importer,Large,449,Fine_Dine_Vegetarian,Wine,69.888221,10.67,745.71,540.27,0.7245,partially_compliant,205.44
INV589665,2025-05-30,2025 Q2,680,Importer,Medium,450,Fine_Dine_Vegetarian,Wine,89.197565,10.67,951.74,949.11,0.9972,compliant,2.63
INV591324,2025-05-30,2025 Q2,682,Importer,Small,453,Fine_Dine_Vegetarian,Wine,56.01653,10.67,597.7,367.51,0.6149,partially_compliant,230.19
INV592983,2025-05-30,2025 Q2,675,Importer,Small,456,Fine_Dine_Vegetarian,Wine,27.395979,10.67,292.32,289.61,0.9907,compliant,2.71
INV594642,2025-05-30,2025 Q2,673,Importer,Medium,459,Fine_Dine_Vegetarian,Wine,19.423914,10.67,207.25,207.25,1.0,compliant,0.0
INV596301,2025-05-30,2025 Q2,673,Importer,Medium,462,Fine_Dine_Vegetarian,Wine,24.584795,10.67,262.32,262.32,1.0,compliant,0.0
INV596854,2025-05-30,2025 Q2,690,Importer,Small,463,Fine_Dine_Vegetarian,Wine,57.675845,10.67,615.4,240.78,0.3913,partially_compliant,374.62
INV597407,2025-05-30,2025 Q2,677,Importer,Small,464,Fine_Dine_Vegetarian,Wine,27.542993,10.67,293.88,293.88,1.0,compliant,0.0
INV600172,2025-05-30,2025 Q2,682,Importer,Small,469,Fine_Dine_Vegetarian,Wine,28.925425,10.67,308.63,189.77,0.6149,partially_compliant,118.86
INV601831,2025-05-30,2025 Q2,689,Importer,Small,472,Fine_Dine_Vegetarian,Wine,20.629551,10.67,220.12,220.12,1.0,compliant,0.0
INV604043,2025-05-30,2025 Q2,692,Importer,Large,476,Fine_Dine_Vegetarian,Wine,29.878426,10.67,318.8,230.97,0.7245,partially_compliant,87.83
INV605702,2025-05-30,2025 Q2,673,Importer,Medium,479,Fine_Dine_Vegetarian,Wine,40.106619,10.67,427.94,427.94,1.0,compliant,0.0
INV607914,2025-05-30,2025 Q2,675,Importer,Small,483,Fine_Dine_Vegetarian,Wine,17.965863,10.67,191.7,189.92,0.9907,compliant,1.78
INV609573,2025-05-30,2025 Q2,692,Importer,Large,486,Fine_Dine_Vegetarian,Wine,45.6045,10.67,486.6,352.55,0.7245,partially_compliant,134.05
INV613997,2025-05-30,2025 Q2,686,Importer,Small,494,Fine_Dine_Vegetarian,Wine,13.181426,10.67,140.65,86.48,0.6149,partially_compliant,54.17
INV617315,2025-05-30,2025 Q2,673,Importer,Medium,500,Fine_Dine_Vegetarian,Wine,31.515226,10.67,336.27,336.27,1.0,compliant,0.0
INV402764,2025-06-06,2025 Q2,692,Importer,Large,203,Cafe,Coffee_Beans,28.705238,25.0,717.63,519.93,0.7245,partially_compliant,197.7
INV404502,2025-06-06,2025 Q2,680,Importer,Medium,205,Cafe,Coffee_Beans,4.94683,25.0,123.67,123.33,0.9972,compliant,0.34
INV406240,2025-06-06,2025 Q2,684,Importer,Medium,207,Cafe,Coffee_Beans,7.312809,25.0,182.82,182.82,1.0,compliant,0.0
INV415799,2025-06-06,2025 Q2,677,Importer,Small,218,Cafe,Coffee_Beans,18.576309,25.0,464.41,464.41,1.0,compliant,0.0
INV421013,2025-06-06,2025 Q2,686,Importer,Small,224,Cafe,Coffee_Beans,12.37577,25.0,309.39,190.24,0.6149,partially_compliant,119.15
INV424489,2025-06-06,2025 Q2,677,Importer,Small,228,Cafe,Coffee_Beans,8.569954,25.0,214.25,214.25,1.0,compliant,0.0
INV426227,2025-06-06,2025 Q2,682,Importer,Small,230,Cafe,Coffee_Beans,9.602003,25.0,240.05,147.6,0.6149,partially_compliant,92.45
INV427096,2025-06-06,2025 Q2,681,Importer,Small,231,Cafe,Coffee_Beans,8.552574,25.0,213.81,0.0,0.0,non_compliant,213.81
INV429703,2025-06-06,2025 Q2,673,Importer,Medium,234,Cafe,Coffee_Beans,7.071697,25.0,176.79,176.79,1.0,compliant,0.0
INV430572,2025-06-06,2025 Q2,673,Importer,Medium,235,Cafe,Coffee_Beans,33.660435,25.0,841.51,841.51,1.0,compliant,0.0
INV432310,2025-06-06,2025 Q2,683,Importer,Small,237,Cafe,Coffee_Beans,20.671879,25.0,516.8,511.94,0.9906,compliant,4.85
INV438393,2025-06-06,2025 Q2,682,Importer,Small,244,Cafe,Coffee_Beans,9.417783,25.0,235.44,144.77,0.6149,partially_compliant,90.67
INV440131,2025-06-06,2025 Q2,688,Importer,Small,246,Cafe,Coffee_Beans,6.628549,25.0,165.71,165.71,1.0,compliant,0.0
INV445345,2025-06-06,2025 Q2,675,Importer,Small,252,Cafe,Coffee_Beans,8.697999,25.0,217.45,215.43,0.9907,compliant,2.02
INV448821,2025-06-06,2025 Q2,678,Importer,Medium,256,Cafe,Coffee_Beans,9.795242,25.0,244.88,142.07,0.5801,partially_compliant,102.82
INV449690,2025-06-06,2025 Q2,680,Importer,Medium,257,Cafe,Coffee_Beans,30.06337,25.0,751.58,749.51,0.9972,compliant,2.08
INV454904,2025-06-06,2025 Q2,675,Importer,Small,263,Cafe,Coffee_Beans,7.974136,25.0,199.35,197.51,0.9907,compliant,1.85
INV460118,2025-06-06,2025 Q2,677,Importer,Small,269,Cafe,Coffee_Beans,7.348181,25.0,183.7,183.7,1.0,compliant,0.0
INV464463,2025-06-06,2025 Q2,673,Importer,Medium,274,Cafe,Coffee_Beans,7.091595,25.0,177.29,177.29,1.0,compliant,0.0
INV465332,2025-06-06,2025 Q2,689,Importer,Small,275,Cafe,Coffee_Beans,9.546283,25.0,238.66,238.66,1.0,compliant,0.0
INV466201,2025-06-06,2025 Q2,692,Importer,Large,276,Cafe,Coffee_Beans,8.049923,25.0,201.25,145.81,0.7245,partially_compliant,55.44
INV470546,2025-06-06,2025 Q2,689,Importer,Small,281,Cafe,Coffee_Beans,14.963477,25.0,374.09,374.09,1.0,compliant,0.0
INV475760,2025-06-06,2025 Q2,680,Importer,Medium,287,Cafe,Coffee_Beans,3.827503,25.0,95.69,95.42,0.9972,compliant,0.26
INV478367,2025-06-06,2025 Q2,675,Importer,Small,290,Cafe,Coffee_Beans,8.120752,25.0,203.02,201.14,0.9907,compliant,1.88
INV484450,2025-06-06,2025 Q2,689,Importer,Small,297,Cafe,Coffee_Beans,9.568625,25.0,239.22,239.22,1.0,compliant,0.0
INV485319,2025-06-06,2025 Q2,674,Importer,Small,298,Cafe,Coffee_Beans,6.240327,25.0,156.01,150.04,0.9617,compliant,5.97
INV490533,2025-06-06,2025 Q2,682,Importer,Small,304,Cafe,Coffee_Beans,7.988194,25.0,199.7,122.79,0.6149,partially_compliant,76.91
INV491402,2025-06-06,2025 Q2,682,Importer,Small,305,Cafe,Coffee_Beans,3.377187,25.0,84.43,51.91,0.6149,partially_compliant,32.52
INV496616,2025-06-06,2025 Q2,680,Importer,Medium,311,Cafe,Coffee_Beans,9.309409,25.0,232.74,232.09,0.9972,compliant,0.64
INV497485,2025-06-06,2025 Q2,689,Importer,Small,312,Cafe,Coffee_Beans,7.165159,25.0,179.13,179.13,1.0,compliant,0.0
INV498354,2025-06-06,2025 Q2,682,Importer,Small,313,Cafe,Coffee_Beans,13.351799,25.0,333.79,205.24,0.6149,partially_compliant,128.55
INV502699,2025-06-06,2025 Q2,688,Importer,Small,318,Cafe,Coffee_Beans,20.245261,25.0,506.13,506.13,1.0,compliant,0.0
INV507913,2025-06-06,2025 Q2,692,Importer,Large,324,Cafe,Coffee_Beans,6.885512,25.0,172.14,124.72,0.7245,partially_compliant,47.42
INV515734,2025-06-06,2025 Q2,678,Importer,Medium,333,Cafe,Coffee_Beans,6.218087,25.0,155.45,90.18,0.5801,partially_compliant,65.27
INV518341,2025-06-06,2025 Q2,690,Importer,Small,336,Cafe,Coffee_Beans,4.57939,25.0,114.48,44.79,0.3913,partially_compliant,69.69
INV522686,2025-06-06,2025 Q2,690,Importer,Small,341,Cafe,Coffee_Beans,8.220033,25.0,205.5,80.4,0.3913,partially_compliant,125.1
INV523555,2025-06-06,2025 Q2,686,Importer,Small,342,Cafe,Coffee_Beans,4.194328,25.0,104.86,64.47,0.6149,partially_compliant,40.38
INV524424,2025-06-06,2025 Q2,690,Importer,Small,343,Cafe,Coffee_Beans,7.23195,25.0,180.8,70.74,0.3913,partially_compliant,110.06
INV533114,2025-06-06,2025 Q2,686,Importer,Small,353,Cafe,Coffee_Beans,12.483873,25.0,312.1,191.9,0.6149,partially_compliant,120.2
INV534852,2025-06-06,2025 Q2,678,Importer,Medium,355,Cafe,Coffee_Beans,22.307337,25.0,557.68,323.53,0.5801,partially_compliant,234.15
INV537459,2025-06-06,2025 Q2,679,Importer,Large,358,Cafe,Coffee_Beans,8.501567,25.0,212.54,120.22,0.5657,partially_compliant,92.31
INV542668,2025-06-06,2025 Q2,673,Importer,Medium,365,Fine_Dine_Meat,Beer,25.516892,3.0,76.55,76.55,1.0,compliant,0.0
INV544879,2025-06-06,2025 Q2,692,Importer,Large,369,Fine_Dine_Meat,Wine,21.760448,10.67,232.18,168.22,0.7245,partially_compliant,63.97
INV547644,2025-06-06,2025 Q2,675,Importer,Small,374,Fine_Dine_Meat,Wine,25.738535,10.67,274.63,272.08,0.9907,compliant,2.55
INV547645,2025-06-06,2025 Q2,683,Importer,Small,374,Fine_Dine_Meat,Beer,38.607802,3.0,115.82,114.74,0.9906,compliant,1.09
INV549857,2025-06-06,2025 Q2,679,Importer,Large,378,Fine_Dine_Meat,Beer,26.641554,3.0,79.92,45.21,0.5657,partially_compliant,34.71
INV550409,2025-06-06,2025 Q2,686,Importer,Small,379,Fine_Dine_Meat,Wine,46.675121,10.67,498.02,306.22,0.6149,partially_compliant,191.8
INV552068,2025-06-06,2025 Q2,677,Importer,Small,382,Fine_Dine_Meat,Wine,13.952206,10.67,148.87,148.87,1.0,compliant,0.0
INV553174,2025-06-06,2025 Q2,682,Importer,Small,384,Fine_Dine_Meat,Wine,16.44854,10.67,175.51,107.91,0.6149,partially_compliant,67.59
INV553175,2025-06-06,2025 Q2,680,Importer,Medium,384,Fine_Dine_Meat,Beer,24.67281,3.0,74.02,73.81,0.9972,compliant,0.2
INV555386,2025-06-06,2025 Q2,686,Importer,Small,388,Fine_Dine_Meat,Wine,8.371818,10.67,89.33,54.93,0.6149,partially_compliant,34.4
INV555387,2025-06-06,2025 Q2,680,Importer,Medium,388,Fine_Dine_Meat,Beer,12.557727,3.0,37.67,37.57,0.9972,compliant,0.1
INV555939,2025-06-06,2025 Q2,680,Importer,Medium,389,Fine_Dine_Meat,Wine,17.109878,10.67,182.56,182.06,0.9972,compliant,0.5
INV557045,2025-06-06,2025 Q2,692,Importer,Large,391,Fine_Dine_Meat,Wine,19.726763,10.67,210.48,152.5,0.7245,partially_compliant,57.99
INV557599,2025-06-06,2025 Q2,692,Importer,Large,392,Fine_Dine_Meat,Beer,17.800417,3.0,53.4,38.69,0.7245,partially_compliant,14.71
INV558704,2025-06-06,2025 Q2,679,Importer,Large,394,Fine_Dine_Meat,Wine,23.248233,10.67,248.06,140.32,0.5657,partially_compliant,107.74
INV559257,2025-06-06,2025 Q2,686,Importer,Small,395,Fine_Dine_Meat,Wine,32.846981,10.67,350.48,215.5,0.6149,partially_compliant,134.98
INV559811,2025-06-06,2025 Q2,685,Importer,Small,396,Fine_Dine_Meat,Beer,51.187947,3.0,153.56,150.45,0.9797,compliant,3.11
INV560364,2025-06-06,2025 Q2,675,Importer,Small,397,Fine_Dine_Meat,Beer,34.863793,3.0,104.59,103.62,0.9907,compliant,0.97
INV561469,2025-06-06,2025 Q2,673,Importer,Medium,399,Fine_Dine_Meat,Wine,38.876569,10.67,414.81,414.81,1.0,compliant,0.0
INV566446,2025-06-06,2025 Q2,681,Importer,Small,408,Fine_Dine_Meat,Wine,46.636278,10.67,497.61,0.0,0.0,non_compliant,497.61
INV568105,2025-06-06,2025 Q2,673,Importer,Medium,411,Fine_Dine_Meat,Wine,13.8193,10.67,147.45,147.45,1.0,compliant,0.0
INV568106,2025-06-06,2025 Q2,673,Importer,Medium,411,Fine_Dine_Meat,Beer,20.72895,3.0,62.19,62.19,1.0,compliant,0.0
INV568658,2025-06-06,2025 Q2,680,Importer,Medium,412,Fine_Dine_Meat,Wine,39.859913,10.67,425.31,424.13,0.9972,compliant,1.18
INV569764,2025-06-06,2025 Q2,689,Importer,Small,414,Fine_Dine_Meat,Wine,32.156759,10.67,343.11,343.11,1.0,compliant,0.0
INV570870,2025-06-06,2025 Q2,680,Importer,Medium,416,Fine_Dine_Meat,Wine,23.055388,10.67,246.0,245.32,0.9972,compliant,0.68
INV571976,2025-06-06,2025 Q2,675,Importer,Small,418,Fine_Dine_Meat,Wine,42.739658,10.67,456.03,451.81,0.9907,compliant,4.23
INV574188,2025-06-06,2025 Q2,673,Importer,Medium,422,Fine_Dine_Meat,Wine,23.964457,10.67,255.7,255.7,1.0,compliant,0.0
INV576953,2025-06-06,2025 Q2,678,Importer,Medium,427,Fine_Dine_Meat,Wine,21.991686,10.67,234.65,136.13,0.5801,partially_compliant,98.52
INV577506,2025-06-06,2025 Q2,689,Importer,Small,428,Fine_Dine_Meat,Wine,18.959662,10.67,202.3,202.3,1.0,compliant,0.0
INV578612,2025-06-06,2025 Q2,685,Importer,Small,430,Fine_Dine_Meat,Wine,35.874208,10.67,382.78,375.02,0.9797,compliant,7.75
INV579165,2025-06-06,2025 Q2,692,Importer,Large,431,Fine_Dine_Meat,Wine,16.489972,10.67,175.95,127.48,0.7245,partially_compliant,48.47
INV579718,2025-06-06,2025 Q2,673,Importer,Medium,432,Fine_Dine_Meat,Wine,42.132892,10.67,449.56,449.56,1.0,compliant,0.0
INV580272,2025-06-06,2025 Q2,679,Importer,Large,433,Fine_Dine_Meat,Beer,16.275704,3.0,48.83,27.62,0.5657,partially_compliant,21.21
INV580825,2025-06-06,2025 Q2,692,Importer,Large,434,Fine_Dine_Meat,Beer,34.785938,3.0,104.36,75.61,0.7245,partially_compliant,28.75
INV581378,2025-06-06,2025 Q2,687,Importer,Medium,435,Fine_Dine_Meat,Beer,62.461086,3.0,187.38,130.63,0.6971,partially_compliant,56.75
INV584142,2025-06-06,2025 Q2,679,Importer,Large,440,Fine_Dine_Meat,Wine,20.968052,10.67,223.73,126.55,0.5657,partially_compliant,97.18
INV584143,2025-06-06,2025 Q2,692,Importer,Large,440,Fine_Dine_Meat,Beer,31.452079,3.0,94.36,68.36,0.7245,partially_compliant,25.99
INV588013,2025-06-06,2025 Q2,686,Importer,Small,447,Fine_Dine_Vegetarian,Wine,32.589881,10.67,347.73,213.81,0.6149,partially_compliant,133.92
INV588566,2025-06-06,2025 Q2,679,Importer,Large,448,Fine_Dine_Vegetarian,Wine,62.127221,10.67,662.9,374.97,0.5657,partially_compliant,287.92
INV589119,2025-06-06,2025 Q2,692,Importer,Large,449,Fine_Dine_Vegetarian,Wine,62.28726,10.67,664.61,481.51,0.7245,partially_compliant,183.09
INV589672,2025-06-06,2025 Q2,680,Importer,Medium,450,Fine_Dine_Vegetarian,Wine,80.647582,10.67,860.51,858.13,0.9972,compliant,2.38
INV591331,2025-06-06,2025 Q2,682,Importer,Small,453,Fine_Dine_Vegetarian,Wine,50.608245,10.67,539.99,332.03,0.6149,partially_compliant,207.96
INV592990,2025-06-06,2025 Q2,675,Importer,Small,456,Fine_Dine_Vegetarian,Wine,24.796141,10.67,264.57,262.12,0.9907,compliant,2.45
INV594649,2025-06-06,2025 Q2,673,Importer,Medium,459,Fine_Dine_Vegetarian,Wine,17.4008,10.67,185.67,185.67,1.0,compliant,0.0
INV596308,2025-06-06,2025 Q2,673,Importer,Medium,462,Fine_Dine_Vegetarian,Wine,22.251233,10.67,237.42,237.42,1.0,compliant,0.0
INV596861,2025-06-06,2025 Q2,690,Importer,Small,463,Fine_Dine_Vegetarian,Wine,52.211286,10.67,557.09,217.97,0.3913,partially_compliant,339.12
INV597414,2025-06-06,2025 Q2,677,Importer,Small,464,Fine_Dine_Vegetarian,Wine,24.864818,10.67,265.31,265.31,1.0,compliant,0.0
INV600179,2025-06-06,2025 Q2,682,Importer,Small,469,Fine_Dine_Vegetarian,Wine,29.400653,10.67,313.7,192.89,0.6149,partially_compliant,120.81
INV601838,2025-06-06,2025 Q2,689,Importer,Small,472,Fine_Dine_Vegetarian,Wine,18.570572,10.67,198.15,198.15,1.0,compliant,0.0
INV604050,2025-06-06,2025 Q2,692,Importer,Large,476,Fine_Dine_Vegetarian,Wine,27.072306,10.67,288.86,209.28,0.7245,partially_compliant,79.58
INV605709,2025-06-06,2025 Q2,673,Importer,Medium,479,Fine_Dine_Vegetarian,Wine,36.154719,10.67,385.77,385.77,1.0,compliant,0.0
INV607921,2025-06-06,2025 Q2,675,Importer,Small,483,Fine_Dine_Vegetarian,Wine,17.360102,10.67,185.23,183.52,0.9907,compliant,1.72
INV609580,2025-06-06,2025 Q2,692,Importer,Large,486,Fine_Dine_Vegetarian,Wine,41.271377,10.67,440.37,319.05,0.7245,partially_compliant,121.32
INV614004,2025-06-06,2025 Q2,686,Importer,Small,494,Fine_Dine_Vegetarian,Wine,14.274283,10.67,152.31,93.65,0.6149,partially_compliant,58.66
INV617322,2025-06-06,2025 Q2,673,Importer,Medium,500,Fine_Dine_Vegetarian,Wine,28.481032,10.67,303.89,303.89,1.0,compliant,0.0
INV402775,2025-06-13,2025 Q2,692,Importer,Large,203,Cafe,Coffee_Beans,28.037632,25.0,700.94,507.84,0.7245,partially_compliant,193.1
INV404513,2025-06-13,2025 Q2,680,Importer,Medium,205,Cafe,Coffee_Beans,4.83178,25.0,120.79,120.46,0.9972,compliant,0.33
INV406251,2025-06-13,2025 Q2,684,Importer,Medium,207,Cafe,Coffee_Beans,7.142733,25.0,178.57,178.57,1.0,compliant,0.0
INV415810,2025-06-13,2025 Q2,677,Importer,Small,218,Cafe,Coffee_Beans,18.144275,25.0,453.61,453.61,1.0,compliant,0.0
INV421024,2025-06-13,2025 Q2,686,Importer,Small,224,Cafe,Coffee_Beans,11.190709,25.0,279.77,172.02,0.6149,partially_compliant,107.74
INV424500,2025-06-13,2025 Q2,677,Importer,Small,228,Cafe,Coffee_Beans,8.37064,25.0,209.27,209.27,1.0,compliant,0.0
INV426238,2025-06-13,2025 Q2,682,Importer,Small,230,Cafe,Coffee_Beans,9.378687,25.0,234.47,144.17,0.6149,partially_compliant,90.3
INV427107,2025-06-13,2025 Q2,681,Importer,Small,231,Cafe,Coffee_Beans,8.353665,25.0,208.84,0.0,0.0,non_compliant,208.84
INV429714,2025-06-13,2025 Q2,673,Importer,Medium,234,Cafe,Coffee_Beans,6.907229,25.0,172.68,172.68,1.0,compliant,0.0
INV430583,2025-06-13,2025 Q2,673,Importer,Medium,235,Cafe,Coffee_Beans,32.877585,25.0,821.94,821.94,1.0,compliant,0.0
INV432321,2025-06-13,2025 Q2,683,Importer,Small,237,Cafe,Coffee_Beans,20.191107,25.0,504.78,500.04,0.9906,compliant,4.74
INV438404,2025-06-13,2025 Q2,682,Importer,Small,244,Cafe,Coffee_Beans,9.198751,25.0,229.97,141.4,0.6149,partially_compliant,88.57
INV440142,2025-06-13,2025 Q2,688,Importer,Small,246,Cafe,Coffee_Beans,6.399391,25.0,159.98,159.98,1.0,compliant,0.0
INV445356,2025-06-13,2025 Q2,675,Importer,Small,252,Cafe,Coffee_Beans,8.495708,25.0,212.39,210.42,0.9907,compliant,1.97
INV448832,2025-06-13,2025 Q2,678,Importer,Medium,256,Cafe,Coffee_Beans,9.567432,25.0,239.19,138.76,0.5801,partially_compliant,100.42
INV449701,2025-06-13,2025 Q2,680,Importer,Medium,257,Cafe,Coffee_Beans,29.364178,25.0,734.1,732.07,0.9972,compliant,2.03
INV454915,2025-06-13,2025 Q2,675,Importer,Small,263,Cafe,Coffee_Beans,7.788679,25.0,194.72,192.91,0.9907,compliant,1.8
INV460129,2025-06-13,2025 Q2,677,Importer,Small,269,Cafe,Coffee_Beans,7.177282,25.0,179.43,179.43,1.0,compliant,0.0
INV464474,2025-06-13,2025 Q2,673,Importer,Medium,274,Cafe,Coffee_Beans,6.926663,25.0,173.17,173.17,1.0,compliant,0.0
INV465343,2025-06-13,2025 Q2,689,Importer,Small,275,Cafe,Coffee_Beans,9.324262,25.0,233.11,233.11,1.0,compliant,0.0
INV466212,2025-06-13,2025 Q2,692,Importer,Large,276,Cafe,Coffee_Beans,7.862704,25.0,196.57,142.41,0.7245,partially_compliant,54.15
INV470557,2025-06-13,2025 Q2,689,Importer,Small,281,Cafe,Coffee_Beans,14.615468,25.0,365.39,365.39,1.0,compliant,0.0
INV475771,2025-06-13,2025 Q2,680,Importer,Medium,287,Cafe,Coffee_Beans,5.223975,25.0,130.6,130.24,0.9972,compliant,0.36
INV478378,2025-06-13,2025 Q2,675,Importer,Small,290,Cafe,Coffee_Beans,7.931886,25.0,198.3,196.46,0.9907,compliant,1.84
INV484461,2025-06-13,2025 Q2,689,Importer,Small,297,Cafe,Coffee_Beans,7.215947,25.0,180.4,180.4,1.0,compliant,0.0
INV485330,2025-06-13,2025 Q2,674,Importer,Small,298,Cafe,Coffee_Beans,6.095194,25.0,152.38,146.55,0.9617,compliant,5.83
INV490544,2025-06-13,2025 Q2,682,Importer,Small,304,Cafe,Coffee_Beans,7.80241,25.0,195.06,119.94,0.6149,partially_compliant,75.12
INV491413,2025-06-13,2025 Q2,682,Importer,Small,305,Cafe,Coffee_Beans,3.3804,25.0,84.51,51.96,0.6149,partially_compliant,32.55
INV496627,2025-06-13,2025 Q2,680,Importer,Medium,311,Cafe,Coffee_Beans,9.092897,25.0,227.32,226.69,0.9972,compliant,0.63
INV497496,2025-06-13,2025 Q2,689,Importer,Small,312,Cafe,Coffee_Beans,6.998517,25.0,174.96,174.96,1.0,compliant,0.0
INV498365,2025-06-13,2025 Q2,682,Importer,Small,313,Cafe,Coffee_Beans,13.041272,25.0,326.03,200.47,0.6149,partially_compliant,125.56
INV502710,2025-06-13,2025 Q2,688,Importer,Small,318,Cafe,Coffee_Beans,21.494981,25.0,537.37,537.37,1.0,compliant,0.0
INV507924,2025-06-13,2025 Q2,692,Importer,Large,324,Cafe,Coffee_Beans,6.725374,25.0,168.13,121.81,0.7245,partially_compliant,46.32
INV515745,2025-06-13,2025 Q2,678,Importer,Medium,333,Cafe,Coffee_Beans,6.073471,25.0,151.84,88.09,0.5801,partially_compliant,63.75
INV518352,2025-06-13,2025 Q2,690,Importer,Small,336,Cafe,Coffee_Beans,6.306929,25.0,157.67,61.69,0.3913,partially_compliant,95.98
INV522697,2025-06-13,2025 Q2,690,Importer,Small,341,Cafe,Coffee_Beans,8.028857,25.0,200.72,78.53,0.3913,partially_compliant,122.19
INV523566,2025-06-13,2025 Q2,686,Importer,Small,342,Cafe,Coffee_Beans,4.09678,25.0,102.42,62.98,0.6149,partially_compliant,39.44
INV524435,2025-06-13,2025 Q2,690,Importer,Small,343,Cafe,Coffee_Beans,7.137766,25.0,178.44,69.82,0.3913,partially_compliant,108.63
INV533125,2025-06-13,2025 Q2,686,Importer,Small,353,Cafe,Coffee_Beans,12.193532,25.0,304.84,187.44,0.6149,partially_compliant,117.4
INV534863,2025-06-13,2025 Q2,678,Importer,Medium,355,Cafe,Coffee_Beans,21.788529,25.0,544.71,316.01,0.5801,partially_compliant,228.7
INV537470,2025-06-13,2025 Q2,679,Importer,Large,358,Cafe,Coffee_Beans,8.303844,25.0,207.6,117.43,0.5657,partially_compliant,90.17
INV542675,2025-06-13,2025 Q2,673,Importer,Medium,365,Fine_Dine_Meat,Beer,25.110599,3.0,75.33,75.33,1.0,compliant,0.0
INV544886,2025-06-13,2025 Q2,692,Importer,Large,369,Fine_Dine_Meat,Wine,21.413967,10.67,228.49,165.54,0.7245,partially_compliant,62.95
INV547651,2025-06-13,2025 Q2,675,Importer,Small,374,Fine_Dine_Meat,Wine,25.328713,10.67,270.26,267.75,0.9907,compliant,2.5
INV547652,2025-06-13,2025 Q2,683,Importer,Small,374,Fine_Dine_Meat,Beer,37.993069,3.0,113.98,112.91,0.9906,compliant,1.07
INV549864,2025-06-13,2025 Q2,679,Importer,Large,378,Fine_Dine_Meat,Beer,26.217354,3.0,78.65,44.49,0.5657,partially_compliant,34.16
INV550416,2025-06-13,2025 Q2,686,Importer,Small,379,Fine_Dine_Meat,Wine,45.931935,10.67,490.09,301.35,0.6149,partially_compliant,188.75
INV552075,2025-06-13,2025 Q2,677,Importer,Small,382,Fine_Dine_Meat,Wine,12.303644,10.67,131.28,131.28,1.0,compliant,0.0
INV553181,2025-06-13,2025 Q2,682,Importer,Small,384,Fine_Dine_Meat,Wine,16.186638,10.67,172.71,106.2,0.6149,partially_compliant,66.51
INV553182,2025-06-13,2025 Q2,680,Importer,Medium,384,Fine_Dine_Meat,Beer,24.279957,3.0,72.84,72.64,0.9972,compliant,0.2
INV555393,2025-06-13,2025 Q2,686,Importer,Small,388,Fine_Dine_Meat,Wine,8.660017,10.67,92.4,56.82,0.6149,partially_compliant,35.59
INV555394,2025-06-13,2025 Q2,680,Importer,Medium,388,Fine_Dine_Meat,Beer,12.990025,3.0,38.97,38.86,0.9972,compliant,0.11
INV555946,2025-06-13,2025 Q2,680,Importer,Medium,389,Fine_Dine_Meat,Wine,16.837446,10.67,179.66,179.16,0.9972,compliant,0.5
INV557052,2025-06-13,2025 Q2,692,Importer,Large,391,Fine_Dine_Meat,Wine,19.412663,10.67,207.13,150.07,0.7245,partially_compliant,57.06
INV557606,2025-06-13,2025 Q2,692,Importer,Large,392,Fine_Dine_Meat,Beer,20.023849,3.0,60.07,43.52,0.7245,partially_compliant,16.55
INV558711,2025-06-13,2025 Q2,679,Importer,Large,394,Fine_Dine_Meat,Wine,22.878063,10.67,244.11,138.08,0.5657,partially_compliant,106.03
INV559264,2025-06-13,2025 Q2,686,Importer,Small,395,Fine_Dine_Meat,Wine,32.323974,10.67,344.9,212.07,0.6149,partially_compliant,132.83
INV559818,2025-06-13,2025 Q2,685,Importer,Small,396,Fine_Dine_Meat,Beer,50.372906,3.0,151.12,148.06,0.9797,compliant,3.06
INV560371,2025-06-13,2025 Q2,675,Importer,Small,397,Fine_Dine_Meat,Beer,34.334741,3.0,103.0,102.05,0.9907,compliant,0.95
INV561476,2025-06-13,2025 Q2,673,Importer,Medium,399,Fine_Dine_Meat,Wine,38.257556,10.67,408.21,408.21,1.0,compliant,0.0
INV566453,2025-06-13,2025 Q2,681,Importer,Small,408,Fine_Dine_Meat,Wine,45.89371,10.67,489.69,0.0,0.0,non_compliant,489.69
INV568112,2025-06-13,2025 Q2,673,Importer,Medium,411,Fine_Dine_Meat,Wine,13.599262,10.67,145.1,145.1,1.0,compliant,0.0
INV568113,2025-06-13,2025 Q2,673,Importer,Medium,411,Fine_Dine_Meat,Beer,20.398893,3.0,61.2,61.2,1.0,compliant,0.0
INV568665,2025-06-13,2025 Q2,680,Importer,Medium,412,Fine_Dine_Meat,Wine,39.225242,10.67,418.53,417.38,0.9972,compliant,1.16
INV569771,2025-06-13,2025 Q2,689,Importer,Small,414,Fine_Dine_Meat,Wine,32.759542,10.67,349.54,349.54,1.0,compliant,0.0
INV570877,2025-06-13,2025 Q2,680,Importer,Medium,416,Fine_Dine_Meat,Wine,22.688288,10.67,242.08,241.41,0.9972,compliant,0.67
INV571983,2025-06-13,2025 Q2,675,Importer,Small,418,Fine_Dine_Meat,Wine,42.059135,10.67,448.77,444.61,0.9907,compliant,4.16
INV574195,2025-06-13,2025 Q2,673,Importer,Medium,422,Fine_Dine_Meat,Wine,23.582882,10.67,251.63,251.63,1.0,compliant,0.0
INV576960,2025-06-13,2025 Q2,678,Importer,Medium,427,Fine_Dine_Meat,Wine,21.641523,10.67,230.92,133.96,0.5801,partially_compliant,96.95
INV577513,2025-06-13,2025 Q2,689,Importer,Small,428,Fine_Dine_Meat,Wine,18.657777,10.67,199.08,199.08,1.0,compliant,0.0
INV578619,2025-06-13,2025 Q2,685,Importer,Small,430,Fine_Dine_Meat,Wine,36.612198,10.67,390.65,382.74,0.9797,compliant,7.91
INV579172,2025-06-13,2025 Q2,692,Importer,Large,431,Fine_Dine_Meat,Wine,16.22741,10.67,173.15,125.45,0.7245,partially_compliant,47.7
INV579725,2025-06-13,2025 Q2,673,Importer,Medium,432,Fine_Dine_Meat,Wine,41.46203,10.67,442.4,442.4,1.0,compliant,0.0
INV580279,2025-06-13,2025 Q2,679,Importer,Large,433,Fine_Dine_Meat,Beer,15.390776,3.0,46.17,26.12,0.5657,partially_compliant,20.05
INV580832,2025-06-13,2025 Q2,692,Importer,Large,434,Fine_Dine_Meat,Beer,34.232058,3.0,102.7,74.4,0.7245,partially_compliant,28.29
INV581385,2025-06-13,2025 Q2,687,Importer,Medium,435,Fine_Dine_Meat,Beer,63.404317,3.0,190.21,132.6,0.6971,partially_compliant,57.61
INV584149,2025-06-13,2025 Q2,679,Importer,Large,440,Fine_Dine_Meat,Wine,20.634188,10.67,220.17,124.54,0.5657,partially_compliant,95.63
INV584150,2025-06-13,2025 Q2,692,Importer,Large,440,Fine_Dine_Meat,Beer,30.951282,3.0,92.85,67.27,0.7245,partially_compliant,25.58
INV588020,2025-06-13,2025 Q2,686,Importer,Small,447,Fine_Dine_Vegetarian,Wine,32.070968,10.67,342.2,210.41,0.6149,partially_compliant,131.79
INV588573,2025-06-13,2025 Q2,679,Importer,Large,448,Fine_Dine_Vegetarian,Wine,61.137998,10.67,652.34,369.0,0.5657,partially_compliant,283.34
INV589126,2025-06-13,2025 Q2,692,Importer,Large,449,Fine_Dine_Vegetarian,Wine,60.725718,10.67,647.94,469.44,0.7245,partially_compliant,178.5
INV589679,2025-06-13,2025 Q2,680,Importer,Medium,450,Fine_Dine_Vegetarian,Wine,79.363469,10.67,846.81,844.47,0.9972,compliant,2.34
INV591338,2025-06-13,2025 Q2,682,Importer,Small,453,Fine_Dine_Vegetarian,Wine,49.802435,10.67,531.39,326.74,0.6149,partially_compliant,204.65
INV592997,2025-06-13,2025 Q2,675,Importer,Small,456,Fine_Dine_Vegetarian,Wine,24.401324,10.67,260.36,257.95,0.9907,compliant,2.41
INV594656,2025-06-13,2025 Q2,673,Importer,Medium,459,Fine_Dine_Vegetarian,Wine,17.123735,10.67,182.71,182.71,1.0,compliant,0.0
INV596315,2025-06-13,2025 Q2,673,Importer,Medium,462,Fine_Dine_Vegetarian,Wine,21.896937,10.67,233.64,233.64,1.0,compliant,0.0
INV596868,2025-06-13,2025 Q2,690,Importer,Small,463,Fine_Dine_Vegetarian,Wine,51.379951,10.67,548.22,214.5,0.3913,partially_compliant,333.72
INV597421,2025-06-13,2025 Q2,677,Importer,Small,464,Fine_Dine_Vegetarian,Wine,24.468907,10.67,261.08,261.08,1.0,compliant,0.0
INV600186,2025-06-13,2025 Q2,682,Importer,Small,469,Fine_Dine_Vegetarian,Wine,31.742475,10.67,338.69,208.25,0.6149,partially_compliant,130.44
INV601845,2025-06-13,2025 Q2,689,Importer,Small,472,Fine_Dine_Vegetarian,Wine,18.274882,10.67,194.99,194.99,1.0,compliant,0.0
INV604057,2025-06-13,2025 Q2,692,Importer,Large,476,Fine_Dine_Vegetarian,Wine,26.641247,10.67,284.26,205.95,0.7245,partially_compliant,78.31
INV605716,2025-06-13,2025 Q2,673,Importer,Medium,479,Fine_Dine_Vegetarian,Wine,31.493031,10.67,336.03,336.03,1.0,compliant,0.0
INV607928,2025-06-13,2025 Q2,675,Importer,Small,483,Fine_Dine_Vegetarian,Wine,18.031128,10.67,192.39,190.61,0.9907,compliant,1.78
INV609587,2025-06-13,2025 Q2,692,Importer,Large,486,Fine_Dine_Vegetarian,Wine,40.614233,10.67,433.35,313.97,0.7245,partially_compliant,119.39
INV614011,2025-06-13,2025 Q2,686,Importer,Small,494,Fine_Dine_Vegetarian,Wine,16.714897,10.67,178.35,109.66,0.6149,partially_compliant,68.69
INV617329,2025-06-13,2025 Q2,673,Importer,Medium,500,Fine_Dine_Vegetarian,Wine,28.027542,10.67,299.05,299.05,1.0,compliant,0.0
INV402786,2025-06-20,2025 Q2,692,Importer,Large,203,Cafe,Coffee_Beans,29.618957,25.0,740.47,536.48,0.7245,partially_compliant,204.0
INV404524,2025-06-20,2025 Q2,680,Importer,Medium,205,Cafe,Coffee_Beans,5.104293,25.0,127.61,127.25,0.9972,compliant,0.35
INV406262,2025-06-20,2025 Q2,684,Importer,Medium,207,Cafe,Coffee_Beans,7.545583,25.0,188.64,188.64,1.0,compliant,0.0
INV415821,2025-06-20,2025 Q2,677,Importer,Small,218,Cafe,Coffee_Beans,19.167613,25.0,479.19,479.19,1.0,compliant,0.0
INV421035,2025-06-20,2025 Q2,686,Importer,Small,224,Cafe,Coffee_Beans,11.002615,25.0,275.07,169.13,0.6149,partially_compliant,105.93
INV424511,2025-06-20,2025 Q2,677,Importer,Small,228,Cafe,Coffee_Beans,8.842745,25.0,221.07,221.07,1.0,compliant,0.0
INV426249,2025-06-20,2025 Q2,682,Importer,Small,230,Cafe,Coffee_Beans,9.907645,25.0,247.69,152.3,0.6149,partially_compliant,95.39
INV427118,2025-06-20,2025 Q2,681,Importer,Small,231,Cafe,Coffee_Beans,8.824812,25.0,220.62,0.0,0.0,non_compliant,220.62
INV429725,2025-06-20,2025 Q2,673,Importer,Medium,234,Cafe,Coffee_Beans,7.296797,25.0,182.42,182.42,1.0,compliant,0.0
INV430594,2025-06-20,2025 Q2,673,Importer,Medium,235,Cafe,Coffee_Beans,34.731883,25.0,868.3,868.3,1.0,compliant,0.0
INV432332,2025-06-20,2025 Q2,683,Importer,Small,237,Cafe,Coffee_Beans,21.329887,25.0,533.25,528.24,0.9906,compliant,5.01
INV438415,2025-06-20,2025 Q2,682,Importer,Small,244,Cafe,Coffee_Beans,9.717561,25.0,242.94,149.38,0.6149,partially_compliant,93.56
INV440153,2025-06-20,2025 Q2,688,Importer,Small,246,Cafe,Coffee_Beans,6.691717,25.0,167.29,167.29,1.0,compliant,0.0
INV445367,2025-06-20,2025 Q2,675,Importer,Small,252,Cafe,Coffee_Beans,8.974866,25.0,224.37,222.29,0.9907,compliant,2.08
INV448843,2025-06-20,2025 Q2,678,Importer,Medium,256,Cafe,Coffee_Beans,10.107035,25.0,252.68,146.59,0.5801,partially_compliant,106.09
INV449712,2025-06-20,2025 Q2,680,Importer,Medium,257,Cafe,Coffee_Beans,31.02032,25.0,775.51,773.36,0.9972,compliant,2.14
INV454926,2025-06-20,2025 Q2,675,Importer,Small,263,Cafe,Coffee_Beans,8.227961,25.0,205.7,203.79,0.9907,compliant,1.91
INV460140,2025-06-20,2025 Q2,677,Importer,Small,269,Cafe,Coffee_Beans,7.582081,25.0,189.55,189.55,1.0,compliant,0.0
INV464485,2025-06-20,2025 Q2,673,Importer,Medium,274,Cafe,Coffee_Beans,7.317328,25.0,182.93,182.93,1.0,compliant,0.0
INV465354,2025-06-20,2025 Q2,689,Importer,Small,275,Cafe,Coffee_Beans,9.850151,25.0,246.25,246.25,1.0,compliant,0.0
INV466223,2025-06-20,2025 Q2,692,Importer,Large,276,Cafe,Coffee_Beans,8.306161,25.0,207.65,150.45,0.7245,partially_compliant,57.21
INV470568,2025-06-20,2025 Q2,689,Importer,Small,281,Cafe,Coffee_Beans,15.439781,25.0,385.99,385.99,1.0,compliant,0.0
INV475782,2025-06-20,2025 Q2,680,Importer,Medium,287,Cafe,Coffee_Beans,7.129621,25.0,178.24,177.75,0.9972,compliant,0.49
INV478389,2025-06-20,2025 Q2,675,Importer,Small,290,Cafe,Coffee_Beans,8.379245,25.0,209.48,207.54,0.9907,compliant,1.94
INV484472,2025-06-20,2025 Q2,689,Importer,Small,297,Cafe,Coffee_Beans,7.005026,25.0,175.13,175.13,1.0,compliant,0.0
INV485341,2025-06-20,2025 Q2,674,Importer,Small,298,Cafe,Coffee_Beans,6.438963,25.0,160.97,154.81,0.9617,compliant,6.16
INV490555,2025-06-20,2025 Q2,682,Importer,Small,304,Cafe,Coffee_Beans,8.242466,25.0,206.06,126.7,0.6149,partially_compliant,79.36
INV491424,2025-06-20,2025 Q2,682,Importer,Small,305,Cafe,Coffee_Beans,4.097597,25.0,102.44,62.99,0.6149,partially_compliant,39.45
INV496638,2025-06-20,2025 Q2,680,Importer,Medium,311,Cafe,Coffee_Beans,9.605737,25.0,240.14,239.48,0.9972,compliant,0.66
INV497507,2025-06-20,2025 Q2,689,Importer,Small,312,Cafe,Coffee_Beans,7.393233,25.0,184.83,184.83,1.0,compliant,0.0
INV498376,2025-06-20,2025 Q2,682,Importer,Small,313,Cafe,Coffee_Beans,13.776801,25.0,344.42,211.78,0.6149,partially_compliant,132.64
INV502721,2025-06-20,2025 Q2,688,Importer,Small,318,Cafe,Coffee_Beans,24.092918,25.0,602.32,602.32,1.0,compliant,0.0
INV507935,2025-06-20,2025 Q2,692,Importer,Large,324,Cafe,Coffee_Beans,7.104685,25.0,177.62,128.68,0.7245,partially_compliant,48.93
INV515756,2025-06-20,2025 Q2,678,Importer,Medium,333,Cafe,Coffee_Beans,6.416015,25.0,160.4,93.05,0.5801,partially_compliant,67.35
INV518363,2025-06-20,2025 Q2,690,Importer,Small,336,Cafe,Coffee_Beans,8.127329,25.0,203.18,79.5,0.3913,partially_compliant,123.69
INV522708,2025-06-20,2025 Q2,690,Importer,Small,341,Cafe,Coffee_Beans,8.481685,25.0,212.04,82.96,0.3913,partially_compliant,129.08
INV523577,2025-06-20,2025 Q2,686,Importer,Small,342,Cafe,Coffee_Beans,4.327838,25.0,108.2,66.53,0.6149,partially_compliant,41.67
INV524446,2025-06-20,2025 Q2,690,Importer,Small,343,Cafe,Coffee_Beans,7.710941,25.0,192.77,75.43,0.3913,partially_compliant,117.35
INV533136,2025-06-20,2025 Q2,686,Importer,Small,353,Cafe,Coffee_Beans,12.881248,25.0,322.03,198.01,0.6149,partially_compliant,124.02
INV534874,2025-06-20,2025 Q2,678,Importer,Medium,355,Cafe,Coffee_Beans,23.017403,25.0,575.44,333.83,0.5801,partially_compliant,241.6
INV537481,2025-06-20,2025 Q2,679,Importer,Large,358,Cafe,Coffee_Beans,8.772182,25.0,219.3,124.05,0.5657,partially_compliant,95.25
INV542682,2025-06-20,2025 Q2,673,Importer,Medium,365,Fine_Dine_Meat,Beer,26.312752,3.0,78.94,78.94,1.0,compliant,0.0
INV544893,2025-06-20,2025 Q2,692,Importer,Large,369,Fine_Dine_Meat,Wine,22.439146,10.67,239.43,173.47,0.7245,partially_compliant,65.96
INV547658,2025-06-20,2025 Q2,675,Importer,Small,374,Fine_Dine_Meat,Wine,26.541307,10.67,283.2,280.57,0.9907,compliant,2.62
INV547659,2025-06-20,2025 Q2,683,Importer,Small,374,Fine_Dine_Meat,Beer,39.811961,3.0,119.44,118.31,0.9906,compliant,1.12
INV549871,2025-06-20,2025 Q2,679,Importer,Large,378,Fine_Dine_Meat,Beer,27.472492,3.0,82.42,46.62,0.5657,partially_compliant,35.8
INV550423,2025-06-20,2025 Q2,686,Importer,Small,379,Fine_Dine_Meat,Wine,48.130895,10.67,513.56,315.77,0.6149,partially_compliant,197.78
INV552082,2025-06-20,2025 Q2,677,Importer,Small,382,Fine_Dine_Meat,Wine,11.673899,10.67,124.56,124.56,1.0,compliant,0.0
INV553188,2025-06-20,2025 Q2,682,Importer,Small,384,Fine_Dine_Meat,Wine,16.961562,10.67,180.98,111.28,0.6149,partially_compliant,69.7
INV553189,2025-06-20,2025 Q2,680,Importer,Medium,384,Fine_Dine_Meat,Beer,25.442343,3.0,76.33,76.12,0.9972,compliant,0.21
INV555400,2025-06-20,2025 Q2,686,Importer,Small,388,Fine_Dine_Meat,Wine,10.229825,10.67,109.15,67.12,0.6149,partially_compliant,42.04
INV555401,2025-06-20,2025 Q2,680,Importer,Medium,388,Fine_Dine_Meat,Beer,15.344738,3.0,46.03,45.91,0.9972,compliant,0.13
INV555953,2025-06-20,2025 Q2,680,Importer,Medium,389,Fine_Dine_Meat,Wine,17.643527,10.67,188.26,187.74,0.9972,compliant,0.52
INV557059,2025-06-20,2025 Q2,692,Importer,Large,391,Fine_Dine_Meat,Wine,20.342032,10.67,217.05,157.25,0.7245,partially_compliant,59.8
INV557613,2025-06-20,2025 Q2,692,Importer,Large,392,Fine_Dine_Meat,Beer,22.937374,3.0,68.81,49.85,0.7245,partially_compliant,18.96
INV558718,2025-06-20,2025 Q2,679,Importer,Large,394,Fine_Dine_Meat,Wine,23.973334,10.67,255.8,144.69,0.5657,partially_compliant,111.1
INV559271,2025-06-20,2025 Q2,686,Importer,Small,395,Fine_Dine_Meat,Wine,33.871462,10.67,361.41,222.22,0.6149,partially_compliant,139.19
INV559825,2025-06-20,2025 Q2,685,Importer,Small,396,Fine_Dine_Meat,Beer,52.784474,3.0,158.35,155.15,0.9797,compliant,3.21
INV560378,2025-06-20,2025 Q2,675,Importer,Small,397,Fine_Dine_Meat,Beer,35.999694,3.0,108.0,107.0,0.9907,compliant,1.0
INV561483,2025-06-20,2025 Q2,673,Importer,Medium,399,Fine_Dine_Meat,Wine,40.08911,10.67,427.75,427.75,1.0,compliant,0.0
INV566460,2025-06-20,2025 Q2,681,Importer,Small,408,Fine_Dine_Meat,Wine,48.090841,10.67,513.13,0.0,0.0,non_compliant,513.13
INV568119,2025-06-20,2025 Q2,673,Importer,Medium,411,Fine_Dine_Meat,Wine,14.250317,10.67,152.05,152.05,1.0,compliant,0.0
INV568120,2025-06-20,2025 Q2,673,Importer,Medium,411,Fine_Dine_Meat,Beer,21.375476,3.0,64.13,64.13,1.0,compliant,0.0
INV568672,2025-06-20,2025 Q2,680,Importer,Medium,412,Fine_Dine_Meat,Wine,41.103124,10.67,438.57,437.36,0.9972,compliant,1.21
INV569778,2025-06-20,2025 Q2,689,Importer,Small,414,Fine_Dine_Meat,Wine,35.330352,10.67,376.97,376.97,1.0,compliant,0.0
INV570884,2025-06-20,2025 Q2,680,Importer,Medium,416,Fine_Dine_Meat,Wine,23.774475,10.67,253.67,252.97,0.9972,compliant,0.7
INV571990,2025-06-20,2025 Q2,675,Importer,Small,418,Fine_Dine_Meat,Wine,44.072687,10.67,470.26,465.9,0.9907,compliant,4.36
INV574202,2025-06-20,2025 Q2,673,Importer,Medium,422,Fine_Dine_Meat,Wine,24.711897,10.67,263.68,263.68,1.0,compliant,0.0
INV576967,2025-06-20,2025 Q2,678,Importer,Medium,427,Fine_Dine_Meat,Wine,22.677597,10.67,241.97,140.38,0.5801,partially_compliant,101.59
INV577520,2025-06-20,2025 Q2,689,Importer,Small,428,Fine_Dine_Meat,Wine,19.551005,10.67,208.61,208.61,1.0,compliant,0.0
INV578626,2025-06-20,2025 Q2,685,Importer,Small,430,Fine_Dine_Meat,Wine,39.544993,10.67,421.95,413.4,0.9797,compliant,8.55
INV579179,2025-06-20,2025 Q2,692,Importer,Large,431,Fine_Dine_Meat,Wine,17.004287,10.67,181.44,131.45,0.7245,partially_compliant,49.98
INV579732,2025-06-20,2025 Q2,673,Importer,Medium,432,Fine_Dine_Meat,Wine,43.446996,10.67,463.58,463.58,1.0,compliant,0.0
INV580286,2025-06-20,2025 Q2,679,Importer,Large,433,Fine_Dine_Meat,Beer,15.638961,3.0,46.92,26.54,0.5657,partially_compliant,20.38
INV580839,2025-06-20,2025 Q2,692,Importer,Large,434,Fine_Dine_Meat,Beer,35.870895,3.0,107.61,77.97,0.7245,partially_compliant,29.65
INV581392,2025-06-20,2025 Q2,687,Importer,Medium,435,Fine_Dine_Meat,Beer,67.897232,3.0,203.69,142.0,0.6971,partially_compliant,61.69
INV584156,2025-06-20,2025 Q2,679,Importer,Large,440,Fine_Dine_Meat,Wine,21.622036,10.67,230.71,130.5,0.5657,partially_compliant,100.21
INV584157,2025-06-20,2025 Q2,692,Importer,Large,440,Fine_Dine_Meat,Beer,32.433054,3.0,97.3,70.49,0.7245,partially_compliant,26.81
INV588027,2025-06-20,2025 Q2,686,Importer,Small,447,Fine_Dine_Vegetarian,Wine,33.606343,10.67,358.58,220.48,0.6149,partially_compliant,138.1
INV588580,2025-06-20,2025 Q2,679,Importer,Large,448,Fine_Dine_Vegetarian,Wine,64.064938,10.67,683.57,386.67,0.5657,partially_compliant,296.91
INV589133,2025-06-20,2025 Q2,692,Importer,Large,449,Fine_Dine_Vegetarian,Wine,63.161588,10.67,673.93,488.27,0.7245,partially_compliant,185.66
INV589686,2025-06-20,2025 Q2,680,Importer,Medium,450,Fine_Dine_Vegetarian,Wine,83.162941,10.67,887.35,884.89,0.9972,compliant,2.45
INV591345,2025-06-20,2025 Q2,682,Importer,Small,453,Fine_Dine_Vegetarian,Wine,52.186692,10.67,556.83,342.38,0.6149,partially_compliant,214.45
INV593004,2025-06-20,2025 Q2,675,Importer,Small,456,Fine_Dine_Vegetarian,Wine,25.569521,10.67,272.83,270.3,0.9907,compliant,2.53
INV594663,2025-06-20,2025 Q2,673,Importer,Medium,459,Fine_Dine_Vegetarian,Wine,17.943522,10.67,191.46,191.46,1.0,compliant,0.0
INV596322,2025-06-20,2025 Q2,673,Importer,Medium,462,Fine_Dine_Vegetarian,Wine,22.945238,10.67,244.83,244.83,1.0,compliant,0.0
INV596875,2025-06-20,2025 Q2,690,Importer,Small,463,Fine_Dine_Vegetarian,Wine,53.839731,10.67,574.47,224.77,0.3913,partially_compliant,349.7
INV597428,2025-06-20,2025 Q2,677,Importer,Small,464,Fine_Dine_Vegetarian,Wine,25.640339,10.67,273.58,273.58,1.0,compliant,0.0
INV600193,2025-06-20,2025 Q2,682,Importer,Small,469,Fine_Dine_Vegetarian,Wine,35.813647,10.67,382.13,234.96,0.6149,partially_compliant,147.17
INV601852,2025-06-20,2025 Q2,689,Importer,Small,472,Fine_Dine_Vegetarian,Wine,19.14978,10.67,204.33,204.33,1.0,compliant,0.0
INV604064,2025-06-20,2025 Q2,692,Importer,Large,476,Fine_Dine_Vegetarian,Wine,27.916678,10.67,297.87,215.81,0.7245,partially_compliant,82.06
INV605723,2025-06-20,2025 Q2,673,Importer,Medium,479,Fine_Dine_Vegetarian,Wine,26.022697,10.67,277.66,277.66,1.0,compliant,0.0
INV607935,2025-06-20,2025 Q2,675,Importer,Small,483,Fine_Dine_Vegetarian,Wine,19.711368,10.67,210.32,208.37,0.9907,compliant,1.95
INV609594,2025-06-20,2025 Q2,692,Importer,Large,486,Fine_Dine_Vegetarian,Wine,42.558612,10.67,454.1,329.0,0.7245,partially_compliant,125.1
INV614018,2025-06-20,2025 Q2,686,Importer,Small,494,Fine_Dine_Vegetarian,Wine,19.914261,10.67,212.49,130.65,0.6149,partially_compliant,81.83
INV617336,2025-06-20,2025 Q2,673,Importer,Medium,500,Fine_Dine_Vegetarian,Wine,29.369342,10.67,313.37,313.37,1.0,compliant,0.0
INV402797,2025-06-27,2025 Q2,692,Importer,Large,203,Cafe,Coffee_Beans,29.909158,25.0,747.73,541.73,0.7245,partially_compliant,205.99
INV404535,2025-06-27,2025 Q2,680,Importer,Medium,205,Cafe,Coffee_Beans,5.14416,25.0,128.6,128.25,0.9972,compliant,0.36
INV406273,2025-06-27,2025 Q2,684,Importer,Medium,207,Cafe,Coffee_Beans,7.664348,25.0,191.61,191.61,1.0,compliant,0.0
INV415832,2025-06-27,2025 Q2,677,Importer,Small,218,Cafe,Coffee_Beans,19.55563,25.0,488.89,488.89,1.0,compliant,0.0
INV421046,2025-06-27,2025 Q2,686,Importer,Small,224,Cafe,Coffee_Beans,10.340249,25.0,258.51,158.95,0.6149,partially_compliant,99.56
INV424522,2025-06-27,2025 Q2,677,Importer,Small,228,Cafe,Coffee_Beans,9.043102,25.0,226.08,226.08,1.0,compliant,0.0
INV426260,2025-06-27,2025 Q2,682,Importer,Small,230,Cafe,Coffee_Beans,10.131511,25.0,253.29,155.74,0.6149,partially_compliant,97.55
INV427129,2025-06-27,2025 Q2,681,Importer,Small,231,Cafe,Coffee_Beans,9.039445,25.0,225.99,0.0,0.0,non_compliant,225.99
INV429736,2025-06-27,2025 Q2,673,Importer,Medium,234,Cafe,Coffee_Beans,7.44152,25.0,186.04,186.04,1.0,compliant,0.0
INV430605,2025-06-27,2025 Q2,673,Importer,Medium,235,Cafe,Coffee_Beans,35.447166,25.0,886.18,886.18,1.0,compliant,0.0
INV432343,2025-06-27,2025 Q2,683,Importer,Small,237,Cafe,Coffee_Beans,21.799434,25.0,544.99,539.87,0.9906,compliant,5.12
INV438426,2025-06-27,2025 Q2,682,Importer,Small,244,Cafe,Coffee_Beans,9.928465,25.0,248.21,152.62,0.6149,partially_compliant,95.59
INV440164,2025-06-27,2025 Q2,688,Importer,Small,246,Cafe,Coffee_Beans,6.740184,25.0,168.5,168.5,1.0,compliant,0.0
INV445378,2025-06-27,2025 Q2,675,Importer,Small,252,Cafe,Coffee_Beans,9.136544,25.0,228.41,226.3,0.9907,compliant,2.12
INV448854,2025-06-27,2025 Q2,678,Importer,Medium,256,Cafe,Coffee_Beans,10.180175,25.0,254.5,147.65,0.5801,partially_compliant,106.86
INV449723,2025-06-27,2025 Q2,680,Importer,Medium,257,Cafe,Coffee_Beans,31.65713,25.0,791.43,789.24,0.9972,compliant,2.19
INV454937,2025-06-27,2025 Q2,675,Importer,Small,263,Cafe,Coffee_Beans,8.4211,25.0,210.53,208.58,0.9907,compliant,1.95
INV460151,2025-06-27,2025 Q2,677,Importer,Small,269,Cafe,Coffee_Beans,7.747678,25.0,193.69,193.69,1.0,compliant,0.0
INV464496,2025-06-27,2025 Q2,673,Importer,Medium,274,Cafe,Coffee_Beans,7.412039,25.0,185.3,185.3,1.0,compliant,0.0
INV465365,2025-06-27,2025 Q2,689,Importer,Small,275,Cafe,Coffee_Beans,10.062946,25.0,251.57,251.57,1.0,compliant,0.0
INV466234,2025-06-27,2025 Q2,692,Importer,Large,276,Cafe,Coffee_Beans,8.496638,25.0,212.42,153.9,0.7245,partially_compliant,58.52
INV470579,2025-06-27,2025 Q2,689,Importer,Small,281,Cafe,Coffee_Beans,15.74336,25.0,393.58,393.58,1.0,compliant,0.0
INV475793,2025-06-27,2025 Q2,680,Importer,Medium,287,Cafe,Coffee_Beans,8.527607,25.0,213.19,212.6,0.9972,compliant,0.59
INV478400,2025-06-27,2025 Q2,675,Importer,Small,290,Cafe,Coffee_Beans,8.576985,25.0,214.42,212.44,0.9907,compliant,1.99
INV484483,2025-06-27,2025 Q2,689,Importer,Small,297,Cafe,Coffee_Beans,7.10544,25.0,177.64,177.64,1.0,compliant,0.0
INV485352,2025-06-27,2025 Q2,674,Importer,Small,298,Cafe,Coffee_Beans,6.56947,25.0,164.24,157.95,0.9617,compliant,6.28
INV490566,2025-06-27,2025 Q2,682,Importer,Small,304,Cafe,Coffee_Beans,8.433026,25.0,210.83,129.63,0.6149,partially_compliant,81.19
INV491435,2025-06-27,2025 Q2,682,Importer,Small,305,Cafe,Coffee_Beans,4.50786,25.0,112.7,69.29,0.6149,partially_compliant,43.4
INV496649,2025-06-27,2025 Q2,680,Importer,Medium,311,Cafe,Coffee_Beans,9.81307,25.0,245.33,244.65,0.9972,compliant,0.68
INV497518,2025-06-27,2025 Q2,689,Importer,Small,312,Cafe,Coffee_Beans,7.468482,25.0,186.71,186.71,1.0,compliant,0.0
INV498387,2025-06-27,2025 Q2,682,Importer,Small,313,Cafe,Coffee_Beans,13.974286,25.0,349.36,214.81,0.6149,partially_compliant,134.54
INV502732,2025-06-27,2025 Q2,688,Importer,Small,318,Cafe,Coffee_Beans,25.954202,25.0,648.86,648.86,1.0,compliant,0.0
INV507946,2025-06-27,2025 Q2,692,Importer,Large,324,Cafe,Coffee_Beans,7.181614,25.0,179.54,130.08,0.7245,partially_compliant,49.46
INV515767,2025-06-27,2025 Q2,678,Importer,Medium,333,Cafe,Coffee_Beans,6.501177,25.0,162.53,94.29,0.5801,partially_compliant,68.24
INV518374,2025-06-27,2025 Q2,690,Importer,Small,336,Cafe,Coffee_Beans,9.006274,25.0,225.16,88.1,0.3913,partially_compliant,137.06
INV522719,2025-06-27,2025 Q2,690,Importer,Small,341,Cafe,Coffee_Beans,8.561842,25.0,214.05,83.75,0.3913,partially_compliant,130.3
INV523588,2025-06-27,2025 Q2,686,Importer,Small,342,Cafe,Coffee_Beans,4.36012,25.0,109.0,67.02,0.6149,partially_compliant,41.98
INV524457,2025-06-27,2025 Q2,690,Importer,Small,343,Cafe,Coffee_Beans,7.961711,25.0,199.04,77.88,0.3913,partially_compliant,121.16
INV533147,2025-06-27,2025 Q2,686,Importer,Small,353,Cafe,Coffee_Beans,13.009357,25.0,325.23,199.98,0.6149,partially_compliant,125.26
INV534885,2025-06-27,2025 Q2,678,Importer,Medium,355,Cafe,Coffee_Beans,23.398448,25.0,584.96,339.36,0.5801,partially_compliant,245.6
INV537492,2025-06-27,2025 Q2,679,Importer,Large,358,Cafe,Coffee_Beans,8.974585,25.0,224.36,126.91,0.5657,partially_compliant,97.45
INV542689,2025-06-27,2025 Q2,673,Importer,Medium,365,Fine_Dine_Meat,Beer,27.40119,3.0,82.2,82.2,1.0,compliant,0.0
INV544900,2025-06-27,2025 Q2,692,Importer,Large,369,Fine_Dine_Meat,Wine,23.680414,10.67,252.67,183.06,0.7245,partially_compliant,69.61
INV547665,2025-06-27,2025 Q2,675,Importer,Small,374,Fine_Dine_Meat,Wine,28.056796,10.67,299.37,296.59,0.9907,compliant,2.77
INV547666,2025-06-27,2025 Q2,683,Importer,Small,374,Fine_Dine_Meat,Beer,42.085194,3.0,126.26,125.07,0.9906,compliant,1.19
INV549878,2025-06-27,2025 Q2,679,Importer,Large,378,Fine_Dine_Meat,Beer,28.947713,3.0,86.84,49.12,0.5657,partially_compliant,37.72
INV550430,2025-06-27,2025 Q2,686,Importer,Small,379,Fine_Dine_Meat,Wine,50.677945,10.67,540.73,332.48,0.6149,partially_compliant,208.25
INV552089,2025-06-27,2025 Q2,677,Importer,Small,382,Fine_Dine_Meat,Wine,11.365031,10.67,121.26,121.26,1.0,compliant,0.0
INV553195,2025-06-27,2025 Q2,682,Importer,Small,384,Fine_Dine_Meat,Wine,17.752377,10.67,189.42,116.47,0.6149,partially_compliant,72.95
INV553196,2025-06-27,2025 Q2,680,Importer,Medium,384,Fine_Dine_Meat,Beer,26.628566,3.0,79.89,79.66,0.9972,compliant,0.22
INV555407,2025-06-27,2025 Q2,686,Importer,Small,388,Fine_Dine_Meat,Wine,11.844025,10.67,126.38,77.71,0.6149,partially_compliant,48.67
INV555408,2025-06-27,2025 Q2,680,Importer,Medium,388,Fine_Dine_Meat,Beer,17.766038,3.0,53.3,53.15,0.9972,compliant,0.15
INV555960,2025-06-27,2025 Q2,680,Importer,Medium,389,Fine_Dine_Meat,Wine,18.390766,10.67,196.23,195.69,0.9972,compliant,0.54
INV557066,2025-06-27,2025 Q2,692,Importer,Large,391,Fine_Dine_Meat,Wine,19.980779,10.67,213.19,154.46,0.7245,partially_compliant,58.73
INV557620,2025-06-27,2025 Q2,692,Importer,Large,392,Fine_Dine_Meat,Beer,25.477386,3.0,76.43,55.38,0.7245,partially_compliant,21.06
INV558725,2025-06-27,2025 Q2,679,Importer,Large,394,Fine_Dine_Meat,Wine,24.903515,10.67,265.72,150.31,0.5657,partially_compliant,115.41
INV559278,2025-06-27,2025 Q2,686,Importer,Small,395,Fine_Dine_Meat,Wine,36.156442,10.67,385.79,237.21,0.6149,partially_compliant,148.58
INV559832,2025-06-27,2025 Q2,685,Importer,Small,396,Fine_Dine_Meat,Beer,54.865479,3.0,164.6,161.26,0.9797,compliant,3.33
INV560385,2025-06-27,2025 Q2,675,Importer,Small,397,Fine_Dine_Meat,Beer,37.536009,3.0,112.61,111.56,0.9907,compliant,1.04
INV561490,2025-06-27,2025 Q2,673,Importer,Medium,399,Fine_Dine_Meat,Wine,42.266632,10.67,450.98,450.98,1.0,compliant,0.0
INV566467,2025-06-27,2025 Q2,681,Importer,Small,408,Fine_Dine_Meat,Wine,50.753363,10.67,541.54,0.0,0.0,non_compliant,541.54
INV568126,2025-06-27,2025 Q2,673,Importer,Medium,411,Fine_Dine_Meat,Wine,14.806358,10.67,157.98,157.98,1.0,compliant,0.0
INV568127,2025-06-27,2025 Q2,673,Importer,Medium,411,Fine_Dine_Meat,Beer,22.209536,3.0,66.63,66.63,1.0,compliant,0.0
INV568679,2025-06-27,2025 Q2,680,Importer,Medium,412,Fine_Dine_Meat,Wine,43.256614,10.67,461.55,460.27,0.9972,compliant,1.28
INV569785,2025-06-27,2025 Q2,689,Importer,Small,414,Fine_Dine_Meat,Wine,37.027831,10.67,395.09,395.09,1.0,compliant,0.0
INV570891,2025-06-27,2025 Q2,680,Importer,Medium,416,Fine_Dine_Meat,Wine,25.053801,10.67,267.32,266.58,0.9972,compliant,0.74
INV571997,2025-06-27,2025 Q2,675,Importer,Small,418,Fine_Dine_Meat,Wine,46.465753,10.67,495.79,491.19,0.9907,compliant,4.6
INV574209,2025-06-27,2025 Q2,673,Importer,Medium,422,Fine_Dine_Meat,Wine,26.028113,10.67,277.72,277.72,1.0,compliant,0.0
INV576974,2025-06-27,2025 Q2,678,Importer,Medium,427,Fine_Dine_Meat,Wine,23.501809,10.67,250.76,145.48,0.5801,partially_compliant,105.29
INV577527,2025-06-27,2025 Q2,689,Importer,Small,428,Fine_Dine_Meat,Wine,20.620614,10.67,220.02,220.02,1.0,compliant,0.0
INV578633,2025-06-27,2025 Q2,685,Importer,Small,430,Fine_Dine_Meat,Wine,42.017075,10.67,448.32,439.24,0.9797,compliant,9.08
INV579186,2025-06-27,2025 Q2,692,Importer,Large,431,Fine_Dine_Meat,Wine,17.714833,10.67,189.02,136.94,0.7245,partially_compliant,52.07
INV579739,2025-06-27,2025 Q2,673,Importer,Medium,432,Fine_Dine_Meat,Wine,45.706518,10.67,487.69,487.69,1.0,compliant,0.0
INV580293,2025-06-27,2025 Q2,679,Importer,Large,433,Fine_Dine_Meat,Beer,16.823559,3.0,50.47,28.55,0.5657,partially_compliant,21.92
INV580846,2025-06-27,2025 Q2,692,Importer,Large,434,Fine_Dine_Meat,Beer,36.92174,3.0,110.77,80.25,0.7245,partially_compliant,30.52
INV581399,2025-06-27,2025 Q2,687,Importer,Medium,435,Fine_Dine_Meat,Beer,71.568782,3.0,214.71,149.68,0.6971,partially_compliant,65.03
INV584163,2025-06-27,2025 Q2,679,Importer,Large,440,Fine_Dine_Meat,Wine,22.766926,10.67,242.92,137.41,0.5657,partially_compliant,105.51
INV584164,2025-06-27,2025 Q2,692,Importer,Large,440,Fine_Dine_Meat,Beer,34.150389,3.0,102.45,74.23,0.7245,partially_compliant,28.22
INV588034,2025-06-27,2025 Q2,686,Importer,Small,447,Fine_Dine_Vegetarian,Wine,35.428441,10.67,378.02,232.44,0.6149,partially_compliant,145.58
INV588587,2025-06-27,2025 Q2,679,Importer,Large,448,Fine_Dine_Vegetarian,Wine,67.597531,10.67,721.27,407.99,0.5657,partially_compliant,313.28
INV589140,2025-06-27,2025 Q2,692,Importer,Large,449,Fine_Dine_Vegetarian,Wine,64.654366,10.67,689.86,499.81,0.7245,partially_compliant,190.05
INV589693,2025-06-27,2025 Q2,680,Importer,Medium,450,Fine_Dine_Vegetarian,Wine,87.500991,10.67,933.64,931.05,0.9972,compliant,2.58
INV591352,2025-06-27,2025 Q2,682,Importer,Small,453,Fine_Dine_Vegetarian,Wine,54.848493,10.67,585.23,359.85,0.6149,partially_compliant,225.39
INV593011,2025-06-27,2025 Q2,675,Importer,Small,456,Fine_Dine_Vegetarian,Wine,26.950048,10.67,287.56,284.89,0.9907,compliant,2.67
INV594670,2025-06-27,2025 Q2,673,Importer,Medium,459,Fine_Dine_Vegetarian,Wine,18.591969,10.67,198.38,198.38,1.0,compliant,0.0
INV596329,2025-06-27,2025 Q2,673,Importer,Medium,462,Fine_Dine_Vegetarian,Wine,24.182972,10.67,258.03,258.03,1.0,compliant,0.0
INV596882,2025-06-27,2025 Q2,690,Importer,Small,463,Fine_Dine_Vegetarian,Wine,56.76193,10.67,605.65,236.97,0.3913,partially_compliant,368.68
INV597435,2025-06-27,2025 Q2,677,Importer,Small,464,Fine_Dine_Vegetarian,Wine,26.909908,10.67,287.13,287.13,1.0,compliant,0.0
INV600200,2025-06-27,2025 Q2,682,Importer,Small,469,Fine_Dine_Vegetarian,Wine,39.987177,10.67,426.66,262.35,0.6149,partially_compliant,164.32
INV601859,2025-06-27,2025 Q2,689,Importer,Small,472,Fine_Dine_Vegetarian,Wine,20.003362,10.67,213.44,213.44,1.0,compliant,0.0
INV604071,2025-06-27,2025 Q2,692,Importer,Large,476,Fine_Dine_Vegetarian,Wine,29.478005,10.67,314.53,227.88,0.7245,partially_compliant,86.65
INV605730,2025-06-27,2025 Q2,673,Importer,Medium,479,Fine_Dine_Vegetarian,Wine,21.270881,10.67,226.96,226.96,1.0,compliant,0.0
INV607942,2025-06-27,2025 Q2,675,Importer,Small,483,Fine_Dine_Vegetarian,Wine,22.127676,10.67,236.1,233.91,0.9907,compliant,2.19
INV609601,2025-06-27,2025 Q2,692,Importer,Large,486,Fine_Dine_Vegetarian,Wine,44.866158,10.67,478.72,346.84,0.7245,partially_compliant,131.88
INV614025,2025-06-27,2025 Q2,686,Importer,Small,494,Fine_Dine_Vegetarian,Wine,22.373839,10.67,238.73,146.79,0.6149,partially_compliant,91.94
INV617343,2025-06-27,2025 Q2,673,Importer,Medium,500,Fine_Dine_Vegetarian,Wine,30.87777,10.67,329.47,329.47,1.0,compliant,0.0
INV676777,2025-06-30,2025 Q2,692,Importer,Large,431,Fine_Dine_Meat,Wine,16.489972,10.67,175.95,127.48,0.7245,partially_compliant,48.47
INV676781,2025-06-30,2025 Q2,673,Importer,Medium,462,Fine_Dine_Vegetarian,Wine,23.126543,10.67,246.76,246.76,1.0,compliant,0.0
INV676883,2025-06-30,2025 Q2,683,Importer,Small,374,Fine_Dine_Meat,Beer,42.77355,3.0,128.32,127.12,0.9906,compliant,1.2
