CompanyId,VATPeriod,VATDate,Sector,OutputVAT,ExpectedOutputVAT,InputVAT,ExpectedInputVAT,TotalSales,CountSellerInvoices,TotalPurchases,CountBuyerInvoices,ReportedVATLiability,ExpectedVATLiability,Size,SizeCategory
2,2024 Q2,2024-06-30,Pizzeria,70018.0,70018.0,29078.69,29078.69,350090.0,91.0,145396.44,116.0,40939.31,40939.31,495486.44,Small
2,2024 Q3,2024-09-30,Pizzeria,67902.0,68797.0,27493.0,27493.0,343985.0,92.0,137465.0,107.0,40409.0,41304.0,481450.0,Small
2,2024 Q4,2024-12-31,Pizzeria,89028.0,90018.0,33654.0,33654.0,450092.0,92.0,168270.0,107.0,55374.0,56364.0,618362.0,Small
2,2025 Q1,2025-03-31,Pizzeria,99708.0,99708.0,36536.0,36536.0,498543.0,91.0,182680.0,107.0,63172.0,63172.0,681223.0,Small
2,2025 Q2,2025-06-30,Pizzeria,69024.0,70075.0,27826.0,27826.0,350376.0,91.0,139130.0,107.0,41198.0,42249.0,489506.0,Small
2,2025 Q3,2025-09-30,Pizzeria,59781.0,59781.0,23648.0,23648.0,298906.0,92.0,118240.0,107.0,36133.0,36133.0,417146.0,Small
3,2024 Q2,2024-06-30,Pizzeria,67178.0,99376.0,43046.0,43046.0,496880.0,91.0,216989.0,115.0,24132.0,56330.0,713869.0,Medium
3,2024 Q3,2024-09-30,Pizzeria,55142.0,87945.0,37502.0,37502.0,439726.0,92.0,189055.0,107.0,17640.0,50443.0,628781.0,Medium
3,2024 Q4,2024-12-31,Pizzeria,60209.0,118521.0,47747.0,47747.0,592609.0,92.0,240677.83,108.0,12462.0,70774.0,833286.83,Medium
3,2025 Q1,2025-03-31,Pizzeria,72282.0,110018.0,44642.0,44642.0,550092.0,91.0,224811.0,107.0,27640.0,65376.0,774903.0,Medium
3,2025 Q2,2025-06-30,Pizzeria,51941.0,77989.0,34256.0,34256.0,389947.0,91.0,172570.0,107.0,17685.0,43733.0,562517.0,Medium
3,2025 Q3,2025-09-30,Pizzeria,50886.0,76635.0,33397.0,33397.0,383179.0,92.0,168302.0,107.0,17489.0,43238.0,551481.0,Medium
4,2024 Q2,2024-06-30,Pizzeria,49810.0,49810.0,23126.0,23126.0,249051.0,91.0,115634.0,115.0,26684.0,26684.0,364685.0,Small
4,2024 Q3,2024-09-30,Pizzeria,49354.0,49354.0,21749.0,21749.0,246772.0,92.0,108745.0,107.0,27605.0,27605.0,355517.0,Small
4,2024 Q4,2024-12-31,Pizzeria,62267.0,62267.0,26172.0,26172.0,311339.0,92.0,130861.0,107.0,36095.0,36095.0,442200.0,Small
4,2025 Q1,2025-03-31,Pizzeria,63849.0,63849.0,26995.0,26995.0,319248.0,91.0,134979.0,107.0,36854.0,36854.0,454227.0,Small
4,2025 Q2,2025-06-30,Pizzeria,57300.0,57300.0,24742.0,24742.0,286504.0,91.0,123714.0,107.0,32558.0,32558.0,410218.0,Small
4,2025 Q3,2025-09-30,Pizzeria,56660.0,56660.0,23740.0,23740.0,283304.0,92.0,118702.0,107.0,32920.0,32920.0,402006.0,Small
5,2024 Q2,2024-06-30,Pizzeria,59026.0,59026.0,24733.0,24733.0,295134.0,91.0,124679.0,115.0,34293.0,34293.0,419813.0,Small
5,2024 Q3,2024-09-30,Pizzeria,59719.0,60383.0,23820.0,23820.0,301919.0,92.0,120126.0,107.0,35899.0,36563.0,422045.0,Small
5,2024 Q4,2024-12-31,Pizzeria,78334.0,78334.0,29821.0,29821.0,391671.0,92.0,150210.0,107.0,48513.0,48513.0,541881.0,Small
5,2025 Q1,2025-03-31,Pizzeria,82360.0,82360.0,31473.0,31473.0,411801.0,91.0,158522.0,107.0,50887.0,50887.0,570323.0,Small
5,2025 Q2,2025-06-30,Pizzeria,75613.0,75613.0,29136.0,29136.0,378069.0,91.0,146906.0,107.0,46477.0,46477.0,524975.0,Small
5,2025 Q3,2025-09-30,Pizzeria,76384.0,76384.0,28395.0,28395.0,381924.0,92.0,143237.0,107.0,47989.0,47989.0,525161.0,Small
6,2024 Q2,2024-06-30,Pizzeria,63585.0,63585.0,27429.0,27429.0,317927.0,91.0,142897.0,115.0,36156.0,36156.0,460824.0,Small
6,2024 Q3,2024-09-30,Pizzeria,69063.0,69063.0,28275.0,28275.0,345315.0,92.0,147589.0,107.0,40788.0,40788.0,492904.0,Small
6,2024 Q4,2024-12-31,Pizzeria,76760.0,77692.0,30869.0,30869.0,388462.0,92.0,160078.0,107.0,45891.0,46823.0,548540.0,Small
6,2025 Q1,2025-03-31,Pizzeria,68157.0,68157.0,27749.0,27749.0,340785.0,91.0,143704.0,107.0,40408.0,40408.0,484489.0,Small
6,2025 Q2,2025-06-30,Pizzeria,59642.0,60428.0,25172.0,25172.0,302141.0,91.0,131465.51,108.0,34470.0,35256.0,433606.51,Small
6,2025 Q3,2025-09-30,Pizzeria,56425.0,56425.0,22691.0,22691.0,282128.0,92.0,118327.0,107.0,33734.0,33734.0,400455.0,Small
7,2024 Q2,2024-06-30,Pizzeria,60146.0,60146.0,27191.0,27191.0,300732.0,91.0,135958.0,115.0,32955.0,32955.0,436690.0,Small
7,2024 Q3,2024-09-30,Pizzeria,59504.0,59504.0,25464.0,25464.0,297520.0,92.0,127323.0,107.0,34040.0,34040.0,424843.0,Small
7,2024 Q4,2024-12-31,Pizzeria,75881.0,75881.0,31318.0,31318.0,379407.0,92.0,156593.0,107.0,44563.0,44563.0,536000.0,Small
7,2025 Q1,2025-03-31,Pizzeria,79592.0,79592.0,32990.0,32990.0,397960.0,91.0,164952.0,107.0,46602.0,46602.0,562912.0,Small
7,2025 Q2,2025-06-30,Pizzeria,73788.0,73788.0,30921.0,30921.0,368941.0,91.0,154609.0,107.0,42867.0,42867.0,523550.0,Small
7,2025 Q3,2025-09-30,Pizzeria,75873.0,75873.0,30598.0,30598.0,379366.0,92.0,152992.0,107.0,45275.0,45275.0,532358.0,Small
8,2024 Q2,2024-06-30,Pizzeria,43456.0,73036.0,34348.0,34348.0,365182.0,91.0,173288.0,115.0,9108.0,38688.0,538470.0,Medium
8,2024 Q3,2024-09-30,Pizzeria,60676.0,102148.0,41198.0,41198.0,510742.0,92.0,208030.0,107.0,19478.0,60950.0,718772.0,Medium
8,2024 Q4,2024-12-31,Pizzeria,61042.0,102591.0,44418.26,44418.26,512955.0,92.0,223821.28,108.0,16623.739999999998,58172.74,736776.28,Medium
8,2025 Q1,2025-03-31,Pizzeria,52870.0,89006.0,37920.74,37920.74,445034.0,91.0,191090.69,108.0,14949.260000000002,51085.26,636124.69,Medium
8,2025 Q2,2025-06-30,Pizzeria,49812.0,83859.0,35830.0,35830.0,419299.0,91.0,180756.0,107.0,13982.0,48029.0,600055.0,Medium
8,2025 Q3,2025-09-30,Pizzeria,55289.0,93393.0,38286.0,38286.0,466965.0,92.0,193278.0,107.0,17003.0,55107.0,660243.0,Medium
9,2024 Q2,2024-06-30,Pizzeria,25116.0,49833.0,22430.7,22430.7,249169.0,91.0,116351.5,116.0,2685.3,27402.3,365520.5,Small
9,2024 Q3,2024-09-30,Pizzeria,17690.0,32399.0,15089.19,15088.19,161996.0,92.0,78180.94,108.0,2600.8099999999995,17310.809999999998,240176.94,Small
9,2024 Q4,2024-12-31,Pizzeria,30026.0,44351.0,19709.0,19709.0,221755.0,92.0,101723.0,107.0,10317.0,24642.0,323478.0,Small
9,2025 Q1,2025-03-31,Pizzeria,50429.0,63433.0,26632.0,26632.0,317166.0,91.0,137637.0,107.0,23797.0,36801.0,454803.0,Small
9,2025 Q2,2025-06-30,Pizzeria,43200.0,57987.0,24210.0,24210.0,289936.0,91.0,125700.0,107.0,18990.0,33777.0,415636.0,Small
9,2025 Q3,2025-09-30,Pizzeria,25055.0,39707.0,17222.0,17222.0,198537.0,92.0,89398.0,107.0,7833.0,22485.0,287935.0,Small
10,2024 Q2,2024-06-30,Pizzeria,78456.0,108215.0,48120.08,48120.08,541078.0,91.0,240603.42,116.0,30335.92,60094.92,781681.42,Medium
10,2024 Q3,2024-09-30,Pizzeria,66522.0,85504.0,34934.0,34934.0,427521.0,92.0,174670.0,107.0,31588.0,50570.0,602191.0,Medium
10,2024 Q4,2024-12-31,Pizzeria,48873.0,83686.0,34922.0,34922.0,418432.0,92.0,174611.0,107.0,13951.0,48764.0,593043.0,Medium
10,2025 Q1,2025-03-31,Pizzeria,47155.0,92461.0,38351.0,38351.0,462309.0,91.0,191755.0,107.0,8804.0,54110.0,654064.0,Medium
10,2025 Q2,2025-06-30,Pizzeria,60217.0,82602.0,35861.27,35861.27,413013.0,91.0,179307.35,108.0,24355.730000000003,46740.73,592320.35,Medium
10,2025 Q3,2025-09-30,Pizzeria,74180.0,95225.0,40194.08,40194.08,476125.0,92.0,200971.42,108.0,33985.92,55030.92,677096.42,Medium
11,2024 Q2,2024-06-30,Pizzeria,229239.0,260203.0,130123.0,130123.0,1301018.0,91.0,656333.0,115.0,99116.0,130080.0,1957351.0,Large
11,2024 Q3,2024-09-30,Pizzeria,224138.0,253550.0,119866.0,119866.0,1267754.0,92.0,604833.0,107.0,104272.0,133684.0,1872587.0,Large
11,2024 Q4,2024-12-31,Pizzeria,243395.0,316509.0,145653.0,145653.0,1582546.0,92.0,733988.0,107.0,97742.0,170856.0,2316534.0,Large
11,2025 Q1,2025-03-31,Pizzeria,284103.0,322844.0,149882.0,149882.0,1614223.0,91.0,755203.0,107.0,134221.0,172962.0,2369426.0,Large
11,2025 Q2,2025-06-30,Pizzeria,253328.0,289518.0,140975.69,140975.69,1447593.0,91.0,710890.47,108.0,112352.31,148542.31,2158483.47,Large
11,2025 Q3,2025-09-30,Pizzeria,256011.0,287008.0,130365.0,130365.0,1435043.0,92.0,657897.0,107.0,125646.0,156643.0,2092940.0,Large
12,2024 Q2,2024-06-30,Pizzeria,54460.0,55233.0,23747.0,23747.0,276165.0,91.0,123359.0,115.0,30713.0,31486.0,399524.0,Small
12,2024 Q3,2024-09-30,Pizzeria,53852.0,53852.0,21994.0,21994.0,269264.0,92.0,114423.0,107.0,31858.0,31858.0,383687.0,Small
12,2024 Q4,2024-12-31,Pizzeria,66197.0,66933.0,26413.0,26413.0,334665.0,92.0,136670.0,107.0,39784.0,40520.0,471335.0,Small
12,2025 Q1,2025-03-31,Pizzeria,67659.0,67659.0,26938.0,26938.0,338295.0,91.0,139311.0,107.0,40721.0,40721.0,477606.0,Small
12,2025 Q2,2025-06-30,Pizzeria,59890.0,59890.0,24230.0,24230.0,299451.0,91.0,125878.0,107.0,35660.0,35660.0,425329.0,Small
12,2025 Q3,2025-09-30,Pizzeria,57541.0,58417.0,22958.0,22958.0,292087.0,92.0,119499.0,107.0,34583.0,35459.0,411586.0,Small
13,2024 Q2,2024-06-30,Pizzeria,89026.0,104613.0,47625.26,47625.26,523067.0,91.0,240145.3,116.0,41400.74,56987.74,763212.3,Medium
13,2024 Q3,2024-09-30,Pizzeria,87399.0,102341.0,41735.0,41735.0,511707.0,92.0,210628.0,107.0,45664.0,60606.0,722335.0,Medium
13,2024 Q4,2024-12-31,Pizzeria,108832.0,127587.0,50075.0,50075.0,637936.0,92.0,252399.0,107.0,58757.0,77512.0,890335.0,Medium
13,2025 Q1,2025-03-31,Pizzeria,112136.0,129338.0,51165.0,51165.0,646693.0,91.0,257866.0,107.0,60971.0,78173.0,904559.0,Medium
13,2025 Q2,2025-06-30,Pizzeria,98838.0,114794.0,49153.96,49153.96,573973.0,91.0,247861.81,109.0,49684.04,65640.04000000001,821834.81,Medium
13,2025 Q3,2025-09-30,Pizzeria,96321.0,112262.0,44009.0,44009.0,561313.0,92.0,222133.0,107.0,52312.0,68253.0,783446.0,Medium
14,2024 Q2,2024-06-30,Pizzeria,44368.0,44368.0,21829.0,21829.0,221843.0,91.0,109149.0,115.0,22539.0,22539.0,330992.0,Small
14,2024 Q3,2024-09-30,Pizzeria,41152.0,41152.0,19520.0,19520.0,205760.0,92.0,97604.0,107.0,21632.0,21632.0,303364.0,Small
14,2024 Q4,2024-12-31,Pizzeria,48180.0,48716.0,22239.0,22239.0,243580.0,92.0,111196.0,107.0,25941.0,26477.0,354776.0,Small
14,2025 Q1,2025-03-31,Pizzeria,46905.0,46905.0,21785.0,21785.0,234528.0,91.0,108928.0,107.0,25120.0,25120.0,343456.0,Small
14,2025 Q2,2025-06-30,Pizzeria,39535.0,39535.0,19127.0,19127.0,197679.0,91.0,95638.0,107.0,20408.0,20408.0,293317.0,Small
14,2025 Q3,2025-09-30,Pizzeria,36649.0,36649.0,17568.0,17569.0,183247.0,92.0,87845.0,107.0,19081.0,19080.0,271092.0,Small
15,2024 Q2,2024-06-30,Pizzeria,134524.0,134524.0,63793.0,63793.0,672621.0,91.0,318967.0,115.0,70731.0,70731.0,991588.0,Large
15,2024 Q3,2024-09-30,Pizzeria,129735.0,129735.0,59010.0,59010.0,648677.0,92.0,295050.0,107.0,70725.0,70725.0,943727.0,Large
15,2024 Q4,2024-12-31,Pizzeria,160284.0,160284.0,74382.42,74382.42,801422.0,92.0,371915.1,108.0,85901.58,85901.58,1173337.1,Large
15,2025 Q1,2025-03-31,Pizzeria,161992.0,161992.0,70507.0,70507.0,809962.0,91.0,352538.0,107.0,91485.0,91485.0,1162500.0,Large
15,2025 Q2,2025-06-30,Pizzeria,144329.0,144329.0,64531.0,64531.0,721647.0,91.0,322659.0,107.0,79798.0,79798.0,1044306.0,Large
15,2025 Q3,2025-09-30,Pizzeria,140620.0,142761.0,62361.21,62361.21,713805.0,92.0,311807.05,108.0,78258.79000000001,80399.79000000001,1025612.05,Large
16,2024 Q2,2024-06-30,Pizzeria,60912.0,60912.0,23371.0,23371.0,304560.0,91.0,121660.0,115.0,37541.0,37541.0,426220.0,Small
16,2024 Q3,2024-09-30,Pizzeria,68906.0,68906.0,24443.0,24443.0,344531.0,92.0,127576.0,107.0,44463.0,44463.0,472107.0,Small
16,2024 Q4,2024-12-31,Pizzeria,86706.0,86706.0,31538.21,31538.21,433532.0,92.0,163398.05,108.0,55167.79,55167.79,596930.05,Small
16,2025 Q1,2025-03-31,Pizzeria,100035.0,100035.0,35651.98,35651.98,500177.0,91.0,184680.89,108.0,64383.02,64383.02,684857.89,Small
16,2025 Q2,2025-06-30,Pizzeria,69122.0,69122.0,24068.0,24068.0,345612.0,91.0,125217.0,107.0,45054.0,45054.0,470829.0,Small
16,2025 Q3,2025-09-30,Pizzeria,32148.0,32148.0,14244.98,14244.98,160743.0,92.0,73659.89,108.0,17903.02,17903.02,234402.89,Small
17,2024 Q2,2024-06-30,Pizzeria,65765.0,65765.0,26164.0,26164.0,328825.0,91.0,137366.0,115.0,39601.0,39601.0,466191.0,Small
17,2024 Q3,2024-09-30,Pizzeria,61645.0,61645.0,24593.3,24593.3,308226.0,92.0,129028.49,108.0,37051.7,37051.7,437254.49,Small
17,2024 Q4,2024-12-31,Pizzeria,73746.0,73746.0,27414.0,27414.0,368733.0,92.0,143108.0,107.0,46332.0,46332.0,511841.0,Small
17,2025 Q1,2025-03-31,Pizzeria,71769.0,71769.0,27092.0,27092.0,358846.0,91.0,141292.0,107.0,44677.0,44677.0,500138.0,Small
17,2025 Q2,2025-06-30,Pizzeria,61159.0,61159.0,23475.0,23475.0,305796.0,91.0,123123.0,107.0,37684.0,37684.0,428919.0,Small
17,2025 Q3,2025-09-30,Pizzeria,57356.0,57356.0,21492.0,21492.0,286781.0,92.0,112970.0,107.0,35864.0,35864.0,399751.0,Small
18,2024 Q2,2024-06-30,Pizzeria,132460.0,134477.0,58418.0,58418.0,672385.0,91.0,306410.0,115.0,74042.0,76059.0,978795.0,Large
18,2024 Q3,2024-09-30,Pizzeria,127328.0,130325.0,53877.0,53877.0,651625.0,92.0,283284.63,108.0,73451.0,76448.0,934909.63,Large
18,2024 Q4,2024-12-31,Pizzeria,156554.0,161897.0,64478.0,64478.0,809488.0,92.0,336572.0,107.0,92076.0,97419.0,1146060.0,Large
18,2025 Q1,2025-03-31,Pizzeria,160632.0,164582.0,66088.0,66088.0,822913.0,91.0,344757.0,107.0,94544.0,98494.0,1167670.0,Large
18,2025 Q2,2025-06-30,Pizzeria,147485.0,147485.0,60160.0,60160.0,737427.0,91.0,315640.0,107.0,87325.0,87325.0,1053067.0,Large
18,2025 Q3,2025-09-30,Pizzeria,143582.0,146662.0,57827.0,57827.0,733311.0,92.0,304183.0,107.0,85755.0,88835.0,1037494.0,Large
19,2024 Q2,2024-06-30,Pizzeria,96038.0,111284.0,53059.93,53059.93,556424.0,91.0,265299.67,116.0,42978.07,58224.07,821723.6699999999,Medium
19,2024 Q3,2024-09-30,Pizzeria,90211.0,101589.0,44117.0,44117.0,507946.0,92.0,220589.0,107.0,46094.0,57472.0,728535.0,Medium
19,2024 Q4,2024-12-31,Pizzeria,88206.0,118238.0,49995.0,49995.0,591192.0,92.0,249976.0,107.0,38211.0,68243.0,841168.0,Medium
19,2025 Q1,2025-03-31,Pizzeria,92083.0,111751.0,48339.07,48339.07,558757.0,91.0,241698.36,108.0,43743.93,63411.93,800455.36,Medium
19,2025 Q2,2025-06-30,Pizzeria,81488.0,92285.0,41220.0,41220.0,461426.0,91.0,206101.0,107.0,40268.0,51065.0,667527.0,Medium
19,2025 Q3,2025-09-30,Pizzeria,73626.0,83571.0,37032.0,37032.0,417857.0,92.0,185160.0,107.0,36594.0,46539.0,603017.0,Medium
20,2024 Q2,2024-06-30,Pizzeria,53867.0,53867.0,23841.0,23841.0,269336.0,91.0,119206.0,115.0,30026.0,30026.0,388542.0,Small
20,2024 Q3,2024-09-30,Pizzeria,51708.0,51708.0,21724.0,21724.0,258544.0,92.0,108624.0,107.0,29984.0,29984.0,367168.0,Small
20,2024 Q4,2024-12-31,Pizzeria,62909.0,62909.0,25647.0,25647.0,314547.0,92.0,128239.0,107.0,37262.0,37262.0,442786.0,Small
20,2025 Q1,2025-03-31,Pizzeria,61378.0,61378.0,25381.0,25381.0,306893.0,91.0,126909.0,107.0,35997.0,35997.0,433802.0,Small
20,2025 Q2,2025-06-30,Pizzeria,53612.0,53613.0,22624.0,22624.0,268065.0,91.0,113124.0,107.0,30988.0,30989.0,381189.0,Small
20,2025 Q3,2025-09-30,Pizzeria,51113.0,51113.0,22221.2,22221.2,255567.0,92.0,111108.0,108.0,28891.8,28891.8,366675.0,Small
21,2024 Q2,2024-06-30,Pizzeria,108800.0,110010.0,47783.0,47783.0,550054.0,91.0,250837.0,115.0,61017.0,62227.0,800891.0,Medium
21,2024 Q3,2024-09-30,Pizzeria,104794.0,105960.0,43538.0,43538.0,529803.0,92.0,229196.32,108.0,61256.0,62422.0,758999.3200000001,Medium
21,2024 Q4,2024-12-31,Pizzeria,128645.0,130207.0,52472.0,52472.0,651038.0,92.0,273961.0,107.0,76173.0,77735.0,924999.0,Medium
21,2025 Q1,2025-03-31,Pizzeria,128765.0,130197.0,53092.0,53092.0,650988.0,91.0,276979.0,107.0,75673.0,77105.0,927967.0,Medium
21,2025 Q2,2025-06-30,Pizzeria,112568.0,114051.0,46982.0,46982.0,570255.0,91.0,246576.0,107.0,65586.0,67069.0,816831.0,Medium
21,2025 Q3,2025-09-30,Pizzeria,108780.0,110101.0,43965.0,43965.0,550505.0,92.0,231322.0,107.0,64815.0,66136.0,781827.0,Medium
22,2024 Q2,2024-06-30,Pizzeria,56651.0,65116.0,30572.48,30572.48,325583.0,91.0,152864.38,116.0,26078.52,34543.520000000004,478447.38,Small
22,2024 Q3,2024-09-30,Pizzeria,55594.0,62676.0,27680.0,27679.0,313382.0,92.0,138399.0,107.0,27914.0,34997.0,451781.0,Small
22,2024 Q4,2024-12-31,Pizzeria,58555.0,76945.0,33191.0,33191.0,384726.0,92.0,165956.0,107.0,25364.0,43754.0,550682.0,Small
22,2025 Q1,2025-03-31,Pizzeria,66778.0,76845.0,33480.0,33480.0,384227.0,91.0,167401.0,107.0,33298.0,43365.0,551628.0,Small
22,2025 Q2,2025-06-30,Pizzeria,59687.0,67215.0,29702.0,29702.0,336076.0,91.0,148512.0,107.0,29985.0,37513.0,484588.0,Small
22,2025 Q3,2025-09-30,Pizzeria,56997.0,64769.0,27830.0,27830.0,323849.0,92.0,139154.0,107.0,29167.0,36939.0,463003.0,Small
23,2024 Q2,2024-06-30,Pizzeria,93904.0,93904.0,44898.0,44898.0,469522.0,91.0,224494.0,115.0,49006.0,49006.0,694016.0,Medium
23,2024 Q3,2024-09-30,Pizzeria,89411.0,91050.0,41752.0,41752.0,455252.0,92.0,208763.0,107.0,47659.0,49298.0,664015.0,Medium
23,2024 Q4,2024-12-31,Pizzeria,60015.0,61053.0,30407.0,30407.0,305269.0,92.0,152039.0,107.0,29608.0,30646.0,457308.0,Medium
23,2025 Q1,2025-03-31,Pizzeria,62228.0,63240.0,32555.0,32555.0,316204.0,91.0,162778.0,107.0,29673.0,30685.0,478982.0,Medium
23,2025 Q2,2025-06-30,Pizzeria,54345.0,55229.0,30093.59,30093.59,276146.0,91.0,150471.93,108.0,24251.41,25135.41,426617.93,Medium
23,2025 Q3,2025-09-30,Pizzeria,90554.0,91747.0,41373.0,41373.0,458737.0,92.0,206868.0,107.0,49181.0,50374.0,665605.0,Medium
24,2024 Q2,2024-06-30,Pizzeria,69943.0,106783.0,50131.0,50131.0,533915.0,91.0,250656.0,115.0,19812.0,56652.0,784571.0,Medium
24,2024 Q3,2024-09-30,Pizzeria,64648.0,103935.0,49304.91,49304.91,519678.0,92.0,246524.56,109.0,15343.089999999997,54630.09,766202.56,Medium
24,2024 Q4,2024-12-31,Pizzeria,82849.0,129452.0,55784.0,55784.0,647261.0,92.0,278922.0,107.0,27065.0,73668.0,926183.0,Medium
24,2025 Q1,2025-03-31,Pizzeria,84361.0,131608.0,57120.0,57120.0,658044.0,91.0,285600.0,107.0,27241.0,74488.0,943644.0,Medium
24,2025 Q2,2025-06-30,Pizzeria,74647.0,117555.0,51864.0,51864.0,587775.0,91.0,259321.0,107.0,22783.0,65691.0,847096.0,Medium
24,2025 Q3,2025-09-30,Pizzeria,74511.0,116061.0,50034.29,50034.29,580309.0,92.0,250172.46,108.0,24476.71,66026.70999999999,830481.46,Medium
25,2024 Q2,2024-06-30,Pizzeria,66444.0,90277.0,41674.0,41673.0,451389.0,91.0,215935.0,115.0,24770.0,48604.0,667324.0,Medium
25,2024 Q3,2024-09-30,Pizzeria,61672.0,83340.0,37116.0,37116.0,416704.0,92.0,192486.0,107.0,24556.0,46224.0,609190.0,Medium
25,2024 Q4,2024-12-31,Pizzeria,72560.0,98187.0,42403.0,42402.0,490936.0,92.0,219310.61,108.0,30157.0,55785.0,710246.61,Medium
25,2025 Q1,2025-03-31,Pizzeria,68949.0,94064.0,41442.0,41442.0,470322.0,91.0,213647.0,107.0,27507.0,52622.0,683969.0,Medium
25,2025 Q2,2025-06-30,Pizzeria,57571.0,78864.0,36049.0,36049.0,394324.0,91.0,186483.0,107.0,21522.0,42815.0,580807.0,Medium
25,2025 Q3,2025-09-30,Pizzeria,53059.0,72684.0,32967.0,32967.0,363421.0,92.0,170721.0,107.0,20092.0,39717.0,534142.0,Medium
26,2024 Q2,2024-06-30,Pizzeria,65378.0,70148.0,30416.0,30416.0,350743.0,91.0,158082.0,115.0,34962.0,39732.0,508825.0,Medium
26,2024 Q3,2024-09-30,Pizzeria,64059.0,68293.0,28112.0,28112.0,341467.0,92.0,146331.0,107.0,35947.0,40181.0,487798.0,Medium
26,2024 Q4,2024-12-31,Pizzeria,79343.0,85315.0,35855.02,35855.02,426576.0,92.0,185281.08,108.0,43487.98,49459.98,611857.08,Medium
26,2025 Q1,2025-03-31,Pizzeria,81218.0,87331.0,34917.0,34917.0,436656.0,91.0,180687.0,107.0,46301.0,52414.0,617343.0,Medium
26,2025 Q2,2025-06-30,Pizzeria,72922.0,78920.0,32005.0,32005.0,394602.0,91.0,166404.0,107.0,40917.0,46915.0,561006.0,Medium
26,2025 Q3,2025-09-30,Pizzeria,73831.0,79303.0,30999.0,30999.0,396517.0,92.0,161528.0,107.0,42832.0,48304.0,558045.0,Medium
27,2024 Q2,2024-06-30,Pizzeria,50186.0,57029.0,27718.33,27718.33,285146.0,91.0,138591.63,116.0,22467.67,29310.67,423737.63,Small
27,2024 Q3,2024-09-30,Pizzeria,50826.0,56536.0,25839.0,25839.0,282683.0,92.0,129195.0,107.0,24987.0,30697.0,411878.0,Small
27,2024 Q4,2024-12-31,Pizzeria,62780.0,72244.0,31725.0,31725.0,361223.0,92.0,158627.0,107.0,31055.0,40519.0,519850.0,Small
27,2025 Q1,2025-03-31,Pizzeria,66344.0,75908.0,33435.0,33435.0,379544.0,91.0,167178.0,107.0,32909.0,42473.0,546722.0,Small
27,2025 Q2,2025-06-30,Pizzeria,60728.0,70450.0,31403.0,31403.0,352253.0,91.0,157017.0,107.0,29325.0,39047.0,509270.0,Small
27,2025 Q3,2025-09-30,Pizzeria,63765.0,72460.0,31091.0,31091.0,362300.0,92.0,155458.0,107.0,32674.0,41369.0,517758.0,Small
28,2024 Q2,2024-06-30,Pizzeria,106668.0,195362.0,89793.0,89793.0,976812.0,91.0,448968.0,115.0,16875.0,105569.0,1425780.0,Large
28,2024 Q3,2024-09-30,Pizzeria,105173.0,188145.0,81895.0,81895.0,940729.0,92.0,409475.0,107.0,23278.0,106250.0,1350204.0,Large
28,2024 Q4,2024-12-31,Pizzeria,124647.0,231685.0,98266.0,98266.0,1158426.0,92.0,491331.0,107.0,26381.0,133419.0,1649757.0,Large
28,2025 Q1,2025-03-31,Pizzeria,128690.0,232712.0,100069.19,100069.19,1163561.0,91.0,500345.96,108.0,28620.81,132642.81,1663906.96,Large
28,2025 Q2,2025-06-30,Pizzeria,115357.0,205261.0,89301.0,89301.0,1026307.0,91.0,446506.0,107.0,26056.0,115960.0,1472813.0,Large
28,2025 Q3,2025-09-30,Pizzeria,108195.0,199990.0,84386.0,84386.0,999953.0,92.0,421930.0,107.0,23809.0,115604.0,1421883.0,Large
29,2024 Q2,2024-06-30,Pizzeria,33224.0,33594.0,15820.0,15820.0,167973.0,91.0,81783.0,115.0,17404.0,17774.0,249756.0,Small
29,2024 Q3,2024-09-30,Pizzeria,38203.0,38203.0,16791.0,16791.0,191018.0,92.0,87040.0,107.0,21412.0,21412.0,278058.0,Small
29,2024 Q4,2024-12-31,Pizzeria,47959.0,47959.0,19838.0,19838.0,239796.0,92.0,102379.0,107.0,28121.0,28121.0,342175.0,Small
29,2025 Q1,2025-03-31,Pizzeria,83391.0,83391.0,31412.0,31412.0,416958.0,91.0,162522.0,107.0,51979.0,51979.0,579480.0,Small
29,2025 Q2,2025-06-30,Pizzeria,52433.0,52433.0,21474.0,21474.0,262169.0,91.0,111425.0,107.0,30959.0,30959.0,373594.0,Small
29,2025 Q3,2025-09-30,Pizzeria,45837.0,45837.0,18492.0,18492.0,229185.0,92.0,95973.0,107.0,27345.0,27345.0,325158.0,Small
30,2024 Q2,2024-06-30,Pizzeria,91445.0,138135.0,62022.0,62022.0,690675.0,91.0,310110.0,115.0,29423.0,76113.0,1000785.0,Large
30,2024 Q3,2024-09-30,Pizzeria,82026.0,133159.0,56933.0,56933.0,665795.0,92.0,284669.0,107.0,25093.0,76226.0,950464.0,Large
30,2024 Q4,2024-12-31,Pizzeria,82355.0,163727.0,67461.0,67461.0,818636.0,92.0,337308.0,107.0,14894.0,96266.0,1155944.0,Large
30,2025 Q1,2025-03-31,Pizzeria,111370.0,163779.0,68149.0,68149.0,818899.0,91.0,340748.0,107.0,43221.0,95630.0,1159647.0,Large
30,2025 Q2,2025-06-30,Pizzeria,101597.0,143498.0,61110.0,61110.0,717492.0,91.0,305554.0,107.0,40487.0,82388.0,1023046.0,Large
30,2025 Q3,2025-09-30,Pizzeria,87136.0,138531.0,61130.6,61130.6,692657.0,92.0,305654.02,108.0,26005.4,77400.4,998311.02,Large
31,2024 Q2,2024-06-30,Pizzeria,48186.0,49019.0,24622.0,24622.0,245096.0,91.0,123111.0,115.0,23564.0,24397.0,368207.0,Small
31,2024 Q3,2024-09-30,Pizzeria,47850.0,47850.0,22878.0,22878.0,239250.0,92.0,114391.0,107.0,24972.0,24972.0,353641.0,Small
31,2024 Q4,2024-12-31,Pizzeria,58641.0,59534.0,27389.83,27389.83,297670.0,92.0,136949.15,108.0,31251.17,32144.17,434619.15,Small
31,2025 Q1,2025-03-31,Pizzeria,59213.0,60237.0,27812.0,27812.0,301186.0,91.0,139060.0,107.0,31401.0,32425.0,440246.0,Small
31,2025 Q2,2025-06-30,Pizzeria,52780.0,53367.0,25203.0,25203.0,266837.0,91.0,126019.0,107.0,27577.0,28164.0,392856.0,Small
31,2025 Q3,2025-09-30,Pizzeria,51369.0,52098.0,23957.0,23957.0,260491.0,92.0,119786.0,107.0,27412.0,28141.0,380277.0,Small
32,2024 Q2,2024-06-30,Pizzeria,44034.0,44796.0,22216.11,22216.11,223984.0,91.0,111081.53,116.0,21817.89,22579.89,335065.53,Small
32,2024 Q3,2024-09-30,Pizzeria,38635.0,39303.0,17894.0,17894.0,196517.0,92.0,89474.0,107.0,20741.0,21409.0,285991.0,Small
32,2024 Q4,2024-12-31,Pizzeria,78149.0,79259.0,31773.0,31773.0,396299.0,92.0,158868.0,107.0,46376.0,47486.0,555167.0,Small
32,2025 Q1,2025-03-31,Pizzeria,58993.0,59649.0,25283.0,25283.0,298245.0,91.0,126418.0,107.0,33710.0,34366.0,424663.0,Small
32,2025 Q2,2025-06-30,Pizzeria,46788.0,47452.0,20905.0,20905.0,237262.0,91.0,104528.0,107.0,25883.0,26547.0,341790.0,Small
32,2025 Q3,2025-09-30,Pizzeria,33173.0,33576.0,15248.0,15248.0,167881.0,92.0,76244.0,107.0,17925.0,18328.0,244125.0,Small
33,2024 Q2,2024-06-30,Pizzeria,47139.0,52203.0,19852.0,19852.0,261017.0,91.0,100159.0,115.0,27287.0,32351.0,361176.0,Small
33,2024 Q3,2024-09-30,Pizzeria,42632.0,49514.0,17947.0,17947.0,247572.0,92.0,90580.0,107.0,24685.0,31567.0,338152.0,Small
33,2024 Q4,2024-12-31,Pizzeria,45023.0,59951.0,21068.0,21068.0,299756.0,92.0,106191.0,107.0,23955.0,38883.0,405947.0,Small
33,2025 Q1,2025-03-31,Pizzeria,48268.0,59079.0,21008.0,21008.0,295396.0,91.0,105869.0,107.0,27260.0,38071.0,401265.0,Small
33,2025 Q2,2025-06-30,Pizzeria,45500.0,51009.0,18584.0,18584.0,255049.0,91.0,93752.0,107.0,26916.0,32425.0,348801.0,Small
33,2025 Q3,2025-09-30,Pizzeria,40952.0,48521.0,17280.0,17280.0,242606.0,92.0,87267.19,108.0,23672.0,31241.0,329873.19,Small
34,2024 Q2,2024-06-30,Pizzeria,54855.0,55578.0,24094.0,24094.0,277890.0,91.0,120474.0,115.0,30761.0,31484.0,398364.0,Small
34,2024 Q3,2024-09-30,Pizzeria,50634.0,50634.0,20943.0,20943.0,253172.0,92.0,104717.0,107.0,29691.0,29691.0,357889.0,Small
34,2024 Q4,2024-12-31,Pizzeria,58059.0,58824.0,23747.0,23747.0,294120.0,92.0,118736.0,107.0,34312.0,35077.0,412856.0,Small
34,2025 Q1,2025-03-31,Pizzeria,54556.0,55500.0,22830.0,22830.0,277504.0,91.0,114154.0,107.0,31726.0,32670.0,391658.0,Small
34,2025 Q2,2025-06-30,Pizzeria,45759.0,45759.0,19459.0,19459.0,228797.0,91.0,97297.0,107.0,26300.0,26300.0,326094.0,Small
34,2025 Q3,2025-09-30,Pizzeria,40797.0,41376.0,17347.0,17347.0,206883.0,92.0,86736.0,107.0,23450.0,24029.0,293619.0,Small
35,2024 Q2,2024-06-30,Pizzeria,71624.0,71624.0,32636.0,32636.0,358120.0,91.0,164495.0,115.0,38988.0,38988.0,522615.0,Medium
35,2024 Q3,2024-09-30,Pizzeria,69865.0,69865.0,30359.0,30359.0,349326.0,92.0,153060.0,107.0,39506.0,39506.0,502386.0,Medium
35,2024 Q4,2024-12-31,Pizzeria,87412.0,87412.0,36236.0,36236.0,437063.0,92.0,182502.0,107.0,51176.0,51176.0,619565.0,Medium
35,2025 Q1,2025-03-31,Pizzeria,89458.0,89457.0,37297.0,37297.0,447289.0,91.0,187829.0,107.0,52161.0,52160.0,635118.0,Medium
35,2025 Q2,2025-06-30,Pizzeria,80513.0,80513.0,34504.35,34504.35,402566.0,91.0,173916.73,108.0,46008.65,46008.65,576482.73,Medium
35,2025 Q3,2025-09-30,Pizzeria,79158.0,80038.0,33036.0,33036.0,400193.0,92.0,166594.0,107.0,46122.0,47002.0,566787.0,Medium
36,2024 Q2,2024-06-30,Pizzeria,67147.0,67147.0,26461.0,26461.0,335736.0,91.0,137380.0,115.0,40686.0,40686.0,473116.0,Small
36,2024 Q3,2024-09-30,Pizzeria,61571.0,62320.0,23287.0,23287.0,311600.0,92.0,121090.0,107.0,38284.0,39033.0,432690.0,Small
36,2024 Q4,2024-12-31,Pizzeria,73820.0,73820.0,27248.0,27248.0,369104.0,92.0,140831.0,107.0,46572.0,46572.0,509935.0,Small
36,2025 Q1,2025-03-31,Pizzeria,71120.0,71120.0,26672.0,26672.0,355604.0,91.0,137748.0,107.0,44448.0,44448.0,493352.0,Small
36,2025 Q2,2025-06-30,Pizzeria,59981.0,59981.0,22845.0,22845.0,299908.0,91.0,118819.32,108.0,37136.0,37136.0,418727.32,Small
36,2025 Q3,2025-09-30,Pizzeria,55635.0,55635.0,20810.94,20810.94,278178.0,92.0,108113.7,108.0,34824.06,34824.06,386291.7,Small
37,2024 Q2,2024-06-30,Pizzeria,38444.0,55635.0,26391.98,26391.98,278179.0,91.0,137338.91,116.0,12052.02,29243.02,415517.91,Small
37,2024 Q3,2024-09-30,Pizzeria,28669.0,44656.0,19321.0,19321.0,223280.0,92.0,100721.0,107.0,9348.0,25335.0,324001.0,Small
37,2024 Q4,2024-12-31,Pizzeria,25985.0,51353.0,22127.0,22127.0,256769.0,92.0,114628.0,107.0,3858.0,29226.0,371397.0,Small
37,2025 Q1,2025-03-31,Pizzeria,31732.0,47010.0,20679.15,20679.15,235053.0,91.0,106969.76,108.0,11052.85,26330.85,342022.76,Small
37,2025 Q2,2025-06-30,Pizzeria,19460.0,28000.0,13753.0,13753.0,140004.0,91.0,71311.0,107.0,5707.0,14247.0,211315.0,Small
37,2025 Q3,2025-09-30,Pizzeria,27415.0,40556.0,17762.0,17762.0,202780.0,92.0,92578.0,107.0,9653.0,22794.0,295358.0,Small
38,2024 Q2,2024-06-30,Pizzeria,116753.0,116753.0,57907.0,57907.0,583767.0,91.0,289538.0,115.0,58846.0,58846.0,873305.0,Medium
38,2024 Q3,2024-09-30,Pizzeria,107145.0,107145.0,50845.0,50845.0,535726.0,92.0,254227.0,107.0,56300.0,56300.0,789953.0,Medium
38,2024 Q4,2024-12-31,Pizzeria,125409.0,125409.0,58102.0,58102.0,627047.0,92.0,290513.0,107.0,67307.0,67307.0,917560.0,Medium
38,2025 Q1,2025-03-31,Pizzeria,119262.0,119262.0,56338.26,56338.26,596313.0,91.0,281694.29,108.0,62923.74,62923.74,878007.29,Medium
38,2025 Q2,2025-06-30,Pizzeria,99162.0,99162.0,48145.0,48145.0,495812.0,91.0,240726.0,107.0,51017.0,51017.0,736538.0,Medium
38,2025 Q3,2025-09-30,Pizzeria,90506.0,90506.0,43377.0,43377.0,452531.0,92.0,216886.0,107.0,47129.0,47129.0,669417.0,Medium
39,2024 Q2,2024-06-30,Pizzeria,114530.0,114530.0,49730.0,49730.0,572654.0,91.0,258657.0,115.0,64800.0,64800.0,831311.0,Medium
39,2024 Q3,2024-09-30,Pizzeria,110900.0,110900.0,45761.0,45761.0,554500.0,92.0,238376.0,107.0,65139.0,65139.0,792876.0,Medium
39,2024 Q4,2024-12-31,Pizzeria,136917.0,136917.0,57860.97,57860.97,684588.0,92.0,299142.84,108.0,79056.03,79056.03,983730.84,Medium
39,2025 Q1,2025-03-31,Pizzeria,137487.0,137487.0,55500.0,55500.0,687439.0,91.0,287305.0,107.0,81987.0,81987.0,974744.0,Medium
39,2025 Q2,2025-06-30,Pizzeria,120898.0,120898.0,49655.0,49655.0,604490.0,91.0,258243.0,107.0,71243.0,71243.0,862733.0,Medium
39,2025 Q3,2025-09-30,Pizzeria,117122.0,117122.0,49898.97,49898.97,585613.0,92.0,259354.84,108.0,67223.03,67223.03,844967.84,Medium
40,2024 Q2,2024-06-30,Pizzeria,44172.0,46157.0,21049.0,21049.0,230785.0,91.0,105247.0,115.0,23123.0,25108.0,336032.0,Small
40,2024 Q3,2024-09-30,Pizzeria,39574.0,41482.0,18403.0,18403.0,207414.0,92.0,92016.0,107.0,21171.0,23079.0,299430.0,Small
40,2024 Q4,2024-12-31,Pizzeria,45387.0,47476.0,20371.0,20371.0,237380.0,92.0,101858.0,107.0,25016.0,27105.0,339238.0,Small
40,2025 Q1,2025-03-31,Pizzeria,42016.0,44042.0,19416.0,19416.0,220214.0,91.0,97081.0,107.0,22600.0,24626.0,317295.0,Small
40,2025 Q2,2025-06-30,Pizzeria,33979.0,35617.0,16615.0,16615.0,178087.0,91.0,83076.0,107.0,17364.0,19002.0,261163.0,Small
40,2025 Q3,2025-09-30,Pizzeria,30025.0,31473.0,14844.0,14844.0,157366.0,92.0,74222.0,107.0,15181.0,16629.0,231588.0,Small
41,2024 Q2,2024-06-30,Pizzeria,42905.0,66726.0,30602.0,30602.0,333630.0,91.0,153010.0,115.0,12303.0,36124.0,486640.0,Small
41,2024 Q3,2024-09-30,Pizzeria,34651.0,57274.0,25251.0,25250.0,286370.0,92.0,126254.0,107.0,9400.0,32024.0,412624.0,Small
41,2024 Q4,2024-12-31,Pizzeria,24126.0,49642.0,21594.0,21594.0,248213.0,92.0,107971.0,107.0,2532.0,28048.0,356184.0,Small
41,2025 Q1,2025-03-31,Pizzeria,29490.0,44614.0,21168.0,21168.0,223070.0,91.0,105843.0,107.0,8322.0,23446.0,328913.0,Small
41,2025 Q2,2025-06-30,Pizzeria,33332.0,48660.0,21873.0,21873.0,243304.0,91.0,109367.0,107.0,11459.0,26787.0,352671.0,Small
41,2025 Q3,2025-09-30,Pizzeria,21177.0,33938.0,16283.0,16283.0,169692.0,92.0,81415.0,107.0,4894.0,17655.0,251107.0,Small
42,2024 Q2,2024-06-30,Pizzeria,63745.0,129562.0,54514.0,54514.0,647812.0,91.0,285063.0,115.0,9231.0,75048.0,932875.0,Large
42,2024 Q3,2024-09-30,Pizzeria,62933.0,123640.0,49768.94,49768.94,618201.0,92.0,260621.68,108.0,13164.059999999998,73871.06,878822.6799999999,Large
42,2024 Q4,2024-12-31,Pizzeria,72858.0,149606.0,58566.0,58566.0,748031.0,92.0,304694.0,107.0,14292.0,91040.0,1052725.0,Large
42,2025 Q1,2025-03-31,Pizzeria,70900.0,149577.0,59115.0,59115.0,747889.0,91.0,307348.0,107.0,11785.0,90462.0,1055237.0,Large
42,2025 Q2,2025-06-30,Pizzeria,65299.0,128542.0,51814.0,51814.0,642713.0,91.0,270775.0,107.0,13485.0,76728.0,913488.0,Large
42,2025 Q3,2025-09-30,Pizzeria,62097.0,123454.0,48569.0,48569.0,617271.0,92.0,254323.0,107.0,13528.0,74885.0,871594.0,Large
43,2024 Q2,2024-06-30,Pizzeria,39623.0,44772.0,22015.0,22015.0,223864.0,91.0,110077.0,115.0,17608.0,22757.0,333941.0,Small
43,2024 Q3,2024-09-30,Pizzeria,35973.0,40374.0,18791.0,18791.0,201874.0,92.0,93957.0,107.0,17182.0,21583.0,295831.0,Small
43,2024 Q4,2024-12-31,Pizzeria,28752.0,32673.0,16435.48,16435.48,163369.0,92.0,82178.39,108.0,12316.52,16237.52,245547.39,Small
43,2025 Q1,2025-03-31,Pizzeria,44912.0,50921.0,23225.0,23225.0,254605.0,91.0,116128.0,107.0,21687.0,27696.0,370733.0,Small
43,2025 Q2,2025-06-30,Pizzeria,25320.0,28740.0,15032.0,15032.0,143702.0,91.0,75161.0,107.0,10288.0,13708.0,218863.0,Small
43,2025 Q3,2025-09-30,Pizzeria,25092.0,28098.0,14223.0,14223.0,140491.0,92.0,71116.0,107.0,10869.0,13875.0,211607.0,Small
44,2024 Q2,2024-06-30,Pizzeria,62546.0,62546.0,27933.0,27933.0,312734.0,91.0,140951.0,115.0,34613.0,34613.0,453685.0,Small
44,2024 Q3,2024-09-30,Pizzeria,46717.0,46717.0,19505.0,19505.0,233587.0,92.0,98420.0,107.0,27212.0,27212.0,332007.0,Small
44,2024 Q4,2024-12-31,Pizzeria,54732.0,54733.0,24925.38,24925.38,273665.0,92.0,125558.88,108.0,29806.62,29807.62,399223.88,Small
44,2025 Q1,2025-03-31,Pizzeria,64746.0,64746.0,26557.0,26557.0,323731.0,91.0,133817.0,107.0,38189.0,38189.0,457548.0,Small
44,2025 Q2,2025-06-30,Pizzeria,41235.0,41235.0,18496.0,18496.0,206176.0,91.0,93265.0,107.0,22739.0,22739.0,299441.0,Small
44,2025 Q3,2025-09-30,Pizzeria,38233.0,38233.0,16858.0,16858.0,191169.0,92.0,85028.0,107.0,21375.0,21375.0,276197.0,Small
45,2024 Q2,2024-06-30,Pizzeria,121398.0,121398.0,52337.0,52337.0,606993.0,91.0,263956.0,115.0,69061.0,69061.0,870949.0,Medium
45,2024 Q3,2024-09-30,Pizzeria,116818.0,116818.0,47790.0,47790.0,584094.0,92.0,241106.0,107.0,69028.0,69028.0,825200.0,Medium
45,2024 Q4,2024-12-31,Pizzeria,143405.0,143405.0,57039.0,57039.0,717029.0,92.0,287398.0,107.0,86366.0,86366.0,1004427.0,Medium
45,2025 Q1,2025-03-31,Pizzeria,143239.0,143239.0,57599.0,57599.0,716195.0,91.0,290180.0,107.0,85640.0,85640.0,1006375.0,Medium
45,2025 Q2,2025-06-30,Pizzeria,123949.0,125328.0,53837.7,53837.7,626641.0,91.0,271398.52,108.0,70111.3,71490.3,898039.52,Medium
45,2025 Q3,2025-09-30,Pizzeria,120831.0,120831.0,48079.0,48079.0,604155.0,92.0,242570.0,107.0,72752.0,72752.0,846725.0,Medium
46,2024 Q2,2024-06-30,Pizzeria,52118.0,53073.0,26584.0,26584.0,265368.0,91.0,132920.0,115.0,25534.0,26489.0,398288.0,Small
46,2024 Q3,2024-09-30,Pizzeria,59109.0,60131.0,27946.0,27946.0,300657.0,92.0,139733.0,107.0,31163.0,32185.0,440390.0,Small
46,2024 Q4,2024-12-31,Pizzeria,82816.0,86267.0,37572.0,37572.0,431336.0,92.0,187860.0,107.0,45244.0,48695.0,619196.0,Small
46,2025 Q1,2025-03-31,Pizzeria,83526.0,85580.0,37487.0,37486.0,427903.0,91.0,187434.0,107.0,46039.0,48094.0,615337.0,Small
46,2025 Q2,2025-06-30,Pizzeria,62035.0,63172.0,28990.0,28990.0,315860.0,91.0,144951.0,107.0,33045.0,34182.0,460811.0,Small
46,2025 Q3,2025-09-30,Pizzeria,49947.0,50708.0,23631.0,23631.0,253543.0,92.0,118157.0,107.0,26316.0,27077.0,371700.0,Small
47,2024 Q2,2024-06-30,Pizzeria,95759.0,95759.0,43193.0,43193.0,478796.0,91.0,215968.0,115.0,52566.0,52566.0,694764.0,Medium
47,2024 Q3,2024-09-30,Pizzeria,92618.0,92618.0,40085.99,40085.99,463090.0,92.0,200433.95,108.0,52532.01,52532.01,663523.95,Medium
47,2024 Q4,2024-12-31,Pizzeria,114274.0,114274.0,47177.0,47177.0,571374.0,92.0,235889.0,107.0,67097.0,67097.0,807263.0,Medium
47,2025 Q1,2025-03-31,Pizzeria,114730.0,114730.0,50322.08,50322.08,573654.0,91.0,251612.4,108.0,64407.92,64407.92,825266.4,Medium
47,2025 Q2,2025-06-30,Pizzeria,100913.0,100913.0,43066.0,43066.0,504566.0,91.0,215332.0,107.0,57847.0,57847.0,719898.0,Medium
47,2025 Q3,2025-09-30,Pizzeria,97831.0,97831.0,40770.54,40770.54,489157.0,92.0,203855.7,108.0,57060.46,57060.46,693012.7,Medium
48,2024 Q2,2024-06-30,Pizzeria,39870.0,40601.0,19133.0,19133.0,203006.0,91.0,99297.0,115.0,20737.0,21468.0,302303.0,Small
48,2024 Q3,2024-09-30,Pizzeria,55448.0,56637.0,23847.0,23847.0,283189.0,92.0,124337.0,107.0,31601.0,32790.0,407526.0,Small
48,2024 Q4,2024-12-31,Pizzeria,44585.0,46298.0,19723.0,19723.0,231491.0,92.0,101943.0,107.0,24862.0,26575.0,333434.0,Small
48,2025 Q1,2025-03-31,Pizzeria,46576.0,47478.0,20774.0,20774.0,237392.0,91.0,107360.0,107.0,25802.0,26704.0,344752.0,Small
48,2025 Q2,2025-06-30,Pizzeria,42235.0,42965.0,19352.0,19352.0,214829.0,91.0,100484.0,107.0,22883.0,23613.0,315313.0,Small
48,2025 Q3,2025-09-30,Pizzeria,48931.0,49828.0,20740.0,20740.0,249144.0,92.0,107993.0,107.0,28191.0,29088.0,357137.0,Small
49,2024 Q2,2024-06-30,Pizzeria,61889.0,61889.0,29980.0,29980.0,309449.0,91.0,149902.0,115.0,31909.0,31909.0,459351.0,Small
49,2024 Q3,2024-09-30,Pizzeria,58976.0,59632.0,27315.0,27315.0,298163.0,92.0,136576.0,107.0,31661.0,32317.0,434739.0,Small
49,2024 Q4,2024-12-31,Pizzeria,72246.0,72246.0,32283.0,32284.0,361232.0,92.0,161420.0,107.0,39963.0,39962.0,522652.0,Small
49,2025 Q1,2025-03-31,Pizzeria,71521.0,71521.0,32332.0,32332.0,357609.0,91.0,161661.0,107.0,39189.0,39189.0,519270.0,Small
49,2025 Q2,2025-06-30,Pizzeria,62408.0,62408.0,28759.0,28759.0,312040.0,91.0,143799.0,107.0,33649.0,33649.0,455839.0,Small
49,2025 Q3,2025-09-30,Pizzeria,60887.0,60887.0,27214.0,27214.0,304436.0,92.0,136072.0,107.0,33673.0,33673.0,440508.0,Small
50,2024 Q2,2024-06-30,Pizzeria,51146.0,51146.0,23573.0,23573.0,255733.0,91.0,118957.45,116.0,27573.0,27573.0,374690.45,Small
50,2024 Q3,2024-09-30,Pizzeria,51810.0,51810.0,21296.0,21296.0,259052.0,92.0,107563.8,108.0,30514.0,30514.0,366615.8,Small
50,2024 Q4,2024-12-31,Pizzeria,50698.0,50697.0,21647.0,21647.0,253489.0,92.0,109044.0,107.0,29051.0,29050.0,362533.0,Small
50,2025 Q1,2025-03-31,Pizzeria,45877.0,46718.0,20622.23,20622.23,233590.0,91.0,103859.15,108.0,25254.77,26095.77,337449.15,Small
50,2025 Q2,2025-06-30,Pizzeria,52652.0,52652.0,22906.0,22906.0,263260.0,91.0,115521.0,107.0,29746.0,29746.0,378781.0,Small
50,2025 Q3,2025-09-30,Pizzeria,81517.0,83011.0,32179.0,32179.0,415059.0,92.0,162434.0,107.0,49338.0,50832.0,577493.0,Small
51,2024 Q2,2024-06-30,Pizzeria,46247.0,53713.0,25052.0,25052.0,268566.0,91.0,129805.0,115.0,21195.0,28661.0,398371.0,Small
51,2024 Q3,2024-09-30,Pizzeria,26884.0,31224.0,15234.0,15234.0,156122.0,92.0,78667.0,107.0,11650.0,15990.0,234789.0,Small
51,2024 Q4,2024-12-31,Pizzeria,26726.0,35874.0,17482.0,17482.0,179372.0,92.0,89895.0,107.0,9244.0,18392.0,269267.0,Small
51,2025 Q1,2025-03-31,Pizzeria,30616.0,35559.0,17524.0,17524.0,177796.0,91.0,90065.0,107.0,13092.0,18035.0,267861.0,Small
51,2025 Q2,2025-06-30,Pizzeria,29263.0,33558.0,17235.64,17235.64,167791.0,91.0,88853.22,108.0,12027.36,16322.36,256644.22,Small
51,2025 Q3,2025-09-30,Pizzeria,61219.0,69726.0,29150.0,29150.0,348631.0,92.0,151513.0,107.0,32069.0,40576.0,500144.0,Small
52,2024 Q2,2024-06-30,Pizzeria,100848.0,153265.0,71244.0,71244.0,766328.0,91.0,359119.0,115.0,29604.0,82021.0,1125447.0,Large
52,2024 Q3,2024-09-30,Pizzeria,98244.0,150912.0,66786.0,66786.0,754563.0,92.0,336749.0,107.0,31458.0,84126.0,1091312.0,Large
52,2024 Q4,2024-12-31,Pizzeria,123124.0,190006.0,79652.0,79652.0,950031.0,92.0,401215.0,107.0,43472.0,110354.0,1351246.0,Large
52,2025 Q1,2025-03-31,Pizzeria,127554.0,195036.0,82128.0,82128.0,975182.0,91.0,413653.0,107.0,45426.0,112908.0,1388835.0,Large
52,2025 Q2,2025-06-30,Pizzeria,113943.0,175567.0,75800.0,75800.0,877836.0,91.0,382135.0,107.0,38143.0,99767.0,1259971.0,Large
52,2025 Q3,2025-09-30,Pizzeria,114336.0,174293.0,72981.0,72981.0,871465.0,92.0,368080.0,107.0,41355.0,101312.0,1239545.0,Large
53,2024 Q2,2024-06-30,Pizzeria,164169.0,164169.0,61524.0,61524.0,820845.0,91.0,318942.0,115.0,102645.0,102645.0,1139787.0,Large
53,2024 Q3,2024-09-30,Pizzeria,159278.0,159278.0,57139.0,57139.0,796392.0,92.0,296547.0,107.0,102139.0,102139.0,1092939.0,Large
53,2024 Q4,2024-12-31,Pizzeria,198460.0,198459.0,67486.0,67486.0,992299.0,92.0,348689.0,107.0,130974.0,130973.0,1340988.0,Large
53,2025 Q1,2025-03-31,Pizzeria,202941.0,202941.0,69393.0,69393.0,1014706.0,91.0,358401.0,107.0,133548.0,133548.0,1373107.0,Large
53,2025 Q2,2025-06-30,Pizzeria,183633.0,183633.0,66306.55,66306.55,918168.0,91.0,343504.73,108.0,117326.45,117326.45,1261672.73,Large
53,2025 Q3,2025-09-30,Pizzeria,183043.0,185266.0,62502.0,62502.0,926330.0,92.0,324814.0,107.0,120541.0,122764.0,1251144.0,Large
54,2024 Q2,2024-06-30,Pizzeria,56878.0,57511.0,25265.0,25264.0,287557.0,91.0,127454.0,115.0,31613.0,32247.0,415011.0,Small
54,2024 Q3,2024-09-30,Pizzeria,55197.0,55868.0,23224.0,23224.0,279340.0,92.0,117207.0,107.0,31973.0,32644.0,396547.0,Small
54,2024 Q4,2024-12-31,Pizzeria,69702.0,69702.0,28221.0,28221.0,348513.0,92.0,142233.0,107.0,41481.0,41481.0,490746.0,Small
54,2025 Q1,2025-03-31,Pizzeria,71359.0,71359.0,29217.77,29217.77,356796.0,91.0,147237.84,108.0,42141.23,42141.23,504033.84,Small
54,2025 Q2,2025-06-30,Pizzeria,64610.0,64610.0,26661.0,26661.0,323051.0,91.0,134508.0,107.0,37949.0,37949.0,457559.0,Small
54,2025 Q3,2025-09-30,Pizzeria,65156.0,65156.0,25926.0,25926.0,325783.0,92.0,130865.0,107.0,39230.0,39230.0,456648.0,Small
55,2024 Q2,2024-06-30,Pizzeria,37993.0,46446.0,19456.0,19456.0,232231.0,91.0,101869.0,115.0,18537.0,26990.0,334100.0,Small
55,2024 Q3,2024-09-30,Pizzeria,36112.0,44255.0,17672.0,17672.0,221277.0,92.0,92681.0,107.0,18440.0,26583.0,313958.0,Small
55,2024 Q4,2024-12-31,Pizzeria,44584.0,54107.0,20995.0,20995.0,270539.0,92.0,109375.0,107.0,23589.0,33112.0,379914.0,Small
55,2025 Q1,2025-03-31,Pizzeria,45173.0,54822.0,21439.0,21439.0,274110.0,91.0,111617.0,107.0,23734.0,33383.0,385727.0,Small
55,2025 Q2,2025-06-30,Pizzeria,39090.0,47439.0,18994.83,18994.83,237197.0,91.0,99398.14,108.0,20095.17,28444.17,336595.14,Small
55,2025 Q3,2025-09-30,Pizzeria,37597.0,45298.0,17622.0,17622.0,226491.0,92.0,92421.0,107.0,19975.0,27676.0,318912.0,Small
56,2024 Q2,2024-06-30,Pizzeria,125290.0,127587.0,59171.0,59171.0,637935.0,91.0,305857.0,115.0,66119.0,68416.0,943792.0,Large
56,2024 Q3,2024-09-30,Pizzeria,119158.0,121342.0,59006.62,59006.62,606712.0,92.0,304443.11,108.0,60151.38,62335.38,911155.11,Large
56,2024 Q4,2024-12-31,Pizzeria,142780.0,148729.0,63588.0,63588.0,743645.0,92.0,327534.0,107.0,79192.0,85141.0,1071179.0,Large
56,2025 Q1,2025-03-31,Pizzeria,145584.0,148555.0,64166.0,64166.0,742776.0,91.0,330345.0,107.0,81418.0,84389.0,1073121.0,Large
56,2025 Q2,2025-06-30,Pizzeria,126746.0,128546.0,57092.0,57092.0,642733.0,91.0,294983.0,107.0,69654.0,71454.0,937716.0,Large
56,2025 Q3,2025-09-30,Pizzeria,120691.0,122778.0,53552.0,53552.0,613894.0,92.0,277048.0,107.0,67139.0,69226.0,890942.0,Large
57,2024 Q2,2024-06-30,Pizzeria,25808.0,44117.0,20278.76,20278.76,220588.0,91.0,101396.82,116.0,5529.240000000002,23838.24,321984.82,Small
57,2024 Q3,2024-09-30,Pizzeria,24686.0,42416.0,18481.0,18481.0,212081.0,92.0,92408.0,107.0,6205.0,23935.0,304489.0,Small
57,2024 Q4,2024-12-31,Pizzeria,30244.0,51435.0,21631.0,21631.0,257177.0,92.0,108158.0,107.0,8613.0,29804.0,365335.0,Small
57,2025 Q1,2025-03-31,Pizzeria,30502.0,52140.0,22053.0,22053.0,260704.0,91.0,110266.0,107.0,8449.0,30087.0,370970.0,Small
57,2025 Q2,2025-06-30,Pizzeria,26481.0,45189.0,19678.0,19678.0,225948.0,91.0,98391.0,107.0,6803.0,25511.0,324339.0,Small
57,2025 Q3,2025-09-30,Pizzeria,25236.0,43214.0,19613.47,19613.47,216070.0,92.0,98070.33,108.0,5622.529999999999,23600.53,314140.33,Small
58,2024 Q2,2024-06-30,Pizzeria,35997.0,57320.0,27639.0,27639.0,286600.0,91.0,138197.0,115.0,8358.0,29681.0,424797.0,Small
58,2024 Q3,2024-09-30,Pizzeria,33504.0,54924.0,25138.0,25138.0,274622.0,92.0,125692.0,107.0,8366.0,29786.0,400314.0,Small
58,2024 Q4,2024-12-31,Pizzeria,43039.0,68099.0,30198.0,30198.0,340495.0,92.0,150990.0,107.0,12841.0,37901.0,491485.0,Small
58,2025 Q1,2025-03-31,Pizzeria,41868.0,67420.0,30261.0,30261.0,337101.0,91.0,151305.0,107.0,11607.0,37159.0,488406.0,Small
58,2025 Q2,2025-06-30,Pizzeria,35731.0,58480.0,26783.0,26783.0,292401.0,91.0,133915.0,107.0,8948.0,31697.0,426316.0,Small
58,2025 Q3,2025-09-30,Pizzeria,34322.0,55899.0,24930.0,24930.0,279498.0,92.0,124652.0,107.0,9392.0,30969.0,404150.0,Small
59,2024 Q2,2024-06-30,Pizzeria,33357.0,48065.0,20022.0,20022.0,240325.0,91.0,104034.0,115.0,13335.0,28043.0,344359.0,Small
59,2024 Q3,2024-09-30,Pizzeria,32748.0,48444.0,19043.44,19043.44,242222.0,92.0,99120.22,108.0,13704.56,29400.56,341342.22,Small
59,2024 Q4,2024-12-31,Pizzeria,42740.0,62032.0,23496.0,23496.0,310162.0,92.0,121639.0,107.0,19244.0,38536.0,431801.0,Small
59,2025 Q1,2025-03-31,Pizzeria,44088.0,64456.0,24581.0,24581.0,322282.0,91.0,127195.0,107.0,19507.0,39875.0,449477.0,Small
59,2025 Q2,2025-06-30,Pizzeria,41505.0,58540.0,22563.0,22563.0,292701.0,91.0,117323.0,107.0,18942.0,35977.0,410024.0,Small
59,2025 Q3,2025-09-30,Pizzeria,41675.0,58532.0,21702.0,21702.0,292661.0,92.0,113102.0,107.0,19973.0,36830.0,405763.0,Small
60,2024 Q2,2024-06-30,Pizzeria,89542.0,96593.0,45997.0,45997.0,482965.0,91.0,231822.0,115.0,43545.0,50596.0,714787.0,Medium
60,2024 Q3,2024-09-30,Pizzeria,83973.0,93511.0,42395.0,42395.0,467559.0,92.0,213733.0,107.0,41578.0,51116.0,681292.0,Medium
60,2024 Q4,2024-12-31,Pizzeria,89790.0,116008.0,50829.5,50829.5,580043.0,92.0,255965.49,108.0,38960.5,65178.5,836008.49,Medium
60,2025 Q1,2025-03-31,Pizzeria,93927.0,117703.0,51783.0,51783.0,588519.0,91.0,260745.0,107.0,42144.0,65920.0,849264.0,Medium
60,2025 Q2,2025-06-30,Pizzeria,99481.0,105160.0,47129.0,47129.0,525800.0,91.0,237535.0,107.0,52352.0,58031.0,763335.0,Medium
60,2025 Q3,2025-09-30,Pizzeria,93449.0,104063.0,45233.0,45233.0,520317.0,92.0,228072.0,107.0,48216.0,58830.0,748389.0,Medium
61,2024 Q2,2024-06-30,Pizzeria,43101.0,62285.0,32055.0,32055.0,311426.0,91.0,160278.0,115.0,11046.0,30230.0,471704.0,Medium
61,2024 Q3,2024-09-30,Pizzeria,43506.0,65128.0,31561.0,31561.0,325643.0,92.0,157809.0,107.0,11945.0,33567.0,483452.0,Medium
61,2024 Q4,2024-12-31,Pizzeria,48091.0,86030.0,38668.0,38668.0,430151.0,92.0,193341.0,107.0,9423.0,47362.0,623492.0,Medium
61,2025 Q1,2025-03-31,Pizzeria,58790.0,91860.0,41174.36,41174.36,459301.0,91.0,205871.8,108.0,17615.64,50685.64,665172.8,Medium
61,2025 Q2,2025-06-30,Pizzeria,60174.0,85474.0,38844.0,38844.0,427373.0,91.0,194224.0,107.0,21330.0,46630.0,621597.0,Medium
61,2025 Q3,2025-09-30,Pizzeria,58380.0,87395.0,38340.0,38340.0,436975.0,92.0,191701.0,107.0,20040.0,49055.0,628676.0,Medium
62,2024 Q2,2024-06-30,Pizzeria,248079.0,251346.0,88321.0,88321.0,1256731.0,91.0,465269.0,115.0,159758.0,163025.0,1722000.0,Large
62,2024 Q3,2024-09-30,Pizzeria,248990.0,252269.0,83473.0,83473.0,1261347.0,92.0,440810.0,107.0,165517.0,168796.0,1702157.0,Large
62,2024 Q4,2024-12-31,Pizzeria,318371.0,321912.0,103123.0,103123.0,1609560.0,92.0,540520.0,107.0,215248.0,218789.0,2150080.0,Large
62,2025 Q1,2025-03-31,Pizzeria,333513.0,333513.0,107454.0,107454.0,1667568.0,91.0,562885.0,107.0,226059.0,226059.0,2230453.0,Large
62,2025 Q2,2025-06-30,Pizzeria,302152.0,302152.0,98249.0,98249.0,1510762.0,91.0,518086.0,107.0,203903.0,203903.0,2028848.0,Large
62,2025 Q3,2025-09-30,Pizzeria,301464.0,301464.0,94438.0,94438.0,1507320.0,92.0,499485.0,107.0,207026.0,207026.0,2006805.0,Large
63,2024 Q2,2024-06-30,Pizzeria,49377.0,49377.0,20776.0,20776.0,246889.0,91.0,103880.0,115.0,28601.0,28601.0,350769.0,Small
63,2024 Q3,2024-09-30,Pizzeria,48475.0,48475.0,19511.83,19512.83,242376.0,92.0,97564.15,108.0,28963.17,28962.17,339940.15,Small
63,2024 Q4,2024-12-31,Pizzeria,60628.0,60628.0,23118.0,23118.0,303142.0,92.0,115590.0,107.0,37510.0,37510.0,418732.0,Small
63,2025 Q1,2025-03-31,Pizzeria,61647.0,61647.0,23638.0,23638.0,308239.0,91.0,118192.0,107.0,38009.0,38009.0,426431.0,Small
63,2025 Q2,2025-06-30,Pizzeria,54873.0,54873.0,21607.81,21607.81,274369.0,91.0,108041.04,108.0,33265.19,33265.19,382410.04,Small
63,2025 Q3,2025-09-30,Pizzeria,53815.0,53815.0,20631.0,20631.0,269077.0,92.0,103158.0,107.0,33184.0,33184.0,372235.0,Small
64,2024 Q2,2024-06-30,Pizzeria,50491.0,75360.0,28950.23,28950.23,376800.0,91.0,146131.16,116.0,21540.77,46409.77,522931.16,Small
64,2024 Q3,2024-09-30,Pizzeria,54183.0,80630.0,28050.0,28050.0,403154.0,92.0,141677.0,107.0,26133.0,52580.0,544831.0,Small
64,2024 Q4,2024-12-31,Pizzeria,61509.0,91531.0,32483.98,32483.98,457659.0,92.0,163762.91,108.0,29025.02,59047.02,621421.91,Small
64,2025 Q1,2025-03-31,Pizzeria,60252.0,88088.0,30629.0,30629.0,440441.0,91.0,154418.0,107.0,29623.0,57459.0,594859.0,Small
64,2025 Q2,2025-06-30,Pizzeria,50787.0,75129.0,27029.0,27029.0,375646.0,91.0,136425.0,107.0,23758.0,48100.0,512071.0,Small
64,2025 Q3,2025-09-30,Pizzeria,28979.0,44108.0,16416.0,16416.0,220542.0,92.0,82831.0,107.0,12563.0,27692.0,303373.0,Small
65,2024 Q2,2024-06-30,Pizzeria,51751.0,51751.0,21112.0,21112.0,258756.0,91.0,110648.0,115.0,30639.0,30639.0,369404.0,Small
65,2024 Q3,2024-09-30,Pizzeria,47563.0,48189.0,18802.0,18802.0,240949.0,92.0,98691.0,107.0,28761.0,29387.0,339640.0,Small
65,2024 Q4,2024-12-31,Pizzeria,57282.0,57282.0,21856.0,21856.0,286410.0,92.0,113909.0,107.0,35426.0,35426.0,400319.0,Small
65,2025 Q1,2025-03-31,Pizzeria,55393.0,55393.0,21486.0,21486.0,276967.0,91.0,111876.0,107.0,33907.0,33907.0,388843.0,Small
65,2025 Q2,2025-06-30,Pizzeria,46343.0,46906.0,18649.0,18649.0,234533.0,91.0,97594.0,107.0,27694.0,28257.0,332127.0,Small
65,2025 Q3,2025-09-30,Pizzeria,43704.0,43704.0,17073.0,17073.0,218524.0,92.0,89513.0,107.0,26631.0,26631.0,308037.0,Small
66,2024 Q2,2024-06-30,Pizzeria,55436.0,55436.0,25534.0,25534.0,277183.0,91.0,127672.0,115.0,29902.0,29902.0,404855.0,Small
66,2024 Q3,2024-09-30,Pizzeria,53776.0,53776.0,23524.0,23524.0,268883.0,92.0,117624.0,107.0,30252.0,30252.0,386507.0,Small
66,2024 Q4,2024-12-31,Pizzeria,66952.0,66952.0,28228.0,28228.0,334763.0,92.0,141141.0,107.0,38724.0,38724.0,475904.0,Small
66,2025 Q1,2025-03-31,Pizzeria,68347.0,68347.0,29047.0,29047.0,341736.0,91.0,145236.0,107.0,39300.0,39300.0,486972.0,Small
66,2025 Q2,2025-06-30,Pizzeria,61670.0,61669.0,26671.0,26671.0,308349.0,91.0,133355.0,107.0,34999.0,34998.0,441704.0,Small
66,2025 Q3,2025-09-30,Pizzeria,61973.0,61973.0,25897.0,25897.0,309869.0,92.0,129486.0,107.0,36076.0,36076.0,439355.0,Small
67,2024 Q2,2024-06-30,Pizzeria,78204.0,79314.0,37953.0,37953.0,396573.0,91.0,191150.0,115.0,40251.0,41361.0,587723.0,Medium
67,2024 Q3,2024-09-30,Pizzeria,85428.0,86378.0,37899.0,37899.0,431894.0,92.0,190972.0,107.0,47529.0,48479.0,622866.0,Medium
67,2024 Q4,2024-12-31,Pizzeria,102320.0,104302.0,43663.0,43663.0,521514.0,92.0,219783.0,107.0,58657.0,60639.0,741297.0,Medium
67,2025 Q1,2025-03-31,Pizzeria,99748.0,101062.0,43449.0,43449.0,505312.0,91.0,218680.0,107.0,56299.0,57613.0,723992.0,Medium
67,2025 Q2,2025-06-30,Pizzeria,46288.0,47233.0,25174.0,25174.0,236165.0,91.0,126625.0,107.0,21114.0,22059.0,362790.0,Medium
67,2025 Q3,2025-09-30,Pizzeria,76627.0,77952.0,35291.42,35290.42,389760.0,92.0,177768.11,108.0,41335.58,42661.58,567528.11,Medium
68,2024 Q2,2024-06-30,Pizzeria,85924.0,85924.0,34664.0,34664.0,429622.0,91.0,173323.0,115.0,51260.0,51260.0,602945.0,Small
68,2024 Q3,2024-09-30,Pizzeria,80737.0,80737.0,30615.0,30615.0,403689.0,92.0,153076.0,107.0,50122.0,50122.0,556765.0,Small
68,2024 Q4,2024-12-31,Pizzeria,76348.0,77275.0,29324.0,29324.0,386375.0,92.0,146623.0,107.0,47024.0,47951.0,532998.0,Small
68,2025 Q1,2025-03-31,Pizzeria,58390.0,58390.0,23495.0,23495.0,291954.0,91.0,117477.0,107.0,34895.0,34895.0,409431.0,Small
68,2025 Q2,2025-06-30,Pizzeria,53382.0,53382.0,22124.0,22124.0,266913.0,91.0,110622.0,107.0,31258.0,31258.0,377535.0,Small
68,2025 Q3,2025-09-30,Pizzeria,69684.0,69684.0,26626.0,26626.0,348423.0,92.0,133132.0,107.0,43058.0,43058.0,481555.0,Small
69,2024 Q2,2024-06-30,Pizzeria,43261.0,55463.0,25232.0,25232.0,277316.0,91.0,127184.0,115.0,18029.0,30231.0,404500.0,Small
69,2024 Q3,2024-09-30,Pizzeria,41214.0,52237.0,22693.0,22693.0,261185.0,92.0,114420.0,107.0,18521.0,29544.0,375605.0,Small
69,2024 Q4,2024-12-31,Pizzeria,48735.0,62803.0,26497.0,26497.0,314016.0,92.0,133441.0,107.0,22238.0,36306.0,447457.0,Small
69,2025 Q1,2025-03-31,Pizzeria,47927.0,61445.0,27673.29,27673.29,307226.0,91.0,139293.44,108.0,20253.71,33771.71,446519.44,Small
69,2025 Q2,2025-06-30,Pizzeria,41550.0,52661.0,23081.0,23081.0,263305.0,91.0,116324.0,107.0,18469.0,29580.0,379629.0,Small
69,2025 Q3,2025-09-30,Pizzeria,38616.0,49699.0,21348.0,21348.0,248495.0,92.0,107623.0,107.0,17268.0,28351.0,356118.0,Small
70,2024 Q2,2024-06-30,Pizzeria,84266.0,95757.0,38882.0,38882.0,478789.0,91.0,203704.0,115.0,45384.0,56875.0,682493.0,Medium
70,2024 Q3,2024-09-30,Pizzeria,77068.0,87478.0,36462.08,36462.08,437392.0,92.0,190700.42,108.0,40605.92,51015.92,628092.42,Medium
70,2024 Q4,2024-12-31,Pizzeria,89056.0,101895.0,39029.0,39029.0,509478.0,92.0,203279.0,107.0,50027.0,62866.0,712757.0,Medium
70,2025 Q1,2025-03-31,Pizzeria,85594.0,96390.0,37674.0,37674.0,481954.0,91.0,196007.0,107.0,47920.0,58716.0,677961.0,Medium
70,2025 Q2,2025-06-30,Pizzeria,69799.0,79679.0,32092.0,32092.0,398399.0,91.0,167756.0,107.0,37707.0,47587.0,566155.0,Medium
70,2025 Q3,2025-09-30,Pizzeria,63643.0,72240.0,28852.0,28852.0,361204.0,92.0,151035.0,107.0,34791.0,43388.0,512239.0,Medium
71,2024 Q2,2024-06-30,Pizzeria,125949.0,127479.0,60980.0,60980.0,637399.0,91.0,304904.0,115.0,64969.0,66499.0,942303.0,Large
71,2024 Q3,2024-09-30,Pizzeria,124609.0,126250.0,57402.0,57402.0,631251.0,92.0,287013.0,107.0,67207.0,68848.0,918264.0,Large
71,2024 Q4,2024-12-31,Pizzeria,156966.0,159195.0,69135.0,69135.0,795979.0,92.0,345677.0,107.0,87831.0,90060.0,1141656.0,Large
71,2025 Q1,2025-03-31,Pizzeria,161019.0,163141.0,75353.53,75353.53,815705.0,91.0,376771.65,108.0,85665.47,87787.47,1192476.65,Large
71,2025 Q2,2025-06-30,Pizzeria,144117.0,146312.0,65100.0,65100.0,731563.0,91.0,325500.0,107.0,79017.0,81212.0,1057063.0,Large
71,2025 Q3,2025-09-30,Pizzeria,142115.0,144573.0,62510.0,62510.0,722866.0,92.0,312553.0,107.0,79605.0,82063.0,1035419.0,Large
72,2024 Q2,2024-06-30,Pizzeria,57142.0,69431.0,31995.0,31995.0,347158.0,91.0,165854.0,115.0,25147.0,37436.0,513012.0,Medium
72,2024 Q3,2024-09-30,Pizzeria,52629.0,67560.0,29828.71,29828.71,337801.0,92.0,154793.57,108.0,22800.29,37731.29,492594.57,Medium
72,2024 Q4,2024-12-31,Pizzeria,53195.0,84303.0,35429.0,35429.0,421518.0,92.0,183472.79,108.0,17766.0,48874.0,604990.79,Medium
72,2025 Q1,2025-03-31,Pizzeria,44267.0,86123.0,36378.0,36378.0,430616.0,91.0,187843.0,107.0,7889.0,49745.0,618459.0,Medium
72,2025 Q2,2025-06-30,Pizzeria,41896.0,77586.0,33375.0,33375.0,387931.0,91.0,173591.66,108.0,8521.0,44211.0,561522.66,Medium
72,2025 Q3,2025-09-30,Pizzeria,52308.0,77609.0,32325.0,32325.0,388045.0,92.0,167952.0,107.0,19983.0,45284.0,555997.0,Medium
73,2024 Q2,2024-06-30,Pizzeria,34781.0,52223.0,21251.0,21251.0,261119.0,91.0,110821.0,115.0,13530.0,30972.0,371940.0,Small
73,2024 Q3,2024-09-30,Pizzeria,43692.0,60599.0,22811.0,22811.0,302996.0,92.0,119315.0,107.0,20881.0,37788.0,422311.0,Small
73,2024 Q4,2024-12-31,Pizzeria,60524.0,89798.0,31882.0,31882.0,448990.0,92.0,165835.0,107.0,28642.0,57916.0,614825.0,Small
73,2025 Q1,2025-03-31,Pizzeria,57074.0,82477.0,29689.0,29689.0,412389.0,91.0,154244.0,107.0,27385.0,52788.0,566633.0,Small
73,2025 Q2,2025-06-30,Pizzeria,38196.0,56420.0,21465.0,21465.0,282100.0,91.0,111925.0,107.0,16731.0,34955.0,394025.0,Small
73,2025 Q3,2025-09-30,Pizzeria,38886.0,55079.0,21636.47,21636.47,275398.0,92.0,112793.33,108.0,17249.53,33442.53,388191.33,Small
74,2024 Q2,2024-06-30,Pizzeria,230788.0,230787.0,97770.0,97770.0,1153939.0,91.0,488851.0,115.0,133018.0,133017.0,1642790.0,Large
74,2024 Q3,2024-09-30,Pizzeria,217811.0,217811.0,87766.0,87766.0,1089057.0,92.0,438834.0,107.0,130045.0,130045.0,1527891.0,Large
74,2024 Q4,2024-12-31,Pizzeria,269535.0,269535.0,105283.0,105283.0,1347679.0,92.0,526419.0,107.0,164252.0,164252.0,1874098.0,Large
74,2025 Q1,2025-03-31,Pizzeria,263780.0,266984.0,105531.0,105531.0,1334921.0,91.0,527659.0,107.0,158249.0,161453.0,1862580.0,Large
74,2025 Q2,2025-06-30,Pizzeria,231196.0,231196.0,93256.0,93256.0,1155983.0,91.0,466281.0,107.0,137940.0,137940.0,1622264.0,Large
74,2025 Q3,2025-09-30,Pizzeria,219665.0,219665.0,86394.0,86394.0,1098329.0,92.0,431973.0,107.0,133271.0,133271.0,1530302.0,Large
75,2024 Q2,2024-06-30,Pizzeria,124336.0,126615.0,56015.6,56015.6,633075.0,91.0,294541.98,116.0,68320.4,70599.4,927616.98,Medium
75,2024 Q3,2024-09-30,Pizzeria,102425.0,103669.0,42669.0,42669.0,518347.0,92.0,225003.0,107.0,59756.0,61000.0,743350.0,Medium
75,2024 Q4,2024-12-31,Pizzeria,143834.0,150140.0,58442.0,58442.0,750701.0,92.0,306146.0,107.0,85392.0,91698.0,1056847.0,Medium
75,2025 Q1,2025-03-31,Pizzeria,142869.0,146232.0,57125.0,57125.0,731163.0,91.0,298914.0,107.0,85744.0,89107.0,1030077.0,Medium
75,2025 Q2,2025-06-30,Pizzeria,112641.0,114240.0,46518.96,46518.96,571202.0,91.0,244612.82,108.0,66122.04000000001,67721.04000000001,815814.8200000001,Medium
75,2025 Q3,2025-09-30,Pizzeria,93864.0,95585.0,39142.0,39142.0,477929.0,92.0,206166.0,107.0,54722.0,56443.0,684095.0,Medium
76,2024 Q2,2024-06-30,Pizzeria,50070.0,57684.0,25895.0,25895.0,288422.0,91.0,129477.0,115.0,24175.0,31789.0,417899.0,Small
76,2024 Q3,2024-09-30,Pizzeria,50726.0,56868.0,24218.0,24218.0,284340.0,92.0,121091.0,107.0,26508.0,32650.0,405431.0,Small
76,2024 Q4,2024-12-31,Pizzeria,53990.0,71416.0,29221.0,29221.0,357081.0,92.0,146106.0,107.0,24769.0,42195.0,503187.0,Small
76,2025 Q1,2025-03-31,Pizzeria,61246.0,72912.0,30041.0,30041.0,364562.0,91.0,150208.0,107.0,31205.0,42871.0,514770.0,Small
76,2025 Q2,2025-06-30,Pizzeria,58844.0,65165.0,28963.24,28963.24,325825.0,91.0,144817.2,109.0,29880.76,36201.76,470642.2,Small
76,2025 Q3,2025-09-30,Pizzeria,56091.0,64177.0,26323.55,26323.55,320888.0,92.0,131618.76,108.0,29767.45,37853.45,452506.76,Small
77,2024 Q2,2024-06-30,Pizzeria,58690.0,66241.0,27049.2,27049.2,331208.0,91.0,140378.0,116.0,31640.8,39191.8,471586.0,Small
77,2024 Q3,2024-09-30,Pizzeria,53154.0,60334.0,22450.0,22450.0,301673.0,92.0,116871.0,107.0,30704.0,37884.0,418544.0,Small
77,2024 Q4,2024-12-31,Pizzeria,62782.0,70069.0,25718.0,25718.0,350348.0,92.0,133057.0,107.0,37064.0,44351.0,483405.0,Small
77,2025 Q1,2025-03-31,Pizzeria,59275.0,66081.0,24750.0,24750.0,330407.0,91.0,127931.0,107.0,34525.0,41331.0,458338.0,Small
77,2025 Q2,2025-06-30,Pizzeria,48407.0,54451.0,20894.0,20894.0,272258.0,91.0,108451.0,107.0,27513.0,33557.0,380709.0,Small
77,2025 Q3,2025-09-30,Pizzeria,43394.0,49199.0,18573.0,18573.0,245995.0,92.0,96551.0,107.0,24821.0,30626.0,342546.0,Small
78,2024 Q2,2024-06-30,Pizzeria,63206.0,63206.0,28120.0,28120.0,316032.0,91.0,141848.0,115.0,35086.0,35086.0,457880.0,Small
78,2024 Q3,2024-09-30,Pizzeria,60602.0,61400.0,25987.0,25987.0,307004.0,92.0,131132.0,107.0,34615.0,35413.0,438136.0,Small
78,2024 Q4,2024-12-31,Pizzeria,75708.0,76628.0,31377.0,31377.0,383144.0,92.0,158132.0,107.0,44331.0,45251.0,541276.0,Small
78,2025 Q1,2025-03-31,Pizzeria,78531.0,78531.0,32533.61,32533.61,392657.0,91.0,163935.07,108.0,45997.39,45997.39,556592.0700000001,Small
78,2025 Q2,2025-06-30,Pizzeria,70430.0,71285.0,29708.0,29708.0,356425.0,91.0,149873.0,107.0,40722.0,41577.0,506298.0,Small
78,2025 Q3,2025-09-30,Pizzeria,71407.0,72274.0,29099.0,29099.0,361374.0,92.0,146870.0,107.0,42308.0,43175.0,508244.0,Small
79,2024 Q2,2024-06-30,Pizzeria,46246.0,52853.0,23309.0,23309.0,264267.0,91.0,116546.0,115.0,22937.0,29544.0,380813.0,Small
79,2024 Q3,2024-09-30,Pizzeria,61983.0,71990.0,29190.0,29190.0,359950.0,92.0,145951.0,107.0,32793.0,42800.0,505901.0,Small
79,2024 Q4,2024-12-31,Pizzeria,64398.0,74535.0,29640.0,29640.0,372677.0,92.0,148203.0,107.0,34758.0,44895.0,520880.0,Small
79,2025 Q1,2025-03-31,Pizzeria,53301.0,61336.0,25001.0,25001.0,306684.0,91.0,125006.0,107.0,28300.0,36335.0,431690.0,Small
79,2025 Q2,2025-06-30,Pizzeria,56563.0,64866.0,27428.82,27428.82,324334.0,91.0,137146.11,108.0,29134.18,37437.18,461480.11,Small
79,2025 Q3,2025-09-30,Pizzeria,62623.0,71981.0,27865.0,27865.0,359909.0,92.0,139325.0,107.0,34758.0,44116.0,499234.0,Small
80,2024 Q2,2024-06-30,Pizzeria,96968.0,98245.0,47257.79,47257.79,491228.0,91.0,236291.96,116.0,49710.21,50987.21,727519.96,Medium
80,2024 Q3,2024-09-30,Pizzeria,95269.0,95269.0,40912.0,40912.0,476349.0,92.0,204564.0,107.0,54357.0,54357.0,680913.0,Medium
80,2024 Q4,2024-12-31,Pizzeria,116903.0,118443.0,48570.0,48570.0,592217.0,92.0,242853.0,107.0,68333.0,69873.0,835070.0,Medium
80,2025 Q1,2025-03-31,Pizzeria,120474.0,120474.0,49728.0,49728.0,602372.0,91.0,248643.0,107.0,70746.0,70746.0,851015.0,Medium
80,2025 Q2,2025-06-30,Pizzeria,107896.0,107896.0,45614.0,45614.0,539484.0,91.0,228071.0,107.0,62282.0,62282.0,767555.0,Medium
80,2025 Q3,2025-09-30,Pizzeria,106957.0,106957.0,43873.0,43873.0,534786.0,92.0,219368.0,107.0,63084.0,63084.0,754154.0,Medium
81,2024 Q2,2024-06-30,Pizzeria,54471.0,54471.0,25347.0,25347.0,272358.0,91.0,127780.0,115.0,29124.0,29124.0,400138.0,Small
81,2024 Q3,2024-09-30,Pizzeria,55878.0,55878.0,24346.0,24346.0,279390.0,92.0,122778.0,107.0,31532.0,31532.0,402168.0,Small
81,2024 Q4,2024-12-31,Pizzeria,60911.0,60911.0,26031.0,26031.0,304556.0,92.0,131101.0,107.0,34880.0,34880.0,435657.0,Small
81,2025 Q1,2025-03-31,Pizzeria,51458.0,52189.0,23342.0,23342.0,260948.0,91.0,117522.0,107.0,28116.0,28847.0,378470.0,Small
81,2025 Q2,2025-06-30,Pizzeria,47548.0,47548.0,23488.65,23488.65,237743.0,91.0,118304.25,108.0,24059.35,24059.35,356047.25,Small
81,2025 Q3,2025-09-30,Pizzeria,52926.0,53569.0,23143.0,23143.0,267845.0,92.0,116699.0,107.0,29783.0,30426.0,384544.0,Small
82,2024 Q2,2024-06-30,Pizzeria,61876.0,62628.0,29178.0,29178.0,313143.0,91.0,147126.0,115.0,32698.0,33450.0,460269.0,Small
82,2024 Q3,2024-09-30,Pizzeria,44167.0,44931.0,21291.0,21291.0,224656.0,92.0,107341.0,107.0,22876.0,23640.0,331997.0,Small
82,2024 Q4,2024-12-31,Pizzeria,42205.0,43918.0,20599.0,20599.0,219593.0,92.0,103703.0,107.0,21606.0,23319.0,323296.0,Small
82,2025 Q1,2025-03-31,Pizzeria,54152.0,55257.0,26142.0,26142.0,276287.0,91.0,131648.0,107.0,28010.0,29115.0,407935.0,Small
82,2025 Q2,2025-06-30,Pizzeria,58573.0,59343.0,26270.0,26270.0,296719.0,91.0,132428.0,107.0,32303.0,33073.0,429147.0,Small
82,2025 Q3,2025-09-30,Pizzeria,35643.0,36370.0,17680.0,17680.0,181850.0,92.0,89088.0,107.0,17963.0,18690.0,270938.0,Small
83,2024 Q2,2024-06-30,Pizzeria,58394.0,65099.0,31906.0,31906.0,325497.0,91.0,159532.0,115.0,26488.0,33193.0,485029.0,Medium
83,2024 Q3,2024-09-30,Pizzeria,60735.0,67709.0,31271.0,31271.0,338549.0,92.0,156355.0,107.0,29464.0,36438.0,494904.0,Medium
83,2024 Q4,2024-12-31,Pizzeria,79726.0,89079.0,38083.0,38083.0,445397.0,92.0,190419.0,107.0,41643.0,50996.0,635816.0,Medium
83,2025 Q1,2025-03-31,Pizzeria,84104.0,94818.0,40317.0,40317.0,474090.0,91.0,201586.0,107.0,43787.0,54501.0,675676.0,Medium
83,2025 Q2,2025-06-30,Pizzeria,77714.0,88011.0,38160.0,38160.0,440058.0,91.0,190804.0,107.0,39554.0,49851.0,630862.0,Medium
83,2025 Q3,2025-09-30,Pizzeria,79936.0,89816.0,37576.0,37576.0,449082.0,92.0,187884.0,107.0,42360.0,52240.0,636966.0,Medium
84,2024 Q2,2024-06-30,Pizzeria,46196.0,62596.0,27800.0,27800.0,312980.0,91.0,144732.0,115.0,18396.0,34796.0,457712.0,Small
84,2024 Q3,2024-09-30,Pizzeria,45097.0,60859.0,25625.0,25625.0,304299.0,92.0,133632.0,107.0,19472.0,35234.0,437931.0,Small
84,2024 Q4,2024-12-31,Pizzeria,57003.0,76004.0,31108.0,31108.0,380022.0,92.0,161267.0,107.0,25895.0,44896.0,541289.0,Small
84,2025 Q1,2025-03-31,Pizzeria,58508.0,77907.0,32117.0,32117.0,389538.0,91.0,166414.0,107.0,26391.0,45790.0,555952.0,Small
84,2025 Q2,2025-06-30,Pizzeria,53218.0,70674.0,29395.0,29395.0,353372.0,91.0,153093.0,107.0,23823.0,41279.0,506465.0,Small
84,2025 Q3,2025-09-30,Pizzeria,63937.0,71518.0,28642.0,28642.0,357594.0,92.0,149516.0,107.0,35295.0,42876.0,507110.0,Small
85,2024 Q2,2024-06-30,Pizzeria,203932.0,207459.0,88518.0,88518.0,1037296.0,91.0,464867.0,115.0,115414.0,118941.0,1502163.0,Large
85,2024 Q3,2024-09-30,Pizzeria,166491.0,170410.0,70195.0,70195.0,852053.0,92.0,368809.0,107.0,96296.0,100215.0,1220862.0,Large
85,2024 Q4,2024-12-31,Pizzeria,245664.0,248648.0,99657.0,99657.0,1243241.0,92.0,520654.0,107.0,146007.0,148991.0,1763895.0,Large
85,2025 Q1,2025-03-31,Pizzeria,277234.0,285514.0,109610.0,109610.0,1427574.0,91.0,572531.0,107.0,167624.0,175904.0,2000105.0,Large
85,2025 Q2,2025-06-30,Pizzeria,173783.0,178973.0,74676.0,74676.0,894866.0,91.0,391507.0,107.0,99107.0,104297.0,1286373.0,Large
85,2025 Q3,2025-09-30,Pizzeria,235398.0,242179.0,92932.0,92932.0,1210896.0,92.0,489340.0,107.0,142466.0,149247.0,1700236.0,Large
86,2024 Q2,2024-06-30,Pizzeria,96047.0,97214.0,40425.0,40425.0,486074.0,91.0,210144.0,115.0,55622.0,56789.0,696218.0,Medium
86,2024 Q3,2024-09-30,Pizzeria,64945.0,64945.0,27851.46,27851.46,324727.0,92.0,144417.3,108.0,37093.54,37093.54,469144.3,Medium
86,2024 Q4,2024-12-31,Pizzeria,153597.0,153597.0,57681.0,57681.0,767985.0,92.0,298988.0,107.0,95916.0,95916.0,1066973.0,Medium
86,2025 Q1,2025-03-31,Pizzeria,104413.0,104413.0,40177.0,40177.0,522068.0,91.0,207630.0,107.0,64236.0,64236.0,729698.0,Medium
86,2025 Q2,2025-06-30,Pizzeria,79922.0,80811.0,33483.0,33483.0,404057.0,91.0,173666.0,107.0,46439.0,47328.0,577723.0,Medium
86,2025 Q3,2025-09-30,Pizzeria,143597.0,145194.0,52971.0,52971.0,725970.0,92.0,276671.0,107.0,90626.0,92223.0,1002641.0,Medium
87,2024 Q2,2024-06-30,Pizzeria,49792.0,49792.0,21801.13,21801.13,248964.0,91.0,113071.64,116.0,27990.87,27990.87,362035.64,Small
87,2024 Q3,2024-09-30,Pizzeria,31134.0,31608.0,14385.0,14385.0,158043.0,92.0,74646.0,107.0,16749.0,17223.0,232689.0,Small
87,2024 Q4,2024-12-31,Pizzeria,87696.0,89486.0,32550.0,32550.0,447433.0,92.0,168925.0,107.0,55146.0,56936.0,616358.0,Small
87,2025 Q1,2025-03-31,Pizzeria,43765.0,44522.0,19721.13,19721.13,222612.0,91.0,101691.64,108.0,24043.87,24800.87,324303.64,Small
87,2025 Q2,2025-06-30,Pizzeria,47526.0,48250.0,19910.0,19910.0,241254.0,91.0,103548.0,107.0,27616.0,28340.0,344802.0,Small
87,2025 Q3,2025-09-30,Pizzeria,59914.0,60580.0,22364.0,22364.0,302903.0,92.0,116775.0,107.0,37550.0,38216.0,419678.0,Small
88,2024 Q2,2024-06-30,Pizzeria,58139.0,74251.0,31520.83,31520.83,371259.0,91.0,165229.14,116.0,26618.17,42730.17,536488.14,Medium
88,2024 Q3,2024-09-30,Pizzeria,44966.0,72879.0,29356.0,29356.0,364396.0,92.0,154176.0,107.0,15610.0,43523.0,518572.0,Medium
88,2024 Q4,2024-12-31,Pizzeria,45686.0,92108.0,35426.0,35426.0,460540.0,92.0,184912.0,107.0,10260.0,56682.0,645452.0,Medium
88,2025 Q1,2025-03-31,Pizzeria,50247.0,95708.0,36931.0,36931.0,478544.0,91.0,192789.64,108.0,13316.0,58777.0,671333.64,Medium
88,2025 Q2,2025-06-30,Pizzeria,59721.0,87954.0,34353.0,34353.0,439771.0,91.0,180309.0,107.0,25368.0,53601.0,620080.0,Medium
88,2025 Q3,2025-09-30,Pizzeria,72721.0,89779.0,33694.0,33694.0,448898.0,92.0,177346.0,107.0,39027.0,56085.0,626244.0,Medium
89,2024 Q2,2024-06-30,Pizzeria,29862.0,40354.0,19526.0,19526.0,201772.0,91.0,98396.0,115.0,10336.0,20828.0,300168.0,Small
89,2024 Q3,2024-09-30,Pizzeria,40365.0,60608.0,28007.74,28007.74,303043.0,92.0,141158.67,109.0,12357.260000000002,32600.26,444201.67,Small
89,2024 Q4,2024-12-31,Pizzeria,43398.0,81729.0,32172.0,32172.0,408645.0,92.0,162095.0,107.0,11226.0,49557.0,570740.0,Small
89,2025 Q1,2025-03-31,Pizzeria,33766.0,55445.0,23406.0,23406.0,277226.0,91.0,117858.0,107.0,10360.0,32039.0,395084.0,Small
89,2025 Q2,2025-06-30,Pizzeria,28862.0,39700.0,18419.0,18419.0,198503.0,91.0,92805.0,107.0,10443.0,21281.0,291308.0,Small
89,2025 Q3,2025-09-30,Pizzeria,41226.0,59489.0,24356.0,24356.0,297446.0,92.0,122843.0,107.0,16870.0,35133.0,420289.0,Small
90,2024 Q2,2024-06-30,Pizzeria,34004.0,40146.0,19599.0,19599.0,200734.0,91.0,98764.0,115.0,14405.0,20547.0,299498.0,Small
90,2024 Q3,2024-09-30,Pizzeria,57223.0,67640.0,27511.14,27511.14,338200.0,92.0,138814.69,108.0,29711.86,40128.86,477014.69,Small
90,2024 Q4,2024-12-31,Pizzeria,32290.0,42939.0,19423.0,19423.0,214697.0,92.0,97789.0,107.0,12867.0,23516.0,312486.0,Small
90,2025 Q1,2025-03-31,Pizzeria,45433.0,55204.0,24404.0,24404.0,276022.0,91.0,122975.75,108.0,21029.0,30800.0,398997.75,Small
90,2025 Q2,2025-06-30,Pizzeria,56771.0,64512.0,26053.0,26053.0,322562.0,91.0,131350.0,107.0,30718.0,38459.0,453912.0,Small
90,2025 Q3,2025-09-30,Pizzeria,54594.0,63778.0,26112.0,26112.0,318892.0,92.0,131720.0,107.0,28482.0,37666.0,450612.0,Small
91,2024 Q2,2024-06-30,Pizzeria,214207.0,243694.0,96355.0,96355.0,1218473.0,91.0,503102.0,115.0,117852.0,147339.0,1721575.0,Large
91,2024 Q3,2024-09-30,Pizzeria,206993.0,232055.0,86745.0,86745.0,1160278.0,92.0,453767.0,107.0,120248.0,145310.0,1614045.0,Large
91,2024 Q4,2024-12-31,Pizzeria,248645.0,281591.0,103358.0,103358.0,1407955.0,92.0,537047.0,107.0,145287.0,178233.0,1945002.0,Large
91,2025 Q1,2025-03-31,Pizzeria,250895.0,281272.0,104413.0,104413.0,1406364.0,91.0,542156.0,107.0,146482.0,176859.0,1948520.0,Large
91,2025 Q2,2025-06-30,Pizzeria,214200.0,241761.0,95547.33,95547.33,1208806.0,91.0,497719.63,108.0,118652.67,146213.66999999998,1706525.63,Large
91,2025 Q3,2025-09-30,Pizzeria,205785.0,232790.0,85091.0,85091.0,1163950.0,92.0,445094.0,107.0,120694.0,147699.0,1609044.0,Large
92,2024 Q2,2024-06-30,Pizzeria,45123.0,53400.0,21070.0,21070.0,267000.0,91.0,110709.0,115.0,24053.0,32330.0,377709.0,Small
92,2024 Q3,2024-09-30,Pizzeria,44516.0,52187.0,19544.0,19544.0,260936.0,92.0,102893.0,107.0,24972.0,32643.0,363829.0,Small
92,2024 Q4,2024-12-31,Pizzeria,55736.0,65341.0,23577.0,23577.0,326707.0,92.0,123280.0,107.0,32159.0,41764.0,449987.0,Small
92,2025 Q1,2025-03-31,Pizzeria,56306.0,66872.0,24294.0,24294.0,334360.0,91.0,126949.0,107.0,32012.0,42578.0,461309.0,Small
92,2025 Q2,2025-06-30,Pizzeria,51120.0,60212.0,22188.0,22188.0,301061.0,91.0,116649.0,107.0,28932.0,38024.0,417710.0,Small
92,2025 Q3,2025-09-30,Pizzeria,51195.0,60017.0,21351.0,21351.0,300085.0,92.0,112555.0,107.0,29844.0,38666.0,412640.0,Small
93,2024 Q2,2024-06-30,Pizzeria,199943.0,229819.0,104804.0,104804.0,1149097.0,91.0,524021.0,115.0,95139.0,125015.0,1673118.0,Large
93,2024 Q3,2024-09-30,Pizzeria,188460.0,218378.0,94906.0,94905.0,1091893.0,92.0,474529.0,107.0,93554.0,123473.0,1566422.0,Large
93,2024 Q4,2024-12-31,Pizzeria,231396.0,267201.0,112362.0,112362.0,1336006.0,92.0,561811.0,107.0,119034.0,154839.0,1897817.0,Large
93,2025 Q1,2025-03-31,Pizzeria,229141.0,264597.0,112501.0,112501.0,1322988.0,91.0,562505.0,107.0,116640.0,152096.0,1885493.0,Large
93,2025 Q2,2025-06-30,Pizzeria,200988.0,230755.0,100343.0,100343.0,1153777.0,91.0,501715.0,107.0,100645.0,130412.0,1655492.0,Large
93,2025 Q3,2025-09-30,Pizzeria,189244.0,219540.0,93299.0,93299.0,1097704.0,92.0,466496.0,107.0,95945.0,126241.0,1564200.0,Large
94,2024 Q2,2024-06-30,Pizzeria,51965.0,57611.0,27367.13,27367.13,288058.0,91.0,138177.02,118.0,24597.87,30243.87,426235.02,Small
94,2024 Q3,2024-09-30,Pizzeria,38699.0,42809.0,19321.0,19321.0,214045.0,92.0,97475.0,107.0,19378.0,23488.0,311520.0,Small
94,2024 Q4,2024-12-31,Pizzeria,75045.0,83943.0,35784.0,35784.0,419718.0,92.0,180386.0,107.0,39261.0,48159.0,600104.0,Small
94,2025 Q1,2025-03-31,Pizzeria,54137.0,59886.0,25319.0,25319.0,299432.0,91.0,127572.0,107.0,28818.0,34567.0,427004.0,Small
94,2025 Q2,2025-06-30,Pizzeria,67932.0,75987.0,32065.0,32065.0,379937.0,91.0,161796.0,107.0,35867.0,43922.0,541733.0,Small
94,2025 Q3,2025-09-30,Pizzeria,40946.0,46059.0,20201.0,20201.0,230299.0,92.0,102006.96,108.0,20745.0,25858.0,332305.96,Small
95,2024 Q2,2024-06-30,Pizzeria,211230.0,241130.0,103774.0,103774.0,1205652.0,91.0,540208.0,115.0,107456.0,137356.0,1745860.0,Large
95,2024 Q3,2024-09-30,Pizzeria,192988.0,230847.0,95044.07,95044.07,1154236.0,92.0,495416.36,108.0,97943.93,135802.93,1649652.36,Large
95,2024 Q4,2024-12-31,Pizzeria,221139.0,285341.0,113742.0,113742.0,1426708.0,92.0,589442.0,107.0,107397.0,171599.0,2016150.0,Large
95,2025 Q1,2025-03-31,Pizzeria,242489.0,281637.0,114685.27,114685.27,1408187.0,91.0,593768.33,108.0,127803.73,166951.72999999998,2001955.33,Large
95,2025 Q2,2025-06-30,Pizzeria,218390.0,242925.0,99536.0,99536.0,1214625.0,91.0,517955.0,107.0,118854.0,143389.0,1732580.0,Large
95,2025 Q3,2025-09-30,Pizzeria,201021.0,233474.0,93410.92,93410.92,1167373.0,92.0,486952.58,108.0,107610.08,140063.08000000002,1654325.58,Large
96,2024 Q2,2024-06-30,Pizzeria,42250.0,51462.0,25144.0,25144.0,257310.0,91.0,130587.0,115.0,17106.0,26318.0,387897.0,Small
96,2024 Q3,2024-09-30,Pizzeria,48254.0,58419.0,27389.0,27389.0,292096.0,92.0,142599.0,107.0,20865.0,31030.0,434695.0,Small
96,2024 Q4,2024-12-31,Pizzeria,80024.0,96999.0,39098.0,39098.0,484996.0,92.0,202758.0,107.0,40926.0,57901.0,687754.0,Small
96,2025 Q1,2025-03-31,Pizzeria,77806.0,93742.0,40370.0,40370.0,468713.0,91.0,209222.0,107.0,37436.0,53372.0,677935.0,Small
96,2025 Q2,2025-06-30,Pizzeria,47600.0,56938.0,25523.0,25523.0,284693.0,91.0,132606.0,107.0,22077.0,31415.0,417299.0,Small
96,2025 Q3,2025-09-30,Pizzeria,53135.0,63788.0,27456.0,27456.0,318940.0,92.0,143014.0,107.0,25679.0,36332.0,461954.0,Small
97,2024 Q2,2024-06-30,Pizzeria,107410.0,111885.0,49731.0,49731.0,559427.0,91.0,248657.0,115.0,57679.0,62154.0,808084.0,Medium
97,2024 Q3,2024-09-30,Pizzeria,102516.0,107010.0,45878.0,45878.0,535054.0,92.0,229391.0,107.0,56638.0,61132.0,764445.0,Medium
97,2024 Q4,2024-12-31,Pizzeria,148348.0,154852.0,62341.37,62341.37,774263.0,92.0,311706.84,108.0,86006.63,92510.63,1085969.84,Medium
97,2025 Q1,2025-03-31,Pizzeria,151446.0,157921.0,63173.0,63173.0,789605.0,91.0,315869.0,107.0,88273.0,94748.0,1105474.0,Medium
97,2025 Q2,2025-06-30,Pizzeria,111989.0,116777.0,49069.0,49069.0,583887.0,91.0,245345.0,107.0,62920.0,67708.0,829232.0,Medium
97,2025 Q3,2025-09-30,Pizzeria,99034.0,103484.0,43477.0,43477.0,517421.0,92.0,217385.0,107.0,55557.0,60007.0,734806.0,Medium
98,2024 Q2,2024-06-30,Pizzeria,128115.0,145585.0,64786.0,64786.0,727929.0,91.0,323932.0,115.0,63329.0,80799.0,1051861.0,Large
98,2024 Q3,2024-09-30,Pizzeria,167446.0,211689.0,83685.83,83685.83,1058448.0,92.0,418429.13,108.0,83760.17,128003.17,1476877.13,Large
98,2024 Q4,2024-12-31,Pizzeria,139945.0,184138.0,76894.0,76894.0,920693.0,92.0,384470.0,107.0,63051.0,107244.0,1305163.0,Large
98,2025 Q1,2025-03-31,Pizzeria,160833.0,198805.0,78364.0,78364.0,994027.0,91.0,391822.0,107.0,82469.0,120441.0,1385849.0,Large
98,2025 Q2,2025-06-30,Pizzeria,138747.0,149997.0,65161.0,65161.0,749989.0,91.0,325808.0,107.0,73586.0,84836.0,1075797.0,Large
98,2025 Q3,2025-09-30,Pizzeria,154752.0,166579.0,67295.0,67295.0,832896.0,92.0,336476.0,107.0,87457.0,99284.0,1169372.0,Large
99,2024 Q2,2024-06-30,Pizzeria,50888.0,61017.0,33912.72,33912.72,305085.0,91.0,169566.58,117.0,16975.28,27104.28,474651.58,Medium
99,2024 Q3,2024-09-30,Pizzeria,74149.0,89015.0,39903.0,39903.0,445075.0,92.0,199517.0,107.0,34246.0,49112.0,644592.0,Medium
99,2024 Q4,2024-12-31,Pizzeria,84080.0,101792.0,46869.0,46869.0,508964.0,92.0,234346.0,107.0,37211.0,54923.0,743310.0,Medium
99,2025 Q1,2025-03-31,Pizzeria,61561.0,74619.0,35627.0,35627.0,373098.0,91.0,178137.0,107.0,25934.0,38992.0,551235.0,Medium
99,2025 Q2,2025-06-30,Pizzeria,56071.0,67883.0,33864.0,33864.0,339416.0,91.0,169323.0,107.0,22207.0,34019.0,508739.0,Medium
99,2025 Q3,2025-09-30,Pizzeria,55167.0,65753.0,32101.2,32101.2,328765.0,92.0,160508.0,108.0,23065.8,33651.8,489273.0,Medium
100,2024 Q2,2024-06-30,Pizzeria,88091.0,88091.0,45515.77,45515.77,440458.0,91.0,229559.86,116.0,42575.23,42575.23,670017.86,Medium
100,2024 Q3,2024-09-30,Pizzeria,86088.0,86088.0,42132.0,42132.0,430443.0,92.0,212574.0,107.0,43956.0,43956.0,643017.0,Medium
100,2024 Q4,2024-12-31,Pizzeria,107228.0,107228.0,50480.0,50480.0,536141.0,92.0,254385.0,107.0,56748.0,56748.0,790526.0,Medium
100,2025 Q1,2025-03-31,Pizzeria,108612.0,108612.0,51525.0,51525.0,543064.0,91.0,259622.0,107.0,57087.0,57087.0,802686.0,Medium
100,2025 Q2,2025-06-30,Pizzeria,96330.0,96330.0,46618.0,46618.0,481652.0,91.0,235136.0,107.0,49712.0,49712.0,716788.0,Medium
100,2025 Q3,2025-09-30,Pizzeria,93014.0,94144.0,44299.0,44299.0,470722.0,92.0,223536.0,107.0,48715.0,49845.0,694258.0,Medium
101,2024 Q2,2024-06-30,Pizzeria,148222.0,150632.0,72155.0,72155.0,753160.0,91.0,360777.0,115.0,76067.0,78477.0,1113937.0,Large
101,2024 Q3,2024-09-30,Pizzeria,116570.0,116570.0,56391.0,56391.0,582854.0,92.0,281958.0,107.0,60179.0,60179.0,864812.0,Large
101,2024 Q4,2024-12-31,Pizzeria,145882.0,145882.0,69735.35,69735.35,729414.0,92.0,348678.76,108.0,76146.65,76146.65,1078092.76,Large
101,2025 Q1,2025-03-31,Pizzeria,176637.0,176637.0,83774.42,83774.42,883185.0,91.0,418875.1,108.0,92862.58,92862.58,1302060.1,Large
101,2025 Q2,2025-06-30,Pizzeria,140213.0,140213.0,65259.0,65259.0,701068.0,91.0,326297.0,107.0,74954.0,74954.0,1027365.0,Large
101,2025 Q3,2025-09-30,Pizzeria,113750.0,113750.0,54807.83,54807.83,568754.0,92.0,274043.15,108.0,58942.17,58942.17,842797.15,Large
102,2024 Q2,2024-06-30,Pizzeria,97610.0,101571.0,45809.0,45809.0,507857.0,91.0,239507.0,115.0,51801.0,55762.0,747364.0,Medium
102,2024 Q3,2024-09-30,Pizzeria,118762.0,123839.0,50500.0,50500.0,619195.0,92.0,264950.0,107.0,68262.0,73339.0,884145.0,Medium
102,2024 Q4,2024-12-31,Pizzeria,147022.0,149413.0,59073.0,59073.0,747069.0,92.0,307751.0,107.0,87949.0,90340.0,1054820.0,Medium
102,2025 Q1,2025-03-31,Pizzeria,114954.0,116233.0,48523.0,48523.0,581169.0,91.0,252147.0,107.0,66431.0,67710.0,833316.0,Medium
102,2025 Q2,2025-06-30,Pizzeria,86589.0,88086.0,39077.0,39077.0,440431.0,91.0,203876.0,107.0,47512.0,49009.0,644307.0,Medium
102,2025 Q3,2025-09-30,Pizzeria,104293.0,105667.0,43489.0,43489.0,528337.0,92.0,227775.0,107.0,60804.0,62178.0,756112.0,Medium
103,2024 Q2,2024-06-30,Pizzeria,215255.0,215255.0,89967.0,89967.0,1076275.0,91.0,467912.0,115.0,125288.0,125288.0,1544187.0,Large
103,2024 Q3,2024-09-30,Pizzeria,210258.0,214330.0,84493.0,84493.0,1071654.0,92.0,440235.0,107.0,125765.0,129837.0,1511889.0,Large
103,2024 Q4,2024-12-31,Pizzeria,266647.0,271535.0,103975.0,103975.0,1357676.0,92.0,538616.0,107.0,162672.0,167560.0,1896292.0,Large
103,2025 Q1,2025-03-31,Pizzeria,279438.0,279438.0,107766.0,107766.0,1397193.0,91.0,557976.0,107.0,171672.0,171672.0,1955169.0,Large
103,2025 Q2,2025-06-30,Pizzeria,251567.0,251567.0,97966.34,97966.34,1257836.0,91.0,509765.71,108.0,153600.66,153600.66,1767601.71,Large
103,2025 Q3,2025-09-30,Pizzeria,249454.0,249454.0,93699.0,93699.0,1247271.0,92.0,488649.0,107.0,155755.0,155755.0,1735920.0,Large
104,2024 Q2,2024-06-30,Pizzeria,59801.0,59801.0,25304.0,25304.0,299009.0,91.0,131722.0,115.0,34497.0,34497.0,430731.0,Small
104,2024 Q3,2024-09-30,Pizzeria,58953.0,58953.0,23581.0,23581.0,294768.0,92.0,122967.0,107.0,35372.0,35372.0,417735.0,Small
104,2024 Q4,2024-12-31,Pizzeria,74023.0,74023.0,28784.0,28784.0,370117.0,92.0,149209.0,107.0,45239.0,45239.0,519326.0,Small
104,2025 Q1,2025-03-31,Pizzeria,75554.0,75554.0,29593.0,29593.0,377770.0,91.0,153329.0,107.0,45961.0,45961.0,531099.0,Small
104,2025 Q2,2025-06-30,Pizzeria,67501.0,67501.0,26723.0,26723.0,337506.0,91.0,139156.0,107.0,40778.0,40778.0,476662.0,Small
104,2025 Q3,2025-09-30,Pizzeria,66446.0,66446.0,25449.0,25449.0,332234.0,92.0,132805.0,107.0,40997.0,40997.0,465039.0,Small
105,2024 Q2,2024-06-30,Pizzeria,57439.0,58079.0,26179.0,26179.0,290395.0,91.0,135818.0,115.0,31260.0,31900.0,426213.0,Small
105,2024 Q3,2024-09-30,Pizzeria,58383.0,59514.0,25239.0,25239.0,297574.0,92.0,131174.0,107.0,33144.0,34275.0,428748.0,Small
105,2024 Q4,2024-12-31,Pizzeria,76470.0,77321.0,31789.2,31789.2,386608.0,92.0,164325.99,108.0,44680.8,45531.8,550933.99,Small
105,2025 Q1,2025-03-31,Pizzeria,80264.0,81404.0,33401.0,33401.0,407024.0,91.0,172632.0,107.0,46863.0,48003.0,579656.0,Small
105,2025 Q2,2025-06-30,Pizzeria,73032.0,74828.0,30835.0,30835.0,374144.0,91.0,160154.0,107.0,42197.0,43993.0,534298.0,Small
105,2025 Q3,2025-09-30,Pizzeria,74393.0,75680.0,30045.0,30045.0,378404.0,92.0,156388.0,107.0,44348.0,45635.0,534792.0,Small
106,2024 Q2,2024-06-30,Pizzeria,127049.0,129907.0,58334.0,58334.0,649537.0,91.0,301775.0,115.0,68715.0,71573.0,951312.0,Large
106,2024 Q3,2024-09-30,Pizzeria,120956.0,122923.0,53166.0,53166.0,614616.0,92.0,275295.0,107.0,67790.0,69757.0,889911.0,Large
106,2024 Q4,2024-12-31,Pizzeria,146419.0,151259.0,62450.0,62450.0,756297.0,92.0,321933.0,107.0,83969.0,88809.0,1078230.0,Large
106,2025 Q1,2025-03-31,Pizzeria,145498.0,148014.0,62051.0,62051.0,740073.0,91.0,319657.0,107.0,83447.0,85963.0,1059730.0,Large
106,2025 Q2,2025-06-30,Pizzeria,127306.0,130037.0,56008.0,56009.0,650189.0,91.0,289597.0,107.0,71298.0,74028.0,939786.0,Large
106,2025 Q3,2025-09-30,Pizzeria,122292.0,124028.0,52460.0,52460.0,620144.0,92.0,271611.0,107.0,69832.0,71568.0,891755.0,Large
107,2024 Q2,2024-06-30,Pizzeria,57145.0,57145.0,23467.0,23467.0,285726.0,91.0,117335.0,115.0,33678.0,33678.0,403061.0,Small
107,2024 Q3,2024-09-30,Pizzeria,51202.0,51876.0,20412.0,20412.0,259382.0,92.0,102062.0,107.0,30790.0,31464.0,361444.0,Small
107,2024 Q4,2024-12-31,Pizzeria,60025.0,60025.0,23052.0,23052.0,300128.0,92.0,115260.0,107.0,36973.0,36973.0,415388.0,Small
107,2025 Q1,2025-03-31,Pizzeria,56374.0,56374.0,22077.0,22077.0,281870.0,91.0,110388.0,107.0,34297.0,34297.0,392258.0,Small
107,2025 Q2,2025-06-30,Pizzeria,46232.0,46232.0,18759.0,18759.0,231161.0,91.0,93796.0,107.0,27473.0,27473.0,324957.0,Small
107,2025 Q3,2025-09-30,Pizzeria,41537.0,41537.0,16708.0,16708.0,207687.0,92.0,83543.0,107.0,24829.0,24829.0,291230.0,Small
108,2024 Q2,2024-06-30,Pizzeria,56956.0,56956.0,25399.0,25399.0,284780.0,91.0,128124.0,115.0,31557.0,31557.0,412904.0,Small
108,2024 Q3,2024-09-30,Pizzeria,54789.0,54789.0,23266.0,23266.0,273945.0,92.0,117408.0,107.0,31523.0,31523.0,391353.0,Small
108,2024 Q4,2024-12-31,Pizzeria,66247.0,66247.0,27240.0,27240.0,331236.0,92.0,137283.0,107.0,39007.0,39007.0,468519.0,Small
108,2025 Q1,2025-03-31,Pizzeria,64595.0,65313.0,27357.37,27357.37,326568.0,91.0,137846.86,108.0,37237.630000000005,37955.630000000005,464414.86,Small
108,2025 Q2,2025-06-30,Pizzeria,57497.0,57497.0,24427.0,24427.0,287485.0,91.0,123211.0,107.0,33070.0,33070.0,410696.0,Small
108,2025 Q3,2025-09-30,Pizzeria,54339.0,54339.0,22599.0,22599.0,271697.0,92.0,114036.0,107.0,31740.0,31740.0,385733.0,Small
109,2024 Q2,2024-06-30,Pizzeria,41377.0,68392.0,28671.0,28671.0,341960.0,91.0,144559.0,115.0,12706.0,39721.0,486519.0,Small
109,2024 Q3,2024-09-30,Pizzeria,39298.0,64956.0,25893.0,25893.0,324781.0,92.0,130596.0,107.0,13405.0,39063.0,455377.0,Small
109,2024 Q4,2024-12-31,Pizzeria,47471.0,78724.0,30535.0,30535.0,393620.0,92.0,153814.0,107.0,16936.0,48189.0,547434.0,Small
109,2025 Q1,2025-03-31,Pizzeria,46576.0,77628.0,30468.0,30469.0,388140.0,91.0,153459.0,107.0,16108.0,47159.0,541599.0,Small
109,2025 Q2,2025-06-30,Pizzeria,40227.0,67045.0,26875.0,26875.0,335226.0,91.0,135487.0,107.0,13352.0,40170.0,470713.0,Small
109,2025 Q3,2025-09-30,Pizzeria,38008.0,63771.0,24945.0,24945.0,318855.0,92.0,125810.0,107.0,13063.0,38826.0,444665.0,Small
110,2024 Q2,2024-06-30,Pizzeria,36863.0,54211.0,26248.0,26248.0,271055.0,91.0,136415.0,115.0,10615.0,27963.0,407470.0,Small
110,2024 Q3,2024-09-30,Pizzeria,42078.0,59516.0,25878.0,25878.0,297581.0,92.0,134762.0,107.0,16200.0,33638.0,432343.0,Small
110,2024 Q4,2024-12-31,Pizzeria,23112.0,42329.0,21242.9,21242.9,211648.0,92.0,109384.48,108.0,1869.0999999999983,21086.1,321032.48,Small
110,2025 Q1,2025-03-31,Pizzeria,39431.0,61419.0,27465.0,27465.0,307096.0,91.0,141996.0,107.0,11966.0,33954.0,449092.0,Small
110,2025 Q2,2025-06-30,Pizzeria,33883.0,50421.0,23182.0,23182.0,252108.0,91.0,120316.0,107.0,10701.0,27239.0,372424.0,Small
110,2025 Q3,2025-09-30,Pizzeria,26390.0,37593.0,17684.0,17684.0,187965.0,92.0,91756.0,107.0,8706.0,19909.0,279721.0,Small
111,2024 Q2,2024-06-30,Pizzeria,65623.0,65623.0,27466.0,27466.0,328119.0,91.0,137330.0,115.0,38157.0,38157.0,465449.0,Small
111,2024 Q3,2024-09-30,Pizzeria,63897.0,63897.0,25358.0,25358.0,319488.0,92.0,126790.0,107.0,38539.0,38539.0,446278.0,Small
111,2024 Q4,2024-12-31,Pizzeria,79566.0,79565.0,30683.0,30683.0,397829.0,92.0,153415.0,107.0,48883.0,48882.0,551244.0,Small
111,2025 Q1,2025-03-31,Pizzeria,80801.0,80801.0,31393.0,31393.0,404009.0,91.0,156965.0,107.0,49408.0,49408.0,560974.0,Small
111,2025 Q2,2025-06-30,Pizzeria,72010.0,72010.0,28362.0,28362.0,360051.0,91.0,141811.0,107.0,43648.0,43648.0,501862.0,Small
111,2025 Q3,2025-09-30,Pizzeria,70828.0,70828.0,27061.0,27061.0,354140.0,92.0,135308.0,107.0,43767.0,43767.0,489448.0,Small
112,2024 Q2,2024-06-30,Pizzeria,63924.0,63924.0,25931.0,25931.0,319622.0,91.0,130775.0,115.0,37993.0,37993.0,450397.0,Small
112,2024 Q3,2024-09-30,Pizzeria,40956.0,40956.0,16563.0,16563.0,204784.0,92.0,83526.0,107.0,24393.0,24393.0,288310.0,Small
112,2024 Q4,2024-12-31,Pizzeria,47437.0,47437.0,19470.0,19470.0,237188.0,92.0,98053.0,107.0,27967.0,27967.0,335241.0,Small
112,2025 Q1,2025-03-31,Pizzeria,54328.0,54328.0,21401.0,21401.0,271641.0,91.0,107780.0,107.0,32927.0,32927.0,379421.0,Small
112,2025 Q2,2025-06-30,Pizzeria,37702.0,37702.0,16000.0,16000.0,188513.0,91.0,80628.0,107.0,21702.0,21702.0,269141.0,Small
112,2025 Q3,2025-09-30,Pizzeria,30246.0,30246.0,14178.98,14178.98,151232.0,92.0,71412.91,108.0,16067.02,16067.02,222644.91,Small
113,2024 Q2,2024-06-30,Pizzeria,116217.0,116217.0,51169.0,51169.0,581088.0,91.0,257969.0,115.0,65048.0,65048.0,839057.0,Medium
113,2024 Q3,2024-09-30,Pizzeria,107157.0,107157.0,45199.0,45199.0,535787.0,92.0,227926.0,107.0,61958.0,61958.0,763713.0,Medium
113,2024 Q4,2024-12-31,Pizzeria,126085.0,126085.0,51792.0,51792.0,630428.0,92.0,260998.57,108.0,74293.0,74293.0,891426.5700000001,Medium
113,2025 Q1,2025-03-31,Pizzeria,120625.0,120625.0,50417.0,50417.0,603127.0,91.0,253882.0,107.0,70208.0,70208.0,857009.0,Medium
113,2025 Q2,2025-06-30,Pizzeria,100982.0,100982.0,43533.0,43532.0,504914.0,91.0,219402.0,107.0,57449.0,57450.0,724316.0,Medium
113,2025 Q3,2025-09-30,Pizzeria,91611.0,92912.0,39521.0,39521.0,464563.0,92.0,199241.0,107.0,52090.0,53391.0,663804.0,Medium
114,2024 Q2,2024-06-30,Pizzeria,49803.0,49803.0,21102.0,21102.0,249018.0,91.0,110858.0,115.0,28701.0,28701.0,359876.0,Small
114,2024 Q3,2024-09-30,Pizzeria,50121.0,50121.0,19973.0,19973.0,250607.0,92.0,105179.0,107.0,30148.0,30148.0,355786.0,Small
114,2024 Q4,2024-12-31,Pizzeria,64103.0,64103.0,24917.0,24917.0,320519.0,92.0,130242.0,107.0,39186.0,39186.0,450761.0,Small
114,2025 Q1,2025-03-31,Pizzeria,66545.0,66545.0,26040.0,26040.0,332725.0,91.0,136030.0,107.0,40505.0,40505.0,468755.0,Small
114,2025 Q2,2025-06-30,Pizzeria,60391.0,60391.0,23812.38,23812.38,301956.0,91.0,125259.51,109.0,36578.62,36578.62,427215.51,Small
114,2025 Q3,2025-09-30,Pizzeria,60346.0,60346.0,22829.0,22829.0,301733.0,92.0,120375.0,107.0,37517.0,37517.0,422108.0,Small
115,2024 Q2,2024-06-30,Pizzeria,42922.0,43399.0,20305.0,20305.0,216999.0,91.0,101529.0,115.0,22617.0,23094.0,318528.0,Small
115,2024 Q3,2024-09-30,Pizzeria,36913.0,36913.0,17520.0,17520.0,184566.0,92.0,87601.0,107.0,19393.0,19393.0,272167.0,Small
115,2024 Q4,2024-12-31,Pizzeria,54702.0,54702.0,23211.0,23211.0,273511.0,92.0,116057.0,107.0,31491.0,31491.0,389568.0,Small
115,2025 Q1,2025-03-31,Pizzeria,39980.0,40425.0,18569.0,18569.0,202127.0,91.0,92847.0,107.0,21411.0,21856.0,294974.0,Small
115,2025 Q2,2025-06-30,Pizzeria,29051.0,29404.0,14535.0,14535.0,147022.0,91.0,72676.0,107.0,14516.0,14869.0,219698.0,Small
115,2025 Q3,2025-09-30,Pizzeria,35551.0,35551.0,16370.0,16370.0,177757.0,92.0,81854.0,107.0,19181.0,19181.0,259611.0,Small
116,2024 Q2,2024-06-30,Pizzeria,22687.0,39732.0,19001.0,19001.0,198661.0,91.0,98641.0,115.0,3686.0,20731.0,297302.0,Small
116,2024 Q3,2024-09-30,Pizzeria,27691.0,55604.0,24044.0,24044.0,278023.0,92.0,125356.0,107.0,3647.0,31560.0,403379.0,Small
116,2024 Q4,2024-12-31,Pizzeria,54346.0,72461.0,29758.0,29758.0,362305.0,92.0,154292.0,107.0,24588.0,42703.0,516597.0,Small
116,2025 Q1,2025-03-31,Pizzeria,38827.0,49210.0,22665.13,22665.13,246052.0,91.0,116926.65,108.0,16161.87,26544.87,362978.65,Small
116,2025 Q2,2025-06-30,Pizzeria,21011.0,38482.0,17763.0,17763.0,192414.0,91.0,92152.0,107.0,3248.0,20719.0,284566.0,Small
116,2025 Q3,2025-09-30,Pizzeria,23207.0,45594.0,19807.56,19807.56,227972.0,92.0,103132.79,108.0,3399.4399999999987,25786.44,331104.79,Small
117,2024 Q2,2024-06-30,Pizzeria,64181.0,64895.0,27785.0,27785.0,324477.0,91.0,138928.0,115.0,36396.0,37110.0,463405.0,Small
117,2024 Q3,2024-09-30,Pizzeria,62643.0,62643.0,25555.41,25555.41,313217.0,92.0,127780.05,108.0,37087.59,37087.59,440997.05,Small
117,2024 Q4,2024-12-31,Pizzeria,74564.0,75470.0,29808.0,29808.0,377352.0,92.0,149044.0,107.0,44756.0,45662.0,526396.0,Small
117,2025 Q1,2025-03-31,Pizzeria,74700.0,74700.0,29837.0,29837.0,373501.0,91.0,149189.0,107.0,44863.0,44863.0,522690.0,Small
117,2025 Q2,2025-06-30,Pizzeria,63797.0,64769.0,26502.28,26502.28,323848.0,91.0,132511.39,108.0,37294.72,38266.72,456359.39,Small
117,2025 Q3,2025-09-30,Pizzeria,61871.0,61871.0,24544.0,24544.0,309359.0,92.0,122720.0,107.0,37327.0,37327.0,432079.0,Small
118,2024 Q2,2024-06-30,Pizzeria,63692.0,70769.0,33409.0,33409.0,353847.0,91.0,167045.0,115.0,30283.0,37360.0,520892.0,Medium
118,2024 Q3,2024-09-30,Pizzeria,63029.0,69954.0,31369.0,31369.0,349771.0,92.0,156849.0,107.0,31660.0,38585.0,506620.0,Medium
118,2024 Q4,2024-12-31,Pizzeria,79832.0,88408.0,37922.0,37922.0,442044.0,92.0,189613.0,107.0,41910.0,50486.0,631657.0,Medium
118,2025 Q1,2025-03-31,Pizzeria,81243.0,91079.0,39247.0,39247.0,455399.0,91.0,196236.0,107.0,41996.0,51832.0,651635.0,Medium
118,2025 Q2,2025-06-30,Pizzeria,73465.0,82268.0,36086.0,36086.0,411344.0,91.0,180431.0,107.0,37379.0,46182.0,591775.0,Medium
118,2025 Q3,2025-09-30,Pizzeria,72841.0,81936.0,34837.0,34837.0,409680.0,92.0,174186.0,107.0,38004.0,47099.0,583866.0,Medium
119,2024 Q2,2024-06-30,Pizzeria,33373.0,45160.0,22176.0,22176.0,225801.0,91.0,115141.0,115.0,11197.0,22984.0,340942.0,Small
119,2024 Q3,2024-09-30,Pizzeria,32470.0,44237.0,20672.0,20672.0,221186.0,92.0,107486.0,107.0,11798.0,23565.0,328672.0,Small
119,2024 Q4,2024-12-31,Pizzeria,40546.0,55543.0,25099.41,25099.41,277717.0,92.0,129809.05,108.0,15446.59,30443.59,407526.05,Small
119,2025 Q1,2025-03-31,Pizzeria,42251.0,57019.0,25755.0,25755.0,285096.0,91.0,133172.0,107.0,16496.0,31264.0,418268.0,Small
119,2025 Q2,2025-06-30,Pizzeria,44486.0,51488.0,23545.0,23545.0,257443.0,91.0,122318.0,107.0,20941.0,27943.0,379761.0,Small
119,2025 Q3,2025-09-30,Pizzeria,44589.0,51429.0,22757.0,22757.0,257149.0,92.0,118457.0,107.0,21832.0,28672.0,375606.0,Small
120,2024 Q2,2024-06-30,Pizzeria,120593.0,120593.0,47544.0,47544.0,602965.0,91.0,248732.56,116.0,73049.0,73049.0,851697.56,Medium
120,2024 Q3,2024-09-30,Pizzeria,97293.0,97293.0,37412.0,37412.0,486465.0,92.0,195116.0,107.0,59881.0,59881.0,681581.0,Medium
120,2024 Q4,2024-12-31,Pizzeria,101091.0,101091.0,39547.0,39547.0,505455.0,92.0,204855.0,107.0,61544.0,61544.0,710310.0,Medium
120,2025 Q1,2025-03-31,Pizzeria,96164.0,97332.0,39242.0,39242.0,486660.0,91.0,203162.0,107.0,56922.0,58090.0,689822.0,Medium
120,2025 Q2,2025-06-30,Pizzeria,92494.0,92495.0,39839.0,39839.0,462475.0,91.0,206544.99,108.0,52655.0,52656.0,669019.99,Medium
120,2025 Q3,2025-09-30,Pizzeria,94008.0,95054.0,36737.0,36737.0,475273.0,92.0,191427.0,107.0,57271.0,58317.0,666700.0,Medium
121,2024 Q2,2024-06-30,Pizzeria,45644.0,53699.0,21291.0,21291.0,268499.0,91.0,107471.0,115.0,24353.0,32408.0,375970.0,Small
121,2024 Q3,2024-09-30,Pizzeria,55487.0,62345.0,22491.0,22491.0,311725.0,92.0,113602.0,107.0,32996.0,39854.0,425327.0,Small
121,2024 Q4,2024-12-31,Pizzeria,48816.0,63645.0,22706.0,22706.0,318228.0,92.0,114500.0,107.0,26110.0,40939.0,432728.0,Small
121,2025 Q1,2025-03-31,Pizzeria,46610.0,53636.0,20174.0,20174.0,268182.0,91.0,101694.0,107.0,26436.0,33462.0,369876.0,Small
121,2025 Q2,2025-06-30,Pizzeria,49846.0,59341.0,22044.0,22044.0,296706.0,91.0,111279.0,107.0,27802.0,37297.0,407985.0,Small
121,2025 Q3,2025-09-30,Pizzeria,54709.0,62028.0,21944.0,21944.0,310140.0,92.0,110836.0,107.0,32765.0,40084.0,420976.0,Small
122,2024 Q2,2024-06-30,Pizzeria,48571.0,48571.0,22949.0,22949.0,242857.0,91.0,119727.07,116.0,25622.0,25622.0,362584.07,Small
122,2024 Q3,2024-09-30,Pizzeria,49987.0,49987.0,22173.0,22173.0,249937.0,92.0,115976.22,108.0,27814.0,27814.0,365913.22,Small
122,2024 Q4,2024-12-31,Pizzeria,65179.0,65179.0,27827.0,27827.0,325898.0,92.0,144261.0,107.0,37352.0,37352.0,470159.0,Small
122,2025 Q1,2025-03-31,Pizzeria,68838.0,68838.0,29476.0,29476.0,344192.0,91.0,152757.0,107.0,39362.0,39362.0,496949.0,Small
122,2025 Q2,2025-06-30,Pizzeria,63454.0,63454.0,27599.34,27599.34,317271.0,91.0,143728.69,108.0,35854.66,35854.66,460999.69,Small
122,2025 Q3,2025-09-30,Pizzeria,64340.0,64340.0,26665.0,26665.0,321701.0,92.0,139736.41,108.0,37675.0,37675.0,461437.41,Small
123,2024 Q2,2024-06-30,Pizzeria,59903.0,59903.0,26494.0,26494.0,299519.0,91.0,138670.0,115.0,33409.0,33409.0,438189.0,Small
123,2024 Q3,2024-09-30,Pizzeria,53991.0,53991.0,23002.62,23002.62,269959.0,92.0,120537.08,108.0,30988.38,30988.38,390496.08,Small
123,2024 Q4,2024-12-31,Pizzeria,62012.0,62012.0,25937.0,25937.0,310062.0,92.0,134965.0,107.0,36075.0,36075.0,445027.0,Small
123,2025 Q1,2025-03-31,Pizzeria,57784.0,57784.0,24688.0,24688.0,288922.0,91.0,128323.0,107.0,33096.0,33096.0,417245.0,Small
123,2025 Q2,2025-06-30,Pizzeria,46990.0,46990.0,20615.0,20615.0,234953.0,91.0,107666.0,107.0,26375.0,26375.0,342619.0,Small
123,2025 Q3,2025-09-30,Pizzeria,41822.0,41822.0,18159.0,18159.0,209110.0,92.0,94981.0,107.0,23663.0,23663.0,304091.0,Small
124,2024 Q2,2024-06-30,Pizzeria,61976.0,61976.0,24457.0,24457.0,309884.0,91.0,122288.0,115.0,37519.0,37519.0,432172.0,Small
124,2024 Q3,2024-09-30,Pizzeria,63823.0,63823.0,23724.0,23724.0,319118.0,92.0,118623.0,107.0,40099.0,40099.0,437741.0,Small
124,2024 Q4,2024-12-31,Pizzeria,83271.0,83271.0,29773.0,29773.0,416359.0,92.0,148867.0,107.0,53498.0,53498.0,565226.0,Small
124,2025 Q1,2025-03-31,Pizzeria,87032.0,88000.0,31522.0,31522.0,440000.0,91.0,157611.0,107.0,55510.0,56478.0,597611.0,Small
124,2025 Q2,2025-06-30,Pizzeria,81166.0,81166.0,29350.0,29350.0,405834.0,91.0,146752.0,107.0,51816.0,51816.0,552586.0,Small
124,2025 Q3,2025-09-30,Pizzeria,81446.0,82352.0,28754.0,28754.0,411762.0,92.0,143771.0,107.0,52692.0,53598.0,555533.0,Small
125,2024 Q2,2024-06-30,Pizzeria,69590.0,69590.0,34041.0,34041.0,347951.0,91.0,171499.0,115.0,35549.0,35549.0,519450.0,Medium
125,2024 Q3,2024-09-30,Pizzeria,68401.0,68401.0,31941.0,31941.0,342008.0,92.0,161057.45,108.0,36460.0,36460.0,503065.45,Medium
125,2024 Q4,2024-12-31,Pizzeria,86168.0,86168.0,38179.0,38179.0,430840.0,92.0,192212.0,107.0,47989.0,47989.0,623052.0,Medium
125,2025 Q1,2025-03-31,Pizzeria,88741.0,88741.0,39452.0,39452.0,443709.0,91.0,198608.0,107.0,49289.0,49289.0,642317.0,Medium
125,2025 Q2,2025-06-30,Pizzeria,80389.0,80389.0,36444.0,36444.0,401946.0,91.0,183632.0,107.0,43945.0,43945.0,585578.0,Medium
125,2025 Q3,2025-09-30,Pizzeria,80571.0,80571.0,35411.0,35411.0,402857.0,92.0,178499.0,107.0,45160.0,45160.0,581356.0,Medium
126,2024 Q2,2024-06-30,Pizzeria,30136.0,30533.0,16702.03,16702.03,152668.0,91.0,84094.17,116.0,13433.97,13830.97,236762.17,Small
126,2024 Q3,2024-09-30,Pizzeria,26848.0,27229.0,14675.26,14675.26,136148.0,92.0,73909.32,108.0,12172.74,12553.74,210057.32,Small
126,2024 Q4,2024-12-31,Pizzeria,33666.0,34179.0,16737.0,16737.0,170899.0,92.0,84221.0,107.0,16929.0,17442.0,255120.0,Small
126,2025 Q1,2025-03-31,Pizzeria,37788.0,37788.0,18884.0,18884.0,188944.0,91.0,95045.0,107.0,18904.0,18904.0,283989.0,Small
126,2025 Q2,2025-06-30,Pizzeria,73627.0,74672.0,31715.0,31715.0,373362.0,91.0,159945.0,107.0,41912.0,42957.0,533307.0,Small
126,2025 Q3,2025-09-30,Pizzeria,45867.0,45866.0,20548.0,20548.0,229334.0,92.0,103600.0,107.0,25319.0,25318.0,332934.0,Small
127,2024 Q2,2024-06-30,Pizzeria,34561.0,34561.0,16592.0,16592.0,172805.0,91.0,82963.0,115.0,17969.0,17969.0,255768.0,Small
127,2024 Q3,2024-09-30,Pizzeria,34135.0,34135.0,16945.54,16945.54,170678.0,92.0,84730.72,108.0,17189.46,17189.46,255408.72,Small
127,2024 Q4,2024-12-31,Pizzeria,36252.0,36252.0,16417.0,16417.0,181264.0,92.0,82089.0,107.0,19835.0,19835.0,263353.0,Small
127,2025 Q1,2025-03-31,Pizzeria,66823.0,66823.0,29707.86,29707.86,334116.0,91.0,148539.33,109.0,37115.14,37115.14,482655.33,Small
127,2025 Q2,2025-06-30,Pizzeria,90625.0,90625.0,35150.0,35150.0,453128.0,91.0,175753.0,107.0,55475.0,55475.0,628881.0,Small
127,2025 Q3,2025-09-30,Pizzeria,43966.0,44681.0,18721.0,18721.0,223407.0,92.0,93608.0,107.0,25245.0,25960.0,317015.0,Small
128,2024 Q2,2024-06-30,Pizzeria,63297.0,63297.0,28246.0,28246.0,316488.0,91.0,146838.0,115.0,35051.0,35051.0,463326.0,Small
128,2024 Q3,2024-09-30,Pizzeria,50337.0,50337.0,22040.0,22040.0,251686.0,92.0,114609.0,107.0,28297.0,28297.0,366295.0,Small
128,2024 Q4,2024-12-31,Pizzeria,54791.0,54791.0,23964.0,23964.0,273959.0,92.0,123853.0,107.0,30827.0,30827.0,397812.0,Small
128,2025 Q1,2025-03-31,Pizzeria,62362.0,62362.0,27056.0,27056.0,311812.0,91.0,139866.0,107.0,35306.0,35306.0,451678.0,Small
128,2025 Q2,2025-06-30,Pizzeria,64874.0,64874.0,27734.39,27734.39,324370.0,91.0,144158.97,108.0,37139.61,37139.61,468528.97,Small
128,2025 Q3,2025-09-30,Pizzeria,62415.0,62415.0,25824.0,25824.0,312078.0,92.0,134492.0,107.0,36591.0,36591.0,446570.0,Small
129,2024 Q2,2024-06-30,Pizzeria,43355.0,43355.0,22227.0,22227.0,216779.0,91.0,111139.0,115.0,21128.0,21128.0,327918.0,Small
129,2024 Q3,2024-09-30,Pizzeria,40896.0,40896.0,19361.0,19361.0,204480.0,92.0,96807.0,107.0,21535.0,21535.0,301287.0,Small
129,2024 Q4,2024-12-31,Pizzeria,56316.0,57116.0,26884.0,26884.0,285584.0,92.0,134420.0,107.0,29432.0,30232.0,420004.0,Small
129,2025 Q1,2025-03-31,Pizzeria,126102.0,128413.0,53610.0,53610.0,642065.0,91.0,268050.0,107.0,72492.0,74803.0,910115.0,Small
129,2025 Q2,2025-06-30,Pizzeria,66148.0,67019.0,29559.0,29559.0,335095.0,91.0,147797.0,107.0,36589.0,37460.0,482892.0,Small
129,2025 Q3,2025-09-30,Pizzeria,52016.0,52016.0,23708.0,23708.0,260083.0,92.0,118540.0,107.0,28308.0,28308.0,378623.0,Small
130,2024 Q2,2024-06-30,Pizzeria,141336.0,141336.0,57568.0,57568.0,706684.0,91.0,299775.0,115.0,83768.0,83768.0,1006459.0,Large
130,2024 Q3,2024-09-30,Pizzeria,142882.0,142882.0,58463.09,58463.09,714414.0,92.0,304222.46,108.0,84418.91,84418.91,1018636.46,Large
130,2024 Q4,2024-12-31,Pizzeria,183513.0,183513.0,67760.0,67760.0,917569.0,92.0,351528.0,107.0,115753.0,115753.0,1269097.0,Large
130,2025 Q1,2025-03-31,Pizzeria,189169.0,191273.0,70920.0,70920.0,956367.0,91.0,367775.0,107.0,118249.0,120353.0,1324142.0,Large
130,2025 Q2,2025-06-30,Pizzeria,172000.0,174265.0,65292.0,65292.0,871328.0,91.0,340340.0,107.0,106708.0,108973.0,1211668.0,Large
130,2025 Q3,2025-09-30,Pizzeria,174821.0,174821.0,63123.0,63123.0,874105.0,92.0,329802.0,107.0,111698.0,111698.0,1203907.0,Large
131,2024 Q2,2024-06-30,Pizzeria,35571.0,51478.0,22867.0,22867.0,257391.0,91.0,115349.0,115.0,12704.0,28611.0,372740.0,Small
131,2024 Q3,2024-09-30,Pizzeria,43841.0,64662.0,26172.0,26172.0,323310.0,92.0,132110.0,107.0,17669.0,38490.0,455420.0,Small
131,2024 Q4,2024-12-31,Pizzeria,42147.0,82804.0,32123.0,32123.0,414022.0,92.0,161930.0,107.0,10024.0,50681.0,575952.0,Small
131,2025 Q1,2025-03-31,Pizzeria,42491.0,64773.0,27238.32,27238.32,323868.0,91.0,137208.62,108.0,15252.68,37534.68,461076.62,Small
131,2025 Q2,2025-06-30,Pizzeria,34591.0,51322.0,21695.0,21695.0,256613.0,91.0,109428.0,107.0,12896.0,29627.0,366041.0,Small
131,2025 Q3,2025-09-30,Pizzeria,43629.0,63878.0,25180.0,25180.0,319393.0,92.0,127094.0,107.0,18449.0,38698.0,446487.0,Small
132,2024 Q2,2024-06-30,Pizzeria,48021.0,48021.0,21595.0,21595.0,240105.0,91.0,112976.19,116.0,26426.0,26426.0,353081.19,Small
132,2024 Q3,2024-09-30,Pizzeria,47157.0,47157.0,20040.0,20040.0,235786.0,92.0,105040.01,108.0,27117.0,27117.0,340826.01,Small
132,2024 Q4,2024-12-31,Pizzeria,58659.0,59492.0,24526.0,24526.0,297463.0,92.0,127374.0,107.0,34133.0,34966.0,424837.0,Small
132,2025 Q1,2025-03-31,Pizzeria,61493.0,61493.0,25534.0,25534.0,307467.0,91.0,132538.0,107.0,35959.0,35959.0,440005.0,Small
132,2025 Q2,2025-06-30,Pizzeria,55190.0,55974.0,23459.0,23459.0,279872.0,91.0,122423.0,107.0,31731.0,32515.0,402295.0,Small
132,2025 Q3,2025-09-30,Pizzeria,56340.0,56340.0,22719.0,22719.0,281700.0,92.0,118854.0,107.0,33621.0,33621.0,400554.0,Small
133,2024 Q2,2024-06-30,Pizzeria,31904.0,32324.0,16117.0,16117.0,161624.0,91.0,80586.0,115.0,15787.0,16207.0,242210.0,Small
133,2024 Q3,2024-09-30,Pizzeria,55610.0,56342.0,25016.0,25016.0,281710.0,92.0,125082.0,107.0,30594.0,31326.0,406792.0,Small
133,2024 Q4,2024-12-31,Pizzeria,92092.0,92092.0,36198.0,36198.0,460460.0,92.0,180993.0,107.0,55894.0,55894.0,641453.0,Small
133,2025 Q1,2025-03-31,Pizzeria,49484.0,50238.0,21638.8,21638.8,251192.0,91.0,108197.02,108.0,27845.2,28599.2,359389.02,Small
133,2025 Q2,2025-06-30,Pizzeria,65572.0,65572.0,29705.13,29705.13,327861.0,91.0,148525.64,108.0,35866.869999999995,35866.869999999995,476386.64,Small
133,2025 Q3,2025-09-30,Pizzeria,52942.0,52942.0,21740.0,21740.0,264710.0,92.0,108701.0,107.0,31202.0,31202.0,373411.0,Small
134,2024 Q2,2024-06-30,Pizzeria,44991.0,46004.0,21951.0,21951.0,230020.0,91.0,110721.0,115.0,23040.0,24053.0,340741.0,Small
134,2024 Q3,2024-09-30,Pizzeria,44190.0,45092.0,20430.62,20430.62,225463.0,92.0,103087.09,108.0,23759.38,24661.38,328550.09,Small
134,2024 Q4,2024-12-31,Pizzeria,55185.0,56311.0,24608.0,24608.0,281558.0,92.0,124012.0,107.0,30577.0,31703.0,405570.0,Small
134,2025 Q1,2025-03-31,Pizzeria,56198.0,57170.0,26333.44,26333.44,285853.0,91.0,132645.18,108.0,29864.56,30836.56,418498.18,Small
134,2025 Q2,2025-06-30,Pizzeria,49945.0,50809.0,23909.44,23909.44,254049.0,91.0,120552.18,108.0,26035.56,26899.56,374601.18,Small
134,2025 Q3,2025-09-30,Pizzeria,48754.0,49749.0,21714.78,21714.78,248749.0,92.0,109578.88,108.0,27039.22,28034.22,358327.88,Small
135,2024 Q2,2024-06-30,Pizzeria,42323.0,42323.0,20349.74,20349.74,211617.0,91.0,106714.71,116.0,21973.26,21973.26,318331.71,Small
135,2024 Q3,2024-09-30,Pizzeria,69968.0,69968.0,27532.0,27532.0,349844.0,92.0,145340.0,107.0,42436.0,42436.0,495184.0,Small
135,2024 Q4,2024-12-31,Pizzeria,55391.0,55391.0,23000.0,23000.0,276959.0,92.0,120026.0,107.0,32391.0,32391.0,396985.0,Small
135,2025 Q1,2025-03-31,Pizzeria,49550.0,49550.0,22360.0,22360.0,247751.0,91.0,116717.9,108.0,27190.0,27190.0,364468.9,Small
135,2025 Q2,2025-06-30,Pizzeria,65081.0,65081.0,26042.0,26042.0,325408.0,91.0,136839.0,107.0,39039.0,39039.0,462247.0,Small
135,2025 Q3,2025-09-30,Pizzeria,39406.0,39885.0,17492.0,17492.0,199425.0,92.0,91759.0,107.0,21914.0,22393.0,291184.0,Small
136,2024 Q2,2024-06-30,Pizzeria,94513.0,94513.0,50932.93,50932.93,472569.0,91.0,264220.67,116.0,43580.07,43580.07,736789.6699999999,Medium
136,2024 Q3,2024-09-30,Pizzeria,88379.0,88379.0,42991.0,42991.0,441897.0,92.0,223789.0,107.0,45388.0,45388.0,665686.0,Medium
136,2024 Q4,2024-12-31,Pizzeria,104201.0,105467.0,50121.0,50121.0,527335.0,92.0,259376.0,107.0,54080.0,55346.0,786711.0,Medium
136,2025 Q1,2025-03-31,Pizzeria,102372.0,102371.0,49453.0,49453.0,511859.0,91.0,256368.61,108.0,52919.0,52918.0,768227.61,Medium
136,2025 Q2,2025-06-30,Pizzeria,85953.0,86997.0,43015.0,43015.0,434987.0,91.0,223376.0,107.0,42938.0,43982.0,658363.0,Medium
136,2025 Q3,2025-09-30,Pizzeria,81342.0,81342.0,39414.0,39414.0,406710.0,92.0,205007.0,107.0,41928.0,41928.0,611717.0,Medium
137,2024 Q2,2024-06-30,Pizzeria,94482.0,94482.0,47457.43,47457.43,472410.0,91.0,239043.14,116.0,47024.57,47024.57,711453.14,Medium
137,2024 Q3,2024-09-30,Pizzeria,90936.0,90936.0,43600.0,43600.0,454681.0,92.0,219668.0,107.0,47336.0,47336.0,674349.0,Medium
137,2024 Q4,2024-12-31,Pizzeria,111663.0,111663.0,51379.0,51379.0,558315.0,92.0,258601.0,107.0,60284.0,60284.0,816916.0,Medium
137,2025 Q1,2025-03-31,Pizzeria,111571.0,111570.0,52200.44,52200.44,557854.0,91.0,262692.22,108.0,59370.56,59369.56,820546.22,Medium
137,2025 Q2,2025-06-30,Pizzeria,97659.0,97659.0,46497.0,46497.0,488297.0,91.0,234199.0,107.0,51162.0,51162.0,722496.0,Medium
137,2025 Q3,2025-09-30,Pizzeria,94201.0,94201.0,43893.0,43893.0,471006.0,92.0,221151.0,107.0,50308.0,50308.0,692157.0,Medium
138,2024 Q2,2024-06-30,Pizzeria,102564.0,104020.0,41498.0,41498.0,520101.0,91.0,217191.96,116.0,61066.0,62522.0,737292.96,Medium
138,2024 Q3,2024-09-30,Pizzeria,97893.0,97893.0,37486.0,37486.0,489467.0,92.0,195958.0,107.0,60407.0,60407.0,685425.0,Medium
138,2024 Q4,2024-12-31,Pizzeria,145626.0,145626.0,52871.0,52871.0,728130.0,92.0,274912.0,107.0,92755.0,92755.0,1003042.0,Medium
138,2025 Q1,2025-03-31,Pizzeria,158821.0,161076.0,58086.0,58086.0,805382.0,91.0,301930.0,107.0,100735.0,102990.0,1107312.0,Medium
138,2025 Q2,2025-06-30,Pizzeria,126070.0,126070.0,46447.0,46447.0,630350.0,91.0,242557.0,107.0,79623.0,79623.0,872907.0,Medium
138,2025 Q3,2025-09-30,Pizzeria,98025.0,98025.0,36388.0,36388.0,490129.0,92.0,190222.0,107.0,61637.0,61637.0,680351.0,Medium
139,2024 Q2,2024-06-30,Pizzeria,43449.0,54243.0,25274.0,25274.0,271217.0,91.0,126374.0,115.0,18175.0,28969.0,397591.0,Small
139,2024 Q3,2024-09-30,Pizzeria,42720.0,53400.0,23661.0,23661.0,267002.0,92.0,118305.0,107.0,19059.0,29739.0,385307.0,Small
139,2024 Q4,2024-12-31,Pizzeria,53767.0,67631.0,28618.0,28618.0,338155.0,92.0,143091.0,107.0,25149.0,39013.0,481246.0,Small
139,2025 Q1,2025-03-31,Pizzeria,56539.0,70322.0,29861.0,29861.0,351611.0,91.0,149305.0,107.0,26678.0,40461.0,500916.0,Small
139,2025 Q2,2025-06-30,Pizzeria,51457.0,64563.0,27844.0,27844.0,322816.0,91.0,139222.0,107.0,23613.0,36719.0,462038.0,Small
139,2025 Q3,2025-09-30,Pizzeria,52410.0,65759.0,27358.0,27358.0,328795.0,92.0,136793.0,107.0,25052.0,38401.0,465588.0,Small
140,2024 Q2,2024-06-30,Pizzeria,56202.0,57000.0,26928.0,26928.0,285002.0,91.0,134643.0,115.0,29274.0,30072.0,419645.0,Small
140,2024 Q3,2024-09-30,Pizzeria,59656.0,59656.0,27952.9,27952.9,298283.0,92.0,139767.48,108.0,31703.1,31703.1,438050.48,Small
140,2024 Q4,2024-12-31,Pizzeria,77757.0,78861.0,33469.0,33469.0,394305.0,92.0,167349.0,107.0,44288.0,45392.0,561654.0,Small
140,2025 Q1,2025-03-31,Pizzeria,82995.0,84259.0,35811.0,35811.0,421296.0,91.0,179058.0,107.0,47184.0,48448.0,600354.0,Small
140,2025 Q2,2025-06-30,Pizzeria,78446.0,78446.0,33648.0,33648.0,392230.0,91.0,168240.0,107.0,44798.0,44798.0,560470.0,Small
140,2025 Q3,2025-09-30,Pizzeria,80249.0,80249.0,33135.0,33135.0,401247.0,92.0,165675.0,107.0,47114.0,47114.0,566922.0,Small
141,2024 Q2,2024-06-30,Pizzeria,37564.0,62921.0,30766.3,30766.3,314607.0,91.0,153833.52,116.0,6797.700000000001,32154.7,468440.52,Medium
141,2024 Q3,2024-09-30,Pizzeria,28742.0,54407.0,27742.0,27742.0,272036.0,92.0,138710.0,107.0,1000.0,26665.0,410746.0,Medium
141,2024 Q4,2024-12-31,Pizzeria,71804.0,102140.0,40365.0,40365.0,510702.0,92.0,201825.0,107.0,31439.0,61775.0,712527.0,Medium
141,2025 Q1,2025-03-31,Pizzeria,48555.0,62733.0,29089.0,29089.0,313668.0,91.0,145447.0,107.0,19466.0,33644.0,459115.0,Medium
141,2025 Q2,2025-06-30,Pizzeria,60213.0,98227.0,41158.68,41158.68,491136.0,91.0,205795.42,108.0,19054.32,57068.32,696931.42,Medium
141,2025 Q3,2025-09-30,Pizzeria,51506.0,98482.0,39241.0,39241.0,492412.0,92.0,196206.0,107.0,12265.0,59241.0,688618.0,Medium
142,2024 Q2,2024-06-30,Pizzeria,61789.0,61789.0,28867.0,28867.0,308949.0,91.0,144337.0,115.0,32922.0,32922.0,453286.0,Small
142,2024 Q3,2024-09-30,Pizzeria,38036.0,38459.0,18574.0,18574.0,192295.0,92.0,92871.0,107.0,19462.0,19885.0,285166.0,Small
142,2024 Q4,2024-12-31,Pizzeria,44136.0,44136.0,21208.0,21208.0,220684.0,92.0,106042.0,107.0,22928.0,22928.0,326726.0,Small
142,2025 Q1,2025-03-31,Pizzeria,66907.0,66907.0,30064.0,30064.0,334535.0,91.0,150322.0,107.0,36843.0,36843.0,484857.0,Small
142,2025 Q2,2025-06-30,Pizzeria,68574.0,68574.0,31748.69,31748.69,342874.0,91.0,158747.43,108.0,36825.31,36825.31,501621.43,Small
142,2025 Q3,2025-09-30,Pizzeria,49625.0,49625.0,22428.0,22428.0,248126.0,92.0,112142.0,107.0,27197.0,27197.0,360268.0,Small
143,2024 Q2,2024-06-30,Pizzeria,58253.0,75457.0,32589.0,32589.0,377287.0,91.0,170230.0,115.0,25664.0,42868.0,547517.0,Medium
143,2024 Q3,2024-09-30,Pizzeria,55746.0,73350.0,30323.94,30323.94,366753.0,92.0,158615.72,108.0,25422.06,43026.06,525368.72,Medium
143,2024 Q4,2024-12-31,Pizzeria,70164.0,91598.0,36045.0,36045.0,457993.0,92.0,187500.0,107.0,34119.0,55553.0,645493.0,Medium
143,2025 Q1,2025-03-31,Pizzeria,69584.0,93905.0,37147.0,37147.0,469528.0,91.0,193143.0,107.0,32437.0,56758.0,662671.0,Medium
143,2025 Q2,2025-06-30,Pizzeria,62377.0,85214.0,34280.0,34280.0,426073.0,91.0,179179.0,107.0,28097.0,50934.0,605252.0,Medium
143,2025 Q3,2025-09-30,Pizzeria,63749.0,86264.0,33439.0,33439.0,431321.0,92.0,175218.0,107.0,30310.0,52825.0,606539.0,Medium
144,2024 Q2,2024-06-30,Pizzeria,45767.0,46653.0,24539.0,24540.0,233268.0,91.0,122700.0,115.0,21228.0,22113.0,355968.0,Small
144,2024 Q3,2024-09-30,Pizzeria,46061.0,47242.0,23492.0,23492.0,236213.0,92.0,117463.0,107.0,22569.0,23750.0,353676.0,Small
144,2024 Q4,2024-12-31,Pizzeria,58682.0,60747.0,28744.0,28744.0,303738.0,92.0,143721.0,107.0,29938.0,32003.0,447459.0,Small
144,2025 Q1,2025-03-31,Pizzeria,62034.0,63365.0,30059.0,30059.0,316828.0,91.0,150297.0,107.0,31975.0,33306.0,467125.0,Small
144,2025 Q2,2025-06-30,Pizzeria,56948.0,57757.0,27864.0,27864.0,288788.0,91.0,139320.0,107.0,29084.0,29893.0,428108.0,Small
144,2025 Q3,2025-09-30,Pizzeria,56734.0,57951.0,27045.0,27045.0,289758.0,92.0,135228.0,107.0,29689.0,30906.0,424986.0,Small
145,2024 Q2,2024-06-30,Pizzeria,40973.0,70160.0,26673.0,26673.0,350801.0,91.0,139961.0,115.0,14300.0,43487.0,490762.0,Small
145,2024 Q3,2024-09-30,Pizzeria,38711.0,65390.0,23630.0,23630.0,326951.0,92.0,124318.41,108.0,15081.0,41760.0,451269.41,Small
145,2024 Q4,2024-12-31,Pizzeria,45576.0,77775.0,27767.18,27767.18,388876.0,92.0,144854.88,108.0,17808.82,50007.82,533730.88,Small
145,2025 Q1,2025-03-31,Pizzeria,44164.0,75237.0,27271.77,27271.77,376186.0,91.0,142134.85,108.0,16892.23,47965.23,518320.85,Small
145,2025 Q2,2025-06-30,Pizzeria,37400.0,63714.0,23471.0,23471.0,318571.0,91.0,123013.0,107.0,13929.0,40243.0,441584.0,Small
145,2025 Q3,2025-09-30,Pizzeria,34541.0,59349.0,22051.81,22051.81,296748.0,92.0,115646.04,108.0,12489.19,37297.19,412394.04,Small
146,2024 Q2,2024-06-30,Pizzeria,53627.0,53627.0,22272.04,22272.04,268135.0,91.0,111362.22,116.0,31354.96,31354.96,379497.22,Small
146,2024 Q3,2024-09-30,Pizzeria,52617.0,52617.0,20661.0,20661.0,263089.0,92.0,103308.0,107.0,31956.0,31956.0,366397.0,Small
146,2024 Q4,2024-12-31,Pizzeria,66130.0,66130.0,24924.0,24925.0,330654.0,92.0,124625.0,107.0,41206.0,41205.0,455279.0,Small
146,2025 Q1,2025-03-31,Pizzeria,67879.0,67879.0,25746.0,25746.0,339395.0,91.0,128731.0,107.0,42133.0,42133.0,468126.0,Small
146,2025 Q2,2025-06-30,Pizzeria,61191.0,61191.0,23654.0,23654.0,305959.0,91.0,118270.0,107.0,37537.0,37537.0,424229.0,Small
146,2025 Q3,2025-09-30,Pizzeria,60898.0,60898.0,22814.47,22814.47,304491.0,92.0,114076.34,108.0,38083.53,38083.53,418567.34,Small
147,2024 Q2,2024-06-30,Pizzeria,105958.0,105958.0,50365.0,50365.0,529792.0,91.0,262878.0,115.0,55593.0,55593.0,792670.0,Medium
147,2024 Q3,2024-09-30,Pizzeria,108416.0,108416.0,48459.0,48459.0,542081.0,92.0,253457.0,107.0,59957.0,59957.0,795538.0,Medium
147,2024 Q4,2024-12-31,Pizzeria,138980.0,140668.0,60495.0,60495.0,703340.0,92.0,314528.0,107.0,78485.0,80173.0,1017868.0,Medium
147,2025 Q1,2025-03-31,Pizzeria,145550.0,147917.0,63779.0,63779.0,739585.0,91.0,331482.0,107.0,81771.0,84138.0,1071067.0,Medium
147,2025 Q2,2025-06-30,Pizzeria,135814.0,135814.0,58902.0,58902.0,679074.0,91.0,307872.0,107.0,76912.0,76912.0,986946.0,Medium
147,2025 Q3,2025-09-30,Pizzeria,137211.0,137211.0,57275.0,57275.0,686057.0,92.0,301059.65,108.0,79936.0,79936.0,987116.65,Medium
148,2024 Q2,2024-06-30,Pizzeria,51042.0,52137.0,22629.0,22629.0,260688.0,91.0,118250.0,115.0,28413.0,29508.0,378938.0,Small
148,2024 Q3,2024-09-30,Pizzeria,53147.0,54398.0,22532.33,22532.33,271992.0,92.0,117935.64,108.0,30614.67,31865.67,389927.64,Small
148,2024 Q4,2024-12-31,Pizzeria,125764.0,127291.0,45856.74,45856.74,636458.0,92.0,239511.7,108.0,79907.26000000001,81434.26000000001,875969.7,Small
148,2025 Q1,2025-03-31,Pizzeria,102983.0,104978.0,38242.0,38242.0,524890.0,91.0,199741.17,108.0,64741.0,66736.0,724631.17,Small
148,2025 Q2,2025-06-30,Pizzeria,62830.0,63722.0,25715.0,25715.0,318613.0,91.0,134596.0,107.0,37115.0,38007.0,453209.0,Small
148,2025 Q3,2025-09-30,Pizzeria,55124.0,56077.0,21735.0,21735.0,280386.0,92.0,113835.0,107.0,33389.0,34342.0,394221.0,Small
149,2024 Q2,2024-06-30,Pizzeria,56104.0,61518.0,34539.0,34539.0,307591.0,91.0,172697.0,115.0,21565.0,26979.0,480288.0,Medium
149,2024 Q3,2024-09-30,Pizzeria,53643.0,64090.0,33916.0,33916.0,320452.0,92.0,169584.0,107.0,19727.0,30174.0,490036.0,Medium
149,2024 Q4,2024-12-31,Pizzeria,63818.0,84415.0,42772.58,42772.58,422075.0,92.0,213864.89,108.0,21045.42,41642.42,635939.89,Medium
149,2025 Q1,2025-03-31,Pizzeria,70052.0,89925.0,43900.0,43900.0,449627.0,91.0,219500.0,107.0,26152.0,46025.0,669127.0,Medium
149,2025 Q2,2025-06-30,Pizzeria,72908.0,83514.0,41474.0,41474.0,417571.0,91.0,207371.0,107.0,31434.0,42040.0,624942.0,Medium
149,2025 Q3,2025-09-30,Pizzeria,79371.0,85253.0,40883.0,40883.0,426265.0,92.0,204419.0,107.0,38488.0,44370.0,630684.0,Medium
150,2024 Q2,2024-06-30,Pizzeria,47138.0,47856.0,23284.0,23284.0,239282.0,91.0,116424.0,115.0,23854.0,24572.0,355706.0,Small
150,2024 Q3,2024-09-30,Pizzeria,43870.0,43870.0,20486.0,20486.0,219354.0,92.0,102433.0,107.0,23384.0,23384.0,321787.0,Small
150,2024 Q4,2024-12-31,Pizzeria,51294.0,51294.0,23293.0,23293.0,256474.0,92.0,116469.0,107.0,28001.0,28001.0,372943.0,Small
150,2025 Q1,2025-03-31,Pizzeria,48728.0,48728.0,22533.0,22533.0,243643.0,91.0,112666.0,107.0,26195.0,26195.0,356309.0,Small
150,2025 Q2,2025-06-30,Pizzeria,39784.0,40472.0,19380.0,19380.0,202362.0,91.0,96903.0,107.0,20404.0,21092.0,299265.0,Small
150,2025 Q3,2025-09-30,Pizzeria,36897.0,36897.0,18769.13,18769.13,184489.0,92.0,93846.64,108.0,18127.87,18127.87,278335.64,Small
151,2024 Q2,2024-06-30,Pizzeria,45799.0,46638.0,22424.0,22424.0,233193.0,91.0,116596.0,115.0,23375.0,24214.0,349789.0,Small
151,2024 Q3,2024-09-30,Pizzeria,88970.0,90509.0,37274.0,37274.0,452548.0,92.0,194836.0,107.0,51696.0,53235.0,647384.0,Small
151,2024 Q4,2024-12-31,Pizzeria,94072.0,94072.0,38033.0,38033.0,470362.0,92.0,197261.0,107.0,56039.0,56039.0,667623.0,Small
151,2025 Q1,2025-03-31,Pizzeria,60669.0,61593.0,27249.0,27249.0,307968.0,91.0,141064.0,107.0,33420.0,34344.0,449032.0,Small
151,2025 Q2,2025-06-30,Pizzeria,49885.0,49885.0,21859.0,21859.0,249425.0,91.0,113569.0,107.0,28026.0,28026.0,362994.0,Small
151,2025 Q3,2025-09-30,Pizzeria,52345.0,53088.0,22608.0,22608.0,265443.0,92.0,117854.0,107.0,29737.0,30480.0,383297.0,Small
152,2024 Q2,2024-06-30,Pizzeria,43252.0,63512.0,25934.0,25934.0,317562.0,91.0,134944.0,115.0,17318.0,37578.0,452506.0,Small
152,2024 Q3,2024-09-30,Pizzeria,56560.0,81148.0,28722.0,28722.0,405740.0,92.0,149877.0,107.0,27838.0,52426.0,555617.0,Small
152,2024 Q4,2024-12-31,Pizzeria,52077.0,74502.0,26861.0,26861.0,372512.0,92.0,139068.0,107.0,25216.0,47641.0,511580.0,Small
152,2025 Q1,2025-03-31,Pizzeria,44741.0,63733.0,24481.0,24481.0,318669.0,91.0,126566.0,107.0,20260.0,39252.0,445235.0,Small
152,2025 Q2,2025-06-30,Pizzeria,33718.0,46508.0,19079.0,19079.0,232544.0,91.0,98989.0,107.0,14639.0,27429.0,331533.0,Small
152,2025 Q3,2025-09-30,Pizzeria,34507.0,50083.0,19112.0,19112.0,250416.0,92.0,99286.0,107.0,15395.0,30971.0,349702.0,Small
153,2024 Q2,2024-06-30,Pizzeria,66642.0,130670.0,61591.0,61591.0,653354.0,91.0,318923.0,115.0,5051.0,69079.0,972277.0,Large
153,2024 Q3,2024-09-30,Pizzeria,65576.0,127332.0,57095.0,57095.0,636663.0,92.0,296035.0,107.0,8481.0,70237.0,932698.0,Large
153,2024 Q4,2024-12-31,Pizzeria,77960.0,159427.0,68821.0,68821.0,797138.0,92.0,355111.0,107.0,9139.0,90606.0,1152249.0,Large
153,2025 Q1,2025-03-31,Pizzeria,116759.0,163757.0,71087.0,71087.0,818789.0,91.0,366663.0,107.0,45672.0,92670.0,1185452.0,Large
153,2025 Q2,2025-06-30,Pizzeria,104268.0,148530.0,65297.0,65297.0,742654.0,91.0,338270.0,107.0,38971.0,83233.0,1080924.0,Large
153,2025 Q3,2025-09-30,Pizzeria,105568.0,149530.0,63424.0,63424.0,747652.0,92.0,329206.0,107.0,42144.0,86106.0,1076858.0,Large
154,2024 Q2,2024-06-30,Pizzeria,108199.0,123515.0,47808.0,47808.0,617577.0,91.0,249650.24,116.0,60391.0,75707.0,867227.24,Medium
154,2024 Q3,2024-09-30,Pizzeria,103325.0,117415.0,43045.0,43045.0,587077.0,92.0,225271.76,108.0,60280.0,74370.0,812348.76,Medium
154,2024 Q4,2024-12-31,Pizzeria,109946.0,142973.0,51505.0,51505.0,714866.0,92.0,266955.0,107.0,58441.0,91468.0,981821.0,Medium
154,2025 Q1,2025-03-31,Pizzeria,121680.0,141325.0,51569.0,51569.0,706625.0,91.0,267100.0,107.0,70111.0,89756.0,973725.0,Medium
154,2025 Q2,2025-06-30,Pizzeria,106248.0,123115.0,45436.0,45436.0,615578.0,91.0,236499.0,107.0,60812.0,77679.0,852077.0,Medium
154,2025 Q3,2025-09-30,Pizzeria,104469.0,118178.0,42330.0,42330.0,590893.0,92.0,220788.0,107.0,62139.0,75848.0,811681.0,Medium
155,2024 Q2,2024-06-30,Pizzeria,145906.0,145906.0,59605.0,59605.0,729533.0,91.0,308786.0,115.0,86301.0,86301.0,1038319.0,Large
155,2024 Q3,2024-09-30,Pizzeria,130783.0,133862.0,52360.0,52360.0,669311.0,92.0,271423.0,107.0,78423.0,81502.0,940734.0,Large
155,2024 Q4,2024-12-31,Pizzeria,141348.0,146931.0,57516.0,57516.0,734657.0,92.0,297328.79,108.0,83832.0,89415.0,1031985.79,Large
155,2025 Q1,2025-03-31,Pizzeria,120640.0,122977.0,51244.0,51244.0,614885.0,91.0,263707.0,107.0,69396.0,71733.0,878592.0,Large
155,2025 Q2,2025-06-30,Pizzeria,116921.0,118341.0,49298.0,49298.0,591705.0,91.0,254737.0,107.0,67623.0,69043.0,846442.0,Large
155,2025 Q3,2025-09-30,Pizzeria,144394.0,147341.0,55881.0,55881.0,736706.0,92.0,289784.0,107.0,88513.0,91460.0,1026490.0,Large
156,2024 Q2,2024-06-30,Pizzeria,147262.0,241810.0,98840.0,98840.0,1209052.0,91.0,515343.0,115.0,48422.0,142970.0,1724395.0,Large
156,2024 Q3,2024-09-30,Pizzeria,137812.0,228166.0,88936.0,88936.0,1140831.0,92.0,464412.0,107.0,48876.0,139230.0,1605243.0,Large
156,2024 Q4,2024-12-31,Pizzeria,168681.0,278352.0,105564.0,105564.0,1391762.0,92.0,547841.0,107.0,63117.0,172788.0,1939603.0,Large
156,2025 Q1,2025-03-31,Pizzeria,168448.0,276145.0,109590.1,109590.1,1380726.0,91.0,567668.5,108.0,58857.9,166554.9,1948394.5,Large
156,2025 Q2,2025-06-30,Pizzeria,146975.0,240549.0,94024.0,94024.0,1202745.0,91.0,489982.0,107.0,52951.0,146525.0,1692727.0,Large
156,2025 Q3,2025-09-30,Pizzeria,140628.0,230538.0,88040.98,88040.98,1152692.0,92.0,459653.92,108.0,52587.02,142497.02000000002,1612345.92,Large
157,2024 Q2,2024-06-30,Pizzeria,68656.0,68656.0,27583.0,27583.0,343284.0,91.0,137918.0,115.0,41073.0,41073.0,481202.0,Small
157,2024 Q3,2024-09-30,Pizzeria,64693.0,65413.0,25023.0,25023.0,327066.0,92.0,125119.0,107.0,39670.0,40390.0,452185.0,Small
157,2024 Q4,2024-12-31,Pizzeria,79213.0,79213.0,29435.0,29435.0,396066.0,92.0,147176.0,107.0,49778.0,49778.0,543242.0,Small
157,2025 Q1,2025-03-31,Pizzeria,79003.0,79003.0,29667.0,29667.0,395016.0,91.0,148338.0,107.0,49336.0,49336.0,543354.0,Small
157,2025 Q2,2025-06-30,Pizzeria,68965.0,68965.0,26443.24,26443.24,344826.0,91.0,132217.22,108.0,42521.76,42521.76,477043.22,Small
157,2025 Q3,2025-09-30,Pizzeria,66233.0,66233.0,24815.89,24815.89,331169.0,92.0,124082.46,108.0,41417.11,41417.11,455251.46,Small
158,2024 Q2,2024-06-30,Pizzeria,57322.0,57322.0,22962.0,22962.0,286611.0,91.0,119200.0,115.0,34360.0,34360.0,405811.0,Small
158,2024 Q3,2024-09-30,Pizzeria,57423.0,57423.0,21693.0,21693.0,287119.0,92.0,112808.0,107.0,35730.0,35730.0,399927.0,Small
158,2024 Q4,2024-12-31,Pizzeria,73138.0,73138.0,26810.0,26810.0,365693.0,92.0,138651.0,107.0,46328.0,46328.0,504344.0,Small
158,2025 Q1,2025-03-31,Pizzeria,75630.0,75630.0,27895.0,27895.0,378150.0,91.0,144201.0,107.0,47735.0,47735.0,522351.0,Small
158,2025 Q2,2025-06-30,Pizzeria,68385.0,68385.0,25408.0,25408.0,341926.0,91.0,131979.0,107.0,42977.0,42977.0,473905.0,Small
158,2025 Q3,2025-09-30,Pizzeria,68090.0,68090.0,24422.0,24422.0,340453.0,92.0,127123.0,107.0,43668.0,43668.0,467576.0,Small
159,2024 Q2,2024-06-30,Pizzeria,75213.0,87254.0,39545.0,39545.0,436274.0,91.0,205029.0,115.0,35668.0,47709.0,641303.0,Medium
159,2024 Q3,2024-09-30,Pizzeria,93122.0,104631.0,42504.0,42504.0,523158.0,92.0,221107.0,107.0,50618.0,62127.0,744265.0,Medium
159,2024 Q4,2024-12-31,Pizzeria,94100.0,120486.0,48927.0,48927.0,602431.0,92.0,252915.0,107.0,45173.0,71559.0,855346.0,Medium
159,2025 Q1,2025-03-31,Pizzeria,111222.0,133841.0,54296.0,54296.0,669208.0,91.0,280720.0,107.0,56926.0,79545.0,949928.0,Medium
159,2025 Q2,2025-06-30,Pizzeria,124429.0,148661.0,58610.0,58610.0,743309.0,91.0,304833.0,107.0,65819.0,90051.0,1048142.0,Medium
159,2025 Q3,2025-09-30,Pizzeria,104087.0,117612.0,48790.58,48790.58,588063.0,92.0,253464.88,108.0,55296.42,68821.42,841527.88,Medium
160,2024 Q2,2024-06-30,Pizzeria,50620.0,51548.0,24493.0,24493.0,257743.0,91.0,122465.0,115.0,26127.0,27055.0,380208.0,Small
160,2024 Q3,2024-09-30,Pizzeria,47266.0,47986.0,22071.0,22071.0,239934.0,92.0,110359.0,107.0,25195.0,25915.0,350293.0,Small
160,2024 Q4,2024-12-31,Pizzeria,74617.0,75447.0,33759.44,33759.44,377238.0,92.0,168799.19,108.0,40857.56,41687.56,546037.19,Small
160,2025 Q1,2025-03-31,Pizzeria,77526.0,78468.0,33836.0,33836.0,392341.0,91.0,169183.0,107.0,43690.0,44632.0,561524.0,Small
160,2025 Q2,2025-06-30,Pizzeria,53628.0,54389.0,24376.0,24376.0,271946.0,91.0,121883.0,107.0,29252.0,30013.0,393829.0,Small
160,2025 Q3,2025-09-30,Pizzeria,45702.0,47756.0,21376.01,21376.01,238784.0,92.0,106882.05,108.0,24325.99,26379.99,345666.05,Small
161,2024 Q2,2024-06-30,Pizzeria,55032.0,55700.0,25077.35,25077.35,278502.0,91.0,126425.76,116.0,29954.65,30622.65,404927.76,Small
161,2024 Q3,2024-09-30,Pizzeria,39681.0,40285.0,17827.0,17827.0,201426.0,92.0,89887.0,107.0,21854.0,22458.0,291313.0,Small
161,2024 Q4,2024-12-31,Pizzeria,53675.0,54272.0,22164.0,22164.0,271364.0,92.0,111655.0,107.0,31511.0,32108.0,383019.0,Small
161,2025 Q1,2025-03-31,Pizzeria,78485.0,79761.0,31470.0,31470.0,398808.0,91.0,158588.0,107.0,47015.0,48291.0,557396.0,Small
161,2025 Q2,2025-06-30,Pizzeria,71603.0,71603.0,27801.0,27801.0,358019.0,91.0,140234.0,107.0,43802.0,43802.0,498253.0,Small
161,2025 Q3,2025-09-30,Pizzeria,43539.0,44112.0,18441.0,18441.0,220562.0,92.0,92998.0,107.0,25098.0,25671.0,313560.0,Small
162,2024 Q2,2024-06-30,Pizzeria,48245.0,48245.0,22057.0,22057.0,241227.0,91.0,115688.0,115.0,26188.0,26188.0,356915.0,Small
162,2024 Q3,2024-09-30,Pizzeria,48247.0,48247.0,20849.0,20849.0,241239.0,92.0,109581.0,107.0,27398.0,27398.0,350820.0,Small
162,2024 Q4,2024-12-31,Pizzeria,61366.0,61366.0,25483.0,25483.0,306830.0,92.0,133064.0,107.0,35883.0,35883.0,439894.0,Small
162,2025 Q1,2025-03-31,Pizzeria,63383.0,63383.0,26441.0,26441.0,316917.0,91.0,137996.0,107.0,36942.0,36942.0,454913.0,Small
162,2025 Q2,2025-06-30,Pizzeria,57257.0,57257.0,24178.0,24178.0,286289.0,91.0,126939.0,107.0,33079.0,33079.0,413228.0,Small
162,2025 Q3,2025-09-30,Pizzeria,56339.0,56966.0,23240.0,23240.0,284833.0,92.0,122334.0,107.0,33099.0,33726.0,407167.0,Small
163,2024 Q2,2024-06-30,Pizzeria,48832.0,48832.0,22642.0,22642.0,244164.0,91.0,117675.0,115.0,26190.0,26190.0,361839.0,Small
163,2024 Q3,2024-09-30,Pizzeria,47941.0,47941.0,21011.0,21011.0,239709.0,92.0,109381.0,107.0,26930.0,26930.0,349090.0,Small
163,2024 Q4,2024-12-31,Pizzeria,60367.0,60367.0,25914.98,25914.98,301839.0,92.0,134110.89,108.0,34452.020000000004,34452.020000000004,435949.89,Small
163,2025 Q1,2025-03-31,Pizzeria,62163.0,62163.0,26715.0,26715.0,310816.0,91.0,138213.0,107.0,35448.0,35448.0,449029.0,Small
163,2025 Q2,2025-06-30,Pizzeria,56277.0,56277.0,24371.0,24371.0,281389.0,91.0,126714.0,107.0,31906.0,31906.0,408103.0,Small
163,2025 Q3,2025-09-30,Pizzeria,56278.0,56278.0,23493.0,23493.0,281391.0,92.0,122417.0,107.0,32785.0,32785.0,403808.0,Small
164,2024 Q2,2024-06-30,Pizzeria,40615.0,40615.0,20532.0,20532.0,203076.0,91.0,102663.0,115.0,20083.0,20083.0,305739.0,Small
164,2024 Q3,2024-09-30,Pizzeria,43280.0,43280.0,20115.0,20115.0,216402.0,92.0,100577.0,107.0,23165.0,23165.0,316979.0,Small
164,2024 Q4,2024-12-31,Pizzeria,72854.0,72854.0,30942.0,30942.0,364272.0,92.0,154712.0,107.0,41912.0,41912.0,518984.0,Small
164,2025 Q1,2025-03-31,Pizzeria,70575.0,70575.0,29559.0,29559.0,352878.0,91.0,147797.0,107.0,41016.0,41016.0,500675.0,Small
164,2025 Q2,2025-06-30,Pizzeria,43534.0,43534.0,20498.0,20498.0,217673.0,91.0,102494.0,107.0,23036.0,23036.0,320167.0,Small
164,2025 Q3,2025-09-30,Pizzeria,31307.0,31307.0,15453.0,15453.0,156539.0,92.0,77268.0,107.0,15854.0,15854.0,233807.0,Small
165,2024 Q2,2024-06-30,Pizzeria,48801.0,62646.0,28150.06,28150.06,313233.0,91.0,146246.29,116.0,20650.94,34495.94,459479.29,Small
165,2024 Q3,2024-09-30,Pizzeria,47860.0,60659.0,24623.0,24623.0,303297.0,92.0,128371.0,107.0,23237.0,36036.0,431668.0,Small
165,2024 Q4,2024-12-31,Pizzeria,48542.0,74910.0,29794.0,29794.0,374550.0,92.0,154373.0,107.0,18748.0,45116.0,528923.0,Small
165,2025 Q1,2025-03-31,Pizzeria,40490.0,75261.0,30246.0,30246.0,376309.0,91.0,156618.0,107.0,10244.0,45015.0,532927.0,Small
165,2025 Q2,2025-06-30,Pizzeria,32586.0,66232.0,28144.06,28144.06,331162.0,91.0,146202.29,108.0,4441.939999999999,38087.94,477364.29,Small
165,2025 Q3,2025-09-30,Pizzeria,40145.0,64232.0,25265.0,25265.0,321164.0,92.0,131754.0,107.0,14880.0,38967.0,452918.0,Small
166,2024 Q2,2024-06-30,Pizzeria,48454.0,53898.0,22742.0,22742.0,269491.0,91.0,113711.0,115.0,25712.0,31156.0,383202.0,Small
166,2024 Q3,2024-09-30,Pizzeria,50162.0,54524.0,21750.0,21750.0,272622.0,92.0,108752.0,107.0,28412.0,32774.0,381374.0,Small
166,2024 Q4,2024-12-31,Pizzeria,62974.0,70049.0,26692.0,26692.0,350248.0,92.0,133463.0,107.0,36282.0,43357.0,483711.0,Small
166,2025 Q1,2025-03-31,Pizzeria,68191.0,73010.0,27908.0,27908.0,365052.0,91.0,139540.0,107.0,40283.0,45102.0,504592.0,Small
166,2025 Q2,2025-06-30,Pizzeria,60648.0,66500.0,25793.0,25793.0,332500.0,91.0,128968.0,107.0,34855.0,40707.0,461468.0,Small
166,2025 Q3,2025-09-30,Pizzeria,60409.0,66677.0,25025.0,25025.0,333386.0,92.0,125125.0,107.0,35384.0,41652.0,458511.0,Small
167,2024 Q2,2024-06-30,Pizzeria,97941.0,97941.0,47771.0,47771.0,489708.0,91.0,238859.0,115.0,50170.0,50170.0,728567.0,Medium
167,2024 Q3,2024-09-30,Pizzeria,92432.0,92432.0,43191.0,43191.0,462164.0,92.0,215956.0,107.0,49241.0,49241.0,678120.0,Medium
167,2024 Q4,2024-12-31,Pizzeria,111334.0,111334.0,50073.0,50073.0,556673.0,92.0,250368.0,107.0,61261.0,61261.0,807041.0,Medium
167,2025 Q1,2025-03-31,Pizzeria,107582.0,109110.0,49734.0,49734.0,545553.0,91.0,248671.0,107.0,57848.0,59376.0,794224.0,Medium
167,2025 Q2,2025-06-30,Pizzeria,93655.0,93655.0,44089.0,44089.0,468277.0,91.0,220446.0,107.0,49566.0,49566.0,688723.0,Medium
167,2025 Q3,2025-09-30,Pizzeria,88513.0,88513.0,40931.0,40931.0,442566.0,92.0,204657.0,107.0,47582.0,47582.0,647223.0,Medium
168,2024 Q2,2024-06-30,Pizzeria,34668.0,50537.0,20973.0,20973.0,252689.0,91.0,104866.0,115.0,13695.0,29564.0,357555.0,Small
168,2024 Q3,2024-09-30,Pizzeria,36647.0,52882.0,20578.0,20578.0,264413.0,92.0,102892.0,107.0,16069.0,32304.0,367305.0,Small
168,2024 Q4,2024-12-31,Pizzeria,46490.0,69910.0,25879.0,25879.0,349550.0,92.0,129398.0,107.0,20611.0,44031.0,478948.0,Small
168,2025 Q1,2025-03-31,Pizzeria,51029.0,74713.0,27689.0,27689.0,373566.0,91.0,138445.0,107.0,23340.0,47024.0,512011.0,Small
168,2025 Q2,2025-06-30,Pizzeria,49475.0,69585.0,26150.0,26150.0,347925.0,91.0,130752.0,107.0,23325.0,43435.0,478677.0,Small
168,2025 Q3,2025-09-30,Pizzeria,50781.0,71221.0,25743.0,25743.0,356109.0,92.0,128719.0,107.0,25038.0,45478.0,484828.0,Small
169,2024 Q2,2024-06-30,Pizzeria,51191.0,51191.0,21778.0,21778.0,255958.0,91.0,108890.0,115.0,29413.0,29413.0,364848.0,Small
169,2024 Q3,2024-09-30,Pizzeria,49541.0,49542.0,20087.0,20087.0,247710.0,92.0,100437.0,107.0,29454.0,29455.0,348147.0,Small
169,2024 Q4,2024-12-31,Pizzeria,61446.0,61446.0,24057.58,24057.58,307232.0,92.0,120291.88,108.0,37388.42,37388.42,427523.88,Small
169,2025 Q1,2025-03-31,Pizzeria,62364.0,62364.0,24456.0,24456.0,311822.0,91.0,122280.0,107.0,37908.0,37908.0,434102.0,Small
169,2025 Q2,2025-06-30,Pizzeria,55812.0,55812.0,22339.0,22339.0,279063.0,91.0,111695.0,107.0,33473.0,33473.0,390758.0,Small
169,2025 Q3,2025-09-30,Pizzeria,55475.0,55475.0,21532.0,21532.0,277378.0,92.0,107661.0,107.0,33943.0,33943.0,385039.0,Small
170,2024 Q2,2024-06-30,Pizzeria,61692.0,92077.0,42348.0,42348.0,460385.0,91.0,211743.0,115.0,19344.0,49729.0,672128.0,Medium
170,2024 Q3,2024-09-30,Pizzeria,58120.0,90954.0,39610.0,39610.0,454773.0,92.0,198051.0,107.0,18510.0,51344.0,652824.0,Medium
170,2024 Q4,2024-12-31,Pizzeria,55141.0,114401.0,47908.0,47907.0,572005.0,92.0,239539.0,107.0,7233.0,66494.0,811544.0,Medium
170,2025 Q1,2025-03-31,Pizzeria,70866.0,116940.0,49313.0,49314.0,584704.0,91.0,246570.0,107.0,21553.0,67626.0,831274.0,Medium
170,2025 Q2,2025-06-30,Pizzeria,71450.0,104612.0,44970.0,44970.0,523061.0,91.0,224854.0,107.0,26480.0,59642.0,747915.0,Medium
170,2025 Q3,2025-09-30,Pizzeria,67012.0,103096.0,42961.0,42961.0,515480.0,92.0,214808.0,107.0,24051.0,60135.0,730288.0,Medium
171,2024 Q2,2024-06-30,Pizzeria,116695.0,116695.0,55135.0,55135.0,583477.0,91.0,277752.0,115.0,61560.0,61560.0,861229.0,Large
171,2024 Q3,2024-09-30,Pizzeria,114721.0,114721.0,52312.0,52312.0,573607.0,92.0,263598.0,107.0,62409.0,62409.0,837205.0,Large
171,2024 Q4,2024-12-31,Pizzeria,171197.0,171197.0,69929.0,69929.0,855987.0,92.0,352171.0,107.0,101268.0,101268.0,1208158.0,Large
171,2025 Q1,2025-03-31,Pizzeria,179563.0,179563.0,72757.0,72757.0,897816.0,91.0,366392.0,107.0,106806.0,106806.0,1264208.0,Large
171,2025 Q2,2025-06-30,Pizzeria,132846.0,132846.0,57881.0,57881.0,664234.0,91.0,291620.0,107.0,74965.0,74965.0,955854.0,Large
171,2025 Q3,2025-09-30,Pizzeria,107940.0,107940.0,49212.8,49212.8,539701.0,92.0,247920.0,108.0,58727.2,58727.2,787621.0,Large
172,2024 Q2,2024-06-30,Pizzeria,52804.0,53445.0,23743.23,23743.23,267225.0,91.0,119643.17,117.0,29060.77,29701.77,386868.17,Small
172,2024 Q3,2024-09-30,Pizzeria,52833.0,52833.0,22249.54,22249.54,264168.0,92.0,112152.72,108.0,30583.46,30583.46,376320.72,Small
172,2024 Q4,2024-12-31,Pizzeria,67043.0,67043.0,25595.0,25595.0,335218.0,92.0,128932.0,107.0,41448.0,41448.0,464150.0,Small
172,2025 Q1,2025-03-31,Pizzeria,69653.0,69653.0,28016.54,28017.54,348268.0,91.0,141072.72,108.0,41636.46,41635.46,489340.72,Small
172,2025 Q2,2025-06-30,Pizzeria,62887.0,63715.0,24758.0,24758.0,318575.0,91.0,124836.0,107.0,38129.0,38957.0,443411.0,Small
172,2025 Q3,2025-09-30,Pizzeria,64513.0,64513.0,24170.0,24170.0,322568.0,92.0,121928.0,107.0,40343.0,40343.0,444496.0,Small
173,2024 Q2,2024-06-30,Pizzeria,59971.0,60884.0,24879.0,24879.0,304422.0,91.0,130786.0,115.0,35092.0,36005.0,435208.0,Small
173,2024 Q3,2024-09-30,Pizzeria,48177.0,48960.0,19912.65,19912.65,244802.0,92.0,104729.25,108.0,28264.35,29047.35,349531.25,Small
173,2024 Q4,2024-12-31,Pizzeria,44994.0,44994.0,18353.0,18353.0,224971.0,92.0,95666.0,107.0,26641.0,26641.0,320637.0,Small
173,2025 Q1,2025-03-31,Pizzeria,54838.0,55560.0,22769.0,22769.0,277803.0,91.0,118789.0,107.0,32069.0,32791.0,396592.0,Small
173,2025 Q2,2025-06-30,Pizzeria,76869.0,77881.0,30406.0,30406.0,389405.0,91.0,160140.0,107.0,46463.0,47475.0,549545.0,Small
173,2025 Q3,2025-09-30,Pizzeria,60389.0,61309.0,23027.0,23027.0,306547.0,92.0,121455.0,107.0,37362.0,38282.0,428002.0,Small
174,2024 Q2,2024-06-30,Pizzeria,50504.0,51587.0,22525.0,22525.0,257937.0,91.0,116721.0,115.0,27979.0,29062.0,374658.0,Small
174,2024 Q3,2024-09-30,Pizzeria,52466.0,52466.0,22137.0,22137.0,262331.0,92.0,115041.0,107.0,30329.0,30329.0,377372.0,Small
174,2024 Q4,2024-12-31,Pizzeria,41552.0,41552.0,18459.0,18459.0,207761.0,92.0,95301.77,108.0,23093.0,23093.0,303062.77,Small
174,2025 Q1,2025-03-31,Pizzeria,57968.0,58613.0,24430.0,24430.0,293069.0,91.0,126412.08,108.0,33538.0,34183.0,419481.08,Small
174,2025 Q2,2025-06-30,Pizzeria,95335.0,95335.0,36889.0,36889.0,476675.0,91.0,191955.0,107.0,58446.0,58446.0,668630.0,Small
174,2025 Q3,2025-09-30,Pizzeria,41122.0,41833.0,17511.0,17511.0,209167.0,92.0,90762.0,107.0,23611.0,24322.0,299929.0,Small
175,2024 Q2,2024-06-30,Pizzeria,34984.0,48792.0,21849.0,21849.0,243964.0,91.0,109247.0,115.0,13135.0,26943.0,353211.0,Small
175,2024 Q3,2024-09-30,Pizzeria,37787.0,53905.0,20871.0,20871.0,269529.0,92.0,104357.0,107.0,16916.0,33034.0,373886.0,Small
175,2024 Q4,2024-12-31,Pizzeria,34969.0,48771.0,20171.0,20171.0,243856.0,92.0,100857.0,107.0,14798.0,28600.0,344713.0,Small
175,2025 Q1,2025-03-31,Pizzeria,56907.0,84308.0,34582.2,34582.2,421540.0,91.0,172914.0,108.0,22324.800000000003,49725.8,594454.0,Small
175,2025 Q2,2025-06-30,Pizzeria,79900.0,116984.0,42627.0,42627.0,584923.0,91.0,213137.0,107.0,37273.0,74357.0,798060.0,Small
175,2025 Q3,2025-09-30,Pizzeria,33035.0,48510.0,19491.0,19491.0,242554.0,92.0,97457.0,107.0,13544.0,29019.0,340011.0,Small
176,2024 Q2,2024-06-30,Pizzeria,62804.0,62804.0,27122.2,27122.2,314021.0,91.0,135612.02,116.0,35681.8,35681.8,449633.02,Small
176,2024 Q3,2024-09-30,Pizzeria,45087.0,45087.0,19269.0,19270.0,225438.0,92.0,96350.0,107.0,25818.0,25817.0,321788.0,Small
176,2024 Q4,2024-12-31,Pizzeria,59052.0,59052.0,24763.11,24762.11,295261.0,92.0,123814.55,108.0,34288.89,34289.89,419075.55,Small
176,2025 Q1,2025-03-31,Pizzeria,112762.0,112762.0,43960.0,43960.0,563810.0,91.0,219804.0,107.0,68802.0,68802.0,783614.0,Small
176,2025 Q2,2025-06-30,Pizzeria,91210.0,91211.0,34850.0,34850.0,456055.0,91.0,174250.0,107.0,56360.0,56361.0,630305.0,Small
176,2025 Q3,2025-09-30,Pizzeria,49256.0,49256.0,21885.69,21885.69,246280.0,92.0,109431.43,108.0,27370.31,27370.31,355711.43,Small
177,2024 Q2,2024-06-30,Pizzeria,131853.0,133590.0,64870.0,64870.0,667952.0,91.0,326922.0,115.0,66983.0,68720.0,994874.0,Large
177,2024 Q3,2024-09-30,Pizzeria,123903.0,126303.0,58774.0,58774.0,631518.0,92.0,296276.0,107.0,65129.0,67529.0,927794.0,Large
177,2024 Q4,2024-12-31,Pizzeria,148448.0,154795.0,73515.13,73515.13,773976.0,92.0,370031.66,108.0,74932.87,81279.87,1144007.66,Large
177,2025 Q1,2025-03-31,Pizzeria,152005.0,156384.0,70488.0,70488.0,781920.0,91.0,354895.0,107.0,81517.0,85896.0,1136815.0,Large
177,2025 Q2,2025-06-30,Pizzeria,130179.0,131760.0,61403.0,61403.0,658804.0,91.0,309411.0,107.0,68776.0,70357.0,968215.0,Large
177,2025 Q3,2025-09-30,Pizzeria,125738.0,128698.0,58436.0,58436.0,643490.0,92.0,294762.31,108.0,67302.0,70262.0,938252.31,Large
178,2024 Q2,2024-06-30,Pizzeria,48658.0,49550.0,19103.0,19103.0,247752.0,91.0,100504.0,115.0,29555.0,30447.0,348256.0,Small
178,2024 Q3,2024-09-30,Pizzeria,45327.0,46205.0,17507.0,17507.0,231029.0,92.0,92274.0,107.0,27820.0,28698.0,323303.0,Small
178,2024 Q4,2024-12-31,Pizzeria,83732.0,87039.0,30352.0,30352.0,435197.0,92.0,159327.0,107.0,53380.0,56687.0,594524.0,Small
178,2025 Q1,2025-03-31,Pizzeria,114210.0,116899.0,37918.0,37918.0,584498.0,91.0,199156.21,108.0,76292.0,78981.0,783654.21,Small
178,2025 Q2,2025-06-30,Pizzeria,45006.0,45599.0,17283.0,17283.0,227996.0,91.0,90795.0,107.0,27723.0,28316.0,318791.0,Small
178,2025 Q3,2025-09-30,Pizzeria,94549.0,95697.0,31681.0,31681.0,478486.0,92.0,168638.96,108.0,62868.0,64016.0,647124.96,Small
179,2024 Q2,2024-06-30,Pizzeria,46110.0,46907.0,28045.0,28045.0,234538.0,91.0,141188.0,115.0,18065.0,18862.0,375726.0,Medium
179,2024 Q3,2024-09-30,Pizzeria,42258.0,43253.0,25925.0,25925.0,216265.0,92.0,130530.0,107.0,16333.0,17328.0,346795.0,Medium
179,2024 Q4,2024-12-31,Pizzeria,109398.0,113366.0,54045.69,54045.69,566830.0,92.0,272218.47,108.0,55352.31,59320.31,839048.47,Medium
179,2025 Q1,2025-03-31,Pizzeria,103605.0,105076.0,49085.42,49085.42,525382.0,91.0,247168.11,108.0,54519.58,55990.58,772550.11,Medium
179,2025 Q2,2025-06-30,Pizzeria,48706.0,49649.0,28718.0,28718.0,248245.0,91.0,144606.0,107.0,19988.0,20931.0,392851.0,Medium
179,2025 Q3,2025-09-30,Pizzeria,117038.0,120039.0,53762.0,53762.0,600197.0,92.0,271413.17,108.0,63276.0,66277.0,871610.1699999999,Medium
180,2024 Q2,2024-06-30,Pizzeria,38854.0,38854.0,17161.0,17160.0,194274.0,91.0,89810.0,115.0,21693.0,21694.0,284084.0,Small
180,2024 Q3,2024-09-30,Pizzeria,53871.0,53871.0,20976.0,20976.0,269357.0,92.0,110300.0,107.0,32895.0,32895.0,379657.0,Small
180,2024 Q4,2024-12-31,Pizzeria,116795.0,116795.0,42100.0,42100.0,583976.0,92.0,220354.0,107.0,74695.0,74695.0,804330.0,Small
180,2025 Q1,2025-03-31,Pizzeria,60800.0,60800.0,22506.0,22506.0,304002.0,91.0,117270.0,107.0,38294.0,38294.0,421272.0,Small
180,2025 Q2,2025-06-30,Pizzeria,64480.0,64480.0,25388.0,25388.0,322401.0,91.0,133457.0,107.0,39092.0,39092.0,455858.0,Small
180,2025 Q3,2025-09-30,Pizzeria,89795.0,89795.0,31434.0,31434.0,448978.0,92.0,165914.0,107.0,58361.0,58361.0,614892.0,Small
181,2024 Q2,2024-06-30,Pizzeria,49286.0,49885.0,23370.0,23370.0,249426.0,91.0,117797.0,115.0,25916.0,26515.0,367223.0,Small
181,2024 Q3,2024-09-30,Pizzeria,51921.0,51921.0,22853.0,22853.0,259608.0,92.0,115242.0,107.0,29068.0,29068.0,374850.0,Small
181,2024 Q4,2024-12-31,Pizzeria,68342.0,68342.0,28650.0,28650.0,341711.0,92.0,144319.0,107.0,39692.0,39692.0,486030.0,Small
181,2025 Q1,2025-03-31,Pizzeria,72770.0,72770.0,30507.0,30507.0,363852.0,91.0,153665.0,107.0,42263.0,42263.0,517517.0,Small
181,2025 Q2,2025-06-30,Pizzeria,67562.0,67562.0,28635.0,28635.0,337814.0,91.0,144389.0,107.0,38927.0,38927.0,482203.0,Small
181,2025 Q3,2025-09-30,Pizzeria,68958.0,68958.0,28151.0,28151.0,344792.0,92.0,142015.0,107.0,40807.0,40807.0,486807.0,Small
182,2024 Q2,2024-06-30,Pizzeria,48017.0,51631.0,23860.0,23860.0,258158.0,91.0,119302.0,115.0,24157.0,27771.0,377460.0,Small
182,2024 Q3,2024-09-30,Pizzeria,45799.0,49246.0,22023.0,22023.0,246231.0,92.0,110119.0,107.0,23776.0,27223.0,356350.0,Small
182,2024 Q4,2024-12-31,Pizzeria,68720.0,73813.0,30469.0,30469.0,369068.0,92.0,152347.0,107.0,38251.0,43344.0,521415.0,Small
182,2025 Q1,2025-03-31,Pizzeria,76751.0,83425.0,33880.0,33880.0,417126.0,91.0,169403.0,107.0,42871.0,49545.0,586529.0,Small
182,2025 Q2,2025-06-30,Pizzeria,62939.0,67531.0,28350.0,28350.0,337655.0,91.0,141751.99,108.0,34589.0,39181.0,479406.99,Small
182,2025 Q3,2025-09-30,Pizzeria,48485.0,52191.0,22370.0,22370.0,260956.0,92.0,111853.0,107.0,26115.0,29821.0,372809.0,Small
183,2024 Q2,2024-06-30,Pizzeria,46002.0,71100.0,28648.0,28648.0,355503.0,91.0,148898.0,115.0,17354.0,42452.0,504401.0,Small
183,2024 Q3,2024-09-30,Pizzeria,31220.0,48254.0,19689.0,19689.0,241272.0,92.0,102249.0,107.0,11531.0,28565.0,343521.0,Small
183,2024 Q4,2024-12-31,Pizzeria,34818.0,54489.0,22352.0,22352.0,272449.0,92.0,115417.0,107.0,12466.0,32137.0,387866.0,Small
183,2025 Q1,2025-03-31,Pizzeria,49890.0,77349.0,31498.9,31498.9,386746.0,91.0,162634.48,108.0,18391.1,45850.1,549380.48,Small
183,2025 Q2,2025-06-30,Pizzeria,46202.0,71742.0,27579.0,27579.0,358714.0,91.0,143293.0,107.0,18623.0,44163.0,502007.0,Small
183,2025 Q3,2025-09-30,Pizzeria,31100.0,48900.0,19656.0,19656.0,244500.0,92.0,102086.0,107.0,11444.0,29244.0,346586.0,Small
184,2024 Q2,2024-06-30,Pizzeria,43032.0,49806.0,21451.0,21451.0,249031.0,91.0,107255.0,115.0,21581.0,28355.0,356286.0,Small
184,2024 Q3,2024-09-30,Pizzeria,42884.0,48899.0,19932.0,19932.0,244496.0,92.0,99664.0,107.0,22952.0,28967.0,344160.0,Small
184,2024 Q4,2024-12-31,Pizzeria,54494.0,61161.0,24091.0,24091.0,305807.0,92.0,120456.0,107.0,30403.0,37070.0,426263.0,Small
184,2025 Q1,2025-03-31,Pizzeria,53857.0,62191.0,24706.0,24706.0,310956.0,91.0,123532.0,107.0,29151.0,37485.0,434488.0,Small
184,2025 Q2,2025-06-30,Pizzeria,48327.0,55357.0,22379.0,22379.0,276789.0,91.0,111896.0,107.0,25948.0,32978.0,388685.0,Small
184,2025 Q3,2025-09-30,Pizzeria,46797.0,54289.0,21447.15,21447.15,271448.0,92.0,107235.75,108.0,25349.85,32841.85,378683.75,Small
185,2024 Q2,2024-06-30,Pizzeria,52078.0,52078.0,22767.0,22767.0,260394.0,91.0,114889.0,115.0,29311.0,29311.0,375283.0,Small
185,2024 Q3,2024-09-30,Pizzeria,53156.0,53156.0,21889.0,21889.0,265780.0,92.0,110508.0,107.0,31267.0,31267.0,376288.0,Small
185,2024 Q4,2024-12-31,Pizzeria,68833.0,68833.0,28579.98,28579.98,344167.0,92.0,144044.88,109.0,40253.02,40253.02,488211.88,Small
185,2025 Q1,2025-03-31,Pizzeria,72263.0,72263.0,28677.0,28677.0,361316.0,91.0,144580.0,107.0,43586.0,43586.0,505896.0,Small
185,2025 Q2,2025-06-30,Pizzeria,66262.0,66262.0,26603.0,26603.0,331311.0,91.0,134279.0,107.0,39659.0,39659.0,465590.0,Small
185,2025 Q3,2025-09-30,Pizzeria,66868.0,66868.0,25902.0,25902.0,334341.0,92.0,130808.0,107.0,40966.0,40966.0,465149.0,Small
186,2024 Q2,2024-06-30,Pizzeria,115363.0,116882.0,55374.0,55374.0,584413.0,91.0,276873.0,115.0,59989.0,61508.0,861286.0,Medium
186,2024 Q3,2024-09-30,Pizzeria,110532.0,110532.0,49729.0,49729.0,552661.0,92.0,248649.0,107.0,60803.0,60803.0,801310.0,Medium
186,2024 Q4,2024-12-31,Pizzeria,131445.0,133447.0,58634.0,58634.0,667238.0,92.0,293171.0,107.0,72811.0,74813.0,960409.0,Medium
186,2025 Q1,2025-03-31,Pizzeria,131136.0,131136.0,58349.0,58349.0,655684.0,91.0,291749.0,107.0,72787.0,72787.0,947433.0,Medium
186,2025 Q2,2025-06-30,Pizzeria,111104.0,112911.0,51180.0,51180.0,564557.0,91.0,255901.0,107.0,59924.0,61731.0,820458.0,Medium
186,2025 Q3,2025-09-30,Pizzeria,107099.0,107099.0,47341.0,47341.0,535497.0,92.0,236707.0,107.0,59758.0,59758.0,772204.0,Medium
187,2024 Q2,2024-06-30,Pizzeria,56078.0,97868.0,35224.0,35224.0,489343.0,91.0,183398.88,116.0,20854.0,62644.0,672741.88,Medium
187,2024 Q3,2024-09-30,Pizzeria,60483.0,116314.0,38081.0,38081.0,581571.0,92.0,198189.0,107.0,22402.0,78233.0,779760.0,Medium
187,2024 Q4,2024-12-31,Pizzeria,106064.0,142559.0,45023.0,45023.0,712798.0,92.0,232989.0,107.0,61041.0,97536.0,945787.0,Medium
187,2025 Q1,2025-03-31,Pizzeria,93511.0,116163.0,38345.0,38345.0,580817.0,91.0,198075.0,107.0,55166.0,77818.0,778892.0,Medium
187,2025 Q2,2025-06-30,Pizzeria,51550.0,90281.0,31483.0,31483.0,451405.0,91.0,163198.0,107.0,20067.0,58798.0,614603.0,Medium
187,2025 Q3,2025-09-30,Pizzeria,54650.0,104095.0,34023.0,34023.0,520477.0,92.0,176885.0,107.0,20627.0,70072.0,697362.0,Medium
188,2024 Q2,2024-06-30,Pizzeria,70200.0,70200.0,29169.0,29169.0,351004.0,91.0,150941.0,115.0,41031.0,41031.0,501945.0,Medium
188,2024 Q3,2024-09-30,Pizzeria,47944.0,47944.0,21610.0,21610.0,239724.0,92.0,111621.0,107.0,26334.0,26334.0,351345.0,Medium
188,2024 Q4,2024-12-31,Pizzeria,139906.0,139906.0,49380.0,49380.0,699532.0,92.0,256082.47,108.0,90526.0,90526.0,955614.47,Medium
188,2025 Q1,2025-03-31,Pizzeria,124779.0,126167.0,45359.0,45359.0,630837.0,91.0,234369.0,107.0,79420.0,80808.0,865206.0,Medium
188,2025 Q2,2025-06-30,Pizzeria,63411.0,63411.0,25135.0,25135.0,317057.0,91.0,129879.0,107.0,38276.0,38276.0,446936.0,Medium
188,2025 Q3,2025-09-30,Pizzeria,48446.0,48446.0,20790.0,20790.0,242232.0,92.0,107385.0,107.0,27656.0,27656.0,349617.0,Medium
189,2024 Q2,2024-06-30,Pizzeria,62268.0,62961.0,25044.0,25044.0,314805.0,91.0,126418.0,115.0,37224.0,37917.0,441223.0,Small
189,2024 Q3,2024-09-30,Pizzeria,60824.0,60824.0,22925.0,22925.0,304121.0,92.0,115950.31,109.0,37899.0,37899.0,420071.31,Small
189,2024 Q4,2024-12-31,Pizzeria,74939.0,74939.0,27446.0,27446.0,374696.0,92.0,138399.0,107.0,47493.0,47493.0,513095.0,Small
189,2025 Q1,2025-03-31,Pizzeria,75110.0,75110.0,27793.0,27793.0,375552.0,91.0,140129.0,107.0,47317.0,47317.0,515681.0,Small
189,2025 Q2,2025-06-30,Pizzeria,65934.0,65934.0,24832.0,24832.0,329673.0,91.0,125341.0,107.0,41102.0,41102.0,455014.0,Small
189,2025 Q3,2025-09-30,Pizzeria,63071.0,63773.0,23332.0,23332.0,318869.0,92.0,117826.0,107.0,39739.0,40441.0,436695.0,Small
190,2024 Q2,2024-06-30,Pizzeria,41974.0,66520.0,26411.0,26411.0,332601.0,91.0,133303.0,115.0,15563.0,40109.0,465904.0,Small
190,2024 Q3,2024-09-30,Pizzeria,43139.0,62160.0,23465.0,23465.0,310802.0,92.0,118564.2,108.0,19674.0,38695.0,429366.2,Small
190,2024 Q4,2024-12-31,Pizzeria,38706.0,74150.0,27295.0,27295.0,370752.0,92.0,137620.0,107.0,11411.0,46855.0,508372.0,Small
190,2025 Q1,2025-03-31,Pizzeria,47066.0,71967.0,26890.0,26890.0,359838.0,91.0,135553.0,107.0,20176.0,45077.0,495391.0,Small
190,2025 Q2,2025-06-30,Pizzeria,39456.0,61172.0,23426.0,23426.0,305863.0,91.0,118213.0,107.0,16030.0,37746.0,424076.0,Small
190,2025 Q3,2025-09-30,Pizzeria,39945.0,57228.0,21423.0,21423.0,286142.0,92.0,108151.0,107.0,18522.0,35805.0,394293.0,Small
191,2024 Q2,2024-06-30,Pizzeria,30386.0,43596.0,21120.0,21120.0,217981.0,91.0,105601.0,115.0,9266.0,22476.0,323582.0,Small
191,2024 Q3,2024-09-30,Pizzeria,57042.0,81957.0,32084.0,32084.0,409788.0,92.0,160424.0,107.0,24958.0,49873.0,570212.0,Small
191,2024 Q4,2024-12-31,Pizzeria,58310.0,82826.0,32527.0,32527.0,414133.0,92.0,162636.0,107.0,25783.0,50299.0,576769.0,Small
191,2025 Q1,2025-03-31,Pizzeria,37025.0,52369.0,21873.0,21873.0,261848.0,91.0,109367.0,107.0,15152.0,30496.0,371215.0,Small
191,2025 Q2,2025-06-30,Pizzeria,32498.0,45966.0,20413.0,20413.0,229832.0,91.0,102069.0,107.0,12085.0,25553.0,331901.0,Small
191,2025 Q3,2025-09-30,Pizzeria,25268.0,36097.0,16193.0,16194.0,180486.0,92.0,80970.0,107.0,9075.0,19903.0,261456.0,Small
192,2024 Q2,2024-06-30,Pizzeria,102633.0,102633.0,46747.55,46747.55,513169.0,91.0,233740.75,117.0,55885.45,55885.45,746909.75,Medium
192,2024 Q3,2024-09-30,Pizzeria,104246.0,104246.0,44505.93,44505.93,521232.0,92.0,222533.67,108.0,59740.07,59740.07,743765.67,Medium
192,2024 Q4,2024-12-31,Pizzeria,134431.0,134431.0,55237.0,55237.0,672159.0,92.0,276189.0,107.0,79194.0,79194.0,948348.0,Medium
192,2025 Q1,2025-03-31,Pizzeria,140616.0,140616.0,58109.0,58109.0,703082.0,91.0,290545.0,107.0,82507.0,82507.0,993627.0,Medium
192,2025 Q2,2025-06-30,Pizzeria,128521.0,128521.0,53701.0,53701.0,642606.0,91.0,268506.0,107.0,74820.0,74820.0,911112.0,Medium
192,2025 Q3,2025-09-30,Pizzeria,129310.0,129310.0,52155.0,52155.0,646550.0,92.0,260778.0,107.0,77155.0,77155.0,907328.0,Medium
193,2024 Q2,2024-06-30,Pizzeria,95187.0,106832.0,55471.0,55471.0,534161.0,91.0,279207.0,115.0,39716.0,51361.0,813368.0,Large
193,2024 Q3,2024-09-30,Pizzeria,116649.0,134854.0,62628.0,62628.0,674273.0,92.0,315448.0,107.0,54021.0,72226.0,989721.0,Large
193,2024 Q4,2024-12-31,Pizzeria,166350.0,186074.0,79090.0,79090.0,930373.0,92.0,398064.0,107.0,87260.0,106984.0,1328437.0,Large
193,2025 Q1,2025-03-31,Pizzeria,128018.0,145640.0,65842.0,65842.0,728202.0,91.0,331224.0,107.0,62176.0,79798.0,1059426.0,Large
193,2025 Q2,2025-06-30,Pizzeria,94347.0,106487.0,53148.0,53148.0,532436.0,91.0,267478.0,107.0,41199.0,53339.0,799914.0,Large
193,2025 Q3,2025-09-30,Pizzeria,100317.0,134835.0,60983.0,60983.0,674175.0,92.0,307142.0,107.0,39334.0,73852.0,981317.0,Large
194,2024 Q2,2024-06-30,Pizzeria,33118.0,53159.0,25626.0,25626.0,265798.0,91.0,129189.0,115.0,7492.0,27533.0,394987.0,Small
194,2024 Q3,2024-09-30,Pizzeria,32112.0,51462.0,23628.0,23627.0,257314.0,92.0,119153.0,107.0,8484.0,27835.0,376467.0,Small
194,2024 Q4,2024-12-31,Pizzeria,39923.0,63774.0,28068.0,28068.0,318874.0,92.0,141388.0,107.0,11855.0,35706.0,460262.0,Small
194,2025 Q1,2025-03-31,Pizzeria,40473.0,64551.0,28649.0,28649.0,322756.0,91.0,144297.0,107.0,11824.0,35902.0,467053.0,Small
194,2025 Q2,2025-06-30,Pizzeria,35679.0,57454.0,26090.0,26090.0,287271.0,91.0,131531.0,107.0,9589.0,31364.0,418802.0,Small
194,2025 Q3,2025-09-30,Pizzeria,35361.0,56577.0,26603.65,26603.65,282887.0,92.0,134104.25,108.0,8757.349999999999,29973.35,416991.25,Small
195,2024 Q2,2024-06-30,Pizzeria,117064.0,117064.0,62550.77,62550.77,585324.0,91.0,312755.87,116.0,54513.23,54513.23,898079.87,Large
195,2024 Q3,2024-09-30,Pizzeria,119220.0,119220.0,63269.46,63269.46,596103.0,92.0,316349.31,108.0,55950.54,55950.54,912452.31,Large
195,2024 Q4,2024-12-31,Pizzeria,154100.0,154100.0,74013.0,74013.0,770501.0,92.0,370069.0,107.0,80087.0,80087.0,1140570.0,Large
195,2025 Q1,2025-03-31,Pizzeria,158460.0,161529.0,78167.83,78167.83,807645.0,91.0,390839.17,108.0,80292.17,83361.17,1198484.17,Large
195,2025 Q2,2025-06-30,Pizzeria,145848.0,147919.0,72191.0,72191.0,739598.0,91.0,360956.0,107.0,73657.0,75728.0,1100554.0,Large
195,2025 Q3,2025-09-30,Pizzeria,147310.0,149099.0,70287.0,70287.0,745498.0,92.0,351438.0,107.0,77023.0,78812.0,1096936.0,Large
196,2024 Q2,2024-06-30,Pizzeria,79608.0,79607.0,34554.0,34554.0,398039.0,91.0,179720.0,115.0,45054.0,45053.0,577759.0,Small
196,2024 Q3,2024-09-30,Pizzeria,65493.0,65493.0,27202.95,27202.95,327465.0,92.0,141604.75,108.0,38290.05,38290.05,469069.75,Small
196,2024 Q4,2024-12-31,Pizzeria,61214.0,61214.0,25809.0,25809.0,306071.0,92.0,133396.0,107.0,35405.0,35405.0,439467.0,Small
196,2025 Q1,2025-03-31,Pizzeria,60829.0,60829.0,25772.0,25772.0,304146.0,91.0,133483.25,108.0,35057.0,35057.0,437629.25,Small
196,2025 Q2,2025-06-30,Pizzeria,47771.0,47771.0,21406.0,21406.0,238858.0,91.0,111016.0,107.0,26365.0,26365.0,349874.0,Small
196,2025 Q3,2025-09-30,Pizzeria,71129.0,71129.0,29715.59,29715.59,355645.0,92.0,154587.97,108.0,41413.41,41413.41,510232.97,Small
197,2024 Q2,2024-06-30,Pizzeria,140610.0,140610.0,64353.0,64353.0,703053.0,91.0,321767.0,115.0,76257.0,76257.0,1024820.0,Large
197,2024 Q3,2024-09-30,Pizzeria,137021.0,138545.0,60360.0,60360.0,692729.0,92.0,301803.0,107.0,76661.0,78185.0,994532.0,Large
197,2024 Q4,2024-12-31,Pizzeria,173897.0,173897.0,72265.0,72265.0,869489.0,92.0,361325.0,107.0,101632.0,101632.0,1230814.0,Large
197,2025 Q1,2025-03-31,Pizzeria,177449.0,177449.0,74512.97,74512.97,887245.0,91.0,372565.87,108.0,102936.03,102936.03,1259810.87,Large
197,2025 Q2,2025-06-30,Pizzeria,158512.0,158512.0,72232.4,72232.4,792562.0,91.0,361164.98,108.0,86279.6,86279.6,1153726.98,Large
197,2025 Q3,2025-09-30,Pizzeria,156028.0,156028.0,64828.0,64828.0,780140.0,92.0,324142.0,107.0,91200.0,91200.0,1104282.0,Large
198,2024 Q2,2024-06-30,Pizzeria,53903.0,53903.0,23160.0,23160.0,269517.0,91.0,120171.0,115.0,30743.0,30743.0,389688.0,Small
198,2024 Q3,2024-09-30,Pizzeria,56236.0,56236.0,22488.0,22488.0,281183.0,92.0,117226.84,108.0,33748.0,33748.0,398409.84,Small
198,2024 Q4,2024-12-31,Pizzeria,60567.0,60567.0,23979.0,23979.0,302837.0,92.0,123876.0,107.0,36588.0,36588.0,426713.0,Small
198,2025 Q1,2025-03-31,Pizzeria,52428.0,53011.0,21942.0,21942.0,265059.0,91.0,113200.0,107.0,30486.0,31069.0,378259.0,Small
198,2025 Q2,2025-06-30,Pizzeria,50987.0,51554.0,21433.0,21433.0,257772.0,91.0,111117.0,107.0,29554.0,30121.0,368889.0,Small
198,2025 Q3,2025-09-30,Pizzeria,57336.0,57336.0,22437.0,22437.0,286682.0,92.0,116635.0,107.0,34899.0,34899.0,403317.0,Small
199,2024 Q2,2024-06-30,Pizzeria,39787.0,56676.0,25873.0,25873.0,283383.0,91.0,130486.0,115.0,13914.0,30803.0,413869.0,Small
199,2024 Q3,2024-09-30,Pizzeria,27608.0,39553.0,18141.0,18141.0,197768.0,92.0,91531.54,108.0,9467.0,21412.0,289299.54,Small
199,2024 Q4,2024-12-31,Pizzeria,36062.0,50437.0,21978.0,21978.0,252185.0,92.0,110760.84,108.0,14084.0,28459.0,362945.84,Small
199,2025 Q1,2025-03-31,Pizzeria,28037.0,41971.0,20813.35,20813.35,209855.0,91.0,104764.76,108.0,7223.6500000000015,21157.65,314619.76,Small
199,2025 Q2,2025-06-30,Pizzeria,30634.0,66308.0,28559.0,28559.0,331544.0,91.0,144064.0,107.0,2075.0,37749.0,475608.0,Small
199,2025 Q3,2025-09-30,Pizzeria,23764.0,48897.0,21025.0,21025.0,244488.0,92.0,106067.0,107.0,2739.0,27872.0,350555.0,Small
200,2024 Q2,2024-06-30,Pizzeria,33456.0,46083.0,18781.0,18781.0,230419.0,91.0,98241.0,115.0,14675.0,27302.0,328660.0,Small
200,2024 Q3,2024-09-30,Pizzeria,35958.0,49734.0,19078.0,19078.0,248672.0,92.0,100041.0,107.0,16880.0,30656.0,348713.0,Small
200,2024 Q4,2024-12-31,Pizzeria,35459.0,49455.0,18828.0,18828.0,247276.0,92.0,97938.0,107.0,16631.0,30627.0,345214.0,Small
200,2025 Q1,2025-03-31,Pizzeria,44638.0,62694.0,23575.0,23575.0,313470.0,91.0,122762.0,107.0,21063.0,39119.0,436232.0,Small
200,2025 Q2,2025-06-30,Pizzeria,46879.0,64839.0,23639.0,23639.0,324196.0,91.0,123880.0,107.0,23240.0,41200.0,448076.0,Small
200,2025 Q3,2025-09-30,Pizzeria,34865.0,48626.0,18098.0,18098.0,243133.0,92.0,94883.0,107.0,16767.0,30528.0,338016.0,Small
201,2024 Q2,2024-06-30,Pizzeria,102696.0,103838.0,43630.0,43630.0,519191.0,91.0,219948.0,115.0,59066.0,60208.0,739139.0,Medium
201,2024 Q3,2024-09-30,Pizzeria,99124.0,99124.0,39663.0,39663.0,495621.0,92.0,200007.0,107.0,59461.0,59461.0,695628.0,Medium
201,2024 Q4,2024-12-31,Pizzeria,119670.0,119670.0,46562.0,46562.0,598352.0,92.0,234516.0,107.0,73108.0,73108.0,832868.0,Medium
201,2025 Q1,2025-03-31,Pizzeria,120244.0,120244.0,47177.0,47177.0,601220.0,91.0,237585.0,107.0,73067.0,73067.0,838805.0,Medium
201,2025 Q2,2025-06-30,Pizzeria,104066.0,104066.0,41718.0,41718.0,520331.0,91.0,210290.0,107.0,62348.0,62348.0,730621.0,Medium
201,2025 Q3,2025-09-30,Pizzeria,98698.0,98698.0,41251.08,41251.08,493490.0,92.0,207902.4,108.0,57446.92,57446.92,701392.4,Medium
202,2024 Q2,2024-06-30,Pizzeria,118024.0,131870.0,60731.0,60731.0,659350.0,91.0,303656.0,115.0,57293.0,71139.0,963006.0,Large
202,2024 Q3,2024-09-30,Pizzeria,100622.0,111927.0,51057.0,51057.0,559638.0,92.0,255288.0,107.0,49565.0,60870.0,814926.0,Large
202,2024 Q4,2024-12-31,Pizzeria,149867.0,171473.0,72157.0,72157.0,857366.0,92.0,360789.0,107.0,77710.0,99316.0,1218155.0,Large
202,2025 Q1,2025-03-31,Pizzeria,154261.0,175896.0,73674.0,73674.0,879484.0,91.0,368372.0,107.0,80587.0,102222.0,1247856.0,Large
202,2025 Q2,2025-06-30,Pizzeria,105927.0,121199.0,54328.0,54328.0,605995.0,91.0,271641.0,107.0,51599.0,66871.0,877636.0,Large
202,2025 Q3,2025-09-30,Pizzeria,104814.0,120200.0,52603.0,52603.0,601000.0,92.0,263016.0,107.0,52211.0,67597.0,864016.0,Large
203,2024 Q2,2024-06-30,Cafe,462589.0,469157.0,153992.0,153992.0,2345786.0,91.0,817354.0,157.0,308597.0,315165.0,3163140.0,Large
203,2024 Q3,2024-09-30,Cafe,433909.0,439179.0,134951.0,134951.0,2195899.0,92.0,719823.0,146.0,298958.0,304228.0,2915722.0,Large
203,2024 Q4,2024-12-31,Cafe,471560.0,479715.0,147036.0,147036.0,2398575.0,92.0,782558.0,146.0,324524.0,332679.0,3181133.0,Large
203,2025 Q1,2025-03-31,Cafe,468114.0,475243.0,148286.0,148286.0,2376219.0,91.0,786198.0,146.0,319828.0,326957.0,3162417.0,Large
203,2025 Q2,2025-06-30,Cafe,461995.0,469030.0,146854.0,146854.0,2345152.0,91.0,779310.0,146.0,315141.0,322176.0,3124462.0,Large
203,2025 Q3,2025-09-30,Cafe,434715.0,439550.0,132426.0,132426.0,2197753.0,92.0,706311.0,146.0,302289.0,307124.0,2904064.0,Large
204,2024 Q2,2024-06-30,Cafe,83054.0,96351.0,37782.0,37782.0,481755.0,91.0,188911.0,157.0,45272.0,58569.0,670666.0,Small
204,2024 Q3,2024-09-30,Cafe,82452.0,93589.0,34609.0,34609.0,467946.0,92.0,173049.0,146.0,47843.0,58980.0,640995.0,Small
204,2024 Q4,2024-12-31,Cafe,92002.0,104192.0,38211.0,38211.0,520960.0,92.0,191058.0,146.0,53791.0,65981.0,712018.0,Small
204,2025 Q1,2025-03-31,Cafe,94097.0,106084.0,39283.0,39283.0,530421.0,91.0,196418.0,146.0,54814.0,66801.0,726839.0,Small
204,2025 Q2,2025-06-30,Cafe,95290.0,108038.0,40030.0,40030.0,540191.0,91.0,200154.0,146.0,55260.0,68008.0,740345.0,Small
204,2025 Q3,2025-09-30,Cafe,76826.0,104668.0,37524.0,37524.0,523341.0,92.0,187624.0,146.0,39302.0,67144.0,710965.0,Small
205,2024 Q2,2024-06-30,Cafe,99284.0,100490.0,32536.0,32536.0,502453.0,91.0,171610.0,157.0,66748.0,67954.0,674063.0,Small
205,2024 Q3,2024-09-30,Cafe,89013.0,91109.0,27810.0,27810.0,455546.0,92.0,147286.0,146.0,61203.0,63299.0,602832.0,Small
205,2024 Q4,2024-12-31,Cafe,91169.0,94574.0,28943.0,28943.0,472872.0,92.0,153029.0,146.0,62226.0,65631.0,625901.0,Small
205,2025 Q1,2025-03-31,Cafe,87667.0,89639.0,28018.0,28018.0,448195.0,91.0,147592.0,146.0,59649.0,61621.0,595787.0,Small
205,2025 Q2,2025-06-30,Cafe,83621.0,84981.0,26699.0,26699.0,424906.0,91.0,140673.0,146.0,56922.0,58282.0,565579.0,Small
205,2025 Q3,2025-09-30,Cafe,74575.0,76487.0,23388.0,23388.0,382436.0,92.0,123719.0,146.0,51187.0,53099.0,506155.0,Small
206,2024 Q2,2024-06-30,Cafe,98924.0,98924.0,36930.0,36930.0,494623.0,91.0,191318.0,157.0,61994.0,61994.0,685941.0,Small
206,2024 Q3,2024-09-30,Cafe,101854.0,101854.0,35557.28,35557.28,509270.0,92.0,184635.42,147.0,66296.72,66296.72,693905.42,Small
206,2024 Q4,2024-12-31,Cafe,119410.0,119410.0,41425.0,41425.0,597050.0,92.0,214043.0,146.0,77985.0,77985.0,811093.0,Small
206,2025 Q1,2025-03-31,Cafe,127353.0,127353.0,44561.0,44561.0,636765.0,91.0,230058.0,146.0,82792.0,82792.0,866823.0,Small
206,2025 Q2,2025-06-30,Cafe,135113.0,135113.0,48012.79,48012.79,675568.0,91.0,248683.93,147.0,87100.20999999999,87100.20999999999,924251.93,Small
206,2025 Q3,2025-09-30,Cafe,135856.0,135856.0,46293.79,46293.79,679281.0,92.0,240393.93,147.0,89562.20999999999,89562.20999999999,919674.93,Small
207,2024 Q2,2024-06-30,Cafe,113978.0,113978.0,35475.0,35475.0,569893.0,91.0,199518.0,157.0,78503.0,78503.0,769411.0,Small
207,2024 Q3,2024-09-30,Cafe,108586.0,108586.0,31515.0,31515.0,542932.0,92.0,178832.0,146.0,77071.0,77071.0,721764.0,Small
207,2024 Q4,2024-12-31,Cafe,118629.0,118629.0,34477.0,34476.0,593149.0,92.0,193616.0,146.0,84152.0,84153.0,786765.0,Small
207,2025 Q1,2025-03-31,Cafe,116915.0,118575.0,35168.0,35168.0,592879.0,91.0,196367.0,146.0,81747.0,83407.0,789246.0,Small
207,2025 Q2,2025-06-30,Cafe,118649.0,118649.0,35242.12,35242.12,593247.0,91.0,198091.59,147.0,83406.88,83406.88,791338.59,Small
207,2025 Q3,2025-09-30,Cafe,112978.0,112978.0,32005.0,32005.0,564891.0,92.0,181689.0,146.0,80973.0,80973.0,746580.0,Small
208,2024 Q2,2024-06-30,Cafe,75404.0,105608.0,37473.0,37473.0,528041.0,91.0,189901.0,157.0,37931.0,68135.0,717942.0,Small
208,2024 Q3,2024-09-30,Cafe,71734.0,101177.0,33879.0,33879.0,505888.0,92.0,171821.0,146.0,37855.0,67298.0,677709.0,Small
208,2024 Q4,2024-12-31,Cafe,78010.0,111125.0,38248.21,38248.21,555628.0,92.0,193535.04,147.0,39761.79,72876.79000000001,749163.04,Small
208,2025 Q1,2025-03-31,Cafe,79041.0,111640.0,37480.0,37480.0,558200.0,91.0,189669.0,146.0,41561.0,74160.0,747869.0,Small
208,2025 Q2,2025-06-30,Cafe,79576.0,112237.0,37806.0,37806.0,561187.0,91.0,191582.0,146.0,41770.0,74431.0,752769.0,Small
208,2025 Q3,2025-09-30,Cafe,75685.0,107354.0,35006.0,35006.0,536770.0,92.0,177549.0,146.0,40679.0,72348.0,714319.0,Small
209,2024 Q2,2024-06-30,Cafe,469231.0,482748.0,167315.0,167315.0,2413741.0,91.0,875132.0,157.0,301916.0,315433.0,3288873.0,Large
209,2024 Q3,2024-09-30,Cafe,544888.0,557144.0,176046.0,176046.0,2785724.0,92.0,923915.0,146.0,368842.0,381098.0,3709639.0,Large
209,2024 Q4,2024-12-31,Cafe,488269.0,496208.0,158758.0,158758.0,2481041.0,92.0,827214.0,146.0,329511.0,337450.0,3308255.0,Large
209,2025 Q1,2025-03-31,Cafe,371916.0,376433.0,123347.0,123347.0,1882167.0,91.0,641360.0,146.0,248569.0,253086.0,2523527.0,Large
209,2025 Q2,2025-06-30,Cafe,589945.0,600148.0,198113.0,198113.0,3000742.0,91.0,1036838.0,146.0,391832.0,402035.0,4037580.0,Large
209,2025 Q3,2025-09-30,Cafe,394791.0,401210.0,124651.0,124651.0,2006052.0,92.0,653439.0,146.0,270140.0,276559.0,2659491.0,Large
210,2024 Q2,2024-06-30,Cafe,88579.0,88579.0,32715.0,32715.0,442898.0,91.0,164511.0,157.0,55864.0,55864.0,607409.0,Small
210,2024 Q3,2024-09-30,Cafe,89102.0,89102.0,31192.42,31192.42,445513.0,92.0,156897.1,147.0,57909.58,57909.58,602410.1,Small
210,2024 Q4,2024-12-31,Cafe,102395.0,102395.0,35046.0,35046.0,511977.0,92.0,176158.0,146.0,67349.0,67349.0,688135.0,Small
210,2025 Q1,2025-03-31,Cafe,107326.0,107327.0,37012.0,37012.0,536635.0,91.0,186017.0,146.0,70314.0,70315.0,722652.0,Small
210,2025 Q2,2025-06-30,Cafe,112187.0,112187.0,38677.0,38677.0,560935.0,91.0,194503.0,146.0,73510.0,73510.0,755438.0,Small
210,2025 Q3,2025-09-30,Cafe,111329.0,111329.0,36968.0,36968.0,556647.0,92.0,185986.0,146.0,74361.0,74361.0,742633.0,Small
211,2024 Q2,2024-06-30,Cafe,101224.0,105114.0,38711.0,38711.0,525570.0,91.0,204361.0,157.0,62513.0,66403.0,729931.0,Small
211,2024 Q3,2024-09-30,Cafe,62460.0,70736.0,24606.0,24606.0,353682.0,92.0,130168.0,146.0,37854.0,46130.0,483850.0,Small
211,2024 Q4,2024-12-31,Cafe,40897.0,53530.0,20086.0,20086.0,267653.0,92.0,105428.74,147.0,20811.0,33444.0,373081.74,Small
211,2025 Q1,2025-03-31,Cafe,59800.0,81472.0,30740.0,30740.0,407362.0,91.0,161190.0,146.0,29060.0,50732.0,568552.0,Small
211,2025 Q2,2025-06-30,Cafe,74829.0,90155.0,31063.0,31063.0,450775.0,91.0,163616.0,146.0,43766.0,59092.0,614391.0,Small
211,2025 Q3,2025-09-30,Cafe,72518.0,77642.0,27308.0,27308.0,388212.0,92.0,144361.0,146.0,45210.0,50334.0,532573.0,Small
212,2024 Q2,2024-06-30,Cafe,259817.0,259817.0,94020.0,94020.0,1299087.0,91.0,472524.0,157.0,165797.0,165797.0,1771611.0,Large
212,2024 Q3,2024-09-30,Cafe,186741.0,186741.0,66696.0,66696.0,933707.0,92.0,335214.0,146.0,120045.0,120045.0,1268921.0,Large
212,2024 Q4,2024-12-31,Cafe,149698.0,149698.0,55862.0,55862.0,748492.0,92.0,280499.0,146.0,93836.0,93836.0,1028991.0,Large
212,2025 Q1,2025-03-31,Cafe,309667.0,309666.0,106854.0,106854.0,1548334.0,91.0,536790.0,146.0,202813.0,202812.0,2085124.0,Large
212,2025 Q2,2025-06-30,Cafe,176538.0,176538.0,64120.81,64120.81,882694.0,91.0,322116.01,148.0,112417.19,112417.19,1204810.01,Large
212,2025 Q3,2025-09-30,Cafe,284552.0,284552.0,95062.0,95062.0,1422761.0,92.0,477931.0,146.0,189490.0,189490.0,1900692.0,Large
213,2024 Q2,2024-06-30,Cafe,171956.0,171956.0,67824.3,67824.3,859781.0,91.0,345526.48,158.0,104131.7,104131.7,1205307.48,Medium
213,2024 Q3,2024-09-30,Cafe,129538.0,129538.0,49554.3,49554.3,647693.0,92.0,252545.48,147.0,79983.7,79983.7,900238.48,Medium
213,2024 Q4,2024-12-31,Cafe,128299.0,128299.0,49234.34,49234.34,641495.0,92.0,250408.69,147.0,79064.66,79064.66,891903.69,Medium
213,2025 Q1,2025-03-31,Cafe,210449.0,210449.0,75602.53,75602.53,1052246.0,91.0,384569.64,147.0,134846.47,134846.47,1436815.64,Medium
213,2025 Q2,2025-06-30,Cafe,147434.0,147434.0,57846.3,57846.3,737171.0,91.0,294594.48,147.0,89587.7,89587.7,1031765.48,Medium
213,2025 Q3,2025-09-30,Cafe,209466.0,209466.0,73191.0,73191.0,1047330.0,92.0,373680.0,146.0,136275.0,136275.0,1421010.0,Medium
214,2024 Q2,2024-06-30,Cafe,110660.0,112345.0,46109.0,46109.0,561728.0,91.0,231742.0,157.0,64551.0,66236.0,793470.0,Small
214,2024 Q3,2024-09-30,Cafe,104544.0,104544.0,40374.0,40374.0,522720.0,92.0,202985.0,146.0,64170.0,64170.0,725705.0,Small
214,2024 Q4,2024-12-31,Cafe,111542.0,111542.0,42898.0,42898.0,557710.0,92.0,215518.0,146.0,68644.0,68644.0,773228.0,Small
214,2025 Q1,2025-03-31,Cafe,108851.0,108851.0,42516.0,42516.0,544259.0,91.0,213565.0,146.0,66335.0,66335.0,757824.0,Small
214,2025 Q2,2025-06-30,Cafe,106371.0,106371.0,41812.0,41812.0,531856.0,91.0,210138.0,146.0,64559.0,64559.0,741994.0,Small
214,2025 Q3,2025-09-30,Cafe,98885.0,98885.0,37635.0,37635.0,494428.0,92.0,189212.0,146.0,61250.0,61250.0,683640.0,Small
215,2024 Q2,2024-06-30,Cafe,172836.0,207237.0,78967.0,78967.0,1036186.0,91.0,402677.0,157.0,93869.0,128270.0,1438863.0,Medium
215,2024 Q3,2024-09-30,Cafe,160771.0,188036.0,67862.0,67862.0,940180.0,92.0,346596.0,147.0,92909.0,120174.0,1286776.0,Medium
215,2024 Q4,2024-12-31,Cafe,148682.0,195377.0,70565.0,70565.0,976888.0,92.0,359193.0,146.0,78117.0,124812.0,1336081.0,Medium
215,2025 Q1,2025-03-31,Cafe,162228.0,185404.0,68224.0,68224.0,927023.0,91.0,347061.0,146.0,94004.0,117180.0,1274084.0,Medium
215,2025 Q2,2025-06-30,Cafe,150322.0,176021.0,65235.0,65235.0,880109.0,91.0,332491.0,146.0,85087.0,110786.0,1212600.0,Medium
215,2025 Q3,2025-09-30,Cafe,137911.0,158701.0,57485.0,57485.0,793506.0,92.0,293455.13,147.0,80426.0,101216.0,1086961.13,Medium
216,2024 Q2,2024-06-30,Cafe,78577.0,79451.0,31310.0,31310.0,397258.0,91.0,163553.0,157.0,47267.0,48141.0,560811.0,Small
216,2024 Q3,2024-09-30,Cafe,65875.0,66743.0,26088.0,26088.0,333715.0,92.0,137396.86,148.0,39787.0,40655.0,471111.86,Small
216,2024 Q4,2024-12-31,Cafe,128411.0,130234.0,46116.0,46116.0,651174.0,92.0,240447.39,147.0,82295.0,84118.0,891621.39,Small
216,2025 Q1,2025-03-31,Cafe,86263.0,86263.0,33082.0,33082.0,431317.0,91.0,172039.0,146.0,53181.0,53181.0,603356.0,Small
216,2025 Q2,2025-06-30,Cafe,134241.0,134241.0,48970.0,48970.0,671206.0,91.0,256248.0,146.0,85271.0,85271.0,927454.0,Small
216,2025 Q3,2025-09-30,Cafe,100595.0,100595.0,35493.0,35493.0,502979.0,92.0,186177.0,146.0,65102.0,65102.0,689156.0,Small
217,2024 Q2,2024-06-30,Cafe,101863.0,106440.0,39994.0,39994.0,532204.0,91.0,199971.0,157.0,61869.0,66446.0,732175.0,Small
217,2024 Q3,2024-09-30,Cafe,97326.0,101487.0,35896.0,35896.0,507439.0,92.0,179483.0,146.0,61430.0,65591.0,686922.0,Small
217,2024 Q4,2024-12-31,Cafe,106988.0,111446.0,40210.47,40210.47,557234.0,92.0,201052.36,147.0,66777.53,71235.53,758286.36,Small
217,2025 Q1,2025-03-31,Cafe,107977.0,112593.0,40078.0,40078.0,562965.0,91.0,200393.0,146.0,67899.0,72515.0,763358.0,Small
217,2025 Q2,2025-06-30,Cafe,112482.0,114544.0,40855.0,40855.0,572720.0,91.0,204278.0,146.0,71627.0,73689.0,776998.0,Small
217,2025 Q3,2025-09-30,Cafe,109552.0,111560.0,38376.0,38376.0,557804.0,92.0,191881.0,146.0,71176.0,73184.0,749685.0,Small
218,2024 Q2,2024-06-30,Cafe,243540.0,282529.0,90592.0,90592.0,1412649.0,91.0,482478.0,157.0,152948.0,191937.0,1895127.0,Large
218,2024 Q3,2024-09-30,Cafe,237983.0,273858.0,82268.0,82268.0,1369290.0,92.0,440356.0,146.0,155715.0,191590.0,1809646.0,Large
218,2024 Q4,2024-12-31,Cafe,267025.0,305871.0,90811.0,90811.0,1529357.0,92.0,484859.0,146.0,176214.0,215060.0,2014216.0,Large
218,2025 Q1,2025-03-31,Cafe,275360.0,313980.0,94634.0,94633.0,1569903.0,91.0,503428.0,146.0,180726.0,219347.0,2073331.0,Large
218,2025 Q2,2025-06-30,Cafe,278902.0,323552.0,97631.0,97631.0,1617761.0,91.0,520300.0,146.0,181271.0,225921.0,2138061.0,Large
218,2025 Q3,2025-09-30,Cafe,277218.0,317912.0,91837.0,91837.0,1589560.0,92.0,492137.0,146.0,185381.0,226075.0,2081697.0,Large
219,2024 Q2,2024-06-30,Cafe,43873.0,89536.0,36920.09,36920.09,447680.0,91.0,185598.45,158.0,6952.910000000004,52615.91,633278.45,Small
219,2024 Q3,2024-09-30,Cafe,45157.0,86178.0,33329.0,33329.0,430891.0,92.0,167605.0,146.0,11828.0,52849.0,598496.0,Small
219,2024 Q4,2024-12-31,Cafe,49074.0,95104.0,36925.43,36925.43,475522.0,92.0,185537.16,147.0,12148.57,58178.57,661059.16,Small
219,2025 Q1,2025-03-31,Cafe,49353.0,96017.0,38287.07,38287.07,480086.0,91.0,192338.37,147.0,11065.93,57729.93,672424.37,Small
219,2025 Q2,2025-06-30,Cafe,49088.0,97011.0,37787.0,37787.0,485056.0,91.0,189959.0,146.0,11301.0,59224.0,675015.0,Small
219,2025 Q3,2025-09-30,Cafe,45140.0,93265.0,35095.0,35095.0,466328.0,92.0,176489.0,146.0,10045.0,58170.0,642817.0,Small
220,2024 Q2,2024-06-30,Cafe,97365.0,119613.0,46319.0,46319.0,598069.0,91.0,234547.0,157.0,51046.0,73294.0,832616.0,Medium
220,2024 Q3,2024-09-30,Cafe,86107.0,114963.0,42201.0,42201.0,574818.0,92.0,213840.0,146.0,43906.0,72762.0,788658.0,Medium
220,2024 Q4,2024-12-31,Cafe,109638.0,127338.0,46197.0,46197.0,636692.0,92.0,233691.0,146.0,63441.0,81141.0,870383.0,Medium
220,2025 Q1,2025-03-31,Cafe,122257.0,129784.0,47529.0,47529.0,648921.0,91.0,240357.0,146.0,74728.0,82255.0,889278.0,Medium
220,2025 Q2,2025-06-30,Cafe,109031.0,133127.0,49191.35,49191.35,665639.0,91.0,249073.74,147.0,59839.65,83935.65,914712.74,Medium
220,2025 Q3,2025-09-30,Cafe,99180.0,130672.0,46157.0,46157.0,653364.0,92.0,233940.0,146.0,53023.0,84515.0,887304.0,Medium
221,2024 Q2,2024-06-30,Cafe,126962.0,147974.0,57646.0,57646.0,739873.0,91.0,288232.0,157.0,69316.0,90328.0,1028105.0,Small
221,2024 Q3,2024-09-30,Cafe,54114.0,63365.0,24155.0,24155.0,316828.0,92.0,120776.0,146.0,29959.0,39210.0,437604.0,Small
221,2024 Q4,2024-12-31,Cafe,102569.0,121384.0,46133.0,46133.0,606924.0,92.0,230669.0,146.0,56436.0,75251.0,837593.0,Small
221,2025 Q1,2025-03-31,Cafe,107824.0,127151.0,46840.0,46840.0,635759.0,91.0,234203.0,146.0,60984.0,80311.0,869962.0,Small
221,2025 Q2,2025-06-30,Cafe,102625.0,120452.0,46296.0,46296.0,602261.0,91.0,231480.0,146.0,56329.0,74156.0,833741.0,Small
221,2025 Q3,2025-09-30,Cafe,114080.0,135006.0,48987.0,48987.0,675030.0,92.0,244937.0,146.0,65093.0,86019.0,919967.0,Small
222,2024 Q2,2024-06-30,Cafe,198577.0,198577.0,81004.0,81004.0,992889.0,91.0,407157.0,157.0,117573.0,117573.0,1400046.0,Large
222,2024 Q3,2024-09-30,Cafe,190963.0,190963.0,73569.0,73569.0,954819.0,92.0,369895.0,146.0,117394.0,117394.0,1324714.0,Large
222,2024 Q4,2024-12-31,Cafe,211539.0,211539.0,80708.0,80708.0,1057696.0,92.0,405498.0,146.0,130831.0,130831.0,1463194.0,Large
222,2025 Q1,2025-03-31,Cafe,213090.0,215460.0,83047.0,83047.0,1077301.0,91.0,417198.0,146.0,130043.0,132413.0,1494499.0,Large
222,2025 Q2,2025-06-30,Cafe,220644.0,220644.0,85083.0,85083.0,1103220.0,91.0,427669.0,146.0,135561.0,135561.0,1530889.0,Large
222,2025 Q3,2025-09-30,Cafe,215944.0,215944.0,80432.0,80432.0,1079723.0,92.0,404435.0,146.0,135512.0,135512.0,1484158.0,Large
223,2024 Q2,2024-06-30,Cafe,94151.0,94151.0,39264.0,39264.0,470755.0,91.0,196323.0,157.0,54887.0,54887.0,667078.0,Medium
223,2024 Q3,2024-09-30,Cafe,108927.0,108927.0,43398.0,43398.0,544638.0,92.0,216990.0,146.0,65529.0,65529.0,761628.0,Medium
223,2024 Q4,2024-12-31,Cafe,171745.0,171744.0,61431.0,61431.0,858724.0,92.0,307157.0,146.0,110314.0,110313.0,1165881.0,Medium
223,2025 Q1,2025-03-31,Cafe,130197.0,130197.0,49417.0,49417.0,650985.0,91.0,247088.0,146.0,80780.0,80780.0,898073.0,Medium
223,2025 Q2,2025-06-30,Cafe,165031.0,165031.0,60832.0,60832.0,825156.0,91.0,304163.0,146.0,104199.0,104199.0,1129319.0,Medium
223,2025 Q3,2025-09-30,Cafe,106722.0,106722.0,39938.0,39938.0,533612.0,92.0,199691.0,146.0,66784.0,66784.0,733303.0,Medium
224,2024 Q2,2024-06-30,Cafe,64224.0,65268.0,25643.0,25643.0,326342.0,91.0,134002.0,157.0,38581.0,39625.0,460344.0,Medium
224,2024 Q3,2024-09-30,Cafe,126018.0,128328.0,43740.0,43740.0,641643.0,92.0,230765.0,146.0,82278.0,84588.0,872408.0,Medium
224,2024 Q4,2024-12-31,Cafe,170503.0,173452.0,54288.16,54288.16,867262.0,92.0,286350.81,147.0,116214.84,119163.84,1153612.81,Medium
224,2025 Q1,2025-03-31,Cafe,153716.0,153716.0,51351.0,51351.0,768581.0,91.0,269841.0,146.0,102365.0,102365.0,1038422.0,Medium
224,2025 Q2,2025-06-30,Cafe,193222.0,193222.0,62271.0,62271.0,966112.0,91.0,327659.0,146.0,130951.0,130951.0,1293771.0,Medium
224,2025 Q3,2025-09-30,Cafe,92075.0,93288.0,31179.0,31179.0,466440.0,92.0,163982.0,146.0,60896.0,62109.0,630422.0,Medium
225,2024 Q2,2024-06-30,Cafe,111870.0,111870.0,37956.0,37956.0,559353.0,91.0,200270.92,158.0,73914.0,73914.0,759623.92,Small
225,2024 Q3,2024-09-30,Cafe,104359.0,104359.0,33343.0,33343.0,521797.0,92.0,176018.0,146.0,71016.0,71016.0,697815.0,Small
225,2024 Q4,2024-12-31,Cafe,111659.0,111659.0,35807.0,35807.0,558296.0,92.0,187807.23,147.0,75852.0,75852.0,746103.23,Small
225,2025 Q1,2025-03-31,Cafe,109315.0,109315.0,35626.0,35626.0,546577.0,91.0,186388.0,146.0,73689.0,73689.0,732965.0,Small
225,2025 Q2,2025-06-30,Cafe,107199.0,107199.0,34896.0,34896.0,535998.0,91.0,183547.0,146.0,72303.0,72303.0,719545.0,Small
225,2025 Q3,2025-09-30,Cafe,100047.0,100047.0,31520.0,31520.0,500235.0,92.0,166497.65,147.0,68527.0,68527.0,666732.65,Small
226,2024 Q2,2024-06-30,Cafe,120798.0,120798.0,49742.73,49742.73,603993.0,91.0,258838.63,159.0,71055.26999999999,71055.26999999999,862831.63,Medium
226,2024 Q3,2024-09-30,Cafe,146405.0,146405.0,53466.0,53466.0,732029.0,92.0,278390.0,146.0,92939.0,92939.0,1010419.0,Medium
226,2024 Q4,2024-12-31,Cafe,120797.0,120797.0,46415.0,46415.0,603987.0,92.0,240092.0,146.0,74382.0,74382.0,844079.0,Medium
226,2025 Q1,2025-03-31,Cafe,153820.0,153820.0,57885.0,57885.0,769102.0,91.0,299417.0,146.0,95935.0,95935.0,1068519.0,Medium
226,2025 Q2,2025-06-30,Cafe,96205.0,96205.0,37499.0,37499.0,481028.0,91.0,194201.0,146.0,58706.0,58706.0,675229.0,Medium
226,2025 Q3,2025-09-30,Cafe,122876.0,122876.0,46133.0,46133.0,614380.0,92.0,240023.0,146.0,76743.0,76743.0,854403.0,Medium
227,2024 Q2,2024-06-30,Cafe,151329.0,165931.0,61059.0,61059.0,829655.0,91.0,309218.0,157.0,90270.0,104872.0,1138873.0,Medium
227,2024 Q3,2024-09-30,Cafe,139871.0,165332.0,55634.01,55634.01,826660.0,92.0,281945.04,147.0,84236.98999999999,109697.99,1108605.04,Medium
227,2024 Q4,2024-12-31,Cafe,121541.0,159923.0,56612.0,56612.0,799615.0,92.0,286338.0,146.0,64929.0,103311.0,1085953.0,Medium
227,2025 Q1,2025-03-31,Cafe,167386.0,195773.0,67560.05,67560.05,978866.0,91.0,341648.25,147.0,99825.95,128212.95,1320514.25,Medium
227,2025 Q2,2025-06-30,Cafe,91149.0,100054.0,38174.0,38174.0,500270.0,91.0,193107.0,146.0,52975.0,61880.0,693377.0,Medium
227,2025 Q3,2025-09-30,Cafe,108626.0,129009.0,44880.0,44880.0,645048.0,92.0,227508.34,147.0,63746.0,84129.0,872556.34,Medium
228,2024 Q2,2024-06-30,Cafe,97753.0,97753.0,34954.0,34954.0,488769.0,91.0,185167.0,157.0,62799.0,62799.0,673936.0,Small
228,2024 Q3,2024-09-30,Cafe,99563.0,99563.0,33144.0,33144.0,497819.0,92.0,176473.0,146.0,66419.0,66419.0,674292.0,Small
228,2024 Q4,2024-12-31,Cafe,115648.0,115648.0,38943.19,38943.19,578241.0,92.0,206725.93,147.0,76704.81,76704.81,784966.9299999999,Small
228,2025 Q1,2025-03-31,Cafe,122351.0,122351.0,40554.0,40554.0,611756.0,91.0,214886.0,146.0,81797.0,81797.0,826642.0,Small
228,2025 Q2,2025-06-30,Cafe,128912.0,128912.0,42792.0,42792.0,644561.0,91.0,226980.0,146.0,86120.0,86120.0,871541.0,Small
228,2025 Q3,2025-09-30,Cafe,128826.0,128826.0,40827.0,40827.0,644133.0,92.0,217722.0,146.0,87999.0,87999.0,861855.0,Small
229,2024 Q2,2024-06-30,Cafe,116537.0,116537.0,47273.0,47273.0,582685.0,91.0,244917.0,157.0,69264.0,69264.0,827602.0,Small
229,2024 Q3,2024-09-30,Cafe,111138.0,112488.0,43016.51,43016.51,562443.0,92.0,223324.55,147.0,68121.48999999999,69471.48999999999,785767.55,Small
229,2024 Q4,2024-12-31,Cafe,124446.0,124446.0,47305.0,47305.0,622233.0,92.0,244381.0,146.0,77141.0,77141.0,866614.0,Small
229,2025 Q1,2025-03-31,Cafe,125905.0,125905.0,48503.0,48503.0,629525.0,91.0,250330.0,146.0,77402.0,77402.0,879855.0,Small
229,2025 Q2,2025-06-30,Cafe,127426.0,127426.0,48968.0,48968.0,637131.0,91.0,253701.0,146.0,78458.0,78458.0,890832.0,Small
229,2025 Q3,2025-09-30,Cafe,122676.0,122676.0,45376.0,45376.0,613383.0,92.0,235684.0,146.0,77300.0,77300.0,849067.0,Small
230,2024 Q2,2024-06-30,Cafe,117824.0,119740.0,40373.0,40373.0,598701.0,91.0,213676.0,157.0,77451.0,79367.0,812377.0,Medium
230,2024 Q3,2024-09-30,Cafe,120046.0,121874.0,40103.15,40103.15,609370.0,92.0,212812.72,149.0,79942.85,81770.85,822182.72,Medium
230,2024 Q4,2024-12-31,Cafe,141477.0,141477.0,43715.0,43715.0,707388.0,92.0,232202.0,146.0,97762.0,97762.0,939590.0,Medium
230,2025 Q1,2025-03-31,Cafe,147203.0,149597.0,46760.0,46760.0,747986.0,91.0,247538.0,146.0,100443.0,102837.0,995524.0,Medium
230,2025 Q2,2025-06-30,Cafe,155338.0,157544.0,49208.0,49208.0,787723.0,91.0,260795.0,146.0,106130.0,108336.0,1048518.0,Medium
230,2025 Q3,2025-09-30,Cafe,157371.0,157371.0,46973.0,46973.0,786858.0,92.0,250259.0,146.0,110398.0,110398.0,1037117.0,Medium
231,2024 Q2,2024-06-30,Cafe,105672.0,105672.0,37377.0,37377.0,528360.0,91.0,200151.0,157.0,68295.0,68295.0,728511.0,Small
231,2024 Q3,2024-09-30,Cafe,103206.0,103206.0,34123.0,34123.0,516032.0,92.0,184575.1,147.0,69083.0,69083.0,700607.1,Small
231,2024 Q4,2024-12-31,Cafe,115308.0,116827.0,38283.0,38283.0,584135.0,92.0,205548.0,146.0,77025.0,78544.0,789683.0,Small
231,2025 Q1,2025-03-31,Cafe,122342.0,122342.0,40651.0,40651.0,611711.0,91.0,217425.0,146.0,81691.0,81691.0,829136.0,Small
231,2025 Q2,2025-06-30,Cafe,129260.0,129260.0,43091.9,43091.9,646300.0,91.0,230901.52,147.0,86168.1,86168.1,877201.52,Small
231,2025 Q3,2025-09-30,Cafe,130612.0,130612.0,41410.98,41410.98,653062.0,92.0,223318.89,147.0,89201.01999999999,89201.01999999999,876380.89,Small
232,2024 Q2,2024-06-30,Cafe,79879.0,79879.0,34232.0,34232.0,399395.0,91.0,171161.0,157.0,45647.0,45647.0,570556.0,Small
232,2024 Q3,2024-09-30,Cafe,76039.0,76039.0,30863.0,30863.0,380196.0,92.0,154316.0,146.0,45176.0,45176.0,534512.0,Small
232,2024 Q4,2024-12-31,Cafe,82988.0,82988.0,33301.0,33301.0,414941.0,92.0,166506.0,146.0,49687.0,49687.0,581447.0,Small
232,2025 Q1,2025-03-31,Cafe,82849.0,82849.0,33648.0,33648.0,414245.0,91.0,168241.0,146.0,49201.0,49201.0,582486.0,Small
232,2025 Q2,2025-06-30,Cafe,82784.0,82784.0,33776.0,33776.0,413922.0,91.0,168883.0,146.0,49008.0,49008.0,582805.0,Small
232,2025 Q3,2025-09-30,Cafe,78701.0,78701.0,31202.0,31202.0,393506.0,92.0,156012.0,146.0,47499.0,47499.0,549518.0,Small
233,2024 Q2,2024-06-30,Cafe,128211.0,186897.0,61472.84,61472.84,934487.0,91.0,325148.21,158.0,66738.16,125424.16,1259635.21,Medium
233,2024 Q3,2024-09-30,Cafe,138051.0,203016.0,61279.0,61279.0,1015083.0,92.0,325623.0,146.0,76772.0,141737.0,1340706.0,Medium
233,2024 Q4,2024-12-31,Cafe,67168.0,134605.0,42979.0,42979.0,673025.0,92.0,225922.0,146.0,24189.0,91626.0,898947.0,Medium
233,2025 Q1,2025-03-31,Cafe,97023.0,161975.0,50720.0,50720.0,809875.0,91.0,266403.0,146.0,46303.0,111255.0,1076278.0,Medium
233,2025 Q2,2025-06-30,Cafe,109273.0,158137.0,50996.0,50996.0,790689.0,91.0,269565.0,146.0,58277.0,107141.0,1060254.0,Medium
233,2025 Q3,2025-09-30,Cafe,120084.0,185601.0,55400.0,55400.0,928007.0,92.0,294195.0,146.0,64684.0,130201.0,1222202.0,Medium
234,2024 Q2,2024-06-30,Cafe,98703.0,109670.0,34715.86,34715.86,548352.0,91.0,186134.28,158.0,63987.14,74954.14,734486.28,Small
234,2024 Q3,2024-09-30,Cafe,90972.0,105049.0,31061.0,31061.0,525246.0,92.0,167494.0,146.0,59911.0,73988.0,692740.0,Small
234,2024 Q4,2024-12-31,Cafe,86273.0,115959.0,34000.0,34000.0,579795.0,92.0,182788.0,146.0,52273.0,81959.0,762583.0,Small
234,2025 Q1,2025-03-31,Cafe,96607.0,117813.0,36018.15,36018.15,589066.0,91.0,192526.74,147.0,60588.85,81794.85,781592.74,Small
234,2025 Q2,2025-06-30,Cafe,106320.0,120544.0,36027.0,36027.0,602722.0,91.0,193256.0,146.0,70293.0,84517.0,795978.0,Small
234,2025 Q3,2025-09-30,Cafe,103821.0,118113.0,33787.0,33787.0,590565.0,92.0,182353.0,146.0,70034.0,84326.0,772918.0,Small
235,2024 Q2,2024-06-30,Cafe,453323.0,453323.0,161766.0,161766.0,2266618.0,91.0,856324.0,157.0,291557.0,291557.0,3122942.0,Large
235,2024 Q3,2024-09-30,Cafe,433451.0,433451.0,144539.0,144539.0,2167257.0,92.0,768920.0,146.0,288912.0,288912.0,2936177.0,Large
235,2024 Q4,2024-12-31,Cafe,478030.0,478030.0,158796.0,158796.0,2390150.0,92.0,843554.0,146.0,319234.0,319234.0,3233704.0,Large
235,2025 Q1,2025-03-31,Cafe,486007.0,486007.0,164111.0,164111.0,2430036.0,91.0,868510.0,146.0,321896.0,321896.0,3298546.0,Large
235,2025 Q2,2025-06-30,Cafe,498702.0,498702.0,168771.0,168771.0,2493511.0,91.0,893597.0,146.0,329931.0,329931.0,3387108.0,Large
235,2025 Q3,2025-09-30,Cafe,491215.0,491215.0,159103.0,159102.0,2456078.0,92.0,846784.0,146.0,332112.0,332113.0,3302862.0,Large
236,2024 Q2,2024-06-30,Cafe,102617.0,113389.0,48541.39,48541.39,566949.0,91.0,252586.97,158.0,54075.61,64847.61,819535.97,Medium
236,2024 Q3,2024-09-30,Cafe,89753.0,109455.0,42422.0,42422.0,547276.0,92.0,221639.0,146.0,47331.0,67033.0,768915.0,Medium
236,2024 Q4,2024-12-31,Cafe,95862.0,122273.0,47161.0,47161.0,611365.0,92.0,244980.0,146.0,48701.0,75112.0,856345.0,Medium
236,2025 Q1,2025-03-31,Cafe,109689.0,126370.0,49222.0,49222.0,631851.0,91.0,255436.0,146.0,60467.0,77148.0,887287.0,Medium
236,2025 Q2,2025-06-30,Cafe,115349.0,132129.0,51107.0,51107.0,660648.0,91.0,266468.0,146.0,64242.0,81022.0,927116.0,Medium
236,2025 Q3,2025-09-30,Cafe,112578.0,132757.0,49263.0,49263.0,663788.0,92.0,257626.0,146.0,63315.0,83494.0,921414.0,Medium
237,2024 Q2,2024-06-30,Cafe,249844.0,253906.0,86898.0,86898.0,1269530.0,91.0,457478.0,157.0,162946.0,167008.0,1727008.0,Large
237,2024 Q3,2024-09-30,Cafe,249918.0,256589.0,81851.0,81851.0,1282945.0,92.0,432896.0,146.0,168067.0,174738.0,1715841.0,Large
237,2024 Q4,2024-12-31,Cafe,290413.0,296038.0,93067.0,93067.0,1480191.0,92.0,491842.0,146.0,197346.0,202971.0,1972033.0,Large
237,2025 Q1,2025-03-31,Cafe,304199.0,311360.0,99147.0,99147.0,1556804.0,91.0,522241.0,146.0,205052.0,212213.0,2079045.0,Large
237,2025 Q2,2025-06-30,Cafe,321184.0,326407.0,104111.0,104111.0,1632038.0,91.0,548635.0,146.0,217073.0,222296.0,2180673.0,Large
237,2025 Q3,2025-09-30,Cafe,316942.0,324736.0,99004.0,99004.0,1623680.0,92.0,526459.81,147.0,217938.0,225732.0,2150139.81,Large
238,2024 Q2,2024-06-30,Cafe,89219.0,90394.0,32220.0,32220.0,451970.0,91.0,169149.0,157.0,56999.0,58174.0,621119.0,Small
238,2024 Q3,2024-09-30,Cafe,88880.0,90234.0,30143.0,30143.0,451174.0,92.0,158734.0,146.0,58737.0,60091.0,609908.0,Small
238,2024 Q4,2024-12-31,Cafe,99074.0,102988.0,34128.0,34128.0,514942.0,92.0,178526.0,146.0,64946.0,68860.0,693468.0,Small
238,2025 Q1,2025-03-31,Cafe,104920.0,107280.0,35886.0,35886.0,536402.0,91.0,187506.0,146.0,69034.0,71394.0,723908.0,Small
238,2025 Q2,2025-06-30,Cafe,111520.0,111520.0,37052.0,37051.0,557602.0,91.0,194662.0,146.0,74468.0,74469.0,752264.0,Small
238,2025 Q3,2025-09-30,Cafe,108125.0,110107.0,35121.0,35121.0,550539.0,92.0,185178.0,146.0,73004.0,74986.0,735717.0,Small
239,2024 Q2,2024-06-30,Cafe,257396.0,257396.0,96534.0,96534.0,1286983.0,91.0,482672.0,157.0,160862.0,160862.0,1769655.0,Large
239,2024 Q3,2024-09-30,Cafe,248088.0,248088.0,88057.0,88057.0,1240440.0,92.0,440289.0,146.0,160031.0,160031.0,1680729.0,Large
239,2024 Q4,2024-12-31,Cafe,275556.0,275556.0,96596.0,96596.0,1377783.0,92.0,482982.0,146.0,178960.0,178960.0,1860765.0,Large
239,2025 Q1,2025-03-31,Cafe,281500.0,281500.0,99592.0,99591.0,1407504.0,91.0,497959.0,146.0,181908.0,181909.0,1905463.0,Large
239,2025 Q2,2025-06-30,Cafe,289117.0,289117.0,102761.26,102761.26,1445588.0,91.0,513810.29,147.0,186355.74,186355.74,1959398.29,Large
239,2025 Q3,2025-09-30,Cafe,283688.0,283688.0,97044.0,97044.0,1418444.0,92.0,485221.0,146.0,186644.0,186644.0,1903665.0,Large
240,2024 Q2,2024-06-30,Cafe,84585.0,88386.0,32148.0,32148.0,441933.0,91.0,169754.28,158.0,52437.0,56238.0,611687.28,Small
240,2024 Q3,2024-09-30,Cafe,87059.0,91066.0,30879.43,30879.43,455334.0,92.0,163208.14,147.0,56179.57,60186.57,618542.14,Small
240,2024 Q4,2024-12-31,Cafe,102021.0,106828.0,36058.0,36058.0,534141.0,92.0,189379.36,147.0,65963.0,70770.0,723520.36,Small
240,2025 Q1,2025-03-31,Cafe,112514.0,113996.0,38901.0,38901.0,569983.0,91.0,203845.0,146.0,73613.0,75095.0,773828.0,Small
240,2025 Q2,2025-06-30,Cafe,118945.0,121002.0,41879.09,41879.09,605010.0,91.0,220503.45,147.0,77065.91,79122.91,825513.45,Small
240,2025 Q3,2025-09-30,Cafe,120017.0,121721.0,39442.0,39442.0,608607.0,92.0,208718.0,146.0,80575.0,82279.0,817325.0,Small
241,2024 Q2,2024-06-30,Cafe,100518.0,101739.0,36892.0,36892.0,508699.0,91.0,187852.0,157.0,63626.0,64847.0,696551.0,Small
241,2024 Q3,2024-09-30,Cafe,101840.0,101840.0,34601.0,34601.0,509202.0,92.0,176393.0,146.0,67239.0,67239.0,685595.0,Small
241,2024 Q4,2024-12-31,Cafe,116502.0,116502.0,39224.0,39224.0,582512.0,92.0,199463.0,146.0,77278.0,77278.0,781975.0,Small
241,2025 Q1,2025-03-31,Cafe,121592.0,121592.0,41351.0,41351.0,607962.0,91.0,210186.0,146.0,80241.0,80241.0,818148.0,Small
241,2025 Q2,2025-06-30,Cafe,126597.0,126597.0,43500.62,43500.62,632986.0,91.0,221500.1,147.0,83096.38,83096.38,854486.1,Small
241,2025 Q3,2025-09-30,Cafe,125156.0,125156.0,40824.0,40824.0,625783.0,92.0,208195.0,146.0,84332.0,84332.0,833978.0,Small
242,2024 Q2,2024-06-30,Cafe,103481.0,105057.0,42534.0,42534.0,525285.0,91.0,212670.0,157.0,60947.0,62523.0,737955.0,Medium
242,2024 Q3,2024-09-30,Cafe,106642.0,106641.0,40639.0,40639.0,533209.0,92.0,203198.0,146.0,66003.0,66002.0,736407.0,Medium
242,2024 Q4,2024-12-31,Cafe,123546.0,123546.0,48224.22,48224.22,617734.0,92.0,241125.08,147.0,75321.78,75321.78,858859.08,Medium
242,2025 Q1,2025-03-31,Cafe,130446.0,130446.0,48748.0,48748.0,652233.0,91.0,243744.0,146.0,81698.0,81698.0,895977.0,Medium
242,2025 Q2,2025-06-30,Cafe,135457.0,137241.0,51159.0,51159.0,686208.0,91.0,255795.0,146.0,84298.0,86082.0,942003.0,Medium
242,2025 Q3,2025-09-30,Cafe,137006.0,137006.0,49260.0,49260.0,685034.0,92.0,246303.0,146.0,87746.0,87746.0,931337.0,Medium
243,2024 Q2,2024-06-30,Cafe,101587.0,101587.0,44439.0,44439.0,507939.0,91.0,229912.0,157.0,57148.0,57148.0,737851.0,Medium
243,2024 Q3,2024-09-30,Cafe,104772.0,104772.0,42953.0,42953.0,523863.0,92.0,222705.0,146.0,61819.0,61819.0,746568.0,Medium
243,2024 Q4,2024-12-31,Cafe,123056.0,123056.0,49397.0,49397.0,615281.0,92.0,255020.0,146.0,73659.0,73659.0,870301.0,Medium
243,2025 Q1,2025-03-31,Cafe,131498.0,131498.0,52881.0,52881.0,657490.0,91.0,272843.0,146.0,78617.0,78617.0,930333.0,Medium
243,2025 Q2,2025-06-30,Cafe,139790.0,139790.0,55623.0,55623.0,698953.0,91.0,288164.0,146.0,84167.0,84167.0,987117.0,Medium
243,2025 Q3,2025-09-30,Cafe,140852.0,140852.0,53839.0,53839.0,704264.0,92.0,279624.0,146.0,87013.0,87013.0,983888.0,Medium
244,2024 Q2,2024-06-30,Cafe,116104.0,117753.0,46638.11,46638.11,588766.0,91.0,248089.56,158.0,69465.89,71114.89,836855.56,Medium
244,2024 Q3,2024-09-30,Cafe,112312.0,114956.0,40854.0,40854.0,574783.0,92.0,219015.0,146.0,71458.0,74102.0,793798.0,Medium
244,2024 Q4,2024-12-31,Cafe,124747.0,129540.0,45461.0,45461.0,647704.0,92.0,243065.0,146.0,79286.0,84079.0,890769.0,Medium
244,2025 Q1,2025-03-31,Cafe,132868.0,134346.0,47744.0,47744.0,671734.0,91.0,254369.0,146.0,85124.0,86602.0,926103.0,Medium
244,2025 Q2,2025-06-30,Cafe,137812.0,139911.0,49595.0,49595.0,699556.0,91.0,264809.0,146.0,88217.0,90316.0,964365.0,Medium
244,2025 Q3,2025-09-30,Cafe,135530.0,138863.0,47131.0,47131.0,694319.0,92.0,253071.0,146.0,88399.0,91732.0,947390.0,Medium
245,2024 Q2,2024-06-30,Cafe,88446.0,89520.0,36748.55,36748.55,447602.0,91.0,187127.76,158.0,51697.45,52771.45,634729.76,Small
245,2024 Q3,2024-09-30,Cafe,87851.0,87851.0,32941.0,32941.0,439256.0,92.0,168026.0,146.0,54910.0,54910.0,607282.0,Small
245,2024 Q4,2024-12-31,Cafe,98734.0,98734.0,36832.0,36832.0,493671.0,92.0,187373.0,146.0,61902.0,61902.0,681044.0,Small
245,2025 Q1,2025-03-31,Cafe,101414.0,101414.0,38269.0,38269.0,507072.0,91.0,194592.0,146.0,63145.0,63145.0,701664.0,Small
245,2025 Q2,2025-06-30,Cafe,104108.0,104108.0,40204.55,40204.55,520543.0,91.0,204754.76,147.0,63903.45,63903.45,725297.76,Small
245,2025 Q3,2025-09-30,Cafe,101612.0,101612.0,36860.0,36860.0,508062.0,92.0,188057.0,146.0,64752.0,64752.0,696119.0,Small
246,2024 Q2,2024-06-30,Cafe,147974.0,147974.0,59017.0,59017.0,739874.0,91.0,314019.82,158.0,88957.0,88957.0,1053893.82,Medium
246,2024 Q3,2024-09-30,Cafe,129803.0,129803.0,48231.0,48231.0,649016.0,92.0,256528.0,146.0,81572.0,81572.0,905544.0,Medium
246,2024 Q4,2024-12-31,Cafe,129058.0,129058.0,50953.0,50953.0,645292.0,92.0,270425.0,146.0,78105.0,78105.0,915717.0,Medium
246,2025 Q1,2025-03-31,Cafe,138562.0,138562.0,53137.0,53137.0,692811.0,91.0,280974.0,146.0,85425.0,85425.0,973785.0,Medium
246,2025 Q2,2025-06-30,Cafe,130252.0,130252.0,49570.0,49570.0,651262.0,91.0,262162.0,146.0,80682.0,80682.0,913424.0,Medium
246,2025 Q3,2025-09-30,Cafe,137741.0,137741.0,51430.0,51430.0,688709.0,92.0,273621.0,146.0,86311.0,86311.0,962330.0,Medium
247,2024 Q2,2024-06-30,Cafe,176507.0,176507.0,67973.0,67973.0,882537.0,91.0,344292.0,157.0,108534.0,108534.0,1226829.0,Large
247,2024 Q3,2024-09-30,Cafe,178655.0,178655.0,64748.0,64748.0,893278.0,92.0,328211.0,146.0,113907.0,113907.0,1221489.0,Large
247,2024 Q4,2024-12-31,Cafe,203984.0,206462.0,73426.0,73426.0,1032314.0,92.0,371581.0,146.0,130558.0,133036.0,1403895.0,Large
247,2025 Q1,2025-03-31,Cafe,217520.0,217520.0,77686.0,77686.0,1087602.0,91.0,393042.0,146.0,139834.0,139834.0,1480644.0,Large
247,2025 Q2,2025-06-30,Cafe,228424.0,228424.0,81212.0,81212.0,1142123.0,91.0,411483.0,146.0,147212.0,147212.0,1553606.0,Large
247,2025 Q3,2025-09-30,Cafe,227656.0,227656.0,78049.0,78049.0,1138283.0,92.0,395817.0,146.0,149607.0,149607.0,1534100.0,Large
248,2024 Q2,2024-06-30,Cafe,101069.0,111678.0,46847.0,46847.0,558393.0,91.0,242028.0,157.0,54222.0,64831.0,800421.0,Medium
248,2024 Q3,2024-09-30,Cafe,89913.0,111555.0,44059.0,44059.0,557779.0,92.0,228067.0,146.0,45854.0,67496.0,785846.0,Medium
248,2024 Q4,2024-12-31,Cafe,98366.0,127417.0,49548.0,49548.0,637089.0,92.0,255385.0,146.0,48818.0,77869.0,892474.0,Medium
248,2025 Q1,2025-03-31,Cafe,108129.0,132837.0,51969.0,51969.0,664185.0,91.0,267683.0,146.0,56160.0,80868.0,931868.0,Medium
248,2025 Q2,2025-06-30,Cafe,125906.0,138206.0,53710.0,53710.0,691033.0,91.0,278387.01,147.0,72196.0,84496.0,969420.01,Medium
248,2025 Q3,2025-09-30,Cafe,129752.0,136582.0,51184.57,51184.57,682910.0,92.0,265227.84,147.0,78567.43,85397.43,948137.84,Medium
249,2024 Q2,2024-06-30,Cafe,92865.0,93993.0,37572.91,37572.91,469965.0,91.0,194759.53,158.0,55292.09,56420.09,664724.53,Small
249,2024 Q3,2024-09-30,Cafe,95372.0,96530.0,35901.62,35901.62,482653.0,92.0,186568.1,147.0,59470.38,60628.38,669221.1,Small
249,2024 Q4,2024-12-31,Cafe,111140.0,112947.0,41453.0,41453.0,564736.0,92.0,214382.0,146.0,69687.0,71494.0,779118.0,Small
249,2025 Q1,2025-03-31,Cafe,118233.0,120278.0,44530.0,44530.0,601394.0,91.0,230100.0,146.0,73703.0,75748.0,831494.0,Small
249,2025 Q2,2025-06-30,Cafe,126063.0,127465.0,47029.0,47029.0,637329.0,91.0,243992.0,146.0,79034.0,80436.0,881321.0,Small
249,2025 Q3,2025-09-30,Cafe,128060.0,128060.0,45222.0,45222.0,640301.0,92.0,235264.0,146.0,82838.0,82838.0,875565.0,Small
250,2024 Q2,2024-06-30,Cafe,84071.0,84071.0,34076.0,34076.0,420358.0,91.0,176829.0,157.0,49995.0,49995.0,597187.0,Medium
250,2024 Q3,2024-09-30,Cafe,144406.0,144406.0,49088.14,49088.14,722032.0,92.0,256325.71,147.0,95317.86,95317.86,978357.71,Medium
250,2024 Q4,2024-12-31,Cafe,132138.0,135249.0,47684.0,47684.0,676245.0,92.0,247339.0,146.0,84454.0,87565.0,923584.0,Medium
250,2025 Q1,2025-03-31,Cafe,106690.0,106690.0,38939.0,38939.0,533453.0,91.0,201531.33,147.0,67751.0,67751.0,734984.33,Medium
250,2025 Q2,2025-06-30,Cafe,159992.0,162593.0,55704.0,55704.0,812967.0,91.0,290139.0,146.0,104288.0,106889.0,1103106.0,Medium
250,2025 Q3,2025-09-30,Cafe,138345.0,138345.0,47012.09,47013.09,691728.0,92.0,245415.47,147.0,91332.91,91331.91,937143.47,Medium
251,2024 Q2,2024-06-30,Cafe,89012.0,89012.0,31595.0,31595.0,445062.0,91.0,160218.0,157.0,57417.0,57417.0,605280.0,Small
251,2024 Q3,2024-09-30,Cafe,84947.0,84947.0,28541.0,28541.0,424736.0,92.0,144840.0,146.0,56406.0,56406.0,569576.0,Small
251,2024 Q4,2024-12-31,Cafe,91740.0,93137.0,30940.0,30939.0,465687.0,92.0,156716.0,146.0,60800.0,62198.0,622403.0,Small
251,2025 Q1,2025-03-31,Cafe,93611.0,93611.0,31477.0,31477.0,468055.0,91.0,159378.0,146.0,62134.0,62134.0,627433.0,Small
251,2025 Q2,2025-06-30,Cafe,94346.0,94346.0,31802.0,31802.0,471733.0,91.0,161436.73,147.0,62544.0,62544.0,633169.73,Small
251,2025 Q3,2025-09-30,Cafe,90633.0,90633.0,29610.0,29610.0,453166.0,92.0,150281.0,146.0,61023.0,61023.0,603447.0,Small
252,2024 Q2,2024-06-30,Cafe,117726.0,119156.0,41009.0,41009.0,595780.0,91.0,224355.0,157.0,76717.0,78147.0,820135.0,Medium
252,2024 Q3,2024-09-30,Cafe,113708.0,115674.0,37228.0,37228.0,578372.0,92.0,205061.0,146.0,76480.0,78446.0,783433.0,Medium
252,2024 Q4,2024-12-31,Cafe,126619.0,128677.0,41507.64,41507.64,643389.0,92.0,227008.21,147.0,85111.36,87169.36,870397.21,Medium
252,2025 Q1,2025-03-31,Cafe,129053.0,130885.0,42644.0,42644.0,654426.0,91.0,232311.0,146.0,86409.0,88241.0,886737.0,Medium
252,2025 Q2,2025-06-30,Cafe,131412.0,133143.0,44830.57,44830.57,665716.0,91.0,244638.82,148.0,86581.43,88312.43,910354.82,Medium
252,2025 Q3,2025-09-30,Cafe,127402.0,128819.0,40089.0,40089.0,644099.0,92.0,221707.49,147.0,87313.0,88730.0,865806.49,Medium
253,2024 Q2,2024-06-30,Cafe,95146.0,95146.0,34491.0,34491.0,475730.0,91.0,181139.0,157.0,60655.0,60655.0,656869.0,Small
253,2024 Q3,2024-09-30,Cafe,99330.0,100435.0,34047.0,34047.0,502176.0,92.0,179440.0,146.0,65283.0,66388.0,681616.0,Small
253,2024 Q4,2024-12-31,Cafe,124804.0,126705.0,41949.0,41949.0,633525.0,92.0,219682.0,146.0,82855.0,84756.0,853207.0,Small
253,2025 Q1,2025-03-31,Cafe,116025.0,117434.0,39529.0,39529.0,587170.0,91.0,206640.0,146.0,76496.0,77905.0,793810.0,Small
253,2025 Q2,2025-06-30,Cafe,94355.0,98286.0,33828.0,33828.0,491430.0,91.0,177602.0,146.0,60527.0,64458.0,669032.0,Small
253,2025 Q3,2025-09-30,Cafe,93801.0,97811.0,32418.0,32418.0,489058.0,92.0,170808.0,146.0,61383.0,65393.0,659866.0,Small
254,2024 Q2,2024-06-30,Cafe,49744.0,89790.0,35287.0,35287.0,448952.0,91.0,176437.0,157.0,14457.0,54503.0,625389.0,Small
254,2024 Q3,2024-09-30,Cafe,48553.0,87482.0,32394.0,32393.0,437413.0,92.0,161969.0,146.0,16159.0,55089.0,599382.0,Small
254,2024 Q4,2024-12-31,Cafe,54088.0,97632.0,35668.0,35668.0,488161.0,92.0,178341.0,146.0,18420.0,61964.0,666502.0,Small
254,2025 Q1,2025-03-31,Cafe,54678.0,99594.0,36776.0,36776.0,497974.0,91.0,183883.0,146.0,17902.0,62818.0,681857.0,Small
254,2025 Q2,2025-06-30,Cafe,55965.0,101569.0,37644.0,37644.0,507845.0,91.0,188223.0,146.0,18321.0,63925.0,696068.0,Small
254,2025 Q3,2025-09-30,Cafe,54170.0,98491.0,35273.0,35273.0,492459.0,92.0,176365.0,146.0,18897.0,63218.0,668824.0,Small
255,2024 Q2,2024-06-30,Cafe,76004.0,94415.0,34756.0,34756.0,472075.0,91.0,174787.0,157.0,41248.0,59659.0,646862.0,Small
255,2024 Q3,2024-09-30,Cafe,71689.0,97271.0,33475.0,33475.0,486355.0,92.0,168410.0,146.0,38214.0,63796.0,654765.0,Small
255,2024 Q4,2024-12-31,Cafe,90832.0,114111.0,38835.0,38835.0,570556.0,92.0,195225.0,146.0,51997.0,75276.0,765781.0,Small
255,2025 Q1,2025-03-31,Cafe,109484.0,121784.0,42652.09,42652.09,608924.0,91.0,214358.45,147.0,66831.91,79131.91,823282.45,Small
255,2025 Q2,2025-06-30,Cafe,121796.0,129295.0,44446.0,44446.0,646478.0,91.0,223538.0,146.0,77350.0,84849.0,870016.0,Small
255,2025 Q3,2025-09-30,Cafe,117870.0,130099.0,44033.83,44033.83,650495.0,92.0,221526.17,148.0,73836.17,86065.17,872021.17,Small
256,2024 Q2,2024-06-30,Cafe,182012.0,182012.0,66644.0,66644.0,910064.0,91.0,353657.0,157.0,115368.0,115368.0,1263721.0,Medium
256,2024 Q3,2024-09-30,Cafe,164578.0,164578.0,57081.0,57081.0,822893.0,92.0,304172.0,146.0,107497.0,107497.0,1127065.0,Medium
256,2024 Q4,2024-12-31,Cafe,170329.0,170329.0,59163.0,59163.0,851647.0,92.0,314506.0,146.0,111166.0,111166.0,1166153.0,Medium
256,2025 Q1,2025-03-31,Cafe,160902.0,160902.0,57180.0,57180.0,804512.0,91.0,302754.0,146.0,103722.0,103722.0,1107266.0,Medium
256,2025 Q2,2025-06-30,Cafe,150160.0,151984.0,54477.0,54477.0,759922.0,91.0,288608.0,146.0,95683.0,97507.0,1048530.0,Medium
256,2025 Q3,2025-09-30,Cafe,136230.0,136230.0,47785.0,47785.0,681153.0,92.0,254164.0,146.0,88445.0,88445.0,935317.0,Medium
257,2024 Q2,2024-06-30,Cafe,297980.0,499966.0,156678.0,156678.0,2499831.0,91.0,833969.0,157.0,141302.0,343288.0,3333800.0,Large
257,2024 Q3,2024-09-30,Cafe,281659.0,472582.0,138341.0,138341.0,2362910.0,92.0,740302.0,146.0,143318.0,334241.0,3103212.0,Large
257,2024 Q4,2024-12-31,Cafe,304624.0,513699.0,151722.12,151722.12,2568498.0,92.0,809348.57,148.0,152901.88,361976.88,3377846.57,Large
257,2025 Q1,2025-03-31,Cafe,299086.0,506067.0,150900.0,150900.0,2530338.0,91.0,802223.0,146.0,148186.0,355167.0,3332561.0,Large
257,2025 Q2,2025-06-30,Cafe,299200.0,500334.0,149497.0,149497.0,2501674.0,91.0,795624.0,146.0,149703.0,350837.0,3297298.0,Large
257,2025 Q3,2025-09-30,Cafe,284469.0,475700.0,136352.0,136352.0,2378500.0,92.0,729644.0,146.0,148117.0,339348.0,3108144.0,Large
258,2024 Q2,2024-06-30,Cafe,124215.0,133708.0,47788.0,47788.0,668544.0,91.0,248030.0,157.0,76427.0,85920.0,916574.0,Medium
258,2024 Q3,2024-09-30,Cafe,119856.0,128463.0,43477.0,43477.0,642318.0,92.0,226109.0,146.0,76379.0,84986.0,868427.0,Medium
258,2024 Q4,2024-12-31,Cafe,132564.0,141932.0,47600.0,47600.0,709663.0,92.0,246306.0,146.0,84964.0,94332.0,955969.0,Medium
258,2025 Q1,2025-03-31,Cafe,130934.0,143884.0,48782.0,48782.0,719423.0,91.0,252192.0,146.0,82152.0,95102.0,971615.0,Medium
258,2025 Q2,2025-06-30,Cafe,132154.0,146350.0,51959.21,51959.21,731754.0,91.0,269229.05,147.0,80194.79000000001,94390.79,1000983.05,Medium
258,2025 Q3,2025-09-30,Cafe,130189.0,141973.0,46378.0,46378.0,709866.0,92.0,241333.0,146.0,83811.0,95595.0,951199.0,Medium
259,2024 Q2,2024-06-30,Cafe,108907.0,123899.0,40994.0,40994.0,619497.0,91.0,216700.0,157.0,67913.0,82905.0,836197.0,Small
259,2024 Q3,2024-09-30,Cafe,76792.0,86478.0,27963.0,27963.0,432392.0,92.0,148138.0,146.0,48829.0,58515.0,580530.0,Small
259,2024 Q4,2024-12-31,Cafe,98193.0,113256.0,36535.0,36534.0,566283.0,92.0,192183.0,146.0,61658.0,76722.0,758466.0,Small
259,2025 Q1,2025-03-31,Cafe,128194.0,144525.0,45769.0,45769.0,722626.0,91.0,240611.0,146.0,82425.0,98756.0,963237.0,Small
259,2025 Q2,2025-06-30,Cafe,106917.0,123747.0,39082.0,39082.0,618738.0,91.0,206524.0,146.0,67835.0,84665.0,825262.0,Small
259,2025 Q3,2025-09-30,Cafe,75982.0,86639.0,27574.91,27574.91,433196.0,92.0,146033.53,147.0,48407.09,59064.09,579229.53,Small
260,2024 Q2,2024-06-30,Cafe,56437.0,108117.0,43885.86,43885.86,540585.0,91.0,219433.31,158.0,12551.14,64231.14,760018.31,Small
260,2024 Q3,2024-09-30,Cafe,53902.0,103063.0,39227.0,39227.0,515317.0,92.0,196138.0,146.0,14675.0,63836.0,711455.0,Small
260,2024 Q4,2024-12-31,Cafe,60333.0,113196.0,42761.61,42761.61,565983.0,92.0,213811.03,147.0,17571.39,70434.39,779794.03,Small
260,2025 Q1,2025-03-31,Cafe,60674.0,114480.0,43727.0,43727.0,572400.0,91.0,218636.0,146.0,16947.0,70753.0,791036.0,Small
260,2025 Q2,2025-06-30,Cafe,62348.0,116757.0,44811.0,44811.0,583786.0,91.0,224055.0,146.0,17537.0,71946.0,807841.0,Small
260,2025 Q3,2025-09-30,Cafe,58044.0,114260.0,42273.0,42273.0,571300.0,92.0,211366.0,146.0,15771.0,71987.0,782666.0,Small
261,2024 Q2,2024-06-30,Cafe,113631.0,129864.0,47012.0,47012.0,649323.0,91.0,236397.0,157.0,66619.0,82852.0,885720.0,Medium
261,2024 Q3,2024-09-30,Cafe,98158.0,124725.0,42706.0,42706.0,623625.0,92.0,214815.0,146.0,55452.0,82019.0,838440.0,Medium
261,2024 Q4,2024-12-31,Cafe,104604.0,137818.0,48524.3,48524.3,689090.0,92.0,243841.48,147.0,56079.7,89293.7,932931.48,Medium
261,2025 Q1,2025-03-31,Cafe,115720.0,139758.0,47697.0,47697.0,698794.0,91.0,239704.0,146.0,68023.0,92061.0,938498.0,Medium
261,2025 Q2,2025-06-30,Cafe,130359.0,142158.0,50790.06,50790.06,710792.0,91.0,255340.3,148.0,79568.94,91367.94,966132.3,Medium
261,2025 Q3,2025-09-30,Cafe,131990.0,137777.0,46014.12,46014.12,688889.0,92.0,231459.6,148.0,85975.88,91762.88,920348.6,Medium
262,2024 Q2,2024-06-30,Cafe,159525.0,204519.0,81889.0,81889.0,1022598.0,91.0,411515.0,157.0,77636.0,122630.0,1434113.0,Large
262,2024 Q3,2024-09-30,Cafe,147915.0,198810.0,75337.0,75337.0,994050.0,92.0,378696.0,146.0,72578.0,123473.0,1372746.0,Large
262,2024 Q4,2024-12-31,Cafe,181562.0,221417.0,82696.0,82696.0,1107086.0,92.0,415408.0,146.0,98866.0,138721.0,1522494.0,Large
262,2025 Q1,2025-03-31,Cafe,209210.0,225442.0,85007.0,85007.0,1127213.0,91.0,426965.0,146.0,124203.0,140435.0,1554178.0,Large
262,2025 Q2,2025-06-30,Cafe,218278.0,229525.0,86518.0,86518.0,1147625.0,91.0,434793.0,146.0,131760.0,143007.0,1582418.0,Large
262,2025 Q3,2025-09-30,Cafe,195339.0,222229.0,81388.86,81388.86,1111149.0,92.0,409298.38,148.0,113950.14,140840.14,1520447.38,Large
263,2024 Q2,2024-06-30,Cafe,82331.0,88150.0,32015.0,32015.0,440750.0,91.0,170418.0,157.0,50316.0,56135.0,611168.0,Small
263,2024 Q3,2024-09-30,Cafe,85608.0,90495.0,30569.0,30569.0,452479.0,92.0,163605.0,146.0,55039.0,59926.0,616084.0,Small
263,2024 Q4,2024-12-31,Cafe,97931.0,105871.0,35367.0,35367.0,529357.0,92.0,188783.0,146.0,62564.0,70504.0,718140.0,Small
263,2025 Q1,2025-03-31,Cafe,106435.0,112749.0,38118.0,38118.0,563748.0,91.0,202764.0,146.0,68317.0,74631.0,766512.0,Small
263,2025 Q2,2025-06-30,Cafe,110308.0,119510.0,40234.0,40234.0,597554.0,91.0,214481.0,146.0,70074.0,79276.0,812035.0,Small
263,2025 Q3,2025-09-30,Cafe,110739.0,120107.0,38572.0,38572.0,600537.0,92.0,206800.0,146.0,72167.0,81535.0,807337.0,Small
264,2024 Q2,2024-06-30,Cafe,206171.0,208464.0,81516.0,81516.0,1042320.0,91.0,423038.0,157.0,124655.0,126948.0,1465358.0,Large
264,2024 Q3,2024-09-30,Cafe,194908.0,194908.0,71957.0,71957.0,974540.0,92.0,374227.0,146.0,122951.0,122951.0,1348767.0,Large
264,2024 Q4,2024-12-31,Cafe,206430.0,208937.0,80036.17,80036.17,1044686.0,92.0,413519.85,147.0,126393.83,128900.83,1458205.85,Large
264,2025 Q1,2025-03-31,Cafe,201994.0,204862.0,76759.0,76759.0,1024311.0,91.0,396658.0,146.0,125235.0,128103.0,1420969.0,Large
264,2025 Q2,2025-06-30,Cafe,198705.0,201118.0,75492.0,75492.0,1005591.0,91.0,392617.65,147.0,123213.0,125626.0,1398208.65,Large
264,2025 Q3,2025-09-30,Cafe,185764.0,187830.0,68399.0,68399.0,939152.0,92.0,355640.0,146.0,117365.0,119431.0,1294792.0,Large
265,2024 Q2,2024-06-30,Cafe,210675.0,210674.0,73567.0,73566.0,1053374.0,91.0,381451.44,158.0,137108.0,137108.0,1434825.44,Large
265,2024 Q3,2024-09-30,Cafe,178627.0,178627.0,60183.0,60184.0,893137.0,92.0,312671.62,147.0,118444.0,118443.0,1205808.62,Large
265,2024 Q4,2024-12-31,Cafe,173891.0,173891.0,61533.37,61533.37,869457.0,92.0,316819.83,147.0,112357.63,112357.63,1186276.83,Large
265,2025 Q1,2025-03-31,Cafe,197483.0,197483.0,67394.0,67394.0,987417.0,91.0,347212.0,146.0,130089.0,130089.0,1334629.0,Large
265,2025 Q2,2025-06-30,Cafe,208436.0,208436.0,69794.0,69794.0,1042182.0,91.0,360963.0,146.0,138642.0,138642.0,1403145.0,Large
265,2025 Q3,2025-09-30,Cafe,169733.0,169733.0,57046.0,57046.0,848665.0,92.0,295364.0,146.0,112687.0,112687.0,1144029.0,Large
266,2024 Q2,2024-06-30,Cafe,60593.0,103225.0,34450.0,34450.0,516128.0,91.0,178708.0,157.0,26143.0,68775.0,694836.0,Small
266,2024 Q3,2024-09-30,Cafe,48735.0,98455.0,30909.0,30909.0,492279.0,92.0,160697.0,146.0,17826.0,67546.0,652976.0,Small
266,2024 Q4,2024-12-31,Cafe,62234.0,107672.0,33830.0,33831.0,538360.0,92.0,174952.0,146.0,28404.0,73841.0,713312.0,Small
266,2025 Q1,2025-03-31,Cafe,75834.0,107719.0,34297.0,34297.0,538596.0,91.0,177599.97,147.0,41537.0,73422.0,716195.97,Small
266,2025 Q2,2025-06-30,Cafe,84244.0,107867.0,34234.0,34234.0,539336.0,91.0,177568.0,146.0,50010.0,73633.0,716904.0,Small
266,2025 Q3,2025-09-30,Cafe,75232.0,102776.0,31498.0,31498.0,513882.0,92.0,163784.0,146.0,43734.0,71278.0,677666.0,Small
267,2024 Q2,2024-06-30,Cafe,86358.0,86358.0,33849.53,33849.53,431793.0,91.0,170125.63,158.0,52508.47,52508.47,601918.63,Small
267,2024 Q3,2024-09-30,Cafe,83648.0,84836.0,31328.0,31328.0,424181.0,92.0,157499.0,146.0,52320.0,53508.0,581680.0,Small
267,2024 Q4,2024-12-31,Cafe,95437.0,95437.0,34790.0,34790.0,477188.0,92.0,174854.48,147.0,60647.0,60647.0,652042.48,Small
267,2025 Q1,2025-03-31,Cafe,96743.0,98117.0,36071.0,36071.0,490585.0,91.0,181197.0,146.0,60672.0,62046.0,671782.0,Small
267,2025 Q2,2025-06-30,Cafe,100807.0,100807.0,37038.0,37038.0,504036.0,91.0,186161.0,146.0,63769.0,63769.0,690197.0,Small
267,2025 Q3,2025-09-30,Cafe,98467.0,98467.0,34975.0,34975.0,492336.0,92.0,175854.0,146.0,63492.0,63492.0,668190.0,Small
268,2024 Q2,2024-06-30,Cafe,115958.0,115958.0,50269.0,50269.0,579791.0,91.0,251349.0,157.0,65689.0,65689.0,831140.0,Medium
268,2024 Q3,2024-09-30,Cafe,118438.0,118438.0,48268.0,48268.0,592193.0,92.0,241343.0,146.0,70170.0,70170.0,833536.0,Medium
268,2024 Q4,2024-12-31,Cafe,137926.0,137926.0,55490.82,55490.82,689633.0,92.0,277458.09,147.0,82435.18,82435.18,967091.09,Medium
268,2025 Q1,2025-03-31,Cafe,146269.0,146269.0,58461.0,58461.0,731348.0,91.0,292305.0,146.0,87808.0,87808.0,1023653.0,Medium
268,2025 Q2,2025-06-30,Cafe,154450.0,154450.0,61518.0,61518.0,772254.0,91.0,307593.0,146.0,92932.0,92932.0,1079847.0,Medium
268,2025 Q3,2025-09-30,Cafe,152656.0,154667.0,59370.0,59370.0,773339.0,92.0,296851.0,146.0,93286.0,95297.0,1070190.0,Medium
269,2024 Q2,2024-06-30,Cafe,97377.0,100389.0,31543.0,31543.0,501945.0,91.0,168380.0,157.0,65834.0,68846.0,670325.0,Small
269,2024 Q3,2024-09-30,Cafe,99629.0,101146.0,30030.97,30030.97,505734.0,92.0,161044.83,147.0,69598.03,71115.03,666778.83,Small
269,2024 Q4,2024-12-31,Cafe,113970.0,116415.0,33890.0,33890.0,582077.0,92.0,181502.25,147.0,80080.0,82525.0,763579.25,Small
269,2025 Q1,2025-03-31,Cafe,119147.0,122202.0,36139.29,36139.29,611010.0,91.0,192636.44,148.0,83007.70999999999,86062.70999999999,803646.44,Small
269,2025 Q2,2025-06-30,Cafe,125610.0,127912.0,37621.96,37621.96,639561.0,91.0,201015.81,147.0,87988.04000000001,90290.04,840576.81,Small
269,2025 Q3,2025-09-30,Cafe,123926.0,127104.0,35715.36,35715.36,635521.0,92.0,191944.78,147.0,88210.64,91388.64,827465.78,Small
270,2024 Q2,2024-06-30,Cafe,102730.0,103978.0,35949.0,35949.0,519892.0,91.0,183075.0,158.0,66781.0,68029.0,702967.0,Small
270,2024 Q3,2024-09-30,Cafe,85056.0,85056.0,26983.0,26983.0,425282.0,92.0,137612.0,146.0,58073.0,58073.0,562894.0,Small
270,2024 Q4,2024-12-31,Cafe,68344.0,68344.0,22541.0,22541.0,341723.0,92.0,114593.0,146.0,45803.0,45803.0,456316.0,Small
270,2025 Q1,2025-03-31,Cafe,77991.0,77991.0,25988.0,25988.0,389956.0,91.0,132087.0,146.0,52003.0,52003.0,522043.0,Small
270,2025 Q2,2025-06-30,Cafe,101633.0,101633.0,32887.95,32887.95,508166.0,91.0,167543.77,147.0,68745.05,68745.05,675709.77,Small
270,2025 Q3,2025-09-30,Cafe,89784.0,89784.0,28100.0,28100.0,448923.0,92.0,143323.0,146.0,61684.0,61684.0,592246.0,Small
271,2024 Q2,2024-06-30,Cafe,94863.0,94863.0,35224.0,35224.0,474316.0,91.0,185149.0,157.0,59639.0,59639.0,659465.0,Small
271,2024 Q3,2024-09-30,Cafe,91828.0,93132.0,32464.0,32464.0,465664.0,92.0,171167.0,146.0,59364.0,60668.0,636831.0,Small
271,2024 Q4,2024-12-31,Cafe,103240.0,104706.0,36413.0,36413.0,523533.0,92.0,190638.0,146.0,66827.0,68293.0,714171.0,Small
271,2025 Q1,2025-03-31,Cafe,105860.0,107581.0,37814.0,37814.0,537905.0,91.0,197729.0,146.0,68046.0,69767.0,735634.0,Small
271,2025 Q2,2025-06-30,Cafe,110466.0,110466.0,38554.0,38554.0,552330.0,91.0,202727.0,146.0,71912.0,71912.0,755057.0,Small
271,2025 Q3,2025-09-30,Cafe,106221.0,107839.0,36207.0,36207.0,539195.0,92.0,191064.0,146.0,70014.0,71632.0,730259.0,Small
272,2024 Q2,2024-06-30,Cafe,135218.0,136999.0,45403.0,45403.0,684998.0,91.0,230188.0,157.0,89815.0,91596.0,915186.0,Small
272,2024 Q3,2024-09-30,Cafe,123343.0,125604.0,37750.0,37750.0,628022.0,92.0,191571.0,146.0,85593.0,87854.0,819593.0,Small
272,2024 Q4,2024-12-31,Cafe,118286.0,119723.0,37920.0,37920.0,598618.0,92.0,192227.54,147.0,80366.0,81803.0,790845.54,Small
272,2025 Q1,2025-03-31,Cafe,69323.0,70165.0,22950.0,22949.0,350825.0,91.0,116086.0,146.0,46373.0,47216.0,466911.0,Small
272,2025 Q2,2025-06-30,Cafe,110628.0,112656.0,36336.0,36336.0,563283.0,91.0,184174.0,146.0,74292.0,76320.0,747457.0,Small
272,2025 Q3,2025-09-30,Cafe,136466.0,138263.0,42085.0,42085.0,691317.0,92.0,213541.0,146.0,94381.0,96178.0,904858.0,Small
273,2024 Q2,2024-06-30,Cafe,88797.0,89876.0,32306.0,32306.0,449381.0,91.0,162417.0,157.0,56491.0,57570.0,611798.0,Small
273,2024 Q3,2024-09-30,Cafe,90919.0,90919.0,30679.0,30679.0,454598.0,92.0,154287.0,146.0,60240.0,60240.0,608885.0,Small
273,2024 Q4,2024-12-31,Cafe,103649.0,105014.0,34929.0,34929.0,525070.0,92.0,175533.0,146.0,68720.0,70085.0,700603.0,Small
273,2025 Q1,2025-03-31,Cafe,109031.0,110579.0,37316.06,37316.06,552898.0,91.0,187562.89,148.0,71714.94,73262.94,740460.89,Small
273,2025 Q2,2025-06-30,Cafe,113510.0,116063.0,38798.0,38798.0,580317.0,91.0,195074.0,146.0,74712.0,77265.0,775391.0,Small
273,2025 Q3,2025-09-30,Cafe,114227.0,115614.0,37202.0,37202.0,578073.0,92.0,187120.0,146.0,77025.0,78412.0,765193.0,Small
274,2024 Q2,2024-06-30,Cafe,107546.0,122910.0,41115.0,41115.0,614551.0,91.0,218370.0,157.0,66431.0,81795.0,832921.0,Small
274,2024 Q3,2024-09-30,Cafe,95084.0,114697.0,37472.7,37472.7,573488.0,92.0,199580.3,149.0,57611.3,77224.3,773068.3,Small
274,2024 Q4,2024-12-31,Cafe,93791.0,122763.0,38570.0,38570.0,613815.0,92.0,205344.0,146.0,55221.0,84193.0,819159.0,Small
274,2025 Q1,2025-03-31,Cafe,100269.0,120227.0,38485.0,38485.0,601137.0,91.0,204102.0,146.0,61784.0,81742.0,805239.0,Small
274,2025 Q2,2025-06-30,Cafe,99658.0,117939.0,37824.0,37824.0,589699.0,91.0,200871.6,147.0,61834.0,80115.0,790570.6,Small
274,2025 Q3,2025-09-30,Cafe,93371.0,110107.0,34118.0,34118.0,550536.0,92.0,181995.0,146.0,59253.0,75989.0,732531.0,Small
275,2024 Q2,2024-06-30,Cafe,110062.0,111965.0,43293.0,43293.0,559829.0,91.0,230406.0,157.0,66769.0,68672.0,790235.0,Medium
275,2024 Q3,2024-09-30,Cafe,112636.0,112636.0,40733.0,40733.0,563180.0,92.0,218670.56,147.0,71903.0,71903.0,781850.56,Medium
275,2024 Q4,2024-12-31,Cafe,129433.0,129433.0,46192.0,46192.0,647169.0,92.0,246440.0,146.0,83241.0,83241.0,893609.0,Medium
275,2025 Q1,2025-03-31,Cafe,133748.0,135647.0,48929.0,48929.0,678237.0,91.0,260178.0,146.0,84819.0,86718.0,938415.0,Medium
275,2025 Q2,2025-06-30,Cafe,140197.0,141756.0,50868.0,50868.0,708784.0,91.0,271100.0,146.0,89329.0,90888.0,979884.0,Medium
275,2025 Q3,2025-09-30,Cafe,140629.0,140629.0,48362.0,48362.0,703148.0,92.0,259145.0,146.0,92267.0,92267.0,962293.0,Medium
276,2024 Q2,2024-06-30,Cafe,105889.0,105889.0,38438.0,38438.0,529448.0,91.0,205234.0,157.0,67451.0,67451.0,734682.0,Small
276,2024 Q3,2024-09-30,Cafe,101945.0,101945.0,34677.0,34677.0,509727.0,92.0,186118.0,146.0,67268.0,67268.0,695845.0,Small
276,2024 Q4,2024-12-31,Cafe,113452.0,113452.0,38323.0,38323.0,567264.0,92.0,205076.0,146.0,75129.0,75129.0,772340.0,Small
276,2025 Q1,2025-03-31,Cafe,116690.0,116690.0,40004.0,40004.0,583453.0,91.0,213278.0,146.0,76686.0,76686.0,796731.0,Small
276,2025 Q2,2025-06-30,Cafe,121407.0,121407.0,41555.0,41555.0,607036.0,91.0,222010.0,146.0,79852.0,79852.0,829046.0,Small
276,2025 Q3,2025-09-30,Cafe,121538.0,121538.0,39747.0,39747.0,607691.0,92.0,213594.0,146.0,81791.0,81791.0,821285.0,Small
277,2024 Q2,2024-06-30,Cafe,166421.0,166422.0,64872.0,64872.0,832110.0,91.0,330529.0,157.0,101549.0,101550.0,1162639.0,Medium
277,2024 Q3,2024-09-30,Cafe,155631.0,155631.0,57875.9,57875.9,778156.0,92.0,295140.51,147.0,97755.1,97755.1,1073296.51,Medium
277,2024 Q4,2024-12-31,Cafe,170378.0,170378.0,62817.0,62817.0,851894.0,92.0,319524.0,146.0,107561.0,107561.0,1171418.0,Medium
277,2025 Q1,2025-03-31,Cafe,170528.0,170528.0,63572.0,63572.0,852644.0,91.0,323212.0,146.0,106956.0,106956.0,1175856.0,Medium
277,2025 Q2,2025-06-30,Cafe,167298.0,167298.0,62285.0,62285.0,836491.0,91.0,317628.84,147.0,105013.0,105013.0,1154119.84,Medium
277,2025 Q3,2025-09-30,Cafe,157637.0,157637.0,57069.0,57069.0,788185.0,92.0,291071.0,146.0,100568.0,100568.0,1079256.0,Medium
278,2024 Q2,2024-06-30,Cafe,121818.0,121818.0,43141.0,43141.0,609090.0,91.0,218757.0,157.0,78677.0,78677.0,827847.0,Small
278,2024 Q3,2024-09-30,Cafe,58341.0,58341.0,20904.0,20903.0,291707.0,92.0,106000.0,146.0,37437.0,37438.0,397707.0,Small
278,2024 Q4,2024-12-31,Cafe,102908.0,102908.0,35708.0,35708.0,514543.0,92.0,180849.0,146.0,67200.0,67200.0,695392.0,Small
278,2025 Q1,2025-03-31,Cafe,134668.0,134668.0,46010.0,46010.0,673340.0,91.0,233004.0,146.0,88658.0,88658.0,906344.0,Small
278,2025 Q2,2025-06-30,Cafe,84394.0,84394.0,29587.12,29587.12,421970.0,91.0,149964.58,147.0,54806.880000000005,54806.880000000005,571934.58,Small
278,2025 Q3,2025-09-30,Cafe,75782.0,75782.0,26219.0,26219.0,378910.0,92.0,133035.0,146.0,49563.0,49563.0,511945.0,Small
279,2024 Q2,2024-06-30,Cafe,84994.0,84994.0,31513.0,31513.0,424973.0,91.0,166911.0,157.0,53481.0,53481.0,591884.0,Small
279,2024 Q3,2024-09-30,Cafe,109336.0,110888.0,37632.0,37632.0,554442.0,92.0,200314.0,146.0,71704.0,73256.0,754756.0,Small
279,2024 Q4,2024-12-31,Cafe,148672.0,148672.0,49162.0,49162.0,743360.0,92.0,259672.0,146.0,99510.0,99510.0,1003032.0,Small
279,2025 Q1,2025-03-31,Cafe,125983.0,125983.0,42396.0,42396.0,629919.0,91.0,223415.0,146.0,83587.0,83587.0,853334.0,Small
279,2025 Q2,2025-06-30,Cafe,90069.0,90069.0,31311.0,31311.0,450349.0,91.0,166370.59,148.0,58758.0,58758.0,616719.59,Small
279,2025 Q3,2025-09-30,Cafe,92552.0,92552.0,30967.0,30967.0,462763.0,92.0,164653.0,146.0,61585.0,61585.0,627416.0,Small
280,2024 Q2,2024-06-30,Cafe,212153.0,214947.0,86744.0,86744.0,1074738.0,91.0,441952.0,157.0,125409.0,128203.0,1516690.0,Large
280,2024 Q3,2024-09-30,Cafe,216205.0,216205.0,82299.1,82299.1,1081026.0,92.0,419755.49,147.0,133905.9,133905.9,1500781.49,Large
280,2024 Q4,2024-12-31,Cafe,248449.0,248449.0,92856.0,92856.0,1242248.0,92.0,472461.0,146.0,155593.0,155593.0,1714709.0,Large
280,2025 Q1,2025-03-31,Cafe,260407.0,260407.0,98009.0,98009.0,1302038.0,91.0,498474.0,146.0,162398.0,162398.0,1800512.0,Large
280,2025 Q2,2025-06-30,Cafe,268382.0,272194.0,102038.0,102038.0,1360970.0,91.0,520061.0,146.0,166344.0,170156.0,1881031.0,Large
280,2025 Q3,2025-09-30,Cafe,264977.0,270109.0,97475.0,97475.0,1350549.0,92.0,497470.0,146.0,167502.0,172634.0,1848019.0,Large
281,2024 Q2,2024-06-30,Cafe,194333.0,194333.0,72871.0,72871.0,971669.0,91.0,388957.35,158.0,121462.0,121462.0,1360626.35,Large
281,2024 Q3,2024-09-30,Cafe,191361.0,191360.0,71120.03,71120.03,956804.0,92.0,379131.2,148.0,120240.97,120239.97,1335935.2,Large
281,2024 Q4,2024-12-31,Cafe,213172.0,215761.0,75128.0,75128.0,1078808.0,92.0,400445.0,146.0,138044.0,140633.0,1479253.0,Large
281,2025 Q1,2025-03-31,Cafe,222302.0,222302.0,78309.0,78309.0,1111514.0,91.0,416002.0,146.0,143993.0,143993.0,1527516.0,Large
281,2025 Q2,2025-06-30,Cafe,228867.0,228867.0,80210.0,80210.0,1144337.0,91.0,427019.0,146.0,148657.0,148657.0,1571356.0,Large
281,2025 Q3,2025-09-30,Cafe,223999.0,223999.0,75489.0,75489.0,1119999.0,92.0,405689.2,147.0,148510.0,148510.0,1525688.2,Large
282,2024 Q2,2024-06-30,Cafe,107784.0,228355.0,89647.0,89647.0,1141775.0,91.0,450636.0,157.0,18137.0,138708.0,1592411.0,Large
282,2024 Q3,2024-09-30,Cafe,111980.0,228530.0,84478.0,84478.0,1142651.0,92.0,424791.0,146.0,27502.0,144052.0,1567442.0,Large
282,2024 Q4,2024-12-31,Cafe,122329.0,261387.0,94595.0,94595.0,1306936.0,92.0,475526.63,147.0,27734.0,166792.0,1782462.63,Large
282,2025 Q1,2025-03-31,Cafe,136932.0,272772.0,103786.16,103786.16,1363861.0,91.0,521357.82,147.0,33145.84,168985.84,1885218.82,Large
282,2025 Q2,2025-06-30,Cafe,136875.0,283974.0,103491.0,103491.0,1419874.0,91.0,520283.0,146.0,33384.0,180483.0,1940157.0,Large
282,2025 Q3,2025-09-30,Cafe,133626.0,280727.0,98689.0,98690.0,1403639.0,92.0,496331.0,146.0,34937.0,182037.0,1899970.0,Large
283,2024 Q2,2024-06-30,Cafe,74849.0,76299.0,28151.23,28151.23,381495.0,91.0,140759.16,158.0,46697.77,48147.77,522254.16,Small
283,2024 Q3,2024-09-30,Cafe,101461.0,103426.0,34722.0,34722.0,517134.0,92.0,173612.0,146.0,66739.0,68704.0,690746.0,Small
283,2024 Q4,2024-12-31,Cafe,131018.0,132744.0,43149.0,43149.0,663722.0,92.0,215746.0,146.0,87869.0,89595.0,879468.0,Small
283,2025 Q1,2025-03-31,Cafe,107895.0,109649.0,36353.01,36353.01,548246.0,91.0,181765.06,147.0,71541.98999999999,73295.98999999999,730011.06,Small
283,2025 Q2,2025-06-30,Cafe,76096.0,77098.0,26637.0,26637.0,385492.0,91.0,133185.0,146.0,49459.0,50461.0,518677.0,Small
283,2025 Q3,2025-09-30,Cafe,74713.0,76316.0,26953.16,26953.16,381580.0,92.0,134765.8,148.0,47759.84,49362.84,516345.8,Small
284,2024 Q2,2024-06-30,Cafe,86000.0,86000.0,32207.0,32207.0,430002.0,91.0,168521.0,157.0,53793.0,53793.0,598523.0,Small
284,2024 Q3,2024-09-30,Cafe,81974.0,81974.0,28821.0,28821.0,409874.0,92.0,151234.0,146.0,53153.0,53153.0,561108.0,Small
284,2024 Q4,2024-12-31,Cafe,89603.0,89603.0,31469.0,31469.0,448018.0,92.0,164124.76,147.0,58134.0,58134.0,612142.76,Small
284,2025 Q1,2025-03-31,Cafe,89609.0,89609.0,31966.3,31966.3,448049.0,91.0,166431.51,147.0,57642.7,57642.7,614480.51,Small
284,2025 Q2,2025-06-30,Cafe,89711.0,89711.0,31958.0,31958.0,448556.0,91.0,167192.0,146.0,57753.0,57753.0,615748.0,Small
284,2025 Q3,2025-09-30,Cafe,85466.0,85466.0,29339.0,29339.0,427334.0,92.0,153974.0,146.0,56127.0,56127.0,581308.0,Small
285,2024 Q2,2024-06-30,Cafe,118956.0,118956.0,49744.0,49744.0,594784.0,91.0,248723.0,157.0,69212.0,69212.0,843507.0,Small
285,2024 Q3,2024-09-30,Cafe,133124.0,135014.0,51370.0,51370.0,675072.0,92.0,256854.0,146.0,81754.0,83644.0,931926.0,Small
285,2024 Q4,2024-12-31,Cafe,80576.0,80576.0,33021.0,33021.0,402881.0,92.0,165105.0,146.0,47555.0,47555.0,567986.0,Small
285,2025 Q1,2025-03-31,Cafe,68885.0,68885.0,28919.71,28919.71,344427.0,91.0,144599.57,147.0,39965.29,39965.29,489026.57,Small
285,2025 Q2,2025-06-30,Cafe,113529.0,113529.0,45896.42,45896.42,567645.0,91.0,229484.1,147.0,67632.58,67632.58,797129.1,Small
285,2025 Q3,2025-09-30,Cafe,84096.0,84096.0,33318.0,33317.0,420481.0,92.0,166589.0,146.0,50778.0,50779.0,587070.0,Small
286,2024 Q2,2024-06-30,Cafe,105767.0,105767.0,36980.0,36980.0,528837.0,91.0,191735.0,157.0,68787.0,68787.0,720572.0,Small
286,2024 Q3,2024-09-30,Cafe,97693.0,97693.0,32249.0,32249.0,488469.0,92.0,167558.0,146.0,65444.0,65444.0,656027.0,Small
286,2024 Q4,2024-12-31,Cafe,103456.0,103456.0,35497.97,35497.97,517283.0,92.0,183245.84,148.0,67958.03,67958.03,700528.84,Small
286,2025 Q1,2025-03-31,Cafe,100201.0,100201.0,33729.0,33729.0,501005.0,91.0,174130.0,146.0,66472.0,66472.0,675135.0,Small
286,2025 Q2,2025-06-30,Cafe,97190.0,97190.0,32757.0,32757.0,485950.0,91.0,169739.0,146.0,64433.0,64433.0,655689.0,Small
286,2025 Q3,2025-09-30,Cafe,89672.0,89672.0,29362.0,29362.0,448360.0,92.0,152490.0,146.0,60310.0,60310.0,600850.0,Small
287,2024 Q2,2024-06-30,Cafe,137252.0,155263.0,52410.0,52411.0,776319.0,91.0,281171.0,157.0,84842.0,102852.0,1057490.0,Small
287,2024 Q3,2024-09-30,Cafe,73545.0,85517.0,27228.0,27228.0,427589.0,92.0,146355.0,146.0,46317.0,58289.0,573944.0,Small
287,2024 Q4,2024-12-31,Cafe,73422.0,81671.0,28162.78,28162.78,408356.0,92.0,150448.92,147.0,45259.22,53508.22,558804.92,Small
287,2025 Q1,2025-03-31,Cafe,106884.0,120637.0,40596.0,40596.0,603185.0,91.0,216979.0,146.0,66288.0,80041.0,820164.0,Small
287,2025 Q2,2025-06-30,Cafe,75026.0,83548.0,28236.0,28236.0,417744.0,91.0,150841.0,146.0,46790.0,55312.0,568585.0,Small
287,2025 Q3,2025-09-30,Cafe,111080.0,127239.0,39958.46,39958.46,636197.0,92.0,215361.28,147.0,71121.54000000001,87280.54000000001,851558.28,Small
288,2024 Q2,2024-06-30,Cafe,157508.0,157508.0,57316.0,57316.0,787540.0,91.0,288159.0,157.0,100192.0,100192.0,1075699.0,Medium
288,2024 Q3,2024-09-30,Cafe,108269.0,108269.0,40230.0,40230.0,541348.0,92.0,202286.0,146.0,68039.0,68039.0,743634.0,Medium
288,2024 Q4,2024-12-31,Cafe,102061.0,102061.0,37740.0,37740.0,510309.0,92.0,189618.0,146.0,64321.0,64321.0,699927.0,Medium
288,2025 Q1,2025-03-31,Cafe,146118.0,146118.0,51261.0,51261.0,730591.0,91.0,257659.0,147.0,94857.0,94857.0,988250.0,Medium
288,2025 Q2,2025-06-30,Cafe,122081.0,123439.0,45929.0,45929.0,617196.0,91.0,230903.0,146.0,76152.0,77510.0,848099.0,Medium
288,2025 Q3,2025-09-30,Cafe,139532.0,139532.0,47989.0,47989.0,697664.0,92.0,241340.0,146.0,91543.0,91543.0,939004.0,Medium
289,2024 Q2,2024-06-30,Cafe,78269.0,170521.0,57252.0,57252.0,852606.0,91.0,296675.0,157.0,21017.0,113269.0,1149281.0,Medium
289,2024 Q3,2024-09-30,Cafe,75145.0,160910.0,50262.0,50262.0,804552.0,92.0,261017.0,146.0,24883.0,110648.0,1065569.0,Medium
289,2024 Q4,2024-12-31,Cafe,78607.0,169048.0,54136.0,54136.0,845242.0,92.0,279664.0,146.0,24471.0,114912.0,1124906.0,Medium
289,2025 Q1,2025-03-31,Cafe,79753.0,173000.0,56467.1,56467.1,865000.0,91.0,291116.52,147.0,23285.9,116532.9,1156116.52,Medium
289,2025 Q2,2025-06-30,Cafe,139048.0,195842.0,62283.0,62283.0,979214.0,91.0,322820.0,146.0,76765.0,133559.0,1302034.0,Medium
289,2025 Q3,2025-09-30,Cafe,135247.0,189421.0,59849.1,59849.1,947109.0,92.0,310656.52,147.0,75397.9,129571.9,1257765.52,Medium
290,2024 Q2,2024-06-30,Cafe,84799.0,86090.0,31475.0,31474.0,430452.0,91.0,171887.0,157.0,53324.0,54616.0,602339.0,Small
290,2024 Q3,2024-09-30,Cafe,86912.0,88686.0,30117.0,30117.0,443432.0,92.0,165672.0,146.0,56795.0,58569.0,609104.0,Small
290,2024 Q4,2024-12-31,Cafe,100172.0,104021.0,35027.0,35027.0,520108.0,92.0,191959.56,147.0,65145.0,68994.0,712067.56,Small
290,2025 Q1,2025-03-31,Cafe,109213.0,110989.0,37782.0,37782.0,554946.0,91.0,205731.0,146.0,71431.0,73207.0,760677.0,Small
290,2025 Q2,2025-06-30,Cafe,116502.0,117798.0,39764.0,39764.0,588994.0,91.0,217654.0,146.0,76738.0,78034.0,806648.0,Small
290,2025 Q3,2025-09-30,Cafe,116713.0,118490.0,38101.0,38101.0,592450.0,92.0,210183.0,146.0,78612.0,80389.0,802633.0,Small
291,2024 Q2,2024-06-30,Cafe,98612.0,98612.0,36368.0,36368.0,493060.0,91.0,184379.0,157.0,62244.0,62244.0,677439.0,Small
291,2024 Q3,2024-09-30,Cafe,73536.0,73536.0,26228.33,26228.33,367681.0,92.0,133023.63,147.0,47307.67,47307.67,500704.63,Small
291,2024 Q4,2024-12-31,Cafe,123425.0,123425.0,41562.61,41562.61,617126.0,92.0,210473.05,147.0,81862.39,81862.39,827599.05,Small
291,2025 Q1,2025-03-31,Cafe,101343.0,102470.0,36625.0,36625.0,512354.0,91.0,185409.0,146.0,64718.0,65845.0,697763.0,Small
291,2025 Q2,2025-06-30,Cafe,125119.0,125119.0,42679.0,42679.0,625596.0,91.0,216418.0,146.0,82440.0,82440.0,842014.0,Small
291,2025 Q3,2025-09-30,Cafe,89637.0,89637.0,30192.0,30192.0,448185.0,92.0,153184.0,146.0,59445.0,59445.0,601369.0,Small
292,2024 Q2,2024-06-30,Cafe,80924.0,80924.0,32379.0,32379.0,404622.0,91.0,161895.0,157.0,48545.0,48545.0,566517.0,Small
292,2024 Q3,2024-09-30,Cafe,76242.0,76242.0,30329.0,30329.0,381211.0,92.0,151645.0,146.0,45913.0,45913.0,532856.0,Small
292,2024 Q4,2024-12-31,Cafe,107954.0,107954.0,39218.0,39218.0,539773.0,92.0,196091.0,146.0,68736.0,68736.0,735864.0,Small
292,2025 Q1,2025-03-31,Cafe,114881.0,114881.0,43351.0,43351.0,574407.0,91.0,216756.0,146.0,71530.0,71530.0,791163.0,Small
292,2025 Q2,2025-06-30,Cafe,139584.0,139584.0,51866.0,51866.0,697920.0,91.0,259331.0,146.0,87718.0,87718.0,957251.0,Small
292,2025 Q3,2025-09-30,Cafe,100335.0,100335.0,36628.0,36628.0,501677.0,92.0,183141.0,146.0,63707.0,63707.0,684818.0,Small
293,2024 Q2,2024-06-30,Cafe,109136.0,109136.0,36645.37,36645.37,545684.0,91.0,185878.83,158.0,72490.63,72490.63,731562.83,Small
293,2024 Q3,2024-09-30,Cafe,104992.0,104992.0,32342.0,32342.0,524962.0,92.0,164260.0,146.0,72650.0,72650.0,689222.0,Small
293,2024 Q4,2024-12-31,Cafe,116599.0,116599.0,35777.0,35777.0,582995.0,92.0,181500.51,147.0,80822.0,80822.0,764495.51,Small
293,2025 Q1,2025-03-31,Cafe,119442.0,119442.0,37069.0,37069.0,597213.0,91.0,187805.0,146.0,82373.0,82373.0,785018.0,Small
293,2025 Q2,2025-06-30,Cafe,123499.0,123500.0,38292.0,38292.0,617500.0,91.0,194312.0,146.0,85207.0,85208.0,811812.0,Small
293,2025 Q3,2025-09-30,Cafe,122601.0,122601.0,36564.0,36564.0,613006.0,92.0,185737.0,146.0,86037.0,86037.0,798743.0,Small
294,2024 Q2,2024-06-30,Cafe,73403.0,74370.0,28108.78,28108.78,371851.0,91.0,145670.92,158.0,45294.22,46261.22,517521.92,Small
294,2024 Q3,2024-09-30,Cafe,130680.0,132401.0,41137.0,41137.0,662007.0,92.0,214438.0,146.0,89543.0,91264.0,876445.0,Small
294,2024 Q4,2024-12-31,Cafe,107358.0,109773.0,36286.0,36285.0,548866.0,92.0,187953.0,146.0,71072.0,73488.0,736819.0,Small
294,2025 Q1,2025-03-31,Cafe,156420.0,159450.0,50166.0,50166.0,797253.0,91.0,260334.88,147.0,106254.0,109284.0,1057587.88,Small
294,2025 Q2,2025-06-30,Cafe,116199.0,118450.0,37978.0,37978.0,592252.0,91.0,197289.0,146.0,78221.0,80472.0,789541.0,Small
294,2025 Q3,2025-09-30,Cafe,136699.0,136699.0,41887.0,41887.0,683496.0,92.0,218452.0,146.0,94812.0,94812.0,901948.0,Small
295,2024 Q2,2024-06-30,Cafe,137994.0,137994.0,50486.0,50486.0,689970.0,91.0,266736.0,157.0,87508.0,87508.0,956706.0,Small
295,2024 Q3,2024-09-30,Cafe,114092.0,114092.0,38639.0,38639.0,570463.0,92.0,205563.28,147.0,75453.0,75453.0,776026.28,Small
295,2024 Q4,2024-12-31,Cafe,86648.0,86648.0,30836.0,30836.0,433244.0,92.0,161920.0,146.0,55812.0,55812.0,595164.0,Small
295,2025 Q1,2025-03-31,Cafe,112041.0,112041.0,40491.29,40492.29,560205.0,91.0,212428.44,147.0,71549.70999999999,71548.70999999999,772633.44,Small
295,2025 Q2,2025-06-30,Cafe,142906.0,142906.0,49969.07,49969.07,714533.0,91.0,263835.37,147.0,92936.93,92936.93,978368.37,Small
295,2025 Q3,2025-09-30,Cafe,105628.0,105628.0,35724.0,35724.0,528144.0,92.0,189505.11,147.0,69904.0,69904.0,717649.11,Small
296,2024 Q2,2024-06-30,Cafe,245162.0,245162.0,95864.0,95864.0,1225813.0,91.0,481900.0,157.0,149298.0,149298.0,1707713.0,Large
296,2024 Q3,2024-09-30,Cafe,247744.0,247744.0,90996.0,90996.0,1238723.0,92.0,457581.99,147.0,156748.0,156748.0,1696304.99,Large
296,2024 Q4,2024-12-31,Cafe,285850.0,285850.0,103058.0,103058.0,1429250.0,92.0,517879.0,146.0,182792.0,182792.0,1947129.0,Large
296,2025 Q1,2025-03-31,Cafe,300685.0,300685.0,109240.0,109240.0,1503427.0,91.0,548877.0,146.0,191445.0,191445.0,2052304.0,Large
296,2025 Q2,2025-06-30,Cafe,315277.0,315277.0,114625.0,114625.0,1576385.0,91.0,576270.0,146.0,200652.0,200652.0,2152655.0,Large
296,2025 Q3,2025-09-30,Cafe,313739.0,313739.0,109862.53,109862.53,1568698.0,92.0,552533.67,147.0,203876.47,203876.47,2121231.67,Large
297,2024 Q2,2024-06-30,Cafe,189607.0,189607.0,68481.0,68481.0,948035.0,91.0,362040.0,157.0,121126.0,121126.0,1310075.0,Medium
297,2024 Q3,2024-09-30,Cafe,162880.0,162880.0,57882.0,57882.0,814401.0,92.0,307143.0,146.0,104998.0,104998.0,1121544.0,Medium
297,2024 Q4,2024-12-31,Cafe,201991.0,201991.0,68104.0,68104.0,1009959.0,92.0,361082.0,146.0,133887.0,133887.0,1371041.0,Medium
297,2025 Q1,2025-03-31,Cafe,174869.0,174869.0,61634.0,61634.0,874346.0,91.0,325275.0,146.0,113235.0,113235.0,1199621.0,Medium
297,2025 Q2,2025-06-30,Cafe,186514.0,186514.0,64325.0,64325.0,932573.0,91.0,339830.0,146.0,122189.0,122189.0,1272403.0,Medium
297,2025 Q3,2025-09-30,Cafe,146590.0,146590.0,51407.0,51407.0,732950.0,92.0,272482.0,146.0,95183.0,95183.0,1005432.0,Medium
298,2024 Q2,2024-06-30,Cafe,61331.0,92366.0,32562.0,32562.0,461833.0,91.0,182765.01,158.0,28769.0,59804.0,644598.01,Small
298,2024 Q3,2024-09-30,Cafe,63788.0,93531.0,30825.0,30825.0,467658.0,92.0,174210.0,146.0,32963.0,62706.0,641868.0,Small
298,2024 Q4,2024-12-31,Cafe,58786.0,121209.0,39233.0,39233.0,606045.0,92.0,219860.0,146.0,19553.0,81976.0,825905.0,Small
298,2025 Q1,2025-03-31,Cafe,73795.0,115848.0,39250.72,39250.72,579243.0,91.0,217976.61,147.0,34544.28,76597.28,797219.61,Small
298,2025 Q2,2025-06-30,Cafe,64673.0,96097.0,33298.72,33298.72,480486.0,91.0,185687.61,147.0,31374.28,62798.28,666173.61,Small
298,2025 Q3,2025-09-30,Cafe,64595.0,93752.0,30070.0,30070.0,468764.0,92.0,169912.0,146.0,34525.0,63682.0,638676.0,Small
299,2024 Q2,2024-06-30,Cafe,205615.0,205616.0,73468.0,73468.0,1028080.0,91.0,386845.0,157.0,132147.0,132148.0,1414925.0,Medium
299,2024 Q3,2024-09-30,Cafe,188471.0,188471.0,63470.0,63470.0,942355.0,92.0,335219.0,146.0,125001.0,125001.0,1277574.0,Medium
299,2024 Q4,2024-12-31,Cafe,195815.0,197993.0,66925.0,66925.0,989969.0,92.0,350797.0,146.0,128890.0,131068.0,1340766.0,Medium
299,2025 Q1,2025-03-31,Cafe,190149.0,190149.0,65520.0,65520.0,950746.0,91.0,343167.31,147.0,124629.0,124629.0,1293913.31,Medium
299,2025 Q2,2025-06-30,Cafe,182839.0,182839.0,63222.0,63222.0,914195.0,91.0,332550.0,146.0,119617.0,119617.0,1246745.0,Medium
299,2025 Q3,2025-09-30,Cafe,167155.0,167155.0,56106.0,56106.0,835779.0,92.0,296426.65,147.0,111049.0,111049.0,1132205.65,Medium
300,2024 Q2,2024-06-30,Cafe,104471.0,108824.0,46920.0,46920.0,544122.0,91.0,234600.0,157.0,57551.0,61904.0,778722.0,Small
300,2024 Q3,2024-09-30,Cafe,125632.0,130731.0,50095.0,50095.0,653655.0,92.0,250477.0,146.0,75537.0,80636.0,904132.0,Small
300,2024 Q4,2024-12-31,Cafe,99749.0,103797.0,40777.0,40777.0,518985.0,92.0,203887.0,146.0,58972.0,63020.0,722872.0,Small
300,2025 Q1,2025-03-31,Cafe,122151.0,127108.0,49163.0,49162.0,635544.0,91.0,245814.0,146.0,72988.0,77946.0,881358.0,Small
300,2025 Q2,2025-06-30,Cafe,78379.0,79734.0,33260.0,33260.0,398673.0,91.0,166300.0,146.0,45119.0,46474.0,564973.0,Small
300,2025 Q3,2025-09-30,Cafe,91614.0,93009.0,36271.0,36271.0,465045.0,92.0,181359.0,146.0,55343.0,56738.0,646404.0,Small
301,2024 Q2,2024-06-30,Cafe,83907.0,84926.0,31947.0,31947.0,424632.0,91.0,160611.0,157.0,51960.0,52979.0,585243.0,Small
301,2024 Q3,2024-09-30,Cafe,84916.0,86122.0,30342.0,30342.0,430611.0,92.0,152597.0,146.0,54574.0,55780.0,583208.0,Small
301,2024 Q4,2024-12-31,Cafe,98484.0,99680.0,34705.0,34705.0,498403.0,92.0,174408.0,146.0,63779.0,64975.0,672811.0,Small
301,2025 Q1,2025-03-31,Cafe,103364.0,105152.0,36936.0,36936.0,525762.0,91.0,185596.0,146.0,66428.0,68216.0,711358.0,Small
301,2025 Q2,2025-06-30,Cafe,108877.0,110535.0,38846.0,38846.0,552677.0,91.0,195310.0,146.0,70031.0,71689.0,747987.0,Small
301,2025 Q3,2025-09-30,Cafe,110254.0,110254.0,38343.34,38343.34,551272.0,92.0,192911.07,149.0,71910.66,71910.66,744183.0700000001,Small
302,2024 Q2,2024-06-30,Cafe,121579.0,123682.0,46511.0,46511.0,618412.0,91.0,245232.0,157.0,75068.0,77171.0,863644.0,Small
302,2024 Q3,2024-09-30,Cafe,106520.0,109139.0,37367.0,37367.0,545697.0,92.0,197667.0,146.0,69153.0,71772.0,743364.0,Small
302,2024 Q4,2024-12-31,Cafe,131647.0,131647.0,46752.0,46752.0,658235.0,92.0,245407.0,146.0,84895.0,84895.0,903642.0,Small
302,2025 Q1,2025-03-31,Cafe,79164.0,80862.0,29945.0,29945.0,404310.0,91.0,156621.0,146.0,49219.0,50917.0,560931.0,Small
302,2025 Q2,2025-06-30,Cafe,92978.0,94203.0,34805.82,34805.82,471015.0,91.0,183092.12,147.0,58172.18,59397.18,654107.12,Small
302,2025 Q3,2025-09-30,Cafe,99120.0,99120.0,34390.52,34390.52,495600.0,92.0,181840.6,147.0,64729.48,64729.48,677440.6,Small
303,2024 Q2,2024-06-30,Cafe,387791.0,432320.0,170160.0,170160.0,2161602.0,91.0,862174.0,157.0,217631.0,262160.0,3023776.0,Large
303,2024 Q3,2024-09-30,Cafe,351257.0,414707.0,156582.94,156582.94,2073539.0,92.0,793814.71,147.0,194674.06,258124.06,2867353.71,Large
303,2024 Q4,2024-12-31,Cafe,350473.0,457537.0,169294.4,169294.4,2287687.0,92.0,856832.98,147.0,181178.6,288242.6,3144519.98,Large
303,2025 Q1,2025-03-31,Cafe,399329.0,463259.0,176813.07,176813.07,2316295.0,91.0,894383.36,148.0,222515.93,286445.93,3210678.36,Large
303,2025 Q2,2025-06-30,Cafe,416115.0,470718.0,175772.0,175772.0,2353591.0,91.0,890601.0,146.0,240343.0,294946.0,3244192.0,Large
303,2025 Q3,2025-09-30,Cafe,379579.0,456225.0,167438.94,167438.94,2281128.0,92.0,848936.71,147.0,212140.06,288786.06,3130064.71,Large
304,2024 Q2,2024-06-30,Cafe,96936.0,96936.0,30958.0,30958.0,484680.0,91.0,172647.0,157.0,65978.0,65978.0,657327.0,Small
304,2024 Q3,2024-09-30,Cafe,99082.0,99082.0,29406.0,29406.0,495411.0,92.0,165419.0,146.0,69676.0,69676.0,660830.0,Small
304,2024 Q4,2024-12-31,Cafe,115485.0,115485.0,35500.75,35500.75,577425.0,92.0,197140.75,147.0,79984.25,79984.25,774565.75,Small
304,2025 Q1,2025-03-31,Cafe,122590.0,122590.0,36672.0,36672.0,612952.0,91.0,203491.0,146.0,85918.0,85918.0,816443.0,Small
304,2025 Q2,2025-06-30,Cafe,129582.0,129582.0,38230.0,38230.0,647912.0,91.0,213787.0,146.0,91352.0,91352.0,861699.0,Small
304,2025 Q3,2025-09-30,Cafe,129910.0,129910.0,37828.75,37828.75,649551.0,92.0,212694.75,147.0,92081.25,92081.25,862245.75,Small
305,2024 Q2,2024-06-30,Cafe,45225.0,93633.0,29817.0,29817.0,468166.0,91.0,157998.0,157.0,15408.0,63816.0,626164.0,Small
305,2024 Q3,2024-09-30,Cafe,54502.0,116457.0,35077.0,35076.0,582289.0,92.0,187202.0,146.0,19425.0,81381.0,769491.0,Small
305,2024 Q4,2024-12-31,Cafe,32273.0,68376.0,21062.0,21062.0,341883.0,92.0,111533.0,146.0,11211.0,47314.0,453416.0,Small
305,2025 Q1,2025-03-31,Cafe,34731.0,76332.0,24409.0,24409.0,381663.0,91.0,129014.0,146.0,10322.0,51923.0,510677.0,Small
305,2025 Q2,2025-06-30,Cafe,66387.0,93109.0,28544.0,28544.0,465548.0,91.0,151154.0,146.0,37843.0,64565.0,616702.0,Small
305,2025 Q3,2025-09-30,Cafe,42309.0,58438.0,18719.0,18719.0,292193.0,92.0,99211.0,146.0,23590.0,39719.0,391404.0,Small
306,2024 Q2,2024-06-30,Cafe,69645.0,88382.0,34820.0,34820.0,441914.0,91.0,176486.0,157.0,34825.0,53562.0,618400.0,Small
306,2024 Q3,2024-09-30,Cafe,66036.0,85208.0,31627.0,31627.0,426042.0,92.0,160433.0,146.0,34409.0,53581.0,586475.0,Small
306,2024 Q4,2024-12-31,Cafe,86863.0,94829.0,35019.0,35019.0,474148.0,92.0,177303.0,146.0,51844.0,59810.0,651451.0,Small
306,2025 Q1,2025-03-31,Cafe,89823.0,97316.0,36299.0,36299.0,486581.0,91.0,183719.0,146.0,53524.0,61017.0,670300.0,Small
306,2025 Q2,2025-06-30,Cafe,78763.0,100720.0,37482.0,37482.0,503600.0,91.0,189990.0,146.0,41281.0,63238.0,693590.0,Small
306,2025 Q3,2025-09-30,Cafe,77870.0,99961.0,35827.0,35827.0,499809.0,92.0,181777.0,146.0,42043.0,64134.0,681586.0,Small
307,2024 Q2,2024-06-30,Cafe,114951.0,114951.0,49508.0,49508.0,574757.0,91.0,250703.0,157.0,65443.0,65443.0,825460.0,Medium
307,2024 Q3,2024-09-30,Cafe,117976.0,117976.0,50497.95,50497.95,589884.0,92.0,255726.76,148.0,67478.05,67478.05,845610.76,Medium
307,2024 Q4,2024-12-31,Cafe,137956.0,137956.0,54666.0,54666.0,689782.0,92.0,276592.0,146.0,83290.0,83290.0,966374.0,Medium
307,2025 Q1,2025-03-31,Cafe,146827.0,146827.0,58933.7,58933.7,734136.0,91.0,298081.48,147.0,87893.3,87893.3,1032217.48,Medium
307,2025 Q2,2025-06-30,Cafe,155517.0,155517.0,61611.0,61611.0,777589.0,91.0,312103.0,146.0,93906.0,93906.0,1089692.0,Medium
307,2025 Q3,2025-09-30,Cafe,156163.0,156163.0,59471.0,59471.0,780819.0,92.0,301543.0,146.0,96692.0,96692.0,1082362.0,Medium
308,2024 Q2,2024-06-30,Cafe,138686.0,140941.0,51505.0,51505.0,704708.0,91.0,268228.0,157.0,87181.0,89436.0,972936.0,Medium
308,2024 Q3,2024-09-30,Cafe,103511.0,106165.0,38198.0,38198.0,530828.0,92.0,199088.0,146.0,65313.0,67967.0,729916.0,Medium
308,2024 Q4,2024-12-31,Cafe,109264.0,113110.0,41026.0,41026.0,565552.0,92.0,212657.0,146.0,68238.0,72084.0,778209.0,Medium
308,2025 Q1,2025-03-31,Cafe,137176.0,140549.0,49792.0,49792.0,702748.0,91.0,258240.31,147.0,87384.0,90757.0,960988.31,Medium
308,2025 Q2,2025-06-30,Cafe,146643.0,149789.0,52119.0,52119.0,748946.0,91.0,272150.72,147.0,94524.0,97670.0,1021096.72,Medium
308,2025 Q3,2025-09-30,Cafe,115155.0,117987.0,41154.6,41154.6,589936.0,92.0,214636.98,147.0,74000.4,76832.4,804572.98,Medium
309,2024 Q2,2024-06-30,Cafe,103176.0,104535.0,39265.0,39265.0,522679.0,91.0,197419.0,157.0,63911.0,65270.0,720098.0,Small
309,2024 Q3,2024-09-30,Cafe,89163.0,90797.0,32221.0,32221.0,453988.0,92.0,162049.0,146.0,56942.0,58576.0,616037.0,Small
309,2024 Q4,2024-12-31,Cafe,79564.0,83052.0,30090.0,30090.0,415261.0,92.0,151201.0,146.0,49474.0,52962.0,566462.0,Small
309,2025 Q1,2025-03-31,Cafe,92451.0,94434.0,34308.0,34308.0,472172.0,91.0,172380.0,146.0,58143.0,60126.0,644552.0,Small
309,2025 Q2,2025-06-30,Cafe,103733.0,105206.0,37659.0,37659.0,526031.0,91.0,189337.0,146.0,66074.0,67547.0,715368.0,Small
309,2025 Q3,2025-09-30,Cafe,82948.0,84988.0,31308.61,31308.61,424940.0,92.0,157412.03,147.0,51639.39,53679.39,582352.03,Small
310,2024 Q2,2024-06-30,Cafe,78101.0,78100.0,27796.0,27796.0,390504.0,91.0,146926.0,157.0,50305.0,50304.0,537430.0,Small
310,2024 Q3,2024-09-30,Cafe,67855.0,67855.0,23393.0,23393.0,339278.0,92.0,124097.0,146.0,44462.0,44462.0,463375.0,Small
310,2024 Q4,2024-12-31,Cafe,97205.0,97205.0,32179.0,32179.0,486027.0,92.0,169632.0,146.0,65026.0,65026.0,655659.0,Small
310,2025 Q1,2025-03-31,Cafe,62500.0,62500.0,22565.0,22565.0,312500.0,91.0,118437.0,146.0,39935.0,39935.0,430937.0,Small
310,2025 Q2,2025-06-30,Cafe,67108.0,67108.0,23911.0,23911.0,335542.0,91.0,126513.61,147.0,43197.0,43197.0,462055.61,Small
310,2025 Q3,2025-09-30,Cafe,162575.0,162575.0,50105.0,50105.0,812876.0,92.0,268165.8,147.0,112470.0,112470.0,1081041.8,Small
311,2024 Q2,2024-06-30,Cafe,108312.0,108312.0,40061.0,40062.0,541560.0,91.0,219959.0,157.0,68251.0,68250.0,761519.0,Medium
311,2024 Q3,2024-09-30,Cafe,108867.0,108867.0,37564.0,37564.0,544339.0,92.0,207750.0,146.0,71303.0,71303.0,752089.0,Medium
311,2024 Q4,2024-12-31,Cafe,125025.0,125025.0,42967.93,42967.93,625129.0,92.0,235971.63,147.0,82057.07,82057.07,861100.63,Medium
311,2025 Q1,2025-03-31,Cafe,130970.0,130970.0,45190.0,45190.0,654854.0,91.0,247293.0,146.0,85780.0,85780.0,902147.0,Medium
311,2025 Q2,2025-06-30,Cafe,136833.0,136833.0,46826.0,46826.0,684165.0,91.0,257687.0,146.0,90007.0,90007.0,941852.0,Medium
311,2025 Q3,2025-09-30,Cafe,135727.0,135727.0,44360.0,44360.0,678635.0,92.0,246081.0,146.0,91367.0,91367.0,924716.0,Medium
312,2024 Q2,2024-06-30,Cafe,110959.0,112993.0,44376.0,44376.0,564965.0,91.0,235082.0,157.0,66583.0,68617.0,800047.0,Small
312,2024 Q3,2024-09-30,Cafe,102564.0,103705.0,38261.0,38261.0,518526.0,92.0,203613.0,146.0,64303.0,65444.0,722139.0,Small
312,2024 Q4,2024-12-31,Cafe,107122.0,109086.0,40229.0,40229.0,545434.0,92.0,213590.0,146.0,66893.0,68857.0,759024.0,Small
312,2025 Q1,2025-03-31,Cafe,103328.0,104902.0,39506.0,39506.0,524512.0,91.0,209044.36,147.0,63822.0,65396.0,733556.36,Small
312,2025 Q2,2025-06-30,Cafe,99485.0,101000.0,38279.0,38279.0,505000.0,91.0,202611.0,146.0,61206.0,62721.0,707611.0,Small
312,2025 Q3,2025-09-30,Cafe,91070.0,92457.0,33914.0,33914.0,462286.0,92.0,180323.0,146.0,57156.0,58543.0,642609.0,Small
313,2024 Q2,2024-06-30,Cafe,91818.0,104815.0,37031.0,37031.0,524076.0,91.0,202539.0,157.0,54787.0,67784.0,726615.0,Small
313,2024 Q3,2024-09-30,Cafe,92541.0,106003.0,35506.0,35506.0,530015.0,92.0,195900.0,146.0,57035.0,70497.0,725915.0,Small
313,2024 Q4,2024-12-31,Cafe,62482.0,71245.0,25738.0,25738.0,356227.0,92.0,140245.0,146.0,36744.0,45507.0,496472.0,Small
313,2025 Q1,2025-03-31,Cafe,67407.0,77213.0,29270.74,29270.74,386067.0,91.0,158758.5,148.0,38136.26,47942.26,544825.5,Small
313,2025 Q2,2025-06-30,Cafe,164961.0,191370.0,63501.0,63501.0,956854.0,91.0,349009.0,146.0,101460.0,127869.0,1305863.0,Small
313,2025 Q3,2025-09-30,Cafe,83612.0,96106.0,31020.0,31020.0,480531.0,92.0,170934.0,146.0,52592.0,65086.0,651465.0,Small
314,2024 Q2,2024-06-30,Cafe,110229.0,112135.0,41390.0,41390.0,560679.0,91.0,214809.0,157.0,68839.0,70745.0,775488.0,Small
314,2024 Q3,2024-09-30,Cafe,103722.0,103722.0,36127.0,36127.0,518612.0,92.0,187901.0,146.0,67595.0,67595.0,706513.0,Small
314,2024 Q4,2024-12-31,Cafe,110005.0,110005.0,38466.0,38466.0,550027.0,92.0,198968.0,146.0,71539.0,71539.0,748995.0,Small
314,2025 Q1,2025-03-31,Cafe,105007.0,106714.0,37924.0,37924.0,533570.0,91.0,195952.0,146.0,67083.0,68790.0,729522.0,Small
314,2025 Q2,2025-06-30,Cafe,103679.0,103679.0,36842.0,36842.0,518397.0,91.0,191101.0,146.0,66837.0,66837.0,709498.0,Small
314,2025 Q3,2025-09-30,Cafe,95828.0,95828.0,34584.29,34584.29,479144.0,92.0,179507.42,148.0,61243.71,61243.71,658651.42,Small
315,2024 Q2,2024-06-30,Cafe,61067.0,92807.0,33520.0,33520.0,464036.0,91.0,174643.0,157.0,27547.0,59287.0,638679.0,Small
315,2024 Q3,2024-09-30,Cafe,70961.0,88701.0,30150.0,30150.0,443509.0,92.0,157474.0,146.0,40811.0,58551.0,600983.0,Small
315,2024 Q4,2024-12-31,Cafe,62768.0,97770.0,33191.0,33191.0,488850.0,92.0,172342.0,146.0,29577.0,64579.0,661192.0,Small
315,2025 Q1,2025-03-31,Cafe,51550.0,99325.0,34127.0,34127.0,496625.0,91.0,177018.0,146.0,17423.0,65198.0,673643.0,Small
315,2025 Q2,2025-06-30,Cafe,69738.0,101808.0,34835.0,34835.0,509041.0,91.0,181508.0,146.0,34903.0,66973.0,690549.0,Small
315,2025 Q3,2025-09-30,Cafe,77189.0,100115.0,32945.0,32945.0,500576.0,92.0,172160.0,146.0,44244.0,67170.0,672736.0,Small
316,2024 Q2,2024-06-30,Cafe,109578.0,110797.0,44652.0,44652.0,553988.0,91.0,223260.0,157.0,64926.0,66145.0,777248.0,Small
316,2024 Q3,2024-09-30,Cafe,52142.0,52142.0,22433.0,22433.0,260713.0,92.0,112166.0,146.0,29709.0,29709.0,372879.0,Small
316,2024 Q4,2024-12-31,Cafe,59396.0,59396.0,25205.0,25205.0,296980.0,92.0,126025.0,146.0,34191.0,34191.0,423005.0,Small
316,2025 Q1,2025-03-31,Cafe,164643.0,164643.0,64283.58,64283.58,823219.0,91.0,321419.91,147.0,100359.42,100359.42,1144638.91,Small
316,2025 Q2,2025-06-30,Cafe,86369.0,86369.0,33429.0,33429.0,431849.0,91.0,167146.0,146.0,52940.0,52940.0,598995.0,Small
316,2025 Q3,2025-09-30,Cafe,68898.0,68898.0,27940.0,27940.0,344494.0,92.0,139701.0,146.0,40958.0,40958.0,484195.0,Small
317,2024 Q2,2024-06-30,Cafe,119210.0,121395.0,44924.0,44924.0,606977.0,91.0,237218.0,157.0,74286.0,76471.0,844195.0,Medium
317,2024 Q3,2024-09-30,Cafe,83308.0,84835.0,31318.0,31318.0,424178.0,92.0,165382.0,146.0,51990.0,53517.0,589560.0,Medium
317,2024 Q4,2024-12-31,Cafe,140257.0,145646.0,52050.0,52050.0,728232.0,92.0,274144.0,146.0,88207.0,93596.0,1002376.0,Medium
317,2025 Q1,2025-03-31,Cafe,215041.0,218316.0,70870.0,70870.0,1091581.0,91.0,373401.0,146.0,144171.0,147446.0,1464982.0,Medium
317,2025 Q2,2025-06-30,Cafe,72282.0,73457.0,28798.0,28798.0,367286.0,91.0,151271.0,146.0,43484.0,44659.0,518557.0,Medium
317,2025 Q3,2025-09-30,Cafe,148398.0,152203.0,51130.0,51130.0,761017.0,92.0,271534.0,146.0,97268.0,101073.0,1032551.0,Medium
318,2024 Q2,2024-06-30,Cafe,196184.0,307981.0,116484.0,116484.0,1539906.0,91.0,614548.0,157.0,79700.0,191497.0,2154454.0,Large
318,2024 Q3,2024-09-30,Cafe,201528.0,318369.0,114553.44,114553.44,1591847.0,92.0,606842.2,147.0,86974.56,203815.56,2198689.2,Large
318,2024 Q4,2024-12-31,Cafe,310900.0,486542.0,167463.0,167463.0,2432714.0,92.0,888333.0,146.0,143437.0,319079.0,3321047.0,Large
318,2025 Q1,2025-03-31,Cafe,285602.0,446951.0,151694.0,151694.0,2234757.0,91.0,801537.0,146.0,133908.0,295257.0,3036294.0,Large
318,2025 Q2,2025-06-30,Cafe,167454.0,264540.0,99133.03,99133.03,1322703.0,91.0,522454.17,147.0,68320.97,165406.97,1845157.17,Large
318,2025 Q3,2025-09-30,Cafe,277672.0,440051.0,147809.0,147809.0,2200259.0,92.0,785035.0,146.0,129863.0,292242.0,2985294.0,Large
319,2024 Q2,2024-06-30,Cafe,221510.0,221510.0,88702.0,88702.0,1107550.0,91.0,443514.0,157.0,132808.0,132808.0,1551064.0,Large
319,2024 Q3,2024-09-30,Cafe,199713.0,202549.0,77595.0,77595.0,1012749.0,92.0,387976.0,146.0,122118.0,124954.0,1400725.0,Large
319,2024 Q4,2024-12-31,Cafe,212196.0,212196.0,80869.0,80869.0,1060982.0,92.0,404346.0,146.0,131327.0,131327.0,1465328.0,Large
319,2025 Q1,2025-03-31,Cafe,200098.0,203145.0,78817.0,78817.0,1015729.0,91.0,394089.0,146.0,121281.0,124328.0,1409818.0,Large
319,2025 Q2,2025-06-30,Cafe,194651.0,194651.0,76206.0,76206.0,973257.0,91.0,381033.0,146.0,118445.0,118445.0,1354290.0,Large
319,2025 Q3,2025-09-30,Cafe,175120.0,177247.0,68388.0,68388.0,886235.0,92.0,341943.0,146.0,106732.0,108859.0,1228178.0,Large
320,2024 Q2,2024-06-30,Cafe,94332.0,96061.0,36500.0,36500.0,480305.0,91.0,189564.0,157.0,57832.0,59561.0,669869.0,Small
320,2024 Q3,2024-09-30,Cafe,86397.0,87713.0,31455.0,31455.0,438566.0,92.0,163724.0,146.0,54942.0,56258.0,602290.0,Small
320,2024 Q4,2024-12-31,Cafe,90106.0,91758.0,33036.0,33036.0,458791.0,92.0,170990.0,146.0,57070.0,58722.0,629781.0,Small
320,2025 Q1,2025-03-31,Cafe,85348.0,87716.0,32165.0,32165.0,438581.0,91.0,166288.0,146.0,53183.0,55551.0,604869.0,Small
320,2025 Q2,2025-06-30,Cafe,81744.0,83926.0,30874.0,30873.0,419634.0,91.0,160217.0,146.0,50870.0,53053.0,579851.0,Small
320,2025 Q3,2025-09-30,Cafe,74250.0,76310.0,28424.11,28424.11,381552.0,92.0,147625.54,147.0,45825.89,47885.89,529177.54,Small
321,2024 Q2,2024-06-30,Cafe,82376.0,82376.0,35369.0,35369.0,411881.0,91.0,176848.0,157.0,47007.0,47007.0,588729.0,Small
321,2024 Q3,2024-09-30,Cafe,78549.0,78548.0,31891.0,31891.0,392744.0,92.0,159456.0,146.0,46658.0,46657.0,552200.0,Small
321,2024 Q4,2024-12-31,Cafe,85881.0,85881.0,34490.0,34490.0,429405.0,92.0,172452.0,146.0,51391.0,51391.0,601857.0,Small
321,2025 Q1,2025-03-31,Cafe,84697.0,85900.0,36321.21,36321.21,429500.0,91.0,181610.04,147.0,48375.79,49578.79,611110.04,Small
321,2025 Q2,2025-06-30,Cafe,86001.0,86001.0,35124.0,35124.0,430008.0,91.0,175621.0,146.0,50877.0,50877.0,605629.0,Small
321,2025 Q3,2025-09-30,Cafe,81929.0,81929.0,32738.16,32738.16,409645.0,92.0,163692.8,147.0,49190.84,49190.84,573337.8,Small
322,2024 Q2,2024-06-30,Cafe,189697.0,189697.0,67981.0,67981.0,948485.0,91.0,357047.0,157.0,121716.0,121716.0,1305532.0,Large
322,2024 Q3,2024-09-30,Cafe,185246.0,185246.0,62661.0,62661.0,926232.0,92.0,330023.0,146.0,122585.0,122585.0,1256255.0,Large
322,2024 Q4,2024-12-31,Cafe,207185.0,207185.0,69632.0,69632.0,1035926.0,92.0,364271.0,146.0,137553.0,137553.0,1400197.0,Large
322,2025 Q1,2025-03-31,Cafe,209453.0,211783.0,71827.0,71827.0,1058916.0,91.0,375645.41,147.0,137626.0,139956.0,1434561.41,Large
322,2025 Q2,2025-06-30,Cafe,216391.0,216391.0,72814.0,72814.0,1081955.0,91.0,382600.0,146.0,143577.0,143577.0,1464555.0,Large
322,2025 Q3,2025-09-30,Cafe,210215.0,210215.0,68358.0,68358.0,1051075.0,92.0,360363.0,146.0,141857.0,141857.0,1411438.0,Large
323,2024 Q2,2024-06-30,Cafe,101292.0,120157.0,43048.0,43048.0,600786.0,91.0,215241.0,157.0,58244.0,77109.0,816027.0,Small
323,2024 Q3,2024-09-30,Cafe,135276.0,160851.0,49866.05,49866.05,804259.0,92.0,249331.24,147.0,85409.95,110984.95,1053590.24,Small
323,2024 Q4,2024-12-31,Cafe,51063.0,60573.0,20920.0,20920.0,302865.0,92.0,104603.0,146.0,30143.0,39653.0,407468.0,Small
323,2025 Q1,2025-03-31,Cafe,103153.0,122074.0,40883.0,40883.0,610373.0,91.0,204418.0,146.0,62270.0,81191.0,814791.0,Small
323,2025 Q2,2025-06-30,Cafe,107250.0,127678.0,41959.0,41959.0,638393.0,91.0,209799.0,146.0,65291.0,85719.0,848192.0,Small
323,2025 Q3,2025-09-30,Cafe,60507.0,71606.0,23827.0,23827.0,358034.0,92.0,119136.0,146.0,36680.0,47779.0,477170.0,Small
324,2024 Q2,2024-06-30,Cafe,90761.0,118953.0,39636.0,39636.0,594769.0,91.0,212625.0,157.0,51125.0,79317.0,807394.0,Small
324,2024 Q3,2024-09-30,Cafe,82665.0,109635.0,34132.0,34132.0,548177.0,92.0,184156.0,146.0,48533.0,75503.0,732333.0,Small
324,2024 Q4,2024-12-31,Cafe,86982.0,115822.0,36790.8,36790.8,579112.0,92.0,197496.01,148.0,50191.2,79031.2,776608.01,Small
324,2025 Q1,2025-03-31,Cafe,84689.0,111875.0,35610.0,35610.0,559378.0,91.0,190577.0,146.0,49079.0,76265.0,749955.0,Small
324,2025 Q2,2025-06-30,Cafe,80715.0,108197.0,35714.99,35714.99,540987.0,91.0,191061.93,148.0,45000.01,72482.01000000001,732048.9299999999,Small
324,2025 Q3,2025-09-30,Cafe,86768.0,99505.0,30640.0,30640.0,497527.0,92.0,165208.0,146.0,56128.0,68865.0,662735.0,Small
325,2024 Q2,2024-06-30,Cafe,144428.0,172554.0,59932.0,59932.0,862773.0,91.0,304021.0,157.0,84496.0,112622.0,1166794.0,Small
325,2024 Q3,2024-09-30,Cafe,67161.0,80144.0,26159.0,26159.0,400720.0,92.0,132679.0,146.0,41002.0,53985.0,533399.0,Small
325,2024 Q4,2024-12-31,Cafe,79593.0,95895.0,34201.0,34201.0,479479.0,92.0,173177.0,146.0,45392.0,61694.0,652656.0,Small
325,2025 Q1,2025-03-31,Cafe,114316.0,138063.0,47319.91,47319.91,690318.0,91.0,239520.53,147.0,66996.09,90743.09,929838.53,Small
325,2025 Q2,2025-06-30,Cafe,83981.0,99977.0,33888.21,33888.21,499887.0,91.0,171738.03,147.0,50092.79,66088.79000000001,671625.03,Small
325,2025 Q3,2025-09-30,Cafe,60561.0,72268.0,25238.0,25238.0,361344.0,92.0,127963.0,146.0,35323.0,47030.0,489307.0,Small
326,2024 Q2,2024-06-30,Cafe,71210.0,72221.0,23902.0,23902.0,361106.0,91.0,126149.0,157.0,47308.0,48319.0,487255.0,Small
326,2024 Q3,2024-09-30,Cafe,93515.0,94651.0,28484.0,28484.0,473258.0,92.0,151064.0,146.0,65031.0,66167.0,624322.0,Small
326,2024 Q4,2024-12-31,Cafe,116560.0,118697.0,34823.0,34823.0,593487.0,92.0,183325.0,146.0,81737.0,83874.0,776812.0,Small
326,2025 Q1,2025-03-31,Cafe,91443.0,92647.0,28011.0,28011.0,463237.0,91.0,147069.0,146.0,63432.0,64636.0,610306.0,Small
326,2025 Q2,2025-06-30,Cafe,69852.0,70844.0,22306.0,22306.0,354223.0,91.0,117923.78,147.0,47546.0,48538.0,472146.78,Small
326,2025 Q3,2025-09-30,Cafe,83643.0,85525.0,25281.0,25281.0,427626.0,92.0,134046.09,147.0,58362.0,60244.0,561672.09,Small
327,2024 Q2,2024-06-30,Cafe,74526.0,89789.0,31935.0,31935.0,448949.0,91.0,165693.0,157.0,42591.0,57854.0,614642.0,Small
327,2024 Q3,2024-09-30,Cafe,73909.0,89804.0,29909.0,29909.0,449021.0,92.0,155555.0,146.0,44000.0,59895.0,604576.0,Small
327,2024 Q4,2024-12-31,Cafe,85126.0,102685.0,33965.0,33965.0,513429.0,92.0,176239.85,147.0,51161.0,68720.0,689668.85,Small
327,2025 Q1,2025-03-31,Cafe,88831.0,107155.0,35795.0,35795.0,535778.0,91.0,185048.0,146.0,53036.0,71360.0,720826.0,Small
327,2025 Q2,2025-06-30,Cafe,93056.0,111578.0,37346.29,37346.29,557893.0,91.0,193814.44,147.0,55709.71,74231.70999999999,751707.44,Small
327,2025 Q3,2025-09-30,Cafe,91256.0,110346.0,35261.0,35261.0,551732.0,92.0,183528.0,146.0,55995.0,75085.0,735260.0,Small
328,2024 Q2,2024-06-30,Cafe,106359.0,108088.0,42355.0,42355.0,540443.0,91.0,211779.0,157.0,64004.0,65733.0,752222.0,Medium
328,2024 Q3,2024-09-30,Cafe,108734.0,110278.0,40596.0,40596.0,551392.0,92.0,202983.0,146.0,68138.0,69682.0,754375.0,Medium
328,2024 Q4,2024-12-31,Cafe,126764.0,128304.0,46126.0,46126.0,641521.0,92.0,230634.0,146.0,80638.0,82178.0,872155.0,Medium
328,2025 Q1,2025-03-31,Cafe,134461.0,135957.0,49086.0,49086.0,679788.0,91.0,245432.0,146.0,85375.0,86871.0,925220.0,Medium
328,2025 Q2,2025-06-30,Cafe,141744.0,143467.0,52065.46,52065.46,717335.0,91.0,260328.28,147.0,89678.54000000001,91401.54,977663.28,Medium
328,2025 Q3,2025-09-30,Cafe,141145.0,143586.0,49858.0,49859.0,717933.0,92.0,249295.0,146.0,91287.0,93727.0,967228.0,Medium
329,2024 Q2,2024-06-30,Cafe,113149.0,113149.0,46675.0,46675.0,565745.0,91.0,241512.0,157.0,66474.0,66474.0,807257.0,Medium
329,2024 Q3,2024-09-30,Cafe,110880.0,110880.0,43219.0,43219.0,554403.0,92.0,224055.0,146.0,67661.0,67661.0,778458.0,Medium
329,2024 Q4,2024-12-31,Cafe,124411.0,124411.0,47746.0,47746.0,622057.0,92.0,246426.0,146.0,76665.0,76665.0,868483.0,Medium
329,2025 Q1,2025-03-31,Cafe,127551.0,127551.0,49380.0,49380.0,637759.0,91.0,254659.0,146.0,78171.0,78171.0,892418.0,Medium
329,2025 Q2,2025-06-30,Cafe,130679.0,130679.0,50414.0,50414.0,653399.0,91.0,260975.0,146.0,80265.0,80265.0,914374.0,Medium
329,2025 Q3,2025-09-30,Cafe,127270.0,127270.0,47467.0,47467.0,636353.0,92.0,246279.0,146.0,79803.0,79803.0,882632.0,Medium
330,2024 Q2,2024-06-30,Cafe,83417.0,83417.0,35986.0,35986.0,417087.0,91.0,186747.0,157.0,47431.0,47431.0,603834.0,Small
330,2024 Q3,2024-09-30,Cafe,81466.0,81466.0,33009.0,33009.0,407331.0,92.0,171696.0,146.0,48457.0,48457.0,579027.0,Small
330,2024 Q4,2024-12-31,Cafe,91862.0,91862.0,37201.0,37201.0,459313.0,92.0,192469.0,146.0,54661.0,54661.0,651782.0,Small
330,2025 Q1,2025-03-31,Cafe,95357.0,95357.0,38998.0,38998.0,476789.0,91.0,201590.0,146.0,56359.0,56359.0,678379.0,Small
330,2025 Q2,2025-06-30,Cafe,99406.0,99406.0,40363.0,40363.0,497031.0,91.0,209524.0,146.0,59043.0,59043.0,706555.0,Small
330,2025 Q3,2025-09-30,Cafe,96874.0,98750.0,38528.0,38528.0,493751.0,92.0,200530.0,146.0,58346.0,60222.0,694281.0,Small
331,2024 Q2,2024-06-30,Cafe,107192.0,107192.0,35937.0,35937.0,535963.0,91.0,187639.0,157.0,71255.0,71255.0,723602.0,Small
331,2024 Q3,2024-09-30,Cafe,104534.0,104534.0,32804.0,32804.0,522674.0,92.0,171770.0,146.0,71730.0,71730.0,694444.0,Small
331,2024 Q4,2024-12-31,Cafe,118243.0,118243.0,37063.0,37063.0,591218.0,92.0,192873.0,146.0,81180.0,81180.0,784091.0,Small
331,2025 Q1,2025-03-31,Cafe,123873.0,123873.0,39285.0,39285.0,619365.0,91.0,204212.0,146.0,84588.0,84588.0,823577.0,Small
331,2025 Q2,2025-06-30,Cafe,131067.0,131067.0,41373.0,41373.0,655335.0,91.0,216100.0,146.0,89694.0,89694.0,871435.0,Small
331,2025 Q3,2025-09-30,Cafe,132701.0,132701.0,40049.0,40049.0,663507.0,92.0,209874.0,146.0,92652.0,92652.0,873381.0,Small
332,2024 Q2,2024-06-30,Cafe,145138.0,166252.0,64496.0,64496.0,831263.0,91.0,326747.0,157.0,80642.0,101756.0,1158010.0,Medium
332,2024 Q3,2024-09-30,Cafe,139205.0,159091.0,58360.0,58360.0,795457.0,92.0,295879.0,146.0,80845.0,100731.0,1091336.0,Medium
332,2024 Q4,2024-12-31,Cafe,155493.0,175105.0,63688.0,63688.0,875527.0,92.0,322305.0,146.0,91805.0,111417.0,1197832.0,Medium
332,2025 Q1,2025-03-31,Cafe,155511.0,176918.0,65075.0,65075.0,884592.0,91.0,329215.0,146.0,90436.0,111843.0,1213807.0,Medium
332,2025 Q2,2025-06-30,Cafe,158476.0,179475.0,65989.0,65989.0,897376.0,91.0,334311.0,146.0,92487.0,113486.0,1231687.0,Medium
332,2025 Q3,2025-09-30,Cafe,153968.0,173780.0,61829.0,61829.0,868900.0,92.0,313505.0,146.0,92139.0,111951.0,1182405.0,Medium
333,2024 Q2,2024-06-30,Cafe,88725.0,88725.0,32009.0,32009.0,443626.0,91.0,179529.0,157.0,56716.0,56716.0,623155.0,Small
333,2024 Q3,2024-09-30,Cafe,83092.0,83092.0,28897.79,28897.79,415463.0,92.0,162888.96,148.0,54194.21,54194.21,578351.96,Small
333,2024 Q4,2024-12-31,Cafe,89227.0,89227.0,31094.1,31094.1,446139.0,92.0,173626.51,147.0,58132.9,58132.9,619765.51,Small
333,2025 Q1,2025-03-31,Cafe,87647.0,87647.0,31211.1,31211.1,438236.0,91.0,173285.51,147.0,56435.9,56435.9,611521.51,Small
333,2025 Q2,2025-06-30,Cafe,86206.0,86206.0,30724.1,30724.1,431033.0,91.0,171593.51,147.0,55481.9,55481.9,602626.51,Small
333,2025 Q3,2025-09-30,Cafe,80669.0,80669.0,26708.94,26708.94,403348.0,92.0,151050.68,147.0,53960.06,53960.06,554398.6799999999,Small
334,2024 Q2,2024-06-30,Cafe,75189.0,84010.0,32262.0,32262.0,420053.0,91.0,164345.0,157.0,42927.0,51748.0,584398.0,Small
334,2024 Q3,2024-09-30,Cafe,68056.0,76553.0,27852.0,27851.0,382768.0,92.0,142024.0,146.0,40204.0,48702.0,524792.0,Small
334,2024 Q4,2024-12-31,Cafe,71184.0,79892.0,29243.75,29243.75,399463.0,92.0,148705.73,147.0,41940.25,50648.25,548168.73,Small
334,2025 Q1,2025-03-31,Cafe,68086.0,76159.0,28217.0,28217.0,380796.0,91.0,143415.0,146.0,39869.0,47942.0,524211.0,Small
334,2025 Q2,2025-06-30,Cafe,65083.0,72637.0,27120.78,27120.78,363187.0,91.0,138093.88,147.0,37962.22,45516.22,501280.88,Small
334,2025 Q3,2025-09-30,Cafe,57972.0,65802.0,23950.0,23950.0,329012.0,92.0,122082.0,146.0,34022.0,41852.0,451094.0,Small
335,2024 Q2,2024-06-30,Cafe,65858.0,125444.0,44287.0,44287.0,627223.0,91.0,229402.0,157.0,21571.0,81157.0,856625.0,Small
335,2024 Q3,2024-09-30,Cafe,36016.0,72322.0,25159.0,25159.0,361612.0,92.0,130327.0,146.0,10857.0,47163.0,491939.0,Small
335,2024 Q4,2024-12-31,Cafe,37267.0,73505.0,27106.0,27106.0,367529.0,92.0,139701.0,146.0,10161.0,46399.0,507230.0,Small
335,2025 Q1,2025-03-31,Cafe,83202.0,159390.0,53488.0,53488.0,796953.0,91.0,276124.0,146.0,29714.0,105902.0,1073077.0,Small
335,2025 Q2,2025-06-30,Cafe,36448.0,69292.0,24552.0,24552.0,346460.0,91.0,126750.0,146.0,11896.0,44740.0,473210.0,Small
335,2025 Q3,2025-09-30,Cafe,42198.0,80839.0,28250.0,28250.0,404195.0,92.0,146406.0,146.0,13948.0,52589.0,550601.0,Small
336,2024 Q2,2024-06-30,Cafe,103044.0,104613.0,37011.0,37011.0,523068.0,91.0,196173.85,158.0,66033.0,67602.0,719241.85,Small
336,2024 Q3,2024-09-30,Cafe,58619.0,59572.0,21142.0,21142.0,297862.0,92.0,111714.0,146.0,37477.0,38430.0,409576.0,Small
336,2024 Q4,2024-12-31,Cafe,104159.0,105424.0,36216.56,36216.56,527123.0,92.0,191787.82,147.0,67942.44,69207.44,718910.8200000001,Small
336,2025 Q1,2025-03-31,Cafe,122167.0,123902.0,40460.0,40460.0,619510.0,91.0,213826.0,146.0,81707.0,83442.0,833336.0,Small
336,2025 Q2,2025-06-30,Cafe,69457.0,70230.0,25797.65,25797.65,351150.0,91.0,135928.25,147.0,43659.35,44432.35,487078.25,Small
336,2025 Q3,2025-09-30,Cafe,73333.0,74677.0,24887.0,24887.0,373385.0,92.0,131748.0,146.0,48446.0,49790.0,505133.0,Small
337,2024 Q2,2024-06-30,Cafe,130843.0,133513.0,55024.0,55024.0,667565.0,91.0,275122.0,157.0,75819.0,78489.0,942687.0,Medium
337,2024 Q3,2024-09-30,Cafe,126767.0,128567.0,50279.0,50279.0,642837.0,92.0,251396.0,146.0,76488.0,78288.0,894233.0,Medium
337,2024 Q4,2024-12-31,Cafe,140735.0,142878.0,55171.0,55171.0,714390.0,92.0,275857.0,146.0,85564.0,87707.0,990247.0,Medium
337,2025 Q1,2025-03-31,Cafe,142714.0,146373.0,56988.0,56988.0,731866.0,91.0,284943.0,146.0,85726.0,89385.0,1016809.0,Medium
337,2025 Q2,2025-06-30,Cafe,147730.0,151208.0,58657.0,58657.0,756040.0,91.0,293287.0,146.0,89073.0,92551.0,1049327.0,Medium
337,2025 Q3,2025-09-30,Cafe,149773.0,149772.0,57343.91,57343.91,748864.0,92.0,286723.55,147.0,92429.09,92428.09,1035587.55,Medium
338,2024 Q2,2024-06-30,Cafe,82719.0,94970.0,36351.0,36351.0,474852.0,91.0,189296.39,158.0,46368.0,58619.0,664148.39,Small
338,2024 Q3,2024-09-30,Cafe,77631.0,91546.0,32898.0,32898.0,457730.0,92.0,171320.0,146.0,44733.0,58648.0,629050.0,Small
338,2024 Q4,2024-12-31,Cafe,76031.0,101646.0,36442.0,36442.0,508231.0,92.0,188745.0,146.0,39589.0,65204.0,696976.0,Small
338,2025 Q1,2025-03-31,Cafe,86418.0,103743.0,37646.0,37646.0,518718.0,91.0,194789.0,146.0,48772.0,66097.0,713507.0,Small
338,2025 Q2,2025-06-30,Cafe,89053.0,106396.0,38519.0,38519.0,531980.0,91.0,200133.0,146.0,50534.0,67877.0,732113.0,Small
338,2025 Q3,2025-09-30,Cafe,90862.0,104200.0,36319.14,36319.14,521004.0,92.0,189207.7,147.0,54542.86,67880.86,710211.7,Small
339,2024 Q2,2024-06-30,Cafe,106400.0,108905.0,38714.76,38714.76,544525.0,91.0,197428.87,160.0,67685.23999999999,70190.23999999999,741953.87,Small
339,2024 Q3,2024-09-30,Cafe,103431.0,104581.0,34343.0,34343.0,522906.0,92.0,175218.0,146.0,69088.0,70238.0,698124.0,Small
339,2024 Q4,2024-12-31,Cafe,111905.0,115129.0,37599.0,37599.0,575646.0,92.0,191316.0,146.0,74306.0,77530.0,766962.0,Small
339,2025 Q1,2025-03-31,Cafe,113377.0,115927.0,38310.0,38310.0,579635.0,91.0,194838.0,146.0,75067.0,77617.0,774473.0,Small
339,2025 Q2,2025-06-30,Cafe,114936.0,116805.0,38590.0,38590.0,584028.0,91.0,196661.0,146.0,76346.0,78215.0,780689.0,Small
339,2025 Q3,2025-09-30,Cafe,109393.0,111969.0,35779.0,35779.0,559845.0,92.0,182569.0,146.0,73614.0,76190.0,742414.0,Small
340,2024 Q2,2024-06-30,Cafe,88506.0,90037.0,32295.0,32295.0,450187.0,91.0,163767.0,157.0,56211.0,57742.0,613954.0,Small
340,2024 Q3,2024-09-30,Cafe,88729.0,88729.0,29961.0,29961.0,443648.0,92.0,152061.0,146.0,58768.0,58768.0,595709.0,Small
340,2024 Q4,2024-12-31,Cafe,98912.0,100113.0,33427.0,33427.0,500569.0,92.0,169329.0,146.0,65485.0,66686.0,669898.0,Small
340,2025 Q1,2025-03-31,Cafe,103213.0,103213.0,34784.0,34784.0,516069.0,91.0,176144.0,146.0,68429.0,68429.0,692213.0,Small
340,2025 Q2,2025-06-30,Cafe,106320.0,106320.0,35769.0,35769.0,531603.0,91.0,181408.0,146.0,70551.0,70551.0,713011.0,Small
340,2025 Q3,2025-09-30,Cafe,102445.0,104111.0,33942.46,33942.46,520555.0,92.0,172303.28,147.0,68502.54000000001,70168.54000000001,692858.28,Small
341,2024 Q2,2024-06-30,Cafe,84822.0,130095.0,42698.0,42698.0,650477.0,91.0,227003.0,157.0,42124.0,87397.0,877480.0,Small
341,2024 Q3,2024-09-30,Cafe,78371.0,100605.0,31542.37,31542.37,503025.0,92.0,168266.84,147.0,46828.630000000005,69062.63,671291.84,Small
341,2024 Q4,2024-12-31,Cafe,58220.0,89570.0,28872.0,28872.0,447851.0,92.0,153523.0,146.0,29348.0,60698.0,601374.0,Small
341,2025 Q1,2025-03-31,Cafe,55009.0,104779.0,33904.0,33904.0,523897.0,91.0,179817.0,146.0,21105.0,70875.0,703714.0,Small
341,2025 Q2,2025-06-30,Cafe,84190.0,129723.0,40956.0,40956.0,648618.0,91.0,217707.0,146.0,43234.0,88767.0,866325.0,Small
341,2025 Q3,2025-09-30,Cafe,93759.0,118532.0,36026.0,36026.0,592661.0,92.0,192440.0,146.0,57733.0,82506.0,785101.0,Small
342,2024 Q2,2024-06-30,Cafe,77628.0,80862.0,28899.0,28899.0,404311.0,91.0,151682.0,157.0,48729.0,51963.0,555993.0,Small
342,2024 Q3,2024-09-30,Cafe,70119.0,73193.0,24762.93,24762.93,365965.0,92.0,130433.67,147.0,45356.07,48430.07,496398.67,Small
342,2024 Q4,2024-12-31,Cafe,72804.0,75838.0,26672.56,26672.56,379192.0,92.0,140033.78,147.0,46131.44,49165.44,519225.78,Small
342,2025 Q1,2025-03-31,Cafe,68578.0,71734.0,25840.56,25840.56,358670.0,91.0,135208.78,147.0,42737.44,45893.44,493878.78,Small
342,2025 Q2,2025-06-30,Cafe,66836.0,67854.0,23767.81,23767.81,339272.0,91.0,124574.06,147.0,43068.19,44086.19,463846.06,Small
342,2025 Q3,2025-09-30,Cafe,59882.0,60918.0,20738.0,20738.0,304591.0,92.0,109092.0,146.0,39144.0,40180.0,413683.0,Small
343,2024 Q2,2024-06-30,Cafe,181404.0,239635.0,77175.0,77175.0,1198177.0,91.0,425442.0,157.0,104229.0,162460.0,1623619.0,Medium
343,2024 Q3,2024-09-30,Cafe,135633.0,180844.0,53790.0,53790.0,904224.0,92.0,297688.0,146.0,81843.0,127054.0,1201912.0,Medium
343,2024 Q4,2024-12-31,Cafe,132895.0,174632.0,54760.0,54760.0,873162.0,92.0,300641.0,146.0,78135.0,119872.0,1173803.0,Medium
343,2025 Q1,2025-03-31,Cafe,122300.0,162850.0,52549.0,52549.0,814251.0,91.0,286840.0,146.0,69751.0,110301.0,1101091.0,Medium
343,2025 Q2,2025-06-30,Cafe,110742.0,144761.0,46728.0,46728.0,723809.0,91.0,255564.0,146.0,64014.0,98033.0,979373.0,Medium
343,2025 Q3,2025-09-30,Cafe,125207.0,163669.0,50581.0,50581.0,818347.0,92.0,279409.0,146.0,74626.0,113088.0,1097756.0,Medium
344,2024 Q2,2024-06-30,Cafe,52191.0,85280.0,33400.0,33400.0,426400.0,91.0,174279.0,157.0,18791.0,51880.0,600679.0,Small
344,2024 Q3,2024-09-30,Cafe,53765.0,86858.0,31852.0,31852.0,434293.0,92.0,166657.0,146.0,21913.0,55006.0,600950.0,Small
344,2024 Q4,2024-12-31,Cafe,61967.0,100924.0,36674.0,36674.0,504623.0,92.0,190771.0,146.0,25293.0,64250.0,695394.0,Small
344,2025 Q1,2025-03-31,Cafe,66241.0,106840.0,39085.0,39085.0,534200.0,91.0,203127.0,146.0,27156.0,67755.0,737327.0,Small
344,2025 Q2,2025-06-30,Cafe,69964.0,112662.0,40849.0,40849.0,563314.0,91.0,213349.0,146.0,29115.0,71813.0,776663.0,Small
344,2025 Q3,2025-09-30,Cafe,69989.0,112703.0,39221.0,39221.0,563516.0,92.0,205486.0,146.0,30768.0,73482.0,769002.0,Small
345,2024 Q2,2024-06-30,Cafe,90944.0,92049.0,33526.0,33526.0,460249.0,91.0,167634.0,157.0,57418.0,58523.0,627883.0,Small
345,2024 Q3,2024-09-30,Cafe,81149.0,82052.0,28533.0,28533.0,410260.0,92.0,142666.0,146.0,52616.0,53519.0,552926.0,Small
345,2024 Q4,2024-12-31,Cafe,82587.0,83590.0,29026.0,29026.0,417950.0,92.0,145130.0,146.0,53561.0,54564.0,563080.0,Small
345,2025 Q1,2025-03-31,Cafe,77585.0,77585.0,28831.74,28831.74,387925.0,91.0,144159.68,147.0,48753.26,48753.26,532084.6799999999,Small
345,2025 Q2,2025-06-30,Cafe,71883.0,71883.0,25874.0,25874.0,359419.0,91.0,129373.0,146.0,46009.0,46009.0,488792.0,Small
345,2025 Q3,2025-09-30,Cafe,62348.0,63041.0,22461.0,22461.0,315207.0,92.0,112307.0,146.0,39887.0,40580.0,427514.0,Small
346,2024 Q2,2024-06-30,Cafe,70658.0,84925.0,31576.0,31576.0,424627.0,91.0,158679.0,157.0,39082.0,53349.0,583306.0,Small
346,2024 Q3,2024-09-30,Cafe,87709.0,93505.0,32716.0,32716.0,467529.0,92.0,164482.0,146.0,54993.0,60789.0,632011.0,Small
346,2024 Q4,2024-12-31,Cafe,72586.0,84698.0,30202.0,30202.0,423492.0,92.0,151721.0,146.0,42384.0,54496.0,575213.0,Small
346,2025 Q1,2025-03-31,Cafe,58770.0,78464.0,27976.0,27976.0,392323.0,91.0,140508.0,146.0,30794.0,50488.0,532831.0,Small
346,2025 Q2,2025-06-30,Cafe,80568.0,97070.0,35115.0,35115.0,485351.0,91.0,176496.0,146.0,45453.0,61955.0,661847.0,Small
346,2025 Q3,2025-09-30,Cafe,112133.0,121225.0,40154.0,40154.0,606125.0,92.0,201909.0,146.0,71979.0,81071.0,808034.0,Small
347,2024 Q2,2024-06-30,Cafe,65232.0,65232.0,24732.0,24732.0,326161.0,91.0,130434.0,157.0,40500.0,40500.0,456595.0,Small
347,2024 Q3,2024-09-30,Cafe,91385.0,92683.0,32326.0,32326.0,463418.0,92.0,171668.92,147.0,59059.0,60357.0,635086.92,Small
347,2024 Q4,2024-12-31,Cafe,72056.0,73005.0,25535.0,25535.0,365026.0,92.0,134173.0,146.0,46521.0,47470.0,499199.0,Small
347,2025 Q1,2025-03-31,Cafe,62092.0,62092.0,22538.0,22538.0,310460.0,91.0,118144.0,146.0,39554.0,39554.0,428604.0,Small
347,2025 Q2,2025-06-30,Cafe,111249.0,113173.0,40024.0,40024.0,565865.0,91.0,211741.0,146.0,71225.0,73149.0,777606.0,Small
347,2025 Q3,2025-09-30,Cafe,111841.0,114591.0,37824.59,37824.59,572959.0,92.0,200858.95,147.0,74016.41,76766.41,773817.95,Small
348,2024 Q2,2024-06-30,Cafe,114216.0,114216.0,44550.78,44550.78,571082.0,91.0,222757.92,158.0,69665.22,69665.22,793839.92,Small
348,2024 Q3,2024-09-30,Cafe,102029.0,102029.0,36719.0,36719.0,510146.0,92.0,183599.0,146.0,65310.0,65310.0,693745.0,Small
348,2024 Q4,2024-12-31,Cafe,104209.0,104209.0,37365.0,37365.0,521048.0,92.0,186829.0,146.0,66844.0,66844.0,707877.0,Small
348,2025 Q1,2025-03-31,Cafe,95763.0,97024.0,35463.0,35463.0,485123.0,91.0,177315.0,146.0,60300.0,61561.0,662438.0,Small
348,2025 Q2,2025-06-30,Cafe,90225.0,90225.0,33431.0,33431.0,451127.0,91.0,167155.0,146.0,56794.0,56794.0,618282.0,Small
348,2025 Q3,2025-09-30,Cafe,79478.0,79478.0,28792.0,28792.0,397394.0,92.0,143962.0,146.0,50686.0,50686.0,541356.0,Small
349,2024 Q2,2024-06-30,Cafe,117755.0,119427.0,46937.24,46937.24,597138.0,91.0,234686.21,158.0,70817.76000000001,72489.76000000001,831824.21,Medium
349,2024 Q3,2024-09-30,Cafe,115085.0,115085.0,42820.0,42820.0,575427.0,92.0,214103.0,146.0,72265.0,72265.0,789530.0,Medium
349,2024 Q4,2024-12-31,Cafe,127105.0,127105.0,46449.0,46449.0,635526.0,92.0,232249.0,146.0,80656.0,80656.0,867775.0,Medium
349,2025 Q1,2025-03-31,Cafe,128376.0,128376.0,49917.21,49917.21,641882.0,91.0,249586.05,147.0,78458.79000000001,78458.79000000001,891468.05,Medium
349,2025 Q2,2025-06-30,Cafe,129710.0,129710.0,48049.0,48049.0,648552.0,91.0,240245.0,146.0,81661.0,81661.0,888797.0,Medium
349,2025 Q3,2025-09-30,Cafe,124664.0,124664.0,44911.0,44912.0,623324.0,92.0,224560.0,146.0,79753.0,79752.0,847884.0,Medium
350,2024 Q2,2024-06-30,Cafe,71865.0,72738.0,28593.4,28593.4,363692.0,91.0,149300.99,158.0,43271.6,44144.6,512992.99,Small
350,2024 Q3,2024-09-30,Cafe,77603.0,78546.0,29168.0,29168.0,392730.0,92.0,152816.0,146.0,48435.0,49378.0,545546.0,Small
350,2024 Q4,2024-12-31,Cafe,117205.0,119111.0,42095.0,42095.0,595557.0,92.0,219452.0,146.0,75110.0,77016.0,815009.0,Small
350,2025 Q1,2025-03-31,Cafe,101036.0,102575.0,37803.63,37803.63,512879.0,91.0,196508.13,147.0,63232.37,64771.37,709387.13,Small
350,2025 Q2,2025-06-30,Cafe,71032.0,72041.0,27095.0,27095.0,360205.0,91.0,141451.0,146.0,43937.0,44946.0,501656.0,Small
350,2025 Q3,2025-09-30,Cafe,86057.0,87634.0,31059.0,31059.0,438174.0,92.0,163266.13,147.0,54998.0,56575.0,601440.13,Small
351,2024 Q2,2024-06-30,Cafe,154431.0,156307.0,65651.97,65651.97,781539.0,91.0,328259.85,158.0,88779.03,90655.03,1109798.85,Medium
351,2024 Q3,2024-09-30,Cafe,151035.0,153491.0,60568.0,60568.0,767455.0,92.0,302840.0,146.0,90467.0,92923.0,1070295.0,Medium
351,2024 Q4,2024-12-31,Cafe,169636.0,172570.0,67446.0,67446.0,862851.0,92.0,337232.0,146.0,102190.0,105124.0,1200083.0,Medium
351,2025 Q1,2025-03-31,Cafe,174443.0,177279.0,69948.0,69948.0,886398.0,91.0,349743.0,146.0,104495.0,107331.0,1236141.0,Medium
351,2025 Q2,2025-06-30,Cafe,179065.0,181977.0,71807.0,71807.0,909886.0,91.0,359039.0,146.0,107258.0,110170.0,1268925.0,Medium
351,2025 Q3,2025-09-30,Cafe,174727.0,177568.0,67666.0,67666.0,887841.0,92.0,338332.0,146.0,107061.0,109902.0,1226173.0,Medium
352,2024 Q2,2024-06-30,Cafe,246217.0,246217.0,97983.0,97983.0,1231085.0,91.0,489917.0,157.0,148234.0,148234.0,1721002.0,Large
352,2024 Q3,2024-09-30,Cafe,248425.0,248425.0,93110.89,93110.89,1242127.0,92.0,465555.43,147.0,155314.11,155314.11,1707682.43,Large
352,2024 Q4,2024-12-31,Cafe,286310.0,286310.0,106068.39,106068.39,1431550.0,92.0,530345.96,147.0,180241.61,180241.61,1961895.96,Large
352,2025 Q1,2025-03-31,Cafe,300928.0,300928.0,111696.0,111696.0,1504642.0,91.0,558483.0,146.0,189232.0,189232.0,2063125.0,Large
352,2025 Q2,2025-06-30,Cafe,315372.0,315372.0,116940.0,116940.0,1576864.0,91.0,584704.0,146.0,198432.0,198432.0,2161568.0,Large
352,2025 Q3,2025-09-30,Cafe,313751.0,313751.0,112098.0,112098.0,1568755.0,92.0,560492.0,146.0,201653.0,201653.0,2129247.0,Large
353,2024 Q2,2024-06-30,Cafe,210145.0,213563.0,74093.0,74093.0,1067815.0,91.0,411626.0,157.0,136052.0,139470.0,1479441.0,Large
353,2024 Q3,2024-09-30,Cafe,192017.0,195736.0,64057.0,64057.0,978680.0,92.0,358319.0,146.0,127960.0,131679.0,1336999.0,Large
353,2024 Q4,2024-12-31,Cafe,200249.0,205594.0,67844.0,67844.0,1027970.0,92.0,375824.0,146.0,132405.0,137750.0,1403794.0,Large
353,2025 Q1,2025-03-31,Cafe,192470.0,197405.0,66690.0,66690.0,987027.0,91.0,367430.0,146.0,125780.0,130715.0,1354457.0,Large
353,2025 Q2,2025-06-30,Cafe,185019.0,189763.0,64069.0,64069.0,948816.0,91.0,355068.0,146.0,120950.0,125694.0,1303884.0,Large
353,2025 Q3,2025-09-30,Cafe,169088.0,173424.0,56876.0,56876.0,867123.0,92.0,317432.0,146.0,112212.0,116548.0,1184555.0,Large
354,2024 Q2,2024-06-30,Cafe,178654.0,178654.0,68789.0,68789.0,893273.0,91.0,348551.0,157.0,109865.0,109865.0,1241824.0,Medium
354,2024 Q3,2024-09-30,Cafe,160948.0,160948.0,58892.0,58892.0,804742.0,92.0,298606.0,146.0,102056.0,102056.0,1103348.0,Medium
354,2024 Q4,2024-12-31,Cafe,165897.0,165897.0,60682.0,60682.0,829487.0,92.0,307354.58,147.0,105215.0,105215.0,1136841.58,Medium
354,2025 Q1,2025-03-31,Cafe,156008.0,156008.0,58507.82,58507.82,780044.0,91.0,295942.12,147.0,97500.18,97500.18,1075986.12,Medium
354,2025 Q2,2025-06-30,Cafe,146637.0,146637.0,55306.0,55306.0,733185.0,91.0,280110.0,146.0,91331.0,91331.0,1013295.0,Medium
354,2025 Q3,2025-09-30,Cafe,130711.0,130711.0,48430.0,48430.0,653555.0,92.0,245457.0,146.0,82281.0,82281.0,899012.0,Medium
355,2024 Q2,2024-06-30,Cafe,312147.0,350727.0,107230.0,107230.0,1753639.0,91.0,593938.0,157.0,204917.0,243497.0,2347577.0,Large
355,2024 Q3,2024-09-30,Cafe,281420.0,336627.0,96267.0,96267.0,1683139.0,92.0,537316.0,146.0,185153.0,240360.0,2220455.0,Large
355,2024 Q4,2024-12-31,Cafe,284423.0,370343.0,105733.09,105733.09,1851719.0,92.0,585568.46,147.0,178689.91,264609.91000000003,2437287.46,Large
355,2025 Q1,2025-03-31,Cafe,327913.0,372628.0,108195.0,108195.0,1863140.0,91.0,596402.11,147.0,219718.0,264433.0,2459542.11,Large
355,2025 Q2,2025-06-30,Cafe,336118.0,375132.0,108782.0,108782.0,1875664.0,91.0,602598.0,146.0,227336.0,266350.0,2478262.0,Large
355,2025 Q3,2025-09-30,Cafe,296744.0,359255.0,99897.0,99897.0,1796275.0,92.0,558241.57,147.0,196847.0,259358.0,2354516.57,Large
356,2024 Q2,2024-06-30,Cafe,60186.0,61289.0,25052.0,25052.0,306448.0,91.0,129761.0,157.0,35134.0,36237.0,436209.0,Small
356,2024 Q3,2024-09-30,Cafe,99077.0,100484.0,37154.0,37154.0,502420.0,92.0,193338.0,146.0,61923.0,63330.0,695758.0,Small
356,2024 Q4,2024-12-31,Cafe,97612.0,101362.0,36159.0,36159.0,506814.0,92.0,187083.0,146.0,61453.0,65203.0,693897.0,Small
356,2025 Q1,2025-03-31,Cafe,86403.0,88166.0,33189.0,33189.0,440830.0,91.0,171490.0,146.0,53214.0,54977.0,612320.0,Small
356,2025 Q2,2025-06-30,Cafe,73547.0,74666.0,28118.0,28118.0,373334.0,91.0,145691.0,146.0,45429.0,46548.0,519025.0,Small
356,2025 Q3,2025-09-30,Cafe,85607.0,86999.0,31635.0,31635.0,434998.0,92.0,164500.0,146.0,53972.0,55364.0,599498.0,Small
357,2024 Q2,2024-06-30,Cafe,105801.0,105801.0,38097.0,38097.0,529008.0,91.0,192939.0,157.0,67704.0,67704.0,721947.0,Small
357,2024 Q3,2024-09-30,Cafe,95118.0,95118.0,32453.0,32453.0,475593.0,92.0,164470.0,146.0,62665.0,62665.0,640063.0,Small
357,2024 Q4,2024-12-31,Cafe,97839.0,97839.0,33434.0,33434.0,489199.0,92.0,169124.0,146.0,64405.0,64405.0,658323.0,Small
357,2025 Q1,2025-03-31,Cafe,91814.0,91814.0,32486.52,32485.52,459073.0,91.0,164233.59,149.0,59327.48,59328.48,623306.59,Small
357,2025 Q2,2025-06-30,Cafe,86120.0,86120.0,30219.0,30219.0,430601.0,91.0,152986.0,146.0,55901.0,55901.0,583587.0,Small
357,2025 Q3,2025-09-30,Cafe,76606.0,76606.0,26329.0,26329.0,383031.0,92.0,133392.0,146.0,50277.0,50277.0,516423.0,Small
358,2024 Q2,2024-06-30,Cafe,114134.0,114134.0,38660.53,38660.53,570671.0,91.0,214599.64,158.0,75473.47,75473.47,785270.64,Small
358,2024 Q3,2024-09-30,Cafe,109648.0,109648.0,34512.0,34512.0,548242.0,92.0,193194.0,146.0,75136.0,75136.0,741436.0,Small
358,2024 Q4,2024-12-31,Cafe,121781.0,121781.0,38483.0,38483.0,608906.0,92.0,213442.0,146.0,83298.0,83298.0,822348.0,Small
358,2025 Q1,2025-03-31,Cafe,125080.0,125079.0,40533.13,40533.13,625399.0,91.0,223542.63,147.0,84546.87,84545.87,848941.63,Small
358,2025 Q2,2025-06-30,Cafe,130093.0,130093.0,41590.0,41590.0,650466.0,91.0,231254.0,147.0,88503.0,88503.0,881720.0,Small
358,2025 Q3,2025-09-30,Cafe,130358.0,130358.0,39592.0,39592.0,651790.0,92.0,221975.0,146.0,90766.0,90766.0,873765.0,Small
359,2024 Q2,2024-06-30,Cafe,82613.0,83616.0,30859.0,30859.0,418080.0,91.0,154298.0,157.0,51754.0,52757.0,572378.0,Small
359,2024 Q3,2024-09-30,Cafe,82004.0,82004.0,28507.0,28507.0,410021.0,92.0,142535.0,146.0,53497.0,53497.0,552556.0,Small
359,2024 Q4,2024-12-31,Cafe,92109.0,92110.0,31685.0,31685.0,460550.0,92.0,158425.0,146.0,60424.0,60425.0,618975.0,Small
359,2025 Q1,2025-03-31,Cafe,94561.0,94561.0,32837.0,32837.0,472809.0,91.0,164188.0,146.0,61724.0,61724.0,636997.0,Small
359,2025 Q2,2025-06-30,Cafe,97030.0,97030.0,33702.0,33702.0,485152.0,91.0,168511.0,146.0,63328.0,63328.0,653663.0,Small
359,2025 Q3,2025-09-30,Cafe,93625.0,94666.0,31760.0,31760.0,473330.0,92.0,158803.0,146.0,61865.0,62906.0,632133.0,Small
360,2024 Q2,2024-06-30,Cafe,121508.0,121508.0,49471.0,49471.0,607544.0,91.0,247356.0,157.0,72037.0,72037.0,854900.0,Medium
360,2024 Q3,2024-09-30,Cafe,116509.0,116509.0,45071.0,45071.0,582545.0,92.0,225355.0,146.0,71438.0,71438.0,807900.0,Medium
360,2024 Q4,2024-12-31,Cafe,125231.0,128310.0,48926.0,48926.0,641553.0,92.0,244631.0,146.0,76305.0,79384.0,886184.0,Medium
360,2025 Q1,2025-03-31,Cafe,129457.0,129457.0,49870.0,49870.0,647286.0,91.0,249350.0,146.0,79587.0,79587.0,896636.0,Medium
360,2025 Q2,2025-06-30,Cafe,128615.0,130839.0,50442.0,50442.0,654197.0,91.0,252212.0,146.0,78173.0,80397.0,906409.0,Medium
360,2025 Q3,2025-09-30,Cafe,125884.0,125884.0,47180.0,47180.0,629423.0,92.0,235904.0,146.0,78704.0,78704.0,865327.0,Medium
361,2024 Q2,2024-06-30,Cafe,102063.0,103303.0,37986.0,37986.0,516516.0,91.0,197581.0,157.0,64077.0,65317.0,714097.0,Small
361,2024 Q3,2024-09-30,Cafe,104179.0,104179.0,35843.0,35843.0,520898.0,92.0,186914.0,146.0,68336.0,68336.0,707812.0,Small
361,2024 Q4,2024-12-31,Cafe,120006.0,120006.0,40987.8,40987.8,600034.0,92.0,212578.98,147.0,79018.2,79018.2,812612.98,Small
361,2025 Q1,2025-03-31,Cafe,126068.0,126068.0,43315.0,43315.0,630342.0,91.0,224465.0,146.0,82753.0,82753.0,854807.0,Small
361,2025 Q2,2025-06-30,Cafe,132050.0,132050.0,45236.0,45236.0,660252.0,91.0,235442.0,146.0,86814.0,86814.0,895694.0,Small
361,2025 Q3,2025-09-30,Cafe,131300.0,131300.0,43140.0,43140.0,656501.0,92.0,225189.0,146.0,88160.0,88160.0,881690.0,Small
362,2024 Q2,2024-06-30,Cafe,94721.0,108253.0,39249.0,39249.0,541265.0,91.0,196246.0,157.0,55472.0,69004.0,737511.0,Small
362,2024 Q3,2024-09-30,Cafe,83063.0,93963.0,33363.0,33363.0,469817.0,92.0,166818.0,146.0,49700.0,60600.0,636635.0,Small
362,2024 Q4,2024-12-31,Cafe,77291.0,87039.0,30542.0,30542.0,435199.0,92.0,152714.0,146.0,46749.0,56497.0,587913.0,Small
362,2025 Q1,2025-03-31,Cafe,94881.0,106012.0,38011.0,38011.0,530060.0,91.0,190055.0,146.0,56870.0,68001.0,720115.0,Small
362,2025 Q2,2025-06-30,Cafe,114061.0,127442.0,44292.0,44292.0,637211.0,91.0,221462.0,146.0,69769.0,83150.0,858673.0,Small
362,2025 Q3,2025-09-30,Cafe,93425.0,106165.0,35541.0,35541.0,530825.0,92.0,177707.0,146.0,57884.0,70624.0,708532.0,Small
363,2024 Q2,2024-06-30,Fine_Dine_Meat,392659.0,398235.0,102425.0,102425.0,1991175.0,91.0,512128.0,101.0,290234.0,295810.0,2503303.0,Large
363,2024 Q3,2024-09-30,Fine_Dine_Meat,387466.0,387465.0,94867.0,94867.0,1937329.0,92.0,474335.0,94.0,292599.0,292598.0,2411664.0,Large
363,2024 Q4,2024-12-31,Fine_Dine_Meat,528649.0,528648.0,123943.53,123943.53,2643244.0,92.0,619717.63,95.0,404705.47,404704.47,3262961.63,Large
363,2025 Q1,2025-03-31,Fine_Dine_Meat,513216.0,519449.0,122346.0,122346.0,2597246.0,91.0,611731.0,94.0,390870.0,397103.0,3208977.0,Large
363,2025 Q2,2025-06-30,Fine_Dine_Meat,439491.0,439490.0,106100.0,106100.0,2197454.0,91.0,530504.0,94.0,333391.0,333390.0,2727958.0,Large
363,2025 Q3,2025-09-30,Fine_Dine_Meat,437869.0,437869.0,102607.0,102607.0,2189349.0,92.0,513037.0,94.0,335262.0,335262.0,2702386.0,Large
364,2024 Q2,2024-06-30,Fine_Dine_Meat,176624.0,199801.0,48347.15,48347.15,999007.0,91.0,241735.77,102.0,128276.85,151453.85,1240742.77,Small
364,2024 Q3,2024-09-30,Fine_Dine_Meat,156837.0,189875.0,42247.0,42247.0,949375.0,92.0,211238.0,94.0,114590.0,147628.0,1160613.0,Small
364,2024 Q4,2024-12-31,Fine_Dine_Meat,191625.0,251807.0,54609.0,54609.0,1259037.0,92.0,273047.0,94.0,137016.0,197198.0,1532084.0,Small
364,2025 Q1,2025-03-31,Fine_Dine_Meat,211659.0,239433.0,52581.0,52581.0,1197167.0,91.0,262906.0,94.0,159078.0,186852.0,1460073.0,Small
364,2025 Q2,2025-06-30,Fine_Dine_Meat,170443.0,194570.0,43483.0,43483.0,972851.0,91.0,217415.0,94.0,126960.0,151087.0,1190266.0,Small
364,2025 Q3,2025-09-30,Fine_Dine_Meat,157501.0,184860.0,40233.0,40233.0,924300.0,92.0,201165.0,94.0,117268.0,144627.0,1125465.0,Small
365,2024 Q2,2024-06-30,Fine_Dine_Meat,178858.0,180847.0,44597.0,44597.0,904235.0,91.0,235516.0,101.0,134261.0,136250.0,1139751.0,Small
365,2024 Q3,2024-09-30,Fine_Dine_Meat,167387.0,167387.0,39349.0,39349.0,836938.0,92.0,208179.0,94.0,128038.0,128038.0,1045117.0,Small
365,2024 Q4,2024-12-31,Fine_Dine_Meat,216096.0,216096.0,50002.0,50002.0,1080483.0,92.0,260854.0,94.0,166094.0,166094.0,1341337.0,Small
365,2025 Q1,2025-03-31,Fine_Dine_Meat,200059.0,200059.0,47223.0,47223.0,1000299.0,91.0,245338.0,94.0,152836.0,152836.0,1245637.0,Small
365,2025 Q2,2025-06-30,Fine_Dine_Meat,155096.0,157939.0,37792.0,37792.0,789698.0,91.0,199269.0,94.0,117304.0,120147.0,988967.0,Small
365,2025 Q3,2025-09-30,Fine_Dine_Meat,143004.0,145477.0,34189.0,34189.0,727388.0,92.0,180659.0,94.0,108815.0,111288.0,908047.0,Small
366,2024 Q2,2024-06-30,Fine_Dine_Meat,207839.0,207839.0,52724.0,52724.0,1039198.0,91.0,263622.0,101.0,155115.0,155115.0,1302820.0,Small
366,2024 Q3,2024-09-30,Fine_Dine_Meat,144831.0,144831.0,35760.0,35760.0,724157.0,92.0,178801.0,94.0,109071.0,109071.0,902958.0,Small
366,2024 Q4,2024-12-31,Fine_Dine_Meat,146002.0,146002.0,36667.0,36667.0,730014.0,92.0,183337.0,94.0,109335.0,109335.0,913351.0,Small
366,2025 Q1,2025-03-31,Fine_Dine_Meat,169642.0,169642.0,42686.0,42686.0,848212.0,91.0,213431.0,94.0,126956.0,126956.0,1061643.0,Small
366,2025 Q2,2025-06-30,Fine_Dine_Meat,196679.0,196679.0,48320.0,48320.0,983395.0,91.0,241604.0,94.0,148359.0,148359.0,1224999.0,Small
366,2025 Q3,2025-09-30,Fine_Dine_Meat,208512.0,208512.0,50562.94,50562.94,1042561.0,92.0,252814.7,95.0,157949.06,157949.06,1295375.7,Small
367,2024 Q2,2024-06-30,Fine_Dine_Meat,178121.0,178121.0,40371.0,40371.0,890608.0,91.0,201856.0,101.0,137750.0,137750.0,1092464.0,Small
367,2024 Q3,2024-09-30,Fine_Dine_Meat,160980.0,160981.0,34894.0,34895.0,804905.0,92.0,174475.0,94.0,126086.0,126086.0,979380.0,Small
367,2024 Q4,2024-12-31,Fine_Dine_Meat,202590.0,202590.0,42675.0,42675.0,1012954.0,92.0,213375.0,94.0,159915.0,159915.0,1226329.0,Small
367,2025 Q1,2025-03-31,Fine_Dine_Meat,182620.0,182620.0,39195.0,39195.0,913104.0,91.0,195979.0,94.0,143425.0,143425.0,1109083.0,Small
367,2025 Q2,2025-06-30,Fine_Dine_Meat,139845.0,139845.0,31124.0,31124.0,699228.0,91.0,155621.0,94.0,108721.0,108721.0,854849.0,Small
367,2025 Q3,2025-09-30,Fine_Dine_Meat,124420.0,124420.0,27577.16,27577.16,622104.0,92.0,137887.8,95.0,96842.84,96842.84,759991.8,Small
368,2024 Q2,2024-06-30,Fine_Dine_Meat,217092.0,217092.0,50011.0,50011.0,1085461.0,91.0,250056.0,101.0,167081.0,167081.0,1335517.0,Small
368,2024 Q3,2024-09-30,Fine_Dine_Meat,140869.0,140869.0,32256.0,32256.0,704348.0,92.0,161282.0,94.0,108613.0,108613.0,865630.0,Small
368,2024 Q4,2024-12-31,Fine_Dine_Meat,181059.0,181059.0,40983.0,40983.0,905298.0,92.0,204917.0,94.0,140076.0,140076.0,1110215.0,Small
368,2025 Q1,2025-03-31,Fine_Dine_Meat,250445.0,250445.0,55667.31,55667.31,1252228.0,91.0,278339.55,95.0,194777.69,194777.69,1530567.55,Small
368,2025 Q2,2025-06-30,Fine_Dine_Meat,253433.0,253434.0,55200.0,55200.0,1267170.0,91.0,276001.0,94.0,198233.0,198234.0,1543171.0,Small
368,2025 Q3,2025-09-30,Fine_Dine_Meat,207534.0,207534.0,44769.95,44769.95,1037672.0,92.0,223853.75,95.0,162764.05,162764.05,1261525.75,Small
369,2024 Q2,2024-06-30,Fine_Dine_Meat,174637.0,174637.0,35368.0,35368.0,873186.0,91.0,197623.0,101.0,139269.0,139269.0,1070809.0,Small
369,2024 Q3,2024-09-30,Fine_Dine_Meat,178881.0,178881.0,33921.0,33921.0,894409.0,92.0,190843.0,94.0,144960.0,144960.0,1085252.0,Small
369,2024 Q4,2024-12-31,Fine_Dine_Meat,254319.0,254319.0,46462.0,46462.0,1271595.0,92.0,258961.0,94.0,207857.0,207857.0,1530556.0,Small
369,2025 Q1,2025-03-31,Fine_Dine_Meat,257622.0,257622.0,48348.0,48348.0,1288111.0,91.0,264674.0,94.0,209274.0,209274.0,1552785.0,Small
369,2025 Q2,2025-06-30,Fine_Dine_Meat,222933.0,222933.0,41412.0,41412.0,1114665.0,91.0,232041.0,94.0,181521.0,181521.0,1346706.0,Small
369,2025 Q3,2025-09-30,Fine_Dine_Meat,225294.0,225294.0,40239.19,40239.19,1126474.0,92.0,227221.95,95.0,185054.81,185054.81,1353695.95,Small
370,2024 Q2,2024-06-30,Fine_Dine_Meat,189632.0,189632.0,52316.0,52317.0,948164.0,91.0,261585.0,101.0,137316.0,137315.0,1209749.0,Medium
370,2024 Q3,2024-09-30,Fine_Dine_Meat,189154.0,192425.0,50273.0,50273.0,962129.0,92.0,251367.0,94.0,138881.0,142152.0,1213496.0,Medium
370,2024 Q4,2024-12-31,Fine_Dine_Meat,267544.0,271343.0,66905.0,66905.0,1356715.0,92.0,334528.0,94.0,200639.0,204438.0,1691243.0,Medium
370,2025 Q1,2025-03-31,Fine_Dine_Meat,272940.0,272940.0,67751.0,67751.0,1364700.0,91.0,338759.0,94.0,205189.0,205189.0,1703459.0,Medium
370,2025 Q2,2025-06-30,Fine_Dine_Meat,231581.0,234631.0,59456.0,59456.0,1173155.0,91.0,297280.0,94.0,172125.0,175175.0,1470435.0,Medium
370,2025 Q3,2025-09-30,Fine_Dine_Meat,232127.0,235662.0,57902.0,57902.0,1178310.0,92.0,289512.0,94.0,174225.0,177760.0,1467822.0,Medium
371,2024 Q2,2024-06-30,Fine_Dine_Meat,174567.0,177046.0,41471.0,41471.0,885230.0,91.0,207358.0,101.0,133096.0,135575.0,1092588.0,Small
371,2024 Q3,2024-09-30,Fine_Dine_Meat,171682.0,174829.0,39047.0,39047.0,874148.0,92.0,195239.0,94.0,132635.0,135782.0,1069387.0,Small
371,2024 Q4,2024-12-31,Fine_Dine_Meat,196000.0,199390.0,41795.0,41795.0,996951.0,92.0,208976.0,94.0,154205.0,157595.0,1205927.0,Small
371,2025 Q1,2025-03-31,Fine_Dine_Meat,146488.0,149021.0,33375.0,33375.0,745108.0,91.0,166878.0,94.0,113113.0,115646.0,911986.0,Small
371,2025 Q2,2025-06-30,Fine_Dine_Meat,93169.0,94396.0,22768.0,22768.0,471982.0,91.0,113841.0,94.0,70401.0,71628.0,585823.0,Small
371,2025 Q3,2025-09-30,Fine_Dine_Meat,89637.0,91280.0,21553.0,21553.0,456403.0,92.0,107768.0,94.0,68084.0,69727.0,564171.0,Small
372,2024 Q2,2024-06-30,Fine_Dine_Meat,164221.0,171779.0,41018.0,41018.0,858895.0,91.0,205092.0,101.0,123203.0,130761.0,1063987.0,Small
372,2024 Q3,2024-09-30,Fine_Dine_Meat,140571.0,146581.0,34097.0,34097.0,732906.0,92.0,170487.0,94.0,106474.0,112484.0,903393.0,Small
372,2024 Q4,2024-12-31,Fine_Dine_Meat,238550.0,249791.0,55206.0,55206.0,1248956.0,92.0,276031.0,94.0,183344.0,194585.0,1524987.0,Small
372,2025 Q1,2025-03-31,Fine_Dine_Meat,292649.0,305480.0,66724.0,66724.0,1527400.0,91.0,333624.0,94.0,225925.0,238756.0,1861024.0,Small
372,2025 Q2,2025-06-30,Fine_Dine_Meat,257275.0,261725.0,57269.0,57269.0,1308625.0,91.0,286346.0,94.0,200006.0,204456.0,1594971.0,Small
372,2025 Q3,2025-09-30,Fine_Dine_Meat,202619.0,204873.0,44333.0,44333.0,1024368.0,92.0,221669.0,94.0,158286.0,160540.0,1246037.0,Small
373,2024 Q2,2024-06-30,Fine_Dine_Meat,342774.0,347289.0,91129.72,91129.72,1736445.0,91.0,455649.6,102.0,251644.28,256159.28,2192094.6,Medium
373,2024 Q3,2024-09-30,Fine_Dine_Meat,321620.0,321620.0,77439.0,77439.0,1608104.0,92.0,387198.0,94.0,244181.0,244181.0,1995302.0,Medium
373,2024 Q4,2024-12-31,Fine_Dine_Meat,415627.0,415627.0,97061.0,97061.0,2078136.0,92.0,485308.0,94.0,318566.0,318566.0,2563444.0,Medium
373,2025 Q1,2025-03-31,Fine_Dine_Meat,379166.0,385331.0,91384.0,91384.0,1926659.0,91.0,456920.0,94.0,287782.0,293947.0,2383579.0,Medium
373,2025 Q2,2025-06-30,Fine_Dine_Meat,304818.0,304818.0,74402.0,74402.0,1524094.0,91.0,372011.0,94.0,230416.0,230416.0,1896105.0,Medium
373,2025 Q3,2025-09-30,Fine_Dine_Meat,281526.0,281526.0,67550.0,67550.0,1407633.0,92.0,337753.0,94.0,213976.0,213976.0,1745386.0,Medium
374,2024 Q2,2024-06-30,Fine_Dine_Meat,184717.0,184717.0,40753.39,40753.39,923589.0,91.0,240863.45,104.0,143963.61,143963.61,1164452.45,Small
374,2024 Q3,2024-09-30,Fine_Dine_Meat,184968.0,184968.0,36334.0,36334.0,924840.0,92.0,217012.0,94.0,148634.0,148634.0,1141852.0,Small
374,2024 Q4,2024-12-31,Fine_Dine_Meat,260631.0,260631.0,51154.0,51154.0,1303156.0,92.0,297317.0,94.0,209477.0,209477.0,1600473.0,Small
374,2025 Q1,2025-03-31,Fine_Dine_Meat,264453.0,264453.0,53763.0,53763.0,1322268.0,91.0,305489.0,94.0,210690.0,210690.0,1627757.0,Small
374,2025 Q2,2025-06-30,Fine_Dine_Meat,230823.0,230823.0,44949.0,44949.0,1154117.0,91.0,267760.36,95.0,185874.0,185874.0,1421877.36,Small
374,2025 Q3,2025-09-30,Fine_Dine_Meat,235914.0,235914.0,43691.0,43691.0,1179573.0,92.0,262331.0,94.0,192223.0,192223.0,1441904.0,Small
375,2024 Q2,2024-06-30,Fine_Dine_Meat,162019.0,162019.0,38541.0,38541.0,810099.0,91.0,192706.0,101.0,123478.0,123478.0,1002805.0,Small
375,2024 Q3,2024-09-30,Fine_Dine_Meat,165179.0,165179.0,37109.0,37109.0,825898.0,92.0,185546.0,94.0,128070.0,128070.0,1011444.0,Small
375,2024 Q4,2024-12-31,Fine_Dine_Meat,233847.0,233847.0,50150.0,50150.0,1169237.0,92.0,250754.0,94.0,183697.0,183697.0,1419991.0,Small
375,2025 Q1,2025-03-31,Fine_Dine_Meat,235998.0,235998.0,50892.0,50892.0,1179993.0,91.0,254463.0,94.0,185106.0,185106.0,1434456.0,Small
375,2025 Q2,2025-06-30,Fine_Dine_Meat,203479.0,203479.0,44658.0,44658.0,1017398.0,91.0,223290.0,94.0,158821.0,158821.0,1240688.0,Small
375,2025 Q3,2025-09-30,Fine_Dine_Meat,204916.0,204916.0,43539.0,43539.0,1024583.0,92.0,217697.0,94.0,161377.0,161377.0,1242280.0,Small
376,2024 Q2,2024-06-30,Fine_Dine_Meat,131092.0,169369.0,45992.0,45992.0,846849.0,91.0,229962.0,101.0,85100.0,123377.0,1076811.0,Small
376,2024 Q3,2024-09-30,Fine_Dine_Meat,155780.0,167686.0,42790.0,42790.0,838430.0,92.0,213954.0,94.0,112990.0,124896.0,1052384.0,Small
376,2024 Q4,2024-12-31,Fine_Dine_Meat,171852.0,188848.0,47225.0,47225.0,944240.0,92.0,236127.0,94.0,124627.0,141623.0,1180367.0,Small
376,2025 Q1,2025-03-31,Fine_Dine_Meat,120829.0,153142.0,39883.0,39883.0,765712.0,91.0,199417.0,94.0,80946.0,113259.0,965129.0,Small
376,2025 Q2,2025-06-30,Fine_Dine_Meat,106536.0,136410.0,36517.0,36516.0,682052.0,91.0,182584.0,94.0,70019.0,99894.0,864636.0,Small
376,2025 Q3,2025-09-30,Fine_Dine_Meat,151654.0,162545.0,40947.0,40947.0,812728.0,92.0,204735.0,94.0,110707.0,121598.0,1017463.0,Small
377,2024 Q2,2024-06-30,Fine_Dine_Meat,145616.0,168537.0,45578.0,45578.0,842686.0,91.0,227893.0,101.0,100038.0,122959.0,1070579.0,Small
377,2024 Q3,2024-09-30,Fine_Dine_Meat,142240.0,160180.0,42695.67,42695.67,800902.0,92.0,213482.37,95.0,99544.33,117484.33,1014384.37,Small
377,2024 Q4,2024-12-31,Fine_Dine_Meat,183780.0,212463.0,52704.0,52704.0,1062319.0,92.0,263523.0,94.0,131076.0,159759.0,1325842.0,Small
377,2025 Q1,2025-03-31,Fine_Dine_Meat,172770.0,202070.0,50623.0,50623.0,1010350.0,91.0,253115.0,94.0,122147.0,151447.0,1263465.0,Small
377,2025 Q2,2025-06-30,Fine_Dine_Meat,145862.0,164259.0,42660.58,42660.58,821296.0,91.0,213305.91,95.0,103201.42,121598.42,1034601.91,Small
377,2025 Q3,2025-09-30,Fine_Dine_Meat,134111.0,156123.0,39240.0,39240.0,780619.0,92.0,196204.0,94.0,94871.0,116883.0,976823.0,Small
378,2024 Q2,2024-06-30,Fine_Dine_Meat,141570.0,141570.0,35353.0,35353.0,707854.0,91.0,185733.0,101.0,106217.0,106217.0,893587.0,Small
378,2024 Q3,2024-09-30,Fine_Dine_Meat,139216.0,139216.0,33011.0,33011.0,696081.0,92.0,173729.0,94.0,106205.0,106205.0,869810.0,Small
378,2024 Q4,2024-12-31,Fine_Dine_Meat,191957.0,191956.0,43809.0,43809.0,959784.0,92.0,227847.0,94.0,148148.0,148147.0,1187631.0,Small
378,2025 Q1,2025-03-31,Fine_Dine_Meat,190336.0,190336.0,43941.0,43941.0,951684.0,91.0,227719.0,94.0,146395.0,146395.0,1179403.0,Small
378,2025 Q2,2025-06-30,Fine_Dine_Meat,162179.0,162179.0,37744.0,37744.0,810899.0,91.0,198407.0,94.0,124435.0,124435.0,1009306.0,Small
378,2025 Q3,2025-09-30,Fine_Dine_Meat,162139.0,162139.0,36517.0,36517.0,810695.0,92.0,192432.0,94.0,125622.0,125622.0,1003127.0,Small
379,2024 Q2,2024-06-30,Fine_Dine_Meat,311327.0,315108.0,83177.48,83177.48,1575541.0,91.0,462657.38,102.0,228149.52,231930.52,2038198.38,Medium
379,2024 Q3,2024-09-30,Fine_Dine_Meat,306286.0,311583.0,76953.0,76953.0,1557916.0,92.0,430957.0,94.0,229333.0,234630.0,1988873.0,Medium
379,2024 Q4,2024-12-31,Fine_Dine_Meat,430952.0,430952.0,104586.0,104586.0,2154762.0,92.0,579312.0,94.0,326366.0,326366.0,2734074.0,Medium
379,2025 Q1,2025-03-31,Fine_Dine_Meat,422322.0,427451.0,106945.0,106945.0,2137257.0,91.0,582246.0,94.0,315377.0,320506.0,2719503.0,Medium
379,2025 Q2,2025-06-30,Fine_Dine_Meat,358234.0,363320.0,89437.0,89437.0,1816603.0,91.0,498027.0,94.0,268797.0,273883.0,2314630.0,Medium
379,2025 Q3,2025-09-30,Fine_Dine_Meat,355614.0,361396.0,85360.0,85360.0,1806981.0,92.0,478987.0,94.0,270254.0,276036.0,2285968.0,Medium
380,2024 Q2,2024-06-30,Fine_Dine_Meat,273724.0,371403.0,94331.0,94331.0,1857015.0,91.0,471657.0,101.0,179393.0,277072.0,2328672.0,Medium
380,2024 Q3,2024-09-30,Fine_Dine_Meat,251444.0,333039.0,80208.0,80208.0,1665199.0,92.0,401042.0,94.0,171236.0,252831.0,2066241.0,Medium
380,2024 Q4,2024-12-31,Fine_Dine_Meat,286507.0,390869.0,92901.0,92901.0,1954349.0,92.0,464508.0,94.0,193606.0,297968.0,2418857.0,Medium
380,2025 Q1,2025-03-31,Fine_Dine_Meat,296930.0,401800.0,96518.0,96519.0,2009001.0,91.0,482595.0,94.0,200412.0,305281.0,2491596.0,Medium
380,2025 Q2,2025-06-30,Fine_Dine_Meat,286196.0,375093.0,93581.42,93581.42,1875467.0,91.0,467907.09,95.0,192614.58,281511.58,2343374.09,Medium
380,2025 Q3,2025-09-30,Fine_Dine_Meat,257179.0,340184.0,80192.0,80192.0,1700920.0,92.0,400962.0,94.0,176987.0,259992.0,2101882.0,Medium
381,2024 Q2,2024-06-30,Fine_Dine_Meat,534299.0,534299.0,130063.0,130063.0,2671498.0,91.0,650316.0,101.0,404236.0,404236.0,3321814.0,Large
381,2024 Q3,2024-09-30,Fine_Dine_Meat,514153.0,514153.0,118731.0,118731.0,2570765.0,92.0,593656.0,94.0,395422.0,395422.0,3164421.0,Large
381,2024 Q4,2024-12-31,Fine_Dine_Meat,687529.0,687529.0,158372.9,158372.9,3437646.0,92.0,791866.49,95.0,529156.1,529156.1,4229512.49,Large
381,2025 Q1,2025-03-31,Fine_Dine_Meat,662668.0,662668.0,149492.0,149492.0,3313341.0,91.0,747460.0,94.0,513176.0,513176.0,4060801.0,Large
381,2025 Q2,2025-06-30,Fine_Dine_Meat,535816.0,541776.0,125076.0,125076.0,2708881.0,91.0,625381.0,94.0,410740.0,416700.0,3334262.0,Large
381,2025 Q3,2025-09-30,Fine_Dine_Meat,512783.0,512783.0,115606.0,115606.0,2563919.0,92.0,578033.0,94.0,397177.0,397177.0,3141952.0,Large
382,2024 Q2,2024-06-30,Fine_Dine_Meat,87112.0,98766.0,23649.96,23649.96,493834.0,91.0,131276.81,102.0,63462.04,75116.04000000001,625110.81,Small
382,2024 Q3,2024-09-30,Fine_Dine_Meat,82617.0,92933.0,21144.0,21144.0,464668.0,92.0,118222.0,94.0,61473.0,71789.0,582890.0,Small
382,2024 Q4,2024-12-31,Fine_Dine_Meat,153658.0,174611.0,37690.0,37690.0,873055.0,92.0,209655.0,94.0,115968.0,136921.0,1082710.0,Small
382,2025 Q1,2025-03-31,Fine_Dine_Meat,231448.0,263308.0,55359.0,55359.0,1316543.0,91.0,303182.0,94.0,176089.0,207949.0,1619725.0,Small
382,2025 Q2,2025-06-30,Fine_Dine_Meat,179702.0,204439.0,42039.0,42039.0,1022195.0,91.0,235150.0,94.0,137663.0,162400.0,1257345.0,Small
382,2025 Q3,2025-09-30,Fine_Dine_Meat,90226.0,103117.0,22798.76,22798.76,515585.0,92.0,127325.79,95.0,67427.24,80318.24,642910.79,Small
383,2024 Q2,2024-06-30,Fine_Dine_Meat,83940.0,133875.0,34420.0,34420.0,669379.0,91.0,172102.0,101.0,49520.0,99455.0,841481.0,Small
383,2024 Q3,2024-09-30,Fine_Dine_Meat,81371.0,128548.0,31616.0,31616.0,642743.0,92.0,158084.0,94.0,49755.0,96932.0,800827.0,Small
383,2024 Q4,2024-12-31,Fine_Dine_Meat,104919.0,174866.0,40578.0,40578.0,874330.0,92.0,202891.0,94.0,64341.0,134288.0,1077221.0,Small
383,2025 Q1,2025-03-31,Fine_Dine_Meat,103624.0,168495.0,39506.0,39506.0,842475.0,91.0,197533.0,94.0,64118.0,128989.0,1040008.0,Small
383,2025 Q2,2025-06-30,Fine_Dine_Meat,82666.0,133332.0,32719.0,32719.0,666661.0,91.0,163597.0,94.0,49947.0,100613.0,830258.0,Small
383,2025 Q3,2025-09-30,Fine_Dine_Meat,78677.0,128347.0,30884.0,30884.0,641737.0,92.0,154424.0,94.0,47793.0,97463.0,796161.0,Small
384,2024 Q2,2024-06-30,Fine_Dine_Meat,130452.0,132843.0,32744.0,32744.0,664219.0,91.0,194457.0,101.0,97708.0,100099.0,858676.0,Small
384,2024 Q3,2024-09-30,Fine_Dine_Meat,124139.0,126543.0,29308.0,29308.0,632717.0,92.0,175665.0,94.0,94831.0,97235.0,808382.0,Small
384,2024 Q4,2024-12-31,Fine_Dine_Meat,166268.0,168287.0,39144.0,39144.0,841437.0,92.0,228016.0,94.0,127124.0,129143.0,1069453.0,Small
384,2025 Q1,2025-03-31,Fine_Dine_Meat,157626.0,160515.0,38912.0,38912.0,802577.0,91.0,221349.0,94.0,118714.0,121603.0,1023926.0,Small
384,2025 Q2,2025-06-30,Fine_Dine_Meat,130921.0,130921.0,30787.0,30787.0,654607.0,91.0,182487.0,94.0,100134.0,100134.0,837094.0,Small
384,2025 Q3,2025-09-30,Fine_Dine_Meat,122797.0,124921.0,28295.0,28295.0,624606.0,92.0,170935.43,95.0,94502.0,96626.0,795541.4299999999,Small
385,2024 Q2,2024-06-30,Fine_Dine_Meat,199605.0,202645.0,52597.0,52597.0,1013226.0,91.0,262985.0,101.0,147008.0,150048.0,1276211.0,Medium
385,2024 Q3,2024-09-30,Fine_Dine_Meat,200398.0,203450.0,50110.0,50110.0,1017250.0,92.0,250554.0,94.0,150288.0,153340.0,1267804.0,Medium
385,2024 Q4,2024-12-31,Fine_Dine_Meat,278978.0,284092.0,68281.43,68281.43,1420460.0,92.0,341407.14,95.0,210696.57,215810.57,1761867.14,Medium
385,2025 Q1,2025-03-31,Fine_Dine_Meat,280131.0,283247.0,66303.0,66303.0,1416238.0,91.0,331516.0,94.0,213828.0,216944.0,1747754.0,Medium
385,2025 Q2,2025-06-30,Fine_Dine_Meat,241375.0,241375.0,57926.0,57926.0,1206877.0,91.0,289631.0,94.0,183449.0,183449.0,1496508.0,Medium
385,2025 Q3,2025-09-30,Fine_Dine_Meat,240376.0,240376.0,56329.67,56329.67,1201883.0,92.0,281648.33,95.0,184046.33,184046.33,1483531.33,Medium
386,2024 Q2,2024-06-30,Fine_Dine_Meat,710259.0,710259.0,195716.18,195716.18,3551297.0,91.0,978584.88,102.0,514542.82,514542.82,4529881.88,Large
386,2024 Q3,2024-09-30,Fine_Dine_Meat,693887.0,693887.0,174236.0,174236.0,3469438.0,92.0,871182.0,94.0,519651.0,519651.0,4340620.0,Large
386,2024 Q4,2024-12-31,Fine_Dine_Meat,947793.0,947793.0,232782.0,232782.0,4738967.0,92.0,1163913.0,94.0,715011.0,715011.0,5902880.0,Large
386,2025 Q1,2025-03-31,Fine_Dine_Meat,928616.0,928616.0,232743.98,232743.98,4643083.0,91.0,1163719.88,95.0,695872.02,695872.02,5806802.88,Large
386,2025 Q2,2025-06-30,Fine_Dine_Meat,779265.0,779265.0,202189.63,202189.63,3896326.0,91.0,1010952.16,95.0,577075.37,577075.37,4907278.16,Large
386,2025 Q3,2025-09-30,Fine_Dine_Meat,765266.0,765266.0,185740.0,185740.0,3826330.0,92.0,928702.0,94.0,579526.0,579526.0,4755032.0,Large
387,2024 Q2,2024-06-30,Fine_Dine_Meat,150396.0,150396.0,40030.0,40030.0,751981.0,91.0,200151.0,101.0,110366.0,110366.0,952132.0,Small
387,2024 Q3,2024-09-30,Fine_Dine_Meat,146500.0,146500.0,36974.0,36974.0,732502.0,92.0,184874.0,94.0,109526.0,109526.0,917376.0,Small
387,2024 Q4,2024-12-31,Fine_Dine_Meat,199420.0,199420.0,48512.0,48512.0,997102.0,92.0,242563.0,94.0,150908.0,150908.0,1239665.0,Small
387,2025 Q1,2025-03-31,Fine_Dine_Meat,194669.0,194669.0,47878.0,47878.0,973348.0,91.0,239392.0,94.0,146791.0,146791.0,1212740.0,Small
387,2025 Q2,2025-06-30,Fine_Dine_Meat,162712.0,162712.0,40780.0,40780.0,813561.0,91.0,203904.0,94.0,121932.0,121932.0,1017465.0,Small
387,2025 Q3,2025-09-30,Fine_Dine_Meat,159158.0,159158.0,38751.0,38751.0,795792.0,92.0,193758.0,94.0,120407.0,120407.0,989550.0,Small
388,2024 Q2,2024-06-30,Fine_Dine_Meat,148712.0,150671.0,32017.0,32017.0,753355.0,91.0,190409.0,101.0,116695.0,118654.0,943764.0,Small
388,2024 Q3,2024-09-30,Fine_Dine_Meat,207884.0,210622.0,39197.0,39197.0,1053113.0,92.0,237940.0,94.0,168687.0,171425.0,1291053.0,Small
388,2024 Q4,2024-12-31,Fine_Dine_Meat,237669.0,237669.0,44494.0,44494.0,1188346.0,92.0,260318.0,94.0,193175.0,193175.0,1448664.0,Small
388,2025 Q1,2025-03-31,Fine_Dine_Meat,110653.0,110653.0,25818.0,25818.0,553267.0,91.0,145583.0,94.0,84835.0,84835.0,698850.0,Small
388,2025 Q2,2025-06-30,Fine_Dine_Meat,93249.0,94382.0,20947.0,20947.0,471913.0,91.0,121631.0,94.0,72302.0,73435.0,593544.0,Small
388,2025 Q3,2025-09-30,Fine_Dine_Meat,93255.0,94483.0,20515.0,20515.0,472415.0,92.0,121068.0,94.0,72740.0,73968.0,593483.0,Small
389,2024 Q2,2024-06-30,Fine_Dine_Meat,190687.0,192808.0,41104.05,41104.05,964040.0,91.0,229615.23,102.0,149582.95,151703.95,1193655.23,Small
389,2024 Q3,2024-09-30,Fine_Dine_Meat,179117.0,179117.0,34720.0,34720.0,895589.0,92.0,195995.0,94.0,144397.0,144397.0,1091584.0,Small
389,2024 Q4,2024-12-31,Fine_Dine_Meat,232226.0,232226.0,44676.0,44676.0,1161131.0,92.0,248976.0,94.0,187550.0,187550.0,1410107.0,Small
389,2025 Q1,2025-03-31,Fine_Dine_Meat,216009.0,216009.0,43142.0,43142.0,1080045.0,91.0,235944.0,94.0,172867.0,172867.0,1315989.0,Small
389,2025 Q2,2025-06-30,Fine_Dine_Meat,171495.0,171495.0,34008.0,34008.0,857478.0,91.0,190244.0,94.0,137487.0,137487.0,1047722.0,Small
389,2025 Q3,2025-09-30,Fine_Dine_Meat,159018.0,159018.0,30573.0,30573.0,795092.0,92.0,172278.0,94.0,128445.0,128445.0,967370.0,Small
390,2024 Q2,2024-06-30,Fine_Dine_Meat,199007.0,199007.0,49628.0,49628.0,995037.0,91.0,248141.0,101.0,149379.0,149379.0,1243178.0,Small
390,2024 Q3,2024-09-30,Fine_Dine_Meat,209125.0,209125.0,47624.0,47624.0,1045628.0,92.0,238124.0,94.0,161501.0,161501.0,1283752.0,Small
390,2024 Q4,2024-12-31,Fine_Dine_Meat,113702.0,113702.0,27925.0,27925.0,568514.0,92.0,139628.0,94.0,85777.0,85777.0,708142.0,Small
390,2025 Q1,2025-03-31,Fine_Dine_Meat,142894.0,144923.0,36094.14,36094.14,724618.0,91.0,180470.71,95.0,106799.86,108828.86,905088.71,Small
390,2025 Q2,2025-06-30,Fine_Dine_Meat,115776.0,115776.0,29115.0,29115.0,578881.0,91.0,145575.0,94.0,86661.0,86661.0,724456.0,Small
390,2025 Q3,2025-09-30,Fine_Dine_Meat,98737.0,98737.0,26290.0,26290.0,493685.0,92.0,131452.0,95.0,72447.0,72447.0,625137.0,Small
391,2024 Q2,2024-06-30,Fine_Dine_Meat,211218.0,211218.0,41117.0,41117.0,1056094.0,91.0,232064.0,101.0,170101.0,170101.0,1288158.0,Small
391,2024 Q3,2024-09-30,Fine_Dine_Meat,142512.0,144243.0,27158.0,27158.0,721216.0,92.0,153843.0,94.0,115354.0,117085.0,875059.0,Small
391,2024 Q4,2024-12-31,Fine_Dine_Meat,151655.0,151655.0,29712.0,29712.0,758277.0,92.0,165726.0,94.0,121943.0,121943.0,924003.0,Small
391,2025 Q1,2025-03-31,Fine_Dine_Meat,219596.0,219596.0,42295.0,42295.0,1097984.0,91.0,232589.0,94.0,177301.0,177301.0,1330573.0,Small
391,2025 Q2,2025-06-30,Fine_Dine_Meat,204120.0,207228.0,38403.0,38403.0,1036143.0,91.0,216473.0,94.0,165717.0,168825.0,1252616.0,Small
391,2025 Q3,2025-09-30,Fine_Dine_Meat,133485.0,133485.0,25225.0,25225.0,667427.0,92.0,142697.0,94.0,108260.0,108260.0,810124.0,Small
392,2024 Q2,2024-06-30,Fine_Dine_Meat,213113.0,213113.0,52887.54,52887.54,1065569.0,91.0,278361.71,103.0,160225.46,160225.46,1343930.71,Small
392,2024 Q3,2024-09-30,Fine_Dine_Meat,144409.0,144409.0,31529.0,31529.0,722046.0,92.0,166013.0,94.0,112880.0,112880.0,888059.0,Small
392,2024 Q4,2024-12-31,Fine_Dine_Meat,182339.0,182339.0,41555.0,41555.0,911699.0,92.0,215946.0,94.0,140784.0,140784.0,1127645.0,Small
392,2025 Q1,2025-03-31,Fine_Dine_Meat,164770.0,164770.0,39074.0,39074.0,823852.0,91.0,202384.0,94.0,125696.0,125696.0,1026236.0,Small
392,2025 Q2,2025-06-30,Fine_Dine_Meat,119415.0,119415.0,28865.0,28865.0,597076.0,91.0,151313.0,94.0,90550.0,90550.0,748389.0,Small
392,2025 Q3,2025-09-30,Fine_Dine_Meat,195559.0,195559.0,42674.0,42674.0,977796.0,92.0,225081.0,94.0,152885.0,152885.0,1202877.0,Small
393,2024 Q2,2024-06-30,Fine_Dine_Meat,299548.0,299548.0,73908.0,73908.0,1497740.0,91.0,369542.0,101.0,225640.0,225640.0,1867282.0,Medium
393,2024 Q3,2024-09-30,Fine_Dine_Meat,292383.0,292383.0,68426.0,68426.0,1461915.0,92.0,342132.0,94.0,223957.0,223957.0,1804047.0,Medium
393,2024 Q4,2024-12-31,Fine_Dine_Meat,399244.0,399244.0,89868.0,89868.0,1996221.0,92.0,449342.0,94.0,309376.0,309376.0,2445563.0,Medium
393,2025 Q1,2025-03-31,Fine_Dine_Meat,385789.0,391268.0,88990.0,88990.0,1956340.0,91.0,444954.0,94.0,296799.0,302278.0,2401294.0,Medium
393,2025 Q2,2025-06-30,Fine_Dine_Meat,328602.0,328602.0,76218.0,76218.0,1643010.0,91.0,381090.0,94.0,252384.0,252384.0,2024100.0,Medium
393,2025 Q3,2025-09-30,Fine_Dine_Meat,323091.0,323091.0,75089.6,75089.6,1615455.0,92.0,375450.99,95.0,248001.4,248001.4,1990905.99,Medium
394,2024 Q2,2024-06-30,Fine_Dine_Meat,261937.0,266467.0,61595.76,61595.76,1332336.0,91.0,342141.77,103.0,200341.24,204871.24,1674477.77,Medium
394,2024 Q3,2024-09-30,Fine_Dine_Meat,239032.0,243413.0,53045.0,53045.0,1217066.0,92.0,296457.0,94.0,185987.0,190368.0,1513523.0,Medium
394,2024 Q4,2024-12-31,Fine_Dine_Meat,299104.0,309952.0,66418.0,66418.0,1549760.0,92.0,367142.0,94.0,232686.0,243534.0,1916902.0,Medium
394,2025 Q1,2025-03-31,Fine_Dine_Meat,278419.0,282946.0,63709.41,63709.41,1414731.0,91.0,345739.04,95.0,214709.59,219236.59,1760470.04,Medium
394,2025 Q2,2025-06-30,Fine_Dine_Meat,215944.0,219902.0,49541.0,49541.0,1099514.0,91.0,274273.0,94.0,166403.0,170361.0,1373787.0,Medium
394,2025 Q3,2025-09-30,Fine_Dine_Meat,195284.0,199066.0,44034.0,44034.0,995332.0,92.0,245134.0,94.0,151250.0,155032.0,1240466.0,Medium
395,2024 Q2,2024-06-30,Fine_Dine_Meat,309352.0,309352.0,73909.0,73909.0,1546761.0,91.0,410990.0,101.0,235443.0,235443.0,1957751.0,Medium
395,2024 Q3,2024-09-30,Fine_Dine_Meat,273720.0,273720.0,62201.61,62201.61,1368600.0,92.0,347581.03,95.0,211518.39,211518.39,1716181.03,Medium
395,2024 Q4,2024-12-31,Fine_Dine_Meat,312181.0,315653.0,71669.0,71669.0,1578266.0,92.0,395541.0,94.0,240512.0,243984.0,1973807.0,Medium
395,2025 Q1,2025-03-31,Fine_Dine_Meat,292310.0,292310.0,72642.24,72642.24,1461550.0,91.0,392709.22,95.0,219667.76,219667.76,1854259.22,Medium
395,2025 Q2,2025-06-30,Fine_Dine_Meat,270956.0,270956.0,63146.0,63146.0,1354780.0,91.0,350287.0,94.0,207810.0,207810.0,1705067.0,Medium
395,2025 Q3,2025-09-30,Fine_Dine_Meat,292819.0,292819.0,64593.0,64593.0,1464097.0,92.0,361267.0,94.0,228226.0,228226.0,1825364.0,Medium
396,2024 Q2,2024-06-30,Fine_Dine_Meat,332608.0,374558.0,92121.0,92121.0,1872790.0,91.0,485537.0,101.0,240487.0,282437.0,2358327.0,Medium
396,2024 Q3,2024-09-30,Fine_Dine_Meat,299752.0,343358.0,80548.0,80548.0,1716790.0,92.0,425275.0,94.0,219204.0,262810.0,2142065.0,Medium
396,2024 Q4,2024-12-31,Fine_Dine_Meat,343573.0,438790.0,101495.0,101495.0,2193952.0,92.0,528632.0,94.0,242078.0,337295.0,2722584.0,Medium
396,2025 Q1,2025-03-31,Fine_Dine_Meat,351345.0,401997.0,94956.0,94956.0,2009989.0,91.0,492580.0,94.0,256389.0,307041.0,2502569.0,Medium
396,2025 Q2,2025-06-30,Fine_Dine_Meat,276954.0,313651.0,75262.0,75262.0,1568259.0,91.0,395973.0,94.0,201692.0,238389.0,1964232.0,Medium
396,2025 Q3,2025-09-30,Fine_Dine_Meat,257763.0,285136.0,67372.0,67372.0,1425680.0,92.0,355160.0,94.0,190391.0,217764.0,1780840.0,Medium
397,2024 Q2,2024-06-30,Fine_Dine_Meat,96498.0,121841.0,32877.0,32877.0,609206.0,91.0,173135.0,101.0,63621.0,88964.0,782341.0,Small
397,2024 Q3,2024-09-30,Fine_Dine_Meat,82663.0,105978.0,25962.0,25962.0,529894.0,92.0,136774.0,94.0,56701.0,80016.0,666668.0,Small
397,2024 Q4,2024-12-31,Fine_Dine_Meat,115579.0,147988.0,35904.0,35904.0,739941.0,92.0,186800.0,94.0,79675.0,112084.0,926741.0,Small
397,2025 Q1,2025-03-31,Fine_Dine_Meat,140917.0,180432.0,45304.0,45304.0,902162.0,91.0,235202.0,94.0,95613.0,135128.0,1137364.0,Small
397,2025 Q2,2025-06-30,Fine_Dine_Meat,162278.0,204897.0,48013.0,48013.0,1024487.0,91.0,253216.0,94.0,114265.0,156884.0,1277703.0,Small
397,2025 Q3,2025-09-30,Fine_Dine_Meat,101290.0,129693.0,30650.0,30650.0,648468.0,92.0,161873.0,94.0,70640.0,99043.0,810341.0,Small
398,2024 Q2,2024-06-30,Fine_Dine_Meat,190372.0,190372.0,52755.0,52755.0,951861.0,91.0,263778.0,101.0,137617.0,137617.0,1215639.0,Medium
398,2024 Q3,2024-09-30,Fine_Dine_Meat,199687.0,199687.0,52105.0,52105.0,998435.0,92.0,260528.0,94.0,147582.0,147582.0,1258963.0,Medium
398,2024 Q4,2024-12-31,Fine_Dine_Meat,289515.0,289515.0,70844.0,70844.0,1447575.0,92.0,354224.0,94.0,218671.0,218671.0,1801799.0,Medium
398,2025 Q1,2025-03-31,Fine_Dine_Meat,297999.0,297999.0,73276.92,73276.92,1489998.0,91.0,366385.58,95.0,224722.08,224722.08,1856383.58,Medium
398,2025 Q2,2025-06-30,Fine_Dine_Meat,261584.0,261584.0,65390.0,65390.0,1307924.0,91.0,326950.0,94.0,196194.0,196194.0,1634874.0,Medium
398,2025 Q3,2025-09-30,Fine_Dine_Meat,267714.0,267714.0,64673.0,64673.0,1338572.0,92.0,323365.0,94.0,203041.0,203041.0,1661937.0,Medium
399,2024 Q2,2024-06-30,Fine_Dine_Meat,265825.0,297343.0,71234.0,71234.0,1486719.0,91.0,398814.0,101.0,194591.0,226109.0,1885533.0,Medium
399,2024 Q3,2024-09-30,Fine_Dine_Meat,253056.0,293228.0,66189.0,66189.0,1466142.0,92.0,372956.0,94.0,186867.0,227039.0,1839098.0,Medium
399,2024 Q4,2024-12-31,Fine_Dine_Meat,351580.0,405982.0,88555.0,88555.0,2029910.0,92.0,494114.0,94.0,263025.0,317427.0,2524024.0,Medium
399,2025 Q1,2025-03-31,Fine_Dine_Meat,359991.0,404484.0,90838.0,90838.0,2022421.0,91.0,497658.0,94.0,269153.0,313646.0,2520079.0,Medium
399,2025 Q2,2025-06-30,Fine_Dine_Meat,302038.0,346374.0,77194.0,77194.0,1731873.0,91.0,432835.0,94.0,224844.0,269180.0,2164708.0,Medium
399,2025 Q3,2025-09-30,Fine_Dine_Meat,305598.0,347666.0,74369.0,74369.0,1738332.0,92.0,420357.0,94.0,231229.0,273297.0,2158689.0,Medium
400,2024 Q2,2024-06-30,Fine_Dine_Meat,198699.0,202341.0,54464.0,54464.0,1011708.0,91.0,272323.0,101.0,144235.0,147877.0,1284031.0,Medium
400,2024 Q3,2024-09-30,Fine_Dine_Meat,205991.0,209128.0,53229.0,53229.0,1045644.0,92.0,266147.0,94.0,152762.0,155899.0,1311791.0,Medium
400,2024 Q4,2024-12-31,Fine_Dine_Meat,295039.0,299533.0,70706.0,70706.0,1497665.0,92.0,353532.0,94.0,224333.0,228827.0,1851197.0,Medium
400,2025 Q1,2025-03-31,Fine_Dine_Meat,300068.0,305257.0,72242.0,72242.0,1526287.0,91.0,361212.0,94.0,227826.0,233015.0,1887499.0,Medium
400,2025 Q2,2025-06-30,Fine_Dine_Meat,265572.0,265572.0,64456.0,64456.0,1327864.0,91.0,322282.0,94.0,201116.0,201116.0,1650146.0,Medium
400,2025 Q3,2025-09-30,Fine_Dine_Meat,269646.0,269646.0,63407.0,63407.0,1348234.0,92.0,317038.0,94.0,206239.0,206239.0,1665272.0,Medium
401,2024 Q2,2024-06-30,Fine_Dine_Meat,415686.0,537757.0,133153.01,133153.01,2688786.0,91.0,665766.05,102.0,282532.99,404603.99,3354552.05,Large
401,2024 Q3,2024-09-30,Fine_Dine_Meat,357441.0,560252.0,130281.8,130281.8,2801261.0,92.0,651412.98,95.0,227159.2,429970.2,3452673.98,Large
401,2024 Q4,2024-12-31,Fine_Dine_Meat,402141.0,815700.0,180855.0,180855.0,4078504.0,92.0,904276.0,94.0,221286.0,634845.0,4982780.0,Large
401,2025 Q1,2025-03-31,Fine_Dine_Meat,496886.0,777598.0,179738.5,179738.5,3887994.0,91.0,898696.48,95.0,317147.5,597859.5,4786690.48,Large
401,2025 Q2,2025-06-30,Fine_Dine_Meat,458230.0,584477.0,135185.48,135185.48,2922387.0,91.0,675930.42,95.0,323044.52,449291.52,3598317.42,Large
401,2025 Q3,2025-09-30,Fine_Dine_Meat,338203.0,525160.0,119377.0,119377.0,2625804.0,92.0,596887.0,94.0,218826.0,405783.0,3222691.0,Large
402,2024 Q2,2024-06-30,Fine_Dine_Meat,272132.0,276276.0,75127.0,75127.0,1381381.0,91.0,375637.0,101.0,197005.0,201149.0,1757018.0,Medium
402,2024 Q3,2024-09-30,Fine_Dine_Meat,264205.0,264205.0,68470.0,68470.0,1321027.0,92.0,342352.0,94.0,195735.0,195735.0,1663379.0,Medium
402,2024 Q4,2024-12-31,Fine_Dine_Meat,351837.0,356110.0,88677.0,88677.0,1780553.0,92.0,443389.0,94.0,263160.0,267433.0,2223942.0,Medium
402,2025 Q1,2025-03-31,Fine_Dine_Meat,337969.0,337969.0,85460.0,85460.0,1689847.0,91.0,427303.0,94.0,252509.0,252509.0,2117150.0,Medium
402,2025 Q2,2025-06-30,Fine_Dine_Meat,275545.0,275545.0,71354.0,71354.0,1377725.0,91.0,356770.0,94.0,204191.0,204191.0,1734495.0,Medium
402,2025 Q3,2025-09-30,Fine_Dine_Meat,265076.0,265076.0,69569.27,69569.27,1325380.0,92.0,347850.33,95.0,195506.73,195506.73,1673230.33,Medium
403,2024 Q2,2024-06-30,Fine_Dine_Meat,319911.0,319911.0,83716.94,83715.94,1599555.0,91.0,418583.71,102.0,236194.06,236195.06,2018138.71,Medium
403,2024 Q3,2024-09-30,Fine_Dine_Meat,311519.0,311519.0,76879.0,76879.0,1557597.0,92.0,384396.0,94.0,234640.0,234640.0,1941993.0,Medium
403,2024 Q4,2024-12-31,Fine_Dine_Meat,426037.0,426037.0,102022.0,102022.0,2130187.0,92.0,510114.0,94.0,324015.0,324015.0,2640301.0,Medium
403,2025 Q1,2025-03-31,Fine_Dine_Meat,420426.0,420426.0,101685.0,101685.0,2102132.0,91.0,508427.0,94.0,318741.0,318741.0,2610559.0,Medium
403,2025 Q2,2025-06-30,Fine_Dine_Meat,358191.0,358191.0,88540.24,88540.24,1790958.0,91.0,442705.19,95.0,269650.76,269650.76,2233663.19,Medium
403,2025 Q3,2025-09-30,Fine_Dine_Meat,360304.0,360304.0,88196.31,88196.31,1801520.0,92.0,440985.54,95.0,272107.69,272107.69,2242505.54,Medium
404,2024 Q2,2024-06-30,Fine_Dine_Meat,199786.0,199786.0,50776.0,50776.0,998930.0,91.0,253881.0,101.0,149010.0,149010.0,1252811.0,Small
404,2024 Q3,2024-09-30,Fine_Dine_Meat,190483.0,194172.0,48681.62,48681.62,970860.0,92.0,243411.1,95.0,141801.38,145490.38,1214271.1,Small
404,2024 Q4,2024-12-31,Fine_Dine_Meat,258303.0,264384.0,61559.0,61559.0,1321920.0,92.0,307798.0,94.0,196744.0,202825.0,1629718.0,Small
404,2025 Q1,2025-03-31,Fine_Dine_Meat,258917.0,258917.0,60839.0,60839.0,1294587.0,91.0,304196.0,94.0,198078.0,198078.0,1598783.0,Small
404,2025 Q2,2025-06-30,Fine_Dine_Meat,212857.0,217868.0,52128.0,52128.0,1089343.0,91.0,260641.0,94.0,160729.0,165740.0,1349984.0,Small
404,2025 Q3,2025-09-30,Fine_Dine_Meat,212704.0,215287.0,49982.0,49982.0,1076438.0,92.0,249910.0,94.0,162722.0,165305.0,1326348.0,Small
405,2024 Q2,2024-06-30,Fine_Dine_Meat,705388.0,715404.0,163589.0,163589.0,3577020.0,91.0,817946.0,101.0,541799.0,551815.0,4394966.0,Large
405,2024 Q3,2024-09-30,Fine_Dine_Meat,764003.0,764003.0,164357.31,164357.31,3820018.0,92.0,821788.57,95.0,599645.69,599645.69,4641806.57,Large
405,2024 Q4,2024-12-31,Fine_Dine_Meat,984591.0,1001619.0,206942.0,206942.0,5008099.0,92.0,1034710.0,94.0,777649.0,794677.0,6042809.0,Large
405,2025 Q1,2025-03-31,Fine_Dine_Meat,837821.0,851444.0,179842.0,179842.0,4257223.0,91.0,899211.0,94.0,657979.0,671602.0,5156434.0,Large
405,2025 Q2,2025-06-30,Fine_Dine_Meat,643921.0,643921.0,141272.0,141272.0,3219606.0,91.0,706363.0,94.0,502649.0,502649.0,3925969.0,Large
405,2025 Q3,2025-09-30,Fine_Dine_Meat,669538.0,669538.0,141837.0,141837.0,3347691.0,92.0,709187.0,94.0,527701.0,527701.0,4056878.0,Large
406,2024 Q2,2024-06-30,Fine_Dine_Meat,407974.0,414187.0,106791.0,106791.0,2070939.0,91.0,533957.0,101.0,301183.0,307396.0,2604896.0,Large
406,2024 Q3,2024-09-30,Fine_Dine_Meat,430779.0,430779.0,103833.0,103832.0,2153899.0,92.0,519164.0,94.0,326946.0,326947.0,2673063.0,Large
406,2024 Q4,2024-12-31,Fine_Dine_Meat,507204.0,507204.0,118933.0,118933.0,2536020.0,92.0,594669.0,94.0,388271.0,388271.0,3130689.0,Large
406,2025 Q1,2025-03-31,Fine_Dine_Meat,386910.0,392404.0,96661.0,96661.0,1962021.0,91.0,483308.0,94.0,290249.0,295743.0,2445329.0,Large
406,2025 Q2,2025-06-30,Fine_Dine_Meat,299782.0,303730.0,78909.0,78909.0,1518654.0,91.0,394548.0,94.0,220873.0,224821.0,1913202.0,Large
406,2025 Q3,2025-09-30,Fine_Dine_Meat,355926.0,355926.0,87003.0,87003.0,1779634.0,92.0,435017.0,94.0,268923.0,268923.0,2214651.0,Large
407,2024 Q2,2024-06-30,Fine_Dine_Meat,206416.0,206416.0,46753.0,46753.0,1032082.0,91.0,233765.0,101.0,159663.0,159663.0,1265847.0,Small
407,2024 Q3,2024-09-30,Fine_Dine_Meat,187469.0,187469.0,40231.0,40231.0,937346.0,92.0,201155.0,94.0,147238.0,147238.0,1138501.0,Small
407,2024 Q4,2024-12-31,Fine_Dine_Meat,181906.0,181906.0,39381.07,39381.07,909533.0,92.0,196908.37,95.0,142524.93,142524.93,1106441.37,Small
407,2025 Q1,2025-03-31,Fine_Dine_Meat,132877.0,132877.0,30588.0,30588.0,664385.0,91.0,152940.0,94.0,102289.0,102289.0,817325.0,Small
407,2025 Q2,2025-06-30,Fine_Dine_Meat,130777.0,130777.0,32589.11,32589.11,653886.0,91.0,162949.53,95.0,98187.89,98187.89,816835.53,Small
407,2025 Q3,2025-09-30,Fine_Dine_Meat,178646.0,178646.0,38206.0,38206.0,893231.0,92.0,191032.0,94.0,140440.0,140440.0,1084263.0,Small
408,2024 Q2,2024-06-30,Fine_Dine_Meat,304591.0,309544.0,79052.0,79052.0,1547724.0,91.0,440875.0,101.0,225539.0,230492.0,1988599.0,Large
408,2024 Q3,2024-09-30,Fine_Dine_Meat,317462.0,317462.0,75962.0,75962.0,1587310.0,92.0,426480.0,94.0,241500.0,241500.0,2013790.0,Large
408,2024 Q4,2024-12-31,Fine_Dine_Meat,451754.0,451754.0,103232.41,103232.41,2258774.0,92.0,574781.04,95.0,348521.59,348521.59,2833555.04,Large
408,2025 Q1,2025-03-31,Fine_Dine_Meat,452424.0,457919.0,107093.0,107093.0,2289597.0,91.0,585942.0,94.0,345331.0,350826.0,2875539.0,Large
408,2025 Q2,2025-06-30,Fine_Dine_Meat,387727.0,396449.0,92280.0,92280.0,1982245.0,91.0,516415.0,94.0,295447.0,304169.0,2498660.0,Large
408,2025 Q3,2025-09-30,Fine_Dine_Meat,400773.0,400773.0,89428.0,89428.0,2003869.0,92.0,504470.0,94.0,311345.0,311345.0,2508339.0,Large
409,2024 Q2,2024-06-30,Fine_Dine_Meat,187220.0,189494.0,45997.0,45997.0,947473.0,91.0,229986.0,101.0,141223.0,143497.0,1177459.0,Small
409,2024 Q3,2024-09-30,Fine_Dine_Meat,136287.0,138082.0,32499.0,32499.0,690412.0,92.0,162498.0,94.0,103788.0,105583.0,852910.0,Small
409,2024 Q4,2024-12-31,Fine_Dine_Meat,145245.0,147457.0,34745.0,34745.0,737288.0,92.0,173726.0,94.0,110500.0,112712.0,911014.0,Small
409,2025 Q1,2025-03-31,Fine_Dine_Meat,165120.0,167125.0,39240.0,39240.0,835628.0,91.0,196203.0,94.0,125880.0,127885.0,1031831.0,Small
409,2025 Q2,2025-06-30,Fine_Dine_Meat,171905.0,174700.0,40834.0,40834.0,873501.0,91.0,204171.0,94.0,131071.0,133866.0,1077672.0,Small
409,2025 Q3,2025-09-30,Fine_Dine_Meat,127180.0,127180.0,29980.0,29980.0,635902.0,92.0,149902.0,94.0,97200.0,97200.0,785804.0,Small
410,2024 Q2,2024-06-30,Fine_Dine_Meat,144670.0,144670.0,35725.0,35725.0,723352.0,91.0,178626.0,101.0,108945.0,108945.0,901978.0,Small
410,2024 Q3,2024-09-30,Fine_Dine_Meat,138538.0,140079.0,32890.0,32890.0,700399.0,92.0,164450.0,94.0,105648.0,107189.0,864849.0,Small
410,2024 Q4,2024-12-31,Fine_Dine_Meat,190095.0,190095.0,44488.68,44488.68,950476.0,92.0,222447.4,95.0,145606.32,145606.32,1172923.4,Small
410,2025 Q1,2025-03-31,Fine_Dine_Meat,182763.0,185735.0,42306.0,42306.0,928678.0,91.0,211532.0,94.0,140457.0,143429.0,1140210.0,Small
410,2025 Q2,2025-06-30,Fine_Dine_Meat,153183.0,156149.0,36330.0,36330.0,780749.0,91.0,181650.0,94.0,116853.0,119819.0,962399.0,Small
410,2025 Q3,2025-09-30,Fine_Dine_Meat,151669.0,154449.0,34903.0,34903.0,772249.0,92.0,174515.0,94.0,116766.0,119546.0,946764.0,Small
411,2024 Q2,2024-06-30,Fine_Dine_Meat,156804.0,160168.0,32973.0,32973.0,800840.0,91.0,197572.0,101.0,123831.0,127195.0,998412.0,Small
411,2024 Q3,2024-09-30,Fine_Dine_Meat,143855.0,146492.0,28521.0,28521.0,732463.0,92.0,172397.0,94.0,115334.0,117971.0,904860.0,Small
411,2024 Q4,2024-12-31,Fine_Dine_Meat,186773.0,186774.0,36537.0,36537.0,933870.0,92.0,214345.0,94.0,150236.0,150237.0,1148215.0,Small
411,2025 Q1,2025-03-31,Fine_Dine_Meat,167302.0,170716.0,36631.12,36631.12,853580.0,91.0,208314.61,95.0,130670.88,134084.88,1061894.61,Small
411,2025 Q2,2025-06-30,Fine_Dine_Meat,132861.0,132861.0,26875.0,26875.0,664305.0,91.0,159934.0,94.0,105986.0,105986.0,824239.0,Small
411,2025 Q3,2025-09-30,Fine_Dine_Meat,120450.0,120450.0,23789.0,23789.0,602254.0,92.0,142887.0,94.0,96661.0,96661.0,745141.0,Small
412,2024 Q2,2024-06-30,Fine_Dine_Meat,342682.0,342682.0,75195.0,75195.0,1713410.0,91.0,421155.0,101.0,267487.0,267487.0,2134565.0,Medium
412,2024 Q3,2024-09-30,Fine_Dine_Meat,331912.0,331912.0,68507.0,68507.0,1659564.0,92.0,386271.0,94.0,263405.0,263405.0,2045835.0,Medium
412,2024 Q4,2024-12-31,Fine_Dine_Meat,450747.0,450747.0,94479.24,94479.24,2253737.0,92.0,524803.22,95.0,356267.76,356267.76,2778540.22,Medium
412,2025 Q1,2025-03-31,Fine_Dine_Meat,436086.0,440936.0,92223.0,92223.0,2204682.0,91.0,504691.0,94.0,343863.0,348713.0,2709373.0,Medium
412,2025 Q2,2025-06-30,Fine_Dine_Meat,371351.0,371351.0,76761.0,76761.0,1856755.0,91.0,430010.0,94.0,294590.0,294590.0,2286765.0,Medium
412,2025 Q3,2025-09-30,Fine_Dine_Meat,368076.0,368076.0,73059.0,73060.0,1840381.0,92.0,412566.0,94.0,295017.0,295016.0,2252947.0,Medium
413,2024 Q2,2024-06-30,Fine_Dine_Meat,345587.0,345587.0,91253.0,91253.0,1727937.0,91.0,456269.0,101.0,254334.0,254334.0,2184206.0,Large
413,2024 Q3,2024-09-30,Fine_Dine_Meat,350829.0,355090.0,88506.0,88506.0,1775454.0,92.0,442532.0,94.0,262323.0,266584.0,2217986.0,Large
413,2024 Q4,2024-12-31,Fine_Dine_Meat,506135.0,506135.0,119528.0,119528.0,2530676.0,92.0,597640.0,94.0,386607.0,386607.0,3128316.0,Large
413,2025 Q1,2025-03-31,Fine_Dine_Meat,506584.0,513777.0,121818.0,121818.0,2568889.0,91.0,609093.0,94.0,384766.0,391959.0,3177982.0,Large
413,2025 Q2,2025-06-30,Fine_Dine_Meat,445417.0,445417.0,107826.0,107826.0,2227087.0,91.0,539133.0,94.0,337591.0,337591.0,2766220.0,Large
413,2025 Q3,2025-09-30,Fine_Dine_Meat,450858.0,450858.0,105609.0,105609.0,2254291.0,92.0,528047.0,94.0,345249.0,345249.0,2782338.0,Large
414,2024 Q2,2024-06-30,Fine_Dine_Meat,262740.0,267012.0,58780.0,58780.0,1335061.0,91.0,327804.0,101.0,203960.0,208232.0,1662865.0,Medium
414,2024 Q3,2024-09-30,Fine_Dine_Meat,201516.0,205419.0,49766.42,49766.42,1027099.0,92.0,276334.09,95.0,151749.58000000002,155652.58000000002,1303433.09,Medium
414,2024 Q4,2024-12-31,Fine_Dine_Meat,405644.0,421230.0,90848.03,90848.03,2106150.0,92.0,502671.19,96.0,314795.97,330381.97,2608821.19,Medium
414,2025 Q1,2025-03-31,Fine_Dine_Meat,358040.0,363492.0,78963.42,78963.42,1817461.0,91.0,430086.09,95.0,279076.58,284528.58,2247547.09,Medium
414,2025 Q2,2025-06-30,Fine_Dine_Meat,259396.0,263346.0,56658.0,56658.0,1316733.0,91.0,316424.0,94.0,202738.0,206688.0,1633157.0,Medium
414,2025 Q3,2025-09-30,Fine_Dine_Meat,237408.0,242006.0,50107.0,50107.0,1210033.0,92.0,280798.0,94.0,187301.0,191899.0,1490831.0,Medium
415,2024 Q2,2024-06-30,Fine_Dine_Meat,121723.0,121723.0,31684.0,31684.0,608619.0,91.0,158422.0,101.0,90039.0,90039.0,767041.0,Small
415,2024 Q3,2024-09-30,Fine_Dine_Meat,136784.0,136784.0,33818.0,33818.0,683924.0,92.0,169094.0,94.0,102966.0,102966.0,853018.0,Small
415,2024 Q4,2024-12-31,Fine_Dine_Meat,254579.0,254579.0,57795.0,57795.0,1272898.0,92.0,288979.0,94.0,196784.0,196784.0,1561877.0,Small
415,2025 Q1,2025-03-31,Fine_Dine_Meat,176476.0,176476.0,40903.0,40903.0,882381.0,91.0,204517.0,94.0,135573.0,135573.0,1086898.0,Small
415,2025 Q2,2025-06-30,Fine_Dine_Meat,148320.0,148320.0,35754.0,35754.0,741600.0,91.0,178774.0,94.0,112566.0,112566.0,920374.0,Small
415,2025 Q3,2025-09-30,Fine_Dine_Meat,156234.0,156234.0,38506.15,38506.15,781174.0,92.0,192531.74,95.0,117727.85,117727.85,973705.74,Small
416,2024 Q2,2024-06-30,Fine_Dine_Meat,194937.0,194937.0,41463.0,41463.0,974686.0,91.0,233044.0,101.0,153474.0,153474.0,1207730.0,Small
416,2024 Q3,2024-09-30,Fine_Dine_Meat,189068.0,189068.0,37723.0,37723.0,945341.0,92.0,213560.0,94.0,151345.0,151345.0,1158901.0,Small
416,2024 Q4,2024-12-31,Fine_Dine_Meat,254500.0,257331.0,50861.0,50861.0,1286657.0,92.0,284260.0,94.0,203639.0,206470.0,1570917.0,Small
416,2025 Q1,2025-03-31,Fine_Dine_Meat,252615.0,252615.0,51540.0,51540.0,1263075.0,91.0,282695.0,94.0,201075.0,201075.0,1545770.0,Small
416,2025 Q2,2025-06-30,Fine_Dine_Meat,211224.0,214006.0,42866.0,42866.0,1070034.0,91.0,240994.0,94.0,168358.0,171140.0,1311028.0,Small
416,2025 Q3,2025-09-30,Fine_Dine_Meat,214121.0,214122.0,41103.0,41103.0,1070610.0,92.0,233039.0,94.0,173018.0,173019.0,1303649.0,Small
417,2024 Q2,2024-06-30,Fine_Dine_Meat,275753.0,280522.0,72771.0,72771.0,1402612.0,91.0,363857.0,101.0,202982.0,207751.0,1766469.0,Medium
417,2024 Q3,2024-09-30,Fine_Dine_Meat,318854.0,325694.0,76551.0,76551.0,1628473.0,92.0,382755.0,94.0,242303.0,249143.0,2011228.0,Medium
417,2024 Q4,2024-12-31,Fine_Dine_Meat,374245.0,374245.0,86594.0,86594.0,1871227.0,92.0,432970.0,94.0,287651.0,287651.0,2304197.0,Medium
417,2025 Q1,2025-03-31,Fine_Dine_Meat,329400.0,333739.0,80236.0,80236.0,1668698.0,91.0,401184.0,94.0,249164.0,253503.0,2069882.0,Medium
417,2025 Q2,2025-06-30,Fine_Dine_Meat,256828.0,261004.0,64209.0,64209.0,1305024.0,91.0,321049.0,94.0,192619.0,196795.0,1626073.0,Medium
417,2025 Q3,2025-09-30,Fine_Dine_Meat,241801.0,246233.0,59037.0,59037.0,1231165.0,92.0,295185.0,94.0,182764.0,187196.0,1526350.0,Medium
418,2024 Q2,2024-06-30,Fine_Dine_Meat,334571.0,334571.0,82221.0,82221.0,1672856.0,91.0,454616.0,101.0,252350.0,252350.0,2127472.0,Large
418,2024 Q3,2024-09-30,Fine_Dine_Meat,321545.0,327439.0,76410.55,76410.55,1637195.0,92.0,424604.77,95.0,245134.45,251028.45,2061799.77,Large
418,2024 Q4,2024-12-31,Fine_Dine_Meat,443530.0,449828.0,105669.34,105669.34,2249144.0,92.0,579935.72,95.0,337860.66000000003,344158.66000000003,2829079.72,Large
418,2025 Q1,2025-03-31,Fine_Dine_Meat,439461.0,445249.0,102723.0,102723.0,2226246.0,91.0,557014.0,94.0,336738.0,342526.0,2783260.0,Large
418,2025 Q2,2025-06-30,Fine_Dine_Meat,375112.0,379668.0,87101.0,87101.0,1898343.0,91.0,482104.0,94.0,288011.0,292567.0,2380447.0,Large
418,2025 Q3,2025-09-30,Fine_Dine_Meat,381069.0,381069.0,83998.0,83998.0,1905348.0,92.0,471934.09,95.0,297071.0,297071.0,2377282.09,Large
419,2024 Q2,2024-06-30,Fine_Dine_Meat,151496.0,240088.0,59784.0,59784.0,1200442.0,91.0,298922.0,101.0,91712.0,180304.0,1499364.0,Small
419,2024 Q3,2024-09-30,Fine_Dine_Meat,118589.0,188236.0,43337.0,43337.0,941182.0,92.0,216685.0,94.0,75252.0,144899.0,1157867.0,Small
419,2024 Q4,2024-12-31,Fine_Dine_Meat,95576.0,151468.0,36807.59,36807.59,757341.0,92.0,184038.97,95.0,58768.41,114660.41,941379.97,Small
419,2025 Q1,2025-03-31,Fine_Dine_Meat,105334.0,167197.0,40581.0,40581.0,835986.0,91.0,202909.0,94.0,64753.0,126616.0,1038895.0,Small
419,2025 Q2,2025-06-30,Fine_Dine_Meat,99230.0,159790.0,38622.0,38622.0,798950.0,91.0,193110.0,94.0,60608.0,121168.0,992060.0,Small
419,2025 Q3,2025-09-30,Fine_Dine_Meat,68243.0,107980.0,27071.0,27071.0,539901.0,92.0,135358.0,94.0,41172.0,80909.0,675259.0,Small
420,2024 Q2,2024-06-30,Fine_Dine_Meat,145348.0,147113.0,36825.0,36825.0,735566.0,91.0,184127.0,101.0,108523.0,110288.0,919693.0,Small
420,2024 Q3,2024-09-30,Fine_Dine_Meat,133398.0,133398.0,31797.0,31797.0,666991.0,92.0,158986.0,94.0,101601.0,101601.0,825977.0,Small
420,2024 Q4,2024-12-31,Fine_Dine_Meat,168482.0,168482.0,39276.0,39276.0,842414.0,92.0,196381.0,94.0,129206.0,129206.0,1038795.0,Small
420,2025 Q1,2025-03-31,Fine_Dine_Meat,152454.0,152454.0,37475.63,37475.63,762271.0,91.0,187379.17,95.0,114978.37,114978.37,949650.17,Small
420,2025 Q2,2025-06-30,Fine_Dine_Meat,117262.0,117262.0,28621.0,28621.0,586311.0,91.0,143105.0,94.0,88641.0,88641.0,729416.0,Small
420,2025 Q3,2025-09-30,Fine_Dine_Meat,104865.0,104865.0,25226.0,25226.0,524326.0,92.0,126134.0,94.0,79639.0,79639.0,650460.0,Small
421,2024 Q2,2024-06-30,Fine_Dine_Meat,199955.0,199955.0,57038.0,57038.0,999777.0,91.0,285192.0,101.0,142917.0,142917.0,1284969.0,Medium
421,2024 Q3,2024-09-30,Fine_Dine_Meat,196335.0,196335.0,53404.0,53404.0,981676.0,92.0,267020.0,94.0,142931.0,142931.0,1248696.0,Medium
421,2024 Q4,2024-12-31,Fine_Dine_Meat,269681.0,269681.0,69066.0,69066.0,1348407.0,92.0,345331.0,94.0,200615.0,200615.0,1693738.0,Medium
421,2025 Q1,2025-03-31,Fine_Dine_Meat,265758.0,265758.0,69002.37,69002.37,1328790.0,91.0,345013.84,95.0,196755.63,196755.63,1673803.84,Medium
421,2025 Q2,2025-06-30,Fine_Dine_Meat,224411.0,224411.0,59745.0,59745.0,1122059.0,91.0,298729.0,94.0,164666.0,164666.0,1420788.0,Medium
421,2025 Q3,2025-09-30,Fine_Dine_Meat,219347.0,221787.0,57458.0,57458.0,1108939.0,92.0,287292.0,94.0,161889.0,164329.0,1396231.0,Medium
422,2024 Q2,2024-06-30,Fine_Dine_Meat,189264.0,191951.0,42533.22,42533.22,959755.0,91.0,239779.08,102.0,146730.78,149417.78,1199534.08,Small
422,2024 Q3,2024-09-30,Fine_Dine_Meat,185944.0,188393.0,39269.02,39269.02,941965.0,92.0,222931.09,95.0,146674.98,149123.98,1164896.09,Small
422,2024 Q4,2024-12-31,Fine_Dine_Meat,250733.0,259022.0,52728.15,52728.15,1295112.0,92.0,295893.77,95.0,198004.85,206293.85,1591005.77,Small
422,2025 Q1,2025-03-31,Fine_Dine_Meat,249836.0,255979.0,53360.0,53360.0,1279897.0,91.0,293891.0,94.0,196476.0,202619.0,1573788.0,Small
422,2025 Q2,2025-06-30,Fine_Dine_Meat,213867.0,217345.0,44861.0,44861.0,1086727.0,91.0,253263.0,94.0,169006.0,172484.0,1339990.0,Small
422,2025 Q3,2025-09-30,Fine_Dine_Meat,213218.0,216685.0,42938.0,42938.0,1083429.0,92.0,244477.0,94.0,170280.0,173747.0,1327906.0,Small
423,2024 Q2,2024-06-30,Fine_Dine_Meat,367071.0,367071.0,92493.71,92493.71,1835357.0,91.0,462469.54,102.0,274577.29,274577.29,2297826.54,Large
423,2024 Q3,2024-09-30,Fine_Dine_Meat,349399.0,349399.0,83576.0,83576.0,1746995.0,92.0,417880.0,94.0,265823.0,265823.0,2164875.0,Large
423,2024 Q4,2024-12-31,Fine_Dine_Meat,464186.0,464186.0,106471.0,106471.0,2320934.0,92.0,532359.0,94.0,357715.0,357715.0,2853293.0,Large
423,2025 Q1,2025-03-31,Fine_Dine_Meat,442205.0,442204.0,107463.37,107463.37,2211024.0,91.0,537318.83,95.0,334741.63,334740.63,2748342.83,Large
423,2025 Q2,2025-06-30,Fine_Dine_Meat,360117.0,360117.0,86266.0,86266.0,1800586.0,91.0,431330.0,94.0,273851.0,273851.0,2231916.0,Large
423,2025 Q3,2025-09-30,Fine_Dine_Meat,342967.0,342967.0,80407.0,80407.0,1714835.0,92.0,402039.0,94.0,262560.0,262560.0,2116874.0,Large
424,2024 Q2,2024-06-30,Fine_Dine_Meat,121312.0,121312.0,31745.0,31745.0,606562.0,91.0,158728.0,101.0,89567.0,89567.0,765290.0,Small
424,2024 Q3,2024-09-30,Fine_Dine_Meat,130661.0,130661.0,31584.0,31584.0,653306.0,92.0,157924.0,94.0,99077.0,99077.0,811230.0,Small
424,2024 Q4,2024-12-31,Fine_Dine_Meat,197646.0,197646.0,47027.0,47027.0,988230.0,92.0,235139.0,94.0,150619.0,150619.0,1223369.0,Small
424,2025 Q1,2025-03-31,Fine_Dine_Meat,124734.0,124734.0,30104.0,30104.0,623670.0,91.0,150524.0,94.0,94630.0,94630.0,774194.0,Small
424,2025 Q2,2025-06-30,Fine_Dine_Meat,112730.0,112730.0,28354.0,28354.0,563653.0,91.0,141771.0,94.0,84376.0,84376.0,705424.0,Small
424,2025 Q3,2025-09-30,Fine_Dine_Meat,161809.0,161809.0,38200.0,38200.0,809046.0,92.0,191003.0,94.0,123609.0,123609.0,1000049.0,Small
425,2024 Q2,2024-06-30,Fine_Dine_Meat,149219.0,151800.0,39089.0,39089.0,759002.0,91.0,195449.0,101.0,110130.0,112711.0,954451.0,Small
425,2024 Q3,2024-09-30,Fine_Dine_Meat,149649.0,151620.0,36707.0,36707.0,758104.0,92.0,183538.0,94.0,112942.0,114913.0,941642.0,Small
425,2024 Q4,2024-12-31,Fine_Dine_Meat,226588.0,226588.0,51633.0,51633.0,1132941.0,92.0,258168.0,94.0,174955.0,174955.0,1391109.0,Small
425,2025 Q1,2025-03-31,Fine_Dine_Meat,153203.0,155853.0,38201.0,38201.0,779266.0,91.0,191007.0,94.0,115002.0,117652.0,970273.0,Small
425,2025 Q2,2025-06-30,Fine_Dine_Meat,140229.0,142654.0,35097.0,35097.0,713273.0,91.0,175489.0,94.0,105132.0,107557.0,888762.0,Small
425,2025 Q3,2025-09-30,Fine_Dine_Meat,157558.0,160120.0,36950.0,36950.0,800603.0,92.0,184753.0,94.0,120608.0,123170.0,985356.0,Small
426,2024 Q2,2024-06-30,Fine_Dine_Meat,792538.0,792538.0,185468.0,185468.0,3962693.0,91.0,927342.0,101.0,607070.0,607070.0,4890035.0,Large
426,2024 Q3,2024-09-30,Fine_Dine_Meat,792490.0,792490.0,175254.0,175254.0,3962453.0,92.0,876272.0,94.0,617236.0,617236.0,4838725.0,Large
426,2024 Q4,2024-12-31,Fine_Dine_Meat,1090940.0,1103074.0,235465.0,235465.0,5515372.0,92.0,1177328.0,94.0,855475.0,867609.0,6692700.0,Large
426,2025 Q1,2025-03-31,Fine_Dine_Meat,1097099.0,1097099.0,235993.0,235993.0,5485496.0,91.0,1179966.0,94.0,861106.0,861106.0,6665462.0,Large
426,2025 Q2,2025-06-30,Fine_Dine_Meat,933049.0,933049.0,203754.0,203754.0,4665249.0,91.0,1018773.0,94.0,729295.0,729295.0,5684022.0,Large
426,2025 Q3,2025-09-30,Fine_Dine_Meat,927770.0,927770.0,196308.0,196308.0,4638853.0,92.0,981543.0,94.0,731462.0,731462.0,5620396.0,Large
427,2024 Q2,2024-06-30,Fine_Dine_Meat,210887.0,213881.0,40250.0,40250.0,1069407.0,91.0,226525.0,101.0,170637.0,173631.0,1295932.0,Small
427,2024 Q3,2024-09-30,Fine_Dine_Meat,160736.0,163682.0,29737.0,29737.0,818412.0,92.0,168168.0,94.0,130999.0,133945.0,986580.0,Small
427,2024 Q4,2024-12-31,Fine_Dine_Meat,204979.0,208736.0,39357.05,39357.05,1043681.0,92.0,218922.23,95.0,165621.95,169378.95,1262603.23,Small
427,2025 Q1,2025-03-31,Fine_Dine_Meat,239155.0,243291.0,44889.0,44889.0,1216459.0,91.0,246415.0,94.0,194266.0,198402.0,1462874.0,Small
427,2025 Q2,2025-06-30,Fine_Dine_Meat,228367.0,232790.0,41676.68,41676.68,1163954.0,91.0,234643.4,95.0,186690.32,191113.32,1398597.4,Small
427,2025 Q3,2025-09-30,Fine_Dine_Meat,208444.0,208444.0,35987.0,35987.0,1042223.0,92.0,204279.0,94.0,172457.0,172457.0,1246502.0,Small
428,2024 Q2,2024-06-30,Fine_Dine_Meat,136232.0,136232.0,33373.0,33373.0,681161.0,91.0,184939.0,101.0,102859.0,102859.0,866100.0,Small
428,2024 Q3,2024-09-30,Fine_Dine_Meat,138686.0,138686.0,31885.0,31885.0,693432.0,92.0,177781.0,94.0,106801.0,106801.0,871213.0,Small
428,2024 Q4,2024-12-31,Fine_Dine_Meat,196119.0,196119.0,45091.16,45091.16,980599.0,92.0,248366.8,95.0,151027.84,151027.84,1228965.8,Small
428,2025 Q1,2025-03-31,Fine_Dine_Meat,197758.0,197758.0,44695.0,44695.0,988791.0,91.0,243102.0,94.0,153063.0,153063.0,1231893.0,Small
428,2025 Q2,2025-06-30,Fine_Dine_Meat,168350.0,170395.0,38270.0,38270.0,851979.0,91.0,212637.0,94.0,130080.0,132125.0,1064616.0,Small
428,2025 Q3,2025-09-30,Fine_Dine_Meat,171515.0,171515.0,36982.0,36982.0,857578.0,92.0,207002.0,94.0,134533.0,134533.0,1064580.0,Small
429,2024 Q2,2024-06-30,Fine_Dine_Meat,119044.0,119044.0,31207.0,31207.0,595223.0,91.0,156038.0,101.0,87837.0,87837.0,751261.0,Small
429,2024 Q3,2024-09-30,Fine_Dine_Meat,113447.0,113447.0,27373.0,27373.0,567235.0,92.0,136867.0,94.0,86074.0,86074.0,704102.0,Small
429,2024 Q4,2024-12-31,Fine_Dine_Meat,133859.0,133859.0,32190.0,32190.0,669298.0,92.0,160952.0,94.0,101669.0,101669.0,830250.0,Small
429,2025 Q1,2025-03-31,Fine_Dine_Meat,162223.0,162223.0,38856.0,38856.0,811115.0,91.0,194282.0,94.0,123367.0,123367.0,1005397.0,Small
429,2025 Q2,2025-06-30,Fine_Dine_Meat,117759.0,117759.0,29157.0,29157.0,588798.0,91.0,145786.0,94.0,88602.0,88602.0,734584.0,Small
429,2025 Q3,2025-09-30,Fine_Dine_Meat,129937.0,129937.0,30633.0,30633.0,649689.0,92.0,153167.0,94.0,99304.0,99304.0,802856.0,Small
430,2024 Q2,2024-06-30,Fine_Dine_Meat,338697.0,371786.0,83456.0,83456.0,1858932.0,91.0,464896.0,101.0,255241.0,288330.0,2323828.0,Medium
430,2024 Q3,2024-09-30,Fine_Dine_Meat,214851.0,230527.0,51260.0,51260.0,1152638.0,92.0,285095.0,94.0,163591.0,179267.0,1437733.0,Medium
430,2024 Q4,2024-12-31,Fine_Dine_Meat,226795.0,289279.0,65235.79,65235.79,1446396.0,92.0,358809.95,95.0,161559.21,224043.21,1805205.95,Medium
430,2025 Q1,2025-03-31,Fine_Dine_Meat,314924.0,402202.0,88766.0,88766.0,2011011.0,91.0,482948.0,94.0,226158.0,313436.0,2493959.0,Medium
430,2025 Q2,2025-06-30,Fine_Dine_Meat,264100.0,291501.0,65051.0,65051.0,1457509.0,91.0,360973.0,94.0,199049.0,226450.0,1818482.0,Medium
430,2025 Q3,2025-09-30,Fine_Dine_Meat,251639.0,271748.0,58387.0,58387.0,1358742.0,92.0,325894.0,94.0,193252.0,213361.0,1684636.0,Medium
431,2024 Q2,2024-06-30,Fine_Dine_Meat,186025.0,186025.0,39869.0,39869.0,930126.0,91.0,222796.0,101.0,146156.0,146156.0,1152922.0,Small
431,2024 Q3,2024-09-30,Fine_Dine_Meat,172364.0,172364.0,36094.74,36094.74,861821.0,92.0,202214.71,95.0,136269.26,136269.26,1064035.71,Small
431,2024 Q4,2024-12-31,Fine_Dine_Meat,222838.0,222838.0,44570.0,44570.0,1114193.0,92.0,247628.0,94.0,178268.0,178268.0,1361821.0,Small
431,2025 Q1,2025-03-31,Fine_Dine_Meat,206662.0,206662.0,42915.0,42915.0,1033313.0,91.0,234104.0,94.0,163747.0,163747.0,1267417.0,Small
431,2025 Q2,2025-06-30,Fine_Dine_Meat,163521.0,163521.0,33886.0,33886.0,817607.0,91.0,190306.19,95.0,129635.0,129635.0,1007913.19,Small
431,2025 Q3,2025-09-30,Fine_Dine_Meat,151047.0,151047.0,30444.0,30444.0,755237.0,92.0,170829.0,94.0,120603.0,120603.0,926066.0,Small
432,2024 Q2,2024-06-30,Fine_Dine_Meat,248257.0,387902.0,80814.0,80814.0,1939513.0,91.0,453987.0,101.0,167443.0,307088.0,2393500.0,Large
432,2024 Q3,2024-09-30,Fine_Dine_Meat,211741.0,308661.0,63554.0,63554.0,1543305.0,92.0,357711.0,94.0,148187.0,245107.0,1901016.0,Large
432,2024 Q4,2024-12-31,Fine_Dine_Meat,205915.0,384887.0,77209.0,77209.0,1924435.0,92.0,430266.0,94.0,128706.0,307678.0,2354701.0,Large
432,2025 Q1,2025-03-31,Fine_Dine_Meat,271977.0,419718.0,85310.0,85309.0,2098592.0,91.0,467705.0,94.0,186667.0,334409.0,2566297.0,Large
432,2025 Q2,2025-06-30,Fine_Dine_Meat,261044.0,405348.0,80497.0,80497.0,2026740.0,91.0,452372.0,94.0,180547.0,324851.0,2479112.0,Large
432,2025 Q3,2025-09-30,Fine_Dine_Meat,255146.0,399917.0,76406.0,76406.0,1999585.0,92.0,432732.0,94.0,178740.0,323511.0,2432317.0,Large
433,2024 Q2,2024-06-30,Fine_Dine_Meat,93340.0,99087.0,22977.0,22977.0,495439.0,91.0,120507.0,101.0,70363.0,76110.0,615946.0,Small
433,2024 Q3,2024-09-30,Fine_Dine_Meat,84668.0,104143.0,22980.01,22980.01,520719.0,92.0,120964.03,95.0,61687.990000000005,81162.99,641683.03,Small
433,2024 Q4,2024-12-31,Fine_Dine_Meat,154127.0,200425.0,40298.0,40298.0,1002126.0,92.0,209902.0,94.0,113829.0,160127.0,1212028.0,Small
433,2025 Q1,2025-03-31,Fine_Dine_Meat,142677.0,159060.0,33270.0,33270.0,795304.0,91.0,172534.0,94.0,109407.0,125790.0,967838.0,Small
433,2025 Q2,2025-06-30,Fine_Dine_Meat,116844.0,124434.0,26076.0,26076.0,622173.0,91.0,136957.0,94.0,90768.0,98358.0,759130.0,Small
433,2025 Q3,2025-09-30,Fine_Dine_Meat,161780.0,200223.0,38821.0,38821.0,1001118.0,92.0,205288.0,94.0,122959.0,161402.0,1206406.0,Small
434,2024 Q2,2024-06-30,Fine_Dine_Meat,131485.0,156158.0,37780.0,37780.0,780792.0,91.0,198782.0,101.0,93705.0,118378.0,979574.0,Small
434,2024 Q3,2024-09-30,Fine_Dine_Meat,109917.0,133393.0,31455.0,31455.0,666969.0,92.0,165712.0,94.0,78462.0,101938.0,832681.0,Small
434,2024 Q4,2024-12-31,Fine_Dine_Meat,157499.0,209999.0,47656.0,47656.0,1049996.0,92.0,248128.0,94.0,109843.0,162343.0,1298124.0,Small
434,2025 Q1,2025-03-31,Fine_Dine_Meat,216361.0,249551.0,56094.0,56094.0,1247755.0,91.0,291175.0,94.0,160267.0,193457.0,1538930.0,Small
434,2025 Q2,2025-06-30,Fine_Dine_Meat,191932.0,222144.0,49156.0,49157.0,1110721.0,91.0,259161.0,94.0,142776.0,172987.0,1369882.0,Small
434,2025 Q3,2025-09-30,Fine_Dine_Meat,158828.0,189759.0,41281.0,41281.0,948798.0,92.0,218127.0,94.0,117547.0,148478.0,1166925.0,Small
435,2024 Q2,2024-06-30,Fine_Dine_Meat,254526.0,258140.0,60118.0,60118.0,1290700.0,91.0,315442.0,101.0,194408.0,198022.0,1606142.0,Medium
435,2024 Q3,2024-09-30,Fine_Dine_Meat,259759.0,266967.0,60252.0,60252.0,1334839.0,92.0,316879.0,94.0,199507.0,206715.0,1651718.0,Medium
435,2024 Q4,2024-12-31,Fine_Dine_Meat,318885.0,330109.0,72701.0,72701.0,1650546.0,92.0,377713.0,94.0,246184.0,257408.0,2028259.0,Medium
435,2025 Q1,2025-03-31,Fine_Dine_Meat,346067.0,350625.0,76982.0,76982.0,1753126.0,91.0,398470.0,94.0,269085.0,273643.0,2151596.0,Medium
435,2025 Q2,2025-06-30,Fine_Dine_Meat,316944.0,321119.0,71336.0,71336.0,1605598.0,91.0,375258.0,94.0,245608.0,249783.0,1980856.0,Medium
435,2025 Q3,2025-09-30,Fine_Dine_Meat,340369.0,348026.0,72317.0,72317.0,1740131.0,92.0,381326.0,94.0,268052.0,275709.0,2121457.0,Medium
436,2024 Q2,2024-06-30,Fine_Dine_Meat,193069.0,195612.0,49023.0,49023.0,978064.0,91.0,245119.0,101.0,144046.0,146589.0,1223183.0,Small
436,2024 Q3,2024-09-30,Fine_Dine_Meat,188557.0,190847.0,45285.0,45285.0,954235.0,92.0,226429.0,94.0,143272.0,145562.0,1180664.0,Small
436,2024 Q4,2024-12-31,Fine_Dine_Meat,258142.0,261542.0,60322.0,60322.0,1307711.0,92.0,301612.0,94.0,197820.0,201220.0,1609323.0,Small
436,2025 Q1,2025-03-31,Fine_Dine_Meat,255715.0,258559.0,60267.95,60267.95,1292796.0,91.0,301342.74,95.0,195447.05,198291.05,1594138.74,Small
436,2025 Q2,2025-06-30,Fine_Dine_Meat,220525.0,220525.0,51922.0,51922.0,1102626.0,91.0,259612.0,94.0,168603.0,168603.0,1362238.0,Small
436,2025 Q3,2025-09-30,Fine_Dine_Meat,221728.0,221728.0,50535.0,50535.0,1108643.0,92.0,252677.0,94.0,171193.0,171193.0,1361320.0,Small
437,2024 Q2,2024-06-30,Fine_Dine_Meat,164949.0,164949.0,43775.17,43775.17,824749.0,91.0,218875.87,102.0,121173.83,121173.83,1043624.87,Small
437,2024 Q3,2024-09-30,Fine_Dine_Meat,165317.0,165317.0,41596.73,41596.73,826588.0,92.0,207987.64,95.0,123720.27,123720.27,1034575.64,Small
437,2024 Q4,2024-12-31,Fine_Dine_Meat,227113.0,230573.0,54095.0,54095.0,1152865.0,92.0,270477.0,94.0,173018.0,176478.0,1423342.0,Small
437,2025 Q1,2025-03-31,Fine_Dine_Meat,225821.0,229726.0,54294.0,54294.0,1148631.0,91.0,271474.0,94.0,171527.0,175432.0,1420105.0,Small
437,2025 Q2,2025-06-30,Fine_Dine_Meat,192176.0,195699.0,46883.0,46883.0,978495.0,91.0,234419.0,94.0,145293.0,148816.0,1212914.0,Small
437,2025 Q3,2025-09-30,Fine_Dine_Meat,192747.0,194891.0,45248.0,45248.0,974459.0,92.0,226244.0,94.0,147499.0,149643.0,1200703.0,Small
438,2024 Q2,2024-06-30,Fine_Dine_Meat,197262.0,199658.0,48624.0,48624.0,998291.0,91.0,243123.0,101.0,148638.0,151034.0,1241414.0,Small
438,2024 Q3,2024-09-30,Fine_Dine_Meat,160350.0,160350.0,37709.0,37709.0,801754.0,92.0,188549.0,94.0,122641.0,122641.0,990303.0,Small
438,2024 Q4,2024-12-31,Fine_Dine_Meat,211034.0,211034.0,48637.0,48637.0,1055170.0,92.0,243186.0,94.0,162397.0,162397.0,1298356.0,Small
438,2025 Q1,2025-03-31,Fine_Dine_Meat,244139.0,244139.0,55506.0,55506.0,1220698.0,91.0,277531.0,94.0,188633.0,188633.0,1498229.0,Small
438,2025 Q2,2025-06-30,Fine_Dine_Meat,189935.0,189935.0,44060.0,44060.0,949675.0,91.0,220301.0,94.0,145875.0,145875.0,1169976.0,Small
438,2025 Q3,2025-09-30,Fine_Dine_Meat,154448.0,154448.0,35851.0,35851.0,772240.0,92.0,179255.0,94.0,118597.0,118597.0,951495.0,Small
439,2024 Q2,2024-06-30,Fine_Dine_Meat,178885.0,219760.0,53564.0,53564.0,1098801.0,91.0,267822.0,101.0,125321.0,166196.0,1366623.0,Small
439,2024 Q3,2024-09-30,Fine_Dine_Meat,120946.0,147675.0,36270.0,36270.0,738376.0,92.0,181353.0,94.0,84676.0,111405.0,919729.0,Small
439,2024 Q4,2024-12-31,Fine_Dine_Meat,134988.0,165224.0,38353.0,38353.0,826124.0,92.0,191767.0,94.0,96635.0,126871.0,1017891.0,Small
439,2025 Q1,2025-03-31,Fine_Dine_Meat,279910.0,345568.0,80680.0,80680.0,1727843.0,91.0,403402.0,94.0,199230.0,264888.0,2131245.0,Small
439,2025 Q2,2025-06-30,Fine_Dine_Meat,194822.0,239928.0,55154.0,55154.0,1199643.0,91.0,275773.0,94.0,139668.0,184774.0,1475416.0,Small
439,2025 Q3,2025-09-30,Fine_Dine_Meat,134046.0,165899.0,38473.0,38474.0,829499.0,92.0,192370.0,94.0,95573.0,127425.0,1021869.0,Small
440,2024 Q2,2024-06-30,Fine_Dine_Meat,167159.0,167159.0,38385.8,38385.8,835798.0,91.0,225684.0,102.0,128773.2,128773.2,1061482.0,Small
440,2024 Q3,2024-09-30,Fine_Dine_Meat,162835.0,162836.0,33516.0,33516.0,814180.0,92.0,200269.0,94.0,129319.0,129320.0,1014449.0,Small
440,2024 Q4,2024-12-31,Fine_Dine_Meat,222375.0,222375.0,45802.0,45802.0,1111875.0,92.0,266212.0,94.0,176573.0,176573.0,1378087.0,Small
440,2025 Q1,2025-03-31,Fine_Dine_Meat,218591.0,218591.0,46782.0,46782.0,1092955.0,91.0,265730.0,94.0,171809.0,171809.0,1358685.0,Small
440,2025 Q2,2025-06-30,Fine_Dine_Meat,184874.0,184874.0,38181.0,38181.0,924373.0,91.0,226122.0,94.0,146693.0,146693.0,1150495.0,Small
440,2025 Q3,2025-09-30,Fine_Dine_Meat,183932.0,183933.0,36504.49,36504.49,919665.0,92.0,218506.45,95.0,147427.51,147428.51,1138171.45,Small
441,2024 Q2,2024-06-30,Fine_Dine_Meat,140859.0,140859.0,38798.46,38798.46,704297.0,91.0,193995.28,103.0,102060.54,102060.54,898292.28,Small
441,2024 Q3,2024-09-30,Fine_Dine_Meat,147984.0,147983.0,37305.0,37305.0,739919.0,92.0,186525.0,94.0,110679.0,110678.0,926444.0,Small
441,2024 Q4,2024-12-31,Fine_Dine_Meat,280221.0,283338.0,69215.0,69215.0,1416693.0,92.0,346077.0,94.0,211006.0,214123.0,1762770.0,Small
441,2025 Q1,2025-03-31,Fine_Dine_Meat,434347.0,434347.0,98404.0,98404.0,2171739.0,91.0,492022.0,94.0,335943.0,335943.0,2663761.0,Small
441,2025 Q2,2025-06-30,Fine_Dine_Meat,260035.0,260035.0,60979.0,60979.0,1300175.0,91.0,304899.0,94.0,199056.0,199056.0,1605074.0,Small
441,2025 Q3,2025-09-30,Fine_Dine_Meat,106383.0,106383.0,28308.0,28308.0,531915.0,92.0,141541.0,94.0,78075.0,78075.0,673456.0,Small
442,2024 Q2,2024-06-30,Fine_Dine_Meat,144328.0,146675.0,41937.0,41937.0,733379.0,91.0,209685.0,101.0,102391.0,104738.0,943064.0,Small
442,2024 Q3,2024-09-30,Fine_Dine_Meat,123622.0,124997.0,32386.0,32386.0,624985.0,92.0,161931.0,94.0,91236.0,92611.0,786916.0,Small
442,2024 Q4,2024-12-31,Fine_Dine_Meat,374445.0,378993.0,95578.0,95578.0,1894968.0,92.0,477893.0,94.0,278867.0,283415.0,2372861.0,Small
442,2025 Q1,2025-03-31,Fine_Dine_Meat,341608.0,346810.0,84762.0,84762.0,1734051.0,91.0,423811.0,94.0,256846.0,262048.0,2157862.0,Small
442,2025 Q2,2025-06-30,Fine_Dine_Meat,190357.0,192669.0,48787.0,48787.0,963347.0,91.0,243939.0,94.0,141570.0,143882.0,1207286.0,Small
442,2025 Q3,2025-09-30,Fine_Dine_Meat,122028.0,123385.0,32788.0,32788.0,616926.0,92.0,163943.0,94.0,89240.0,90597.0,780869.0,Small
443,2024 Q2,2024-06-30,Fine_Dine_Vegetarian,307600.0,307600.0,79902.0,79902.0,1538001.0,91.0,399513.0,101.0,227698.0,227698.0,1937514.0,Medium
443,2024 Q3,2024-09-30,Fine_Dine_Vegetarian,280558.0,280558.0,69703.0,69703.0,1402794.0,92.0,348518.0,94.0,210855.0,210855.0,1751312.0,Medium
443,2024 Q4,2024-12-31,Fine_Dine_Vegetarian,347077.0,347077.0,84788.0,84788.0,1735387.0,92.0,423944.0,94.0,262289.0,262289.0,2159331.0,Medium
443,2025 Q1,2025-03-31,Fine_Dine_Vegetarian,317467.0,317467.0,79376.0,79376.0,1587338.0,91.0,396881.0,94.0,238091.0,238091.0,1984219.0,Medium
443,2025 Q2,2025-06-30,Fine_Dine_Vegetarian,257327.0,257327.0,65402.0,65402.0,1286638.0,91.0,327013.0,94.0,191925.0,191925.0,1613651.0,Medium
443,2025 Q3,2025-09-30,Fine_Dine_Vegetarian,232656.0,232656.0,58415.0,58415.0,1163282.0,92.0,292078.0,94.0,174241.0,174241.0,1455360.0,Medium
444,2024 Q2,2024-06-30,Fine_Dine_Vegetarian,214505.0,242928.0,54730.0,54730.0,1214643.0,91.0,273653.0,101.0,159775.0,188198.0,1488296.0,Medium
444,2024 Q3,2024-09-30,Fine_Dine_Vegetarian,237409.0,277023.0,61690.0,61690.0,1385116.0,92.0,308453.0,94.0,175719.0,215333.0,1693569.0,Medium
444,2024 Q4,2024-12-31,Fine_Dine_Vegetarian,374963.0,512244.0,100374.0,100374.0,2561222.0,92.0,501872.0,94.0,274589.0,411870.0,3063094.0,Medium
444,2025 Q1,2025-03-31,Fine_Dine_Vegetarian,284512.0,355196.0,72858.0,72858.0,1775980.0,91.0,364292.0,94.0,211654.0,282338.0,2140272.0,Medium
444,2025 Q2,2025-06-30,Fine_Dine_Vegetarian,138610.0,158411.0,40296.09,40296.09,792059.0,91.0,201482.45,95.0,98313.91,118114.91,993541.45,Medium
444,2025 Q3,2025-09-30,Fine_Dine_Vegetarian,238771.0,280907.0,58750.0,58750.0,1404539.0,92.0,293753.0,94.0,180021.0,222157.0,1698292.0,Medium
445,2024 Q2,2024-06-30,Fine_Dine_Vegetarian,130242.0,203503.0,46994.0,46994.0,1017519.0,91.0,245631.93,102.0,83248.0,156509.0,1263150.93,Medium
445,2024 Q3,2024-09-30,Fine_Dine_Vegetarian,225548.0,344348.0,69578.0,69578.0,1721743.0,92.0,365007.0,94.0,155970.0,274770.0,2086750.0,Medium
445,2024 Q4,2024-12-31,Fine_Dine_Vegetarian,207070.0,391435.0,75942.0,75942.0,1957179.0,92.0,396226.0,94.0,131128.0,315493.0,2353405.0,Medium
445,2025 Q1,2025-03-31,Fine_Dine_Vegetarian,208500.0,290390.0,59272.0,59272.0,1451954.0,91.0,308760.0,94.0,149228.0,231118.0,1760714.0,Medium
445,2025 Q2,2025-06-30,Fine_Dine_Vegetarian,139539.0,203410.0,45869.0,45869.0,1017050.0,91.0,239179.0,94.0,93670.0,157541.0,1256229.0,Medium
445,2025 Q3,2025-09-30,Fine_Dine_Vegetarian,208158.0,303881.0,59943.0,59943.0,1519407.0,92.0,315162.99,95.0,148215.0,243938.0,1834569.99,Medium
446,2024 Q2,2024-06-30,Fine_Dine_Vegetarian,165526.0,167536.0,37701.0,37701.0,837683.0,91.0,188508.0,101.0,127825.0,129835.0,1026191.0,Small
446,2024 Q3,2024-09-30,Fine_Dine_Vegetarian,170340.0,173110.0,36706.0,36706.0,865550.0,92.0,183533.0,94.0,133634.0,136404.0,1049083.0,Small
446,2024 Q4,2024-12-31,Fine_Dine_Vegetarian,241195.0,241195.0,49487.0,49487.0,1205978.0,92.0,247437.0,94.0,191708.0,191708.0,1453415.0,Small
446,2025 Q1,2025-03-31,Fine_Dine_Vegetarian,243392.0,246598.0,50830.0,50830.0,1232991.0,91.0,254154.0,94.0,192562.0,195768.0,1487145.0,Small
446,2025 Q2,2025-06-30,Fine_Dine_Vegetarian,223694.0,223694.0,46167.0,46167.0,1118470.0,91.0,230838.0,94.0,177527.0,177527.0,1349308.0,Small
446,2025 Q3,2025-09-30,Fine_Dine_Vegetarian,223500.0,226673.0,45219.0,45219.0,1133367.0,92.0,226095.0,94.0,178281.0,181454.0,1359462.0,Small
447,2024 Q2,2024-06-30,Fine_Dine_Vegetarian,167409.0,170651.0,32641.0,32641.0,853259.0,91.0,193752.0,101.0,134768.0,138010.0,1047011.0,Small
447,2024 Q3,2024-09-30,Fine_Dine_Vegetarian,169037.0,171960.0,30521.0,30521.0,859803.0,92.0,183491.0,94.0,138516.0,141439.0,1043294.0,Small
447,2024 Q4,2024-12-31,Fine_Dine_Vegetarian,227212.0,234481.0,41303.0,41303.0,1172408.0,92.0,244895.0,94.0,185909.0,193178.0,1417303.0,Small
447,2025 Q1,2025-03-31,Fine_Dine_Vegetarian,231157.0,235394.0,45007.67,45007.67,1176973.0,91.0,257796.37,95.0,186149.33,190386.33,1434769.37,Small
447,2025 Q2,2025-06-30,Fine_Dine_Vegetarian,205371.0,209991.0,37174.0,37174.0,1049957.0,91.0,221278.0,94.0,168197.0,172817.0,1271235.0,Small
447,2025 Q3,2025-09-30,Fine_Dine_Vegetarian,205790.0,209562.0,35209.0,35209.0,1047813.0,92.0,212683.0,94.0,170581.0,174353.0,1260496.0,Small
448,2024 Q2,2024-06-30,Fine_Dine_Vegetarian,316005.0,321143.0,65895.0,65895.0,1605718.0,91.0,403805.0,101.0,250110.0,255248.0,2009523.0,Large
448,2024 Q3,2024-09-30,Fine_Dine_Vegetarian,323045.0,326638.0,62396.0,62396.0,1633193.0,92.0,387319.0,94.0,260649.0,264242.0,2020512.0,Large
448,2024 Q4,2024-12-31,Fine_Dine_Vegetarian,441411.0,449045.0,82596.0,82596.0,2245228.0,92.0,506621.0,94.0,358815.0,366449.0,2751849.0,Large
448,2025 Q1,2025-03-31,Fine_Dine_Vegetarian,447611.0,453967.0,87043.0,87043.0,2269835.0,91.0,519213.0,94.0,360568.0,366924.0,2789048.0,Large
448,2025 Q2,2025-06-30,Fine_Dine_Vegetarian,391722.0,407619.0,75525.0,75525.0,2038099.0,91.0,466496.0,94.0,316197.0,332094.0,2504595.0,Large
448,2025 Q3,2025-09-30,Fine_Dine_Vegetarian,391647.0,409244.0,72007.0,72007.0,2046224.0,92.0,451847.0,94.0,319640.0,337237.0,2498071.0,Large
449,2024 Q2,2024-06-30,Fine_Dine_Vegetarian,472104.0,477838.0,78883.0,78883.0,2389192.0,91.0,499126.0,101.0,393221.0,398955.0,2888318.0,Large
449,2024 Q3,2024-09-30,Fine_Dine_Vegetarian,387840.0,392948.0,63997.0,63997.0,1964740.0,92.0,405374.0,94.0,323843.0,328951.0,2370114.0,Large
449,2024 Q4,2024-12-31,Fine_Dine_Vegetarian,291563.0,296003.0,53282.0,53282.0,1480018.0,92.0,322368.0,94.0,238281.0,242721.0,1802386.0,Large
449,2025 Q1,2025-03-31,Fine_Dine_Vegetarian,388405.0,392725.0,69889.0,69889.0,1963629.0,91.0,419646.0,94.0,318516.0,322836.0,2383275.0,Large
449,2025 Q2,2025-06-30,Fine_Dine_Vegetarian,433194.0,438012.0,71045.0,71045.0,2190060.0,91.0,445897.0,94.0,362149.0,366967.0,2635957.0,Large
449,2025 Q3,2025-09-30,Fine_Dine_Vegetarian,283576.0,287311.0,50441.0,50441.0,1436555.0,92.0,313065.0,94.0,233135.0,236870.0,1749620.0,Large
450,2024 Q2,2024-06-30,Fine_Dine_Vegetarian,460158.0,460158.0,80165.0,80165.0,2300791.0,91.0,512243.0,101.0,379993.0,379993.0,2813034.0,Large
450,2024 Q3,2024-09-30,Fine_Dine_Vegetarian,455207.0,455207.0,78460.76,78460.76,2276037.0,92.0,502182.79,95.0,376746.24,376746.24,2778219.79,Large
450,2024 Q4,2024-12-31,Fine_Dine_Vegetarian,610431.0,610431.0,98237.0,98237.0,3052158.0,92.0,624384.0,94.0,512194.0,512194.0,3676542.0,Large
450,2025 Q1,2025-03-31,Fine_Dine_Vegetarian,603800.0,603800.0,102065.0,102065.0,3019004.0,91.0,627325.0,94.0,501735.0,501735.0,3646329.0,Large
450,2025 Q2,2025-06-30,Fine_Dine_Vegetarian,531077.0,531077.0,86114.0,86114.0,2655386.0,91.0,551756.0,94.0,444963.0,444963.0,3207142.0,Large
450,2025 Q3,2025-09-30,Fine_Dine_Vegetarian,522902.0,522902.0,80450.0,80450.0,2614510.0,92.0,525149.0,94.0,442452.0,442452.0,3139659.0,Large
451,2024 Q2,2024-06-30,Fine_Dine_Vegetarian,158030.0,158030.0,31354.0,31354.0,790151.0,91.0,164403.0,101.0,126676.0,126676.0,954554.0,Small
451,2024 Q3,2024-09-30,Fine_Dine_Vegetarian,149414.0,151843.0,28610.0,28610.0,759219.0,92.0,150196.0,94.0,120804.0,123233.0,909415.0,Small
451,2024 Q4,2024-12-31,Fine_Dine_Vegetarian,195567.0,198949.0,38412.42,38412.42,994748.0,92.0,200294.12,96.0,157154.58000000002,160536.58000000002,1195042.12,Small
451,2025 Q1,2025-03-31,Fine_Dine_Vegetarian,191345.0,193669.0,36134.0,36134.0,968345.0,91.0,188874.0,94.0,155211.0,157535.0,1157219.0,Small
451,2025 Q2,2025-06-30,Fine_Dine_Vegetarian,165610.0,168818.0,31607.0,31607.0,844093.0,91.0,165736.0,94.0,134003.0,137211.0,1009829.0,Small
451,2025 Q3,2025-09-30,Fine_Dine_Vegetarian,164234.0,166061.0,30121.0,30121.0,830309.0,92.0,158209.0,94.0,134113.0,135940.0,988518.0,Small
452,2024 Q2,2024-06-30,Fine_Dine_Vegetarian,188982.0,192446.0,38334.0,38334.0,962231.0,91.0,202036.0,101.0,150648.0,154112.0,1164267.0,Small
452,2024 Q3,2024-09-30,Fine_Dine_Vegetarian,113620.0,116533.0,22416.0,22416.0,582668.0,92.0,117766.0,94.0,91204.0,94117.0,700434.0,Small
452,2024 Q4,2024-12-31,Fine_Dine_Vegetarian,220977.0,229706.0,43152.0,43152.0,1148530.0,92.0,226349.0,94.0,177825.0,186554.0,1374879.0,Small
452,2025 Q1,2025-03-31,Fine_Dine_Vegetarian,265588.0,271562.0,49738.0,49738.0,1357811.0,91.0,261295.0,94.0,215850.0,221824.0,1619106.0,Small
452,2025 Q2,2025-06-30,Fine_Dine_Vegetarian,151447.0,154538.0,29246.0,29246.0,772693.0,91.0,153722.0,94.0,122201.0,125292.0,926415.0,Small
452,2025 Q3,2025-09-30,Fine_Dine_Vegetarian,149272.0,153099.0,28956.0,28956.0,765499.0,92.0,152562.0,94.0,120316.0,124143.0,918061.0,Small
453,2024 Q2,2024-06-30,Fine_Dine_Vegetarian,320569.0,320569.0,57231.0,57231.0,1602845.0,91.0,343692.0,101.0,263338.0,263338.0,1946537.0,Medium
453,2024 Q3,2024-09-30,Fine_Dine_Vegetarian,303744.0,309312.0,51621.0,51621.0,1546560.0,92.0,313868.0,94.0,252123.0,257691.0,1860428.0,Medium
453,2024 Q4,2024-12-31,Fine_Dine_Vegetarian,400789.0,406480.0,66839.0,66839.0,2032403.0,92.0,400968.0,94.0,333950.0,339641.0,2433371.0,Medium
453,2025 Q1,2025-03-31,Fine_Dine_Vegetarian,391242.0,395994.0,68471.0,68471.0,1979972.0,91.0,397686.0,94.0,322771.0,327523.0,2377658.0,Medium
453,2025 Q2,2025-06-30,Fine_Dine_Vegetarian,338483.0,344337.0,57960.0,57960.0,1721685.0,91.0,348090.0,94.0,280523.0,286377.0,2069775.0,Medium
453,2025 Q3,2025-09-30,Fine_Dine_Vegetarian,321644.0,336448.0,54018.0,54018.0,1682243.0,92.0,329219.0,94.0,267626.0,282430.0,2011462.0,Medium
454,2024 Q2,2024-06-30,Fine_Dine_Vegetarian,181746.0,181746.0,39326.0,39326.0,908731.0,91.0,205903.0,101.0,142420.0,142420.0,1114634.0,Small
454,2024 Q3,2024-09-30,Fine_Dine_Vegetarian,173387.0,175671.0,36088.0,36088.0,878358.0,92.0,189172.0,94.0,137299.0,139583.0,1067530.0,Small
454,2024 Q4,2024-12-31,Fine_Dine_Vegetarian,230560.0,230560.0,46268.0,46268.0,1152800.0,92.0,241415.0,94.0,184292.0,184292.0,1394215.0,Small
454,2025 Q1,2025-03-31,Fine_Dine_Vegetarian,219177.0,223650.0,45395.0,45395.0,1118250.0,91.0,236977.0,94.0,173782.0,178255.0,1355227.0,Small
454,2025 Q2,2025-06-30,Fine_Dine_Vegetarian,189346.0,193013.0,39422.0,39422.0,965067.0,91.0,206399.0,94.0,149924.0,153591.0,1171466.0,Small
454,2025 Q3,2025-09-30,Fine_Dine_Vegetarian,182474.0,186579.0,37065.0,37065.0,932895.0,92.0,194350.0,94.0,145409.0,149514.0,1127245.0,Small
455,2024 Q2,2024-06-30,Fine_Dine_Vegetarian,506584.0,553644.0,124518.0,124519.0,2768221.0,91.0,622595.0,101.0,382066.0,429125.0,3390816.0,Large
455,2024 Q3,2024-09-30,Fine_Dine_Vegetarian,499081.0,541890.0,115451.0,115451.0,2709453.0,92.0,577255.0,94.0,383630.0,426439.0,3286708.0,Large
455,2024 Q4,2024-12-31,Fine_Dine_Vegetarian,662733.0,719580.0,149548.0,149548.0,3597904.0,92.0,747743.0,94.0,513185.0,570032.0,4345647.0,Large
455,2025 Q1,2025-03-31,Fine_Dine_Vegetarian,644828.0,705501.0,147927.0,147927.0,3527509.0,91.0,739639.0,94.0,496901.0,557574.0,4267148.0,Large
455,2025 Q2,2025-06-30,Fine_Dine_Vegetarian,567253.0,615242.0,129923.0,129923.0,3076211.0,91.0,649615.0,94.0,437330.0,485319.0,3725826.0,Large
455,2025 Q3,2025-09-30,Fine_Dine_Vegetarian,555134.0,600794.0,123239.0,123239.0,3003971.0,92.0,616199.0,94.0,431895.0,477555.0,3620170.0,Large
456,2024 Q2,2024-06-30,Fine_Dine_Vegetarian,152288.0,152288.0,26675.0,26675.0,761442.0,91.0,156852.0,101.0,125613.0,125613.0,918294.0,Small
456,2024 Q3,2024-09-30,Fine_Dine_Vegetarian,151480.0,153165.0,25020.0,25020.0,765826.0,92.0,148789.0,94.0,126460.0,128145.0,914615.0,Small
456,2024 Q4,2024-12-31,Fine_Dine_Vegetarian,205569.0,208488.0,33202.0,33202.0,1042443.0,92.0,195399.0,94.0,172367.0,175286.0,1237842.0,Small
456,2025 Q1,2025-03-31,Fine_Dine_Vegetarian,208970.0,208970.0,34781.0,34781.0,1044854.0,91.0,198950.0,94.0,174189.0,174189.0,1243804.0,Small
456,2025 Q2,2025-06-30,Fine_Dine_Vegetarian,183714.0,186134.0,29985.0,29985.0,930670.0,91.0,176951.0,94.0,153729.0,156149.0,1107621.0,Small
456,2025 Q3,2025-09-30,Fine_Dine_Vegetarian,181953.0,185477.0,28464.0,28464.0,927387.0,92.0,170248.0,94.0,153489.0,157013.0,1097635.0,Small
457,2024 Q2,2024-06-30,Fine_Dine_Vegetarian,130014.0,185470.0,37644.0,37644.0,927350.0,91.0,188223.0,101.0,92370.0,147826.0,1115573.0,Small
457,2024 Q3,2024-09-30,Fine_Dine_Vegetarian,124645.0,184386.0,35262.0,35261.0,921931.0,92.0,176309.0,94.0,89383.0,149125.0,1098240.0,Small
457,2024 Q4,2024-12-31,Fine_Dine_Vegetarian,175854.0,248382.0,46542.0,46542.0,1241914.0,92.0,232710.0,94.0,129312.0,201840.0,1474624.0,Small
457,2025 Q1,2025-03-31,Fine_Dine_Vegetarian,171443.0,246680.0,46817.0,46817.0,1233401.0,91.0,234087.0,94.0,124626.0,199863.0,1467488.0,Small
457,2025 Q2,2025-06-30,Fine_Dine_Vegetarian,146589.0,217814.0,41294.0,41294.0,1089071.0,91.0,206470.0,94.0,105295.0,176520.0,1295541.0,Small
457,2025 Q3,2025-09-30,Fine_Dine_Vegetarian,147239.0,215261.0,39424.0,39424.0,1076308.0,92.0,197121.0,94.0,107815.0,175837.0,1273429.0,Small
458,2024 Q2,2024-06-30,Fine_Dine_Vegetarian,165514.0,165514.0,33444.21,33444.21,827572.0,91.0,174670.05,102.0,132069.79,132069.79,1002242.05,Small
458,2024 Q3,2024-09-30,Fine_Dine_Vegetarian,181410.0,181410.0,32285.0,32285.0,907053.0,92.0,169293.0,94.0,149125.0,149125.0,1076346.0,Small
458,2024 Q4,2024-12-31,Fine_Dine_Vegetarian,161076.0,161076.0,29053.0,29053.0,805381.0,92.0,151238.0,94.0,132023.0,132023.0,956619.0,Small
458,2025 Q1,2025-03-31,Fine_Dine_Vegetarian,162508.0,164648.0,30871.0,30871.0,823241.0,91.0,160861.0,94.0,131637.0,133777.0,984102.0,Small
458,2025 Q2,2025-06-30,Fine_Dine_Vegetarian,130210.0,130210.0,26705.34,26705.34,651050.0,91.0,139103.72,96.0,103504.66,103504.66,790153.72,Small
458,2025 Q3,2025-09-30,Fine_Dine_Vegetarian,154711.0,157067.0,27769.0,27769.0,785336.0,92.0,145480.0,94.0,126942.0,129298.0,930816.0,Small
459,2024 Q2,2024-06-30,Fine_Dine_Vegetarian,168705.0,168705.0,29403.0,29403.0,843525.0,91.0,176417.0,101.0,139302.0,139302.0,1019942.0,Small
459,2024 Q3,2024-09-30,Fine_Dine_Vegetarian,151699.0,151699.0,25056.0,25056.0,758497.0,92.0,153989.38,95.0,126643.0,126643.0,912486.38,Small
459,2024 Q4,2024-12-31,Fine_Dine_Vegetarian,184782.0,184782.0,30389.0,30389.0,923911.0,92.0,181424.0,94.0,154393.0,154393.0,1105335.0,Small
459,2025 Q1,2025-03-31,Fine_Dine_Vegetarian,166258.0,166258.0,29253.21,29254.21,831291.0,91.0,168843.04,95.0,137004.79,137003.79,1000134.04,Small
459,2025 Q2,2025-06-30,Fine_Dine_Vegetarian,132242.0,132242.0,23095.0,23095.0,661214.0,91.0,137187.0,94.0,109147.0,109147.0,798401.0,Small
459,2025 Q3,2025-09-30,Fine_Dine_Vegetarian,116988.0,116988.0,20092.0,20092.0,584944.0,92.0,120515.0,94.0,96896.0,96896.0,705459.0,Small
460,2024 Q2,2024-06-30,Fine_Dine_Vegetarian,181110.0,183495.0,36325.0,36325.0,917478.0,91.0,190786.0,101.0,144785.0,147170.0,1108264.0,Small
460,2024 Q3,2024-09-30,Fine_Dine_Vegetarian,171595.0,174385.0,32449.0,32449.0,871925.0,92.0,170666.0,94.0,139146.0,141936.0,1042591.0,Small
460,2024 Q4,2024-12-31,Fine_Dine_Vegetarian,195064.0,195064.0,36957.5,36957.5,975323.0,92.0,193068.49,95.0,158106.5,158106.5,1168391.49,Small
460,2025 Q1,2025-03-31,Fine_Dine_Vegetarian,163832.0,163832.0,31581.0,31581.0,819163.0,91.0,165055.0,94.0,132251.0,132251.0,984218.0,Small
460,2025 Q2,2025-06-30,Fine_Dine_Vegetarian,146770.0,146770.0,28524.0,28524.0,733854.0,91.0,149567.0,94.0,118246.0,118246.0,883421.0,Small
460,2025 Q3,2025-09-30,Fine_Dine_Vegetarian,166781.0,166781.0,30676.0,30676.0,833907.0,92.0,161269.0,94.0,136105.0,136105.0,995176.0,Small
461,2024 Q2,2024-06-30,Fine_Dine_Vegetarian,151022.0,152702.0,33882.0,33882.0,763512.0,91.0,177722.0,101.0,117140.0,118820.0,941234.0,Small
461,2024 Q3,2024-09-30,Fine_Dine_Vegetarian,146818.0,146818.0,30898.0,30898.0,734091.0,92.0,162272.0,94.0,115920.0,115920.0,896363.0,Small
461,2024 Q4,2024-12-31,Fine_Dine_Vegetarian,191636.0,191636.0,39521.0,39521.0,958184.0,92.0,206534.0,94.0,152115.0,152115.0,1164718.0,Small
461,2025 Q1,2025-03-31,Fine_Dine_Vegetarian,184872.0,184872.0,38554.0,38554.0,924362.0,91.0,201587.0,94.0,146318.0,146318.0,1125949.0,Small
461,2025 Q2,2025-06-30,Fine_Dine_Vegetarian,155912.0,158608.0,33322.0,33322.0,793041.0,91.0,174753.0,94.0,122590.0,125286.0,967794.0,Small
461,2025 Q3,2025-09-30,Fine_Dine_Vegetarian,152358.0,152358.0,31135.0,31135.0,761791.0,92.0,163534.0,94.0,121223.0,121223.0,925325.0,Small
462,2024 Q2,2024-06-30,Fine_Dine_Vegetarian,113729.0,131175.0,20338.0,20338.0,655877.0,91.0,131479.0,101.0,93391.0,110837.0,787356.0,Small
462,2024 Q3,2024-09-30,Fine_Dine_Vegetarian,114972.0,132000.0,18960.0,18960.0,660000.0,92.0,124683.0,94.0,96012.0,113040.0,784683.0,Small
462,2024 Q4,2024-12-31,Fine_Dine_Vegetarian,155642.0,179725.0,25428.0,25428.0,898625.0,92.0,163936.0,94.0,130214.0,154297.0,1062561.0,Small
462,2025 Q1,2025-03-31,Fine_Dine_Vegetarian,156909.0,180148.0,26819.05,26819.05,900741.0,91.0,166781.24,95.0,130089.95,153328.95,1067522.24,Small
462,2025 Q2,2025-06-30,Fine_Dine_Vegetarian,139902.0,160438.0,22880.0,22880.0,802192.0,91.0,150752.58,95.0,117022.0,137558.0,952944.58,Small
462,2025 Q3,2025-09-30,Fine_Dine_Vegetarian,138566.0,159822.0,21561.0,21561.0,799112.0,92.0,143017.0,94.0,117005.0,138261.0,942129.0,Small
463,2024 Q2,2024-06-30,Fine_Dine_Vegetarian,271083.0,274376.0,54615.0,54615.0,1371880.0,91.0,326417.0,101.0,216468.0,219761.0,1698297.0,Medium
463,2024 Q3,2024-09-30,Fine_Dine_Vegetarian,276907.0,276906.0,54663.76,54663.76,1384534.0,92.0,327329.82,95.0,222243.24,222242.24,1711863.82,Medium
463,2024 Q4,2024-12-31,Fine_Dine_Vegetarian,378021.0,378021.0,68604.0,68604.0,1890107.0,92.0,410214.0,94.0,309417.0,309417.0,2300321.0,Medium
463,2025 Q1,2025-03-31,Fine_Dine_Vegetarian,379805.0,379805.0,72067.0,72067.0,1899026.0,91.0,417733.0,94.0,307738.0,307738.0,2316759.0,Medium
463,2025 Q2,2025-06-30,Fine_Dine_Vegetarian,339018.0,339018.0,62059.0,62059.0,1695092.0,91.0,372376.0,94.0,276959.0,276959.0,2067468.0,Medium
463,2025 Q3,2025-09-30,Fine_Dine_Vegetarian,333375.0,338452.0,58957.0,58957.0,1692263.0,92.0,359044.0,94.0,274418.0,279495.0,2051307.0,Medium
464,2024 Q2,2024-06-30,Fine_Dine_Vegetarian,162272.0,162272.0,28710.0,28710.0,811362.0,91.0,179777.0,101.0,133562.0,133562.0,991139.0,Small
464,2024 Q3,2024-09-30,Fine_Dine_Vegetarian,155432.0,157161.0,26005.0,26005.0,785808.0,92.0,165025.0,94.0,129427.0,131156.0,950833.0,Small
464,2024 Q4,2024-12-31,Fine_Dine_Vegetarian,206615.0,206615.0,33813.0,33813.0,1033075.0,92.0,210666.0,94.0,172802.0,172802.0,1243741.0,Small
464,2025 Q1,2025-03-31,Fine_Dine_Vegetarian,200697.0,200697.0,34572.0,34572.0,1003488.0,91.0,208712.0,94.0,166125.0,166125.0,1212200.0,Small
464,2025 Q2,2025-06-30,Fine_Dine_Vegetarian,173407.0,173407.0,28933.0,28933.0,867038.0,91.0,181159.0,94.0,144474.0,144474.0,1048197.0,Small
464,2025 Q3,2025-09-30,Fine_Dine_Vegetarian,167786.0,167786.0,26744.0,26744.0,838933.0,92.0,170133.0,94.0,141042.0,141042.0,1009066.0,Small
465,2024 Q2,2024-06-30,Fine_Dine_Vegetarian,625495.0,696542.0,139611.0,139611.0,3482713.0,91.0,735501.0,101.0,485884.0,556931.0,4218214.0,Large
465,2024 Q3,2024-09-30,Fine_Dine_Vegetarian,579131.0,664904.0,125729.0,125729.0,3324523.0,92.0,663427.0,94.0,453402.0,539175.0,3987950.0,Large
465,2024 Q4,2024-12-31,Fine_Dine_Vegetarian,644582.0,860590.0,165257.83,165257.83,4302954.0,92.0,865919.14,95.0,479324.17,695332.17,5168873.14,Large
465,2025 Q1,2025-03-31,Fine_Dine_Vegetarian,704208.0,820754.0,159117.83,159117.83,4103774.0,91.0,834248.14,95.0,545090.17,661636.17,4938022.14,Large
465,2025 Q2,2025-06-30,Fine_Dine_Vegetarian,609741.0,699244.0,133013.0,133013.0,3496224.0,91.0,700505.0,94.0,476728.0,566231.0,4196729.0,Large
465,2025 Q3,2025-09-30,Fine_Dine_Vegetarian,575483.0,668389.0,123321.0,123321.0,3341947.0,92.0,650668.0,94.0,452162.0,545068.0,3992615.0,Large
466,2024 Q2,2024-06-30,Fine_Dine_Vegetarian,150031.0,150031.0,33470.0,33470.0,750158.0,91.0,175656.0,101.0,116561.0,116561.0,925814.0,Small
466,2024 Q3,2024-09-30,Fine_Dine_Vegetarian,98481.0,98481.0,22809.0,22809.0,492405.0,92.0,119457.0,94.0,75672.0,75672.0,611862.0,Small
466,2024 Q4,2024-12-31,Fine_Dine_Vegetarian,162664.0,164473.0,35580.3,35580.3,822369.0,92.0,185954.49,95.0,127083.7,128892.7,1008323.49,Small
466,2025 Q1,2025-03-31,Fine_Dine_Vegetarian,215900.0,215900.0,44566.0,44566.0,1079500.0,91.0,233508.0,94.0,171334.0,171334.0,1313008.0,Small
466,2025 Q2,2025-06-30,Fine_Dine_Vegetarian,165538.0,165538.0,36450.86,36450.86,827693.0,91.0,190920.3,95.0,129087.14,129087.14,1018613.3,Small
466,2025 Q3,2025-09-30,Fine_Dine_Vegetarian,105008.0,105008.0,23367.0,23367.0,525040.0,92.0,122430.0,94.0,81641.0,81641.0,647470.0,Small
467,2024 Q2,2024-06-30,Fine_Dine_Vegetarian,170477.0,295454.0,69169.0,69169.0,1477273.0,91.0,345849.0,101.0,101308.0,226285.0,1823122.0,Medium
467,2024 Q3,2024-09-30,Fine_Dine_Vegetarian,164178.0,284045.0,67483.25,67483.25,1420225.0,92.0,337419.24,95.0,96694.75,216561.75,1757644.24,Medium
467,2024 Q4,2024-12-31,Fine_Dine_Vegetarian,214667.0,370754.0,79793.0,79793.0,1853773.0,92.0,398966.0,94.0,134874.0,290961.0,2252739.0,Medium
467,2025 Q1,2025-03-31,Fine_Dine_Vegetarian,207106.0,357696.0,77969.0,77969.0,1788483.0,91.0,389846.0,94.0,129137.0,279727.0,2178329.0,Medium
467,2025 Q2,2025-06-30,Fine_Dine_Vegetarian,176177.0,306929.0,68077.0,68077.0,1534647.0,91.0,340389.0,94.0,108100.0,238852.0,1875036.0,Medium
467,2025 Q3,2025-09-30,Fine_Dine_Vegetarian,168687.0,294908.0,63991.0,63992.0,1474540.0,92.0,319960.0,94.0,104696.0,230916.0,1794500.0,Medium
468,2024 Q2,2024-06-30,Fine_Dine_Vegetarian,137049.0,137049.0,33203.0,33203.0,685245.0,91.0,166016.0,101.0,103846.0,103846.0,851261.0,Small
468,2024 Q3,2024-09-30,Fine_Dine_Vegetarian,137092.0,137092.0,31358.0,31358.0,685460.0,92.0,156793.0,94.0,105734.0,105734.0,842253.0,Small
468,2024 Q4,2024-12-31,Fine_Dine_Vegetarian,185645.0,185645.0,41200.0,41200.0,928229.0,92.0,206001.0,94.0,144445.0,144445.0,1134230.0,Small
468,2025 Q1,2025-03-31,Fine_Dine_Vegetarian,183140.0,185177.0,41504.0,41503.0,925889.0,91.0,207519.0,94.0,141636.0,143674.0,1133408.0,Small
468,2025 Q2,2025-06-30,Fine_Dine_Vegetarian,164142.0,164142.0,36972.0,36972.0,820710.0,91.0,184860.0,94.0,127170.0,127170.0,1005570.0,Small
468,2025 Q3,2025-09-30,Fine_Dine_Vegetarian,160326.0,162768.0,35480.0,35480.0,813841.0,92.0,177400.0,94.0,124846.0,127288.0,991241.0,Small
469,2024 Q2,2024-06-30,Fine_Dine_Vegetarian,124702.0,126089.0,23604.0,23604.0,630445.0,91.0,139391.0,101.0,101098.0,102485.0,769836.0,Small
469,2024 Q3,2024-09-30,Fine_Dine_Vegetarian,171952.0,171952.0,29655.0,29655.0,859760.0,92.0,179078.0,94.0,142297.0,142297.0,1038838.0,Small
469,2024 Q4,2024-12-31,Fine_Dine_Vegetarian,134487.0,134487.0,23192.0,23192.0,672438.0,92.0,136181.0,94.0,111295.0,111295.0,808619.0,Small
469,2025 Q1,2025-03-31,Fine_Dine_Vegetarian,127396.0,127396.0,23939.0,23939.0,636981.0,91.0,136766.0,94.0,103457.0,103457.0,773747.0,Small
469,2025 Q2,2025-06-30,Fine_Dine_Vegetarian,144884.0,144884.0,26126.0,26126.0,724420.0,91.0,155874.0,94.0,118758.0,118758.0,880294.0,Small
469,2025 Q3,2025-09-30,Fine_Dine_Vegetarian,250767.0,250767.0,38073.0,38073.0,1253837.0,92.0,233370.0,94.0,212694.0,212694.0,1487207.0,Small
470,2024 Q2,2024-06-30,Fine_Dine_Vegetarian,158477.0,161054.0,42454.0,42454.0,805272.0,91.0,212272.0,101.0,116023.0,118600.0,1017544.0,Small
470,2024 Q3,2024-09-30,Fine_Dine_Vegetarian,166705.0,166704.0,41256.0,41256.0,833524.0,92.0,206283.0,94.0,125449.0,125448.0,1039807.0,Small
470,2024 Q4,2024-12-31,Fine_Dine_Vegetarian,228602.0,232555.0,56287.0,56287.0,1162777.0,92.0,281437.0,94.0,172315.0,176268.0,1444214.0,Small
470,2025 Q1,2025-03-31,Fine_Dine_Vegetarian,232956.0,237953.0,58190.0,58189.0,1189768.0,91.0,290949.0,94.0,174766.0,179764.0,1480717.0,Small
470,2025 Q2,2025-06-30,Fine_Dine_Vegetarian,215961.0,215961.0,52543.0,52543.0,1079805.0,91.0,262719.0,94.0,163418.0,163418.0,1342524.0,Small
470,2025 Q3,2025-09-30,Fine_Dine_Vegetarian,218890.0,218890.0,51599.43,51599.43,1094452.0,92.0,258001.13,95.0,167290.57,167290.57,1352453.13,Small
471,2024 Q2,2024-06-30,Fine_Dine_Vegetarian,304955.0,308972.0,70578.0,70578.0,1544864.0,91.0,352894.0,101.0,234377.0,238394.0,1897758.0,Medium
471,2024 Q3,2024-09-30,Fine_Dine_Vegetarian,286408.0,292553.0,63669.0,63669.0,1462765.0,92.0,318348.0,94.0,222739.0,228884.0,1781113.0,Medium
471,2024 Q4,2024-12-31,Fine_Dine_Vegetarian,366343.0,378453.0,80023.0,80023.0,1892268.0,92.0,400116.0,94.0,286320.0,298430.0,2292384.0,Medium
471,2025 Q1,2025-03-31,Fine_Dine_Vegetarian,358423.0,363512.0,77922.0,77922.0,1817562.0,91.0,389611.0,94.0,280501.0,285590.0,2207173.0,Medium
471,2025 Q2,2025-06-30,Fine_Dine_Vegetarian,308525.0,311957.0,67707.0,67706.0,1559788.0,91.0,338534.0,94.0,240818.0,244251.0,1898322.0,Medium
471,2025 Q3,2025-09-30,Fine_Dine_Vegetarian,288980.0,295179.0,62719.0,62719.0,1475896.0,92.0,313595.0,94.0,226261.0,232460.0,1789491.0,Medium
472,2024 Q2,2024-06-30,Fine_Dine_Vegetarian,128131.0,150389.0,27037.0,27037.0,751945.0,91.0,159203.0,101.0,101094.0,123352.0,911148.0,Small
472,2024 Q3,2024-09-30,Fine_Dine_Vegetarian,120884.0,140891.0,23989.27,23989.27,704458.0,92.0,142561.34,95.0,96894.73,116901.73,847019.34,Small
472,2024 Q4,2024-12-31,Fine_Dine_Vegetarian,148442.0,179278.0,31695.33,31695.33,896393.0,92.0,184680.67,95.0,116746.67,147582.66999999998,1081073.67,Small
472,2025 Q1,2025-03-31,Fine_Dine_Vegetarian,141952.0,168790.0,29968.0,29968.0,843953.0,91.0,170834.0,94.0,111984.0,138822.0,1014787.0,Small
472,2025 Q2,2025-06-30,Fine_Dine_Vegetarian,120900.0,141238.0,24506.0,24506.0,706193.0,91.0,143794.0,94.0,96394.0,116732.0,849987.0,Small
472,2025 Q3,2025-09-30,Fine_Dine_Vegetarian,114133.0,132252.0,22178.0,22178.0,661261.0,92.0,131609.0,94.0,91955.0,110074.0,792870.0,Small
473,2024 Q2,2024-06-30,Fine_Dine_Vegetarian,394770.0,566384.0,141832.68,141832.68,2831923.0,91.0,742170.42,102.0,252937.32,424551.32,3574093.42,Large
473,2024 Q3,2024-09-30,Fine_Dine_Vegetarian,308512.0,471731.0,110347.0,110347.0,2358657.0,92.0,578780.0,94.0,198165.0,361384.0,2937437.0,Large
473,2024 Q4,2024-12-31,Fine_Dine_Vegetarian,372441.0,693559.0,156187.0,156187.0,3467795.0,92.0,816011.0,94.0,216254.0,537372.0,4283806.0,Large
473,2025 Q1,2025-03-31,Fine_Dine_Vegetarian,461467.0,735992.0,164582.0,164582.0,3679962.0,91.0,860725.0,94.0,296885.0,571410.0,4540687.0,Large
473,2025 Q2,2025-06-30,Fine_Dine_Vegetarian,395405.0,556125.0,126909.0,126909.0,2780628.0,91.0,665122.0,94.0,268496.0,429216.0,3445750.0,Large
473,2025 Q3,2025-09-30,Fine_Dine_Vegetarian,288476.0,470597.0,107430.0,107430.0,2352987.0,92.0,563349.0,94.0,181046.0,363167.0,2916336.0,Large
474,2024 Q2,2024-06-30,Fine_Dine_Vegetarian,142259.0,142259.0,31605.0,31605.0,711298.0,91.0,165904.73,102.0,110654.0,110654.0,877202.73,Small
474,2024 Q3,2024-09-30,Fine_Dine_Vegetarian,147907.0,147907.0,30875.0,30875.0,739536.0,92.0,161804.0,94.0,117032.0,117032.0,901340.0,Small
474,2024 Q4,2024-12-31,Fine_Dine_Vegetarian,207122.0,207122.0,41391.72,41391.72,1035611.0,92.0,216092.59,95.0,165730.28,165730.28,1251703.59,Small
474,2025 Q1,2025-03-31,Fine_Dine_Vegetarian,206667.0,212620.0,42554.51,42554.51,1063102.0,91.0,222373.53,95.0,164112.49,170065.49,1285475.53,Small
474,2025 Q2,2025-06-30,Fine_Dine_Vegetarian,191227.0,193550.0,38876.0,38876.0,967750.0,91.0,203783.0,94.0,152351.0,154674.0,1171533.0,Small
474,2025 Q3,2025-09-30,Fine_Dine_Vegetarian,194362.0,196723.0,38073.0,38073.0,983615.0,92.0,199952.0,94.0,156289.0,158650.0,1183567.0,Small
475,2024 Q2,2024-06-30,Fine_Dine_Vegetarian,573723.0,587831.0,137948.0,137948.0,2939158.0,91.0,689740.0,101.0,435775.0,449883.0,3628898.0,Large
475,2024 Q3,2024-09-30,Fine_Dine_Vegetarian,568189.0,583356.0,129272.0,129272.0,2916781.0,92.0,646360.0,94.0,438917.0,454084.0,3563141.0,Large
475,2024 Q4,2024-12-31,Fine_Dine_Vegetarian,759481.0,784588.0,170580.0,170580.0,3922940.0,92.0,852902.0,94.0,588901.0,614008.0,4775842.0,Large
475,2025 Q1,2025-03-31,Fine_Dine_Vegetarian,762583.0,778146.0,170633.0,170633.0,3890732.0,91.0,853165.0,94.0,591950.0,607513.0,4743897.0,Large
475,2025 Q2,2025-06-30,Fine_Dine_Vegetarian,669062.0,686217.0,150650.0,150650.0,3431088.0,91.0,753253.0,94.0,518412.0,535567.0,4184341.0,Large
475,2025 Q3,2025-09-30,Fine_Dine_Vegetarian,668573.0,677379.0,144049.0,144049.0,3386898.0,92.0,720246.0,94.0,524524.0,533330.0,4107144.0,Large
476,2024 Q2,2024-06-30,Fine_Dine_Vegetarian,142641.0,142641.0,29071.0,29071.0,713209.0,91.0,172222.0,101.0,113570.0,113570.0,885431.0,Small
476,2024 Q3,2024-09-30,Fine_Dine_Vegetarian,140162.0,141721.0,27039.0,27039.0,708606.0,92.0,162001.0,94.0,113123.0,114682.0,870607.0,Small
476,2024 Q4,2024-12-31,Fine_Dine_Vegetarian,192532.0,192532.0,35883.0,35883.0,962664.0,92.0,212613.0,94.0,156649.0,156649.0,1175277.0,Small
476,2025 Q1,2025-03-31,Fine_Dine_Vegetarian,191366.0,194083.0,37745.0,37745.0,970418.0,91.0,217182.0,94.0,153621.0,156338.0,1187600.0,Small
476,2025 Q2,2025-06-30,Fine_Dine_Vegetarian,171938.0,174734.0,32758.0,32757.0,873672.0,91.0,194838.0,94.0,139180.0,141977.0,1068510.0,Small
476,2025 Q3,2025-09-30,Fine_Dine_Vegetarian,176283.0,176283.0,31448.0,31448.0,881419.0,92.0,189699.0,94.0,144835.0,144835.0,1071118.0,Small
477,2024 Q2,2024-06-30,Fine_Dine_Vegetarian,318069.0,321607.0,66071.0,66071.0,1608039.0,91.0,330359.0,101.0,251998.0,255536.0,1938398.0,Medium
477,2024 Q3,2024-09-30,Fine_Dine_Vegetarian,311294.0,311294.0,60711.0,60711.0,1556470.0,92.0,303558.0,94.0,250583.0,250583.0,1860028.0,Medium
477,2024 Q4,2024-12-31,Fine_Dine_Vegetarian,408976.0,408976.0,76995.0,76995.0,2044880.0,92.0,384979.0,94.0,331981.0,331981.0,2429859.0,Medium
477,2025 Q1,2025-03-31,Fine_Dine_Vegetarian,396982.0,396982.0,75610.0,75610.0,1984912.0,91.0,378052.0,94.0,321372.0,321372.0,2362964.0,Medium
477,2025 Q2,2025-06-30,Fine_Dine_Vegetarian,342729.0,342729.0,66427.0,66427.0,1713646.0,91.0,332138.0,94.0,276302.0,276302.0,2045784.0,Medium
477,2025 Q3,2025-09-30,Fine_Dine_Vegetarian,331325.0,331325.0,62771.5,62772.5,1656628.0,92.0,313862.5,95.0,268553.5,268552.5,1970490.5,Medium
478,2024 Q2,2024-06-30,Fine_Dine_Vegetarian,186647.0,189875.0,44427.0,44427.0,949378.0,91.0,222137.0,101.0,142220.0,145448.0,1171515.0,Small
478,2024 Q3,2024-09-30,Fine_Dine_Vegetarian,183544.0,186150.0,43323.81,43323.81,930752.0,92.0,216621.06,95.0,140220.19,142826.19,1147373.06,Small
478,2024 Q4,2024-12-31,Fine_Dine_Vegetarian,244706.0,248938.0,53543.0,53543.0,1244692.0,92.0,267717.0,94.0,191163.0,195395.0,1512409.0,Small
478,2025 Q1,2025-03-31,Fine_Dine_Vegetarian,243208.0,246912.0,53778.0,53778.0,1234563.0,91.0,268894.0,94.0,189430.0,193134.0,1503457.0,Small
478,2025 Q2,2025-06-30,Fine_Dine_Vegetarian,215770.0,218834.0,47822.0,47822.0,1094173.0,91.0,239114.0,94.0,167948.0,171012.0,1333287.0,Small
478,2025 Q3,2025-09-30,Fine_Dine_Vegetarian,214725.0,217995.0,46066.0,46066.0,1089976.0,92.0,230331.0,94.0,168659.0,171929.0,1320307.0,Small
479,2024 Q2,2024-06-30,Fine_Dine_Vegetarian,80586.0,82063.0,16720.0,16720.0,410316.0,91.0,102040.0,101.0,63866.0,65343.0,512356.0,Small
479,2024 Q3,2024-09-30,Fine_Dine_Vegetarian,193412.0,196557.0,32896.11,32896.11,982786.0,92.0,210158.53,95.0,160515.89,163660.89,1192944.53,Small
479,2024 Q4,2024-12-31,Fine_Dine_Vegetarian,213384.0,222044.0,33065.0,33065.0,1110221.0,92.0,208367.0,94.0,180319.0,188979.0,1318588.0,Small
479,2025 Q1,2025-03-31,Fine_Dine_Vegetarian,259732.0,265575.0,42053.0,42053.0,1327876.0,91.0,259577.11,95.0,217679.0,223522.0,1587453.11,Small
479,2025 Q2,2025-06-30,Fine_Dine_Vegetarian,221915.0,225294.0,34055.0,34055.0,1126473.0,91.0,218156.0,94.0,187860.0,191239.0,1344629.0,Small
479,2025 Q3,2025-09-30,Fine_Dine_Vegetarian,94858.0,96498.0,17067.0,17067.0,482493.0,92.0,106060.0,94.0,77791.0,79431.0,588553.0,Small
480,2024 Q2,2024-06-30,Fine_Dine_Vegetarian,314673.0,327443.0,69219.0,69219.0,1637215.0,91.0,363611.0,101.0,245454.0,258224.0,2000826.0,Medium
480,2024 Q3,2024-09-30,Fine_Dine_Vegetarian,309400.0,321956.0,64256.0,64256.0,1609783.0,92.0,338051.0,94.0,245144.0,257700.0,1947834.0,Medium
480,2024 Q4,2024-12-31,Fine_Dine_Vegetarian,412958.0,429270.0,83720.0,83720.0,2146350.0,92.0,438251.0,94.0,329238.0,345550.0,2584601.0,Medium
480,2025 Q1,2025-03-31,Fine_Dine_Vegetarian,405888.0,422360.0,83422.0,83422.0,2111804.0,91.0,436904.0,94.0,322466.0,338938.0,2548708.0,Medium
480,2025 Q2,2025-06-30,Fine_Dine_Vegetarian,355866.0,369539.0,73106.0,73106.0,1847695.0,91.0,384170.0,94.0,282760.0,296433.0,2231865.0,Medium
480,2025 Q3,2025-09-30,Fine_Dine_Vegetarian,361957.0,361957.0,69246.0,69246.0,1809789.0,92.0,366068.19,95.0,292711.0,292711.0,2175857.19,Medium
481,2024 Q2,2024-06-30,Fine_Dine_Vegetarian,138210.0,140030.0,35195.0,35195.0,700153.0,91.0,185136.0,101.0,103015.0,104835.0,885289.0,Small
481,2024 Q3,2024-09-30,Fine_Dine_Vegetarian,138785.0,141473.0,33477.0,33477.0,707365.0,92.0,176398.0,94.0,105308.0,107996.0,883763.0,Small
481,2024 Q4,2024-12-31,Fine_Dine_Vegetarian,188263.0,193288.0,44654.0,44654.0,966442.0,92.0,234087.0,94.0,143609.0,148634.0,1200529.0,Small
481,2025 Q1,2025-03-31,Fine_Dine_Vegetarian,188678.0,194313.0,45186.0,45186.0,971566.0,91.0,237064.0,94.0,143492.0,149127.0,1208630.0,Small
481,2025 Q2,2025-06-30,Fine_Dine_Vegetarian,170397.0,173520.0,40370.0,40370.0,867602.0,91.0,212552.0,94.0,130027.0,133150.0,1080154.0,Small
481,2025 Q3,2025-09-30,Fine_Dine_Vegetarian,170508.0,173280.0,38901.0,38901.0,866400.0,92.0,205229.0,94.0,131607.0,134379.0,1071629.0,Small
482,2024 Q2,2024-06-30,Fine_Dine_Vegetarian,430620.0,435850.0,93707.0,93707.0,2179254.0,91.0,491468.0,101.0,336913.0,342143.0,2670722.0,Large
482,2024 Q3,2024-09-30,Fine_Dine_Vegetarian,318095.0,323926.0,66546.0,66546.0,1619633.0,92.0,348597.0,94.0,251549.0,257380.0,1968230.0,Large
482,2024 Q4,2024-12-31,Fine_Dine_Vegetarian,504849.0,523702.0,105067.0,105067.0,2618512.0,92.0,548778.0,94.0,399782.0,418635.0,3167290.0,Large
482,2025 Q1,2025-03-31,Fine_Dine_Vegetarian,460429.0,470786.0,96125.0,96125.0,2353933.0,91.0,502074.0,94.0,364304.0,374661.0,2856007.0,Large
482,2025 Q2,2025-06-30,Fine_Dine_Vegetarian,280386.0,284367.0,67467.37,67467.37,1421839.0,91.0,351427.83,95.0,212918.63,216899.63,1773266.83,Large
482,2025 Q3,2025-09-30,Fine_Dine_Vegetarian,380697.0,386494.0,78021.0,78020.0,1932473.0,92.0,409291.0,94.0,302676.0,308474.0,2341764.0,Large
483,2024 Q2,2024-06-30,Fine_Dine_Vegetarian,196302.0,196302.0,37890.0,37890.0,981511.0,91.0,226358.0,101.0,158412.0,158412.0,1207869.0,Small
483,2024 Q3,2024-09-30,Fine_Dine_Vegetarian,118749.0,118749.0,24418.0,24418.0,593748.0,92.0,144861.0,94.0,94331.0,94331.0,738609.0,Small
483,2024 Q4,2024-12-31,Fine_Dine_Vegetarian,218331.0,218331.0,39713.0,39713.0,1091657.0,92.0,235793.0,94.0,178618.0,178618.0,1327450.0,Small
483,2025 Q1,2025-03-31,Fine_Dine_Vegetarian,186372.0,186372.0,35934.0,35934.0,931862.0,91.0,206401.0,94.0,150438.0,150438.0,1138263.0,Small
483,2025 Q2,2025-06-30,Fine_Dine_Vegetarian,93015.0,93015.0,20729.0,20729.0,465077.0,91.0,120812.0,94.0,72286.0,72286.0,585889.0,Small
483,2025 Q3,2025-09-30,Fine_Dine_Vegetarian,171661.0,171661.0,31185.0,31185.0,858308.0,92.0,188401.0,94.0,140476.0,140476.0,1046709.0,Small
484,2024 Q2,2024-06-30,Fine_Dine_Vegetarian,432798.0,439389.0,99448.0,99448.0,2196948.0,91.0,497242.0,101.0,333350.0,339941.0,2694190.0,Large
484,2024 Q3,2024-09-30,Fine_Dine_Vegetarian,393297.0,398881.0,90449.0,90449.0,1994408.0,92.0,452247.0,94.0,302848.0,308432.0,2446655.0,Large
484,2024 Q4,2024-12-31,Fine_Dine_Vegetarian,576266.0,586232.0,121085.0,121085.0,2931163.0,92.0,605428.0,94.0,455181.0,465147.0,3536591.0,Large
484,2025 Q1,2025-03-31,Fine_Dine_Vegetarian,400912.0,406604.0,88542.3,88542.3,2033020.0,91.0,442715.5,95.0,312369.7,318061.7,2475735.5,Large
484,2025 Q2,2025-06-30,Fine_Dine_Vegetarian,359435.0,363433.0,84115.0,84115.0,1817165.0,91.0,420578.0,94.0,275320.0,279318.0,2237743.0,Large
484,2025 Q3,2025-09-30,Fine_Dine_Vegetarian,396145.0,401770.0,86137.0,86137.0,2008850.0,92.0,430689.0,94.0,310008.0,315633.0,2439539.0,Large
485,2024 Q2,2024-06-30,Fine_Dine_Vegetarian,239553.0,276301.0,66842.0,66842.0,1381507.0,91.0,334210.0,101.0,172711.0,209459.0,1715717.0,Medium
485,2024 Q3,2024-09-30,Fine_Dine_Vegetarian,357557.0,417219.0,94681.38,94681.38,2086098.0,92.0,473408.88,95.0,262875.62,322537.62,2559506.88,Medium
485,2024 Q4,2024-12-31,Fine_Dine_Vegetarian,396921.0,531353.0,112837.0,112837.0,2656769.0,92.0,564186.0,94.0,284084.0,418516.0,3220955.0,Medium
485,2025 Q1,2025-03-31,Fine_Dine_Vegetarian,246913.0,296771.0,68665.0,68665.0,1483855.0,91.0,343326.0,94.0,178248.0,228106.0,1827181.0,Medium
485,2025 Q2,2025-06-30,Fine_Dine_Vegetarian,351598.0,402286.0,89326.0,89326.0,2011430.0,91.0,446633.0,94.0,262272.0,312960.0,2458063.0,Medium
485,2025 Q3,2025-09-30,Fine_Dine_Vegetarian,268565.0,322795.0,70588.0,70588.0,1613975.0,92.0,352944.0,94.0,197977.0,252207.0,1966919.0,Medium
486,2024 Q2,2024-06-30,Fine_Dine_Vegetarian,257774.0,257774.0,42700.0,42700.0,1288871.0,91.0,272765.0,101.0,215074.0,215074.0,1561636.0,Medium
486,2024 Q3,2024-09-30,Fine_Dine_Vegetarian,246102.0,249596.0,38711.0,38711.0,1247980.0,92.0,250789.0,94.0,207391.0,210885.0,1498769.0,Medium
486,2024 Q4,2024-12-31,Fine_Dine_Vegetarian,330269.0,330269.0,50238.0,50238.0,1651346.0,92.0,319643.0,94.0,280031.0,280031.0,1970989.0,Medium
486,2025 Q1,2025-03-31,Fine_Dine_Vegetarian,320364.0,325243.0,51973.0,51973.0,1626217.0,91.0,319853.0,94.0,268391.0,273270.0,1946070.0,Medium
486,2025 Q2,2025-06-30,Fine_Dine_Vegetarian,287358.0,287358.0,44508.0,44508.0,1436791.0,91.0,284910.0,94.0,242850.0,242850.0,1721701.0,Medium
486,2025 Q3,2025-09-30,Fine_Dine_Vegetarian,282133.0,286721.0,42111.0,42111.0,1433606.0,92.0,274597.0,94.0,240022.0,244610.0,1708203.0,Medium
487,2024 Q2,2024-06-30,Fine_Dine_Vegetarian,133752.0,135240.0,29103.0,29103.0,676200.0,91.0,152274.0,101.0,104649.0,106137.0,828474.0,Small
487,2024 Q3,2024-09-30,Fine_Dine_Vegetarian,130905.0,130905.0,28257.33,28257.33,654529.0,92.0,147656.67,95.0,102647.67,102647.67,802185.67,Small
487,2024 Q4,2024-12-31,Fine_Dine_Vegetarian,171970.0,171970.0,34193.0,34193.0,859850.0,92.0,178319.0,94.0,137777.0,137777.0,1038169.0,Small
487,2025 Q1,2025-03-31,Fine_Dine_Vegetarian,166900.0,166900.0,33583.0,33583.0,834501.0,91.0,175221.0,94.0,133317.0,133317.0,1009722.0,Small
487,2025 Q2,2025-06-30,Fine_Dine_Vegetarian,144055.0,144055.0,29247.0,29247.0,720275.0,91.0,153025.0,94.0,114808.0,114808.0,873300.0,Small
487,2025 Q3,2025-09-30,Fine_Dine_Vegetarian,139214.0,139214.0,27475.0,27475.0,696071.0,92.0,143966.0,94.0,111739.0,111739.0,840037.0,Small
488,2024 Q2,2024-06-30,Fine_Dine_Vegetarian,224561.0,227749.0,62879.0,62879.0,1138745.0,91.0,314398.0,101.0,161682.0,164870.0,1453143.0,Medium
488,2024 Q3,2024-09-30,Fine_Dine_Vegetarian,219790.0,224275.0,59016.0,59016.0,1121376.0,92.0,295083.0,94.0,160774.0,165259.0,1416459.0,Medium
488,2024 Q4,2024-12-31,Fine_Dine_Vegetarian,287506.0,299485.0,75181.0,75181.0,1497427.0,92.0,375907.0,94.0,212325.0,224304.0,1873334.0,Medium
488,2025 Q1,2025-03-31,Fine_Dine_Vegetarian,291559.0,295100.0,74786.0,74786.0,1475502.0,91.0,373934.0,94.0,216773.0,220314.0,1849436.0,Medium
488,2025 Q2,2025-06-30,Fine_Dine_Vegetarian,255746.0,258590.0,66783.29,66783.29,1292954.0,91.0,333919.44,95.0,188962.71,191806.71,1626873.44,Medium
488,2025 Q3,2025-09-30,Fine_Dine_Vegetarian,248614.0,253688.0,63614.0,63614.0,1268442.0,92.0,318074.0,94.0,185000.0,190074.0,1586516.0,Medium
489,2024 Q2,2024-06-30,Fine_Dine_Vegetarian,246965.0,246965.0,55907.0,55907.0,1234827.0,91.0,292167.0,101.0,191058.0,191058.0,1526994.0,Medium
489,2024 Q3,2024-09-30,Fine_Dine_Vegetarian,230970.0,230970.0,50374.0,50375.0,1154852.0,92.0,263376.0,94.0,180596.0,180595.0,1418228.0,Medium
489,2024 Q4,2024-12-31,Fine_Dine_Vegetarian,293364.0,293365.0,61464.0,61464.0,1466825.0,92.0,320167.0,94.0,231900.0,231901.0,1786992.0,Medium
489,2025 Q1,2025-03-31,Fine_Dine_Vegetarian,275687.0,275687.0,58894.0,58894.0,1378436.0,91.0,306831.0,94.0,216793.0,216793.0,1685267.0,Medium
489,2025 Q2,2025-06-30,Fine_Dine_Vegetarian,230213.0,230213.0,50709.0,50709.0,1151065.0,91.0,264652.0,94.0,179504.0,179504.0,1415717.0,Medium
489,2025 Q3,2025-09-30,Fine_Dine_Vegetarian,212286.0,215082.0,46831.0,46831.0,1075410.0,92.0,244592.0,94.0,165455.0,168251.0,1320002.0,Medium
490,2024 Q2,2024-06-30,Fine_Dine_Vegetarian,163283.0,165266.0,39540.0,39540.0,826333.0,91.0,197702.0,101.0,123743.0,125726.0,1024035.0,Small
490,2024 Q3,2024-09-30,Fine_Dine_Vegetarian,168819.0,168819.0,38043.0,38043.0,844095.0,92.0,190217.0,94.0,130776.0,130776.0,1034312.0,Small
490,2024 Q4,2024-12-31,Fine_Dine_Vegetarian,232866.0,232866.0,51347.0,51347.0,1164331.0,92.0,256735.0,94.0,181519.0,181519.0,1421066.0,Small
490,2025 Q1,2025-03-31,Fine_Dine_Vegetarian,232717.0,236021.0,52413.0,52413.0,1180105.0,91.0,262066.0,94.0,180304.0,183608.0,1442171.0,Small
490,2025 Q2,2025-06-30,Fine_Dine_Vegetarian,212360.0,212360.0,47085.0,47085.0,1061802.0,91.0,235429.0,94.0,165275.0,165275.0,1297231.0,Small
490,2025 Q3,2025-09-30,Fine_Dine_Vegetarian,213545.0,213545.0,45756.0,45756.0,1067728.0,92.0,228782.0,94.0,167789.0,167789.0,1296510.0,Small
491,2024 Q2,2024-06-30,Fine_Dine_Vegetarian,119906.0,133229.0,33786.0,33786.0,666149.0,91.0,168934.0,101.0,86120.0,99443.0,835083.0,Small
491,2024 Q3,2024-09-30,Fine_Dine_Vegetarian,113017.0,128868.0,31171.0,31171.0,644340.0,92.0,155858.0,94.0,81846.0,97697.0,800198.0,Small
491,2024 Q4,2024-12-31,Fine_Dine_Vegetarian,147698.0,169185.0,39360.0,39360.0,845925.0,92.0,196802.0,94.0,108338.0,129825.0,1042727.0,Small
491,2025 Q1,2025-03-31,Fine_Dine_Vegetarian,146875.0,164106.0,38645.0,38645.0,820531.0,91.0,193229.0,94.0,108230.0,125461.0,1013760.0,Small
491,2025 Q2,2025-06-30,Fine_Dine_Vegetarian,127979.0,141570.0,33879.0,33879.0,707853.0,91.0,169398.0,94.0,94100.0,107691.0,877251.0,Small
491,2025 Q3,2025-09-30,Fine_Dine_Vegetarian,118698.0,136749.0,31967.0,31967.0,683745.0,92.0,159838.0,94.0,86731.0,104782.0,843583.0,Small
492,2024 Q2,2024-06-30,Fine_Dine_Vegetarian,142138.0,145187.0,35395.42,35395.42,725937.0,91.0,176978.1,102.0,106742.58,109791.58,902915.1,Small
492,2024 Q3,2024-09-30,Fine_Dine_Vegetarian,146547.0,148930.0,33750.0,33750.0,744653.0,92.0,168754.0,94.0,112797.0,115180.0,913407.0,Small
492,2024 Q4,2024-12-31,Fine_Dine_Vegetarian,199410.0,206215.0,44999.0,44999.0,1031076.0,92.0,224995.0,94.0,154411.0,161216.0,1256071.0,Small
492,2025 Q1,2025-03-31,Fine_Dine_Vegetarian,206576.0,209722.0,45972.0,45972.0,1048610.0,91.0,229860.0,94.0,160604.0,163750.0,1278470.0,Small
492,2025 Q2,2025-06-30,Fine_Dine_Vegetarian,186103.0,189321.0,43445.38,43445.38,946605.0,91.0,217230.91,95.0,142657.62,145875.62,1163835.91,Small
492,2025 Q3,2025-09-30,Fine_Dine_Vegetarian,187549.0,190987.0,41290.16,41290.16,954938.0,92.0,206451.78,95.0,146258.84,149696.84,1161389.78,Small
493,2024 Q2,2024-06-30,Fine_Dine_Vegetarian,166130.0,166130.0,36261.0,36261.0,830651.0,91.0,189911.0,101.0,129869.0,129869.0,1020562.0,Small
493,2024 Q3,2024-09-30,Fine_Dine_Vegetarian,162823.0,162823.0,33673.0,33673.0,814116.0,92.0,176584.0,94.0,129150.0,129150.0,990700.0,Small
493,2024 Q4,2024-12-31,Fine_Dine_Vegetarian,217912.0,217912.0,43794.0,43794.0,1089561.0,92.0,228634.0,94.0,174118.0,174118.0,1318195.0,Small
493,2025 Q1,2025-03-31,Fine_Dine_Vegetarian,216424.0,216424.0,43847.0,43847.0,1082123.0,91.0,229065.0,94.0,172577.0,172577.0,1311188.0,Small
493,2025 Q2,2025-06-30,Fine_Dine_Vegetarian,192021.0,192021.0,39080.0,39080.0,960106.0,91.0,204789.0,94.0,152941.0,152941.0,1164895.0,Small
493,2025 Q3,2025-09-30,Fine_Dine_Vegetarian,188720.0,191206.0,37620.0,37620.0,956034.0,92.0,197484.0,94.0,151100.0,153586.0,1153518.0,Small
494,2024 Q2,2024-06-30,Fine_Dine_Vegetarian,97010.0,97010.0,19314.4,19314.4,485054.0,91.0,113114.98,102.0,77695.6,77695.6,598168.98,Small
494,2024 Q3,2024-09-30,Fine_Dine_Vegetarian,172797.0,172797.0,28984.35,28984.35,863989.0,92.0,174565.76,95.0,143812.65,143812.65,1038554.76,Small
494,2024 Q4,2024-12-31,Fine_Dine_Vegetarian,178158.0,178158.0,31155.94,31155.94,890791.0,92.0,182760.7,95.0,147002.06,147002.06,1073551.7,Small
494,2025 Q1,2025-03-31,Fine_Dine_Vegetarian,128072.0,128072.0,23584.0,23584.0,640364.0,91.0,136052.93,95.0,104488.0,104488.0,776416.9299999999,Small
494,2025 Q2,2025-06-30,Fine_Dine_Vegetarian,90193.0,91566.0,17853.0,17853.0,457832.0,91.0,104309.0,94.0,72340.0,73713.0,562141.0,Small
494,2025 Q3,2025-09-30,Fine_Dine_Vegetarian,94883.0,96035.0,17320.0,17320.0,480178.0,92.0,102177.0,94.0,77563.0,78715.0,582355.0,Small
495,2024 Q2,2024-06-30,Fine_Dine_Vegetarian,248404.0,317652.0,79808.01,79808.01,1588263.0,91.0,399042.07,102.0,168595.99,237843.99,1987305.07,Medium
495,2024 Q3,2024-09-30,Fine_Dine_Vegetarian,360698.0,394206.0,88913.15,88913.15,1971034.0,92.0,444568.74,95.0,271784.85,305292.85,2415602.74,Medium
495,2024 Q4,2024-12-31,Fine_Dine_Vegetarian,366163.0,400616.0,89950.0,89950.0,2003080.0,92.0,449753.0,94.0,276213.0,310666.0,2452833.0,Medium
495,2025 Q1,2025-03-31,Fine_Dine_Vegetarian,241380.0,311860.0,72796.0,72796.0,1559300.0,91.0,363981.0,94.0,168584.0,239064.0,1923281.0,Medium
495,2025 Q2,2025-06-30,Fine_Dine_Vegetarian,226906.0,285058.0,67583.0,67583.0,1425290.0,91.0,337915.0,94.0,159323.0,217475.0,1763205.0,Medium
495,2025 Q3,2025-09-30,Fine_Dine_Vegetarian,259340.0,279461.0,64684.0,64684.0,1397305.0,92.0,323420.0,94.0,194656.0,214777.0,1720725.0,Medium
496,2024 Q2,2024-06-30,Fine_Dine_Vegetarian,154336.0,154336.0,34736.41,34736.41,771682.0,91.0,181474.04,102.0,119599.59,119599.59,953156.04,Small
496,2024 Q3,2024-09-30,Fine_Dine_Vegetarian,151494.0,151494.0,30598.0,30598.0,757473.0,92.0,160444.0,94.0,120896.0,120896.0,917917.0,Small
496,2024 Q4,2024-12-31,Fine_Dine_Vegetarian,202883.0,202883.0,39601.0,39601.0,1014418.0,92.0,206777.0,94.0,163282.0,163282.0,1221195.0,Small
496,2025 Q1,2025-03-31,Fine_Dine_Vegetarian,198527.0,201550.0,39617.0,39617.0,1007751.0,91.0,207010.0,94.0,158910.0,161933.0,1214761.0,Small
496,2025 Q2,2025-06-30,Fine_Dine_Vegetarian,178953.0,178953.0,35423.0,35423.0,894768.0,91.0,185645.0,94.0,143530.0,143530.0,1080413.0,Small
496,2025 Q3,2025-09-30,Fine_Dine_Vegetarian,178624.0,178624.0,34220.0,34220.0,893123.0,92.0,179647.0,94.0,144404.0,144404.0,1072770.0,Small
497,2024 Q2,2024-06-30,Fine_Dine_Vegetarian,162330.0,302855.0,75730.94,75730.94,1514277.0,91.0,378656.72,102.0,86599.06,227124.06,1892933.72,Medium
497,2024 Q3,2024-09-30,Fine_Dine_Vegetarian,156941.0,285348.0,65275.0,65275.0,1426740.0,92.0,326378.0,94.0,91666.0,220073.0,1753118.0,Medium
497,2024 Q4,2024-12-31,Fine_Dine_Vegetarian,197755.0,367574.0,82043.0,82043.0,1837874.0,92.0,410216.0,94.0,115712.0,285531.0,2248090.0,Medium
497,2025 Q1,2025-03-31,Fine_Dine_Vegetarian,198118.0,352523.0,79645.0,79645.0,1762615.0,91.0,398227.0,94.0,118473.0,272878.0,2160842.0,Medium
497,2025 Q2,2025-06-30,Fine_Dine_Vegetarian,163743.0,298801.0,68439.0,68439.0,1494005.0,91.0,342199.0,94.0,95304.0,230362.0,1836204.0,Medium
497,2025 Q3,2025-09-30,Fine_Dine_Vegetarian,158413.0,284915.0,63651.0,63651.0,1424576.0,92.0,318257.0,94.0,94762.0,221264.0,1742833.0,Medium
498,2024 Q2,2024-06-30,Fine_Dine_Vegetarian,119838.0,170466.0,35929.43,35929.43,852333.0,91.0,179651.16,102.0,83908.57,134536.57,1031984.16,Small
498,2024 Q3,2024-09-30,Fine_Dine_Vegetarian,112228.0,171865.0,33987.0,33987.0,859329.0,92.0,169938.0,94.0,78241.0,137878.0,1029267.0,Small
498,2024 Q4,2024-12-31,Fine_Dine_Vegetarian,126563.0,234376.0,44892.0,44892.0,1171884.0,92.0,224464.0,94.0,81671.0,189484.0,1396348.0,Small
498,2025 Q1,2025-03-31,Fine_Dine_Vegetarian,159253.0,235233.0,45507.0,45507.0,1176168.0,91.0,227536.0,94.0,113746.0,189726.0,1403704.0,Small
498,2025 Q2,2025-06-30,Fine_Dine_Vegetarian,146604.0,209734.0,40770.0,40770.0,1048672.0,91.0,203854.0,94.0,105834.0,168964.0,1252526.0,Small
498,2025 Q3,2025-09-30,Fine_Dine_Vegetarian,132381.0,209133.0,39285.0,39285.0,1045665.0,92.0,196427.0,94.0,93096.0,169848.0,1242092.0,Small
499,2024 Q2,2024-06-30,Fine_Dine_Vegetarian,125796.0,141662.0,33007.0,33007.0,708313.0,91.0,165037.0,101.0,92789.0,108655.0,873350.0,Small
499,2024 Q3,2024-09-30,Fine_Dine_Vegetarian,125933.0,140393.0,31091.0,31091.0,701968.0,92.0,155455.0,94.0,94842.0,109302.0,857423.0,Small
499,2024 Q4,2024-12-31,Fine_Dine_Vegetarian,168602.0,188593.0,40616.77,40616.77,942965.0,92.0,203087.84,95.0,127985.23,147976.23,1146052.84,Small
499,2025 Q1,2025-03-31,Fine_Dine_Vegetarian,166478.0,186844.0,40066.74,40066.74,934221.0,91.0,200333.7,95.0,126411.26,146777.26,1134554.7,Small
499,2025 Q2,2025-06-30,Fine_Dine_Vegetarian,145838.0,164603.0,35627.0,35627.0,823018.0,91.0,178139.0,94.0,110211.0,128976.0,1001157.0,Small
499,2025 Q3,2025-09-30,Fine_Dine_Vegetarian,144959.0,162328.0,34177.0,34177.0,811643.0,92.0,170885.0,94.0,110782.0,128151.0,982528.0,Small
500,2024 Q2,2024-06-30,Fine_Dine_Vegetarian,162426.0,164732.0,29635.0,29635.0,823660.0,91.0,180738.0,101.0,132791.0,135097.0,1004398.0,Small
500,2024 Q3,2024-09-30,Fine_Dine_Vegetarian,159657.0,161760.0,27061.0,27061.0,808803.0,92.0,167409.0,94.0,132596.0,134699.0,976212.0,Small
500,2024 Q4,2024-12-31,Fine_Dine_Vegetarian,212029.0,215477.0,35685.0,35685.0,1077386.0,92.0,217389.0,94.0,176344.0,179792.0,1294775.0,Small
500,2025 Q1,2025-03-31,Fine_Dine_Vegetarian,209129.0,211883.0,36877.0,36877.0,1059417.0,91.0,216967.0,94.0,172252.0,175006.0,1276384.0,Small
500,2025 Q2,2025-06-30,Fine_Dine_Vegetarian,177726.0,185324.0,31230.0,31230.0,926620.0,91.0,190674.0,94.0,146496.0,154094.0,1117294.0,Small
500,2025 Q3,2025-09-30,Fine_Dine_Vegetarian,174432.0,181511.0,29095.0,29095.0,907556.0,92.0,180574.0,94.0,145337.0,152416.0,1088130.0,Small
501,2024 Q2,2024-06-30,Fine_Dine_Vegetarian,158598.0,161013.0,38291.0,38291.0,805067.0,91.0,191455.0,101.0,120307.0,122722.0,996522.0,Small
501,2024 Q3,2024-09-30,Fine_Dine_Vegetarian,123838.0,123838.0,28974.0,28974.0,619194.0,92.0,144874.0,94.0,94864.0,94864.0,764068.0,Small
501,2024 Q4,2024-12-31,Fine_Dine_Vegetarian,180284.0,180284.0,40162.0,40162.0,901423.0,92.0,200814.0,94.0,140122.0,140122.0,1102237.0,Small
501,2025 Q1,2025-03-31,Fine_Dine_Vegetarian,172102.0,172102.0,39196.0,39196.0,860514.0,91.0,195981.0,94.0,132906.0,132906.0,1056495.0,Small
501,2025 Q2,2025-06-30,Fine_Dine_Vegetarian,185270.0,185270.0,41962.0,41962.0,926354.0,91.0,209814.0,94.0,143308.0,143308.0,1136168.0,Small
501,2025 Q3,2025-09-30,Fine_Dine_Vegetarian,224848.0,227579.0,47157.0,47157.0,1137896.0,92.0,235786.0,94.0,177691.0,180422.0,1373682.0,Small
502,2024 Q2,2024-06-30,Fine_Dine_Vegetarian,145268.0,146884.0,37580.0,37580.0,734423.0,91.0,187901.0,101.0,107688.0,109304.0,922324.0,Small
502,2024 Q3,2024-09-30,Fine_Dine_Vegetarian,141986.0,141986.0,34515.0,34515.0,709934.0,92.0,172579.0,94.0,107471.0,107471.0,882513.0,Small
502,2024 Q4,2024-12-31,Fine_Dine_Vegetarian,184611.0,186853.0,45773.15,45773.15,934268.0,92.0,228867.76,96.0,138837.85,141079.85,1163135.76,Small
502,2025 Q1,2025-03-31,Fine_Dine_Vegetarian,182155.0,182155.0,43224.0,43224.0,910777.0,91.0,216123.0,94.0,138931.0,138931.0,1126900.0,Small
502,2025 Q2,2025-06-30,Fine_Dine_Vegetarian,158341.0,158341.0,38167.0,38167.0,791706.0,91.0,190835.0,94.0,120174.0,120174.0,982541.0,Small
502,2025 Q3,2025-09-30,Fine_Dine_Vegetarian,154450.0,154450.0,36189.0,36189.0,772253.0,92.0,180946.0,94.0,118261.0,118261.0,953199.0,Small
546,2024 Q2,2024-06-30,Distributors,372073.55,387965.55,292402.33,292402.33,1939830.75,1056.0,1462014.68,161.0,79671.21999999997,95563.21999999996,3401845.43,Small
546,2024 Q3,2024-09-30,Distributors,344103.62,358438.62,267713.98,267713.98,1792194.1,979.0,1338571.89,148.0,76389.64000000001,90724.64,3130765.99,Small
546,2024 Q4,2024-12-31,Distributors,416538.5,433881.5,327895.4,327895.4,2169411.5,980.0,1639479.99,150.0,88643.09999999998,105986.09999999998,3808891.49,Small
546,2025 Q1,2025-03-31,Distributors,424443.1,442895.1,331085.55,331085.55,2214477.5,979.0,1655430.79,148.0,93357.55,111809.55,3869908.29,Small
546,2025 Q2,2025-06-30,Distributors,388768.47,388768.47,291699.0,291699.0,1943843.34,980.0,1458495.98,150.0,97069.46999999996,97069.46999999996,3402339.3200000003,Small
546,2025 Q3,2025-09-30,Distributors,372255.21,372255.21,280350.08,280350.08,1861278.09,979.0,1401753.42,149.0,91905.13,91905.13,3263031.51,Small
568,2024 Q2,2024-06-30,Distributors,669793.03,678610.03,459711.99,459711.99,3393054.17,1989.0,2298562.9,161.0,210081.04000000004,218898.04000000004,5691617.07,Medium
568,2024 Q3,2024-09-30,Distributors,607460.14,607460.14,396496.77,396496.77,3037301.69,1847.0,1982487.85,148.0,210963.37,210963.37,5019789.54,Medium
568,2024 Q4,2024-12-31,Distributors,720255.23,732671.23,482201.11,482201.11,3663360.17,1848.0,2411007.53,148.0,238054.12,250470.12,6074367.699999999,Medium
568,2025 Q1,2025-03-31,Distributors,755549.37,755549.37,511843.7,511843.7,3777748.84,1847.0,2559222.52,149.0,243705.67,243705.67,6336971.359999999,Medium
568,2025 Q2,2025-06-30,Distributors,694691.77,694691.77,458695.43,458695.43,3473461.82,1849.0,2293479.15,150.0,235996.34000000003,235996.34000000003,5766940.97,Medium
568,2025 Q3,2025-09-30,Distributors,657479.6,657479.6,433366.28,433366.28,3287401.0,1848.0,2166832.4,151.0,224113.31999999995,224113.31999999995,5454233.4,Medium
534,2024 Q2,2024-06-30,Distributors,864124.94,864124.94,608096.0,608096.0,4320624.71,2241.0,3040480.0,157.0,256028.94,256028.94,7361104.71,Large
534,2024 Q3,2024-09-30,Distributors,762107.9,762107.9,532237.07,532237.07,3810541.51,2081.0,2661187.35,147.0,229870.83000000007,229870.83000000007,6471728.859999999,Large
534,2024 Q4,2024-12-31,Distributors,886214.11,886214.11,616284.0,616284.0,4431071.55,2081.0,3081422.0,146.0,269930.11,269930.11,7512493.55,Large
534,2025 Q1,2025-03-31,Distributors,875336.71,875336.71,623318.32,623318.32,4376684.57,2081.0,3116592.6,147.0,252018.39,252018.39,7493277.17,Large
534,2025 Q2,2025-06-30,Distributors,815310.7,815310.7,569442.31,569442.31,4076555.51,2081.0,2847211.54,147.0,245868.3899999999,245868.3899999999,6923767.05,Large
534,2025 Q3,2025-09-30,Distributors,776592.81,776593.81,541768.49,541769.49,3882969.04,2081.0,2708847.44,147.0,234824.3200000001,234824.3200000001,6591816.48,Large
551,2024 Q2,2024-06-30,Distributors,749360.3,749360.3,507598.76,507598.76,3746801.52,2101.0,2537993.8,159.0,241761.54000000004,241761.54000000004,6284795.32,Large
551,2024 Q3,2024-09-30,Distributors,662122.4,662122.4,442053.77,442053.77,3310614.97,1952.0,2210270.87,147.0,220068.63,220068.63,5520885.84,Large
551,2024 Q4,2024-12-31,Distributors,813687.98,813687.98,552274.05,552274.05,4068440.89,1951.0,2761374.25,148.0,261413.93,261413.93,6829815.140000001,Large
551,2025 Q1,2025-03-31,Distributors,856825.28,856825.28,590364.74,590364.74,4284127.39,1952.0,2951824.72,147.0,266460.54000000004,266460.54000000004,7235952.109999999,Large
551,2025 Q2,2025-06-30,Distributors,762413.82,762413.82,518637.14,518637.14,3812069.11,1951.0,2593187.71,148.0,243776.68,243776.68,6405256.82,Large
551,2025 Q3,2025-09-30,Distributors,694450.94,694450.94,469599.8,469599.8,3472255.7,1951.0,2347999.97,149.0,224851.14,224851.14,5820255.67,Large
552,2024 Q2,2024-06-30,Distributors,309325.92,309325.92,235261.62,235261.62,1546633.58,912.0,1176308.11,146.0,74064.29999999999,74064.29999999999,2722941.6900000004,Small
552,2024 Q3,2024-09-30,Distributors,283968.63,287413.63,216564.71,216564.71,1437072.13,847.0,1082823.51,137.0,67403.92000000001,70848.92000000001,2519895.64,Small
552,2024 Q4,2024-12-31,Distributors,329981.5,329981.5,246237.86,246237.86,1649909.53,847.0,1231193.29,135.0,83743.64000000001,83743.64000000001,2881102.8200000003,Small
552,2025 Q1,2025-03-31,Distributors,347241.07,347241.07,264619.59,264619.59,1736208.36,846.0,1323099.98,136.0,82621.47999999998,82621.47999999998,3059308.34,Small
552,2025 Q2,2025-06-30,Distributors,316814.24,316813.24,236941.59,236941.59,1584069.2,847.0,1184710.99,135.0,79872.65,79871.65,2768780.19,Small
552,2025 Q3,2025-09-30,Distributors,287611.91,287611.91,215828.19,215828.19,1438060.53,846.0,1079143.95,135.0,71783.71999999997,71783.71999999997,2517204.48,Small
564,2024 Q2,2024-06-30,Distributors,492201.33,574966.33,428841.0,428841.0,2874835.63,1917.0,2144208.0,157.0,63360.330000000016,146125.32999999996,5019043.63,Small
564,2024 Q3,2024-09-30,Distributors,454054.99,519464.99,388812.91,388812.91,2597324.95,1778.0,1944066.54,147.0,65242.080000000016,130652.08000000002,4541391.49,Small
564,2024 Q4,2024-12-31,Distributors,557321.74,635455.74,490064.0,490064.0,3177278.7,1778.0,2450322.0,146.0,67257.73999999999,145391.74,5627600.7,Small
564,2025 Q1,2025-03-31,Distributors,561750.52,658456.52,506190.0,506190.0,3292284.59,1779.0,2530951.0,146.0,55560.52000000002,152266.52000000002,5823235.59,Small
564,2025 Q2,2025-06-30,Distributors,584568.64,584568.64,435416.0,435416.0,2922844.16,1779.0,2177081.0,146.0,149152.64,149152.64,5099925.16,Small
564,2025 Q3,2025-09-30,Distributors,542402.67,542402.67,400968.0,400968.0,2712014.33,1775.0,2004843.0,146.0,141434.67000000004,141434.67000000004,4716857.33,Small
547,2024 Q2,2024-06-30,Distributors,616240.83,616240.83,400873.0,400873.0,3081208.13,1980.0,2004365.0,157.0,215367.83,215367.83,5085573.13,Small
547,2024 Q3,2024-09-30,Distributors,553265.5,553265.5,356264.84,356264.84,2766330.51,1838.0,1781328.19,147.0,197000.66,197000.66,4547658.699999999,Small
547,2024 Q4,2024-12-31,Distributors,654909.72,654909.72,427916.0,427916.0,3274552.58,1838.0,2139582.0,146.0,226993.72,226993.72,5414134.58,Small
547,2025 Q1,2025-03-31,Distributors,669745.92,669745.92,442525.0,442525.0,3348732.58,1837.0,2212625.0,146.0,227220.92000000004,227220.92000000004,5561357.58,Small
547,2025 Q2,2025-06-30,Distributors,637432.71,637432.71,401870.0,401870.0,3187167.56,1839.0,2009353.0,146.0,235562.71,235562.71,5196520.5600000005,Small
547,2025 Q3,2025-09-30,Distributors,577601.46,577601.46,372173.59,372173.59,2888011.28,1836.0,1860869.94,147.0,205427.87,205427.87,4748881.22,Small
553,2024 Q2,2024-06-30,Distributors,387077.69,392970.69,265599.95,265599.95,1964856.44,1065.0,1328003.79,159.0,121477.74,127370.74,3292860.23,Small
553,2024 Q3,2024-09-30,Distributors,355205.1,355205.1,239815.44,239815.44,1776027.49,989.0,1199079.2,149.0,115389.65999999996,115389.65999999996,2975106.69,Small
553,2024 Q4,2024-12-31,Distributors,439903.59,446146.59,306924.05,306924.05,2230732.97,989.0,1534621.23,151.0,132979.54000000004,139222.54000000004,3765354.2,Small
553,2025 Q1,2025-03-31,Distributors,463541.81,471555.81,321790.79,321790.79,2357779.07,989.0,1608955.92,148.0,141751.02000000002,149765.02000000002,3966734.99,Small
553,2025 Q2,2025-06-30,Distributors,430510.9,430510.9,301276.64,301276.64,2152556.51,990.0,1506383.22,150.0,129234.26,129234.26,3658939.73,Small
553,2025 Q3,2025-09-30,Distributors,398452.21,398452.21,271537.76,271537.76,1992264.05,989.0,1357692.74,149.0,126914.45,126914.45,3349956.79,Small
557,2024 Q2,2024-06-30,Distributors,784952.52,793680.52,592456.25,592456.25,3968403.59,2180.0,2962284.26,162.0,192496.27,201224.27,6930687.85,Large
557,2024 Q3,2024-09-30,Distributors,714901.89,714901.89,526264.25,526264.25,3574510.43,2022.0,2631321.24,151.0,188637.64,188637.64,6205831.67,Large
557,2024 Q4,2024-12-31,Distributors,891044.82,904605.82,668810.72,668810.72,4523033.09,2022.0,3344054.6,151.0,222234.1,235795.1,7867087.689999999,Large
557,2025 Q1,2025-03-31,Distributors,916078.14,916078.14,681158.36,681158.36,4580391.71,2022.0,3405794.8,150.0,234919.78000000003,234919.78000000003,7986186.51,Large
557,2025 Q2,2025-06-30,Distributors,783061.76,783061.76,579210.71,579210.71,3915308.83,2024.0,2896054.56,149.0,203851.05000000005,203851.05000000005,6811363.390000001,Large
557,2025 Q3,2025-09-30,Distributors,757266.42,757266.42,559257.49,559257.49,3786333.11,2020.0,2796291.4,150.0,198008.93000000005,198008.93000000005,6582624.51,Large
572,2024 Q2,2024-06-30,Distributors,696607.53,696608.53,468298.67,468298.67,3483042.63,1689.0,2341495.36,159.0,228308.86000000004,228309.86000000004,5824537.99,Medium
572,2024 Q3,2024-09-30,Distributors,600207.83,606882.83,392408.0,392408.0,3034415.15,1567.0,1962044.0,146.0,207799.83,214474.83,4996459.15,Medium
572,2024 Q4,2024-12-31,Distributors,790334.4,801541.4,533343.99,533343.99,4007710.98,1567.0,2666722.99,148.0,256990.41000000003,268197.41000000003,6674433.970000001,Medium
572,2025 Q1,2025-03-31,Distributors,787423.12,799406.12,538045.95,538045.95,3997031.62,1568.0,2690232.73,148.0,249377.17000000004,261360.17000000004,6687264.35,Medium
572,2025 Q2,2025-06-30,Distributors,689049.29,689049.29,451456.0,451456.0,3445247.44,1567.0,2257282.0,146.0,237593.29000000004,237593.29000000004,5702529.44,Medium
572,2025 Q3,2025-09-30,Distributors,672474.27,672474.27,438158.5,438158.5,3362371.33,1565.0,2190794.48,147.0,234315.77,234315.77,5553165.8100000005,Medium
569,2024 Q2,2024-06-30,Distributors,544786.48,629049.48,461563.44,461563.44,3145251.38,1839.0,2307820.21,158.0,83223.03999999998,167486.03999999998,5453071.59,Medium
569,2024 Q3,2024-09-30,Distributors,484936.71,571171.71,415904.98,415904.98,2855862.57,1707.0,2079527.92,147.0,69031.73000000004,155266.72999999998,4935390.49,Medium
569,2024 Q4,2024-12-31,Distributors,559115.49,711025.49,522161.81,522161.81,3555128.42,1708.0,2610813.07,147.0,36953.67999999999,188863.68,6165941.49,Medium
569,2025 Q1,2025-03-31,Distributors,592498.74,711265.74,547528.66,547528.66,3556331.7,1707.0,2737643.26,151.0,44970.07999999996,163737.07999999996,6293974.96,Medium
569,2025 Q2,2025-06-30,Distributors,613944.95,613944.95,456860.76,456860.76,3069725.77,1707.0,2284303.81,147.0,157084.18999999994,157084.18999999994,5354029.58,Medium
569,2025 Q3,2025-09-30,Distributors,586764.36,586764.36,427722.08,427722.08,2933823.78,1706.0,2138612.4,147.0,159042.27999999997,159042.27999999997,5072436.18,Medium
548,2024 Q2,2024-06-30,Distributors,698098.91,707291.91,544644.16,544644.16,3536462.53,2085.0,2723223.81,159.0,153454.75,162647.75,6259686.34,Medium
548,2024 Q3,2024-09-30,Distributors,631977.51,642250.51,480862.83,480862.83,3211256.55,1934.0,2404316.14,147.0,151114.68,161387.68,5615572.69,Medium
548,2024 Q4,2024-12-31,Distributors,755016.52,764958.52,585649.46,585649.46,3824795.58,1934.0,2928248.31,147.0,169367.06000000006,179309.06000000006,6753043.890000001,Medium
548,2025 Q1,2025-03-31,Distributors,774026.61,774025.61,603526.55,603526.55,3870132.07,1934.0,3017634.75,148.0,170500.05999999994,170499.05999999994,6887766.82,Medium
548,2025 Q2,2025-06-30,Distributors,722316.77,722316.77,571223.36,571223.36,3611583.81,1935.0,2856118.84,149.0,151093.41000000003,151093.41000000003,6467702.65,Medium
548,2025 Q3,2025-09-30,Distributors,637182.8,637182.8,480516.4,480516.4,3185916.0,1931.0,2402582.99,147.0,156666.40000000002,156666.40000000002,5588498.99,Medium
684,2024 Q2,2024-06-30,Importer,0.0,0.0,0.0,0.0,1041769.4,177.0,0.0,0.0,0.0,0.0,1041769.4,Medium
684,2024 Q3,2024-09-30,Importer,0.0,0.0,0.0,0.0,944727.17,164.0,0.0,0.0,0.0,0.0,944727.17,Medium
684,2024 Q4,2024-12-31,Importer,0.0,0.0,0.0,0.0,1082405.83,163.0,0.0,0.0,0.0,0.0,1082405.83,Medium
684,2025 Q1,2025-03-31,Importer,0.0,0.0,0.0,0.0,1097290.71,164.0,0.0,0.0,0.0,0.0,1097290.71,Medium
684,2025 Q2,2025-06-30,Importer,0.0,0.0,0.0,0.0,1041168.73,163.0,0.0,0.0,0.0,0.0,1041168.73,Medium
684,2025 Q3,2025-09-30,Importer,0.0,0.0,0.0,0.0,913692.08,161.0,0.0,0.0,0.0,0.0,913692.08,Medium
541,2024 Q2,2024-06-30,Distributors,855810.97,855810.97,620264.0,620264.0,4279054.87,2204.0,3101322.0,157.0,235546.97,235546.97,7380376.87,Large
541,2024 Q3,2024-09-30,Distributors,776477.73,776477.73,561173.0,561173.0,3882389.63,2046.0,2805865.0,146.0,215304.73,215304.73,6688254.63,Large
541,2024 Q4,2024-12-31,Distributors,951005.38,963522.38,708264.27,708264.27,4817612.87,2046.0,3541324.38,148.0,242741.11,255258.11,8358937.25,Large
541,2025 Q1,2025-03-31,Distributors,953647.26,965218.26,713871.0,713870.0,4826091.28,2046.0,3569354.0,146.0,239776.26,251348.26,8395445.280000001,Large
541,2025 Q2,2025-06-30,Distributors,872431.12,872431.12,642846.21,642846.21,4362159.58,2045.0,3214234.06,147.0,229584.91000000003,229584.91000000003,7576393.640000001,Large
541,2025 Q3,2025-09-30,Distributors,809672.19,809672.19,585380.0,585380.0,4048361.95,2044.0,2926904.0,146.0,224292.19,224292.19,6975265.95,Large
550,2024 Q2,2024-06-30,Distributors,541226.17,615720.17,455947.09,455947.09,3078604.84,1373.0,2279739.43,158.0,85279.08000000002,159773.08000000002,5358344.27,Medium
550,2024 Q3,2024-09-30,Distributors,491949.24,564121.24,413645.73,413645.73,2820607.19,1276.0,2068229.66,147.0,78303.51000000001,150475.51,4888836.85,Medium
550,2024 Q4,2024-12-31,Distributors,622250.64,704667.64,522172.49,522172.49,3523338.21,1275.0,2610866.47,148.0,100078.15000000002,182495.15,6134204.68,Medium
550,2025 Q1,2025-03-31,Distributors,625447.79,717138.79,538111.34,538111.34,3585696.93,1276.0,2690556.72,147.0,87336.45000000007,179027.45000000007,6276253.65,Medium
550,2025 Q2,2025-06-30,Distributors,637551.99,637551.99,469650.23,469650.23,3187763.01,1277.0,2348251.13,148.0,167901.76,167901.76,5536014.14,Medium
550,2025 Q3,2025-09-30,Distributors,600529.98,600529.98,439137.1,439137.1,3002649.89,1275.0,2195688.51,147.0,161392.88,161392.88,5198338.4,Medium
539,2024 Q2,2024-06-30,Distributors,579595.22,579595.22,395080.02,395080.02,2897977.1,1084.0,1975402.1,145.0,184515.19999999995,184515.19999999995,4873379.2,Small
539,2024 Q3,2024-09-30,Distributors,510871.08,510871.08,345422.84,345422.84,2554359.38,1006.0,1727114.2,134.0,165448.24,165448.24,4281473.58,Small
539,2024 Q4,2024-12-31,Distributors,643634.43,643634.43,439229.01,439229.01,3218175.13,1006.0,2196146.05,135.0,204405.42000000004,204405.42000000004,5414321.18,Small
539,2025 Q1,2025-03-31,Distributors,648216.32,648216.32,447625.37,447625.37,3241082.61,1005.0,2238129.86,135.0,200590.94999999995,200590.94999999995,5479212.47,Small
539,2025 Q2,2025-06-30,Distributors,565708.71,565708.71,388878.42,388878.42,2828544.59,1007.0,1944394.07,136.0,176830.28999999998,176830.28999999998,4772938.66,Small
539,2025 Q3,2025-09-30,Distributors,515793.94,515792.94,351559.16,351559.16,2578968.68,1004.0,1757797.8,134.0,164234.78000000003,164233.78000000003,4336766.48,Small
560,2024 Q2,2024-06-30,Distributors,311149.71,315561.71,231090.01,231091.01,1577811.54,897.0,1155455.04,146.0,80059.70000000001,84470.70000000001,2733266.58,Small
560,2024 Q3,2024-09-30,Distributors,277475.44,282560.44,208077.57,208077.57,1412804.22,833.0,1040390.83,135.0,69397.87,74482.87,2453195.05,Small
560,2024 Q4,2024-12-31,Distributors,331175.03,343767.03,250236.0,250236.0,1718838.13,834.0,1251183.0,133.0,80939.03000000003,93531.03000000004,2970021.13,Small
560,2025 Q1,2025-03-31,Distributors,342186.58,349521.58,257027.46,257027.46,1747610.91,833.0,1285140.29,134.0,85159.12000000002,92494.12000000002,3032751.2,Small
560,2025 Q2,2025-06-30,Distributors,308468.07,308468.07,224695.0,224695.0,1542344.37,833.0,1123478.0,133.0,83773.07,83773.07,2665822.37,Small
560,2025 Q3,2025-09-30,Distributors,297047.89,297047.89,215912.44,215912.44,1485239.46,833.0,1079562.22,134.0,81135.45000000001,81135.45000000001,2564801.68,Small
571,2024 Q2,2024-06-30,Distributors,755523.83,767027.83,599759.0,599759.0,3835142.14,2231.0,2998797.0,157.0,155764.82999999996,167268.82999999996,6833939.140000001,Large
571,2024 Q3,2024-09-30,Distributors,676595.8,685503.8,538311.33,538311.33,3427520.98,2071.0,2691559.63,148.0,138284.4700000001,147192.4700000001,6119080.609999999,Large
571,2024 Q4,2024-12-31,Distributors,897520.04,897520.04,716155.44,716155.44,4487600.2,2072.0,3580780.2,147.0,181364.6000000001,181364.6000000001,8068380.4,Large
571,2025 Q1,2025-03-31,Distributors,870818.42,870818.42,691280.0,691280.0,4354096.11,2071.0,3456401.0,146.0,179538.42000000004,179538.42000000004,7810497.11,Large
571,2025 Q2,2025-06-30,Distributors,743979.83,743979.83,579084.53,579084.53,3719899.14,2071.0,2895422.67,147.0,164895.29999999993,164895.29999999993,6615321.8100000005,Large
571,2025 Q3,2025-09-30,Distributors,710069.5,710069.5,554858.12,554857.12,3550348.48,2070.0,2774289.6,147.0,155211.38,155212.38,6324638.08,Large
540,2024 Q2,2024-06-30,Distributors,324104.54,324104.54,265002.19,265002.19,1620523.71,981.0,1325014.96,158.0,59102.34999999998,59102.34999999998,2945538.67,Small
540,2024 Q3,2024-09-30,Distributors,292927.63,297085.63,245100.0,245100.0,1485431.16,912.0,1225502.0,148.0,47827.630000000005,51985.630000000005,2710933.16,Small
540,2024 Q4,2024-12-31,Distributors,370942.53,370942.53,304907.3,304907.3,1854712.65,912.0,1524537.49,148.0,66035.23000000004,66035.23000000004,3379250.14,Small
540,2025 Q1,2025-03-31,Distributors,371104.61,376373.61,306946.18,306946.18,1881869.03,911.0,1534733.91,147.0,64158.42999999999,69427.43,3416602.94,Small
540,2025 Q2,2025-06-30,Distributors,330082.61,330082.61,268992.7,268992.7,1650416.08,912.0,1344965.5,147.0,61089.90999999997,61089.90999999997,2995381.58,Small
540,2025 Q3,2025-09-30,Distributors,301874.78,301874.78,246980.79,246980.79,1509375.88,911.0,1234906.97,148.0,54893.99000000002,54893.99000000002,2744282.85,Small
558,2024 Q2,2024-06-30,Distributors,601506.73,601506.73,454015.52,454015.52,3007534.63,1919.0,2270079.58,158.0,147491.20999999996,147491.20999999996,5277614.21,Small
558,2024 Q3,2024-09-30,Distributors,543767.97,543767.97,409648.76,409648.76,2718841.83,1782.0,2048247.79,148.0,134119.20999999996,134119.20999999996,4767089.62,Small
558,2024 Q4,2024-12-31,Distributors,653769.43,653769.43,496095.63,496095.63,3268850.16,1782.0,2480479.15,148.0,157673.80000000005,157673.80000000005,5749329.3100000005,Small
558,2025 Q1,2025-03-31,Distributors,662990.61,662990.61,506821.28,506821.28,3314957.07,1782.0,2534110.4,147.0,156169.32999999996,156169.32999999996,5849067.47,Small
558,2025 Q2,2025-06-30,Distributors,613617.62,613617.62,464140.66,464140.66,3068088.12,1783.0,2320704.3,147.0,149476.96000000002,149476.96000000002,5388792.42,Small
558,2025 Q3,2025-09-30,Distributors,554193.09,554193.09,414672.03,414672.03,2770967.46,1783.0,2073362.16,147.0,139521.05999999994,139521.05999999994,4844329.62,Small
686,2024 Q2,2024-06-30,Importer,0.0,0.0,0.0,0.0,740834.92,569.0,0.0,0.0,0.0,0.0,740834.92,Small
686,2024 Q3,2024-09-30,Importer,0.0,0.0,0.0,0.0,711987.03,528.0,0.0,0.0,0.0,0.0,711987.03,Small
686,2024 Q4,2024-12-31,Importer,0.0,0.0,0.0,0.0,797056.47,527.0,0.0,0.0,0.0,0.0,797056.47,Small
686,2025 Q1,2025-03-31,Importer,0.0,0.0,0.0,0.0,760606.57,528.0,0.0,0.0,0.0,0.0,760606.57,Small
686,2025 Q2,2025-06-30,Importer,0.0,0.0,0.0,0.0,733786.78,527.0,0.0,0.0,0.0,0.0,733786.78,Small
686,2025 Q3,2025-09-30,Importer,0.0,0.0,0.0,0.0,704329.65,526.0,0.0,0.0,0.0,0.0,704329.65,Small
538,2024 Q2,2024-06-30,Distributors,630742.42,630742.42,464943.0,464943.0,3153714.09,2005.0,2324718.0,157.0,165799.42000000004,165799.42000000004,5478432.09,Medium
538,2024 Q3,2024-09-30,Distributors,572166.33,572166.33,418046.0,418046.0,2860831.63,1859.0,2090230.0,146.0,154120.32999999996,154120.32999999996,4951061.63,Medium
538,2024 Q4,2024-12-31,Distributors,708615.41,708615.41,528899.0,528899.0,3543080.05,1859.0,2644497.0,146.0,179716.41000000003,179716.41000000003,6187577.05,Medium
538,2025 Q1,2025-03-31,Distributors,734828.8,734828.8,556259.0,556259.0,3674144.02,1859.0,2781297.0,146.0,178569.80000000005,178569.80000000005,6455441.02,Medium
538,2025 Q2,2025-06-30,Distributors,662131.9,662131.9,491967.16,491967.16,3310661.51,1860.0,2459839.78,147.0,170164.74000000005,170164.74000000005,5770501.289999999,Medium
538,2025 Q3,2025-09-30,Distributors,617307.41,617307.41,464327.46,464327.46,3086537.03,1856.0,2321639.3,147.0,152979.95,152979.95,5408176.33,Medium
545,2024 Q2,2024-06-30,Distributors,624872.77,624872.77,402903.0,402903.0,3124366.84,1872.0,2014515.0,143.0,221969.77,221969.77,5138881.84,Medium
545,2024 Q3,2024-09-30,Distributors,573688.31,573688.31,365156.0,365156.0,2868442.57,1736.0,1825782.0,133.0,208532.31000000008,208532.31000000008,4694224.57,Medium
545,2024 Q4,2024-12-31,Distributors,685566.41,693187.41,461484.19,461484.19,3465941.04,1736.0,2307422.95,135.0,224082.22000000003,231703.22000000003,5773363.99,Medium
545,2025 Q1,2025-03-31,Distributors,673721.9,673721.9,443281.0,443281.0,3368610.54,1737.0,2216408.0,133.0,230440.9,230440.9,5585018.54,Medium
545,2025 Q2,2025-06-30,Distributors,641614.21,641614.21,417754.0,417754.0,3208072.03,1736.0,2088772.0,133.0,223860.21,223860.21,5296844.029999999,Medium
545,2025 Q3,2025-09-30,Distributors,569335.72,569335.72,367341.0,367341.0,2846679.6,1735.0,1836706.0,133.0,201994.72,201994.72,4683385.6,Medium
565,2024 Q2,2024-06-30,Distributors,625612.46,637077.46,510374.25,510374.25,3185391.3,1895.0,2551872.26,159.0,115238.20999999996,126703.20999999996,5737263.56,Medium
565,2024 Q3,2024-09-30,Distributors,558830.28,567339.28,454044.26,454044.26,2836700.42,1759.0,2270224.28,148.0,104786.02000000002,113295.02000000002,5106924.699999999,Medium
565,2024 Q4,2024-12-31,Distributors,676538.43,688932.43,552907.3,552907.3,3444662.16,1759.0,2764536.52,147.0,123631.13,136025.13,6209198.68,Medium
565,2025 Q1,2025-03-31,Distributors,720738.41,720738.41,582110.94,582110.94,3603693.04,1759.0,2910557.68,147.0,138627.4700000001,138627.4700000001,6514250.720000001,Medium
565,2025 Q2,2025-06-30,Distributors,624485.78,624485.78,496401.29,496401.29,3122432.88,1759.0,2482007.46,147.0,128084.49000000003,128084.49000000003,5604440.34,Medium
565,2025 Q3,2025-09-30,Distributors,580170.02,580170.02,462780.75,462780.75,2900852.1,1759.0,2313905.71,148.0,117389.27000000002,117389.27000000002,5214757.8100000005,Medium
689,2024 Q2,2024-06-30,Importer,0.0,0.0,0.0,0.0,745722.35,423.0,0.0,0.0,0.0,0.0,745722.35,Small
689,2024 Q3,2024-09-30,Importer,0.0,0.0,0.0,0.0,706374.56,390.0,0.0,0.0,0.0,0.0,706374.56,Small
689,2024 Q4,2024-12-31,Importer,0.0,0.0,0.0,0.0,915184.48,390.0,0.0,0.0,0.0,0.0,915184.48,Small
689,2025 Q1,2025-03-31,Importer,0.0,0.0,0.0,0.0,914452.7,390.0,0.0,0.0,0.0,0.0,914452.7,Small
689,2025 Q2,2025-06-30,Importer,0.0,0.0,0.0,0.0,732427.51,390.0,0.0,0.0,0.0,0.0,732427.51,Small
689,2025 Q3,2025-09-30,Importer,0.0,0.0,0.0,0.0,692247.51,387.0,0.0,0.0,0.0,0.0,692247.51,Small
567,2024 Q2,2024-06-30,Distributors,742740.23,742739.23,519255.0,519255.0,3713700.18,1844.0,2596279.0,157.0,223485.23,223484.23,6309979.18,Large
567,2024 Q3,2024-09-30,Distributors,674403.88,674403.88,473750.76,473750.76,3372019.42,1711.0,2368757.78,147.0,200653.12,200653.12,5740777.199999999,Large
567,2024 Q4,2024-12-31,Distributors,831161.8,831161.8,583037.0,583037.0,4155810.98,1710.0,2915185.0,146.0,248124.80000000005,248124.80000000005,7070995.98,Large
567,2025 Q1,2025-03-31,Distributors,833918.7,833918.7,594551.87,594551.87,4169593.48,1710.0,2972759.35,147.0,239366.83,239366.83,7142352.83,Large
567,2025 Q2,2025-06-30,Distributors,772950.53,772950.53,536903.0,536903.0,3864754.64,1714.0,2684517.0,146.0,236047.53000000003,236047.53000000003,6549271.640000001,Large
567,2025 Q3,2025-09-30,Distributors,703542.09,703542.09,494818.0,494818.0,3517713.47,1708.0,2474093.0,146.0,208724.09,208724.09,5991806.470000001,Large
536,2024 Q2,2024-06-30,Distributors,330671.8,330671.8,205282.87,205282.87,1653361.04,1050.0,1026417.33,158.0,125388.93,125388.93,2679778.37,Small
536,2024 Q3,2024-09-30,Distributors,285111.58,285111.58,168978.11,168978.11,1425559.88,973.0,844893.56,148.0,116133.47000000004,116133.47000000004,2270453.44,Small
536,2024 Q4,2024-12-31,Distributors,344741.69,344741.69,209581.83,209581.83,1723709.47,972.0,1047909.13,147.0,135159.86000000002,135159.86000000002,2771618.6,Small
536,2025 Q1,2025-03-31,Distributors,356469.19,356469.19,229048.82,229048.82,1782346.96,972.0,1145245.08,147.0,127420.37,127420.37,2927592.04,Small
536,2025 Q2,2025-06-30,Distributors,332605.7,332605.7,207323.66,207323.66,1663030.53,974.0,1036621.3,147.0,125282.04,125282.04,2699651.83,Small
536,2025 Q3,2025-09-30,Distributors,298551.16,298551.16,182176.9,182176.9,1492755.8,969.0,910884.49,147.0,116374.25999999998,116374.25999999998,2403640.29,Small
563,2024 Q2,2024-06-30,Distributors,315135.36,315135.36,269587.58,269587.58,1575679.79,940.0,1347940.87,145.0,45547.77999999997,45547.77999999997,2923620.66,Small
563,2024 Q3,2024-09-30,Distributors,279500.35,279500.35,239724.69,239724.69,1397501.76,872.0,1198625.47,134.0,39775.65999999997,39775.65999999997,2596127.23,Small
563,2024 Q4,2024-12-31,Distributors,328534.29,328534.29,282193.7,282194.7,1642674.47,872.0,1410973.5,134.0,46340.58999999997,46339.58999999997,3053647.97,Small
563,2025 Q1,2025-03-31,Distributors,332676.15,337729.15,290120.18,290120.18,1688648.74,872.0,1450600.89,135.0,42555.97000000003,47608.97000000003,3139249.63,Small
563,2025 Q2,2025-06-30,Distributors,305998.9,305998.9,262202.06,262202.06,1529994.46,873.0,1311010.32,136.0,43796.840000000026,43796.840000000026,2841004.7800000003,Small
563,2025 Q3,2025-09-30,Distributors,301642.07,301642.07,257156.11,257156.11,1508212.33,872.0,1285783.53,134.0,44485.96000000002,44485.96000000002,2793995.8600000003,Small
543,2024 Q2,2024-06-30,Distributors,452317.84,452317.84,329016.5,329016.5,2261591.21,1149.0,1645084.54,145.0,123301.34000000004,123301.34000000004,3906675.75,Small
543,2024 Q3,2024-09-30,Distributors,423345.39,423345.39,309071.78,309071.78,2116730.97,1068.0,1545359.93,136.0,114273.61,114273.61,3662090.9,Small
543,2024 Q4,2024-12-31,Distributors,488437.56,488437.56,359275.83,359275.83,2442187.82,1067.0,1796383.16,135.0,129161.72999999998,129161.72999999998,4238570.98,Small
543,2025 Q1,2025-03-31,Distributors,494157.01,494158.01,365018.28,365018.28,2470790.06,1067.0,1825093.39,134.0,129138.72999999998,129139.72999999998,4295883.45,Small
543,2025 Q2,2025-06-30,Distributors,453896.97,453896.97,325296.65,325296.65,2269485.87,1071.0,1626483.26,134.0,128600.31999999996,128600.31999999996,3895969.13,Small
543,2025 Q3,2025-09-30,Distributors,415964.24,415964.24,300830.61,300830.61,2079823.22,1068.0,1504153.07,134.0,115133.63,115133.63,3583976.29,Small
544,2024 Q2,2024-06-30,Distributors,145529.24,145529.24,103443.28,103443.28,727646.21,449.0,517220.38,144.0,42085.95999999999,42085.95999999999,1244866.59,Small
544,2024 Q3,2024-09-30,Distributors,128027.48,128027.48,89441.53,89441.53,640141.41,418.0,447211.64,135.0,38585.95,38585.95,1087353.05,Small
544,2024 Q4,2024-12-31,Distributors,185013.03,187543.03,128984.91,128984.91,937719.19,418.0,644928.54,135.0,56028.12,58558.12,1582647.73,Small
544,2025 Q1,2025-03-31,Distributors,173569.01,175842.01,128420.4,128420.4,879211.02,418.0,642104.98,135.0,45148.610000000015,47421.610000000015,1521316.0,Small
544,2025 Q2,2025-06-30,Distributors,145437.36,145437.36,102734.72,102734.72,727187.78,417.0,513674.62,134.0,42702.63999999999,42702.63999999999,1240862.4,Small
544,2025 Q3,2025-09-30,Distributors,133265.7,133265.7,94631.22,94631.22,666332.49,418.0,473156.11,134.0,38634.48000000001,38634.48000000001,1139488.6,Small
673,2024 Q2,2024-06-30,Importer,0.0,0.0,0.0,0.0,1601662.0,583.0,0.0,0.0,0.0,0.0,1601662.0,Medium
673,2024 Q3,2024-09-30,Importer,0.0,0.0,0.0,0.0,1370407.66,541.0,0.0,0.0,0.0,0.0,1370407.66,Medium
673,2024 Q4,2024-12-31,Importer,0.0,0.0,0.0,0.0,1424340.23,540.0,0.0,0.0,0.0,0.0,1424340.23,Medium
673,2025 Q1,2025-03-31,Importer,0.0,0.0,0.0,0.0,1521962.41,540.0,0.0,0.0,0.0,0.0,1521962.41,Medium
673,2025 Q2,2025-06-30,Importer,0.0,0.0,0.0,0.0,1596633.58,540.0,0.0,0.0,0.0,0.0,1596633.58,Medium
673,2025 Q3,2025-09-30,Importer,0.0,0.0,0.0,0.0,1420677.74,539.0,0.0,0.0,0.0,0.0,1420677.74,Medium
675,2024 Q2,2024-06-30,Importer,0.0,0.0,0.0,0.0,647738.07,510.0,0.0,0.0,0.0,0.0,647738.07,Small
675,2024 Q3,2024-09-30,Importer,0.0,0.0,0.0,0.0,580568.69,472.0,0.0,0.0,0.0,0.0,580568.69,Small
675,2024 Q4,2024-12-31,Importer,0.0,0.0,0.0,0.0,695257.34,473.0,0.0,0.0,0.0,0.0,695257.34,Small
675,2025 Q1,2025-03-31,Importer,0.0,0.0,0.0,0.0,701336.25,473.0,0.0,0.0,0.0,0.0,701336.25,Small
675,2025 Q2,2025-06-30,Importer,0.0,0.0,0.0,0.0,664850.93,472.0,0.0,0.0,0.0,0.0,664850.93,Small
675,2025 Q3,2025-09-30,Importer,0.0,0.0,0.0,0.0,651462.09,471.0,0.0,0.0,0.0,0.0,651462.09,Small
570,2024 Q2,2024-06-30,Distributors,621575.53,621575.53,406918.05,406918.05,3107878.64,1895.0,2034593.26,160.0,214657.48000000004,214657.48000000004,5142471.9,Small
570,2024 Q3,2024-09-30,Distributors,548322.94,548322.94,349228.79,349228.79,2741615.72,1759.0,1746145.94,148.0,199094.15,199094.15,4487761.66,Small
570,2024 Q4,2024-12-31,Distributors,668807.48,668807.48,435780.61,435780.61,3344038.39,1759.0,2178905.04,149.0,233026.87,233026.87,5522943.43,Small
570,2025 Q1,2025-03-31,Distributors,678084.98,678084.98,449472.91,449472.91,3390428.86,1759.0,2247364.56,148.0,228612.07,228612.07,5637793.42,Small
570,2025 Q2,2025-06-30,Distributors,622735.7,622735.7,403729.33,403729.33,3113679.45,1760.0,2018647.67,149.0,219006.37,219006.37,5132327.12,Small
570,2025 Q3,2025-09-30,Distributors,582943.74,582943.74,375081.24,375081.24,2914722.68,1759.0,1875408.22,149.0,207862.5,207862.5,4790130.9,Small
566,2024 Q2,2024-06-30,Distributors,184239.42,256402.42,177493.0,177493.0,1282013.1,789.0,887469.0,157.0,6746.420000000013,78909.42000000001,2169482.1,Small
566,2024 Q3,2024-09-30,Distributors,155739.65,225424.65,154688.0,154688.0,1127123.25,732.0,773441.0,146.0,1051.6499999999942,70736.65,1900564.25,Small
566,2024 Q4,2024-12-31,Distributors,193419.75,276083.75,193017.92,193017.92,1380419.73,732.0,965089.58,147.0,401.8299999999872,83065.82999999999,2345509.31,Small
566,2025 Q1,2025-03-31,Distributors,230881.97,293276.97,206809.0,206809.0,1466388.87,732.0,1034046.0,146.0,24072.97,86467.96999999997,2500434.87,Small
566,2025 Q2,2025-06-30,Distributors,272735.64,276042.64,193058.46,193059.46,1380213.22,732.0,965297.27,148.0,79677.18000000002,82983.18000000002,2345510.49,Small
566,2025 Q3,2025-09-30,Distributors,239411.59,244280.59,167592.83,167592.83,1221402.91,732.0,837964.13,147.0,71818.76000000001,76687.76000000001,2059367.04,Small
549,2024 Q2,2024-06-30,Distributors,164642.53,185644.53,163921.6,163921.6,928222.64,579.0,819608.0,130.0,720.929999999993,21722.93,1747830.64,Small
549,2024 Q3,2024-09-30,Distributors,136453.95,153743.95,135612.15,135612.15,768722.71,538.0,678060.73,121.0,841.8000000000175,18131.800000000017,1446783.44,Small
549,2024 Q4,2024-12-31,Distributors,183681.53,208772.53,182809.37,182809.37,1043863.63,537.0,914049.87,121.0,872.1600000000035,25963.160000000003,1957913.5,Small
549,2025 Q1,2025-03-31,Distributors,199175.92,225046.92,199334.61,199333.61,1125237.6,538.0,996672.06,122.0,-158.68999999997322,25713.310000000027,2121909.66,Small
549,2025 Q2,2025-06-30,Distributors,203564.48,206529.48,173733.36,173733.36,1032649.44,538.0,868669.8,121.0,29831.120000000024,32796.120000000024,1901319.24,Small
549,2025 Q3,2025-09-30,Distributors,165619.83,168990.83,146983.09,146983.09,844954.16,537.0,734916.47,121.0,18636.73999999999,22007.73999999999,1579870.63,Small
533,2024 Q2,2024-06-30,Distributors,565405.21,652762.21,425090.76,425090.76,3263812.07,1812.0,2125453.83,159.0,140314.44999999995,227671.44999999995,5389265.9,Medium
533,2024 Q3,2024-09-30,Distributors,511798.44,589407.44,377989.3,377989.3,2947039.2,1681.0,1889946.51,147.0,133809.14,211418.14,4836985.71,Medium
533,2024 Q4,2024-12-31,Distributors,544360.06,715309.06,468186.03,468186.03,3576547.31,1681.0,2340934.13,148.0,76174.03000000003,247123.03000000003,5917481.44,Medium
533,2025 Q1,2025-03-31,Distributors,604130.36,719173.36,480983.89,480983.89,3595866.8,1681.0,2404920.41,149.0,123146.46999999996,238189.47,6000787.21,Medium
533,2025 Q2,2025-06-30,Distributors,661558.87,661558.87,422701.6,422701.6,3307794.37,1683.0,2113511.01,147.0,238857.27,238857.27,5421305.38,Medium
533,2025 Q3,2025-09-30,Distributors,623460.57,623460.57,400937.93,400937.93,3117306.84,1680.0,2004690.63,148.0,222522.64,222522.64,5121997.47,Medium
692,2024 Q2,2024-06-30,Importer,0.0,0.0,0.0,0.0,6135137.45,715.0,0.0,0.0,0.0,0.0,6135137.45,Large
692,2024 Q3,2024-09-30,Importer,0.0,0.0,0.0,0.0,5664149.0,665.0,0.0,0.0,0.0,0.0,5664149.0,Large
692,2024 Q4,2024-12-31,Importer,0.0,0.0,0.0,0.0,7236104.25,664.0,0.0,0.0,0.0,0.0,7236104.25,Large
692,2025 Q1,2025-03-31,Importer,0.0,0.0,0.0,0.0,7284696.58,664.0,0.0,0.0,0.0,0.0,7284696.58,Large
692,2025 Q2,2025-06-30,Importer,0.0,0.0,0.0,0.0,6179534.19,664.0,0.0,0.0,0.0,0.0,6179534.19,Large
692,2025 Q3,2025-09-30,Importer,0.0,0.0,0.0,0.0,5886149.17,664.0,0.0,0.0,0.0,0.0,5886149.17,Large
555,2024 Q2,2024-06-30,Distributors,255847.87,255847.87,172018.99,172018.99,1279242.33,538.0,860098.95,132.0,83828.88,83828.88,2139341.2800000003,Small
555,2024 Q3,2024-09-30,Distributors,218789.55,218789.55,148360.0,148360.0,1093949.77,498.0,741802.0,120.0,70429.54999999999,70429.54999999999,1835751.77,Small
555,2024 Q4,2024-12-31,Distributors,288447.72,288447.72,200056.86,200056.86,1442242.59,498.0,1000285.28,121.0,88390.85999999999,88390.85999999999,2442527.87,Small
555,2025 Q1,2025-03-31,Distributors,304630.22,304630.22,215769.32,215769.32,1523154.09,499.0,1078848.6,121.0,88860.89999999997,88860.89999999997,2602002.6900000004,Small
555,2025 Q2,2025-06-30,Distributors,264515.39,264515.39,175958.0,175958.0,1322580.04,499.0,879790.0,120.0,88557.39000000001,88557.39000000001,2202370.04,Small
555,2025 Q3,2025-09-30,Distributors,235965.76,235965.76,159175.43,159175.43,1179830.79,497.0,795881.15,122.0,76790.33000000002,76790.33000000002,1975711.94,Small
554,2024 Q2,2024-06-30,Distributors,313374.43,353275.43,230319.0,230319.0,1766378.16,1013.0,1151596.0,157.0,83055.43,122956.43,2917974.16,Small
554,2024 Q3,2024-09-30,Distributors,285564.05,318344.05,211995.54,211995.54,1591722.24,940.0,1059980.7,148.0,73568.50999999998,106348.50999999998,2651702.94,Small
554,2024 Q4,2024-12-31,Distributors,340539.76,392178.76,261336.25,261336.25,1960894.81,941.0,1306683.22,148.0,79203.51000000001,130842.51,3267578.0300000003,Small
554,2025 Q1,2025-03-31,Distributors,359912.3,415597.3,275030.0,275030.0,2077986.51,940.0,1375154.0,146.0,84882.29999999999,140567.3,3453140.51,Small
554,2025 Q2,2025-06-30,Distributors,358868.98,358867.98,237764.13,237764.13,1794343.88,940.0,1188822.66,147.0,121104.84999999998,121103.84999999998,2983166.54,Small
554,2025 Q3,2025-09-30,Distributors,348887.32,348887.32,232508.5,232508.5,1744439.6,940.0,1162545.49,147.0,116378.82,116378.82,2906985.09,Small
682,2024 Q2,2024-06-30,Importer,0.0,0.0,0.0,0.0,988620.05,573.0,0.0,0.0,0.0,0.0,988620.05,Small
682,2024 Q3,2024-09-30,Importer,0.0,0.0,0.0,0.0,916993.45,530.0,0.0,0.0,0.0,0.0,916993.45,Small
682,2024 Q4,2024-12-31,Importer,0.0,0.0,0.0,0.0,1075512.3,531.0,0.0,0.0,0.0,0.0,1075512.3,Small
682,2025 Q1,2025-03-31,Importer,0.0,0.0,0.0,0.0,1053693.57,531.0,0.0,0.0,0.0,0.0,1053693.57,Small
682,2025 Q2,2025-06-30,Importer,0.0,0.0,0.0,0.0,1006310.72,530.0,0.0,0.0,0.0,0.0,1006310.72,Small
682,2025 Q3,2025-09-30,Importer,0.0,0.0,0.0,0.0,974499.62,528.0,0.0,0.0,0.0,0.0,974499.62,Small
537,2024 Q2,2024-06-30,Distributors,606516.55,606516.55,460859.0,460859.0,3032585.74,961.0,2304297.0,143.0,145657.55000000005,145657.55000000005,5336882.74,Medium
537,2024 Q3,2024-09-30,Distributors,541641.69,541641.69,409979.0,409979.0,2708209.47,892.0,2049899.0,133.0,131662.68999999994,131662.68999999994,4758108.470000001,Medium
537,2024 Q4,2024-12-31,Distributors,719079.5,719080.5,549562.0,549562.0,3595402.49,891.0,2747810.0,133.0,169517.5,169518.5,6343212.49,Medium
537,2025 Q1,2025-03-31,Distributors,726369.29,726368.29,561182.0,561182.0,3631845.43,891.0,2805911.0,133.0,165187.29000000004,165186.29000000004,6437756.43,Medium
537,2025 Q2,2025-06-30,Distributors,628325.93,628325.93,472915.0,472915.0,3141629.65,892.0,2364575.0,133.0,155410.93000000005,155410.93000000005,5506204.65,Medium
537,2025 Q3,2025-09-30,Distributors,580751.98,580751.98,442337.39,442337.39,2903762.92,889.0,2211688.93,134.0,138414.58999999997,138414.58999999997,5115451.85,Medium
556,2024 Q2,2024-06-30,Distributors,289082.48,292590.48,236377.22,236377.22,1462954.38,939.0,1181889.09,160.0,52705.25999999998,56213.25999999998,2644843.47,Small
556,2024 Q3,2024-09-30,Distributors,257926.4,260788.4,208549.88,208549.88,1303943.03,873.0,1042751.42,147.0,49376.51999999999,52238.51999999999,2346694.45,Small
556,2024 Q4,2024-12-31,Distributors,324531.61,329134.61,260518.53,260518.53,1645673.05,872.0,1302594.64,148.0,64013.07999999999,68616.07999999999,2948267.69,Small
556,2025 Q1,2025-03-31,Distributors,329347.44,334696.44,264281.94,264281.94,1673482.22,872.0,1321411.72,148.0,65065.5,70414.5,2994893.94,Small
556,2025 Q2,2025-06-30,Distributors,296685.68,296685.68,236145.99,236145.99,1483430.41,873.0,1180733.93,148.0,60539.69,60539.69,2664164.34,Small
556,2025 Q3,2025-09-30,Distributors,267389.6,267389.6,214084.73,214084.73,1336947.99,872.0,1070425.67,148.0,53304.869999999966,53304.869999999966,2407373.66,Small
542,2024 Q2,2024-06-30,Distributors,197985.86,197985.86,136876.0,136876.0,989932.31,481.0,684382.0,143.0,61109.85999999999,61109.85999999999,1674314.31,Small
542,2024 Q3,2024-09-30,Distributors,175024.57,175024.57,121518.36,121518.36,875125.83,447.0,607593.8,134.0,53506.21000000001,53506.21000000001,1482719.63,Small
542,2024 Q4,2024-12-31,Distributors,205600.34,205600.34,145091.81,145091.81,1028003.69,446.0,725463.05,134.0,60508.53,60508.53,1753466.74,Small
542,2025 Q1,2025-03-31,Distributors,205390.66,207880.66,148377.4,148377.4,1039405.3,447.0,741887.97,135.0,57013.26000000001,59503.26000000001,1781293.27,Small
542,2025 Q2,2025-06-30,Distributors,176461.24,176461.24,121532.0,121532.0,882308.19,446.0,607663.0,133.0,54929.23999999999,54929.23999999999,1489971.19,Small
542,2025 Q3,2025-09-30,Distributors,173979.91,173979.91,118261.49,118261.49,869902.55,445.0,591309.47,134.0,55718.42,55718.42,1461212.02,Small
559,2024 Q2,2024-06-30,Distributors,338137.74,338137.74,256299.76,256299.76,1690689.71,799.0,1281500.79,158.0,81837.97999999998,81837.97999999998,2972190.5,Small
559,2024 Q3,2024-09-30,Distributors,305726.83,305727.83,232884.56,232884.56,1528639.13,742.0,1164426.82,147.0,72842.27000000002,72843.27000000002,2693065.95,Small
559,2024 Q4,2024-12-31,Distributors,350842.37,350842.37,266060.73,266061.73,1754212.83,742.0,1330308.65,147.0,84781.64000000001,84780.64000000001,3084521.48,Small
559,2025 Q1,2025-03-31,Distributors,344777.95,344777.95,272732.19,272732.19,1723893.74,742.0,1363663.94,148.0,72045.76000000001,72045.76000000001,3087557.68,Small
559,2025 Q2,2025-06-30,Distributors,341376.59,341377.59,260408.44,260408.44,1706887.95,743.0,1302046.2,147.0,80968.15000000002,80969.15000000002,3008934.15,Small
559,2025 Q3,2025-09-30,Distributors,288492.92,288492.92,219440.21,219440.21,1442468.58,742.0,1097203.06,147.0,69052.70999999999,69052.70999999999,2539671.64,Small
677,2024 Q2,2024-06-30,Importer,0.0,0.0,0.0,0.0,364307.01,463.0,0.0,0.0,0.0,0.0,364307.01,Small
677,2024 Q3,2024-09-30,Importer,0.0,0.0,0.0,0.0,337766.83,431.0,0.0,0.0,0.0,0.0,337766.83,Small
677,2024 Q4,2024-12-31,Importer,0.0,0.0,0.0,0.0,405641.69,430.0,0.0,0.0,0.0,0.0,405641.69,Small
677,2025 Q1,2025-03-31,Importer,0.0,0.0,0.0,0.0,400059.21,430.0,0.0,0.0,0.0,0.0,400059.21,Small
677,2025 Q2,2025-06-30,Importer,0.0,0.0,0.0,0.0,386374.45,431.0,0.0,0.0,0.0,0.0,386374.45,Small
677,2025 Q3,2025-09-30,Importer,0.0,0.0,0.0,0.0,369171.37,430.0,0.0,0.0,0.0,0.0,369171.37,Small
676,2024 Q2,2024-06-30,Importer,0.0,0.0,0.0,0.0,50489.24,99.0,0.0,0.0,0.0,0.0,50489.24,Small
676,2024 Q3,2024-09-30,Importer,0.0,0.0,0.0,0.0,52286.39,93.0,0.0,0.0,0.0,0.0,52286.39,Small
676,2024 Q4,2024-12-31,Importer,0.0,0.0,0.0,0.0,52875.79,92.0,0.0,0.0,0.0,0.0,52875.79,Small
676,2025 Q1,2025-03-31,Importer,0.0,0.0,0.0,0.0,55641.99,93.0,0.0,0.0,0.0,0.0,55641.99,Small
676,2025 Q2,2025-06-30,Importer,0.0,0.0,0.0,0.0,53563.66,92.0,0.0,0.0,0.0,0.0,53563.66,Small
676,2025 Q3,2025-09-30,Importer,0.0,0.0,0.0,0.0,56016.76,93.0,0.0,0.0,0.0,0.0,56016.76,Small
678,2024 Q2,2024-06-30,Importer,0.0,0.0,0.0,0.0,1033417.07,317.0,0.0,0.0,0.0,0.0,1033417.07,Medium
678,2024 Q3,2024-09-30,Importer,0.0,0.0,0.0,0.0,892896.22,293.0,0.0,0.0,0.0,0.0,892896.22,Medium
678,2024 Q4,2024-12-31,Importer,0.0,0.0,0.0,0.0,1017281.75,294.0,0.0,0.0,0.0,0.0,1017281.75,Medium
678,2025 Q1,2025-03-31,Importer,0.0,0.0,0.0,0.0,1084035.31,293.0,0.0,0.0,0.0,0.0,1084035.31,Medium
678,2025 Q2,2025-06-30,Importer,0.0,0.0,0.0,0.0,1097569.53,293.0,0.0,0.0,0.0,0.0,1097569.53,Medium
678,2025 Q3,2025-09-30,Importer,0.0,0.0,0.0,0.0,927384.41,291.0,0.0,0.0,0.0,0.0,927384.41,Medium
683,2024 Q2,2024-06-30,Importer,0.0,0.0,0.0,0.0,747090.83,254.0,0.0,0.0,0.0,0.0,747090.83,Small
683,2024 Q3,2024-09-30,Importer,0.0,0.0,0.0,0.0,652995.94,236.0,0.0,0.0,0.0,0.0,652995.94,Small
683,2024 Q4,2024-12-31,Importer,0.0,0.0,0.0,0.0,779058.85,235.0,0.0,0.0,0.0,0.0,779058.85,Small
683,2025 Q1,2025-03-31,Importer,0.0,0.0,0.0,0.0,757449.97,235.0,0.0,0.0,0.0,0.0,757449.97,Small
683,2025 Q2,2025-06-30,Importer,0.0,0.0,0.0,0.0,719563.36,235.0,0.0,0.0,0.0,0.0,719563.36,Small
683,2025 Q3,2025-09-30,Importer,0.0,0.0,0.0,0.0,732873.87,236.0,0.0,0.0,0.0,0.0,732873.87,Small
561,2024 Q2,2024-06-30,Distributors,469734.4,469734.4,368743.26,368743.26,2348673.99,995.0,1843720.28,144.0,100991.14,100991.14,4192394.270000001,Small
561,2024 Q3,2024-09-30,Distributors,401774.61,401774.61,315415.78,315416.78,2008875.03,924.0,1577083.89,135.0,86358.82999999996,86357.82999999996,3585958.92,Small
561,2024 Q4,2024-12-31,Distributors,505613.18,505613.18,398271.43,398271.43,2528069.88,924.0,1991361.13,134.0,107341.75,107341.75,4519431.01,Small
561,2025 Q1,2025-03-31,Distributors,500557.77,500557.77,396039.15,396039.15,2502788.85,924.0,1980199.74,135.0,104518.62,104518.62,4482988.59,Small
561,2025 Q2,2025-06-30,Distributors,438585.59,438585.59,338960.02,338960.02,2192928.93,924.0,1694801.12,134.0,99625.57,99625.57,3887730.05,Small
561,2025 Q3,2025-09-30,Distributors,423021.47,423021.47,326410.76,326410.76,2115108.34,924.0,1632056.81,136.0,96610.70999999996,96610.70999999996,3747165.15,Small
679,2024 Q2,2024-06-30,Importer,0.0,0.0,0.0,0.0,5652856.93,355.0,0.0,0.0,0.0,0.0,5652856.93,Large
679,2024 Q3,2024-09-30,Importer,0.0,0.0,0.0,0.0,5098468.41,329.0,0.0,0.0,0.0,0.0,5098468.41,Large
679,2024 Q4,2024-12-31,Importer,0.0,0.0,0.0,0.0,6787003.61,329.0,0.0,0.0,0.0,0.0,6787003.61,Large
679,2025 Q1,2025-03-31,Importer,0.0,0.0,0.0,0.0,6794185.33,329.0,0.0,0.0,0.0,0.0,6794185.33,Large
679,2025 Q2,2025-06-30,Importer,0.0,0.0,0.0,0.0,5577625.01,329.0,0.0,0.0,0.0,0.0,5577625.01,Large
679,2025 Q3,2025-09-30,Importer,0.0,0.0,0.0,0.0,5282885.99,328.0,0.0,0.0,0.0,0.0,5282885.99,Large
535,2024 Q2,2024-06-30,Distributors,143193.54,160307.54,108207.21,108207.21,801538.7,520.0,541036.06,130.0,34986.33,52100.33,1342574.76,Small
535,2024 Q3,2024-09-30,Distributors,132378.21,150805.21,100446.97,100446.97,754026.04,482.0,502235.83,121.0,31931.23999999999,50358.23999999999,1256261.87,Small
535,2024 Q4,2024-12-31,Distributors,153429.59,171583.59,115810.56,115810.56,857918.95,483.0,579055.82,121.0,37619.03,55773.03,1436974.77,Small
535,2025 Q1,2025-03-31,Distributors,151347.98,173226.98,121116.04,121115.04,866134.88,482.0,605579.21,123.0,30231.94,52111.94,1471714.09,Small
535,2025 Q2,2025-06-30,Distributors,167004.34,167005.34,113071.06,113071.06,835026.72,482.0,565355.32,121.0,53933.28,53934.28,1400382.04,Small
535,2025 Q3,2025-09-30,Distributors,155266.55,155266.55,103033.83,103033.83,776335.76,482.0,515170.19,122.0,52232.71999999999,52232.71999999999,1291505.95,Small
680,2024 Q2,2024-06-30,Importer,0.0,0.0,0.0,0.0,1422121.39,603.0,0.0,0.0,0.0,0.0,1422121.39,Medium
680,2024 Q3,2024-09-30,Importer,0.0,0.0,0.0,0.0,1295971.54,560.0,0.0,0.0,0.0,0.0,1295971.54,Medium
680,2024 Q4,2024-12-31,Importer,0.0,0.0,0.0,0.0,1563012.84,560.0,0.0,0.0,0.0,0.0,1563012.84,Medium
680,2025 Q1,2025-03-31,Importer,0.0,0.0,0.0,0.0,1528314.11,560.0,0.0,0.0,0.0,0.0,1528314.11,Medium
680,2025 Q2,2025-06-30,Importer,0.0,0.0,0.0,0.0,1449459.59,561.0,0.0,0.0,0.0,0.0,1449459.59,Medium
680,2025 Q3,2025-09-30,Importer,0.0,0.0,0.0,0.0,1372256.49,560.0,0.0,0.0,0.0,0.0,1372256.49,Medium
691,2024 Q2,2024-06-30,Importer,0.0,0.0,0.0,0.0,2593709.88,407.0,0.0,0.0,0.0,0.0,2593709.88,Large
691,2024 Q3,2024-09-30,Importer,0.0,0.0,0.0,0.0,2363191.21,378.0,0.0,0.0,0.0,0.0,2363191.21,Large
691,2024 Q4,2024-12-31,Importer,0.0,0.0,0.0,0.0,2896770.54,378.0,0.0,0.0,0.0,0.0,2896770.54,Large
691,2025 Q1,2025-03-31,Importer,0.0,0.0,0.0,0.0,2994241.25,378.0,0.0,0.0,0.0,0.0,2994241.25,Large
691,2025 Q2,2025-06-30,Importer,0.0,0.0,0.0,0.0,2626235.09,379.0,0.0,0.0,0.0,0.0,2626235.09,Large
691,2025 Q3,2025-09-30,Importer,0.0,0.0,0.0,0.0,2473249.76,379.0,0.0,0.0,0.0,0.0,2473249.76,Large
562,2024 Q2,2024-06-30,Distributors,236270.23,236270.23,181293.18,181293.18,1181352.16,505.0,906467.91,159.0,54977.05000000002,54977.05000000002,2087820.07,Small
562,2024 Q3,2024-09-30,Distributors,205566.33,205566.33,155875.7,155875.7,1027833.64,469.0,779378.48,147.0,49690.629999999976,49690.629999999976,1807212.12,Small
562,2024 Q4,2024-12-31,Distributors,270030.36,273297.36,208015.2,208015.2,1366487.8,470.0,1040075.98,148.0,62015.15999999997,65282.15999999997,2406563.7800000003,Small
562,2025 Q1,2025-03-31,Distributors,268967.68,268967.68,206291.18,206291.18,1344842.41,469.0,1031459.89,148.0,62676.5,62676.5,2376302.3,Small
562,2025 Q2,2025-06-30,Distributors,217801.55,217801.55,171147.65,171147.65,1089011.74,470.0,855738.24,148.0,46653.9,46653.9,1944749.98,Small
562,2025 Q3,2025-09-30,Distributors,204147.16,204147.16,153659.22,153659.22,1020737.8,470.0,768299.08,148.0,50487.94,50487.94,1789036.88,Small
681,2024 Q2,2024-06-30,Importer,0.0,0.0,0.0,0.0,185209.19,243.0,0.0,0.0,0.0,0.0,185209.19,Small
681,2024 Q3,2024-09-30,Importer,0.0,0.0,0.0,0.0,166853.11,226.0,0.0,0.0,0.0,0.0,166853.11,Small
681,2024 Q4,2024-12-31,Importer,0.0,0.0,0.0,0.0,223031.63,225.0,0.0,0.0,0.0,0.0,223031.63,Small
681,2025 Q1,2025-03-31,Importer,0.0,0.0,0.0,0.0,208806.9,225.0,0.0,0.0,0.0,0.0,208806.9,Small
681,2025 Q2,2025-06-30,Importer,0.0,0.0,0.0,0.0,190281.32,225.0,0.0,0.0,0.0,0.0,190281.32,Small
681,2025 Q3,2025-09-30,Importer,0.0,0.0,0.0,0.0,185347.96,224.0,0.0,0.0,0.0,0.0,185347.96,Small
674,2024 Q2,2024-06-30,Importer,0.0,0.0,0.0,0.0,166907.38,202.0,0.0,0.0,0.0,0.0,166907.38,Small
674,2024 Q3,2024-09-30,Importer,0.0,0.0,0.0,0.0,155708.14,186.0,0.0,0.0,0.0,0.0,155708.14,Small
674,2024 Q4,2024-12-31,Importer,0.0,0.0,0.0,0.0,184413.79,187.0,0.0,0.0,0.0,0.0,184413.79,Small
674,2025 Q1,2025-03-31,Importer,0.0,0.0,0.0,0.0,183094.77,186.0,0.0,0.0,0.0,0.0,183094.77,Small
674,2025 Q2,2025-06-30,Importer,0.0,0.0,0.0,0.0,171370.73,186.0,0.0,0.0,0.0,0.0,171370.73,Small
674,2025 Q3,2025-09-30,Importer,0.0,0.0,0.0,0.0,162700.96,185.0,0.0,0.0,0.0,0.0,162700.96,Small
685,2024 Q2,2024-06-30,Importer,0.0,0.0,0.0,0.0,670918.96,349.0,0.0,0.0,0.0,0.0,670918.96,Small
685,2024 Q3,2024-09-30,Importer,0.0,0.0,0.0,0.0,578175.31,323.0,0.0,0.0,0.0,0.0,578175.31,Small
685,2024 Q4,2024-12-31,Importer,0.0,0.0,0.0,0.0,690957.63,322.0,0.0,0.0,0.0,0.0,690957.63,Small
685,2025 Q1,2025-03-31,Importer,0.0,0.0,0.0,0.0,699548.31,322.0,0.0,0.0,0.0,0.0,699548.31,Small
685,2025 Q2,2025-06-30,Importer,0.0,0.0,0.0,0.0,659389.36,322.0,0.0,0.0,0.0,0.0,659389.36,Small
685,2025 Q3,2025-09-30,Importer,0.0,0.0,0.0,0.0,630351.65,319.0,0.0,0.0,0.0,0.0,630351.65,Small
690,2024 Q2,2024-06-30,Importer,0.0,0.0,0.0,0.0,359991.85,281.0,0.0,0.0,0.0,0.0,359991.85,Small
690,2024 Q3,2024-09-30,Importer,0.0,0.0,0.0,0.0,325539.92,262.0,0.0,0.0,0.0,0.0,325539.92,Small
690,2024 Q4,2024-12-31,Importer,0.0,0.0,0.0,0.0,392726.51,261.0,0.0,0.0,0.0,0.0,392726.51,Small
690,2025 Q1,2025-03-31,Importer,0.0,0.0,0.0,0.0,377615.0,261.0,0.0,0.0,0.0,0.0,377615.0,Small
690,2025 Q2,2025-06-30,Importer,0.0,0.0,0.0,0.0,356106.23,261.0,0.0,0.0,0.0,0.0,356106.23,Small
690,2025 Q3,2025-09-30,Importer,0.0,0.0,0.0,0.0,361622.93,262.0,0.0,0.0,0.0,0.0,361622.93,Small
687,2024 Q2,2024-06-30,Importer,0.0,0.0,0.0,0.0,1124030.01,198.0,0.0,0.0,0.0,0.0,1124030.01,Medium
687,2024 Q3,2024-09-30,Importer,0.0,0.0,0.0,0.0,988706.8,183.0,0.0,0.0,0.0,0.0,988706.8,Medium
687,2024 Q4,2024-12-31,Importer,0.0,0.0,0.0,0.0,1306559.79,183.0,0.0,0.0,0.0,0.0,1306559.79,Medium
687,2025 Q1,2025-03-31,Importer,0.0,0.0,0.0,0.0,1482310.78,183.0,0.0,0.0,0.0,0.0,1482310.78,Medium
687,2025 Q2,2025-06-30,Importer,0.0,0.0,0.0,0.0,1122455.6,183.0,0.0,0.0,0.0,0.0,1122455.6,Medium
687,2025 Q3,2025-09-30,Importer,0.0,0.0,0.0,0.0,1003741.45,183.0,0.0,0.0,0.0,0.0,1003741.45,Medium
688,2024 Q2,2024-06-30,Importer,0.0,0.0,0.0,0.0,232792.4,160.0,0.0,0.0,0.0,0.0,232792.4,Small
688,2024 Q3,2024-09-30,Importer,0.0,0.0,0.0,0.0,208044.86,148.0,0.0,0.0,0.0,0.0,208044.86,Small
688,2024 Q4,2024-12-31,Importer,0.0,0.0,0.0,0.0,273678.76,147.0,0.0,0.0,0.0,0.0,273678.76,Small
688,2025 Q1,2025-03-31,Importer,0.0,0.0,0.0,0.0,255346.36,147.0,0.0,0.0,0.0,0.0,255346.36,Small
688,2025 Q2,2025-06-30,Importer,0.0,0.0,0.0,0.0,219247.65,147.0,0.0,0.0,0.0,0.0,219247.65,Small
688,2025 Q3,2025-09-30,Importer,0.0,0.0,0.0,0.0,228369.13,146.0,0.0,0.0,0.0,0.0,228369.13,Small
590,2024 Q2,2024-06-30,Food_Processors,2206899.11,2206899.11,1667603.52,1667603.52,11034495.57,743.0,8338018.61,74.0,539295.5899999999,539295.5899999999,19372514.18,Large
590,2024 Q3,2024-09-30,Food_Processors,1973868.76,1973868.76,1494892.94,1494892.94,9869343.78,690.0,7474465.68,69.0,478975.82000000007,478975.82000000007,17343809.46,Large
590,2024 Q4,2024-12-31,Food_Processors,2466377.44,2466377.44,1882908.6,1882908.6,12331889.22,690.0,9414546.03,72.0,583468.8399999999,583468.8399999999,21746435.25,Large
590,2025 Q1,2025-03-31,Food_Processors,2542077.46,2542077.46,1944514.3,1944514.3,12710388.29,690.0,9722572.49,70.0,597563.1599999999,597563.1599999999,22432960.78,Large
590,2025 Q2,2025-06-30,Food_Processors,2250676.31,2250676.31,1684077.09,1684077.09,11253383.54,690.0,8420386.47,69.0,566599.22,566599.22,19673770.01,Large
590,2025 Q3,2025-09-30,Food_Processors,2070048.42,2070048.42,1578929.37,1578929.37,10350242.09,690.0,7894649.83,70.0,491119.0499999998,491119.0499999998,18244891.92,Large
586,2024 Q2,2024-06-30,Meat_Processors,965846.97,965846.97,865726.44,865726.44,4829234.86,576.0,4328632.2,48.0,100120.53000000004,100120.53000000004,9157867.06,Large
586,2024 Q3,2024-09-30,Meat_Processors,874175.84,874175.84,775488.16,775488.16,4370883.19,534.0,3877444.81,45.0,98687.67999999992,98687.67999999992,8248328.0,Large
586,2024 Q4,2024-12-31,Meat_Processors,1166697.35,1166697.35,1006453.98,1006453.98,5833490.77,534.0,5032271.9,43.0,160243.3700000001,160243.3700000001,10865762.67,Large
586,2025 Q1,2025-03-31,Meat_Processors,1178386.32,1178386.32,1002266.01,1002266.01,5891932.6,534.0,5011333.05,43.0,176120.31000000006,176120.31000000006,10903265.65,Large
586,2025 Q2,2025-06-30,Meat_Processors,957850.16,957850.16,846848.74,846848.74,4789250.78,534.0,4234246.68,45.0,111001.42000000004,111001.42000000004,9023497.46,Large
586,2025 Q3,2025-09-30,Meat_Processors,886279.06,886279.06,798520.22,798520.22,4431397.3,535.0,3992602.14,46.0,87758.84000000008,87758.84000000008,8423999.44,Large
589,2024 Q2,2024-06-30,Food_Processors,1505140.32,1526488.32,1022579.31,1022579.31,7632445.59,645.0,5112898.54,78.0,482561.01,503909.01,12745344.13,Large
589,2024 Q3,2024-09-30,Food_Processors,1346455.19,1378113.19,984381.29,984381.29,6890569.95,599.0,4921910.52,74.0,362073.8999999999,393731.8999999999,11812480.47,Large
589,2024 Q4,2024-12-31,Food_Processors,1663756.08,1663756.08,1119517.01,1119517.01,8318781.39,599.0,5597589.05,71.0,544239.0700000001,544239.0700000001,13916370.44,Large
589,2025 Q1,2025-03-31,Food_Processors,1714355.64,1733413.64,1228459.37,1228459.37,8667068.23,600.0,6142298.85,72.0,485896.2699999998,504954.2699999998,14809367.08,Large
589,2025 Q2,2025-06-30,Food_Processors,1545402.83,1545402.83,1090701.38,1090701.38,7727016.17,599.0,5453508.88,74.0,454701.4500000002,454701.4500000002,13180525.05,Large
589,2025 Q3,2025-09-30,Food_Processors,1442789.49,1442789.49,966384.2,966384.2,7213950.47,599.0,4831921.99,72.0,476405.29,476405.29,12045872.46,Large
594,2024 Q2,2024-06-30,Food_Processors,2536112.02,2536112.02,1803914.0,1803914.0,12680560.1,1107.0,9019573.04,77.0,732198.02,732198.02,21700133.14,Large
594,2024 Q3,2024-09-30,Food_Processors,2184357.68,2184358.68,1643294.76,1643294.76,10921793.4,1028.0,8216477.79,72.0,541062.9200000002,541063.9200000002,19138271.19,Large
594,2024 Q4,2024-12-31,Food_Processors,2580299.52,2580299.52,1870211.14,1870211.14,12901501.6,1029.0,9351057.65,72.0,710088.3800000001,710088.3800000001,22252559.25,Large
594,2025 Q1,2025-03-31,Food_Processors,2743705.42,2743705.42,1960599.58,1960599.58,13718529.08,1028.0,9802999.9,71.0,783105.8399999999,783105.8399999999,23521528.98,Large
594,2025 Q2,2025-06-30,Food_Processors,2513433.52,2513433.52,1802190.77,1802190.77,12567169.6,1028.0,9010954.9,73.0,711242.75,711242.75,21578124.5,Large
594,2025 Q3,2025-09-30,Food_Processors,2300477.4,2300477.4,1625711.78,1625711.78,11502388.99,1029.0,8128558.87,70.0,674765.6199999999,674765.6199999999,19630947.86,Large
573,2024 Q2,2024-06-30,Meat_Processors,389888.26,389888.26,356408.85,356408.85,1949444.28,169.0,1782048.26,46.0,33479.41000000003,33479.41000000003,3731492.54,Large
573,2024 Q3,2024-09-30,Meat_Processors,340194.19,340194.19,309292.0,309292.0,1700971.95,157.0,1546461.0,42.0,30902.19,30902.19,3247432.95,Large
573,2024 Q4,2024-12-31,Meat_Processors,470680.66,470680.66,421943.5,421943.5,2353404.31,157.0,2109721.5,43.0,48737.15999999997,48737.15999999997,4463125.8100000005,Large
573,2025 Q1,2025-03-31,Meat_Processors,471389.66,471389.66,417317.0,417317.0,2356950.29,157.0,2086586.0,42.0,54072.65999999997,54072.65999999997,4443536.29,Large
573,2025 Q2,2025-06-30,Meat_Processors,381291.05,381291.05,341916.0,341916.0,1906456.25,157.0,1709583.0,42.0,39375.04999999999,39375.04999999999,3616039.25,Large
573,2025 Q3,2025-09-30,Meat_Processors,365588.46,365589.46,341861.43,341861.43,1827947.3,157.0,1709310.17,44.0,23727.030000000028,23728.030000000028,3537257.47,Large
604,2024 Q2,2024-06-30,Food_Processors,5787.82,5787.82,4939.4,4939.4,28939.11,15.0,24701.03,19.0,848.4200000000001,848.4200000000001,53640.14,Small
604,2024 Q3,2024-09-30,Food_Processors,4115.3,4115.3,3549.45,3549.45,20577.51,14.0,17748.23,17.0,565.8500000000004,565.8500000000004,38325.74,Small
604,2024 Q4,2024-12-31,Food_Processors,5200.03,5200.03,4067.18,4067.18,26004.13,15.0,20337.88,17.0,1132.85,1132.85,46342.01,Small
604,2025 Q1,2025-03-31,Food_Processors,6413.57,6413.57,5077.48,5077.48,32067.83,15.0,25388.38,18.0,1336.09,1336.09,57456.21000000001,Small
604,2025 Q2,2025-06-30,Food_Processors,6084.6,6084.6,4811.51,4811.51,30426.01,14.0,24058.53,17.0,1273.09,1273.09,54484.54,Small
604,2025 Q3,2025-09-30,Food_Processors,4617.08,4617.08,4096.3,4096.3,23089.4,14.0,20483.52,18.0,520.7799999999997,520.7799999999997,43572.92,Small
627,2024 Q2,2024-06-30,Livestock_Farmers,2487038.94,2487038.94,21521.0,21521.0,12435195.72,169.0,5754436.0,31.0,2465517.94,2465517.94,18189631.72,Large
627,2024 Q3,2024-09-30,Livestock_Farmers,2360195.67,2360195.67,21521.0,21521.0,11800981.34,157.0,5313655.0,29.0,2338674.67,2338674.67,17114636.34,Large
627,2024 Q4,2024-12-31,Livestock_Farmers,2939773.61,2987557.61,21521.0,21521.0,14937792.07,157.0,6891225.0,29.0,2918252.61,2966036.61,21829017.07,Large
627,2025 Q1,2025-03-31,Livestock_Farmers,3019476.3,3019476.3,21521.0,21521.0,15097383.51,157.0,6965851.0,29.0,2997955.3,2997955.3,22063234.51,Large
627,2025 Q2,2025-06-30,Livestock_Farmers,2519304.71,2519304.71,21521.0,21521.0,12596524.56,157.0,5827378.0,29.0,2497783.71,2497783.71,18423902.56,Large
627,2025 Q3,2025-09-30,Livestock_Farmers,2410585.13,2410585.13,21521.0,21521.0,12052926.67,157.0,5582544.0,29.0,2389064.13,2389064.13,17635470.67,Large
583,2024 Q2,2024-06-30,Meat_Processors,1194884.32,1194884.32,981971.0,981971.0,5974421.62,491.0,4909859.0,45.0,212913.3200000001,212913.3200000001,10884280.62,Large
583,2024 Q3,2024-09-30,Meat_Processors,1071313.8,1071313.8,937609.9,937609.9,5356569.0,456.0,4688050.5,44.0,133703.90000000002,133703.90000000002,10044619.5,Large
583,2024 Q4,2024-12-31,Meat_Processors,1486561.83,1504599.83,1232754.0,1232754.0,7523003.16,456.0,6163772.0,42.0,253807.83000000007,271845.8300000001,13686775.16,Large
583,2025 Q1,2025-03-31,Meat_Processors,1494791.32,1494790.32,1224490.0,1224490.0,7473955.6,456.0,6122454.0,42.0,270301.32000000007,270300.32000000007,13596409.6,Large
583,2025 Q2,2025-06-30,Meat_Processors,1199737.11,1199737.11,1042036.3,1042036.3,5998685.55,456.0,5210181.51,45.0,157700.81000000006,157700.81000000006,11208867.06,Large
583,2025 Q3,2025-09-30,Meat_Processors,1126196.41,1126196.41,928116.0,928116.0,5630983.07,456.0,4640580.0,42.0,198080.40999999992,198080.40999999992,10271563.07,Large
609,2024 Q2,2024-06-30,Food_Processors,3519364.71,3565699.71,2188289.56,2188289.56,17828502.53,1066.0,10941451.84,78.0,1331075.15,1377410.15,28769954.37,Large
609,2024 Q3,2024-09-30,Food_Processors,3157064.78,3157064.78,2082670.46,2082670.46,15785323.91,989.0,10413354.3,74.0,1074394.3199999998,1074394.3199999998,26198678.21,Large
609,2024 Q4,2024-12-31,Food_Processors,3866412.56,3866412.56,2405288.58,2405288.58,19332062.78,990.0,12026444.86,73.0,1461123.98,1461123.98,31358507.64,Large
609,2025 Q1,2025-03-31,Food_Processors,3956130.33,3956130.33,2606564.88,2606564.88,19780654.65,990.0,13032825.45,75.0,1349565.4500000002,1349565.4500000002,32813480.1,Large
609,2025 Q2,2025-06-30,Food_Processors,3570301.51,3570301.51,2180120.01,2180120.01,17851510.55,989.0,10900604.05,72.0,1390181.5,1390181.5,28752114.6,Large
609,2025 Q3,2025-09-30,Food_Processors,3271919.57,3271919.57,2019988.45,2019988.45,16359599.83,989.0,10099945.27,74.0,1251931.12,1251931.12,26459545.1,Large
633,2024 Q2,2024-06-30,Livestock_Farmers,493046.4,493046.4,24278.0,24278.0,2465232.02,99.0,1232431.0,45.0,468768.4,468768.4,3697663.02,Large
633,2024 Q3,2024-09-30,Livestock_Farmers,418345.07,418345.07,24278.0,24278.0,2091728.35,92.0,1119967.0,42.0,394067.07,394067.07,3211695.35,Large
633,2024 Q4,2024-12-31,Livestock_Farmers,608063.98,608063.98,24278.0,24278.0,3040323.9,92.0,1489380.0,42.0,583785.98,583785.98,4529703.9,Large
633,2025 Q1,2025-03-31,Livestock_Farmers,595580.41,595580.41,24278.0,24278.0,2977903.05,92.0,1641032.78,43.0,571302.41,571302.41,4618935.83,Large
633,2025 Q2,2025-06-30,Livestock_Farmers,462728.25,462728.25,24278.0,24278.0,2313645.27,92.0,1223867.0,42.0,438450.25,438450.25,3537512.27,Large
633,2025 Q3,2025-09-30,Livestock_Farmers,425545.51,425545.51,24278.0,24278.0,2127728.55,92.0,1135442.0,42.0,401267.51,401267.51,3263170.55,Large
592,2024 Q2,2024-06-30,Food_Processors,30710.21,30710.21,21927.12,21927.12,153555.06,15.0,109635.62,19.0,8783.09,8783.09,263190.68,Medium
592,2024 Q3,2024-09-30,Food_Processors,25465.97,25465.97,18081.19,18081.19,127329.83,14.0,90408.96,18.0,7384.780000000002,7384.780000000002,217738.79,Medium
592,2024 Q4,2024-12-31,Food_Processors,27289.56,27289.56,18857.79,18857.79,136448.82,14.0,94292.95,17.0,8431.77,8431.77,230741.77,Medium
592,2025 Q1,2025-03-31,Food_Processors,30594.28,30594.28,22402.08,22402.08,152974.41,14.0,112014.41,18.0,8192.199999999997,8192.199999999997,264988.82,Medium
592,2025 Q2,2025-06-30,Food_Processors,35817.06,35817.06,25964.46,25964.46,179088.32,14.0,129822.32,18.0,9852.6,9852.6,308910.64,Medium
592,2025 Q3,2025-09-30,Food_Processors,31152.7,31152.7,22425.06,22425.06,155763.52,14.0,112129.29,18.0,8727.64,8727.64,267892.81,Medium
625,2024 Q2,2024-06-30,Livestock_Farmers,59508.81,60474.81,11770.0,11770.0,302377.03,127.0,219461.0,31.0,47738.81,48704.81,521838.03,Medium
625,2024 Q3,2024-09-30,Livestock_Farmers,54498.36,55894.36,11770.0,11770.0,279471.8,118.0,207418.0,29.0,42728.36,44124.36,486889.8,Medium
625,2024 Q4,2024-12-31,Livestock_Farmers,68361.67,71120.67,11770.0,11770.0,355603.33,119.0,247041.0,29.0,56591.67,59350.67,602644.3300000001,Medium
625,2025 Q1,2025-03-31,Livestock_Farmers,67363.42,68785.42,15693.47,15693.47,343929.12,118.0,258622.37,30.0,51669.95,53091.95,602551.49,Medium
625,2025 Q2,2025-06-30,Livestock_Farmers,59129.52,59129.52,11770.0,11770.0,295650.6,118.0,214755.0,29.0,47359.52,47359.52,510405.6,Medium
625,2025 Q3,2025-09-30,Livestock_Farmers,57278.01,57278.01,11770.0,11770.0,286390.06,118.0,210811.0,29.0,45508.01,45508.01,497201.06,Medium
574,2024 Q2,2024-06-30,Meat_Processors,34748.87,41642.87,30619.0,30619.0,208214.33,15.0,153099.0,17.0,4129.870000000003,11023.870000000004,361313.33,Small
574,2024 Q3,2024-09-30,Meat_Processors,25389.11,29145.11,20466.0,20466.0,145729.56,15.0,102331.0,16.0,4923.110000000001,8679.11,248060.56,Small
574,2024 Q4,2024-12-31,Meat_Processors,31743.83,37860.83,28110.0,28110.0,189308.13,14.0,140550.0,16.0,3633.8300000000017,9750.830000000002,329858.13,Small
574,2025 Q1,2025-03-31,Meat_Processors,41257.82,50016.82,36660.0,36660.0,250084.08,14.0,183301.0,16.0,4597.82,13356.82,433385.08,Small
574,2025 Q2,2025-06-30,Meat_Processors,43734.66,44562.66,32825.0,32825.0,222814.3,14.0,164125.0,16.0,10909.660000000003,11737.660000000003,386939.3,Small
574,2025 Q3,2025-09-30,Meat_Processors,35682.9,36291.9,27025.0,27025.0,181462.49,14.0,135129.0,16.0,8657.900000000001,9266.9,316591.49,Small
634,2024 Q2,2024-06-30,Livestock_Farmers,2356353.56,2387382.56,21521.0,21521.0,11936913.82,85.0,5586234.0,31.0,2334832.56,2365861.56,17523147.82,Large
634,2024 Q3,2024-09-30,Livestock_Farmers,2265604.89,2295676.89,21521.0,21521.0,11478385.46,80.0,5037899.0,29.0,2244083.89,2274155.89,16516284.46,Large
634,2024 Q4,2024-12-31,Livestock_Farmers,2874828.18,2874828.18,21521.0,21521.0,14374143.92,79.0,6704679.0,29.0,2853307.18,2853307.18,21078822.92,Large
634,2025 Q1,2025-03-31,Livestock_Farmers,3002017.25,3042484.25,21521.0,21521.0,15212425.24,79.0,6742425.0,29.0,2980496.25,3020963.25,21954850.24,Large
634,2025 Q2,2025-06-30,Livestock_Farmers,2391812.53,2391812.53,21521.0,21521.0,11959065.67,79.0,5518176.0,29.0,2370291.53,2370291.53,17477241.67,Large
634,2025 Q3,2025-09-30,Livestock_Farmers,2236338.82,2236338.82,21521.0,21521.0,11181695.12,80.0,5207482.0,29.0,2214817.82,2214817.82,16389177.12,Large
620,2024 Q2,2024-06-30,Livestock_Farmers,251776.08,251776.08,13633.0,13633.0,1258881.42,99.0,704633.0,31.0,238143.08,238143.08,1963514.42,Medium
620,2024 Q3,2024-09-30,Livestock_Farmers,231524.01,231524.01,13633.0,13633.0,1157620.06,92.0,652361.0,29.0,217891.01,217891.01,1809981.06,Medium
620,2024 Q4,2024-12-31,Livestock_Farmers,303141.88,303141.88,13633.0,13633.0,1515713.41,93.0,828561.0,29.0,289508.88,289508.88,2344274.41,Medium
620,2025 Q1,2025-03-31,Livestock_Farmers,290793.68,290793.68,13633.0,13633.0,1453970.38,93.0,800972.0,29.0,277160.68,277160.68,2254942.38,Medium
620,2025 Q2,2025-06-30,Livestock_Farmers,262557.08,262557.08,13633.0,13633.0,1312785.41,93.0,702832.0,29.0,248924.08,248924.08,2015617.41,Medium
620,2025 Q3,2025-09-30,Livestock_Farmers,250492.76,250492.76,13633.0,13633.0,1252464.8,93.0,692150.0,29.0,236859.76,236859.76,1944614.8,Medium
607,2024 Q2,2024-06-30,Food_Processors,11779.94,11779.94,2022.0,2022.0,58903.68,15.0,10114.0,17.0,9757.94,9757.94,69017.68,Small
607,2024 Q3,2024-09-30,Food_Processors,10200.84,10200.84,2061.66,2061.66,51006.2,14.0,10310.28,17.0,8139.18,8139.18,61316.48,Small
607,2024 Q4,2024-12-31,Food_Processors,12374.18,12501.18,2545.49,2545.49,62508.89,14.0,12728.44,17.0,9828.69,9955.69,75237.33,Small
607,2025 Q1,2025-03-31,Food_Processors,12834.38,12834.38,2303.0,2303.0,64171.91,14.0,11515.0,16.0,10531.38,10531.38,75686.91,Small
607,2025 Q2,2025-06-30,Food_Processors,12177.44,12177.44,1972.0,1972.0,60889.18,15.0,9860.0,16.0,10205.44,10205.44,70749.18,Small
607,2025 Q3,2025-09-30,Food_Processors,9197.16,9197.16,1957.0,1957.0,45989.8,14.0,9789.02,17.0,7240.16,7240.16,55778.82000000001,Small
588,2024 Q2,2024-06-30,Meat_Processors,151226.19,151226.19,146358.53,146358.53,756134.96,85.0,731796.66,46.0,4867.660000000004,4867.660000000004,1487931.62,Medium
588,2024 Q3,2024-09-30,Meat_Processors,135467.7,135467.7,134061.59,134061.59,677341.48,79.0,670311.97,43.0,1406.1100000000151,1406.1100000000151,1347653.45,Medium
588,2024 Q4,2024-12-31,Meat_Processors,183403.75,183403.75,170161.59,170161.59,917020.74,80.0,850811.97,43.0,13242.160000000003,13242.160000000003,1767832.71,Medium
588,2025 Q1,2025-03-31,Meat_Processors,187053.71,187053.71,165026.0,165026.0,935271.53,79.0,825132.0,42.0,22027.709999999992,22027.709999999992,1760403.53,Medium
588,2025 Q2,2025-06-30,Meat_Processors,146539.7,146539.7,136130.0,136130.0,732699.5,79.0,680654.0,42.0,10409.700000000012,10409.700000000012,1413353.5,Medium
588,2025 Q3,2025-09-30,Meat_Processors,133200.79,133200.79,125103.0,125103.0,666007.97,80.0,625516.0,42.0,8097.790000000008,8097.790000000008,1291523.97,Medium
617,2024 Q2,2024-06-30,Livestock_Farmers,380751.03,388067.03,24278.0,24278.0,1940336.12,72.0,1117709.39,32.0,356473.03,363789.03,3058045.51,Large
617,2024 Q3,2024-09-30,Livestock_Farmers,337822.91,344708.91,24278.0,24278.0,1723547.54,66.0,1025166.0,29.0,313544.91,320430.91,2748713.54,Large
617,2024 Q4,2024-12-31,Livestock_Farmers,434348.87,453362.87,24278.0,24278.0,2266818.33,66.0,1310079.0,29.0,410070.87,429084.87,3576897.33,Large
617,2025 Q1,2025-03-31,Livestock_Farmers,432200.05,442339.05,24278.0,24278.0,2211696.26,67.0,1315985.7,30.0,407922.05,418061.05,3527681.96,Large
617,2025 Q2,2025-06-30,Livestock_Farmers,400004.2,400004.2,32370.7,32370.7,2000024.99,67.0,1136962.51,30.0,367633.5,367633.5,3136987.5,Large
617,2025 Q3,2025-09-30,Livestock_Farmers,367615.87,367615.87,24278.0,24278.0,1838082.36,66.0,1090180.06,30.0,343337.87,343337.87,2928262.42,Large
585,2024 Q2,2024-06-30,Meat_Processors,263621.94,263621.94,270102.03,270102.03,1318112.69,127.0,1350514.12,47.0,-6480.090000000026,-6480.090000000026,2668626.81,Medium
585,2024 Q3,2024-09-30,Meat_Processors,248836.81,248836.81,233167.0,233167.0,1244188.05,118.0,1165837.0,42.0,15669.809999999998,15669.809999999998,2410025.05,Medium
585,2024 Q4,2024-12-31,Meat_Processors,346477.36,346477.36,312385.0,312384.0,1732390.78,119.0,1561924.0,42.0,34092.359999999986,34093.359999999986,3294314.7800000003,Medium
585,2025 Q1,2025-03-31,Meat_Processors,333426.49,333426.49,306499.0,306499.0,1667136.46,118.0,1532496.0,42.0,26927.48999999999,26927.48999999999,3199632.46,Medium
585,2025 Q2,2025-06-30,Meat_Processors,264697.13,264697.13,255284.85,255284.85,1323486.66,118.0,1276427.27,44.0,9412.28,9412.28,2599913.93,Medium
585,2025 Q3,2025-09-30,Meat_Processors,259903.14,259903.14,241386.0,241386.0,1299519.7,119.0,1206934.0,42.0,18517.14000000001,18517.14000000001,2506453.7,Medium
578,2024 Q2,2024-06-30,Meat_Processors,20544.5,23263.5,17691.45,17691.45,116320.54,16.0,88461.24,18.0,2853.05,5572.049999999999,204781.78000000003,Small
578,2024 Q3,2024-09-30,Meat_Processors,20431.0,23140.0,16529.0,16529.0,115701.02,15.0,82649.0,16.0,3902.0,6611.0,198350.02,Small
578,2024 Q4,2024-12-31,Meat_Processors,21646.65,25097.65,18869.0,18869.0,125489.24,14.0,94345.0,16.0,2777.650000000001,6228.6500000000015,219834.24,Small
578,2025 Q1,2025-03-31,Meat_Processors,20380.28,23495.28,19149.03,19149.03,117476.39,14.0,95745.15,17.0,1231.25,4346.25,213221.54,Small
578,2025 Q2,2025-06-30,Meat_Processors,21737.65,22065.65,16706.0,16706.0,110329.26,14.0,83533.0,16.0,5031.6500000000015,5359.6500000000015,193862.26,Small
578,2025 Q3,2025-09-30,Meat_Processors,20445.61,20790.61,15731.0,15731.0,103957.07,14.0,78655.0,16.0,4714.610000000001,5059.610000000001,182612.07,Small
575,2024 Q2,2024-06-30,Meat_Processors,23268.28,23268.28,16990.17,16990.17,116343.38,15.0,84953.85,19.0,6278.110000000001,6278.110000000001,201297.23,Small
575,2024 Q3,2024-09-30,Meat_Processors,18640.53,18640.53,14018.63,14018.63,93204.64,15.0,70094.17,17.0,4621.899999999998,4621.899999999998,163298.81,Small
575,2024 Q4,2024-12-31,Meat_Processors,37081.86,37533.86,28698.45,28698.45,187671.29,14.0,143496.27,18.0,8383.41,8835.41,331167.56,Small
575,2025 Q1,2025-03-31,Meat_Processors,34119.82,34119.82,24248.23,24248.23,170601.08,14.0,121245.15,17.0,9871.59,9871.59,291846.23,Small
575,2025 Q2,2025-06-30,Meat_Processors,22367.72,22367.72,17701.92,17701.92,111841.62,14.0,88513.63,18.0,4665.800000000003,4665.800000000003,200355.25,Small
575,2025 Q3,2025-09-30,Meat_Processors,19694.22,19694.22,15054.16,15054.16,98471.11,14.0,75271.81,18.0,4640.060000000001,4640.060000000001,173742.91999999998,Small
622,2024 Q2,2024-06-30,Livestock_Farmers,251729.04,251729.04,13371.0,13371.0,1258649.18,30.0,599304.0,31.0,238358.04,238358.04,1857953.18,Medium
622,2024 Q3,2024-09-30,Livestock_Farmers,232771.94,232771.94,13371.0,13371.0,1163863.69,28.0,595112.15,31.0,219400.94,219400.94,1758975.84,Medium
622,2024 Q4,2024-12-31,Livestock_Farmers,272214.05,272214.05,17828.02,17828.02,1361073.25,27.0,745794.09,30.0,254386.03,254386.03,2106867.34,Medium
622,2025 Q1,2025-03-31,Livestock_Farmers,282393.59,282393.59,13371.0,13371.0,1411968.95,28.0,701295.0,29.0,269022.59,269022.59,2113263.95,Medium
622,2025 Q2,2025-06-30,Livestock_Farmers,231508.54,231508.54,13371.0,13371.0,1157543.69,27.0,585086.0,29.0,218137.54,218137.54,1742629.69,Medium
622,2025 Q3,2025-09-30,Livestock_Farmers,231977.13,231977.13,13371.0,13371.0,1159887.66,28.0,553592.0,29.0,218606.13,218606.13,1713479.66,Medium
606,2024 Q2,2024-06-30,Food_Processors,16706.77,16948.77,12839.83,12839.83,84743.88,16.0,64200.13,19.0,3866.940000000001,4108.9400000000005,148944.01,Small
606,2024 Q3,2024-09-30,Food_Processors,12469.52,12469.52,9733.45,9733.45,62347.58,14.0,48669.25,17.0,2736.07,2736.07,111016.83,Small
606,2024 Q4,2024-12-31,Food_Processors,13517.89,13670.89,10498.91,10498.91,68355.45,14.0,52496.53,17.0,3018.98,3171.98,120851.98,Small
606,2025 Q1,2025-03-31,Food_Processors,15046.26,15216.26,12386.19,12386.19,76085.32,14.0,61932.97,18.0,2660.07,2830.07,138018.29,Small
606,2025 Q2,2025-06-30,Food_Processors,16266.69,16266.69,11575.15,11575.15,81337.41,15.0,57878.77,17.0,4691.540000000001,4691.540000000001,139216.18,Small
606,2025 Q3,2025-09-30,Food_Processors,12860.83,12860.83,9951.52,9951.52,64306.13,14.0,49759.61,17.0,2909.3099999999995,2909.3099999999995,114065.74,Small
596,2024 Q2,2024-06-30,Food_Processors,25862.56,25862.56,17223.09,17223.09,129316.8,16.0,86118.46,18.0,8639.470000000001,8639.470000000001,215435.26,Small
596,2024 Q3,2024-09-30,Food_Processors,21795.46,21795.46,15732.12,15732.12,108979.31,14.0,78660.61,17.0,6063.34,6063.34,187639.92,Small
596,2024 Q4,2024-12-31,Food_Processors,27191.43,27191.43,19547.5,19547.5,135960.15,15.0,97739.5,18.0,7643.93,7643.93,233699.65,Small
596,2025 Q1,2025-03-31,Food_Processors,25322.29,25322.29,18248.16,18248.16,126612.47,14.0,91241.79,17.0,7074.130000000001,7074.130000000001,217854.26,Small
596,2025 Q2,2025-06-30,Food_Processors,25063.31,25063.31,16877.74,16877.74,125317.57,15.0,84388.68,17.0,8185.57,8185.57,209706.25,Small
596,2025 Q3,2025-09-30,Food_Processors,22308.22,22308.22,15978.87,15978.87,111542.12,14.0,79896.34,17.0,6329.350000000002,6329.350000000002,191438.46,Small
598,2024 Q2,2024-06-30,Food_Processors,266577.16000000003,269409.16000000003,183371.25,183371.25,1347048.81,16.0,916859.27,18.0,83205.91000000003,86037.91000000003,2263908.08,Medium
598,2024 Q3,2024-09-30,Food_Processors,239894.83,239894.83,165384.0,165384.0,1199474.14,14.0,826921.0,16.0,74510.82999999999,74510.82999999999,2026395.14,Medium
598,2024 Q4,2024-12-31,Food_Processors,306430.46,313707.46,208311.0,208311.0,1568537.31,14.0,1041558.0,16.0,98119.46000000002,105396.46000000002,2610095.31,Medium
598,2025 Q1,2025-03-31,Food_Processors,315093.13,321354.13,227957.62,227957.62,1606774.63,14.0,1139791.11,17.0,87135.51000000001,93396.51,2746565.74,Medium
598,2025 Q2,2025-06-30,Food_Processors,292126.31,292126.31,197763.42,197763.42,1460632.59,15.0,988819.09,17.0,94362.88999999998,94362.88999999998,2449451.68,Medium
598,2025 Q3,2025-09-30,Food_Processors,245319.4,245319.4,167855.0,167855.0,1226599.99,14.0,839275.0,16.0,77464.4,77464.4,2065874.99,Medium
587,2024 Q2,2024-06-30,Meat_Processors,6609.6,6609.6,6978.94,6978.94,33049.0,15.0,34895.72,18.0,-369.3399999999992,-369.3399999999992,67944.72,Small
587,2024 Q3,2024-09-30,Meat_Processors,6195.15,6195.15,6910.6900000000005,6910.6900000000005,30976.73,14.0,34555.48,18.0,-715.5400000000009,-715.5400000000009,65532.21000000001,Small
587,2024 Q4,2024-12-31,Meat_Processors,9110.37,9110.37,9399.93,9399.93,45553.87,14.0,47001.67,17.0,-289.5599999999995,-289.5599999999995,92555.54,Small
587,2025 Q1,2025-03-31,Meat_Processors,8939.06,8939.06,9127.7,9127.7,44695.3,14.0,45640.48,17.0,-188.64000000000124,-188.64000000000124,90335.78,Small
587,2025 Q2,2025-06-30,Meat_Processors,7251.36,7251.36,8152.57,8152.57,36258.8,14.0,40762.87,18.0,-901.21,-901.21,77021.67000000001,Small
587,2025 Q3,2025-09-30,Meat_Processors,6983.09,6983.09,7359.93,7359.93,34915.47,14.0,36803.64,17.0,-376.84000000000015,-376.84000000000015,71719.11,Small
612,2024 Q2,2024-06-30,Food_Processors,4094.09,4094.09,3956.18,3956.18,20473.43,15.0,19780.87,19.0,137.9100000000003,137.9100000000003,40254.3,Small
612,2024 Q3,2024-09-30,Food_Processors,4344.73,4344.73,3918.77,3918.77,21727.66,14.0,19593.87,17.0,425.9599999999996,425.9599999999996,41321.53,Small
612,2024 Q4,2024-12-31,Food_Processors,6173.46,6173.46,5262.24,5262.24,30870.31,14.0,26313.22,17.0,911.2200000000004,911.2200000000004,57183.53,Small
612,2025 Q1,2025-03-31,Food_Processors,5790.34,5790.34,4879.01,4879.01,28951.72,14.0,24397.06,17.0,911.33,911.33,53348.78,Small
612,2025 Q2,2025-06-30,Food_Processors,4239.22,4239.22,3802.61,3802.61,21196.08,14.0,19016.07,17.0,436.6100000000001,436.6100000000001,40212.15,Small
612,2025 Q3,2025-09-30,Food_Processors,4401.1,4401.1,4445.96,4445.96,22007.51,14.0,22231.78,19.0,-44.85999999999967,-44.85999999999967,44239.28999999999,Small
628,2024 Q2,2024-06-30,Livestock_Farmers,181922.65,273896.65,13664.0,13664.0,1369486.26,43.0,744216.0,31.0,168258.65,260232.65,2113702.26,Medium
628,2024 Q3,2024-09-30,Livestock_Farmers,185633.96,266388.96,13664.0,13664.0,1331944.79,40.0,679974.0,29.0,171969.96,252724.96,2011918.79,Medium
628,2024 Q4,2024-12-31,Livestock_Farmers,223381.89,335323.89,13664.0,13664.0,1676621.47,40.0,897349.63,30.0,209717.89,321659.89,2573971.1,Medium
628,2025 Q1,2025-03-31,Livestock_Farmers,220607.29,329182.29,13664.0,13664.0,1645912.44,40.0,880733.0,29.0,206943.29,315518.29,2526645.44,Medium
628,2025 Q2,2025-06-30,Livestock_Farmers,276425.01,281199.01,13664.0,13664.0,1405998.05,40.0,761657.0,29.0,262761.01,267535.01,2167655.05,Medium
628,2025 Q3,2025-09-30,Livestock_Farmers,259050.5,263527.5,13664.0,13664.0,1317641.48,40.0,718553.0,29.0,245386.5,249863.5,2036194.48,Medium
600,2024 Q2,2024-06-30,Food_Processors,27874.33,28457.33,20690.67,20690.67,142286.64,15.0,103454.37,18.0,7183.660000000004,7766.6600000000035,245741.01,Medium
600,2024 Q3,2024-09-30,Food_Processors,21668.77,21974.77,16286.35,16286.35,109875.87,14.0,81432.73,17.0,5382.42,5688.42,191308.6,Medium
600,2024 Q4,2024-12-31,Food_Processors,24750.7,25629.7,18782.4,18782.4,128151.48,14.0,93916.02,17.0,5968.299999999999,6847.299999999999,222067.5,Medium
600,2025 Q1,2025-03-31,Food_Processors,29742.74,30246.74,23112.38,23112.38,151233.72,14.0,115561.93,18.0,6630.359999999997,7134.359999999997,266795.65,Medium
600,2025 Q2,2025-06-30,Food_Processors,29005.43,29005.43,22108.59,22107.59,145029.15,14.0,110541.94,18.0,6896.84,6897.84,255571.09,Medium
600,2025 Q3,2025-09-30,Food_Processors,23610.8,23610.8,18538.35,18538.35,118053.98,14.0,92694.72,18.0,5072.450000000001,5072.450000000001,210748.7,Medium
577,2024 Q2,2024-06-30,Meat_Processors,26420.78,26420.78,19422.0,19423.0,132104.93,16.0,97115.0,17.0,6998.779999999999,6997.779999999999,229219.93,Small
577,2024 Q3,2024-09-30,Meat_Processors,21969.39,21969.39,16261.0,16261.0,109849.94,15.0,81307.0,16.0,5708.389999999999,5708.389999999999,191156.94,Small
577,2024 Q4,2024-12-31,Meat_Processors,25156.33,25156.33,19599.0,19599.0,125782.64,14.0,97997.0,16.0,5557.330000000002,5557.330000000002,223779.64,Small
577,2025 Q1,2025-03-31,Meat_Processors,23024.88,23024.88,18166.0,18166.0,115128.41,14.0,90831.0,16.0,4858.880000000001,4858.880000000001,205959.41,Small
577,2025 Q2,2025-06-30,Meat_Processors,19569.2,19569.2,16750.9,16750.9,97846.02,14.0,83756.49,17.0,2818.3,2818.3,181602.51,Small
577,2025 Q3,2025-09-30,Meat_Processors,21350.05,21350.05,16547.0,16547.0,106752.23,14.0,82738.0,16.0,4803.049999999999,4803.049999999999,189490.23,Small
580,2024 Q2,2024-06-30,Meat_Processors,12929.84,13064.84,10639.0,10639.0,65328.18,15.0,53195.0,17.0,2290.84,2425.84,118523.18,Small
580,2024 Q3,2024-09-30,Meat_Processors,11893.32,11893.32,10029.92,10029.92,59469.57,15.0,50152.6,17.0,1863.4,1863.4,109622.17,Small
580,2024 Q4,2024-12-31,Meat_Processors,14540.53,14540.53,12252.0,12252.0,72705.65,14.0,61263.01,17.0,2288.5300000000007,2288.5300000000007,133968.66,Small
580,2025 Q1,2025-03-31,Meat_Processors,17887.62,18234.62,15564.31,15564.31,91177.1,14.0,77823.55,17.0,2323.3099999999995,2670.3099999999995,169000.65000000002,Small
580,2025 Q2,2025-06-30,Meat_Processors,12041.39,12041.39,10550.54,10550.54,60209.97,14.0,52753.69,17.0,1490.8499999999983,1490.8499999999983,112963.66,Small
580,2025 Q3,2025-09-30,Meat_Processors,13032.14,13032.14,10362.0,10362.0,65160.72,14.0,51814.0,16.0,2670.1399999999994,2670.1399999999994,116974.72,Small
602,2024 Q2,2024-06-30,Food_Processors,100864.68,102188.68,83263.42,83263.42,510945.42,15.0,416321.08,18.0,17601.259999999995,18925.259999999995,927266.5,Medium
602,2024 Q3,2024-09-30,Food_Processors,89030.33,90463.33,76059.73,76059.73,452316.65,14.0,380299.64,17.0,12970.600000000006,14403.600000000006,832616.29,Medium
602,2024 Q4,2024-12-31,Food_Processors,113675.97,117711.97,94410.42,94410.42,588562.83,14.0,472052.08,17.0,19265.550000000003,23301.550000000003,1060614.91,Medium
602,2025 Q1,2025-03-31,Food_Processors,126014.21,128167.21,108558.2,108558.2,640836.04,14.0,542793.04,18.0,17456.009999999995,19609.009999999995,1183629.08,Medium
602,2025 Q2,2025-06-30,Food_Processors,123287.72,123286.72,102262.98,102262.98,616437.59,15.0,511317.91,19.0,21024.740000000005,21023.740000000005,1127755.5,Medium
602,2025 Q3,2025-09-30,Food_Processors,107986.07,107986.07,87838.02,87838.02,539933.33,14.0,439194.1,17.0,20148.050000000003,20148.050000000003,979127.43,Medium
603,2024 Q2,2024-06-30,Food_Processors,22384.27,25341.27,16392.21,16392.21,126708.37,15.0,81962.01,19.0,5992.060000000001,8949.060000000001,208670.38,Medium
603,2024 Q3,2024-09-30,Food_Processors,19724.31,21781.31,16151.88,16151.88,108907.55,14.0,80763.4,17.0,3572.430000000002,5629.430000000002,189670.95,Medium
603,2024 Q4,2024-12-31,Food_Processors,22531.57,25230.57,16832.67,16832.67,126156.85,15.0,84167.33,17.0,5698.9000000000015,8397.900000000001,210324.18,Medium
603,2025 Q1,2025-03-31,Food_Processors,22459.58,25337.58,16639.34,16639.34,126691.88,14.0,83196.69,17.0,5820.240000000002,8698.240000000002,209888.57,Medium
603,2025 Q2,2025-06-30,Food_Processors,28681.92,28681.92,16560.63,16560.63,143409.63,15.0,82805.17,18.0,12121.289999999995,12121.289999999995,226214.8,Medium
603,2025 Q3,2025-09-30,Food_Processors,24962.69,24962.69,16299.89,16299.89,124814.41,15.0,81502.46,17.0,8662.8,8662.8,206316.87,Medium
595,2024 Q2,2024-06-30,Food_Processors,5575.4,5575.4,4712.0,4712.0,27879.99,15.0,23562.0,17.0,863.3999999999996,863.3999999999996,51441.99,Small
595,2024 Q3,2024-09-30,Food_Processors,4262.88,4262.88,3781.0,3781.0,21314.42,14.0,18908.0,16.0,481.8800000000001,481.8800000000001,40222.42,Small
595,2024 Q4,2024-12-31,Food_Processors,5578.53,5578.53,4738.64,4738.64,27896.64,15.0,23693.2,17.0,839.8899999999994,839.8899999999994,51589.84,Small
595,2025 Q1,2025-03-31,Food_Processors,5394.41,5394.41,4876.33,4876.33,26975.05,14.0,24385.65,17.0,518.0799999999999,518.0799999999999,51360.7,Small
595,2025 Q2,2025-06-30,Food_Processors,6077.99,6077.99,5057.26,5057.26,30389.93,15.0,25290.29,17.0,1020.7299999999996,1020.7299999999996,55680.22,Small
595,2025 Q3,2025-09-30,Food_Processors,5530.17,5530.17,4657.0,4657.0,27651.86,14.0,23286.0,16.0,873.1700000000001,873.1700000000001,50937.86,Small
581,2024 Q2,2024-06-30,Meat_Processors,84284.36,84284.36,57238.0,57238.0,421425.8,16.0,286194.0,17.0,27046.36,27046.36,707619.8,Medium
581,2024 Q3,2024-09-30,Meat_Processors,71144.92,71883.92,55499.86,55499.86,359420.61,14.0,277500.28,17.0,15645.059999999998,16384.059999999998,636920.89,Medium
581,2024 Q4,2024-12-31,Meat_Processors,98723.35,98723.35,81051.70999999999,81051.70999999999,493619.77,14.0,405261.56,18.0,17671.640000000014,17671.640000000014,898881.3300000001,Medium
581,2025 Q1,2025-03-31,Meat_Processors,94908.48,96066.48,68216.0,68216.0,480335.4,14.0,341081.0,16.0,26692.48,27850.48,821416.4,Medium
581,2025 Q2,2025-06-30,Meat_Processors,81582.44,81582.44,58125.0,58125.0,407915.18,14.0,290629.0,16.0,23457.44,23457.44,698544.1799999999,Medium
581,2025 Q3,2025-09-30,Meat_Processors,76508.5,76508.5,54582.0,54582.0,382546.48,14.0,272914.0,16.0,21926.5,21926.5,655460.48,Medium
591,2024 Q2,2024-06-30,Food_Processors,6573.27,6573.27,5801.75,5801.75,32866.35,15.0,29012.74,18.0,771.5200000000004,771.5200000000004,61879.09,Small
591,2024 Q3,2024-09-30,Food_Processors,6298.77,6298.77,5577.39,5577.39,31496.85,15.0,27889.92,18.0,721.3800000000001,721.3800000000001,59386.77,Small
591,2024 Q4,2024-12-31,Food_Processors,8384.02,8384.02,7607.59,7607.59,41922.08,14.0,38038.96,18.0,776.4300000000003,776.4300000000003,79961.04000000001,Small
591,2025 Q1,2025-03-31,Food_Processors,8009.91,8009.91,7384.79,7384.79,40050.56,14.0,36924.93,18.0,625.1199999999999,625.1199999999999,76975.48999999999,Small
591,2025 Q2,2025-06-30,Food_Processors,7290.23,7290.23,6295.89,6295.89,36454.16,14.0,31483.44,17.0,994.3399999999992,994.3399999999992,67937.6,Small
591,2025 Q3,2025-09-30,Food_Processors,7062.3,7062.3,5814.3,5814.3,35314.49,15.0,29074.51,17.0,1248.0,1248.0,64389.0,Small
637,2024 Q2,2024-06-30,Livestock_Farmers,21487.69,31699.69,5885.0,5885.0,158500.45,44.0,109210.0,17.0,15602.69,25814.69,267710.45,Small
637,2024 Q3,2024-09-30,Livestock_Farmers,21201.78,30417.78,5885.0,5885.0,152092.88,41.0,103017.0,16.0,15316.78,24532.78,255109.88,Small
637,2024 Q4,2024-12-31,Livestock_Farmers,28385.84,38829.84,5885.0,5885.0,194151.2,41.0,121542.0,16.0,22500.84,32944.84,315693.2,Small
637,2025 Q1,2025-03-31,Livestock_Farmers,25297.11,36871.11,5885.0,5885.0,184359.54,41.0,125979.77,17.0,19412.11,30986.11,310339.31,Small
637,2025 Q2,2025-06-30,Livestock_Farmers,34334.09,34804.09,5885.0,5885.0,174022.45,40.0,114336.0,16.0,28449.09,28919.09,288358.45,Small
637,2025 Q3,2025-09-30,Livestock_Farmers,30723.44,31347.44,5885.0,5885.0,156740.22,40.0,108373.0,16.0,24838.44,25462.44,265113.22,Small
601,2024 Q2,2024-06-30,Food_Processors,15765.82,19076.82,13410.0,13410.0,95388.11,15.0,67053.0,17.0,2355.82,5666.82,162441.11,Small
601,2024 Q3,2024-09-30,Food_Processors,13926.56,16174.56,11472.34,11472.34,80874.78,15.0,57364.7,17.0,2454.22,4702.219999999999,138239.47999999998,Small
601,2024 Q4,2024-12-31,Food_Processors,13715.51,16275.51,12517.43,12517.43,81379.55,14.0,62588.14,18.0,1198.08,3758.08,143967.69,Small
601,2025 Q1,2025-03-31,Food_Processors,14755.32,17717.32,12529.0,12529.0,88587.59,14.0,62648.0,16.0,2226.32,5188.32,151235.59,Small
601,2025 Q2,2025-06-30,Food_Processors,17624.04,17955.04,13382.42,13382.42,89777.22,14.0,66916.08,17.0,4241.620000000001,4572.620000000001,156693.3,Small
601,2025 Q3,2025-09-30,Food_Processors,14930.69,15216.69,11683.46,11683.46,76086.43,14.0,58419.3,17.0,3247.2300000000014,3533.2300000000014,134505.72999999998,Small
599,2024 Q2,2024-06-30,Food_Processors,16279.52,19253.52,13856.15,13856.15,96267.58,15.0,69282.74,19.0,2423.370000000001,5397.370000000001,165550.32,Small
599,2024 Q3,2024-09-30,Food_Processors,12287.06,14620.06,10594.55,10594.55,73101.31,14.0,52975.74,17.0,1692.5100000000002,4025.51,126077.05,Small
599,2024 Q4,2024-12-31,Food_Processors,15945.63,18458.63,12299.01,12299.01,92296.15,15.0,61498.06,17.0,3646.620000000001,6159.620000000001,153794.21,Small
599,2025 Q1,2025-03-31,Food_Processors,15924.28,18693.28,13324.64,13324.64,93470.4,14.0,66626.2,17.0,2599.640000000001,5368.639999999999,160096.59999999998,Small
599,2025 Q2,2025-06-30,Food_Processors,17146.66,17146.66,12048.71,12048.71,85734.3,14.0,60244.53,17.0,5097.950000000001,5097.950000000001,145978.83000000002,Small
599,2025 Q3,2025-09-30,Food_Processors,14130.03,14130.03,10472.47,10472.47,70653.16,14.0,52364.33,18.0,3657.560000000001,3657.560000000001,123017.49,Small
582,2024 Q2,2024-06-30,Meat_Processors,7477.76,7477.76,6635.67,6635.67,37388.79,15.0,33180.35,18.0,842.0900000000001,842.0900000000001,70569.14,Small
582,2024 Q3,2024-09-30,Meat_Processors,7652.559999999999,7652.559999999999,6711.27,6711.27,38263.82,14.0,33557.34,17.0,941.289999999999,941.289999999999,71821.16,Small
582,2024 Q4,2024-12-31,Meat_Processors,8993.73,9061.73,7830.54,7830.54,45308.65,14.0,39155.68,17.0,1163.1899999999996,1231.1899999999996,84464.33,Small
582,2025 Q1,2025-03-31,Meat_Processors,8669.39,8669.39,7554.17,7554.17,43347.96,14.0,37774.84,17.0,1115.2199999999991,1115.2199999999991,81122.79999999999,Small
582,2025 Q2,2025-06-30,Meat_Processors,8035.44,8035.44,7083.93,7083.93,40179.2,14.0,35421.65,17.0,951.5099999999992,951.5099999999992,75600.85,Small
582,2025 Q3,2025-09-30,Meat_Processors,7282.21,7282.21,6386.05,6386.05,36411.06,14.0,31932.23,17.0,896.1599999999999,896.1599999999999,68343.29,Small
584,2024 Q2,2024-06-30,Meat_Processors,8471.26,8471.26,7610.0,7610.0,42359.28,15.0,38052.0,17.0,861.2600000000002,861.2600000000002,80411.28,Small
584,2024 Q3,2024-09-30,Meat_Processors,6294.78,6294.78,5935.46,5935.46,31473.89,15.0,29680.31,17.0,359.3199999999997,359.3199999999997,61154.2,Small
584,2024 Q4,2024-12-31,Meat_Processors,7233.43,7233.43,6640.0,6641.0,36168.13,14.0,33205.0,16.0,593.4300000000003,592.4300000000003,69373.13,Small
584,2025 Q1,2025-03-31,Meat_Processors,7903.15,7903.15,6730.0,6730.0,39518.74,15.0,33653.0,16.0,1173.1499999999996,1173.1499999999996,73171.73999999999,Small
584,2025 Q2,2025-06-30,Meat_Processors,5953.02,5953.02,5662.0,5662.0,29766.12,14.0,28310.0,16.0,291.02000000000044,291.02000000000044,58076.12,Small
584,2025 Q3,2025-09-30,Meat_Processors,5453.86,5453.86,4983.0,4983.0,27270.31,15.0,24915.0,16.0,470.8599999999997,470.8599999999997,52185.31,Small
610,2024 Q2,2024-06-30,Food_Processors,900.01,900.01,1315.21,1315.21,4501.05,15.0,6576.02,19.0,-415.2000000000001,-415.2000000000001,11077.07,Small
610,2024 Q3,2024-09-30,Food_Processors,757.7,757.7,1438.89,1438.89,3788.48,14.0,7197.4400000000005,18.0,-681.1899999999998,-681.1899999999998,10985.92,Small
610,2024 Q4,2024-12-31,Food_Processors,778.78,778.78,1206.79,1206.79,3895.9,14.0,6033.95,17.0,-428.01,-428.01,9929.85,Small
610,2025 Q1,2025-03-31,Food_Processors,854.1800000000001,854.1800000000001,1449.32,1449.32,4271.89,15.0,7246.57,18.0,-595.1399999999999,-595.1399999999999,11518.46,Small
610,2025 Q2,2025-06-30,Food_Processors,832.54,832.54,1245.45,1245.45,4165.69,14.0,6228.27,17.0,-412.9100000000001,-412.9100000000001,10393.96,Small
610,2025 Q3,2025-09-30,Food_Processors,445.22,445.22,950.7,950.7,2226.08,15.0,4756.5,17.0,-505.48,-505.48,6982.58,Small
579,2024 Q2,2024-06-30,Meat_Processors,54587.25,55356.25,42839.68,42839.68,276783.26,16.0,214200.39,18.0,11747.57,12516.57,490983.65,Small
579,2024 Q3,2024-09-30,Meat_Processors,48259.26,49273.26,35524.0,35524.0,246370.28,15.0,177622.0,16.0,12735.260000000002,13749.260000000002,423992.28,Small
579,2024 Q4,2024-12-31,Meat_Processors,57716.3,58419.3,45100.0,45100.0,292096.52,14.0,225501.0,16.0,12616.300000000005,13319.300000000005,517597.52,Small
579,2025 Q1,2025-03-31,Meat_Processors,54933.94,56459.94,43921.0,43921.0,282302.68,14.0,219608.0,16.0,11012.940000000002,12538.940000000002,501910.68,Small
579,2025 Q2,2025-06-30,Meat_Processors,45231.29,45231.29,35413.0,35413.0,226158.46,14.0,177065.0,16.0,9818.29,9818.29,403223.46,Small
579,2025 Q3,2025-09-30,Meat_Processors,42159.79,42159.79,35676.74,35676.74,210798.93,14.0,178385.71,17.0,6483.050000000003,6483.050000000003,389184.64,Small
632,2024 Q2,2024-06-30,Livestock_Farmers,37752.93,38155.93,6262.0,6262.0,190780.67,29.0,109047.0,17.0,31490.93,31893.93,299827.67000000004,Small
632,2024 Q3,2024-09-30,Livestock_Farmers,35655.76,35655.76,6262.0,6262.0,178280.78,27.0,102977.0,16.0,29393.76,29393.76,281257.78,Small
632,2024 Q4,2024-12-31,Livestock_Farmers,46653.44,47288.44,6262.0,6262.0,236442.17,28.0,121217.0,16.0,40391.44,41026.44,357659.17,Small
632,2025 Q1,2025-03-31,Livestock_Farmers,41974.78,41974.78,6262.0,6262.0,209876.92,27.0,115684.0,16.0,35712.78,35712.78,325560.92000000004,Small
632,2025 Q2,2025-06-30,Livestock_Farmers,39521.46,39521.46,6262.0,6262.0,197610.27,28.0,112136.0,16.0,33259.46,33259.46,309746.27,Small
632,2025 Q3,2025-09-30,Livestock_Farmers,38509.34,38509.34,6262.0,6262.0,192546.69,28.0,107187.0,16.0,32247.34,32247.34,299733.69,Small
611,2024 Q2,2024-06-30,Food_Processors,6396.0,6680.0,5246.22,5246.22,33400.98,15.0,26233.1,18.0,1149.7799999999995,1433.7799999999995,59634.08,Small
611,2024 Q3,2024-09-30,Food_Processors,5761.67,5764.67,4363.0,4363.0,28826.33,14.0,21817.0,16.0,1398.67,1401.67,50643.33,Small
611,2024 Q4,2024-12-31,Food_Processors,5682.61,5682.61,4302.0,4302.0,28415.04,14.0,21511.0,16.0,1380.6099999999997,1380.6099999999997,49926.04,Small
611,2025 Q1,2025-03-31,Food_Processors,6534.18,6893.18,5401.15,5401.15,34466.9,14.0,27007.77,17.0,1133.0300000000009,1492.0300000000009,61474.67,Small
611,2025 Q2,2025-06-30,Food_Processors,7253.42,7393.42,5797.39,5797.39,36968.09,14.0,28987.93,17.0,1456.0299999999995,1596.0299999999995,65956.01999999999,Small
611,2025 Q3,2025-09-30,Food_Processors,5980.96,5980.96,4244.0,4244.0,29907.8,15.0,21224.0,16.0,1736.96,1736.96,51131.8,Small
597,2024 Q2,2024-06-30,Food_Processors,7008.03,7033.03,5577.02,5577.02,35169.14,16.0,27889.08,18.0,1431.0099999999993,1456.0099999999993,63058.22,Small
597,2024 Q3,2024-09-30,Food_Processors,5982.1,5982.1,5098.41,5098.41,29913.52,14.0,25493.05,17.0,883.6900000000005,883.6900000000005,55406.57,Small
597,2024 Q4,2024-12-31,Food_Processors,8124.5,8124.5,6509.01,6509.01,40626.49,14.0,32546.05,17.0,1615.4899999999998,1615.4899999999998,73172.54,Small
597,2025 Q1,2025-03-31,Food_Processors,8776.52,8886.52,6781.09,6781.09,44435.62,15.0,33908.46,17.0,1995.4300000000003,2105.4300000000003,78344.08,Small
597,2025 Q2,2025-06-30,Food_Processors,5440.24,5440.24,4658.96,4658.96,27204.19,14.0,23296.81,17.0,781.2799999999997,781.2799999999997,50501.0,Small
597,2025 Q3,2025-09-30,Food_Processors,6862.4,6862.4,5432.3,5432.3,34312.98,14.0,27163.48,17.0,1430.0999999999997,1430.0999999999997,61476.46000000001,Small
593,2024 Q2,2024-06-30,Food_Processors,30000.44,30310.44,4663.0,4663.0,151553.21,15.0,23315.0,17.0,25337.44,25647.44,174868.21,Medium
593,2024 Q3,2024-09-30,Food_Processors,25809.98,25809.98,4513.0,4513.0,129049.92,14.0,22567.0,16.0,21296.98,21296.98,151616.91999999998,Medium
593,2024 Q4,2024-12-31,Food_Processors,26358.81,26358.81,5060.0,5060.0,131794.07,14.0,25300.0,16.0,21298.81,21298.81,157094.07,Medium
593,2025 Q1,2025-03-31,Food_Processors,28690.15,29121.15,5025.23,5025.23,145607.73,15.0,25127.14,17.0,23664.92,24095.92,170734.87,Medium
593,2025 Q2,2025-06-30,Food_Processors,25790.76,25790.76,4390.97,4390.97,128956.81,14.0,21958.85,17.0,21399.79,21399.79,150915.66,Medium
593,2025 Q3,2025-09-30,Food_Processors,23317.08,23317.08,4455.92,4455.92,116587.4,14.0,22283.6,17.0,18861.160000000003,18861.160000000003,138871.0,Medium
605,2024 Q2,2024-06-30,Food_Processors,6567.68,6567.68,5749.77,5749.77,32838.39,15.0,28751.84,18.0,817.9099999999999,817.9099999999999,61590.23,Small
605,2024 Q3,2024-09-30,Food_Processors,5266.81,5266.81,5016.01,5016.01,26334.04,14.0,25081.07,18.0,250.80000000000013,250.80000000000013,51415.11,Small
605,2024 Q4,2024-12-31,Food_Processors,4669.88,4669.88,4383.82,4383.82,23352.39,14.0,21923.11,17.0,286.0600000000004,286.0600000000004,45275.5,Small
605,2025 Q1,2025-03-31,Food_Processors,5258.62,5258.62,4530.0,4530.0,26296.12,14.0,22651.0,16.0,728.6199999999999,728.6199999999999,48947.12,Small
605,2025 Q2,2025-06-30,Food_Processors,5844.96,5844.96,4966.84,4966.84,29227.81,15.0,24834.19,17.0,878.1199999999999,878.1199999999999,54062.0,Small
605,2025 Q3,2025-09-30,Food_Processors,5120.0,5120.0,4672.64,4672.64,25602.0,14.0,23364.21,17.0,447.3599999999997,447.3599999999997,48966.21,Small
576,2024 Q2,2024-06-30,Meat_Processors,22442.05,22442.05,21682.94,21682.94,112213.25,15.0,108418.72,18.0,759.1100000000006,759.1100000000006,220631.97,Small
576,2024 Q3,2024-09-30,Meat_Processors,20060.98,20060.98,19363.54,19363.54,100308.9,14.0,96819.68,17.0,697.4399999999987,697.4399999999987,197128.58,Small
576,2024 Q4,2024-12-31,Meat_Processors,26367.73,26367.73,25477.88,25477.88,131841.65,15.0,127392.4,18.0,889.8499999999985,889.8499999999985,259234.05,Small
576,2025 Q1,2025-03-31,Meat_Processors,25152.29,25152.29,24235.1,24235.1,125761.44,14.0,121175.48,17.0,917.1900000000024,917.1900000000024,246936.92,Small
576,2025 Q2,2025-06-30,Meat_Processors,23614.37,23614.37,24773.81,24773.81,118071.86,14.0,123873.05,19.0,-1159.4400000000023,-1159.4400000000023,241944.91,Small
576,2025 Q3,2025-09-30,Meat_Processors,20853.03,20853.03,20164.97,20164.97,104268.15,14.0,100828.85,17.0,688.0599999999977,688.0599999999977,205097.0,Small
639,2024 Q2,2024-06-30,Livestock_Farmers,871529.38,950305.38,30294.99,30294.99,4751529.92,58.0,2386813.97,32.0,841234.39,920010.39,7138343.890000001,Large
639,2024 Q3,2024-09-30,Livestock_Farmers,856036.42,925587.42,22721.0,22721.0,4627939.1,54.0,2185888.0,29.0,833315.42,902866.42,6813827.1,Large
639,2024 Q4,2024-12-31,Livestock_Farmers,1013629.5,1108367.5,22721.0,22721.0,5541839.5,53.0,2739086.0,29.0,990908.5,1085646.5,8280925.5,Large
639,2025 Q1,2025-03-31,Livestock_Farmers,1092025.54,1194340.54,22721.0,22721.0,5971706.69,53.0,2792861.0,29.0,1069304.54,1171619.54,8764567.690000001,Large
639,2025 Q2,2025-06-30,Livestock_Farmers,992688.97,992688.97,22721.0,22721.0,4963445.87,54.0,2341012.0,29.0,969967.97,969967.97,7304457.87,Large
639,2025 Q3,2025-09-30,Livestock_Farmers,906813.12,906813.12,22721.0,22721.0,4534065.6,53.0,2272684.0,29.0,884092.12,884092.12,6806749.6,Large
615,2024 Q2,2024-06-30,Livestock_Farmers,103634.45,103634.45,15584.0,15584.0,518174.24,57.0,323233.58,46.0,88050.45,88050.45,841407.8200000001,Medium
615,2024 Q3,2024-09-30,Livestock_Farmers,90429.86,90429.86,15584.0,15584.0,452152.28,53.0,278724.0,42.0,74845.86,74845.86,730876.28,Medium
615,2024 Q4,2024-12-31,Livestock_Farmers,126511.71,126511.71,15584.0,15584.0,632561.56,54.0,346048.0,42.0,110927.71,110927.71,978609.56,Medium
615,2025 Q1,2025-03-31,Livestock_Farmers,122471.26,122471.26,15584.0,15584.0,612360.29,54.0,356714.0,42.0,106887.26,106887.26,969074.29,Medium
615,2025 Q2,2025-06-30,Livestock_Farmers,105469.97,105469.97,15584.0,15584.0,527351.85,53.0,320622.0,42.0,89885.97,89885.97,847973.85,Medium
615,2025 Q3,2025-09-30,Livestock_Farmers,95216.92,95216.92,15584.0,15584.0,476086.6,53.0,297113.0,42.0,79632.92,79632.92,773199.6,Medium
640,2024 Q2,2024-06-30,Livestock_Farmers,15998.04,15998.04,6117.0,6117.0,79991.21,15.0,80086.0,17.0,9881.04,9881.04,160077.21000000002,Small
640,2024 Q3,2024-09-30,Livestock_Farmers,13133.63,13273.63,6117.0,6117.0,66372.17,14.0,68282.0,16.0,7016.630000000001,7156.630000000001,134654.16999999998,Small
640,2024 Q4,2024-12-31,Livestock_Farmers,27053.45,27954.45,6117.0,6117.0,139774.27,15.0,109114.0,16.0,20936.45,21837.45,248888.27,Small
640,2025 Q1,2025-03-31,Livestock_Farmers,22959.23,23504.23,6117.0,6117.0,117523.15,14.0,100939.0,16.0,16842.23,17387.23,218462.15,Small
640,2025 Q2,2025-06-30,Livestock_Farmers,16957.92,16957.92,6117.0,6117.0,84791.63,15.0,77855.0,16.0,10840.919999999998,10840.919999999998,162646.63,Small
640,2025 Q3,2025-09-30,Livestock_Farmers,14309.16,14309.16,6117.0,6117.0,71549.81,15.0,71706.0,16.0,8192.16,8192.16,143255.81,Small
629,2024 Q2,2024-06-30,Livestock_Farmers,20565.94,20817.94,5455.0,5455.0,104089.72,15.0,81148.0,17.0,15110.94,15362.94,185237.72,Small
629,2024 Q3,2024-09-30,Livestock_Farmers,18169.54,18497.54,5455.0,5455.0,92491.68,14.0,75344.0,16.0,12714.54,13042.54,167835.68,Small
629,2024 Q4,2024-12-31,Livestock_Farmers,23777.88,24611.88,5455.0,5455.0,123063.4,15.0,86748.0,16.0,18322.88,19156.88,209811.4,Small
629,2025 Q1,2025-03-31,Livestock_Farmers,22957.1,23369.1,5455.0,5455.0,116846.48,14.0,87580.0,16.0,17502.1,17914.1,204426.48,Small
629,2025 Q2,2025-06-30,Livestock_Farmers,23620.22,23620.22,5455.0,5455.0,118102.08,15.0,83898.0,16.0,18165.22,18165.22,202000.08,Small
629,2025 Q3,2025-09-30,Livestock_Farmers,19299.97,19299.97,5455.0,5455.0,96499.85,14.0,77533.0,16.0,13844.97,13844.97,174032.85,Small
621,2024 Q2,2024-06-30,Livestock_Farmers,183229.25,183229.25,15584.0,15584.0,916148.27,43.0,479424.0,45.0,167645.25,167645.25,1395572.27,Medium
621,2024 Q3,2024-09-30,Livestock_Farmers,162118.66,162118.66,15584.0,15584.0,810597.28,40.0,455560.0,42.0,146534.66,146534.66,1266157.28,Medium
621,2024 Q4,2024-12-31,Livestock_Farmers,208868.49,208868.49,15584.0,15584.0,1044342.44,40.0,564578.0,42.0,193284.49,193284.49,1608920.44,Medium
621,2025 Q1,2025-03-31,Livestock_Farmers,224085.62,226838.62,15584.0,15584.0,1134197.11,40.0,571892.0,42.0,208501.62,211254.62,1706089.11,Medium
621,2025 Q2,2025-06-30,Livestock_Farmers,194898.32,194898.32,15584.0,15584.0,974494.58,41.0,528707.53,43.0,179314.32,179314.32,1503202.11,Medium
621,2025 Q3,2025-09-30,Livestock_Farmers,164772.0,164772.0,15584.0,15584.0,823861.02,40.0,461734.0,42.0,149188.0,149188.0,1285595.02,Medium
619,2024 Q2,2024-06-30,Livestock_Farmers,57448.68,57448.68,8323.0,8323.0,287247.39,43.0,159285.0,45.0,49125.68,49125.68,446532.39,Small
619,2024 Q3,2024-09-30,Livestock_Farmers,47850.38,47850.38,8323.0,8323.0,239254.91,41.0,141983.0,42.0,39527.38,39527.38,381237.91,Small
619,2024 Q4,2024-12-31,Livestock_Farmers,60353.0,60353.0,8323.0,8323.0,301769.01,40.0,170027.0,42.0,52030.0,52030.0,471796.01,Small
619,2025 Q1,2025-03-31,Livestock_Farmers,62576.31,62576.31,8323.0,8323.0,312884.55,40.0,173552.0,42.0,54253.31,54253.31,486436.55,Small
619,2025 Q2,2025-06-30,Livestock_Farmers,47985.54,47985.54,8323.0,8323.0,239927.69,40.0,143366.0,42.0,39662.54,39662.54,383293.69,Small
619,2025 Q3,2025-09-30,Livestock_Farmers,47382.74,47382.74,8323.0,8323.0,236914.71,40.0,137907.0,42.0,39059.74,39059.74,374821.71,Small
613,2024 Q2,2024-06-30,Livestock_Farmers,5746.67,5817.67,611.0,611.0,29088.35,15.0,22455.4,18.0,5135.67,5206.67,51543.75,Small
613,2024 Q3,2024-09-30,Livestock_Farmers,5810.27,5892.27,611.0,611.0,29465.34,14.0,21514.0,16.0,5199.27,5281.27,50979.34,Small
613,2024 Q4,2024-12-31,Livestock_Farmers,6895.54,7012.54,611.0,611.0,35063.68,14.0,24846.0,16.0,6284.54,6401.54,59909.68,Small
613,2025 Q1,2025-03-31,Livestock_Farmers,6479.17,6736.17,611.0,611.0,33682.84,14.0,24015.0,16.0,5868.17,6125.17,57697.84,Small
613,2025 Q2,2025-06-30,Livestock_Farmers,6265.93,6265.93,611.0,611.0,31329.65,14.0,22613.0,16.0,5654.93,5654.93,53942.65,Small
613,2025 Q3,2025-09-30,Livestock_Farmers,5568.05,5568.05,611.0,611.0,27840.23,14.0,20425.0,16.0,4957.05,4957.05,48265.23,Small
638,2024 Q2,2024-06-30,Livestock_Farmers,6169.94,6169.94,5312.0,5312.0,30849.72,15.0,42410.0,17.0,857.9399999999996,857.9399999999996,73259.72,Small
638,2024 Q3,2024-09-30,Livestock_Farmers,6101.6900000000005,6101.6900000000005,5312.0,5312.0,30508.48,15.0,41183.0,16.0,789.6900000000005,789.6900000000005,71691.48,Small
638,2024 Q4,2024-12-31,Livestock_Farmers,8590.93,8590.93,5312.0,5312.0,42955.67,14.0,48100.0,16.0,3278.9300000000003,3278.9300000000003,91055.67,Small
638,2025 Q1,2025-03-31,Livestock_Farmers,8318.7,8318.7,5312.0,5312.0,41594.48,14.0,47743.0,16.0,3006.7000000000007,3006.7000000000007,89337.48000000001,Small
638,2025 Q2,2025-06-30,Livestock_Farmers,7342.57,7342.57,5312.0,5312.0,36716.87,15.0,43820.0,16.0,2030.57,2030.57,80536.87,Small
638,2025 Q3,2025-09-30,Livestock_Farmers,6550.93,6550.93,5312.0,5312.0,32757.64,14.0,43138.0,16.0,1238.9300000000003,1238.9300000000003,75895.64,Small
663,2024 Q2,2024-06-30,Crop_Farmers,119403.32,135837.32,15780.0,15780.0,679189.56,16.0,292606.0,31.0,103623.32,120057.32,971795.56,Large
663,2024 Q3,2024-09-30,Crop_Farmers,95173.76,107002.76,15780.0,15780.0,535014.81,14.0,257434.0,29.0,79393.76,91222.76,792448.81,Large
663,2024 Q4,2024-12-31,Crop_Farmers,83385.93,105545.93,15780.0,15780.0,527733.67,14.0,255003.0,29.0,67605.93,89765.93,782736.67,Large
663,2025 Q1,2025-03-31,Crop_Farmers,99959.23,116154.23,15780.0,15780.0,580775.14,14.0,274043.0,29.0,84179.23,100374.23,854818.14,Large
663,2025 Q2,2025-06-30,Crop_Farmers,142640.82,142640.82,15780.0,15780.0,713205.08,15.0,302361.0,29.0,126860.82,126860.82,1015566.08,Large
663,2025 Q3,2025-09-30,Crop_Farmers,102855.49,102855.49,15780.0,15780.0,514277.45,14.0,250280.0,29.0,87075.49,87075.49,764557.45,Large
667,2024 Q2,2024-06-30,Crop_Farmers,56754.56,56754.56,8275.0,8275.0,283774.81,16.0,152496.0,31.0,48479.56,48479.56,436270.81,Medium
667,2024 Q3,2024-09-30,Crop_Farmers,47083.12,47083.12,8275.0,8275.0,235419.64,15.0,132698.0,29.0,38808.12,38808.12,368117.64,Medium
667,2024 Q4,2024-12-31,Crop_Farmers,47852.38,47852.38,8275.0,8275.0,239264.88,14.0,140360.0,29.0,39577.38,39577.38,379624.88,Medium
667,2025 Q1,2025-03-31,Crop_Farmers,52001.09,52001.09,8275.0,8275.0,260005.46,14.0,150203.0,29.0,43726.09,43726.09,410208.46,Medium
667,2025 Q2,2025-06-30,Crop_Farmers,54511.99,54511.99,8275.0,8275.0,272563.95,14.0,155295.0,29.0,46236.99,46236.99,427858.95,Medium
667,2025 Q3,2025-09-30,Crop_Farmers,49479.91,49479.91,8275.0,8275.0,247400.54,15.0,136855.0,29.0,41204.91,41204.91,384255.54,Medium
656,2024 Q2,2024-06-30,Crop_Farmers,28627.43,28627.43,8393.0,8393.0,143141.17,15.0,98516.0,31.0,20234.43,20234.43,241657.17,Medium
656,2024 Q3,2024-09-30,Crop_Farmers,23343.24,23343.24,8393.0,8393.0,116718.2,14.0,87962.0,29.0,14950.240000000002,14950.240000000002,204680.2,Medium
656,2024 Q4,2024-12-31,Crop_Farmers,25169.7,25169.7,8393.0,8393.0,125852.5,14.0,91484.0,29.0,16776.7,16776.7,217336.5,Medium
656,2025 Q1,2025-03-31,Crop_Farmers,28102.51,28102.51,8393.0,8393.0,140512.56,14.0,96178.0,29.0,19709.51,19709.51,236690.56,Medium
656,2025 Q2,2025-06-30,Crop_Farmers,29988.04,29988.04,8393.0,8393.0,149940.2,14.0,100345.0,29.0,21595.04,21595.04,250285.2,Medium
656,2025 Q3,2025-09-30,Crop_Farmers,24365.8,24364.8,8393.0,8393.0,121828.0,14.0,89841.0,29.0,15972.8,15971.8,211669.0,Medium
657,2024 Q2,2024-06-30,Crop_Farmers,347306.52,347306.52,14485.0,14485.0,1736536.61,29.0,753469.0,31.0,332821.52,332821.52,2490005.6100000003,Large
657,2024 Q3,2024-09-30,Crop_Farmers,265399.94,268846.94,14485.0,14485.0,1344238.68,27.0,623132.0,29.0,250914.94,254361.94,1967370.68,Large
657,2024 Q4,2024-12-31,Crop_Farmers,274201.87,277477.87,14485.0,14485.0,1387392.37,27.0,639305.0,29.0,259716.87,262992.87,2026697.37,Large
657,2025 Q1,2025-03-31,Crop_Farmers,321247.86,328436.86,14485.0,14485.0,1642184.28,27.0,722270.0,29.0,306762.86,313951.86,2364454.2800000003,Large
657,2025 Q2,2025-06-30,Crop_Farmers,343471.09,343471.09,14485.0,14485.0,1717359.47,27.0,802113.77,30.0,328986.09,328986.09,2519473.24,Large
657,2025 Q3,2025-09-30,Crop_Farmers,301647.89,301647.89,19313.44,19313.44,1508241.44,27.0,687565.18,30.0,282334.45,282334.45,2195806.62,Large
664,2024 Q2,2024-06-30,Crop_Farmers,549365.3,549365.3,14485.0,14485.0,2746827.52,29.0,1150795.0,31.0,534880.3,534880.3,3897622.52,Large
664,2024 Q3,2024-09-30,Crop_Farmers,436603.04,436603.04,14485.0,14485.0,2183017.21,27.0,934744.0,29.0,422118.04,422118.04,3117761.21,Large
664,2024 Q4,2024-12-31,Crop_Farmers,414465.55,414465.55,14485.0,14485.0,2072328.75,28.0,945153.0,29.0,399980.55,399980.55,3017481.75,Large
664,2025 Q1,2025-03-31,Crop_Farmers,473966.44,473966.44,19313.44,19313.44,2369833.21,27.0,1097411.18,30.0,454653.0,454653.0,3467244.39,Large
664,2025 Q2,2025-06-30,Crop_Farmers,536609.76,536609.76,14485.0,14485.0,2683051.8,27.0,1130221.0,29.0,522124.76,522124.76,3813272.8,Large
664,2025 Q3,2025-09-30,Crop_Farmers,429609.48,429609.48,14485.0,14485.0,2148050.39,27.0,979629.0,29.0,415124.48,415124.48,3127679.39,Large
630,2024 Q2,2024-06-30,Livestock_Farmers,5127.75,5127.75,539.0,539.0,25640.74,15.0,16326.0,17.0,4588.75,4588.75,41966.740000000005,Small
630,2024 Q3,2024-09-30,Livestock_Farmers,4827.39,4903.39,539.0,539.0,24517.92,15.0,14759.0,16.0,4288.39,4364.39,39276.92,Small
630,2024 Q4,2024-12-31,Livestock_Farmers,6824.59,6932.59,539.0,539.0,34666.96,15.0,19824.0,16.0,6285.59,6393.59,54490.96,Small
630,2025 Q1,2025-03-31,Livestock_Farmers,6593.79,6709.79,539.0,539.0,33552.93,15.0,19252.0,16.0,6054.79,6170.79,52804.93,Small
630,2025 Q2,2025-06-30,Livestock_Farmers,5621.89,5621.89,718.83,718.83,28111.44,14.0,18512.15,17.0,4903.06,4903.06,46623.59,Small
630,2025 Q3,2025-09-30,Livestock_Farmers,5140.3,5140.3,539.0,539.0,25702.51,14.0,16203.0,16.0,4601.3,4601.3,41905.51,Small
652,2024 Q2,2024-06-30,Crop_Farmers,20503.12,20503.12,7399.0,7399.0,102519.62,16.0,79835.0,31.0,13104.12,13104.12,182354.62,Medium
652,2024 Q3,2024-09-30,Crop_Farmers,16183.84,16183.84,7399.0,7399.0,80921.22,14.0,72619.0,29.0,8784.84,8784.84,153540.22,Medium
652,2024 Q4,2024-12-31,Crop_Farmers,17434.79,17434.79,7399.0,7399.0,87177.95,14.0,75470.0,29.0,10035.79,10035.79,162647.95,Medium
652,2025 Q1,2025-03-31,Crop_Farmers,20728.08,20979.08,7399.0,7399.0,104899.41,15.0,79530.0,29.0,13329.080000000002,13580.080000000002,184429.41,Medium
652,2025 Q2,2025-06-30,Crop_Farmers,24541.46,24541.46,7399.0,7399.0,122707.32,15.0,87174.0,29.0,17142.46,17142.46,209881.32,Medium
652,2025 Q3,2025-09-30,Crop_Farmers,21002.06,21002.06,9865.61,9865.61,105014.29,15.0,92999.06,30.0,11136.45,11136.45,198013.35,Medium
668,2024 Q2,2024-06-30,Crop_Farmers,81766.42,81766.42,7503.0,7503.0,408833.1,16.0,187164.0,31.0,74263.42,74263.42,595997.1,Medium
668,2024 Q3,2024-09-30,Crop_Farmers,61352.91,61352.91,10004.15,10004.15,306765.56,14.0,175705.41999999998,31.0,51348.76,51348.76,482470.98,Medium
668,2024 Q4,2024-12-31,Crop_Farmers,74663.75,74663.75,7503.0,7503.0,373319.72,15.0,174218.0,29.0,67160.75,67160.75,547537.72,Medium
668,2025 Q1,2025-03-31,Crop_Farmers,81275.72,81275.72,10004.15,10004.15,406380.6,15.0,199636.73,30.0,71271.57,71271.57,606017.33,Medium
668,2025 Q2,2025-06-30,Crop_Farmers,73928.57,73928.57,7503.0,7503.0,369642.85,14.0,181815.0,29.0,66425.57,66425.57,551457.85,Medium
668,2025 Q3,2025-09-30,Crop_Farmers,62445.02,62445.02,7503.0,7503.0,312226.08,14.0,159706.0,29.0,54942.02,54942.02,471932.08,Medium
661,2024 Q2,2024-06-30,Crop_Farmers,33314.28,33759.28,8141.0,8141.0,168796.42,15.0,107842.0,31.0,25173.28,25618.28,276638.42000000004,Medium
661,2024 Q3,2024-09-30,Crop_Farmers,28623.14,28623.14,8141.0,8141.0,143118.68,14.0,98769.99,30.0,20482.14,20482.14,241888.67,Medium
661,2024 Q4,2024-12-31,Crop_Farmers,32664.39,32664.39,8141.0,8141.0,163324.93,15.0,102121.69,30.0,24523.39,24523.39,265446.62,Medium
661,2025 Q1,2025-03-31,Crop_Farmers,33476.86,33476.86,8141.0,8141.0,167387.3,14.0,105541.0,29.0,25335.86,25335.86,272928.3,Medium
661,2025 Q2,2025-06-30,Crop_Farmers,34462.25,34462.25,8141.0,8141.0,172313.28,15.0,103274.0,29.0,26321.25,26321.25,275587.28,Medium
661,2025 Q3,2025-09-30,Crop_Farmers,28527.76,28527.76,8141.0,8141.0,142642.79,14.0,96952.0,29.0,20386.76,20386.76,239594.79,Medium
651,2024 Q2,2024-06-30,Crop_Farmers,9073.77,9073.77,3689.0,3689.0,45371.84,29.0,37737.0,31.0,5384.77,5384.77,83108.84,Small
651,2024 Q3,2024-09-30,Crop_Farmers,7167.51,7167.51,3689.0,3689.0,35839.57,27.0,33672.0,29.0,3478.51,3478.51,69511.57,Small
651,2024 Q4,2024-12-31,Crop_Farmers,7734.46,7734.46,3689.0,3689.0,38674.31,28.0,34309.0,29.0,4045.46,4045.46,72983.31,Small
651,2025 Q1,2025-03-31,Crop_Farmers,8018.33,8018.33,3689.0,3689.0,40094.65,27.0,35523.0,29.0,4329.33,4329.33,75617.65,Small
651,2025 Q2,2025-06-30,Crop_Farmers,8636.1,8636.1,4918.93,4918.93,43182.48,28.0,43022.4,31.0,3717.17,3717.17,86204.88,Small
651,2025 Q3,2025-09-30,Crop_Farmers,7940.64,7940.64,3689.0,3689.0,39707.21,27.0,35411.0,29.0,4251.64,4251.64,75118.20999999999,Small
636,2024 Q2,2024-06-30,Livestock_Farmers,16249.09,16249.09,11097.42,11097.42,81248.46,15.0,89677.08,18.0,5151.67,5151.67,170925.54,Small
636,2024 Q3,2024-09-30,Livestock_Farmers,14757.12,14758.12,8323.0,8323.0,73790.61,14.0,72500.0,16.0,6434.119999999999,6435.119999999999,146290.61,Small
636,2024 Q4,2024-12-31,Livestock_Farmers,18573.5,18573.5,8323.0,8323.0,92869.5,15.0,77866.0,16.0,10250.5,10250.5,170735.5,Small
636,2025 Q1,2025-03-31,Livestock_Farmers,17082.16,17274.16,8323.0,8323.0,86371.79,14.0,77647.0,16.0,8759.16,8951.16,164018.78999999998,Small
636,2025 Q2,2025-06-30,Livestock_Farmers,15903.74,15903.74,8323.0,8323.0,79518.68,14.0,74681.0,16.0,7580.74,7580.74,154199.68,Small
636,2025 Q3,2025-09-30,Livestock_Farmers,15004.87,15004.87,8323.0,8323.0,75026.34,14.0,73077.0,16.0,6681.869999999999,6681.869999999999,148103.34,Small
614,2024 Q2,2024-06-30,Livestock_Farmers,4805.02,4859.02,575.0,575.0,24295.08,15.0,16369.0,17.0,4230.02,4284.02,40664.08,Small
614,2024 Q3,2024-09-30,Livestock_Farmers,4335.41,4379.41,575.0,575.0,21898.05,14.0,14964.0,16.0,3760.41,3804.41,36862.05,Small
614,2024 Q4,2024-12-31,Livestock_Farmers,5592.01,5790.01,575.0,575.0,28952.05,14.0,18926.0,16.0,5017.01,5215.01,47878.05,Small
614,2025 Q1,2025-03-31,Livestock_Farmers,5955.09,6062.09,575.0,575.0,30314.46,14.0,19811.0,16.0,5380.09,5487.09,50125.46,Small
614,2025 Q2,2025-06-30,Livestock_Farmers,3939.96,3939.96,575.0,575.0,19701.81,14.0,13832.0,16.0,3364.96,3364.96,33533.81,Small
614,2025 Q3,2025-09-30,Livestock_Farmers,4713.3,4713.3,575.0,575.0,23569.48,14.0,16304.0,16.0,4138.3,4138.3,39873.48,Small
655,2024 Q2,2024-06-30,Crop_Farmers,12894.65,12894.65,3976.0,3976.0,64473.27,15.0,50123.0,31.0,8918.65,8918.65,114596.27,Small
655,2024 Q3,2024-09-30,Crop_Farmers,9873.55,9873.55,5301.42,5301.42,49367.74,14.0,49678.11,30.0,4572.129999999999,4572.129999999999,99045.85,Small
655,2024 Q4,2024-12-31,Crop_Farmers,11578.01,11578.01,3976.0,3976.0,57891.06,14.0,47063.0,29.0,7602.01,7602.01,104954.06,Small
655,2025 Q1,2025-03-31,Crop_Farmers,12603.64,12603.64,3976.0,3976.0,63019.2,14.0,49270.0,29.0,8627.64,8627.64,112289.2,Small
655,2025 Q2,2025-06-30,Crop_Farmers,11326.71,11326.71,5301.42,5301.42,56636.53,14.0,53355.11,30.0,6025.289999999999,6025.289999999999,109991.64,Small
655,2025 Q3,2025-09-30,Crop_Farmers,9509.97,9509.97,3976.0,3976.0,47553.86,14.0,42036.0,29.0,5533.969999999999,5533.969999999999,89589.86,Small
660,2024 Q2,2024-06-30,Crop_Farmers,18697.67,18697.67,10130.0,10130.0,93489.37,15.0,81003.0,31.0,8567.669999999998,8567.669999999998,174492.37,Medium
660,2024 Q3,2024-09-30,Crop_Farmers,14293.35,14293.35,10130.0,10130.0,71466.73,14.0,74053.0,29.0,4163.35,4163.35,145519.72999999998,Medium
660,2024 Q4,2024-12-31,Crop_Farmers,16789.4,16789.4,10130.0,10130.0,83950.02,14.0,77899.0,29.0,6659.4000000000015,6659.4000000000015,161849.02000000002,Medium
660,2025 Q1,2025-03-31,Crop_Farmers,21119.38,21119.38,10130.0,10130.0,105596.93,15.0,82775.0,29.0,10989.38,10989.38,188371.93,Medium
660,2025 Q2,2025-06-30,Crop_Farmers,20114.59,20114.59,10130.0,10130.0,100576.94,15.0,81330.0,29.0,9984.59,9984.59,181906.94,Medium
660,2025 Q3,2025-09-30,Crop_Farmers,16545.35,16545.35,10130.0,10130.0,82729.72,15.0,75759.0,29.0,6415.349999999999,6415.349999999999,158488.72,Medium
672,2024 Q2,2024-06-30,Crop_Farmers,16661.22,17167.22,3976.0,3976.0,85840.1,29.0,56310.0,31.0,12685.22,13191.22,142150.1,Small
672,2024 Q3,2024-09-30,Crop_Farmers,13993.34,14347.34,3976.0,3976.0,71736.7,27.0,50355.23,30.0,10017.34,10371.34,122091.93,Small
672,2024 Q4,2024-12-31,Crop_Farmers,14902.93,15088.93,3976.0,3976.0,75446.64,27.0,50823.0,29.0,10926.93,11112.93,126269.64,Small
672,2025 Q1,2025-03-31,Crop_Farmers,16071.15,16442.15,3976.0,3976.0,82210.77,27.0,54717.0,29.0,12095.15,12466.15,136927.77000000002,Small
672,2025 Q2,2025-06-30,Crop_Farmers,17690.81,17690.81,3976.0,3976.0,88458.01,28.0,55614.0,29.0,13714.81,13714.81,144072.01,Small
672,2025 Q3,2025-09-30,Crop_Farmers,14439.46,14439.46,3976.0,3976.0,72197.3,27.0,49459.0,29.0,10463.46,10463.46,121656.3,Small
624,2024 Q2,2024-06-30,Livestock_Farmers,60402.42,69776.42,10911.0,10911.0,348885.08,15.0,244984.0,17.0,49491.42,58865.42,593869.0800000001,Medium
624,2024 Q3,2024-09-30,Livestock_Farmers,53284.73,62571.73,10911.0,10911.0,312862.64,14.0,224353.0,16.0,42373.73,51660.73,537215.64,Medium
624,2024 Q4,2024-12-31,Livestock_Farmers,63948.42,80922.42,10911.0,10911.0,404616.08,14.0,274256.0,16.0,53037.42,70011.42,678872.0800000001,Medium
624,2025 Q1,2025-03-31,Livestock_Farmers,80085.2,95071.2,14548.09,14548.09,475356.04,15.0,313606.46,17.0,65537.11,80523.11,788962.5,Medium
624,2025 Q2,2025-06-30,Livestock_Farmers,84280.23,84280.23,10911.0,10911.0,421403.14,15.0,270362.0,16.0,73369.23,73369.23,691765.14,Medium
624,2025 Q3,2025-09-30,Livestock_Farmers,74351.02,74351.02,10911.0,10911.0,371758.1,14.0,255280.0,16.0,63440.02,63440.02,627038.1,Medium
642,2024 Q2,2024-06-30,Livestock_Farmers,2753.21,2753.21,626.0,626.0,13767.01,16.0,10302.0,17.0,2127.21,2127.21,24069.01,Small
642,2024 Q3,2024-09-30,Livestock_Farmers,2512.88,2512.88,626.0,626.0,12567.4,14.0,9989.0,16.0,1886.88,1886.88,22556.4,Small
642,2024 Q4,2024-12-31,Livestock_Farmers,3157.67,3193.67,834.6800000000001,834.6800000000001,15971.33,14.0,12982.38,17.0,2322.99,2358.99,28953.71,Small
642,2025 Q1,2025-03-31,Livestock_Farmers,3000.34,3000.34,626.0,626.0,15001.69,14.0,11461.0,16.0,2374.34,2374.34,26462.69,Small
642,2025 Q2,2025-06-30,Livestock_Farmers,2921.63,2921.63,626.0,626.0,14609.17,15.0,10668.0,16.0,2295.63,2295.63,25277.17,Small
642,2025 Q3,2025-09-30,Livestock_Farmers,2660.89,2660.89,626.0,626.0,13306.46,14.0,10476.0,16.0,2034.89,2034.89,23782.46,Small
654,2024 Q2,2024-06-30,Crop_Farmers,3180.4,4275.4,345.0,345.0,21381.03,16.0,10292.0,31.0,2835.4,3930.4,31673.03,Small
654,2024 Q3,2024-09-30,Crop_Farmers,2086.45,2885.45,345.0,345.0,14428.23,14.0,8102.14,30.0,1741.4499999999998,2540.45,22530.37,Small
654,2024 Q4,2024-12-31,Crop_Farmers,1913.18,3403.18,345.0,345.0,17017.88,14.0,9258.21,30.0,1568.18,3058.18,26276.09,Small
654,2025 Q1,2025-03-31,Crop_Farmers,3159.48,4413.48,345.0,345.0,22068.38,15.0,10541.0,29.0,2814.48,4068.48,32609.38,Small
654,2025 Q2,2025-06-30,Crop_Farmers,4096.51,4147.51,345.0,345.0,20738.53,14.0,10618.0,29.0,3751.51,3802.51,31356.53,Small
654,2025 Q3,2025-09-30,Crop_Farmers,3168.96,3210.96,345.0,345.0,16056.81,14.0,8539.0,29.0,2823.96,2865.96,24595.81,Small
666,2024 Q2,2024-06-30,Crop_Farmers,8158.83,11842.83,5182.0,5182.0,59217.13,16.0,45044.0,31.0,2976.83,6660.83,104261.13,Small
666,2024 Q3,2024-09-30,Crop_Farmers,6879.45,8736.45,5182.0,5182.0,43686.25,14.0,40511.0,29.0,1697.4499999999998,3554.4500000000007,84197.25,Small
666,2024 Q4,2024-12-31,Crop_Farmers,6826.91,9501.91,5182.0,5182.0,47513.53,14.0,41997.0,29.0,1644.91,4319.91,89510.53,Small
666,2025 Q1,2025-03-31,Crop_Farmers,8012.19,11389.19,5182.0,5182.0,56949.97,15.0,43848.0,29.0,2830.1900000000005,6207.1900000000005,100797.97,Small
666,2025 Q2,2025-06-30,Crop_Farmers,10413.15,10579.15,5182.0,5182.0,52895.77,14.0,43673.0,29.0,5231.15,5397.15,96568.77,Small
666,2025 Q3,2025-09-30,Crop_Farmers,8812.52,8954.52,6909.37,6909.37,44776.61,14.0,49695.87,30.0,1903.1500000000003,2045.1500000000003,94472.48,Small
643,2024 Q2,2024-06-30,Crop_Farmers,32798.14,32798.14,8393.0,8393.0,163994.72,15.0,101960.0,31.0,24405.14,24405.14,265954.72,Medium
643,2024 Q3,2024-09-30,Crop_Farmers,27273.45,27273.45,8393.0,8393.0,136368.27,14.0,91477.0,29.0,18880.45,18880.45,227845.27,Medium
643,2024 Q4,2024-12-31,Crop_Farmers,27737.55,28024.55,8393.0,8393.0,140124.77,14.0,92791.0,29.0,19344.55,19631.55,232915.77,Medium
643,2025 Q1,2025-03-31,Crop_Farmers,33835.72,33835.72,8393.0,8393.0,169178.61,15.0,100749.1,30.0,25442.72,25442.72,269927.71,Medium
643,2025 Q2,2025-06-30,Crop_Farmers,35741.62,35741.62,8393.0,8393.0,178711.1,15.0,103029.0,29.0,27348.620000000003,27348.620000000003,281740.1,Medium
643,2025 Q3,2025-09-30,Crop_Farmers,29765.64,29765.64,8393.0,8393.0,148832.21,15.0,92261.0,29.0,21372.64,21372.64,241093.21,Medium
649,2024 Q2,2024-06-30,Crop_Farmers,97556.12,97556.12,14496.0,14496.0,487781.61,16.0,240165.0,31.0,83060.12,83060.12,727946.61,Large
649,2024 Q3,2024-09-30,Crop_Farmers,73667.67,73667.67,14496.0,14496.0,368340.36,14.0,207845.0,29.0,59171.67,59171.67,576185.36,Large
649,2024 Q4,2024-12-31,Crop_Farmers,82100.38,82100.38,14496.0,14496.0,410501.88,14.0,222829.0,29.0,67604.38,67604.38,633330.88,Large
649,2025 Q1,2025-03-31,Crop_Farmers,97519.79,98816.79,14496.0,14496.0,494085.97,15.0,242947.0,29.0,83023.79000000001,84320.79000000001,737032.97,Large
649,2025 Q2,2025-06-30,Crop_Farmers,95074.1,95074.1,14496.0,14496.0,475372.51,14.0,245665.0,29.0,80578.1,80578.1,721037.51,Large
649,2025 Q3,2025-09-30,Crop_Farmers,83668.39,83668.39,14496.0,14496.0,418341.94,15.0,219944.31,30.0,69172.39,69172.39,638286.25,Large
644,2024 Q2,2024-06-30,Crop_Farmers,359998.37,359998.37,15780.0,15780.0,1799991.84,15.0,757670.0,31.0,344218.37,344218.37,2557661.84,Large
644,2024 Q3,2024-09-30,Crop_Farmers,317960.63,317960.63,15780.0,15780.0,1589804.14,15.0,637540.0,29.0,302180.63,302180.63,2227344.14,Large
644,2024 Q4,2024-12-31,Crop_Farmers,307496.21,307496.21,15780.0,15780.0,1537484.04,14.0,653628.0,29.0,291716.21,291716.21,2191112.04,Large
644,2025 Q1,2025-03-31,Crop_Farmers,336275.34,336275.34,15780.0,15780.0,1681378.71,14.0,705507.0,29.0,320495.34,320495.34,2386885.71,Large
644,2025 Q2,2025-06-30,Crop_Farmers,373095.29,373095.29,15780.0,15780.0,1865479.44,14.0,782317.0,29.0,357315.29,357315.29,2647796.44,Large
644,2025 Q3,2025-09-30,Crop_Farmers,312548.91,312548.91,15780.0,15780.0,1562748.56,14.0,673696.0,29.0,296768.91,296768.91,2236444.56,Large
669,2024 Q2,2024-06-30,Crop_Farmers,640.21,640.21,350.0,350.0,3204.02,16.0,3170.0,31.0,290.21000000000004,290.21000000000004,6374.02,Small
669,2024 Q3,2024-09-30,Crop_Farmers,540.1,540.1,350.0,350.0,2701.5,14.0,3000.0,29.0,190.1,190.1,5701.5,Small
669,2024 Q4,2024-12-31,Crop_Farmers,531.79,531.79,350.0,350.0,2661.95,14.0,2966.0,29.0,181.79,181.79,5627.95,Small
669,2025 Q1,2025-03-31,Crop_Farmers,549.53,549.53,350.0,350.0,2750.63,14.0,3015.0,29.0,199.53,199.53,5765.63,Small
669,2025 Q2,2025-06-30,Crop_Farmers,570.45,570.45,350.0,350.0,2856.27,14.0,3076.0,29.0,220.45000000000005,220.45000000000005,5932.27,Small
669,2025 Q3,2025-09-30,Crop_Farmers,276.7,276.7,350.0,350.0,1384.5,14.0,2446.45,30.0,-73.30000000000001,-73.30000000000001,3830.95,Small
626,2024 Q2,2024-06-30,Livestock_Farmers,3181.18,3181.18,545.0,545.0,15905.87,16.0,10113.0,17.0,2636.18,2636.18,26018.87,Small
626,2024 Q3,2024-09-30,Livestock_Farmers,3110.77,3142.77,545.0,545.0,15717.87,14.0,10471.0,16.0,2565.77,2597.77,26188.87,Small
626,2024 Q4,2024-12-31,Livestock_Farmers,4379.24,4487.24,545.0,545.0,22438.22,14.0,13863.0,16.0,3834.24,3942.24,36301.22,Small
626,2025 Q1,2025-03-31,Livestock_Farmers,4054.01,4104.01,545.0,545.0,20522.06,14.0,13000.0,16.0,3509.01,3559.01,33522.06,Small
626,2025 Q2,2025-06-30,Livestock_Farmers,3027.61,3027.61,545.0,545.0,15141.07,14.0,10921.93,17.0,2482.61,2482.61,26063.0,Small
626,2025 Q3,2025-09-30,Livestock_Farmers,3412.59,3412.59,545.0,545.0,17063.94,15.0,10557.0,16.0,2867.59,2867.59,27620.94,Small
523,2024 Q2,2024-06-30,Cleaning_Services,419768.42,419768.42,2826.0,2826.0,2098845.08,157.0,27246.0,8.0,416942.42,416942.42,2126091.08,Large
523,2024 Q3,2024-09-30,Cleaning_Services,419074.81,419074.81,2119.0,2119.0,2095377.06,157.0,20434.0,6.0,416955.81,416955.81,2115811.06,Large
523,2024 Q4,2024-12-31,Cleaning_Services,411709.21,418381.21,2155.0,2155.0,2091909.04,157.0,20775.0,6.0,409554.21,416226.21,2112684.04,Large
523,2025 Q1,2025-03-31,Cleaning_Services,412126.21,418381.21,2105.0,2105.0,2091909.04,157.0,20298.0,6.0,410021.21,416276.21,2112207.04,Large
523,2025 Q2,2025-06-30,Cleaning_Services,418658.65,418658.65,2119.0,2119.0,2093296.25,157.0,20434.0,6.0,416539.65,416539.65,2113730.25,Large
523,2025 Q3,2025-09-30,Cleaning_Services,418658.65,418658.65,1413.0,1413.0,2093296.25,157.0,13623.0,4.0,417245.65,417245.65,2106919.25,Large
504,2024 Q2,2024-06-30,Cleaning_Services,497285.68,497285.68,5156.0,5156.0,2486431.42,187.0,41745.0,8.0,492129.68,492129.68,2528176.42,Large
504,2024 Q3,2024-09-30,Cleaning_Services,492740.11,492740.11,3867.0,3867.0,2463703.53,187.0,31309.0,6.0,488873.11,488873.11,2495012.53,Large
504,2024 Q4,2024-12-31,Cleaning_Services,493908.97,493908.97,3931.0,3931.0,2469547.84,187.0,31831.0,6.0,489977.97,489977.97,2501378.84,Large
504,2025 Q1,2025-03-31,Cleaning_Services,493389.48,493389.48,3841.0,3841.0,2466950.36,188.0,31100.0,6.0,489548.48,489548.48,2498050.36,Large
504,2025 Q2,2025-06-30,Cleaning_Services,492740.11,492740.11,3867.0,3867.0,2463703.53,187.0,31309.0,6.0,488873.11,488873.11,2495012.53,Large
504,2025 Q3,2025-09-30,Cleaning_Services,495207.71,495207.71,2578.0,2578.0,2476041.52,188.0,20872.0,4.0,492629.71,492629.71,2496913.52,Large
509,2024 Q2,2024-06-30,Cleaning_Services,131146.13,132723.13,2874.0,2873.0,663617.64,55.0,14369.0,8.0,128272.13,129850.13,677986.64,Small
509,2024 Q3,2024-09-30,Cleaning_Services,133359.69,133359.69,2155.0,2155.0,666800.47,55.0,10777.0,6.0,131204.69,131204.69,677577.47,Small
509,2024 Q4,2024-12-31,Cleaning_Services,131146.13,132723.13,2191.0,2191.0,663617.64,55.0,10957.0,6.0,128955.13,130532.13,674574.64,Small
509,2025 Q1,2025-03-31,Cleaning_Services,132723.13,132723.13,2141.0,2141.0,663617.64,55.0,10705.0,6.0,130582.13,130582.13,674322.64,Small
509,2025 Q2,2025-06-30,Cleaning_Services,143332.54,143332.54,2155.0,2155.0,716664.67,56.0,10777.0,6.0,141177.54,141177.54,727441.67,Small
509,2025 Q3,2025-09-30,Cleaning_Services,136542.52,136542.52,1437.0,1436.0,682714.57,56.0,7184.0,4.0,135105.52,135106.52,689898.57,Small
530,2024 Q2,2024-06-30,Cleaning_Services,42290.15,42290.15,2575.0,2575.0,211453.77,31.0,12875.0,8.0,39715.15,39715.15,224328.77,Small
530,2024 Q3,2024-09-30,Cleaning_Services,41817.1,41817.1,1931.0,1931.0,209088.51,31.0,9656.0,6.0,39886.1,39886.1,218744.51,Small
530,2024 Q4,2024-12-31,Cleaning_Services,41817.1,41817.1,1963.0,1963.0,209088.51,31.0,9817.0,6.0,39854.1,39854.1,218905.51,Small
530,2025 Q1,2025-03-31,Cleaning_Services,42952.42,42952.42,1918.0,1918.0,214765.13,32.0,9592.0,6.0,41034.42,41034.42,224357.13,Small
530,2025 Q2,2025-06-30,Cleaning_Services,43047.03,43047.03,1931.0,1931.0,215238.18,32.0,9656.0,6.0,41116.03,41116.03,224894.18,Small
530,2025 Q3,2025-09-30,Cleaning_Services,43709.31,43709.31,1287.0,1287.0,218549.54,31.0,6437.0,4.0,42422.31,42422.31,224986.54,Small
521,2024 Q2,2024-06-30,Cleaning_Services,136269.86,138126.86,1074.0,1074.0,690634.34,44.0,9251.0,8.0,135195.86,137052.86,699885.34,Small
521,2024 Q3,2024-09-30,Cleaning_Services,142058.22,144048.22,805.0,805.0,720241.12,43.0,6938.0,6.0,141253.22,143243.22,727179.12,Small
521,2024 Q4,2024-12-31,Cleaning_Services,132587.7,134710.7,819.0,819.0,673553.5,43.0,7054.0,6.0,131768.7,133891.7,680607.5,Small
521,2025 Q1,2025-03-31,Cleaning_Services,131544.72,133799.72,800.0,800.0,668998.61,43.0,6892.0,6.0,130744.72,132999.72,675890.61,Small
521,2025 Q2,2025-06-30,Cleaning_Services,140632.05,140632.05,805.0,805.0,703160.28,44.0,6938.0,6.0,139827.05,139827.05,710098.28,Small
521,2025 Q3,2025-09-30,Cleaning_Services,144048.22,144048.22,537.0,537.0,720241.12,43.0,4625.0,4.0,143511.22,143511.22,724866.12,Small
528,2024 Q2,2024-06-30,Cleaning_Services,145756.13,145756.13,4365.0,4365.0,728781.64,67.0,21828.0,8.0,141391.13,141391.13,750609.64,Medium
528,2024 Q3,2024-09-30,Cleaning_Services,148302.09,148302.09,3274.0,3274.0,741511.46,67.0,16371.0,6.0,145028.09,145028.09,757882.46,Medium
528,2024 Q4,2024-12-31,Cleaning_Services,146847.26,146847.26,3328.0,3328.0,734237.28,67.0,16644.0,6.0,143519.26,143519.26,750881.28,Medium
528,2025 Q1,2025-03-31,Cleaning_Services,152848.46,152848.46,3252.0,3252.0,764243.29,68.0,16262.0,6.0,149596.46,149596.46,780505.29,Medium
528,2025 Q2,2025-06-30,Cleaning_Services,149211.37,149211.37,3274.0,3274.0,746057.83,67.0,16371.0,6.0,145937.37,145937.37,762428.83,Medium
528,2025 Q3,2025-09-30,Cleaning_Services,145574.27,145574.27,2182.0,2182.0,727872.37,67.0,10914.0,4.0,143392.27,143392.27,738786.37,Medium
506,2024 Q2,2024-06-30,Cleaning_Services,399482.56,407179.56,4816.0,4816.0,2035898.84,170.0,40794.0,8.0,394666.56,402363.56,2076692.84,Large
506,2024 Q3,2024-09-30,Cleaning_Services,399365.67,406657.67,3612.0,3612.0,2033289.37,169.0,30595.0,6.0,395753.67,403045.67,2063884.37,Large
506,2024 Q4,2024-12-31,Cleaning_Services,409267.13,409267.13,3672.0,3672.0,2046336.66,169.0,31105.0,6.0,405595.13,405595.13,2077441.66,Large
506,2025 Q1,2025-03-31,Cleaning_Services,409162.75,409162.75,3588.0,3588.0,2045814.77,170.0,30391.0,6.0,405574.75,405574.75,2076205.77,Large
506,2025 Q2,2025-06-30,Cleaning_Services,413790.19,413790.19,3612.0,3612.0,2068951.97,169.0,30595.0,6.0,410178.19,410178.19,2099546.97,Large
506,2025 Q3,2025-09-30,Cleaning_Services,407597.08,407597.08,2408.0,2408.0,2037986.4,169.0,20397.0,4.0,405189.08,405189.08,2058383.4,Large
514,2024 Q2,2024-06-30,Cleaning_Services,136242.08,136242.08,1198.0,1198.0,681212.42,58.0,11696.0,8.0,135044.08,135044.08,692908.42,Small
514,2024 Q3,2024-09-30,Cleaning_Services,136242.08,136242.08,899.0,899.0,681212.42,58.0,8772.0,6.0,135343.08,135343.08,689984.42,Small
514,2024 Q4,2024-12-31,Cleaning_Services,138792.34,138792.34,914.0,914.0,693963.72,58.0,8918.0,6.0,137878.34,137878.34,702881.72,Small
514,2025 Q1,2025-03-31,Cleaning_Services,137811.47,137811.47,893.0,893.0,689059.37,58.0,8714.0,6.0,136918.47,136918.47,697773.37,Small
514,2025 Q2,2025-06-30,Cleaning_Services,139773.21,139773.21,899.0,899.0,698868.06,58.0,8772.0,6.0,138874.21,138874.21,707640.06,Small
514,2025 Q3,2025-09-30,Cleaning_Services,136242.08,136242.08,599.0,599.0,681212.42,58.0,5848.0,4.0,135643.08,135643.08,687060.42,Small
522,2024 Q2,2024-06-30,Cleaning_Services,107564.26,108945.26,1190.0,1190.0,544730.3,43.0,9797.0,8.0,106374.26,107755.26,554527.3,Small
522,2024 Q3,2024-09-30,Cleaning_Services,108179.03,109986.03,893.0,893.0,549934.14,43.0,7347.0,6.0,107286.03,109093.03,557281.14,Small
522,2024 Q4,2024-12-31,Cleaning_Services,106374.22,108499.22,907.0,907.0,542500.08,43.0,7470.0,6.0,105467.22,107592.22,549970.08,Small
522,2025 Q1,2025-03-31,Cleaning_Services,109177.52,111621.52,887.0,887.0,558111.6,44.0,7298.0,6.0,108290.52,110734.52,565409.6,Small
522,2025 Q2,2025-06-30,Cleaning_Services,108945.26,108945.26,893.0,893.0,544730.3,43.0,7347.0,6.0,108052.26,108052.26,552077.3,Small
522,2025 Q3,2025-09-30,Cleaning_Services,107384.11,107384.11,595.0,595.0,536924.54,43.0,4898.0,4.0,106789.11,106789.11,541822.54,Small
532,2024 Q2,2024-06-30,Cleaning_Services,78185.41,111978.41,1314.0,1314.0,559895.04,49.0,12641.0,8.0,76871.41,110664.41,572536.04,Small
532,2024 Q3,2024-09-30,Cleaning_Services,77584.53,111597.53,985.0,985.0,557990.63,49.0,9481.0,6.0,76599.53,110612.53,567471.63,Small
532,2024 Q4,2024-12-31,Cleaning_Services,81249.42,115152.42,1002.0,1002.0,575765.1,49.0,9639.0,6.0,80247.42,114150.42,585404.1,Small
532,2025 Q1,2025-03-31,Cleaning_Services,83458.63,117691.63,979.0,979.0,588461.15,50.0,9417.0,6.0,82479.63,116712.63,597878.15,Small
532,2025 Q2,2025-06-30,Cleaning_Services,110852.21,112613.21,985.0,985.0,563069.05,49.0,9481.0,6.0,109867.21,111628.21,572550.05,Small
532,2025 Q3,2025-09-30,Cleaning_Services,109582.61,111343.61,657.0,657.0,556721.03,49.0,6320.0,4.0,108925.61,110686.61,563041.03,Small
517,2024 Q2,2024-06-30,Cleaning_Services,30853.24,33985.24,2784.0,2784.0,169928.2,17.0,13921.0,8.0,28069.24,31201.24,183849.2,Small
517,2024 Q3,2024-09-30,Cleaning_Services,27805.3,30995.3,2088.0,2088.0,154978.48,16.0,10441.0,6.0,25717.3,28907.3,165419.48,Small
517,2024 Q4,2024-12-31,Cleaning_Services,27863.3,30995.3,2123.0,2123.0,154978.48,16.0,10615.0,6.0,25740.3,28872.3,165593.48,Small
517,2025 Q1,2025-03-31,Cleaning_Services,26746.98,30197.98,2074.0,2074.0,150991.89,16.0,10371.0,6.0,24672.98,28123.98,161362.89,Small
517,2025 Q2,2025-06-30,Cleaning_Services,32988.6,32988.6,2088.0,2088.0,164944.96,17.0,10441.0,6.0,30900.6,30900.6,175385.96,Small
517,2025 Q3,2025-09-30,Cleaning_Services,30197.98,30197.98,1392.0,1392.0,150991.89,16.0,6960.0,4.0,28805.98,28805.98,157951.89,Small
510,2024 Q2,2024-06-30,Cleaning_Services,192833.6,192833.6,1215.0,1215.0,964168.98,61.0,12152.0,8.0,191618.6,191618.6,976320.98,Medium
510,2024 Q3,2024-09-30,Cleaning_Services,191542.3,191542.3,911.0,911.0,957712.49,61.0,9114.0,6.0,190631.3,190631.3,966826.49,Medium
510,2024 Q4,2024-12-31,Cleaning_Services,195093.36,195093.36,926.0,926.0,975467.83,62.0,9265.0,6.0,194167.36,194167.36,984732.83,Medium
510,2025 Q1,2025-03-31,Cleaning_Services,195093.36,195093.36,905.19,905.19,975467.83,62.0,9052.98,6.0,194188.17,194188.17,984520.81,Medium
510,2025 Q2,2025-06-30,Cleaning_Services,194555.33,194555.33,23797.41,23797.41,972777.63,61.0,123544.07,16.0,170757.91999999998,170757.91999999998,1096321.7,Medium
510,2025 Q3,2025-09-30,Cleaning_Services,196707.49,196707.49,607.0,607.0,983538.44,61.0,6076.0,4.0,196100.49,196100.49,989614.44,Medium
520,2024 Q2,2024-06-30,Cleaning_Services,80508.2,94667.2,5714.0,5714.0,473340.0,59.0,28573.0,8.0,74794.2,88953.2,501913.0,Small
520,2024 Q3,2024-09-30,Cleaning_Services,77606.5,92783.5,4286.0,4286.0,463921.5,58.0,21430.0,6.0,73320.5,88497.5,485351.5,Small
520,2024 Q4,2024-12-31,Cleaning_Services,77884.5,92783.5,4357.0,4357.0,463921.5,58.0,21787.0,6.0,73527.5,88426.5,485708.5,Small
520,2025 Q1,2025-03-31,Cleaning_Services,78432.2,93701.2,4257.0,4257.0,468510.0,58.0,21287.0,6.0,74175.2,89444.2,489797.0,Small
520,2025 Q2,2025-06-30,Cleaning_Services,92542.0,92542.0,4286.0,4286.0,462714.0,57.0,21430.0,6.0,88256.0,88256.0,484144.0,Small
520,2025 Q3,2025-09-30,Cleaning_Services,95150.2,95150.2,2857.0,2857.0,475755.0,59.0,14286.0,4.0,92293.2,92293.2,490041.0,Small
511,2024 Q2,2024-06-30,Cleaning_Services,45670.11,67749.11,2768.0,2768.0,338746.56,49.0,26156.0,8.0,42902.11,64981.11,364902.56,Small
511,2024 Q3,2024-09-30,Cleaning_Services,46025.75,68564.75,2076.0,2076.0,342824.78,50.0,19617.0,6.0,43949.75,66488.75,362441.78,Small
511,2024 Q4,2024-12-31,Cleaning_Services,46179.89,68258.89,2110.0,2110.0,341295.45,50.0,19944.0,6.0,44069.89,66148.89,361239.45,Small
511,2025 Q1,2025-03-31,Cleaning_Services,44453.56,66729.56,2062.0,2062.0,333648.78,49.0,19486.0,6.0,42391.56,64667.56,353134.78,Small
511,2025 Q2,2025-06-30,Cleaning_Services,65918.42,67035.42,2076.0,2076.0,335178.11,49.0,19617.0,6.0,63842.42,64959.42,354795.11,Small
511,2025 Q3,2025-09-30,Cleaning_Services,67039.94,68156.94,1384.0,1384.0,340785.66,50.0,13078.0,4.0,65655.94,66772.94,353863.66,Small
505,2024 Q2,2024-06-30,Cleaning_Services,316458.95,322045.95,1934.0,1934.0,1610230.75,98.0,18138.0,8.0,314524.95,320111.95,1628368.75,Medium
505,2024 Q3,2024-09-30,Cleaning_Services,315580.23,319925.23,1450.0,1450.0,1599627.16,98.0,13604.0,6.0,314130.23,318475.23,1613231.16,Medium
505,2024 Q4,2024-12-31,Cleaning_Services,306335.59,317198.59,1474.0,1474.0,1585993.97,97.0,13830.0,6.0,304861.59,315724.59,1599823.97,Medium
505,2025 Q1,2025-03-31,Cleaning_Services,312520.48,318107.48,1440.92,1440.92,1590538.37,98.0,13512.55,6.0,311079.56,316666.56,1604050.9200000002,Medium
505,2025 Q2,2025-06-30,Cleaning_Services,316971.38,316971.38,25146.54,25146.54,1584857.87,98.0,132083.64,15.0,291824.84,291824.84,1716941.5100000002,Medium
505,2025 Q3,2025-09-30,Cleaning_Services,316176.11,316176.11,967.0,967.0,1580881.52,98.0,9069.0,4.0,315209.11,315209.11,1589950.52,Medium
507,2024 Q2,2024-06-30,Cleaning_Services,25556.13,25556.13,0.0,0.0,127784.64,22.0,11400.0,8.0,25556.13,25556.13,139184.64,Small
507,2024 Q3,2024-09-30,Cleaning_Services,26962.18,26962.18,0.0,0.0,134814.9,22.0,8550.0,6.0,26962.18,26962.18,143364.9,Small
507,2024 Q4,2024-12-31,Cleaning_Services,27293.02,27293.02,0.0,0.0,136469.08,22.0,8693.0,6.0,27293.02,27293.02,145162.08,Small
507,2025 Q1,2025-03-31,Cleaning_Services,27375.72,27375.72,0.0,0.0,136882.62,23.0,8493.0,6.0,27375.72,27375.72,145375.62,Small
507,2025 Q2,2025-06-30,Cleaning_Services,26135.09,26135.09,0.0,0.0,130679.45,22.0,8550.0,6.0,26135.09,26135.09,139229.45,Small
507,2025 Q3,2025-09-30,Cleaning_Services,26135.09,26135.09,0.0,0.0,130679.45,22.0,5700.0,4.0,26135.09,26135.09,136379.45,Small
525,2024 Q2,2024-06-30,Cleaning_Services,67073.79,99340.79,2556.0,2556.0,496706.96,58.0,12783.0,8.0,64517.78999999999,96784.79,509489.96,Medium
525,2024 Q3,2024-09-30,Cleaning_Services,67355.52,99718.52,1917.0,1917.0,498595.58,59.0,9587.0,6.0,65438.52,97801.52,508182.58,Medium
525,2024 Q4,2024-12-31,Cleaning_Services,65851.9,97829.9,1949.0,1949.0,489152.48,58.0,9747.0,6.0,63902.9,95880.9,498899.48,Medium
525,2025 Q1,2025-03-31,Cleaning_Services,65658.9,97829.9,1904.0,1904.0,489152.48,58.0,9524.0,6.0,63754.9,95925.9,498676.48,Medium
525,2025 Q2,2025-06-30,Cleaning_Services,96192.9,97829.9,1917.0,1917.0,489152.48,58.0,9587.0,6.0,94275.9,95912.9,498739.48,Medium
525,2025 Q3,2025-09-30,Cleaning_Services,94682.0,96319.0,1278.0,1278.0,481598.0,57.0,6391.0,4.0,93404.0,95041.0,487989.0,Medium
526,2024 Q2,2024-06-30,Cleaning_Services,300655.43,367691.43,2647.0,2647.0,1838459.16,118.0,21410.0,8.0,298008.43,365044.43,1859869.16,Large
526,2024 Q3,2024-09-30,Cleaning_Services,294263.62,365263.62,1985.0,1985.0,1826320.11,118.0,16058.0,6.0,292278.62,363278.62,1842378.11,Large
526,2024 Q4,2024-12-31,Cleaning_Services,293523.77,363442.77,2018.0,2018.0,1817215.82,119.0,16325.0,6.0,291505.77,361424.77,1833540.82,Large
526,2025 Q1,2025-03-31,Cleaning_Services,293504.91,361621.91,1972.0,1972.0,1808111.53,118.0,15950.0,6.0,291532.91,359649.91,1824061.53,Large
526,2025 Q2,2025-06-30,Cleaning_Services,369957.39,369957.39,1985.0,1985.0,1849788.94,119.0,16058.0,6.0,367972.39,367972.39,1865846.94,Large
526,2025 Q3,2025-09-30,Cleaning_Services,369148.12,369148.12,1323.0,1323.0,1845742.59,119.0,10705.0,4.0,367825.12,367825.12,1856447.59,Large
527,2024 Q2,2024-06-30,Cleaning_Services,119217.98,119217.98,2440.0,2440.0,596091.91,70.0,23623.0,8.0,116777.98,116777.98,619714.91,Medium
527,2024 Q3,2024-09-30,Cleaning_Services,118363.79,118363.79,1830.0,1830.0,591820.94,70.0,17717.0,6.0,116533.79,116533.79,609537.94,Medium
527,2024 Q4,2024-12-31,Cleaning_Services,122215.15,122215.15,1860.0,1860.0,611077.76,71.0,18012.0,6.0,120355.15,120355.15,629089.76,Medium
527,2025 Q1,2025-03-31,Cleaning_Services,118363.79,118363.79,1818.0,1818.0,591820.94,70.0,17599.0,6.0,116545.79,116545.79,609419.94,Medium
527,2025 Q2,2025-06-30,Cleaning_Services,122814.58,122814.58,1830.0,1830.0,614074.92,71.0,20572.32,7.0,120984.58,120984.58,634647.24,Medium
527,2025 Q3,2025-09-30,Cleaning_Services,122814.58,122814.58,1220.0,1220.0,614074.93,71.0,11811.0,4.0,121594.58,121594.58,625885.93,Medium
508,2024 Q2,2024-06-30,Cleaning_Services,242563.12,242563.12,2885.0,2885.0,1212815.62,109.0,23643.0,8.0,239678.12,239678.12,1236458.62,Large
508,2024 Q3,2024-09-30,Cleaning_Services,244556.25,244556.25,2164.0,2164.0,1222781.24,109.0,17732.0,6.0,242392.25,242392.25,1240513.24,Large
508,2024 Q4,2024-12-31,Cleaning_Services,241898.75,241898.75,2200.0,2200.0,1209493.75,109.0,18028.0,6.0,239698.75,239698.75,1227521.75,Large
508,2025 Q1,2025-03-31,Cleaning_Services,244999.16,244999.16,2150.0,2150.0,1224995.82,109.0,17614.0,6.0,242849.16,242849.16,1242609.82,Large
508,2025 Q2,2025-06-30,Cleaning_Services,243759.0,243759.0,2164.0,2164.0,1218794.99,109.0,17732.0,6.0,241595.0,241595.0,1236526.99,Large
508,2025 Q3,2025-09-30,Cleaning_Services,243626.12,243626.12,1442.0,1442.0,1218130.62,110.0,11821.0,4.0,242184.12,242184.12,1229951.62,Large
515,2024 Q2,2024-06-30,Cleaning_Services,192988.11,192988.11,1337.0,1337.0,964943.53,61.0,13075.0,8.0,191651.11,191651.11,978018.53,Medium
515,2024 Q3,2024-09-30,Cleaning_Services,194993.76,194993.76,1002.0,1002.0,974971.82,61.0,9806.0,6.0,193991.76,193991.76,984777.82,Medium
515,2024 Q4,2024-12-31,Cleaning_Services,196108.02,196108.02,1019.0,1019.0,980543.09,61.0,9969.0,6.0,195089.02,195089.02,990512.09,Medium
515,2025 Q1,2025-03-31,Cleaning_Services,197999.76,200490.76,996.0,996.0,1002456.76,62.0,9740.0,6.0,197003.76,199494.76,1012196.76,Medium
515,2025 Q2,2025-06-30,Cleaning_Services,193322.38,193322.38,1002.0,1002.0,966614.91,61.0,9806.0,6.0,192320.38,192320.38,976420.91,Medium
515,2025 Q3,2025-09-30,Cleaning_Services,196479.44,196479.44,668.0,668.0,982400.18,61.0,6537.0,4.0,195811.44,195811.44,988937.18,Medium
524,2024 Q2,2024-06-30,Cleaning_Services,65913.37,116593.37,3983.0,3983.0,582968.83,73.0,38792.0,8.0,61930.37,112610.37,621760.83,Small
524,2024 Q3,2024-09-30,Cleaning_Services,67528.46,119249.46,2987.0,2987.0,596249.31,73.0,29094.0,6.0,64541.46000000001,116262.46,625343.31,Small
524,2024 Q4,2024-12-31,Cleaning_Services,70517.27,121197.27,3037.0,3037.0,605988.33,74.0,29579.0,6.0,67480.27,118160.27,635567.33,Small
524,2025 Q1,2025-03-31,Cleaning_Services,68413.83,120134.83,2967.0,2967.0,600676.14,73.0,28900.0,6.0,65446.83,117167.83,629576.14,Small
524,2025 Q2,2025-06-30,Cleaning_Services,114279.37,116593.37,2987.0,2987.0,582968.83,73.0,29094.0,6.0,111292.37,113606.37,612062.83,Small
524,2025 Q3,2025-09-30,Cleaning_Services,113615.34,115929.34,1991.0,1991.0,579648.71,73.0,19396.0,4.0,111624.34,113938.34,599044.71,Small
516,2024 Q2,2024-06-30,Cleaning_Services,182476.58,182476.58,2619.0,2619.0,912382.9,74.0,13095.0,8.0,179857.58,179857.58,925477.9,Medium
516,2024 Q3,2024-09-30,Cleaning_Services,179563.48,179563.48,1964.0,1964.0,897817.4,73.0,9821.0,6.0,177599.48,177599.48,907638.4,Medium
516,2024 Q4,2024-12-31,Cleaning_Services,179330.43,179330.43,1997.0,1997.0,896652.16,73.0,9985.0,6.0,177333.43,177333.43,906637.16,Medium
516,2025 Q1,2025-03-31,Cleaning_Services,178631.29,178631.29,1951.0,1951.0,893156.44,73.0,9756.0,6.0,176680.29,176680.29,902912.44,Medium
516,2025 Q2,2025-06-30,Cleaning_Services,178980.86,178980.86,1964.0,1964.0,894904.3,73.0,9821.0,6.0,177016.86,177016.86,904725.3,Medium
516,2025 Q3,2025-09-30,Cleaning_Services,180029.58,180029.58,1309.0,1309.0,900147.88,73.0,6547.0,4.0,178720.58,178720.58,906694.88,Medium
518,2024 Q2,2024-06-30,Cleaning_Services,27346.5,41941.5,2399.0,2399.0,209711.47,25.0,11997.0,8.0,24947.5,39542.5,221708.47,Small
518,2024 Q3,2024-09-30,Cleaning_Services,29607.15,44202.15,1799.0,1799.0,221014.73,25.0,8998.0,6.0,27808.15,42403.15,230012.73,Small
518,2024 Q4,2024-12-31,Cleaning_Services,32569.28,47665.28,1829.0,1829.0,238330.37,26.0,9148.0,6.0,30740.28,45836.28,247478.37,Small
518,2025 Q1,2025-03-31,Cleaning_Services,29398.15,44202.15,1787.0,1787.0,221014.73,25.0,8938.0,6.0,27611.15,42415.15,229952.73,Small
518,2025 Q2,2025-06-30,Cleaning_Services,41238.59,41989.59,1799.0,1799.0,209951.97,25.0,8998.0,6.0,39439.59,40190.59,218949.97,Small
518,2025 Q3,2025-09-30,Cleaning_Services,41190.5,41941.5,1199.0,1199.0,209711.47,25.0,5998.0,4.0,39991.5,40742.5,215709.47,Small
513,2024 Q2,2024-06-30,Cleaning_Services,74257.35,75444.35,1319.0,1319.0,377224.76,37.0,10757.0,8.0,72938.35,74125.35,387981.76,Small
513,2024 Q3,2024-09-30,Cleaning_Services,74453.53,76085.53,989.0,989.0,380430.64,37.0,8068.0,6.0,73464.53,75096.53,388498.64,Small
513,2024 Q4,2024-12-31,Cleaning_Services,74870.47,77688.47,1006.0,1006.0,388445.34,38.0,8202.0,6.0,73864.47,76682.47,396647.34,Small
513,2025 Q1,2025-03-31,Cleaning_Services,75177.98,76512.98,982.0,982.0,382567.89,38.0,8014.0,6.0,74195.98,75530.98,390581.89,Small
513,2025 Q2,2025-06-30,Cleaning_Services,76726.7,76726.7,989.0,989.0,383636.52,37.0,8068.0,6.0,75737.7,75737.7,391704.52,Small
513,2025 Q3,2025-09-30,Cleaning_Services,75764.94,75764.94,659.0,659.0,378827.7,37.0,5378.0,4.0,75105.94,75105.94,384205.7,Small
529,2024 Q2,2024-06-30,Cleaning_Services,35261.54,41877.54,1200.0,1200.0,209387.72,22.0,11269.0,8.0,34061.54,40677.54,220656.72,Small
529,2024 Q3,2024-09-30,Cleaning_Services,39797.08,43166.08,900.0,900.0,215830.44,23.0,8452.0,6.0,38897.08,42266.08,224282.44,Small
529,2024 Q4,2024-12-31,Cleaning_Services,39967.68,42199.68,915.0,915.0,210998.4,22.0,8593.0,6.0,39052.68,41284.68,219591.4,Small
529,2025 Q1,2025-03-31,Cleaning_Services,37443.08,43166.08,894.0,894.0,215830.44,23.0,8396.0,6.0,36549.08,42272.08,224226.44,Small
529,2025 Q2,2025-06-30,Cleaning_Services,41216.79,41662.79,900.0,900.0,208313.93,22.0,8452.0,6.0,40316.79,40762.79,216765.93,Small
529,2025 Q3,2025-09-30,Cleaning_Services,41175.79,41662.79,600.0,600.0,208313.93,22.0,5634.0,4.0,40575.79,41062.79,213947.93,Small
519,2024 Q2,2024-06-30,Cleaning_Services,28588.06,28588.06,0.0,0.0,142943.29,13.0,10998.0,8.0,28588.06,28588.06,153941.29,Small
519,2024 Q3,2024-09-30,Cleaning_Services,30813.94,30813.94,0.0,0.0,154072.71,13.0,8248.0,6.0,30813.94,30813.94,162320.71,Small
519,2024 Q4,2024-12-31,Cleaning_Services,26997.68,27544.68,0.0,0.0,137726.38,13.0,8386.0,6.0,26997.68,27544.68,146112.38,Small
519,2025 Q1,2025-03-31,Cleaning_Services,34522.47,34987.47,0.0,0.0,174940.36,14.0,8193.0,6.0,34522.47,34987.47,183133.36,Small
519,2025 Q2,2025-06-30,Cleaning_Services,28588.06,28588.06,0.0,0.0,142943.29,13.0,8248.0,6.0,28588.06,28588.06,151191.29,Small
519,2025 Q3,2025-09-30,Cleaning_Services,30813.94,30813.94,0.0,0.0,154072.71,13.0,5499.0,4.0,30813.94,30813.94,159571.71,Small
503,2024 Q2,2024-06-30,Cleaning_Services,36061.44,48857.44,2685.0,2685.0,244289.2,32.0,13425.0,8.0,33376.44,46172.44,257714.2,Small
503,2024 Q3,2024-09-30,Cleaning_Services,32987.35,46011.35,2013.0,2013.0,230058.74,31.0,10068.0,6.0,30974.35,43998.35,240126.74,Small
503,2024 Q4,2024-12-31,Cleaning_Services,33026.05,46960.05,2047.0,2047.0,234802.23,31.0,10236.0,6.0,30979.050000000003,44913.05,245038.23,Small
503,2025 Q1,2025-03-31,Cleaning_Services,33105.44,46675.44,2000.0,2000.0,233379.18,31.0,10001.0,6.0,31105.44,44675.44,243380.18,Small
503,2025 Q2,2025-06-30,Cleaning_Services,48838.53,49521.53,2013.0,2013.0,247609.63,32.0,10068.0,6.0,46825.53,47508.53,257677.63,Small
503,2025 Q3,2025-09-30,Cleaning_Services,47365.61,48003.61,1342.0,1342.0,240020.06,31.0,6712.0,4.0,46023.61,46661.61,246732.06,Small
512,2024 Q2,2024-06-30,Cleaning_Services,20001.55,34842.55,1042.0,1042.0,174216.76,19.0,10181.0,8.0,18959.55,33800.55,184397.76,Small
512,2024 Q3,2024-09-30,Cleaning_Services,31425.76,38676.76,781.0,781.0,193387.79,19.0,7636.0,6.0,30644.76,37895.76,201023.79,Small
512,2024 Q4,2024-12-31,Cleaning_Services,25074.0,33884.0,794.0,794.0,169424.0,18.0,7763.0,6.0,24280.0,33090.0,177187.0,Small
512,2025 Q1,2025-03-31,Cleaning_Services,19808.1,35801.1,776.66,776.66,179009.52,19.0,7584.309999999999,6.0,19031.44,35024.439999999995,186593.83,Small
512,2025 Q2,2025-06-30,Cleaning_Services,34164.55,34842.55,17550.54,17550.54,174216.76,19.0,91478.81,14.0,16614.010000000002,17292.010000000002,265695.57,Small
512,2025 Q3,2025-09-30,Cleaning_Services,35428.1,35801.1,521.0,521.0,179009.52,19.0,5090.0,4.0,34907.1,35280.1,184099.52,Small
531,2024 Q2,2024-06-30,Cleaning_Services,42137.21,42630.21,1361.0,1361.0,213153.05,25.0,11210.0,8.0,40776.21,41269.21,224363.05,Small
531,2024 Q3,2024-09-30,Cleaning_Services,44180.42,44180.42,1021.0,1021.0,220904.09,25.0,8407.0,6.0,43159.42,43159.42,229311.09,Small
531,2024 Q4,2024-12-31,Cleaning_Services,42113.47,42113.47,1038.0,1038.0,210569.36,25.0,8547.0,6.0,41075.47,41075.47,219116.36,Small
531,2025 Q1,2025-03-31,Cleaning_Services,44180.42,44180.42,1014.0,1014.0,220904.09,25.0,8351.0,6.0,43166.42,43166.42,229255.09,Small
531,2025 Q2,2025-06-30,Cleaning_Services,45730.63,45730.63,1021.0,1021.0,228655.14,26.0,8407.0,6.0,44709.63,44709.63,237062.14,Small
531,2025 Q3,2025-09-30,Cleaning_Services,41338.37,41338.37,680.0,680.0,206693.84,25.0,5605.0,4.0,40658.37,40658.37,212298.84,Small
1,2024 Q2,2024-06-30,Customer,0.0,0.0,72230083.0,72230083.0,0.0,0.0,361150418.0,45591.0,-72230083.0,-72230083.0,361150418.0,Large
1,2024 Q3,2024-09-30,Customer,0.0,0.0,69631889.0,69631888.0,0.0,0.0,348159442.0,46092.0,-69631889.0,-69631888.0,348159442.0,Large
1,2024 Q4,2024-12-31,Customer,0.0,0.0,86372156.0,86372158.0,0.0,0.0,431860790.0,46092.0,-86372156.0,-86372158.0,431860790.0,Large
1,2025 Q1,2025-03-31,Customer,0.0,0.0,85932256.0,85932255.0,0.0,0.0,429661279.0,45591.0,-85932256.0,-85932255.0,429661279.0,Large
1,2025 Q2,2025-06-30,Customer,0.0,0.0,76440851.0,76440851.0,0.0,0.0,382204256.0,45591.0,-76440851.0,-76440851.0,382204256.0,Large
1,2025 Q3,2025-09-30,Customer,0.0,0.0,74430258.0,74430258.0,0.0,0.0,372151293.0,46092.0,-74430258.0,-74430258.0,372151293.0,Large
