InvoiceId,Date,VATPeriod,BuyerId,BuyerSector,BuyerSizeCategory,SupplierId,SupplierSector,Good,Quantity,PunktafgiftRate,TotalObligation,ActualPayment,PaymentFactor,ComplianceCategory,UnderPayment
INV402082,2024-04-01,2024 Q2,692,Importer,Large,203,Cafe,Coffee_Beans,19.941796,25.0,498.54,305.05,0.6119,partially_compliant,193.49
INV403820,2024-04-01,2024 Q2,680,Importer,Medium,205,Cafe,Coffee_Beans,4.20799,25.0,105.2,102.01,0.9697,compliant,3.19
INV405558,2024-04-01,2024 Q2,684,Importer,Medium,207,Cafe,Coffee_Beans,4.88107,25.0,122.03,118.47,0.9708,compliant,3.56
INV415117,2024-04-01,2024 Q2,677,Importer,Small,218,Cafe,Coffee_Beans,11.101369,25.0,277.53,271.2,0.9772,compliant,6.33
INV420331,2024-04-01,2024 Q2,686,Importer,Small,224,Cafe,Coffee_Beans,3.583148,25.0,89.58,1.01,0.0113,non_compliant,88.57
INV423807,2024-04-01,2024 Q2,677,Importer,Small,228,Cafe,Coffee_Beans,4.337987,25.0,108.45,105.98,0.9772,compliant,2.47
INV425545,2024-04-01,2024 Q2,682,Importer,Small,230,Cafe,Coffee_Beans,4.873504,25.0,121.84,87.82,0.7208,partially_compliant,34.02
INV426414,2024-04-01,2024 Q2,681,Importer,Small,231,Cafe,Coffee_Beans,4.734484,25.0,118.36,0.0,0.0,non_compliant,118.36
INV429021,2024-04-01,2024 Q2,673,Importer,Medium,234,Cafe,Coffee_Beans,4.427342,25.0,110.68,106.3,0.9604,compliant,4.38
INV429890,2024-04-01,2024 Q2,673,Importer,Medium,235,Cafe,Coffee_Beans,21.039847,25.0,526.0,505.17,0.9604,compliant,20.82
INV431628,2024-04-01,2024 Q2,683,Importer,Small,237,Cafe,Coffee_Beans,10.781801,25.0,269.55,190.91,0.7083,partially_compliant,78.64
INV437711,2024-04-01,2024 Q2,682,Importer,Small,244,Cafe,Coffee_Beans,5.394722,25.0,134.87,97.21,0.7208,partially_compliant,37.65
INV439449,2024-04-01,2024 Q2,688,Importer,Small,246,Cafe,Coffee_Beans,5.109489,25.0,127.74,124.13,0.9717,compliant,3.61
INV444663,2024-04-01,2024 Q2,675,Importer,Small,252,Cafe,Coffee_Beans,5.34512,25.0,133.63,133.08,0.9959,compliant,0.55
INV448139,2024-04-01,2024 Q2,678,Importer,Medium,256,Cafe,Coffee_Beans,8.456676,25.0,211.42,114.82,0.5431,partially_compliant,96.6
INV449008,2024-04-01,2024 Q2,680,Importer,Medium,257,Cafe,Coffee_Beans,21.326451,25.0,533.16,517.01,0.9697,compliant,16.15
INV454222,2024-04-01,2024 Q2,675,Importer,Small,263,Cafe,Coffee_Beans,3.907534,25.0,97.69,97.29,0.9959,compliant,0.4
INV459436,2024-04-01,2024 Q2,677,Importer,Small,269,Cafe,Coffee_Beans,3.872905,25.0,96.82,94.61,0.9772,compliant,2.21
INV463781,2024-04-01,2024 Q2,673,Importer,Medium,274,Cafe,Coffee_Beans,5.204987,25.0,130.12,124.97,0.9604,compliant,5.15
INV464650,2024-04-01,2024 Q2,689,Importer,Small,275,Cafe,Coffee_Beans,5.068937,25.0,126.72,125.07,0.987,compliant,1.65
INV465519,2024-04-01,2024 Q2,692,Importer,Large,276,Cafe,Coffee_Beans,4.794337,25.0,119.86,73.34,0.6119,partially_compliant,46.52
INV469864,2024-04-01,2024 Q2,689,Importer,Small,281,Cafe,Coffee_Beans,8.647869,25.0,216.2,213.38,0.987,compliant,2.81
INV475078,2024-04-01,2024 Q2,680,Importer,Medium,287,Cafe,Coffee_Beans,4.511377,25.0,112.78,109.37,0.9697,compliant,3.42
INV477685,2024-04-01,2024 Q2,675,Importer,Small,290,Cafe,Coffee_Beans,3.936159,25.0,98.4,98.0,0.9959,compliant,0.4
INV483768,2024-04-01,2024 Q2,689,Importer,Small,297,Cafe,Coffee_Beans,8.021016,25.0,200.53,197.92,0.987,compliant,2.61
INV484637,2024-04-01,2024 Q2,674,Importer,Small,298,Cafe,Coffee_Beans,4.535105,25.0,113.38,109.9,0.9694,compliant,3.47
INV489851,2024-04-01,2024 Q2,682,Importer,Small,304,Cafe,Coffee_Beans,3.979839,25.0,99.5,71.72,0.7208,partially_compliant,27.78
INV490720,2024-04-01,2024 Q2,682,Importer,Small,305,Cafe,Coffee_Beans,4.003498,25.0,100.09,72.14,0.7208,partially_compliant,27.94
INV495934,2024-04-01,2024 Q2,680,Importer,Medium,311,Cafe,Coffee_Beans,4.955881,25.0,123.9,120.14,0.9697,compliant,3.75
INV496803,2024-04-01,2024 Q2,689,Importer,Small,312,Cafe,Coffee_Beans,5.71271,25.0,142.82,140.96,0.987,compliant,1.86
INV497672,2024-04-01,2024 Q2,682,Importer,Small,313,Cafe,Coffee_Beans,4.794982,25.0,119.87,86.41,0.7208,partially_compliant,33.47
INV502017,2024-04-01,2024 Q2,688,Importer,Small,318,Cafe,Coffee_Beans,16.968863,25.0,424.22,412.23,0.9717,compliant,11.99
INV507231,2024-04-01,2024 Q2,692,Importer,Large,324,Cafe,Coffee_Beans,5.379262,25.0,134.48,82.29,0.6119,partially_compliant,52.19
INV515052,2024-04-01,2024 Q2,678,Importer,Medium,333,Cafe,Coffee_Beans,4.497967,25.0,112.45,61.07,0.5431,partially_compliant,51.38
INV517659,2024-04-01,2024 Q2,690,Importer,Small,336,Cafe,Coffee_Beans,4.542594,25.0,113.56,65.15,0.5737,partially_compliant,48.41
INV522004,2024-04-01,2024 Q2,690,Importer,Small,341,Cafe,Coffee_Beans,5.685099,25.0,142.13,81.54,0.5737,partially_compliant,60.59
INV522873,2024-04-01,2024 Q2,686,Importer,Small,342,Cafe,Coffee_Beans,3.60038,25.0,90.01,1.02,0.0113,non_compliant,88.99
INV523742,2024-04-01,2024 Q2,690,Importer,Small,343,Cafe,Coffee_Beans,8.528329,25.0,213.21,122.32,0.5737,partially_compliant,90.89
INV532432,2024-04-01,2024 Q2,686,Importer,Small,353,Cafe,Coffee_Beans,10.022624,25.0,250.57,2.83,0.0113,non_compliant,247.74
INV534170,2024-04-01,2024 Q2,678,Importer,Medium,355,Cafe,Coffee_Beans,14.425841,25.0,360.65,195.87,0.5431,partially_compliant,164.78
INV536777,2024-04-01,2024 Q2,679,Importer,Large,358,Cafe,Coffee_Beans,5.096032,25.0,127.4,66.11,0.5189,partially_compliant,61.29
INV542234,2024-04-01,2024 Q2,673,Importer,Medium,365,Fine_Dine_Meat,Beer,25.790178,3.0,77.37,74.31,0.9604,compliant,3.06
INV544445,2024-04-01,2024 Q2,692,Importer,Large,369,Fine_Dine_Meat,Wine,14.121541,10.67,150.68,92.2,0.6119,partially_compliant,58.48
INV547210,2024-04-01,2024 Q2,675,Importer,Small,374,Fine_Dine_Meat,Wine,17.162744,10.67,183.13,182.38,0.9959,compliant,0.75
INV547211,2024-04-01,2024 Q2,683,Importer,Small,374,Fine_Dine_Meat,Beer,25.744117,3.0,77.23,54.7,0.7083,partially_compliant,22.53
INV549423,2024-04-01,2024 Q2,679,Importer,Large,378,Fine_Dine_Meat,Beer,19.627747,3.0,58.88,30.55,0.5189,partially_compliant,28.33
INV549975,2024-04-01,2024 Q2,686,Importer,Small,379,Fine_Dine_Meat,Wine,34.143033,10.67,364.31,4.11,0.0113,non_compliant,360.2
INV551634,2024-04-01,2024 Q2,677,Importer,Small,382,Fine_Dine_Meat,Wine,13.198275,10.67,140.83,137.61,0.9772,compliant,3.21
INV552740,2024-04-01,2024 Q2,682,Importer,Small,384,Fine_Dine_Meat,Wine,14.436251,10.67,154.03,111.03,0.7208,partially_compliant,43.0
INV552741,2024-04-01,2024 Q2,680,Importer,Medium,384,Fine_Dine_Meat,Beer,21.654377,3.0,64.96,63.0,0.9697,compliant,1.97
INV554952,2024-04-01,2024 Q2,686,Importer,Small,388,Fine_Dine_Meat,Wine,12.219854,10.67,130.39,1.47,0.0113,non_compliant,128.92
INV554953,2024-04-01,2024 Q2,680,Importer,Medium,388,Fine_Dine_Meat,Beer,18.329781,3.0,54.99,53.32,0.9697,compliant,1.67
INV555505,2024-04-01,2024 Q2,680,Importer,Medium,389,Fine_Dine_Meat,Wine,16.925947,10.67,180.6,175.13,0.9697,compliant,5.47
INV556611,2024-04-01,2024 Q2,692,Importer,Large,391,Fine_Dine_Meat,Wine,18.871278,10.67,201.36,123.21,0.6119,partially_compliant,78.15
INV557165,2024-04-01,2024 Q2,692,Importer,Large,392,Fine_Dine_Meat,Beer,22.613353,3.0,67.84,41.51,0.6119,partially_compliant,26.33
INV558270,2024-04-01,2024 Q2,679,Importer,Large,394,Fine_Dine_Meat,Wine,25.106252,10.67,267.88,139.0,0.5189,partially_compliant,128.88
INV558823,2024-04-01,2024 Q2,686,Importer,Small,395,Fine_Dine_Meat,Wine,30.601178,10.67,326.51,3.68,0.0113,non_compliant,322.83
INV559377,2024-04-01,2024 Q2,685,Importer,Small,396,Fine_Dine_Meat,Beer,54.343618,3.0,163.03,158.94,0.9749,compliant,4.09
INV559930,2024-04-01,2024 Q2,675,Importer,Small,397,Fine_Dine_Meat,Beer,22.249567,3.0,66.75,66.48,0.9959,compliant,0.27
INV561035,2024-04-01,2024 Q2,673,Importer,Medium,399,Fine_Dine_Meat,Wine,28.10437,10.67,299.87,288.0,0.9604,compliant,11.87
INV566012,2024-04-01,2024 Q2,681,Importer,Small,408,Fine_Dine_Meat,Wine,30.148194,10.67,321.68,0.0,0.0,non_compliant,321.68
INV567671,2024-04-01,2024 Q2,673,Importer,Medium,411,Fine_Dine_Meat,Wine,14.834264,10.67,158.28,152.02,0.9604,compliant,6.27
INV567672,2024-04-01,2024 Q2,673,Importer,Medium,411,Fine_Dine_Meat,Beer,22.251396,3.0,66.75,64.11,0.9604,compliant,2.64
INV568224,2024-04-01,2024 Q2,680,Importer,Medium,412,Fine_Dine_Meat,Wine,31.289841,10.67,333.86,323.75,0.9697,compliant,10.11
INV569330,2024-04-01,2024 Q2,689,Importer,Small,414,Fine_Dine_Meat,Wine,27.491936,10.67,293.34,289.52,0.987,compliant,3.82
INV570436,2024-04-01,2024 Q2,680,Importer,Medium,416,Fine_Dine_Meat,Wine,17.812766,10.67,190.06,184.31,0.9697,compliant,5.76
INV571542,2024-04-01,2024 Q2,675,Importer,Small,418,Fine_Dine_Meat,Wine,31.809574,10.67,339.41,338.02,0.9959,compliant,1.39
INV573754,2024-04-01,2024 Q2,673,Importer,Medium,422,Fine_Dine_Meat,Wine,17.890006,10.67,190.89,183.33,0.9604,compliant,7.56
INV576519,2024-04-01,2024 Q2,678,Importer,Medium,427,Fine_Dine_Meat,Wine,18.187194,10.67,194.06,105.39,0.5431,partially_compliant,88.67
INV577072,2024-04-01,2024 Q2,689,Importer,Small,428,Fine_Dine_Meat,Wine,12.600978,10.67,134.45,132.7,0.987,compliant,1.75
INV578178,2024-04-01,2024 Q2,685,Importer,Small,430,Fine_Dine_Meat,Wine,30.23585,10.67,322.62,314.52,0.9749,compliant,8.09
INV578731,2024-04-01,2024 Q2,692,Importer,Large,431,Fine_Dine_Meat,Wine,16.539501,10.67,176.48,107.98,0.6119,partially_compliant,68.49
INV579284,2024-04-01,2024 Q2,673,Importer,Medium,432,Fine_Dine_Meat,Wine,35.197245,10.67,375.55,360.69,0.9604,compliant,14.87
INV579838,2024-04-01,2024 Q2,679,Importer,Large,433,Fine_Dine_Meat,Beer,17.585013,3.0,52.76,27.37,0.5189,partially_compliant,25.38
INV580391,2024-04-01,2024 Q2,692,Importer,Large,434,Fine_Dine_Meat,Beer,22.881693,3.0,68.65,42.0,0.6119,partially_compliant,26.64
INV580944,2024-04-01,2024 Q2,687,Importer,Medium,435,Fine_Dine_Meat,Beer,37.678278,3.0,113.03,86.1,0.7617,partially_compliant,26.93
INV583708,2024-04-01,2024 Q2,679,Importer,Large,440,Fine_Dine_Meat,Wine,16.079059,10.67,171.56,89.02,0.5189,partially_compliant,82.54
INV583709,2024-04-01,2024 Q2,692,Importer,Large,440,Fine_Dine_Meat,Beer,24.118589,3.0,72.36,44.27,0.6119,partially_compliant,28.08
INV587579,2024-04-01,2024 Q2,686,Importer,Small,447,Fine_Dine_Vegetarian,Wine,22.076818,10.67,235.56,2.66,0.0113,non_compliant,232.9
INV588132,2024-04-01,2024 Q2,679,Importer,Large,448,Fine_Dine_Vegetarian,Wine,40.587386,10.67,433.07,224.72,0.5189,partially_compliant,208.35
INV588685,2024-04-01,2024 Q2,692,Importer,Large,449,Fine_Dine_Vegetarian,Wine,42.148197,10.67,449.72,275.18,0.6119,partially_compliant,174.54
INV589238,2024-04-01,2024 Q2,680,Importer,Medium,450,Fine_Dine_Vegetarian,Wine,58.87781,10.67,628.23,609.2,0.9697,compliant,19.03
INV590897,2024-04-01,2024 Q2,682,Importer,Small,453,Fine_Dine_Vegetarian,Wine,40.163222,10.67,428.54,308.9,0.7208,partially_compliant,119.64
INV592556,2024-04-01,2024 Q2,675,Importer,Small,456,Fine_Dine_Vegetarian,Wine,16.930159,10.67,180.64,179.91,0.9959,compliant,0.74
INV594215,2024-04-01,2024 Q2,673,Importer,Medium,459,Fine_Dine_Vegetarian,Wine,19.961143,10.67,212.99,204.55,0.9604,compliant,8.43
INV595874,2024-04-01,2024 Q2,673,Importer,Medium,462,Fine_Dine_Vegetarian,Wine,15.180136,10.67,161.97,155.56,0.9604,compliant,6.41
INV596427,2024-04-01,2024 Q2,690,Importer,Small,463,Fine_Dine_Vegetarian,Wine,35.198278,10.67,375.57,215.46,0.5737,partially_compliant,160.11
INV596980,2024-04-01,2024 Q2,677,Importer,Small,464,Fine_Dine_Vegetarian,Wine,19.857903,10.67,211.88,207.05,0.9772,compliant,4.83
INV599745,2024-04-01,2024 Q2,682,Importer,Small,469,Fine_Dine_Vegetarian,Wine,17.896999,10.67,190.96,137.65,0.7208,partially_compliant,53.31
INV601404,2024-04-01,2024 Q2,689,Importer,Small,472,Fine_Dine_Vegetarian,Wine,17.241636,10.67,183.97,181.57,0.987,compliant,2.39
INV603616,2024-04-01,2024 Q2,692,Importer,Large,476,Fine_Dine_Vegetarian,Wine,18.471376,10.67,197.09,120.6,0.6119,partially_compliant,76.49
INV605275,2024-04-01,2024 Q2,673,Importer,Medium,479,Fine_Dine_Vegetarian,Wine,12.663244,10.67,135.12,129.77,0.9604,compliant,5.35
INV607487,2024-04-01,2024 Q2,675,Importer,Small,483,Fine_Dine_Vegetarian,Wine,17.302525,10.67,184.62,183.86,0.9959,compliant,0.75
INV609146,2024-04-01,2024 Q2,692,Importer,Large,486,Fine_Dine_Vegetarian,Wine,31.337299,10.67,334.37,204.6,0.6119,partially_compliant,129.77
INV613570,2024-04-01,2024 Q2,686,Importer,Small,494,Fine_Dine_Vegetarian,Wine,15.704021,10.67,167.56,1.89,0.0113,non_compliant,165.67
INV616888,2024-04-01,2024 Q2,673,Importer,Medium,500,Fine_Dine_Vegetarian,Wine,21.42219,10.67,228.57,219.53,0.9604,compliant,9.05
INV402093,2024-04-06,2024 Q2,692,Importer,Large,203,Cafe,Coffee_Beans,25.15306,25.0,628.83,384.77,0.6119,partially_compliant,244.06
INV403831,2024-04-06,2024 Q2,680,Importer,Medium,205,Cafe,Coffee_Beans,5.307637,25.0,132.69,128.67,0.9697,compliant,4.02
INV405569,2024-04-06,2024 Q2,684,Importer,Medium,207,Cafe,Coffee_Beans,6.15661,25.0,153.92,149.42,0.9708,compliant,4.49
INV415128,2024-04-06,2024 Q2,677,Importer,Small,218,Cafe,Coffee_Beans,14.00242,25.0,350.06,342.07,0.9772,compliant,7.99
INV420342,2024-04-06,2024 Q2,686,Importer,Small,224,Cafe,Coffee_Beans,3.549591,25.0,88.74,1.0,0.0113,non_compliant,87.74
INV423818,2024-04-06,2024 Q2,677,Importer,Small,228,Cafe,Coffee_Beans,5.471606,25.0,136.79,133.67,0.9772,compliant,3.12
INV425556,2024-04-06,2024 Q2,682,Importer,Small,230,Cafe,Coffee_Beans,6.147066,25.0,153.68,110.77,0.7208,partially_compliant,42.9
INV426425,2024-04-06,2024 Q2,681,Importer,Small,231,Cafe,Coffee_Beans,5.971718,25.0,149.29,0.0,0.0,non_compliant,149.29
INV429032,2024-04-06,2024 Q2,673,Importer,Medium,234,Cafe,Coffee_Beans,5.584312,25.0,139.61,134.08,0.9604,compliant,5.53
INV429901,2024-04-06,2024 Q2,673,Importer,Medium,235,Cafe,Coffee_Beans,26.538058,25.0,663.45,637.18,0.9604,compliant,26.27
INV431639,2024-04-06,2024 Q2,683,Importer,Small,237,Cafe,Coffee_Beans,13.599342,25.0,339.98,240.8,0.7083,partially_compliant,99.19
INV437722,2024-04-06,2024 Q2,682,Importer,Small,244,Cafe,Coffee_Beans,6.804491,25.0,170.11,122.62,0.7208,partially_compliant,47.49
INV439460,2024-04-06,2024 Q2,688,Importer,Small,246,Cafe,Coffee_Beans,7.222409,25.0,180.56,175.46,0.9717,compliant,5.11
INV444674,2024-04-06,2024 Q2,675,Importer,Small,252,Cafe,Coffee_Beans,6.741927,25.0,168.55,167.86,0.9959,compliant,0.69
INV448150,2024-04-06,2024 Q2,678,Importer,Medium,256,Cafe,Coffee_Beans,10.666606,25.0,266.67,144.83,0.5431,partially_compliant,121.84
INV449019,2024-04-06,2024 Q2,680,Importer,Medium,257,Cafe,Coffee_Beans,26.899558,25.0,672.49,652.12,0.9697,compliant,20.37
INV454233,2024-04-06,2024 Q2,675,Importer,Small,263,Cafe,Coffee_Beans,4.928666,25.0,123.22,122.71,0.9959,compliant,0.5
INV459447,2024-04-06,2024 Q2,677,Importer,Small,269,Cafe,Coffee_Beans,4.884987,25.0,122.12,119.34,0.9772,compliant,2.79
INV463792,2024-04-06,2024 Q2,673,Importer,Medium,274,Cafe,Coffee_Beans,6.565173,25.0,164.13,157.63,0.9604,compliant,6.5
INV464661,2024-04-06,2024 Q2,689,Importer,Small,275,Cafe,Coffee_Beans,6.39357,25.0,159.84,157.76,0.987,compliant,2.08
INV465530,2024-04-06,2024 Q2,692,Importer,Large,276,Cafe,Coffee_Beans,6.047211,25.0,151.18,92.5,0.6119,partially_compliant,58.68
INV469875,2024-04-06,2024 Q2,689,Importer,Small,281,Cafe,Coffee_Beans,10.907762,25.0,272.69,269.14,0.987,compliant,3.55
INV475089,2024-04-06,2024 Q2,680,Importer,Medium,287,Cafe,Coffee_Beans,6.163117,25.0,154.08,149.41,0.9697,compliant,4.67
INV477696,2024-04-06,2024 Q2,675,Importer,Small,290,Cafe,Coffee_Beans,4.964771,25.0,124.12,123.61,0.9959,compliant,0.51
INV483779,2024-04-06,2024 Q2,689,Importer,Small,297,Cafe,Coffee_Beans,10.363764,25.0,259.09,255.72,0.987,compliant,3.37
INV484648,2024-04-06,2024 Q2,674,Importer,Small,298,Cafe,Coffee_Beans,5.720236,25.0,143.01,138.62,0.9694,compliant,4.38
INV489862,2024-04-06,2024 Q2,682,Importer,Small,304,Cafe,Coffee_Beans,5.019866,25.0,125.5,90.46,0.7208,partially_compliant,35.04
INV490731,2024-04-06,2024 Q2,682,Importer,Small,305,Cafe,Coffee_Beans,5.218192,25.0,130.45,94.03,0.7208,partially_compliant,36.42
INV495945,2024-04-06,2024 Q2,680,Importer,Medium,311,Cafe,Coffee_Beans,6.25097,25.0,156.27,151.54,0.9697,compliant,4.73
INV496814,2024-04-06,2024 Q2,689,Importer,Small,312,Cafe,Coffee_Beans,7.205576,25.0,180.14,177.79,0.987,compliant,2.34
INV497683,2024-04-06,2024 Q2,682,Importer,Small,313,Cafe,Coffee_Beans,6.350762,25.0,158.77,114.44,0.7208,partially_compliant,44.33
INV502028,2024-04-06,2024 Q2,688,Importer,Small,318,Cafe,Coffee_Beans,18.944742,25.0,473.62,460.23,0.9717,compliant,13.39
INV507242,2024-04-06,2024 Q2,692,Importer,Large,324,Cafe,Coffee_Beans,6.784991,25.0,169.62,103.79,0.6119,partially_compliant,65.83
INV515063,2024-04-06,2024 Q2,678,Importer,Medium,333,Cafe,Coffee_Beans,5.673392,25.0,141.83,77.03,0.5431,partially_compliant,64.8
INV517670,2024-04-06,2024 Q2,690,Importer,Small,336,Cafe,Coffee_Beans,6.276844,25.0,156.92,90.02,0.5737,partially_compliant,66.9
INV522015,2024-04-06,2024 Q2,690,Importer,Small,341,Cafe,Coffee_Beans,7.17075,25.0,179.27,102.85,0.5737,partially_compliant,76.42
INV522884,2024-04-06,2024 Q2,686,Importer,Small,342,Cafe,Coffee_Beans,4.541245,25.0,113.53,1.28,0.0113,non_compliant,112.25
INV523753,2024-04-06,2024 Q2,690,Importer,Small,343,Cafe,Coffee_Beans,10.994035,25.0,274.85,157.68,0.5737,partially_compliant,117.17
INV532443,2024-04-06,2024 Q2,686,Importer,Small,353,Cafe,Coffee_Beans,12.641774,25.0,316.04,3.56,0.0113,non_compliant,312.48
INV534181,2024-04-06,2024 Q2,678,Importer,Medium,355,Cafe,Coffee_Beans,18.195656,25.0,454.89,247.05,0.5431,partially_compliant,207.84
INV536788,2024-04-06,2024 Q2,679,Importer,Large,358,Cafe,Coffee_Beans,6.427746,25.0,160.69,83.38,0.5189,partially_compliant,77.31
INV542241,2024-04-06,2024 Q2,673,Importer,Medium,365,Fine_Dine_Meat,Beer,32.249671,3.0,96.75,92.92,0.9604,compliant,3.83
INV544452,2024-04-06,2024 Q2,692,Importer,Large,369,Fine_Dine_Meat,Wine,17.658468,10.67,188.42,115.29,0.6119,partially_compliant,73.13
INV547217,2024-04-06,2024 Q2,675,Importer,Small,374,Fine_Dine_Meat,Wine,21.461381,10.67,228.99,228.06,0.9959,compliant,0.94
INV547218,2024-04-06,2024 Q2,683,Importer,Small,374,Fine_Dine_Meat,Beer,32.192072,3.0,96.58,68.4,0.7083,partially_compliant,28.17
INV549430,2024-04-06,2024 Q2,679,Importer,Large,378,Fine_Dine_Meat,Beer,24.543777,3.0,73.63,38.21,0.5189,partially_compliant,35.42
INV549982,2024-04-06,2024 Q2,686,Importer,Small,379,Fine_Dine_Meat,Wine,42.694608,10.67,455.55,5.14,0.0113,non_compliant,450.41
INV551641,2024-04-06,2024 Q2,677,Importer,Small,382,Fine_Dine_Meat,Wine,15.184679,10.67,162.02,158.32,0.9772,compliant,3.7
INV552747,2024-04-06,2024 Q2,682,Importer,Small,384,Fine_Dine_Meat,Wine,18.052002,10.67,192.61,138.84,0.7208,partially_compliant,53.78
INV552748,2024-04-06,2024 Q2,680,Importer,Medium,384,Fine_Dine_Meat,Beer,27.078003,3.0,81.23,78.77,0.9697,compliant,2.46
INV554959,2024-04-06,2024 Q2,686,Importer,Small,388,Fine_Dine_Meat,Wine,15.702437,10.67,167.55,1.89,0.0113,non_compliant,165.66
INV554960,2024-04-06,2024 Q2,680,Importer,Medium,388,Fine_Dine_Meat,Beer,23.553655,3.0,70.66,68.52,0.9697,compliant,2.14
INV555512,2024-04-06,2024 Q2,680,Importer,Medium,389,Fine_Dine_Meat,Wine,21.165275,10.67,225.83,218.99,0.9697,compliant,6.84
INV556618,2024-04-06,2024 Q2,692,Importer,Large,391,Fine_Dine_Meat,Wine,23.59784,10.67,251.79,154.07,0.6119,partially_compliant,97.72
INV557172,2024-04-06,2024 Q2,692,Importer,Large,392,Fine_Dine_Meat,Beer,30.500193,3.0,91.5,55.99,0.6119,partially_compliant,35.51
INV558277,2024-04-06,2024 Q2,679,Importer,Large,394,Fine_Dine_Meat,Wine,31.394447,10.67,334.98,173.82,0.5189,partially_compliant,161.16
INV558830,2024-04-06,2024 Q2,686,Importer,Small,395,Fine_Dine_Meat,Wine,38.265649,10.67,408.29,4.6,0.0113,non_compliant,403.69
INV559384,2024-04-06,2024 Q2,685,Importer,Small,396,Fine_Dine_Meat,Beer,67.954698,3.0,203.86,198.75,0.9749,compliant,5.11
INV559937,2024-04-06,2024 Q2,675,Importer,Small,397,Fine_Dine_Meat,Beer,26.694859,3.0,80.08,79.76,0.9959,compliant,0.33
INV561042,2024-04-06,2024 Q2,673,Importer,Medium,399,Fine_Dine_Meat,Wine,35.143482,10.67,374.98,360.14,0.9604,compliant,14.85
INV566019,2024-04-06,2024 Q2,681,Importer,Small,408,Fine_Dine_Meat,Wine,37.699209,10.67,402.25,0.0,0.0,non_compliant,402.25
INV567678,2024-04-06,2024 Q2,673,Importer,Medium,411,Fine_Dine_Meat,Wine,18.549702,10.67,197.93,190.09,0.9604,compliant,7.84
INV567679,2024-04-06,2024 Q2,673,Importer,Medium,411,Fine_Dine_Meat,Beer,27.824553,3.0,83.47,80.17,0.9604,compliant,3.3
INV568231,2024-04-06,2024 Q2,680,Importer,Medium,412,Fine_Dine_Meat,Wine,39.126796,10.67,417.48,404.84,0.9697,compliant,12.65
INV569337,2024-04-06,2024 Q2,689,Importer,Small,414,Fine_Dine_Meat,Wine,35.036913,10.67,373.84,368.98,0.987,compliant,4.87
INV570443,2024-04-06,2024 Q2,680,Importer,Medium,416,Fine_Dine_Meat,Wine,22.27421,10.67,237.67,230.47,0.9697,compliant,7.2
INV571549,2024-04-06,2024 Q2,675,Importer,Small,418,Fine_Dine_Meat,Wine,39.776704,10.67,424.42,422.68,0.9959,compliant,1.73
INV573761,2024-04-06,2024 Q2,673,Importer,Medium,422,Fine_Dine_Meat,Wine,22.370796,10.67,238.7,229.25,0.9604,compliant,9.45
INV576526,2024-04-06,2024 Q2,678,Importer,Medium,427,Fine_Dine_Meat,Wine,22.742418,10.67,242.66,131.79,0.5431,partially_compliant,110.87
INV577079,2024-04-06,2024 Q2,689,Importer,Small,428,Fine_Dine_Meat,Wine,15.757061,10.67,168.13,165.94,0.987,compliant,2.19
INV578185,2024-04-06,2024 Q2,685,Importer,Small,430,Fine_Dine_Meat,Wine,39.571412,10.67,422.23,411.64,0.9749,compliant,10.59
INV578738,2024-04-06,2024 Q2,692,Importer,Large,431,Fine_Dine_Meat,Wine,20.682039,10.67,220.68,135.03,0.6119,partially_compliant,85.65
INV579291,2024-04-06,2024 Q2,673,Importer,Medium,432,Fine_Dine_Meat,Wine,44.012862,10.67,469.62,451.02,0.9604,compliant,18.59
INV579845,2024-04-06,2024 Q2,679,Importer,Large,433,Fine_Dine_Meat,Beer,20.194387,3.0,60.58,31.44,0.5189,partially_compliant,29.15
INV580398,2024-04-06,2024 Q2,692,Importer,Large,434,Fine_Dine_Meat,Beer,28.612716,3.0,85.84,52.52,0.6119,partially_compliant,33.32
INV580951,2024-04-06,2024 Q2,687,Importer,Medium,435,Fine_Dine_Meat,Beer,43.544769,3.0,130.63,99.51,0.7617,partially_compliant,31.13
INV583715,2024-04-06,2024 Q2,679,Importer,Large,440,Fine_Dine_Meat,Wine,20.106273,10.67,214.53,111.32,0.5189,partially_compliant,103.21
INV583716,2024-04-06,2024 Q2,692,Importer,Large,440,Fine_Dine_Meat,Beer,30.159409,3.0,90.48,55.36,0.6119,partially_compliant,35.12
INV587586,2024-04-06,2024 Q2,686,Importer,Small,447,Fine_Dine_Vegetarian,Wine,27.60625,10.67,294.56,3.32,0.0113,non_compliant,291.24
INV588139,2024-04-06,2024 Q2,679,Importer,Large,448,Fine_Dine_Vegetarian,Wine,50.753035,10.67,541.53,281.0,0.5189,partially_compliant,260.54
INV588692,2024-04-06,2024 Q2,692,Importer,Large,449,Fine_Dine_Vegetarian,Wine,60.60286,10.67,646.63,395.66,0.6119,partially_compliant,250.97
INV589245,2024-04-06,2024 Q2,680,Importer,Medium,450,Fine_Dine_Vegetarian,Wine,73.624539,10.67,785.57,761.78,0.9697,compliant,23.79
INV590904,2024-04-06,2024 Q2,682,Importer,Small,453,Fine_Dine_Vegetarian,Wine,50.222634,10.67,535.88,386.26,0.7208,partially_compliant,149.61
INV592563,2024-04-06,2024 Q2,675,Importer,Small,456,Fine_Dine_Vegetarian,Wine,21.170542,10.67,225.89,224.97,0.9959,compliant,0.92
INV594222,2024-04-06,2024 Q2,673,Importer,Medium,459,Fine_Dine_Vegetarian,Wine,24.960677,10.67,266.33,255.79,0.9604,compliant,10.54
INV595881,2024-04-06,2024 Q2,673,Importer,Medium,462,Fine_Dine_Vegetarian,Wine,18.982203,10.67,202.54,194.52,0.9604,compliant,8.02
INV596434,2024-04-06,2024 Q2,690,Importer,Small,463,Fine_Dine_Vegetarian,Wine,44.014154,10.67,469.63,269.43,0.5737,partially_compliant,200.21
INV596987,2024-04-06,2024 Q2,677,Importer,Small,464,Fine_Dine_Vegetarian,Wine,24.831578,10.67,264.95,258.91,0.9772,compliant,6.04
INV599752,2024-04-06,2024 Q2,682,Importer,Small,469,Fine_Dine_Vegetarian,Wine,21.300811,10.67,227.28,163.83,0.7208,partially_compliant,63.45
INV601411,2024-04-06,2024 Q2,689,Importer,Small,472,Fine_Dine_Vegetarian,Wine,21.560032,10.67,230.05,227.05,0.987,compliant,2.99
INV603623,2024-04-06,2024 Q2,692,Importer,Large,476,Fine_Dine_Vegetarian,Wine,23.097778,10.67,246.45,150.8,0.6119,partially_compliant,95.65
INV605282,2024-04-06,2024 Q2,673,Importer,Medium,479,Fine_Dine_Vegetarian,Wine,11.762533,10.67,125.51,120.54,0.9604,compliant,4.97
INV607494,2024-04-06,2024 Q2,675,Importer,Small,483,Fine_Dine_Vegetarian,Wine,25.58437,10.67,272.99,271.87,0.9959,compliant,1.11
INV609153,2024-04-06,2024 Q2,692,Importer,Large,486,Fine_Dine_Vegetarian,Wine,39.186141,10.67,418.12,255.84,0.6119,partially_compliant,162.28
INV613577,2024-04-06,2024 Q2,686,Importer,Small,494,Fine_Dine_Vegetarian,Wine,16.777337,10.67,179.01,2.02,0.0113,non_compliant,177.0
INV616895,2024-04-06,2024 Q2,673,Importer,Medium,500,Fine_Dine_Vegetarian,Wine,26.787661,10.67,285.82,274.51,0.9604,compliant,11.32
INV402104,2024-04-13,2024 Q2,692,Importer,Large,203,Cafe,Coffee_Beans,24.398737,25.0,609.97,373.23,0.6119,partially_compliant,236.74
INV403842,2024-04-13,2024 Q2,680,Importer,Medium,205,Cafe,Coffee_Beans,5.148465,25.0,128.71,124.81,0.9697,compliant,3.9
INV405580,2024-04-13,2024 Q2,684,Importer,Medium,207,Cafe,Coffee_Beans,5.971977,25.0,149.3,144.94,0.9708,compliant,4.36
INV415139,2024-04-13,2024 Q2,677,Importer,Small,218,Cafe,Coffee_Beans,13.582497,25.0,339.56,331.82,0.9772,compliant,7.75
INV420353,2024-04-13,2024 Q2,686,Importer,Small,224,Cafe,Coffee_Beans,3.443142,25.0,86.08,0.97,0.0113,non_compliant,85.11
INV423829,2024-04-13,2024 Q2,677,Importer,Small,228,Cafe,Coffee_Beans,5.307516,25.0,132.69,129.66,0.9772,compliant,3.03
INV425567,2024-04-13,2024 Q2,682,Importer,Small,230,Cafe,Coffee_Beans,5.96272,25.0,149.07,107.45,0.7208,partially_compliant,41.62
INV426436,2024-04-13,2024 Q2,681,Importer,Small,231,Cafe,Coffee_Beans,5.79263,25.0,144.82,0.0,0.0,non_compliant,144.82
INV429043,2024-04-13,2024 Q2,673,Importer,Medium,234,Cafe,Coffee_Beans,5.416842,25.0,135.42,130.06,0.9604,compliant,5.36
INV429912,2024-04-13,2024 Q2,673,Importer,Medium,235,Cafe,Coffee_Beans,25.7422,25.0,643.56,618.08,0.9604,compliant,25.48
INV431650,2024-04-13,2024 Q2,683,Importer,Small,237,Cafe,Coffee_Beans,13.191507,25.0,329.79,233.58,0.7083,partially_compliant,96.21
INV437733,2024-04-13,2024 Q2,682,Importer,Small,244,Cafe,Coffee_Beans,6.600429,25.0,165.01,118.94,0.7208,partially_compliant,46.07
INV439471,2024-04-13,2024 Q2,688,Importer,Small,246,Cafe,Coffee_Beans,7.782573,25.0,194.56,189.06,0.9717,compliant,5.5
INV444685,2024-04-13,2024 Q2,675,Importer,Small,252,Cafe,Coffee_Beans,6.539741,25.0,163.49,162.83,0.9959,compliant,0.67
INV448161,2024-04-13,2024 Q2,678,Importer,Medium,256,Cafe,Coffee_Beans,10.346722,25.0,258.67,140.48,0.5431,partially_compliant,118.19
INV449030,2024-04-13,2024 Q2,680,Importer,Medium,257,Cafe,Coffee_Beans,26.092859,25.0,652.32,632.56,0.9697,compliant,19.76
INV454244,2024-04-13,2024 Q2,675,Importer,Small,263,Cafe,Coffee_Beans,4.780858,25.0,119.52,119.03,0.9959,compliant,0.49
INV459458,2024-04-13,2024 Q2,677,Importer,Small,269,Cafe,Coffee_Beans,4.73849,25.0,118.46,115.76,0.9772,compliant,2.7
INV463803,2024-04-13,2024 Q2,673,Importer,Medium,274,Cafe,Coffee_Beans,6.368288,25.0,159.21,152.9,0.9604,compliant,6.3
INV464672,2024-04-13,2024 Q2,689,Importer,Small,275,Cafe,Coffee_Beans,6.201831,25.0,155.05,153.03,0.987,compliant,2.02
INV465541,2024-04-13,2024 Q2,692,Importer,Large,276,Cafe,Coffee_Beans,5.86586,25.0,146.65,89.73,0.6119,partially_compliant,56.92
INV469886,2024-04-13,2024 Q2,689,Importer,Small,281,Cafe,Coffee_Beans,10.580646,25.0,264.52,261.07,0.987,compliant,3.44
INV475100,2024-04-13,2024 Q2,680,Importer,Medium,287,Cafe,Coffee_Beans,6.417343,25.0,160.43,155.57,0.9697,compliant,4.86
INV477707,2024-04-13,2024 Q2,675,Importer,Small,290,Cafe,Coffee_Beans,4.815881,25.0,120.4,119.91,0.9959,compliant,0.49
INV483790,2024-04-13,2024 Q2,689,Importer,Small,297,Cafe,Coffee_Beans,10.256735,25.0,256.42,253.08,0.987,compliant,3.34
INV484659,2024-04-13,2024 Q2,674,Importer,Small,298,Cafe,Coffee_Beans,5.54869,25.0,138.72,134.47,0.9694,compliant,4.25
INV489873,2024-04-13,2024 Q2,682,Importer,Small,304,Cafe,Coffee_Beans,4.869323,25.0,121.73,87.75,0.7208,partially_compliant,33.99
INV490742,2024-04-13,2024 Q2,682,Importer,Small,305,Cafe,Coffee_Beans,5.226657,25.0,130.67,94.19,0.7208,partially_compliant,36.48
INV495956,2024-04-13,2024 Q2,680,Importer,Medium,311,Cafe,Coffee_Beans,6.063508,25.0,151.59,147.0,0.9697,compliant,4.59
INV496825,2024-04-13,2024 Q2,689,Importer,Small,312,Cafe,Coffee_Beans,6.989486,25.0,174.74,172.46,0.987,compliant,2.27
INV497694,2024-04-13,2024 Q2,682,Importer,Small,313,Cafe,Coffee_Beans,6.447726,25.0,161.19,116.19,0.7208,partially_compliant,45.0
INV502039,2024-04-13,2024 Q2,688,Importer,Small,318,Cafe,Coffee_Beans,16.184607,25.0,404.62,393.18,0.9717,compliant,11.44
INV507253,2024-04-13,2024 Q2,692,Importer,Large,324,Cafe,Coffee_Beans,6.581514,25.0,164.54,100.68,0.6119,partially_compliant,63.86
INV515074,2024-04-13,2024 Q2,678,Importer,Medium,333,Cafe,Coffee_Beans,5.503251,25.0,137.58,74.72,0.5431,partially_compliant,62.86
INV517681,2024-04-13,2024 Q2,690,Importer,Small,336,Cafe,Coffee_Beans,6.571991,25.0,164.3,94.26,0.5737,partially_compliant,70.04
INV522026,2024-04-13,2024 Q2,690,Importer,Small,341,Cafe,Coffee_Beans,6.955705,25.0,173.89,99.76,0.5737,partially_compliant,74.13
INV522895,2024-04-13,2024 Q2,686,Importer,Small,342,Cafe,Coffee_Beans,4.405056,25.0,110.13,1.24,0.0113,non_compliant,108.88
INV523764,2024-04-13,2024 Q2,690,Importer,Small,343,Cafe,Coffee_Beans,10.870845,25.0,271.77,155.91,0.5737,partially_compliant,115.86
INV532454,2024-04-13,2024 Q2,686,Importer,Small,353,Cafe,Coffee_Beans,12.262656,25.0,306.57,3.46,0.0113,non_compliant,303.11
INV534192,2024-04-13,2024 Q2,678,Importer,Medium,355,Cafe,Coffee_Beans,17.649981,25.0,441.25,239.64,0.5431,partially_compliant,201.61
INV536799,2024-04-13,2024 Q2,679,Importer,Large,358,Cafe,Coffee_Beans,6.234983,25.0,155.87,80.88,0.5189,partially_compliant,74.99
INV542248,2024-04-13,2024 Q2,673,Importer,Medium,365,Fine_Dine_Meat,Beer,31.340928,3.0,94.02,90.3,0.9604,compliant,3.72
INV544459,2024-04-13,2024 Q2,692,Importer,Large,369,Fine_Dine_Meat,Wine,17.160881,10.67,183.11,112.04,0.6119,partially_compliant,71.07
INV547224,2024-04-13,2024 Q2,675,Importer,Small,374,Fine_Dine_Meat,Wine,20.856635,10.67,222.54,221.63,0.9959,compliant,0.91
INV547225,2024-04-13,2024 Q2,683,Importer,Small,374,Fine_Dine_Meat,Beer,31.284952,3.0,93.85,66.47,0.7083,partially_compliant,27.38
INV549437,2024-04-13,2024 Q2,679,Importer,Large,378,Fine_Dine_Meat,Beer,23.852173,3.0,71.56,37.13,0.5189,partially_compliant,34.43
INV549989,2024-04-13,2024 Q2,686,Importer,Small,379,Fine_Dine_Meat,Wine,41.491544,10.67,442.71,4.99,0.0113,non_compliant,437.72
INV551648,2024-04-13,2024 Q2,677,Importer,Small,382,Fine_Dine_Meat,Wine,13.539943,10.67,144.47,141.18,0.9772,compliant,3.3
INV552754,2024-04-13,2024 Q2,682,Importer,Small,384,Fine_Dine_Meat,Wine,17.543326,10.67,187.19,134.93,0.7208,partially_compliant,52.26
INV552755,2024-04-13,2024 Q2,680,Importer,Medium,384,Fine_Dine_Meat,Beer,26.314989,3.0,78.94,76.55,0.9697,compliant,2.39
INV554966,2024-04-13,2024 Q2,686,Importer,Small,388,Fine_Dine_Meat,Wine,15.656857,10.67,167.06,1.88,0.0113,non_compliant,165.17
INV554967,2024-04-13,2024 Q2,680,Importer,Medium,388,Fine_Dine_Meat,Beer,23.485285,3.0,70.46,68.32,0.9697,compliant,2.13
INV555519,2024-04-13,2024 Q2,680,Importer,Medium,389,Fine_Dine_Meat,Wine,20.568872,10.67,219.47,212.82,0.9697,compliant,6.65
INV556625,2024-04-13,2024 Q2,692,Importer,Large,391,Fine_Dine_Meat,Wine,22.932891,10.67,244.69,149.72,0.6119,partially_compliant,94.97
INV557179,2024-04-13,2024 Q2,692,Importer,Large,392,Fine_Dine_Meat,Beer,31.527781,3.0,94.58,57.87,0.6119,partially_compliant,36.71
INV558284,2024-04-13,2024 Q2,679,Importer,Large,394,Fine_Dine_Meat,Wine,30.509802,10.67,325.54,168.92,0.5189,partially_compliant,156.62
INV558837,2024-04-13,2024 Q2,686,Importer,Small,395,Fine_Dine_Meat,Wine,37.187385,10.67,396.79,4.47,0.0113,non_compliant,392.31
INV559391,2024-04-13,2024 Q2,685,Importer,Small,396,Fine_Dine_Meat,Beer,66.039846,3.0,198.12,193.15,0.9749,compliant,4.97
INV559944,2024-04-13,2024 Q2,675,Importer,Small,397,Fine_Dine_Meat,Beer,24.948422,3.0,74.85,74.54,0.9959,compliant,0.31
INV561049,2024-04-13,2024 Q2,673,Importer,Medium,399,Fine_Dine_Meat,Wine,34.153197,10.67,364.41,349.99,0.9604,compliant,14.43
INV566026,2024-04-13,2024 Q2,681,Importer,Small,408,Fine_Dine_Meat,Wine,36.636907,10.67,390.92,0.0,0.0,non_compliant,390.92
INV567685,2024-04-13,2024 Q2,673,Importer,Medium,411,Fine_Dine_Meat,Wine,18.027002,10.67,192.35,184.73,0.9604,compliant,7.62
INV567686,2024-04-13,2024 Q2,673,Importer,Medium,411,Fine_Dine_Meat,Beer,27.040503,3.0,81.12,77.91,0.9604,compliant,3.21
INV568238,2024-04-13,2024 Q2,680,Importer,Medium,412,Fine_Dine_Meat,Wine,38.024267,10.67,405.72,393.43,0.9697,compliant,12.29
INV569344,2024-04-13,2024 Q2,689,Importer,Small,414,Fine_Dine_Meat,Wine,34.686706,10.67,370.11,365.29,0.987,compliant,4.82
INV570450,2024-04-13,2024 Q2,680,Importer,Medium,416,Fine_Dine_Meat,Wine,21.646559,10.67,230.97,223.97,0.9697,compliant,7.0
INV571556,2024-04-13,2024 Q2,675,Importer,Small,418,Fine_Dine_Meat,Wine,38.655861,10.67,412.46,410.77,0.9959,compliant,1.68
INV573768,2024-04-13,2024 Q2,673,Importer,Medium,422,Fine_Dine_Meat,Wine,21.740423,10.67,231.97,222.79,0.9604,compliant,9.18
INV576533,2024-04-13,2024 Q2,678,Importer,Medium,427,Fine_Dine_Meat,Wine,22.101573,10.67,235.82,128.08,0.5431,partially_compliant,107.75
INV577086,2024-04-13,2024 Q2,689,Importer,Small,428,Fine_Dine_Meat,Wine,15.313052,10.67,163.39,161.26,0.987,compliant,2.13
INV578192,2024-04-13,2024 Q2,685,Importer,Small,430,Fine_Dine_Meat,Wine,40.16325,10.67,428.54,417.79,0.9749,compliant,10.75
INV578745,2024-04-13,2024 Q2,692,Importer,Large,431,Fine_Dine_Meat,Wine,20.099252,10.67,214.46,131.22,0.6119,partially_compliant,83.23
INV579298,2024-04-13,2024 Q2,673,Importer,Medium,432,Fine_Dine_Meat,Wine,42.772652,10.67,456.38,438.32,0.9604,compliant,18.07
INV579852,2024-04-13,2024 Q2,679,Importer,Large,433,Fine_Dine_Meat,Beer,18.099793,3.0,54.3,28.18,0.5189,partially_compliant,26.12
INV580405,2024-04-13,2024 Q2,692,Importer,Large,434,Fine_Dine_Meat,Beer,27.806457,3.0,83.42,51.04,0.6119,partially_compliant,32.38
INV580958,2024-04-13,2024 Q2,687,Importer,Medium,435,Fine_Dine_Meat,Beer,39.384523,3.0,118.15,90.0,0.7617,partially_compliant,28.15
INV583722,2024-04-13,2024 Q2,679,Importer,Large,440,Fine_Dine_Meat,Wine,19.539711,10.67,208.49,108.18,0.5189,partially_compliant,100.31
INV583723,2024-04-13,2024 Q2,692,Importer,Large,440,Fine_Dine_Meat,Beer,29.309567,3.0,87.93,53.8,0.6119,partially_compliant,34.13
INV587593,2024-04-13,2024 Q2,686,Importer,Small,447,Fine_Dine_Vegetarian,Wine,26.828351,10.67,286.26,3.23,0.0113,non_compliant,283.03
INV588146,2024-04-13,2024 Q2,679,Importer,Large,448,Fine_Dine_Vegetarian,Wine,49.322897,10.67,526.28,273.08,0.5189,partially_compliant,253.19
INV588699,2024-04-13,2024 Q2,692,Importer,Large,449,Fine_Dine_Vegetarian,Wine,65.968696,10.67,703.89,430.7,0.6119,partially_compliant,273.19
INV589252,2024-04-13,2024 Q2,680,Importer,Medium,450,Fine_Dine_Vegetarian,Wine,71.549919,10.67,763.44,740.31,0.9697,compliant,23.12
INV590911,2024-04-13,2024 Q2,682,Importer,Small,453,Fine_Dine_Vegetarian,Wine,48.807442,10.67,520.78,375.38,0.7208,partially_compliant,145.39
INV592570,2024-04-13,2024 Q2,675,Importer,Small,456,Fine_Dine_Vegetarian,Wine,20.573991,10.67,219.52,218.63,0.9959,compliant,0.9
INV594229,2024-04-13,2024 Q2,673,Importer,Medium,459,Fine_Dine_Vegetarian,Wine,24.257325,10.67,258.83,248.58,0.9604,compliant,10.25
INV595888,2024-04-13,2024 Q2,673,Importer,Medium,462,Fine_Dine_Vegetarian,Wine,18.447316,10.67,196.83,189.04,0.9604,compliant,7.79
INV596441,2024-04-13,2024 Q2,690,Importer,Small,463,Fine_Dine_Vegetarian,Wine,42.773907,10.67,456.4,261.83,0.5737,partially_compliant,194.56
INV596994,2024-04-13,2024 Q2,677,Importer,Small,464,Fine_Dine_Vegetarian,Wine,24.131864,10.67,257.49,251.61,0.9772,compliant,5.87
INV599759,2024-04-13,2024 Q2,682,Importer,Small,469,Fine_Dine_Vegetarian,Wine,19.648853,10.67,209.65,151.12,0.7208,partially_compliant,58.53
INV601418,2024-04-13,2024 Q2,689,Importer,Small,472,Fine_Dine_Vegetarian,Wine,20.952506,10.67,223.56,220.65,0.987,compliant,2.91
INV603630,2024-04-13,2024 Q2,692,Importer,Large,476,Fine_Dine_Vegetarian,Wine,22.44692,10.67,239.51,146.55,0.6119,partially_compliant,92.96
INV605289,2024-04-13,2024 Q2,673,Importer,Medium,479,Fine_Dine_Vegetarian,Wine,11.373275,10.67,121.35,116.55,0.9604,compliant,4.8
INV607501,2024-04-13,2024 Q2,675,Importer,Small,483,Fine_Dine_Vegetarian,Wine,28.535772,10.67,304.48,303.23,0.9959,compliant,1.24
INV609160,2024-04-13,2024 Q2,692,Importer,Large,486,Fine_Dine_Vegetarian,Wine,38.081939,10.67,406.33,248.63,0.6119,partially_compliant,157.7
INV613584,2024-04-13,2024 Q2,686,Importer,Small,494,Fine_Dine_Vegetarian,Wine,13.540757,10.67,144.48,1.63,0.0113,non_compliant,142.85
INV616902,2024-04-13,2024 Q2,673,Importer,Medium,500,Fine_Dine_Vegetarian,Wine,26.032829,10.67,277.77,266.77,0.9604,compliant,11.0
INV402115,2024-04-20,2024 Q2,692,Importer,Large,203,Cafe,Coffee_Beans,26.149843,25.0,653.75,400.02,0.6119,partially_compliant,253.73
INV403853,2024-04-20,2024 Q2,680,Importer,Medium,205,Cafe,Coffee_Beans,5.517972,25.0,137.95,133.77,0.9697,compliant,4.18
INV405591,2024-04-20,2024 Q2,684,Importer,Medium,207,Cafe,Coffee_Beans,6.400588,25.0,160.01,155.35,0.9708,compliant,4.67
INV415150,2024-04-20,2024 Q2,677,Importer,Small,218,Cafe,Coffee_Beans,14.557318,25.0,363.93,355.63,0.9772,compliant,8.3
INV420364,2024-04-20,2024 Q2,686,Importer,Small,224,Cafe,Coffee_Beans,3.690257,25.0,92.26,1.04,0.0113,non_compliant,91.22
INV423840,2024-04-20,2024 Q2,677,Importer,Small,228,Cafe,Coffee_Beans,5.688438,25.0,142.21,138.97,0.9772,compliant,3.24
INV425578,2024-04-20,2024 Q2,682,Importer,Small,230,Cafe,Coffee_Beans,6.390666,25.0,159.77,115.16,0.7208,partially_compliant,44.61
INV426447,2024-04-20,2024 Q2,681,Importer,Small,231,Cafe,Coffee_Beans,6.208369,25.0,155.21,0.0,0.0,non_compliant,155.21
INV429054,2024-04-20,2024 Q2,673,Importer,Medium,234,Cafe,Coffee_Beans,5.805611,25.0,145.14,139.39,0.9604,compliant,5.75
INV429923,2024-04-20,2024 Q2,673,Importer,Medium,235,Cafe,Coffee_Beans,27.589726,25.0,689.74,662.44,0.9604,compliant,27.31
INV431661,2024-04-20,2024 Q2,683,Importer,Small,237,Cafe,Coffee_Beans,14.138266,25.0,353.46,250.34,0.7083,partially_compliant,103.12
INV437744,2024-04-20,2024 Q2,682,Importer,Small,244,Cafe,Coffee_Beans,7.074144,25.0,176.85,127.48,0.7208,partially_compliant,49.38
INV439482,2024-04-20,2024 Q2,688,Importer,Small,246,Cafe,Coffee_Beans,9.062805,25.0,226.57,220.16,0.9717,compliant,6.41
INV444696,2024-04-20,2024 Q2,675,Importer,Small,252,Cafe,Coffee_Beans,7.009101,25.0,175.23,174.51,0.9959,compliant,0.72
INV448172,2024-04-20,2024 Q2,678,Importer,Medium,256,Cafe,Coffee_Beans,11.08931,25.0,277.23,150.56,0.5431,partially_compliant,126.67
INV449041,2024-04-20,2024 Q2,680,Importer,Medium,257,Cafe,Coffee_Beans,27.965553,25.0,699.14,677.96,0.9697,compliant,21.18
INV454255,2024-04-20,2024 Q2,675,Importer,Small,263,Cafe,Coffee_Beans,5.123982,25.0,128.1,127.58,0.9959,compliant,0.52
INV459469,2024-04-20,2024 Q2,677,Importer,Small,269,Cafe,Coffee_Beans,5.078573,25.0,126.96,124.07,0.9772,compliant,2.9
INV463814,2024-04-20,2024 Q2,673,Importer,Medium,274,Cafe,Coffee_Beans,6.825343,25.0,170.63,163.88,0.9604,compliant,6.76
INV464683,2024-04-20,2024 Q2,689,Importer,Small,275,Cafe,Coffee_Beans,6.646939,25.0,166.17,164.01,0.987,compliant,2.16
INV465552,2024-04-20,2024 Q2,692,Importer,Large,276,Cafe,Coffee_Beans,6.286854,25.0,157.17,96.17,0.6119,partially_compliant,61.0
INV469897,2024-04-20,2024 Q2,689,Importer,Small,281,Cafe,Coffee_Beans,11.340023,25.0,283.5,279.81,0.987,compliant,3.69
INV475111,2024-04-20,2024 Q2,680,Importer,Medium,287,Cafe,Coffee_Beans,7.253858,25.0,181.35,175.85,0.9697,compliant,5.49
INV477718,2024-04-20,2024 Q2,675,Importer,Small,290,Cafe,Coffee_Beans,5.161518,25.0,129.04,128.51,0.9959,compliant,0.53
INV483801,2024-04-20,2024 Q2,689,Importer,Small,297,Cafe,Coffee_Beans,11.145817,25.0,278.65,275.02,0.987,compliant,3.63
INV484670,2024-04-20,2024 Q2,674,Importer,Small,298,Cafe,Coffee_Beans,5.946921,25.0,148.67,144.12,0.9694,compliant,4.55
INV489884,2024-04-20,2024 Q2,682,Importer,Small,304,Cafe,Coffee_Beans,5.218796,25.0,130.47,94.04,0.7208,partially_compliant,36.43
INV490753,2024-04-20,2024 Q2,682,Importer,Small,305,Cafe,Coffee_Beans,5.751646,25.0,143.79,103.65,0.7208,partially_compliant,40.14
INV495967,2024-04-20,2024 Q2,680,Importer,Medium,311,Cafe,Coffee_Beans,6.498688,25.0,162.47,157.55,0.9697,compliant,4.92
INV496836,2024-04-20,2024 Q2,689,Importer,Small,312,Cafe,Coffee_Beans,7.491124,25.0,187.28,184.84,0.987,compliant,2.44
INV497705,2024-04-20,2024 Q2,682,Importer,Small,313,Cafe,Coffee_Beans,7.162775,25.0,179.07,129.08,0.7208,partially_compliant,49.99
INV502050,2024-04-20,2024 Q2,688,Importer,Small,318,Cafe,Coffee_Beans,15.553105,25.0,388.83,377.83,0.9717,compliant,10.99
INV507264,2024-04-20,2024 Q2,692,Importer,Large,324,Cafe,Coffee_Beans,7.053871,25.0,176.35,107.9,0.6119,partially_compliant,68.44
INV515085,2024-04-20,2024 Q2,678,Importer,Medium,333,Cafe,Coffee_Beans,5.898221,25.0,147.46,80.08,0.5431,partially_compliant,67.37
INV517692,2024-04-20,2024 Q2,690,Importer,Small,336,Cafe,Coffee_Beans,7.435008,25.0,185.88,106.64,0.5737,partially_compliant,79.24
INV522037,2024-04-20,2024 Q2,690,Importer,Small,341,Cafe,Coffee_Beans,7.454918,25.0,186.37,106.92,0.5737,partially_compliant,79.45
INV522906,2024-04-20,2024 Q2,686,Importer,Small,342,Cafe,Coffee_Beans,4.721208,25.0,118.03,1.33,0.0113,non_compliant,116.7
INV523775,2024-04-20,2024 Q2,690,Importer,Small,343,Cafe,Coffee_Beans,11.815632,25.0,295.39,169.46,0.5737,partially_compliant,125.93
INV532465,2024-04-20,2024 Q2,686,Importer,Small,353,Cafe,Coffee_Beans,13.142751,25.0,328.57,3.71,0.0113,non_compliant,324.86
INV534203,2024-04-20,2024 Q2,678,Importer,Medium,355,Cafe,Coffee_Beans,18.916726,25.0,472.92,256.84,0.5431,partially_compliant,216.08
INV536810,2024-04-20,2024 Q2,679,Importer,Large,358,Cafe,Coffee_Beans,6.682469,25.0,167.06,86.69,0.5189,partially_compliant,80.37
INV542255,2024-04-20,2024 Q2,673,Importer,Medium,365,Fine_Dine_Meat,Beer,33.14822,3.0,99.44,95.51,0.9604,compliant,3.94
INV544466,2024-04-20,2024 Q2,692,Importer,Large,369,Fine_Dine_Meat,Wine,18.150473,10.67,193.67,118.5,0.6119,partially_compliant,75.16
INV547231,2024-04-20,2024 Q2,675,Importer,Small,374,Fine_Dine_Meat,Wine,22.059344,10.67,235.37,234.41,0.9959,compliant,0.96
INV547232,2024-04-20,2024 Q2,683,Importer,Small,374,Fine_Dine_Meat,Beer,33.089017,3.0,99.27,70.31,0.7083,partially_compliant,28.96
INV549444,2024-04-20,2024 Q2,679,Importer,Large,378,Fine_Dine_Meat,Beer,25.227622,3.0,75.68,39.27,0.5189,partially_compliant,36.41
INV549996,2024-04-20,2024 Q2,686,Importer,Small,379,Fine_Dine_Meat,Wine,43.884177,10.67,468.24,5.28,0.0113,non_compliant,462.96
INV551655,2024-04-20,2024 Q2,677,Importer,Small,382,Fine_Dine_Meat,Wine,13.275133,10.67,141.65,138.41,0.9772,compliant,3.23
INV552761,2024-04-20,2024 Q2,682,Importer,Small,384,Fine_Dine_Meat,Wine,18.554972,10.67,197.98,142.71,0.7208,partially_compliant,55.27
INV552762,2024-04-20,2024 Q2,680,Importer,Medium,384,Fine_Dine_Meat,Beer,27.832457,3.0,83.5,80.97,0.9697,compliant,2.53
INV554973,2024-04-20,2024 Q2,686,Importer,Small,388,Fine_Dine_Meat,Wine,16.908186,10.67,180.41,2.03,0.0113,non_compliant,178.38
INV554974,2024-04-20,2024 Q2,680,Importer,Medium,388,Fine_Dine_Meat,Beer,25.362278,3.0,76.09,73.78,0.9697,compliant,2.3
INV555526,2024-04-20,2024 Q2,680,Importer,Medium,389,Fine_Dine_Meat,Wine,21.754987,10.67,232.13,225.09,0.9697,compliant,7.03
INV556632,2024-04-20,2024 Q2,692,Importer,Large,391,Fine_Dine_Meat,Wine,24.255329,10.67,258.8,158.36,0.6119,partially_compliant,100.45
INV557186,2024-04-20,2024 Q2,692,Importer,Large,392,Fine_Dine_Meat,Beer,34.825131,3.0,104.48,63.93,0.6119,partially_compliant,40.55
INV558291,2024-04-20,2024 Q2,679,Importer,Large,394,Fine_Dine_Meat,Wine,32.269167,10.67,344.31,178.66,0.5189,partially_compliant,165.65
INV558844,2024-04-20,2024 Q2,686,Importer,Small,395,Fine_Dine_Meat,Wine,39.331817,10.67,419.67,4.73,0.0113,non_compliant,414.94
INV559398,2024-04-20,2024 Q2,685,Importer,Small,396,Fine_Dine_Meat,Beer,69.848071,3.0,209.54,204.29,0.9749,compliant,5.26
INV559951,2024-04-20,2024 Q2,675,Importer,Small,397,Fine_Dine_Meat,Beer,25.574109,3.0,76.72,76.41,0.9959,compliant,0.31
INV561056,2024-04-20,2024 Q2,673,Importer,Medium,399,Fine_Dine_Meat,Wine,36.12266,10.67,385.43,370.17,0.9604,compliant,15.26
INV566033,2024-04-20,2024 Q2,681,Importer,Small,408,Fine_Dine_Meat,Wine,38.749595,10.67,413.46,0.0,0.0,non_compliant,413.46
INV567692,2024-04-20,2024 Q2,673,Importer,Medium,411,Fine_Dine_Meat,Wine,19.066539,10.67,203.44,195.39,0.9604,compliant,8.05
INV567693,2024-04-20,2024 Q2,673,Importer,Medium,411,Fine_Dine_Meat,Beer,28.599808,3.0,85.8,82.4,0.9604,compliant,3.4
INV568245,2024-04-20,2024 Q2,680,Importer,Medium,412,Fine_Dine_Meat,Wine,40.216958,10.67,429.11,416.12,0.9697,compliant,13.0
INV569351,2024-04-20,2024 Q2,689,Importer,Small,414,Fine_Dine_Meat,Wine,37.263178,10.67,397.6,392.42,0.987,compliant,5.18
INV570457,2024-04-20,2024 Q2,680,Importer,Medium,416,Fine_Dine_Meat,Wine,22.89482,10.67,244.29,236.89,0.9697,compliant,7.4
INV571563,2024-04-20,2024 Q2,675,Importer,Small,418,Fine_Dine_Meat,Wine,40.884973,10.67,436.24,434.46,0.9959,compliant,1.78
INV573775,2024-04-20,2024 Q2,673,Importer,Medium,422,Fine_Dine_Meat,Wine,22.994097,10.67,245.35,235.63,0.9604,compliant,9.71
INV576540,2024-04-20,2024 Q2,678,Importer,Medium,427,Fine_Dine_Meat,Wine,23.376073,10.67,249.42,135.46,0.5431,partially_compliant,113.96
INV577093,2024-04-20,2024 Q2,689,Importer,Small,428,Fine_Dine_Meat,Wine,16.196088,10.67,172.81,170.56,0.987,compliant,2.25
INV578199,2024-04-20,2024 Q2,685,Importer,Small,430,Fine_Dine_Meat,Wine,44.026789,10.67,469.77,457.98,0.9749,compliant,11.78
INV578752,2024-04-20,2024 Q2,692,Importer,Large,431,Fine_Dine_Meat,Wine,21.258287,10.67,226.83,138.79,0.6119,partially_compliant,88.03
INV579305,2024-04-20,2024 Q2,673,Importer,Medium,432,Fine_Dine_Meat,Wine,45.239161,10.67,482.7,463.59,0.9604,compliant,19.11
INV579859,2024-04-20,2024 Q2,679,Importer,Large,433,Fine_Dine_Meat,Beer,17.946031,3.0,53.84,27.94,0.5189,partially_compliant,25.9
INV580412,2024-04-20,2024 Q2,692,Importer,Large,434,Fine_Dine_Meat,Beer,29.409932,3.0,88.23,53.99,0.6119,partially_compliant,34.24
INV580965,2024-04-20,2024 Q2,687,Importer,Medium,435,Fine_Dine_Meat,Beer,39.438189,3.0,118.31,90.12,0.7617,partially_compliant,28.19
INV583729,2024-04-20,2024 Q2,679,Importer,Large,440,Fine_Dine_Meat,Wine,20.666479,10.67,220.51,114.42,0.5189,partially_compliant,106.09
INV583730,2024-04-20,2024 Q2,692,Importer,Large,440,Fine_Dine_Meat,Beer,30.999719,3.0,93.0,56.9,0.6119,partially_compliant,36.09
INV587600,2024-04-20,2024 Q2,686,Importer,Small,447,Fine_Dine_Vegetarian,Wine,28.375423,10.67,302.77,3.41,0.0113,non_compliant,299.35
INV588153,2024-04-20,2024 Q2,679,Importer,Large,448,Fine_Dine_Vegetarian,Wine,52.16713,10.67,556.62,288.83,0.5189,partially_compliant,267.79
INV588706,2024-04-20,2024 Q2,692,Importer,Large,449,Fine_Dine_Vegetarian,Wine,75.656487,10.67,807.25,493.95,0.6119,partially_compliant,313.31
INV589259,2024-04-20,2024 Q2,680,Importer,Medium,450,Fine_Dine_Vegetarian,Wine,75.675886,10.67,807.46,783.0,0.9697,compliant,24.46
INV590918,2024-04-20,2024 Q2,682,Importer,Small,453,Fine_Dine_Vegetarian,Wine,51.62195,10.67,550.81,397.03,0.7208,partially_compliant,153.78
INV592577,2024-04-20,2024 Q2,675,Importer,Small,456,Fine_Dine_Vegetarian,Wine,21.760402,10.67,232.18,231.24,0.9959,compliant,0.95
INV594236,2024-04-20,2024 Q2,673,Importer,Medium,459,Fine_Dine_Vegetarian,Wine,25.656138,10.67,273.75,262.91,0.9604,compliant,10.84
INV595895,2024-04-20,2024 Q2,673,Importer,Medium,462,Fine_Dine_Vegetarian,Wine,19.51109,10.67,208.18,199.94,0.9604,compliant,8.24
INV596448,2024-04-20,2024 Q2,690,Importer,Small,463,Fine_Dine_Vegetarian,Wine,45.240488,10.67,482.72,276.93,0.5737,partially_compliant,205.78
INV597001,2024-04-20,2024 Q2,677,Importer,Small,464,Fine_Dine_Vegetarian,Wine,25.523442,10.67,272.34,266.12,0.9772,compliant,6.21
INV599766,2024-04-20,2024 Q2,682,Importer,Small,469,Fine_Dine_Vegetarian,Wine,19.821267,10.67,211.49,152.45,0.7208,partially_compliant,59.05
INV601425,2024-04-20,2024 Q2,689,Importer,Small,472,Fine_Dine_Vegetarian,Wine,22.160744,10.67,236.46,233.38,0.987,compliant,3.08
INV603637,2024-04-20,2024 Q2,692,Importer,Large,476,Fine_Dine_Vegetarian,Wine,23.741334,10.67,253.32,155.0,0.6119,partially_compliant,98.32
INV605296,2024-04-20,2024 Q2,673,Importer,Medium,479,Fine_Dine_Vegetarian,Wine,12.029121,10.67,128.35,123.27,0.9604,compliant,5.08
INV607508,2024-04-20,2024 Q2,675,Importer,Small,483,Fine_Dine_Vegetarian,Wine,33.366087,10.67,356.02,354.56,0.9959,compliant,1.45
INV609167,2024-04-20,2024 Q2,692,Importer,Large,486,Fine_Dine_Vegetarian,Wine,40.277956,10.67,429.77,262.97,0.6119,partially_compliant,166.8
INV613591,2024-04-20,2024 Q2,686,Importer,Small,494,Fine_Dine_Vegetarian,Wine,13.036325,10.67,139.1,1.57,0.0113,non_compliant,137.53
INV616909,2024-04-20,2024 Q2,673,Importer,Medium,500,Fine_Dine_Vegetarian,Wine,27.534027,10.67,293.79,282.16,0.9604,compliant,11.63
INV402126,2024-04-27,2024 Q2,692,Importer,Large,203,Cafe,Coffee_Beans,29.130976,25.0,728.27,445.62,0.6119,partially_compliant,282.65
INV403864,2024-04-27,2024 Q2,680,Importer,Medium,205,Cafe,Coffee_Beans,6.108166,25.0,152.7,148.08,0.9697,compliant,4.63
INV405602,2024-04-27,2024 Q2,684,Importer,Medium,207,Cafe,Coffee_Beans,7.13459,25.0,178.36,173.16,0.9708,compliant,5.2
INV415161,2024-04-27,2024 Q2,677,Importer,Small,218,Cafe,Coffee_Beans,16.259638,25.0,406.49,397.22,0.9772,compliant,9.27
INV420375,2024-04-27,2024 Q2,686,Importer,Small,224,Cafe,Coffee_Beans,4.107797,25.0,102.69,1.16,0.0113,non_compliant,101.54
INV423851,2024-04-27,2024 Q2,677,Importer,Small,228,Cafe,Coffee_Beans,6.406227,25.0,160.16,156.5,0.9772,compliant,3.65
INV425589,2024-04-27,2024 Q2,682,Importer,Small,230,Cafe,Coffee_Beans,7.196281,25.0,179.91,129.68,0.7208,partially_compliant,50.23
INV426458,2024-04-27,2024 Q2,681,Importer,Small,231,Cafe,Coffee_Beans,6.938669,25.0,173.47,0.0,0.0,non_compliant,173.47
INV429065,2024-04-27,2024 Q2,673,Importer,Medium,234,Cafe,Coffee_Beans,6.473825,25.0,161.85,155.44,0.9604,compliant,6.41
INV429934,2024-04-27,2024 Q2,673,Importer,Medium,235,Cafe,Coffee_Beans,30.75618,25.0,768.9,738.46,0.9604,compliant,30.44
INV431672,2024-04-27,2024 Q2,683,Importer,Small,237,Cafe,Coffee_Beans,15.902142,25.0,397.55,281.57,0.7083,partially_compliant,115.98
INV437755,2024-04-27,2024 Q2,682,Importer,Small,244,Cafe,Coffee_Beans,7.908126,25.0,197.7,142.51,0.7208,partially_compliant,55.2
INV439493,2024-04-27,2024 Q2,688,Importer,Small,246,Cafe,Coffee_Beans,10.75273,25.0,268.82,261.22,0.9717,compliant,7.6
INV444707,2024-04-27,2024 Q2,675,Importer,Small,252,Cafe,Coffee_Beans,7.834664,25.0,195.87,195.07,0.9959,compliant,0.8
INV448183,2024-04-27,2024 Q2,678,Importer,Medium,256,Cafe,Coffee_Beans,12.27103,25.0,306.78,166.61,0.5431,partially_compliant,140.17
INV449052,2024-04-27,2024 Q2,680,Importer,Medium,257,Cafe,Coffee_Beans,31.025317,25.0,775.63,752.14,0.9697,compliant,23.49
INV454266,2024-04-27,2024 Q2,675,Importer,Small,263,Cafe,Coffee_Beans,5.777719,25.0,144.44,143.85,0.9959,compliant,0.59
INV459480,2024-04-27,2024 Q2,677,Importer,Small,269,Cafe,Coffee_Beans,5.709318,25.0,142.73,139.48,0.9772,compliant,3.26
INV463825,2024-04-27,2024 Q2,673,Importer,Medium,274,Cafe,Coffee_Beans,7.585367,25.0,189.63,182.13,0.9604,compliant,7.51
INV464694,2024-04-27,2024 Q2,689,Importer,Small,275,Cafe,Coffee_Beans,7.470813,25.0,186.77,184.34,0.987,compliant,2.43
INV465563,2024-04-27,2024 Q2,692,Importer,Large,276,Cafe,Coffee_Beans,7.014028,25.0,175.35,107.29,0.6119,partially_compliant,68.06
INV469908,2024-04-27,2024 Q2,689,Importer,Small,281,Cafe,Coffee_Beans,12.702818,25.0,317.57,313.44,0.987,compliant,4.13
INV475122,2024-04-27,2024 Q2,680,Importer,Medium,287,Cafe,Coffee_Beans,8.630523,25.0,215.76,209.23,0.9697,compliant,6.54
INV477729,2024-04-27,2024 Q2,675,Importer,Small,290,Cafe,Coffee_Beans,5.823569,25.0,145.59,144.99,0.9959,compliant,0.59
INV483812,2024-04-27,2024 Q2,689,Importer,Small,297,Cafe,Coffee_Beans,12.597925,25.0,314.95,310.85,0.987,compliant,4.1
INV484681,2024-04-27,2024 Q2,674,Importer,Small,298,Cafe,Coffee_Beans,6.476256,25.0,161.91,156.95,0.9694,compliant,4.96
INV489895,2024-04-27,2024 Q2,682,Importer,Small,304,Cafe,Coffee_Beans,5.880446,25.0,147.01,105.97,0.7208,partially_compliant,41.04
INV490764,2024-04-27,2024 Q2,682,Importer,Small,305,Cafe,Coffee_Beans,6.501248,25.0,162.53,117.15,0.7208,partially_compliant,45.38
INV495978,2024-04-27,2024 Q2,680,Importer,Medium,311,Cafe,Coffee_Beans,7.3031,25.0,182.58,177.05,0.9697,compliant,5.53
INV496847,2024-04-27,2024 Q2,689,Importer,Small,312,Cafe,Coffee_Beans,8.306092,25.0,207.65,204.95,0.987,compliant,2.7
INV497716,2024-04-27,2024 Q2,682,Importer,Small,313,Cafe,Coffee_Beans,8.19564,25.0,204.89,147.69,0.7208,partially_compliant,57.2
INV502061,2024-04-27,2024 Q2,688,Importer,Small,318,Cafe,Coffee_Beans,16.385812,25.0,409.65,398.06,0.9717,compliant,11.58
INV507275,2024-04-27,2024 Q2,692,Importer,Large,324,Cafe,Coffee_Beans,7.825886,25.0,195.65,119.71,0.6119,partially_compliant,75.93
INV515096,2024-04-27,2024 Q2,678,Importer,Medium,333,Cafe,Coffee_Beans,6.558534,25.0,163.96,89.05,0.5431,partially_compliant,74.92
INV517703,2024-04-27,2024 Q2,690,Importer,Small,336,Cafe,Coffee_Beans,8.433158,25.0,210.83,120.95,0.5737,partially_compliant,89.88
INV522048,2024-04-27,2024 Q2,690,Importer,Small,341,Cafe,Coffee_Beans,8.264591,25.0,206.61,118.53,0.5737,partially_compliant,88.08
INV522917,2024-04-27,2024 Q2,686,Importer,Small,342,Cafe,Coffee_Beans,5.225044,25.0,130.63,1.47,0.0113,non_compliant,129.15
INV523786,2024-04-27,2024 Q2,690,Importer,Small,343,Cafe,Coffee_Beans,13.429645,25.0,335.74,192.61,0.5737,partially_compliant,143.13
INV532476,2024-04-27,2024 Q2,686,Importer,Small,353,Cafe,Coffee_Beans,14.569754,25.0,364.24,4.11,0.0113,non_compliant,360.14
INV534214,2024-04-27,2024 Q2,678,Importer,Medium,355,Cafe,Coffee_Beans,21.109526,25.0,527.74,286.61,0.5431,partially_compliant,241.12
INV536821,2024-04-27,2024 Q2,679,Importer,Large,358,Cafe,Coffee_Beans,7.45319,25.0,186.33,96.69,0.5189,partially_compliant,89.64
INV542262,2024-04-27,2024 Q2,673,Importer,Medium,365,Fine_Dine_Meat,Beer,34.488578,3.0,103.47,99.37,0.9604,compliant,4.1
INV544473,2024-04-27,2024 Q2,692,Importer,Large,369,Fine_Dine_Meat,Wine,19.164941,10.67,204.49,125.12,0.6119,partially_compliant,79.37
INV547238,2024-04-27,2024 Q2,675,Importer,Small,374,Fine_Dine_Meat,Wine,23.185448,10.67,247.39,246.38,0.9959,compliant,1.01
INV547239,2024-04-27,2024 Q2,683,Importer,Small,374,Fine_Dine_Meat,Beer,34.778171,3.0,104.33,73.9,0.7083,partially_compliant,30.44
INV549451,2024-04-27,2024 Q2,679,Importer,Large,378,Fine_Dine_Meat,Beer,26.458043,3.0,79.37,41.19,0.5189,partially_compliant,38.19
INV550003,2024-04-27,2024 Q2,686,Importer,Small,379,Fine_Dine_Meat,Wine,46.068654,10.67,491.55,5.54,0.0113,non_compliant,486.01
INV551662,2024-04-27,2024 Q2,677,Importer,Small,382,Fine_Dine_Meat,Wine,12.807332,10.67,136.65,133.54,0.9772,compliant,3.12
INV552768,2024-04-27,2024 Q2,682,Importer,Small,384,Fine_Dine_Meat,Wine,19.381253,10.67,206.8,149.06,0.7208,partially_compliant,57.74
INV552769,2024-04-27,2024 Q2,680,Importer,Medium,384,Fine_Dine_Meat,Beer,29.07188,3.0,87.22,84.57,0.9697,compliant,2.64
INV554980,2024-04-27,2024 Q2,686,Importer,Small,388,Fine_Dine_Meat,Wine,18.072143,10.67,192.83,2.17,0.0113,non_compliant,190.66
INV554981,2024-04-27,2024 Q2,680,Importer,Medium,388,Fine_Dine_Meat,Beer,27.108214,3.0,81.32,78.86,0.9697,compliant,2.46
INV555533,2024-04-27,2024 Q2,680,Importer,Medium,389,Fine_Dine_Meat,Wine,22.64516,10.67,241.62,234.31,0.9697,compliant,7.32
INV556639,2024-04-27,2024 Q2,692,Importer,Large,391,Fine_Dine_Meat,Wine,25.45902,10.67,271.65,166.22,0.6119,partially_compliant,105.43
INV557193,2024-04-27,2024 Q2,692,Importer,Large,392,Fine_Dine_Meat,Beer,36.988077,3.0,110.96,67.9,0.6119,partially_compliant,43.07
INV558298,2024-04-27,2024 Q2,679,Importer,Large,394,Fine_Dine_Meat,Wine,33.514332,10.67,357.6,185.56,0.5189,partially_compliant,172.04
INV558851,2024-04-27,2024 Q2,686,Importer,Small,395,Fine_Dine_Meat,Wine,41.248961,10.67,440.13,4.96,0.0113,non_compliant,435.16
INV559405,2024-04-27,2024 Q2,685,Importer,Small,396,Fine_Dine_Meat,Beer,72.578322,3.0,217.73,212.27,0.9749,compliant,5.46
INV559958,2024-04-27,2024 Q2,675,Importer,Small,397,Fine_Dine_Meat,Beer,25.144742,3.0,75.43,75.13,0.9959,compliant,0.31
INV561063,2024-04-27,2024 Q2,673,Importer,Medium,399,Fine_Dine_Meat,Wine,37.894745,10.67,404.34,388.33,0.9604,compliant,16.01
INV566040,2024-04-27,2024 Q2,681,Importer,Small,408,Fine_Dine_Meat,Wine,40.924038,10.67,436.66,0.0,0.0,non_compliant,436.66
INV567699,2024-04-27,2024 Q2,673,Importer,Medium,411,Fine_Dine_Meat,Wine,19.805638,10.67,211.33,202.96,0.9604,compliant,8.37
INV567700,2024-04-27,2024 Q2,673,Importer,Medium,411,Fine_Dine_Meat,Beer,29.708456,3.0,89.13,85.6,0.9604,compliant,3.53
INV568252,2024-04-27,2024 Q2,680,Importer,Medium,412,Fine_Dine_Meat,Wine,42.092393,10.67,449.13,435.52,0.9697,compliant,13.6
INV569358,2024-04-27,2024 Q2,689,Importer,Small,414,Fine_Dine_Meat,Wine,39.187948,10.67,418.14,412.69,0.987,compliant,5.44
INV570464,2024-04-27,2024 Q2,680,Importer,Medium,416,Fine_Dine_Meat,Wine,23.965772,10.67,255.71,247.97,0.9697,compliant,7.75
INV571570,2024-04-27,2024 Q2,675,Importer,Small,418,Fine_Dine_Meat,Wine,42.848196,10.67,457.19,455.32,0.9959,compliant,1.87
INV573782,2024-04-27,2024 Q2,673,Importer,Medium,422,Fine_Dine_Meat,Wine,24.111263,10.67,257.27,247.08,0.9604,compliant,10.19
INV576547,2024-04-27,2024 Q2,678,Importer,Medium,427,Fine_Dine_Meat,Wine,23.866122,10.67,254.65,138.3,0.5431,partially_compliant,116.35
INV577100,2024-04-27,2024 Q2,689,Importer,Small,428,Fine_Dine_Meat,Wine,17.084912,10.67,182.3,179.92,0.987,compliant,2.37
INV578206,2024-04-27,2024 Q2,685,Importer,Small,430,Fine_Dine_Meat,Wine,47.117578,10.67,502.74,490.13,0.9749,compliant,12.61
INV578759,2024-04-27,2024 Q2,692,Importer,Large,431,Fine_Dine_Meat,Wine,22.120465,10.67,236.03,144.42,0.6119,partially_compliant,91.61
INV579312,2024-04-27,2024 Q2,673,Importer,Medium,432,Fine_Dine_Meat,Wine,46.314205,10.67,494.17,474.61,0.9604,compliant,19.56
INV579866,2024-04-27,2024 Q2,679,Importer,Large,433,Fine_Dine_Meat,Beer,17.613408,3.0,52.84,27.42,0.5189,partially_compliant,25.42
INV580419,2024-04-27,2024 Q2,692,Importer,Large,434,Fine_Dine_Meat,Beer,29.695952,3.0,89.09,54.51,0.6119,partially_compliant,34.58
INV580972,2024-04-27,2024 Q2,687,Importer,Medium,435,Fine_Dine_Meat,Beer,40.790061,3.0,122.37,93.21,0.7617,partially_compliant,29.16
INV583736,2024-04-27,2024 Q2,679,Importer,Large,440,Fine_Dine_Meat,Wine,21.647154,10.67,230.98,119.85,0.5189,partially_compliant,111.12
INV583737,2024-04-27,2024 Q2,692,Importer,Large,440,Fine_Dine_Meat,Beer,32.470731,3.0,97.41,59.6,0.6119,partially_compliant,37.81
INV587607,2024-04-27,2024 Q2,686,Importer,Small,447,Fine_Dine_Vegetarian,Wine,29.909925,10.67,319.14,3.6,0.0113,non_compliant,315.54
INV588160,2024-04-27,2024 Q2,679,Importer,Large,448,Fine_Dine_Vegetarian,Wine,55.068417,10.67,587.58,304.89,0.5189,partially_compliant,282.69
INV588713,2024-04-27,2024 Q2,692,Importer,Large,449,Fine_Dine_Vegetarian,Wine,83.05507,10.67,886.2,542.25,0.6119,partially_compliant,343.95
INV589266,2024-04-27,2024 Q2,680,Importer,Medium,450,Fine_Dine_Vegetarian,Wine,79.544468,10.67,848.74,823.03,0.9697,compliant,25.71
INV590925,2024-04-27,2024 Q2,682,Importer,Small,453,Fine_Dine_Vegetarian,Wine,54.046261,10.67,576.67,415.67,0.7208,partially_compliant,161.0
INV592584,2024-04-27,2024 Q2,675,Importer,Small,456,Fine_Dine_Vegetarian,Wine,22.930599,10.67,244.67,243.67,0.9959,compliant,1.0
INV594243,2024-04-27,2024 Q2,673,Importer,Medium,459,Fine_Dine_Vegetarian,Wine,26.608377,10.67,283.91,272.67,0.9604,compliant,11.24
INV595902,2024-04-27,2024 Q2,673,Importer,Medium,462,Fine_Dine_Vegetarian,Wine,20.562457,10.67,219.4,210.72,0.9604,compliant,8.69
INV596455,2024-04-27,2024 Q2,690,Importer,Small,463,Fine_Dine_Vegetarian,Wine,47.699497,10.67,508.95,291.98,0.5737,partially_compliant,216.97
INV597008,2024-04-27,2024 Q2,677,Importer,Small,464,Fine_Dine_Vegetarian,Wine,26.744128,10.67,285.36,278.85,0.9772,compliant,6.51
INV599773,2024-04-27,2024 Q2,682,Importer,Small,469,Fine_Dine_Vegetarian,Wine,20.130707,10.67,214.79,154.83,0.7208,partially_compliant,59.97
INV601432,2024-04-27,2024 Q2,689,Importer,Small,472,Fine_Dine_Vegetarian,Wine,23.110641,10.67,246.59,243.38,0.987,compliant,3.21
INV603644,2024-04-27,2024 Q2,692,Importer,Large,476,Fine_Dine_Vegetarian,Wine,24.948271,10.67,266.2,162.88,0.6119,partially_compliant,103.32
INV605303,2024-04-27,2024 Q2,673,Importer,Medium,479,Fine_Dine_Vegetarian,Wine,12.573211,10.67,134.16,128.84,0.9604,compliant,5.31
INV607515,2024-04-27,2024 Q2,675,Importer,Small,483,Fine_Dine_Vegetarian,Wine,37.842228,10.67,403.78,402.13,0.9959,compliant,1.65
INV609174,2024-04-27,2024 Q2,692,Importer,Large,486,Fine_Dine_Vegetarian,Wine,42.18022,10.67,450.06,275.39,0.6119,partially_compliant,174.68
INV613598,2024-04-27,2024 Q2,686,Importer,Small,494,Fine_Dine_Vegetarian,Wine,13.625971,10.67,145.39,1.64,0.0113,non_compliant,143.75
INV616916,2024-04-27,2024 Q2,673,Importer,Medium,500,Fine_Dine_Vegetarian,Wine,28.909173,10.67,308.46,296.25,0.9604,compliant,12.21
INV402137,2024-05-04,2024 Q2,692,Importer,Large,203,Cafe,Coffee_Beans,28.989986,25.0,724.75,443.46,0.6119,partially_compliant,281.29
INV403875,2024-05-04,2024 Q2,680,Importer,Medium,205,Cafe,Coffee_Beans,6.027444,25.0,150.69,146.12,0.9697,compliant,4.56
INV405613,2024-05-04,2024 Q2,684,Importer,Medium,207,Cafe,Coffee_Beans,7.105749,25.0,177.64,172.46,0.9708,compliant,5.18
INV415172,2024-05-04,2024 Q2,677,Importer,Small,218,Cafe,Coffee_Beans,16.237226,25.0,405.93,396.67,0.9772,compliant,9.26
INV420386,2024-05-04,2024 Q2,686,Importer,Small,224,Cafe,Coffee_Beans,4.083761,25.0,102.09,1.15,0.0113,non_compliant,100.94
INV423862,2024-05-04,2024 Q2,677,Importer,Small,228,Cafe,Coffee_Beans,6.466436,25.0,161.66,157.97,0.9772,compliant,3.69
INV425600,2024-05-04,2024 Q2,682,Importer,Small,230,Cafe,Coffee_Beans,7.262894,25.0,181.57,130.88,0.7208,partially_compliant,50.69
INV426469,2024-05-04,2024 Q2,681,Importer,Small,231,Cafe,Coffee_Beans,6.934748,25.0,173.37,0.0,0.0,non_compliant,173.37
INV429076,2024-05-04,2024 Q2,673,Importer,Medium,234,Cafe,Coffee_Beans,6.450868,25.0,161.27,154.89,0.9604,compliant,6.38
INV429945,2024-05-04,2024 Q2,673,Importer,Medium,235,Cafe,Coffee_Beans,30.63519,25.0,765.88,735.56,0.9604,compliant,30.32
INV431683,2024-05-04,2024 Q2,683,Importer,Small,237,Cafe,Coffee_Beans,16.025369,25.0,400.63,283.75,0.7083,partially_compliant,116.88
INV437766,2024-05-04,2024 Q2,682,Importer,Small,244,Cafe,Coffee_Beans,7.906069,25.0,197.65,142.47,0.7208,partially_compliant,55.18
INV439504,2024-05-04,2024 Q2,688,Importer,Small,246,Cafe,Coffee_Beans,11.134082,25.0,278.35,270.48,0.9717,compliant,7.87
INV444718,2024-05-04,2024 Q2,675,Importer,Small,252,Cafe,Coffee_Beans,7.831643,25.0,195.79,194.99,0.9959,compliant,0.8
INV448194,2024-05-04,2024 Q2,678,Importer,Medium,256,Cafe,Coffee_Beans,12.103067,25.0,302.58,164.33,0.5431,partially_compliant,138.25
INV449063,2024-05-04,2024 Q2,680,Importer,Medium,257,Cafe,Coffee_Beans,30.706192,25.0,767.65,744.4,0.9697,compliant,23.25
INV454277,2024-05-04,2024 Q2,675,Importer,Small,263,Cafe,Coffee_Beans,5.841361,25.0,146.03,145.44,0.9959,compliant,0.6
INV459491,2024-05-04,2024 Q2,677,Importer,Small,269,Cafe,Coffee_Beans,5.749841,25.0,143.75,140.47,0.9772,compliant,3.28
INV463836,2024-05-04,2024 Q2,673,Importer,Medium,274,Cafe,Coffee_Beans,7.524859,25.0,188.12,180.67,0.9604,compliant,7.45
INV464705,2024-05-04,2024 Q2,689,Importer,Small,275,Cafe,Coffee_Beans,7.521677,25.0,188.04,185.59,0.987,compliant,2.45
INV465574,2024-05-04,2024 Q2,692,Importer,Large,276,Cafe,Coffee_Beans,6.993848,25.0,174.85,106.99,0.6119,partially_compliant,67.86
INV469919,2024-05-04,2024 Q2,689,Importer,Small,281,Cafe,Coffee_Beans,12.733492,25.0,318.34,314.19,0.987,compliant,4.14
INV475133,2024-05-04,2024 Q2,680,Importer,Medium,287,Cafe,Coffee_Beans,10.277742,25.0,256.94,249.16,0.9697,compliant,7.78
INV477740,2024-05-04,2024 Q2,675,Importer,Small,290,Cafe,Coffee_Beans,5.892301,25.0,147.31,146.71,0.9959,compliant,0.6
INV483823,2024-05-04,2024 Q2,689,Importer,Small,297,Cafe,Coffee_Beans,13.049251,25.0,326.23,321.98,0.987,compliant,4.25
INV484692,2024-05-04,2024 Q2,674,Importer,Small,298,Cafe,Coffee_Beans,6.249274,25.0,156.23,151.45,0.9694,compliant,4.79
INV489906,2024-05-04,2024 Q2,682,Importer,Small,304,Cafe,Coffee_Beans,5.939779,25.0,148.49,107.04,0.7208,partially_compliant,41.46
INV490775,2024-05-04,2024 Q2,682,Importer,Small,305,Cafe,Coffee_Beans,6.316357,25.0,157.91,113.82,0.7208,partially_compliant,44.09
INV495989,2024-05-04,2024 Q2,680,Importer,Medium,311,Cafe,Coffee_Beans,7.351404,25.0,183.79,178.22,0.9697,compliant,5.57
INV496858,2024-05-04,2024 Q2,689,Importer,Small,312,Cafe,Coffee_Beans,8.21451,25.0,205.36,202.69,0.987,compliant,2.67
INV497727,2024-05-04,2024 Q2,682,Importer,Small,313,Cafe,Coffee_Beans,8.303814,25.0,207.6,149.64,0.7208,partially_compliant,57.96
INV502072,2024-05-04,2024 Q2,688,Importer,Small,318,Cafe,Coffee_Beans,18.701251,25.0,467.53,454.31,0.9717,compliant,13.22
INV507286,2024-05-04,2024 Q2,692,Importer,Large,324,Cafe,Coffee_Beans,7.745702,25.0,193.64,118.49,0.6119,partially_compliant,75.16
INV515107,2024-05-04,2024 Q2,678,Importer,Medium,333,Cafe,Coffee_Beans,6.51087,25.0,162.77,88.4,0.5431,partially_compliant,74.37
INV517714,2024-05-04,2024 Q2,690,Importer,Small,336,Cafe,Coffee_Beans,7.586302,25.0,189.66,108.81,0.5737,partially_compliant,80.85
INV522059,2024-05-04,2024 Q2,690,Importer,Small,341,Cafe,Coffee_Beans,8.171674,25.0,204.29,117.2,0.5737,partially_compliant,87.09
INV522928,2024-05-04,2024 Q2,686,Importer,Small,342,Cafe,Coffee_Beans,5.154485,25.0,128.86,1.45,0.0113,non_compliant,127.41
INV523797,2024-05-04,2024 Q2,690,Importer,Small,343,Cafe,Coffee_Beans,14.331983,25.0,358.3,205.55,0.5737,partially_compliant,152.74
INV532487,2024-05-04,2024 Q2,686,Importer,Small,353,Cafe,Coffee_Beans,14.40539,25.0,360.13,4.06,0.0113,non_compliant,356.07
INV534225,2024-05-04,2024 Q2,678,Importer,Medium,355,Cafe,Coffee_Beans,21.055083,25.0,526.38,285.87,0.5431,partially_compliant,240.5
INV536832,2024-05-04,2024 Q2,679,Importer,Large,358,Cafe,Coffee_Beans,7.428841,25.0,185.72,96.37,0.5189,partially_compliant,89.35
INV542269,2024-05-04,2024 Q2,673,Importer,Medium,365,Fine_Dine_Meat,Beer,32.958888,3.0,98.88,94.96,0.9604,compliant,3.91
INV544480,2024-05-04,2024 Q2,692,Importer,Large,369,Fine_Dine_Meat,Wine,18.662833,10.67,199.13,121.85,0.6119,partially_compliant,77.29
INV547245,2024-05-04,2024 Q2,675,Importer,Small,374,Fine_Dine_Meat,Wine,22.447446,10.67,239.51,238.54,0.9959,compliant,0.98
INV547246,2024-05-04,2024 Q2,683,Importer,Small,374,Fine_Dine_Meat,Beer,33.671168,3.0,101.01,71.54,0.7083,partially_compliant,29.47
INV549458,2024-05-04,2024 Q2,679,Importer,Large,378,Fine_Dine_Meat,Beer,25.545383,3.0,76.64,39.77,0.5189,partially_compliant,36.87
INV550010,2024-05-04,2024 Q2,686,Importer,Small,379,Fine_Dine_Meat,Wine,44.533821,10.67,475.18,5.36,0.0113,non_compliant,469.82
INV551669,2024-05-04,2024 Q2,677,Importer,Small,382,Fine_Dine_Meat,Wine,10.768639,10.67,114.9,112.28,0.9772,compliant,2.62
INV552775,2024-05-04,2024 Q2,682,Importer,Small,384,Fine_Dine_Meat,Wine,18.615885,10.67,198.63,143.18,0.7208,partially_compliant,55.46
INV552776,2024-05-04,2024 Q2,680,Importer,Medium,384,Fine_Dine_Meat,Beer,27.923827,3.0,83.77,81.23,0.9697,compliant,2.54
INV554987,2024-05-04,2024 Q2,686,Importer,Small,388,Fine_Dine_Meat,Wine,18.29166,10.67,195.17,2.2,0.0113,non_compliant,192.97
INV554988,2024-05-04,2024 Q2,680,Importer,Medium,388,Fine_Dine_Meat,Beer,27.437491,3.0,82.31,79.82,0.9697,compliant,2.49
INV555540,2024-05-04,2024 Q2,680,Importer,Medium,389,Fine_Dine_Meat,Wine,21.653793,10.67,231.05,224.05,0.9697,compliant,7.0
INV556646,2024-05-04,2024 Q2,692,Importer,Large,391,Fine_Dine_Meat,Wine,24.606277,10.67,262.55,160.65,0.6119,partially_compliant,101.9
INV557200,2024-05-04,2024 Q2,692,Importer,Large,392,Fine_Dine_Meat,Beer,32.992058,3.0,98.98,60.56,0.6119,partially_compliant,38.41
INV558305,2024-05-04,2024 Q2,679,Importer,Large,394,Fine_Dine_Meat,Wine,31.953879,10.67,340.95,176.92,0.5189,partially_compliant,164.03
INV558858,2024-05-04,2024 Q2,686,Importer,Small,395,Fine_Dine_Meat,Wine,39.824645,10.67,424.93,4.79,0.0113,non_compliant,420.14
INV559412,2024-05-04,2024 Q2,685,Importer,Small,396,Fine_Dine_Meat,Beer,69.242549,3.0,207.73,202.52,0.9749,compliant,5.21
INV559965,2024-05-04,2024 Q2,675,Importer,Small,397,Fine_Dine_Meat,Beer,18.397532,3.0,55.19,54.97,0.9959,compliant,0.23
INV561070,2024-05-04,2024 Q2,673,Importer,Medium,399,Fine_Dine_Meat,Wine,36.600231,10.67,390.52,375.06,0.9604,compliant,15.46
INV566047,2024-05-04,2024 Q2,681,Importer,Small,408,Fine_Dine_Meat,Wine,39.862421,10.67,425.33,0.0,0.0,non_compliant,425.33
INV567706,2024-05-04,2024 Q2,673,Importer,Medium,411,Fine_Dine_Meat,Wine,18.887673,10.67,201.53,193.55,0.9604,compliant,7.98
INV567707,2024-05-04,2024 Q2,673,Importer,Medium,411,Fine_Dine_Meat,Beer,28.33151,3.0,84.99,81.63,0.9604,compliant,3.37
INV568259,2024-05-04,2024 Q2,680,Importer,Medium,412,Fine_Dine_Meat,Wine,40.534557,10.67,432.5,419.4,0.9697,compliant,13.1
INV569365,2024-05-04,2024 Q2,689,Importer,Small,414,Fine_Dine_Meat,Wine,36.321567,10.67,387.55,382.51,0.987,compliant,5.04
INV570471,2024-05-04,2024 Q2,680,Importer,Medium,416,Fine_Dine_Meat,Wine,23.082867,10.67,246.29,238.83,0.9697,compliant,7.46
INV571577,2024-05-04,2024 Q2,675,Importer,Small,418,Fine_Dine_Meat,Wine,41.332208,10.67,441.01,439.21,0.9959,compliant,1.8
INV573789,2024-05-04,2024 Q2,673,Importer,Medium,422,Fine_Dine_Meat,Wine,23.274241,10.67,248.34,238.5,0.9604,compliant,9.83
INV576554,2024-05-04,2024 Q2,678,Importer,Medium,427,Fine_Dine_Meat,Wine,22.243093,10.67,237.33,128.9,0.5431,partially_compliant,108.44
INV577107,2024-05-04,2024 Q2,689,Importer,Small,428,Fine_Dine_Meat,Wine,16.617246,10.67,177.31,175.0,0.987,compliant,2.31
INV578213,2024-05-04,2024 Q2,685,Importer,Small,430,Fine_Dine_Meat,Wine,44.699072,10.67,476.94,464.98,0.9749,compliant,11.96
INV578766,2024-05-04,2024 Q2,692,Importer,Large,431,Fine_Dine_Meat,Wine,21.14256,10.67,225.59,138.04,0.6119,partially_compliant,87.56
INV579319,2024-05-04,2024 Q2,673,Importer,Medium,432,Fine_Dine_Meat,Wine,43.324661,10.67,462.27,443.97,0.9604,compliant,18.3
INV579873,2024-05-04,2024 Q2,679,Importer,Large,433,Fine_Dine_Meat,Beer,14.841317,3.0,44.52,23.1,0.5189,partially_compliant,21.42
INV580426,2024-05-04,2024 Q2,692,Importer,Large,434,Fine_Dine_Meat,Beer,27.258749,3.0,81.78,50.04,0.6119,partially_compliant,31.74
INV580979,2024-05-04,2024 Q2,687,Importer,Medium,435,Fine_Dine_Meat,Beer,45.490936,3.0,136.47,103.95,0.7617,partially_compliant,32.52
INV583743,2024-05-04,2024 Q2,679,Importer,Large,440,Fine_Dine_Meat,Wine,20.866873,10.67,222.65,115.53,0.5189,partially_compliant,107.12
INV583744,2024-05-04,2024 Q2,692,Importer,Large,440,Fine_Dine_Meat,Beer,31.300309,3.0,93.9,57.46,0.6119,partially_compliant,36.44
INV587614,2024-05-04,2024 Q2,686,Importer,Small,447,Fine_Dine_Vegetarian,Wine,29.063421,10.67,310.11,3.5,0.0113,non_compliant,306.61
INV588167,2024-05-04,2024 Q2,679,Importer,Large,448,Fine_Dine_Vegetarian,Wine,53.60801,10.67,572.0,296.81,0.5189,partially_compliant,275.19
INV588720,2024-05-04,2024 Q2,692,Importer,Large,449,Fine_Dine_Vegetarian,Wine,78.544265,10.67,838.07,512.8,0.6119,partially_compliant,325.27
INV589273,2024-05-04,2024 Q2,680,Importer,Medium,450,Fine_Dine_Vegetarian,Wine,77.019187,10.67,821.79,796.9,0.9697,compliant,24.89
INV590932,2024-05-04,2024 Q2,682,Importer,Small,453,Fine_Dine_Vegetarian,Wine,52.067003,10.67,555.55,400.45,0.7208,partially_compliant,155.1
INV592591,2024-05-04,2024 Q2,675,Importer,Small,456,Fine_Dine_Vegetarian,Wine,22.273575,10.67,237.66,236.69,0.9959,compliant,0.97
INV594250,2024-05-04,2024 Q2,673,Importer,Medium,459,Fine_Dine_Vegetarian,Wine,25.322572,10.67,270.19,259.49,0.9604,compliant,10.7
INV595909,2024-05-04,2024 Q2,673,Importer,Medium,462,Fine_Dine_Vegetarian,Wine,19.975894,10.67,213.14,204.7,0.9604,compliant,8.44
INV596462,2024-05-04,2024 Q2,690,Importer,Small,463,Fine_Dine_Vegetarian,Wine,46.364779,10.67,494.71,283.81,0.5737,partially_compliant,210.9
INV597015,2024-05-04,2024 Q2,677,Importer,Small,464,Fine_Dine_Vegetarian,Wine,25.791872,10.67,275.2,268.92,0.9772,compliant,6.28
INV599780,2024-05-04,2024 Q2,682,Importer,Small,469,Fine_Dine_Vegetarian,Wine,20.397069,10.67,217.64,156.87,0.7208,partially_compliant,60.76
INV601439,2024-05-04,2024 Q2,689,Importer,Small,472,Fine_Dine_Vegetarian,Wine,22.152349,10.67,236.37,233.29,0.987,compliant,3.08
INV603651,2024-05-04,2024 Q2,692,Importer,Large,476,Fine_Dine_Vegetarian,Wine,24.147982,10.67,257.66,157.66,0.6119,partially_compliant,100.0
INV605310,2024-05-04,2024 Q2,673,Importer,Medium,479,Fine_Dine_Vegetarian,Wine,12.087087,10.67,128.97,123.86,0.9604,compliant,5.11
INV607522,2024-05-04,2024 Q2,675,Importer,Small,483,Fine_Dine_Vegetarian,Wine,39.900099,10.67,425.73,424.0,0.9959,compliant,1.74
INV609181,2024-05-04,2024 Q2,692,Importer,Large,486,Fine_Dine_Vegetarian,Wine,40.648701,10.67,433.72,265.39,0.6119,partially_compliant,168.33
INV613605,2024-05-04,2024 Q2,686,Importer,Small,494,Fine_Dine_Vegetarian,Wine,13.099144,10.67,139.77,1.58,0.0113,non_compliant,138.19
INV616923,2024-05-04,2024 Q2,673,Importer,Medium,500,Fine_Dine_Vegetarian,Wine,27.951621,10.67,298.24,286.44,0.9604,compliant,11.81
INV402148,2024-05-11,2024 Q2,692,Importer,Large,203,Cafe,Coffee_Beans,27.935877,25.0,698.4,427.34,0.6119,partially_compliant,271.06
INV403886,2024-05-11,2024 Q2,680,Importer,Medium,205,Cafe,Coffee_Beans,5.80828,25.0,145.21,140.81,0.9697,compliant,4.4
INV405624,2024-05-11,2024 Q2,684,Importer,Medium,207,Cafe,Coffee_Beans,6.847376,25.0,171.18,166.19,0.9708,compliant,5.0
INV415183,2024-05-11,2024 Q2,677,Importer,Small,218,Cafe,Coffee_Beans,15.646822,25.0,391.17,382.25,0.9772,compliant,8.92
INV420397,2024-05-11,2024 Q2,686,Importer,Small,224,Cafe,Coffee_Beans,3.935271,25.0,98.38,1.11,0.0113,non_compliant,97.27
INV423873,2024-05-11,2024 Q2,677,Importer,Small,228,Cafe,Coffee_Beans,6.231309,25.0,155.78,152.23,0.9772,compliant,3.55
INV425611,2024-05-11,2024 Q2,682,Importer,Small,230,Cafe,Coffee_Beans,6.998807,25.0,174.97,126.12,0.7208,partially_compliant,48.85
INV426480,2024-05-11,2024 Q2,681,Importer,Small,231,Cafe,Coffee_Beans,6.682592,25.0,167.06,0.0,0.0,non_compliant,167.06
INV429087,2024-05-11,2024 Q2,673,Importer,Medium,234,Cafe,Coffee_Beans,6.216307,25.0,155.41,149.25,0.9604,compliant,6.15
INV429956,2024-05-11,2024 Q2,673,Importer,Medium,235,Cafe,Coffee_Beans,29.52126,25.0,738.03,708.81,0.9604,compliant,29.22
INV431694,2024-05-11,2024 Q2,683,Importer,Small,237,Cafe,Coffee_Beans,15.442668,25.0,386.07,273.44,0.7083,partially_compliant,112.63
INV437777,2024-05-11,2024 Q2,682,Importer,Small,244,Cafe,Coffee_Beans,7.618595,25.0,190.46,137.29,0.7208,partially_compliant,53.18
INV439515,2024-05-11,2024 Q2,688,Importer,Small,246,Cafe,Coffee_Beans,11.092182,25.0,277.3,269.46,0.9717,compliant,7.84
INV444729,2024-05-11,2024 Q2,675,Importer,Small,252,Cafe,Coffee_Beans,7.546876,25.0,188.67,187.9,0.9959,compliant,0.77
INV448205,2024-05-11,2024 Q2,678,Importer,Medium,256,Cafe,Coffee_Beans,11.662985,25.0,291.57,158.35,0.5431,partially_compliant,133.22
INV449074,2024-05-11,2024 Q2,680,Importer,Medium,257,Cafe,Coffee_Beans,29.58968,25.0,739.74,717.34,0.9697,compliant,22.41
INV454288,2024-05-11,2024 Q2,675,Importer,Small,263,Cafe,Coffee_Beans,5.628962,25.0,140.72,140.15,0.9959,compliant,0.57
INV459502,2024-05-11,2024 Q2,677,Importer,Small,269,Cafe,Coffee_Beans,5.54077,25.0,138.52,135.36,0.9772,compliant,3.16
INV463847,2024-05-11,2024 Q2,673,Importer,Medium,274,Cafe,Coffee_Beans,7.251247,25.0,181.28,174.1,0.9604,compliant,7.18
INV464716,2024-05-11,2024 Q2,689,Importer,Small,275,Cafe,Coffee_Beans,7.248181,25.0,181.2,178.85,0.987,compliant,2.36
INV465585,2024-05-11,2024 Q2,692,Importer,Large,276,Cafe,Coffee_Beans,6.739544,25.0,168.49,103.1,0.6119,partially_compliant,65.39
INV469930,2024-05-11,2024 Q2,689,Importer,Small,281,Cafe,Coffee_Beans,12.270488,25.0,306.76,302.77,0.987,compliant,3.99
INV475144,2024-05-11,2024 Q2,680,Importer,Medium,287,Cafe,Coffee_Beans,11.432357,25.0,285.81,277.15,0.9697,compliant,8.66
INV477751,2024-05-11,2024 Q2,675,Importer,Small,290,Cafe,Coffee_Beans,5.67805,25.0,141.95,141.37,0.9959,compliant,0.58
INV483834,2024-05-11,2024 Q2,689,Importer,Small,297,Cafe,Coffee_Beans,12.99484,25.0,324.87,320.64,0.987,compliant,4.23
INV484703,2024-05-11,2024 Q2,674,Importer,Small,298,Cafe,Coffee_Beans,6.022044,25.0,150.55,145.94,0.9694,compliant,4.61
INV489917,2024-05-11,2024 Q2,682,Importer,Small,304,Cafe,Coffee_Beans,5.723802,25.0,143.1,103.14,0.7208,partially_compliant,39.95
INV490786,2024-05-11,2024 Q2,682,Importer,Small,305,Cafe,Coffee_Beans,5.929293,25.0,148.23,106.85,0.7208,partially_compliant,41.38
INV496000,2024-05-11,2024 Q2,680,Importer,Medium,311,Cafe,Coffee_Beans,7.084098,25.0,177.1,171.74,0.9697,compliant,5.36
INV496869,2024-05-11,2024 Q2,689,Importer,Small,312,Cafe,Coffee_Beans,7.915821,25.0,197.9,195.32,0.987,compliant,2.58
INV497738,2024-05-11,2024 Q2,682,Importer,Small,313,Cafe,Coffee_Beans,8.125178,25.0,203.13,146.42,0.7208,partially_compliant,56.71
INV502083,2024-05-11,2024 Q2,688,Importer,Small,318,Cafe,Coffee_Beans,20.298365,25.0,507.46,493.11,0.9717,compliant,14.35
INV507297,2024-05-11,2024 Q2,692,Importer,Large,324,Cafe,Coffee_Beans,7.46406,25.0,186.6,114.18,0.6119,partially_compliant,72.42
INV515118,2024-05-11,2024 Q2,678,Importer,Medium,333,Cafe,Coffee_Beans,6.274128,25.0,156.85,85.19,0.5431,partially_compliant,71.67
INV517725,2024-05-11,2024 Q2,690,Importer,Small,336,Cafe,Coffee_Beans,6.581939,25.0,164.55,94.4,0.5737,partially_compliant,70.15
INV522070,2024-05-11,2024 Q2,690,Importer,Small,341,Cafe,Coffee_Beans,7.874543,25.0,196.86,112.94,0.5737,partially_compliant,83.92
INV522939,2024-05-11,2024 Q2,686,Importer,Small,342,Cafe,Coffee_Beans,4.967062,25.0,124.18,1.4,0.0113,non_compliant,122.78
INV523808,2024-05-11,2024 Q2,690,Importer,Small,343,Cafe,Coffee_Beans,14.645425,25.0,366.14,210.05,0.5737,partially_compliant,156.09
INV532498,2024-05-11,2024 Q2,686,Importer,Small,353,Cafe,Coffee_Beans,13.881593,25.0,347.04,3.91,0.0113,non_compliant,343.13
INV534236,2024-05-11,2024 Q2,678,Importer,Medium,355,Cafe,Coffee_Beans,20.289496,25.0,507.24,275.48,0.5431,partially_compliant,231.76
INV536843,2024-05-11,2024 Q2,679,Importer,Large,358,Cafe,Coffee_Beans,7.15872,25.0,178.97,92.87,0.5189,partially_compliant,86.1
INV542276,2024-05-11,2024 Q2,673,Importer,Medium,365,Fine_Dine_Meat,Beer,31.012476,3.0,93.04,89.35,0.9604,compliant,3.68
INV544487,2024-05-11,2024 Q2,692,Importer,Large,369,Fine_Dine_Meat,Wine,17.560685,10.67,187.37,114.65,0.6119,partially_compliant,72.72
INV547252,2024-05-11,2024 Q2,675,Importer,Small,374,Fine_Dine_Meat,Wine,21.121795,10.67,225.37,224.45,0.9959,compliant,0.92
INV547253,2024-05-11,2024 Q2,683,Importer,Small,374,Fine_Dine_Meat,Beer,31.682692,3.0,95.05,67.32,0.7083,partially_compliant,27.73
INV549465,2024-05-11,2024 Q2,679,Importer,Large,378,Fine_Dine_Meat,Beer,24.036781,3.0,72.11,37.42,0.5189,partially_compliant,34.69
INV550017,2024-05-11,2024 Q2,686,Importer,Small,379,Fine_Dine_Meat,Wine,41.903843,10.67,447.11,5.04,0.0113,non_compliant,442.07
INV551676,2024-05-11,2024 Q2,677,Importer,Small,382,Fine_Dine_Meat,Wine,10.039736,10.67,107.12,104.68,0.9772,compliant,2.44
INV552782,2024-05-11,2024 Q2,682,Importer,Small,384,Fine_Dine_Meat,Wine,17.51651,10.67,186.9,134.72,0.7208,partially_compliant,52.18
INV552783,2024-05-11,2024 Q2,680,Importer,Medium,384,Fine_Dine_Meat,Beer,26.274765,3.0,78.82,76.44,0.9697,compliant,2.39
INV554994,2024-05-11,2024 Q2,686,Importer,Small,388,Fine_Dine_Meat,Wine,18.020374,10.67,192.28,2.17,0.0113,non_compliant,190.11
INV554995,2024-05-11,2024 Q2,680,Importer,Medium,388,Fine_Dine_Meat,Beer,27.030561,3.0,81.09,78.64,0.9697,compliant,2.46
INV555547,2024-05-11,2024 Q2,680,Importer,Medium,389,Fine_Dine_Meat,Wine,20.375012,10.67,217.4,210.82,0.9697,compliant,6.58
INV556653,2024-05-11,2024 Q2,692,Importer,Large,391,Fine_Dine_Meat,Wine,23.153135,10.67,247.04,151.16,0.6119,partially_compliant,95.88
INV557207,2024-05-11,2024 Q2,692,Importer,Large,392,Fine_Dine_Meat,Beer,28.842183,3.0,86.53,52.94,0.6119,partially_compliant,33.58
INV558312,2024-05-11,2024 Q2,679,Importer,Large,394,Fine_Dine_Meat,Wine,30.066819,10.67,320.81,166.47,0.5189,partially_compliant,154.34
INV558865,2024-05-11,2024 Q2,686,Importer,Small,395,Fine_Dine_Meat,Wine,37.472771,10.67,399.83,4.51,0.0113,non_compliant,395.33
INV559419,2024-05-11,2024 Q2,685,Importer,Small,396,Fine_Dine_Meat,Beer,65.153378,3.0,195.46,190.56,0.9749,compliant,4.9
INV559972,2024-05-11,2024 Q2,675,Importer,Small,397,Fine_Dine_Meat,Beer,16.589504,3.0,49.77,49.57,0.9959,compliant,0.2
INV561077,2024-05-11,2024 Q2,673,Importer,Medium,399,Fine_Dine_Meat,Wine,34.438777,10.67,367.46,352.91,0.9604,compliant,14.55
INV566054,2024-05-11,2024 Q2,681,Importer,Small,408,Fine_Dine_Meat,Wine,37.508316,10.67,400.21,0.0,0.0,non_compliant,400.21
INV567713,2024-05-11,2024 Q2,673,Importer,Medium,411,Fine_Dine_Meat,Wine,17.772247,10.67,189.63,182.12,0.9604,compliant,7.51
INV567714,2024-05-11,2024 Q2,673,Importer,Medium,411,Fine_Dine_Meat,Beer,26.658371,3.0,79.98,76.81,0.9604,compliant,3.17
INV568266,2024-05-11,2024 Q2,680,Importer,Medium,412,Fine_Dine_Meat,Wine,38.140759,10.67,406.96,394.64,0.9697,compliant,12.33
INV569372,2024-05-11,2024 Q2,689,Importer,Small,414,Fine_Dine_Meat,Wine,32.863326,10.67,350.65,346.09,0.987,compliant,4.56
INV570478,2024-05-11,2024 Q2,680,Importer,Medium,416,Fine_Dine_Meat,Wine,21.719691,10.67,231.75,224.73,0.9697,compliant,7.02
INV571584,2024-05-11,2024 Q2,675,Importer,Small,418,Fine_Dine_Meat,Wine,38.891304,10.67,414.97,413.28,0.9959,compliant,1.69
INV573796,2024-05-11,2024 Q2,673,Importer,Medium,422,Fine_Dine_Meat,Wine,21.899763,10.67,233.67,224.42,0.9604,compliant,9.25
INV576561,2024-05-11,2024 Q2,678,Importer,Medium,427,Fine_Dine_Meat,Wine,20.92951,10.67,223.32,121.28,0.5431,partially_compliant,102.03
INV577114,2024-05-11,2024 Q2,689,Importer,Small,428,Fine_Dine_Meat,Wine,15.635902,10.67,166.84,164.66,0.987,compliant,2.17
INV578220,2024-05-11,2024 Q2,685,Importer,Small,430,Fine_Dine_Meat,Wine,41.368128,10.67,441.4,430.33,0.9749,compliant,11.07
INV578773,2024-05-11,2024 Q2,692,Importer,Large,431,Fine_Dine_Meat,Wine,19.893971,10.67,212.27,129.88,0.6119,partially_compliant,82.38
INV579326,2024-05-11,2024 Q2,673,Importer,Medium,432,Fine_Dine_Meat,Wine,40.766091,10.67,434.97,417.75,0.9604,compliant,17.22
INV579880,2024-05-11,2024 Q2,679,Importer,Large,433,Fine_Dine_Meat,Beer,13.419799,3.0,40.26,20.89,0.5189,partially_compliant,19.37
INV580433,2024-05-11,2024 Q2,692,Importer,Large,434,Fine_Dine_Meat,Beer,25.648963,3.0,76.95,47.08,0.6119,partially_compliant,29.86
INV580986,2024-05-11,2024 Q2,687,Importer,Medium,435,Fine_Dine_Meat,Beer,47.928756,3.0,143.79,109.53,0.7617,partially_compliant,34.26
INV583750,2024-05-11,2024 Q2,679,Importer,Large,440,Fine_Dine_Meat,Wine,19.634564,10.67,209.5,108.71,0.5189,partially_compliant,100.79
INV583751,2024-05-11,2024 Q2,692,Importer,Large,440,Fine_Dine_Meat,Beer,29.451846,3.0,88.36,54.06,0.6119,partially_compliant,34.29
INV587621,2024-05-11,2024 Q2,686,Importer,Small,447,Fine_Dine_Vegetarian,Wine,27.347059,10.67,291.79,3.29,0.0113,non_compliant,288.5
INV588174,2024-05-11,2024 Q2,679,Importer,Large,448,Fine_Dine_Vegetarian,Wine,50.442149,10.67,538.22,279.28,0.5189,partially_compliant,258.94
INV588727,2024-05-11,2024 Q2,692,Importer,Large,449,Fine_Dine_Vegetarian,Wine,72.365848,10.67,772.14,472.46,0.6119,partially_compliant,299.68
INV589280,2024-05-11,2024 Q2,680,Importer,Medium,450,Fine_Dine_Vegetarian,Wine,72.470761,10.67,773.26,749.84,0.9697,compliant,23.42
INV590939,2024-05-11,2024 Q2,682,Importer,Small,453,Fine_Dine_Vegetarian,Wine,48.992147,10.67,522.75,376.8,0.7208,partially_compliant,145.94
INV592598,2024-05-11,2024 Q2,675,Importer,Small,456,Fine_Dine_Vegetarian,Wine,20.958192,10.67,223.62,222.71,0.9959,compliant,0.91
INV594257,2024-05-11,2024 Q2,673,Importer,Medium,459,Fine_Dine_Vegetarian,Wine,23.827129,10.67,254.24,244.17,0.9604,compliant,10.07
INV595916,2024-05-11,2024 Q2,673,Importer,Medium,462,Fine_Dine_Vegetarian,Wine,18.796202,10.67,200.56,192.62,0.9604,compliant,7.94
INV596469,2024-05-11,2024 Q2,690,Importer,Small,463,Fine_Dine_Vegetarian,Wine,43.626672,10.67,465.5,267.05,0.5737,partially_compliant,198.44
INV597022,2024-05-11,2024 Q2,677,Importer,Small,464,Fine_Dine_Vegetarian,Wine,24.268714,10.67,258.95,253.04,0.9772,compliant,5.91
INV599787,2024-05-11,2024 Q2,682,Importer,Small,469,Fine_Dine_Vegetarian,Wine,20.261857,10.67,216.19,155.84,0.7208,partially_compliant,60.36
INV601446,2024-05-11,2024 Q2,689,Importer,Small,472,Fine_Dine_Vegetarian,Wine,20.844126,10.67,222.41,219.51,0.987,compliant,2.89
INV603658,2024-05-11,2024 Q2,692,Importer,Large,476,Fine_Dine_Vegetarian,Wine,22.721905,10.67,242.44,148.35,0.6119,partially_compliant,94.1
INV605317,2024-05-11,2024 Q2,673,Importer,Medium,479,Fine_Dine_Vegetarian,Wine,11.373275,10.67,121.35,116.55,0.9604,compliant,4.8
INV607529,2024-05-11,2024 Q2,675,Importer,Small,483,Fine_Dine_Vegetarian,Wine,37.922172,10.67,404.63,402.98,0.9959,compliant,1.65
INV609188,2024-05-11,2024 Q2,692,Importer,Large,486,Fine_Dine_Vegetarian,Wine,38.248162,10.67,408.11,249.71,0.6119,partially_compliant,158.39
INV613612,2024-05-11,2024 Q2,686,Importer,Small,494,Fine_Dine_Vegetarian,Wine,12.713411,10.67,135.65,1.53,0.0113,non_compliant,134.12
INV616930,2024-05-11,2024 Q2,673,Importer,Medium,500,Fine_Dine_Vegetarian,Wine,26.300918,10.67,280.63,269.52,0.9604,compliant,11.11
INV402159,2024-05-18,2024 Q2,692,Importer,Large,203,Cafe,Coffee_Beans,28.332077,25.0,708.3,433.4,0.6119,partially_compliant,274.9
INV403897,2024-05-18,2024 Q2,680,Importer,Medium,205,Cafe,Coffee_Beans,5.890656,25.0,147.27,142.81,0.9697,compliant,4.46
INV405635,2024-05-18,2024 Q2,684,Importer,Medium,207,Cafe,Coffee_Beans,6.944489,25.0,173.61,168.55,0.9708,compliant,5.07
INV415194,2024-05-18,2024 Q2,677,Importer,Small,218,Cafe,Coffee_Beans,15.868733,25.0,396.72,387.67,0.9772,compliant,9.05
INV420408,2024-05-18,2024 Q2,686,Importer,Small,224,Cafe,Coffee_Beans,3.991083,25.0,99.78,1.13,0.0113,non_compliant,98.65
INV423884,2024-05-18,2024 Q2,677,Importer,Small,228,Cafe,Coffee_Beans,6.319685,25.0,157.99,154.39,0.9772,compliant,3.6
INV425622,2024-05-18,2024 Q2,682,Importer,Small,230,Cafe,Coffee_Beans,7.098067,25.0,177.45,127.91,0.7208,partially_compliant,49.54
INV426491,2024-05-18,2024 Q2,681,Importer,Small,231,Cafe,Coffee_Beans,6.777368,25.0,169.43,0.0,0.0,non_compliant,169.43
INV429098,2024-05-18,2024 Q2,673,Importer,Medium,234,Cafe,Coffee_Beans,6.30447,25.0,157.61,151.37,0.9604,compliant,6.24
INV429967,2024-05-18,2024 Q2,673,Importer,Medium,235,Cafe,Coffee_Beans,29.939945,25.0,748.5,718.86,0.9604,compliant,29.63
INV431705,2024-05-18,2024 Q2,683,Importer,Small,237,Cafe,Coffee_Beans,15.661684,25.0,391.54,277.32,0.7083,partially_compliant,114.23
INV437788,2024-05-18,2024 Q2,682,Importer,Small,244,Cafe,Coffee_Beans,7.726646,25.0,193.17,139.24,0.7208,partially_compliant,53.93
INV439526,2024-05-18,2024 Q2,688,Importer,Small,246,Cafe,Coffee_Beans,11.566022,25.0,289.15,280.98,0.9717,compliant,8.18
INV444740,2024-05-18,2024 Q2,675,Importer,Small,252,Cafe,Coffee_Beans,7.653909,25.0,191.35,190.57,0.9959,compliant,0.78
INV448216,2024-05-18,2024 Q2,678,Importer,Medium,256,Cafe,Coffee_Beans,11.828395,25.0,295.71,160.6,0.5431,partially_compliant,135.11
INV449085,2024-05-18,2024 Q2,680,Importer,Medium,257,Cafe,Coffee_Beans,30.009335,25.0,750.23,727.51,0.9697,compliant,22.72
INV454299,2024-05-18,2024 Q2,675,Importer,Small,263,Cafe,Coffee_Beans,5.708795,25.0,142.72,142.14,0.9959,compliant,0.58
INV459513,2024-05-18,2024 Q2,677,Importer,Small,269,Cafe,Coffee_Beans,5.619352,25.0,140.48,137.28,0.9772,compliant,3.2
INV463858,2024-05-18,2024 Q2,673,Importer,Medium,274,Cafe,Coffee_Beans,7.354088,25.0,183.85,176.57,0.9604,compliant,7.28
INV464727,2024-05-18,2024 Q2,689,Importer,Small,275,Cafe,Coffee_Beans,7.350978,25.0,183.77,181.38,0.987,compliant,2.39
INV465596,2024-05-18,2024 Q2,692,Importer,Large,276,Cafe,Coffee_Beans,6.835127,25.0,170.88,104.56,0.6119,partially_compliant,66.32
INV469941,2024-05-18,2024 Q2,689,Importer,Small,281,Cafe,Coffee_Beans,12.444514,25.0,311.11,307.06,0.987,compliant,4.05
INV475155,2024-05-18,2024 Q2,680,Importer,Medium,287,Cafe,Coffee_Beans,12.202972,25.0,305.07,295.83,0.9697,compliant,9.24
INV477762,2024-05-18,2024 Q2,675,Importer,Small,290,Cafe,Coffee_Beans,5.758579,25.0,143.96,143.38,0.9959,compliant,0.59
INV483845,2024-05-18,2024 Q2,689,Importer,Small,297,Cafe,Coffee_Beans,13.475222,25.0,336.88,332.5,0.987,compliant,4.38
INV484714,2024-05-18,2024 Q2,674,Importer,Small,298,Cafe,Coffee_Beans,6.107451,25.0,152.69,148.01,0.9694,compliant,4.68
INV489928,2024-05-18,2024 Q2,682,Importer,Small,304,Cafe,Coffee_Beans,5.80498,25.0,145.12,104.61,0.7208,partially_compliant,40.52
INV490797,2024-05-18,2024 Q2,682,Importer,Small,305,Cafe,Coffee_Beans,5.879151,25.0,146.98,105.94,0.7208,partially_compliant,41.03
INV496011,2024-05-18,2024 Q2,680,Importer,Medium,311,Cafe,Coffee_Beans,7.184568,25.0,179.61,174.17,0.9697,compliant,5.44
INV496880,2024-05-18,2024 Q2,689,Importer,Small,312,Cafe,Coffee_Beans,8.028087,25.0,200.7,198.09,0.987,compliant,2.61
INV497749,2024-05-18,2024 Q2,682,Importer,Small,313,Cafe,Coffee_Beans,8.342017,25.0,208.55,150.33,0.7208,partially_compliant,58.22
INV502094,2024-05-18,2024 Q2,688,Importer,Small,318,Cafe,Coffee_Beans,22.335114,25.0,558.38,542.59,0.9717,compliant,15.79
INV507308,2024-05-18,2024 Q2,692,Importer,Large,324,Cafe,Coffee_Beans,7.569919,25.0,189.25,115.8,0.6119,partially_compliant,73.45
INV515129,2024-05-18,2024 Q2,678,Importer,Medium,333,Cafe,Coffee_Beans,6.36311,25.0,159.08,86.39,0.5431,partially_compliant,72.68
INV517736,2024-05-18,2024 Q2,690,Importer,Small,336,Cafe,Coffee_Beans,6.121524,25.0,153.04,87.8,0.5737,partially_compliant,65.24
INV522081,2024-05-18,2024 Q2,690,Importer,Small,341,Cafe,Coffee_Beans,7.986223,25.0,199.66,114.54,0.5737,partially_compliant,85.11
INV522950,2024-05-18,2024 Q2,686,Importer,Small,342,Cafe,Coffee_Beans,5.037508,25.0,125.94,1.42,0.0113,non_compliant,124.52
INV523819,2024-05-18,2024 Q2,690,Importer,Small,343,Cafe,Coffee_Beans,15.477628,25.0,386.94,221.99,0.5737,partially_compliant,164.95
INV532509,2024-05-18,2024 Q2,686,Importer,Small,353,Cafe,Coffee_Beans,14.078469,25.0,351.96,3.97,0.0113,non_compliant,347.99
INV534247,2024-05-18,2024 Q2,678,Importer,Medium,355,Cafe,Coffee_Beans,20.577251,25.0,514.43,279.39,0.5431,partially_compliant,235.04
INV536854,2024-05-18,2024 Q2,679,Importer,Large,358,Cafe,Coffee_Beans,7.260249,25.0,181.51,94.18,0.5189,partially_compliant,87.32
INV542283,2024-05-18,2024 Q2,673,Importer,Medium,365,Fine_Dine_Meat,Beer,31.536072,3.0,94.61,90.86,0.9604,compliant,3.75
INV544494,2024-05-18,2024 Q2,692,Importer,Large,369,Fine_Dine_Meat,Wine,17.857169,10.67,190.54,116.59,0.6119,partially_compliant,73.95
INV547259,2024-05-18,2024 Q2,675,Importer,Small,374,Fine_Dine_Meat,Wine,21.478403,10.67,229.17,228.24,0.9959,compliant,0.94
INV547260,2024-05-18,2024 Q2,683,Importer,Small,374,Fine_Dine_Meat,Beer,32.217604,3.0,96.65,68.46,0.7083,partially_compliant,28.2
INV549472,2024-05-18,2024 Q2,679,Importer,Large,378,Fine_Dine_Meat,Beer,24.442604,3.0,73.33,38.05,0.5189,partially_compliant,35.28
INV550024,2024-05-18,2024 Q2,686,Importer,Small,379,Fine_Dine_Meat,Wine,42.611322,10.67,454.66,5.13,0.0113,non_compliant,449.54
INV551683,2024-05-18,2024 Q2,677,Importer,Small,382,Fine_Dine_Meat,Wine,10.209241,10.67,108.93,106.45,0.9772,compliant,2.49
INV552789,2024-05-18,2024 Q2,682,Importer,Small,384,Fine_Dine_Meat,Wine,17.812248,10.67,190.06,136.99,0.7208,partially_compliant,53.06
INV552790,2024-05-18,2024 Q2,680,Importer,Medium,384,Fine_Dine_Meat,Beer,26.718372,3.0,80.16,77.73,0.9697,compliant,2.43
INV555001,2024-05-18,2024 Q2,686,Importer,Small,388,Fine_Dine_Meat,Wine,18.999224,10.67,202.72,2.29,0.0113,non_compliant,200.44
INV555002,2024-05-18,2024 Q2,680,Importer,Medium,388,Fine_Dine_Meat,Beer,28.498837,3.0,85.5,82.91,0.9697,compliant,2.59
INV555554,2024-05-18,2024 Q2,680,Importer,Medium,389,Fine_Dine_Meat,Wine,20.719012,10.67,221.07,214.38,0.9697,compliant,6.7
INV556660,2024-05-18,2024 Q2,692,Importer,Large,391,Fine_Dine_Meat,Wine,23.544039,10.67,251.21,153.71,0.6119,partially_compliant,97.5
INV557214,2024-05-18,2024 Q2,692,Importer,Large,392,Fine_Dine_Meat,Beer,27.690259,3.0,83.07,50.83,0.6119,partially_compliant,32.24
INV558319,2024-05-18,2024 Q2,679,Importer,Large,394,Fine_Dine_Meat,Wine,30.574449,10.67,326.23,169.28,0.5189,partially_compliant,156.95
INV558872,2024-05-18,2024 Q2,686,Importer,Small,395,Fine_Dine_Meat,Wine,38.105439,10.67,406.59,4.59,0.0113,non_compliant,402.0
INV559426,2024-05-18,2024 Q2,685,Importer,Small,396,Fine_Dine_Meat,Beer,66.253389,3.0,198.76,193.77,0.9749,compliant,4.99
INV559979,2024-05-18,2024 Q2,675,Importer,Small,397,Fine_Dine_Meat,Beer,16.869592,3.0,50.61,50.4,0.9959,compliant,0.21
INV561084,2024-05-18,2024 Q2,673,Importer,Medium,399,Fine_Dine_Meat,Wine,35.020221,10.67,373.67,358.87,0.9604,compliant,14.79
INV566061,2024-05-18,2024 Q2,681,Importer,Small,408,Fine_Dine_Meat,Wine,38.141584,10.67,406.97,0.0,0.0,non_compliant,406.97
INV567720,2024-05-18,2024 Q2,673,Importer,Medium,411,Fine_Dine_Meat,Wine,18.072303,10.67,192.83,185.2,0.9604,compliant,7.63
INV567721,2024-05-18,2024 Q2,673,Importer,Medium,411,Fine_Dine_Meat,Beer,27.108455,3.0,81.33,78.11,0.9604,compliant,3.22
INV568273,2024-05-18,2024 Q2,680,Importer,Medium,412,Fine_Dine_Meat,Wine,38.784705,10.67,413.83,401.3,0.9697,compliant,12.53
INV569379,2024-05-18,2024 Q2,689,Importer,Small,414,Fine_Dine_Meat,Wine,32.289884,10.67,344.53,340.05,0.987,compliant,4.48
INV570485,2024-05-18,2024 Q2,680,Importer,Medium,416,Fine_Dine_Meat,Wine,22.086393,10.67,235.66,228.52,0.9697,compliant,7.14
INV571591,2024-05-18,2024 Q2,675,Importer,Small,418,Fine_Dine_Meat,Wine,39.547921,10.67,421.98,420.25,0.9959,compliant,1.72
INV573803,2024-05-18,2024 Q2,673,Importer,Medium,422,Fine_Dine_Meat,Wine,22.269506,10.67,237.62,228.21,0.9604,compliant,9.41
INV576568,2024-05-18,2024 Q2,678,Importer,Medium,427,Fine_Dine_Meat,Wine,21.282872,10.67,227.09,123.33,0.5431,partially_compliant,103.76
INV577121,2024-05-18,2024 Q2,689,Importer,Small,428,Fine_Dine_Meat,Wine,15.899889,10.67,169.65,167.44,0.987,compliant,2.21
INV578227,2024-05-18,2024 Q2,685,Importer,Small,430,Fine_Dine_Meat,Wine,41.471321,10.67,442.5,431.4,0.9749,compliant,11.1
INV578780,2024-05-18,2024 Q2,692,Importer,Large,431,Fine_Dine_Meat,Wine,20.229849,10.67,215.85,132.08,0.6119,partially_compliant,83.78
INV579333,2024-05-18,2024 Q2,673,Importer,Medium,432,Fine_Dine_Meat,Wine,41.454361,10.67,442.32,424.81,0.9604,compliant,17.51
INV579887,2024-05-18,2024 Q2,679,Importer,Large,433,Fine_Dine_Meat,Beer,13.646371,3.0,40.94,21.24,0.5189,partially_compliant,19.7
INV580440,2024-05-18,2024 Q2,692,Importer,Large,434,Fine_Dine_Meat,Beer,26.082005,3.0,78.25,47.88,0.6119,partially_compliant,30.37
INV580993,2024-05-18,2024 Q2,687,Importer,Medium,435,Fine_Dine_Meat,Beer,52.416474,3.0,157.25,119.78,0.7617,partially_compliant,37.47
INV583757,2024-05-18,2024 Q2,679,Importer,Large,440,Fine_Dine_Meat,Wine,19.966062,10.67,213.04,110.54,0.5189,partially_compliant,102.49
INV583758,2024-05-18,2024 Q2,692,Importer,Large,440,Fine_Dine_Meat,Beer,29.949093,3.0,89.85,54.98,0.6119,partially_compliant,34.87
INV587628,2024-05-18,2024 Q2,686,Importer,Small,447,Fine_Dine_Vegetarian,Wine,27.80877,10.67,296.72,3.35,0.0113,non_compliant,293.37
INV588181,2024-05-18,2024 Q2,679,Importer,Large,448,Fine_Dine_Vegetarian,Wine,51.293784,10.67,547.3,283.99,0.5189,partially_compliant,263.31
INV588734,2024-05-18,2024 Q2,692,Importer,Large,449,Fine_Dine_Vegetarian,Wine,72.371124,10.67,772.2,472.5,0.6119,partially_compliant,299.7
INV589287,2024-05-18,2024 Q2,680,Importer,Medium,450,Fine_Dine_Vegetarian,Wine,73.694314,10.67,786.32,762.5,0.9697,compliant,23.82
INV590946,2024-05-18,2024 Q2,682,Importer,Small,453,Fine_Dine_Vegetarian,Wine,49.819302,10.67,531.57,383.16,0.7208,partially_compliant,148.41
INV592605,2024-05-18,2024 Q2,675,Importer,Small,456,Fine_Dine_Vegetarian,Wine,21.312038,10.67,227.4,226.47,0.9959,compliant,0.93
INV594264,2024-05-18,2024 Q2,673,Importer,Medium,459,Fine_Dine_Vegetarian,Wine,24.229412,10.67,258.53,248.29,0.9604,compliant,10.24
INV595923,2024-05-18,2024 Q2,673,Importer,Medium,462,Fine_Dine_Vegetarian,Wine,19.113546,10.67,203.94,195.87,0.9604,compliant,8.07
INV596476,2024-05-18,2024 Q2,690,Importer,Small,463,Fine_Dine_Vegetarian,Wine,44.363239,10.67,473.36,271.56,0.5737,partially_compliant,201.79
INV597029,2024-05-18,2024 Q2,677,Importer,Small,464,Fine_Dine_Vegetarian,Wine,24.678453,10.67,263.32,257.31,0.9772,compliant,6.01
INV599794,2024-05-18,2024 Q2,682,Importer,Small,469,Fine_Dine_Vegetarian,Wine,21.531725,10.67,229.74,165.6,0.7208,partially_compliant,64.14
INV601453,2024-05-18,2024 Q2,689,Importer,Small,472,Fine_Dine_Vegetarian,Wine,21.196046,10.67,226.16,223.22,0.987,compliant,2.94
INV603665,2024-05-18,2024 Q2,692,Importer,Large,476,Fine_Dine_Vegetarian,Wine,23.105528,10.67,246.54,150.85,0.6119,partially_compliant,95.68
INV605324,2024-05-18,2024 Q2,673,Importer,Medium,479,Fine_Dine_Vegetarian,Wine,11.565295,10.67,123.4,118.52,0.9604,compliant,4.89
INV607536,2024-05-18,2024 Q2,675,Importer,Small,483,Fine_Dine_Vegetarian,Wine,38.562427,10.67,411.46,409.78,0.9959,compliant,1.68
INV609195,2024-05-18,2024 Q2,692,Importer,Large,486,Fine_Dine_Vegetarian,Wine,38.893921,10.67,415.0,253.93,0.6119,partially_compliant,161.07
INV613619,2024-05-18,2024 Q2,686,Importer,Small,494,Fine_Dine_Vegetarian,Wine,14.258542,10.67,152.14,1.72,0.0113,non_compliant,150.42
INV616937,2024-05-18,2024 Q2,673,Importer,Medium,500,Fine_Dine_Vegetarian,Wine,26.744967,10.67,285.37,274.07,0.9604,compliant,11.3
INV402170,2024-05-25,2024 Q2,692,Importer,Large,203,Cafe,Coffee_Beans,29.934496,25.0,748.36,457.91,0.6119,partially_compliant,290.45
INV403908,2024-05-25,2024 Q2,680,Importer,Medium,205,Cafe,Coffee_Beans,6.223822,25.0,155.6,150.88,0.9697,compliant,4.71
INV405646,2024-05-25,2024 Q2,684,Importer,Medium,207,Cafe,Coffee_Beans,7.337259,25.0,183.43,178.08,0.9708,compliant,5.35
INV415205,2024-05-25,2024 Q2,677,Importer,Small,218,Cafe,Coffee_Beans,16.766244,25.0,419.16,409.59,0.9772,compliant,9.56
INV420419,2024-05-25,2024 Q2,686,Importer,Small,224,Cafe,Coffee_Beans,4.216812,25.0,105.42,1.19,0.0113,non_compliant,104.23
INV423895,2024-05-25,2024 Q2,677,Importer,Small,228,Cafe,Coffee_Beans,6.677117,25.0,166.93,163.12,0.9772,compliant,3.81
INV425633,2024-05-25,2024 Q2,682,Importer,Small,230,Cafe,Coffee_Beans,7.499523,25.0,187.49,135.14,0.7208,partially_compliant,52.34
INV426502,2024-05-25,2024 Q2,681,Importer,Small,231,Cafe,Coffee_Beans,7.160686,25.0,179.02,0.0,0.0,non_compliant,179.02
INV429109,2024-05-25,2024 Q2,673,Importer,Medium,234,Cafe,Coffee_Beans,6.661041,25.0,166.53,159.93,0.9604,compliant,6.59
INV429978,2024-05-25,2024 Q2,673,Importer,Medium,235,Cafe,Coffee_Beans,31.633303,25.0,790.83,759.52,0.9604,compliant,31.31
INV431716,2024-05-25,2024 Q2,683,Importer,Small,237,Cafe,Coffee_Beans,16.547485,25.0,413.69,293.0,0.7083,partially_compliant,120.69
INV437799,2024-05-25,2024 Q2,682,Importer,Small,244,Cafe,Coffee_Beans,8.163653,25.0,204.09,147.11,0.7208,partially_compliant,56.98
INV439537,2024-05-25,2024 Q2,688,Importer,Small,246,Cafe,Coffee_Beans,12.507238,25.0,312.68,303.84,0.9717,compliant,8.84
INV444751,2024-05-25,2024 Q2,675,Importer,Small,252,Cafe,Coffee_Beans,8.086803,25.0,202.17,201.34,0.9959,compliant,0.83
INV448227,2024-05-25,2024 Q2,678,Importer,Medium,256,Cafe,Coffee_Beans,12.497392,25.0,312.43,169.68,0.5431,partially_compliant,142.75
INV449096,2024-05-25,2024 Q2,680,Importer,Medium,257,Cafe,Coffee_Beans,31.706618,25.0,792.67,768.66,0.9697,compliant,24.01
INV454310,2024-05-25,2024 Q2,675,Importer,Small,263,Cafe,Coffee_Beans,6.031676,25.0,150.79,150.18,0.9959,compliant,0.62
INV459524,2024-05-25,2024 Q2,677,Importer,Small,269,Cafe,Coffee_Beans,5.937174,25.0,148.43,145.04,0.9772,compliant,3.39
INV463869,2024-05-25,2024 Q2,673,Importer,Medium,274,Cafe,Coffee_Beans,7.770024,25.0,194.25,186.56,0.9604,compliant,7.69
INV464738,2024-05-25,2024 Q2,689,Importer,Small,275,Cafe,Coffee_Beans,7.766738,25.0,194.17,191.64,0.987,compliant,2.53
INV465607,2024-05-25,2024 Q2,692,Importer,Large,276,Cafe,Coffee_Beans,7.221712,25.0,180.54,110.47,0.6119,partially_compliant,70.07
INV469952,2024-05-25,2024 Q2,689,Importer,Small,281,Cafe,Coffee_Beans,13.148357,25.0,328.71,324.43,0.987,compliant,4.28
INV475166,2024-05-25,2024 Q2,680,Importer,Medium,287,Cafe,Coffee_Beans,12.893154,25.0,322.33,312.57,0.9697,compliant,9.76
INV477773,2024-05-25,2024 Q2,675,Importer,Small,290,Cafe,Coffee_Beans,6.084275,25.0,152.11,151.49,0.9959,compliant,0.62
INV483856,2024-05-25,2024 Q2,689,Importer,Small,297,Cafe,Coffee_Beans,14.454559,25.0,361.36,356.66,0.987,compliant,4.7
INV484725,2024-05-25,2024 Q2,674,Importer,Small,298,Cafe,Coffee_Beans,6.452879,25.0,161.32,156.38,0.9694,compliant,4.94
INV489939,2024-05-25,2024 Q2,682,Importer,Small,304,Cafe,Coffee_Beans,6.133301,25.0,153.33,110.52,0.7208,partially_compliant,42.81
INV490808,2024-05-25,2024 Q2,682,Importer,Small,305,Cafe,Coffee_Beans,6.092604,25.0,152.32,109.79,0.7208,partially_compliant,42.52
INV496022,2024-05-25,2024 Q2,680,Importer,Medium,311,Cafe,Coffee_Beans,7.590917,25.0,189.77,184.02,0.9697,compliant,5.75
INV496891,2024-05-25,2024 Q2,689,Importer,Small,312,Cafe,Coffee_Beans,8.482143,25.0,212.05,209.29,0.987,compliant,2.76
INV497760,2024-05-25,2024 Q2,682,Importer,Small,313,Cafe,Coffee_Beans,8.900916,25.0,222.52,160.4,0.7208,partially_compliant,62.13
INV502105,2024-05-25,2024 Q2,688,Importer,Small,318,Cafe,Coffee_Beans,24.995809,25.0,624.9,607.23,0.9717,compliant,17.67
INV507319,2024-05-25,2024 Q2,692,Importer,Large,324,Cafe,Coffee_Beans,7.998062,25.0,199.95,122.35,0.6119,partially_compliant,77.6
INV515140,2024-05-25,2024 Q2,678,Importer,Medium,333,Cafe,Coffee_Beans,6.722998,25.0,168.07,91.28,0.5431,partially_compliant,76.79
INV517747,2024-05-25,2024 Q2,690,Importer,Small,336,Cafe,Coffee_Beans,6.029786,25.0,150.74,86.48,0.5737,partially_compliant,64.26
INV522092,2024-05-25,2024 Q2,690,Importer,Small,341,Cafe,Coffee_Beans,8.437912,25.0,210.95,121.02,0.5737,partially_compliant,89.93
INV522961,2024-05-25,2024 Q2,686,Importer,Small,342,Cafe,Coffee_Beans,5.322421,25.0,133.06,1.5,0.0113,non_compliant,131.56
INV523830,2024-05-25,2024 Q2,690,Importer,Small,343,Cafe,Coffee_Beans,16.839255,25.0,420.98,241.52,0.5737,partially_compliant,179.47
INV532520,2024-05-25,2024 Q2,686,Importer,Small,353,Cafe,Coffee_Beans,14.874726,25.0,371.87,4.19,0.0113,non_compliant,367.67
INV534258,2024-05-25,2024 Q2,678,Importer,Medium,355,Cafe,Coffee_Beans,21.74107,25.0,543.53,295.19,0.5431,partially_compliant,248.34
INV536865,2024-05-25,2024 Q2,679,Importer,Large,358,Cafe,Coffee_Beans,7.670877,25.0,191.77,99.51,0.5189,partially_compliant,92.26
INV542290,2024-05-25,2024 Q2,673,Importer,Medium,365,Fine_Dine_Meat,Beer,34.284443,3.0,102.85,98.78,0.9604,compliant,4.07
INV544501,2024-05-25,2024 Q2,692,Importer,Large,369,Fine_Dine_Meat,Wine,19.413423,10.67,207.14,126.75,0.6119,partially_compliant,80.39
INV547266,2024-05-25,2024 Q2,675,Importer,Small,374,Fine_Dine_Meat,Wine,23.350247,10.67,249.15,248.13,0.9959,compliant,1.02
INV547267,2024-05-25,2024 Q2,683,Importer,Small,374,Fine_Dine_Meat,Beer,35.02537,3.0,105.08,74.42,0.7083,partially_compliant,30.65
INV549479,2024-05-25,2024 Q2,679,Importer,Large,378,Fine_Dine_Meat,Beer,26.572778,3.0,79.72,41.37,0.5189,partially_compliant,38.35
INV550031,2024-05-25,2024 Q2,686,Importer,Small,379,Fine_Dine_Meat,Wine,46.324901,10.67,494.29,5.57,0.0113,non_compliant,488.71
INV551690,2024-05-25,2024 Q2,677,Importer,Small,382,Fine_Dine_Meat,Wine,11.098977,10.67,118.43,115.72,0.9772,compliant,2.7
INV552796,2024-05-25,2024 Q2,682,Importer,Small,384,Fine_Dine_Meat,Wine,19.364587,10.67,206.62,148.93,0.7208,partially_compliant,57.69
INV552797,2024-05-25,2024 Q2,680,Importer,Medium,384,Fine_Dine_Meat,Beer,29.04688,3.0,87.14,84.5,0.9697,compliant,2.64
INV555008,2024-05-25,2024 Q2,686,Importer,Small,388,Fine_Dine_Meat,Wine,21.257612,10.67,226.82,2.56,0.0113,non_compliant,224.26
INV555009,2024-05-25,2024 Q2,680,Importer,Medium,388,Fine_Dine_Meat,Beer,31.886418,3.0,95.66,92.76,0.9697,compliant,2.9
INV555561,2024-05-25,2024 Q2,680,Importer,Medium,389,Fine_Dine_Meat,Wine,22.524675,10.67,240.34,233.06,0.9697,compliant,7.28
INV556667,2024-05-25,2024 Q2,692,Importer,Large,391,Fine_Dine_Meat,Wine,25.595903,10.67,273.11,167.11,0.6119,partially_compliant,106.0
INV557221,2024-05-25,2024 Q2,692,Importer,Large,392,Fine_Dine_Meat,Beer,28.795205,3.0,86.39,52.86,0.6119,partially_compliant,33.53
INV558326,2024-05-25,2024 Q2,679,Importer,Large,394,Fine_Dine_Meat,Wine,33.239014,10.67,354.66,184.03,0.5189,partially_compliant,170.63
INV558879,2024-05-25,2024 Q2,686,Importer,Small,395,Fine_Dine_Meat,Wine,41.42633,10.67,442.02,4.99,0.0113,non_compliant,437.03
INV559433,2024-05-25,2024 Q2,685,Importer,Small,396,Fine_Dine_Meat,Beer,72.027376,3.0,216.08,210.66,0.9749,compliant,5.42
INV559986,2024-05-25,2024 Q2,675,Importer,Small,397,Fine_Dine_Meat,Beer,18.339778,3.0,55.02,54.79,0.9959,compliant,0.22
INV561091,2024-05-25,2024 Q2,673,Importer,Medium,399,Fine_Dine_Meat,Wine,38.072235,10.67,406.23,390.15,0.9604,compliant,16.08
INV566068,2024-05-25,2024 Q2,681,Importer,Small,408,Fine_Dine_Meat,Wine,41.465626,10.67,442.44,0.0,0.0,non_compliant,442.44
INV567727,2024-05-25,2024 Q2,673,Importer,Medium,411,Fine_Dine_Meat,Wine,19.647306,10.67,209.64,201.34,0.9604,compliant,8.3
INV567728,2024-05-25,2024 Q2,673,Importer,Medium,411,Fine_Dine_Meat,Beer,29.470959,3.0,88.41,84.91,0.9604,compliant,3.5
INV568280,2024-05-25,2024 Q2,680,Importer,Medium,412,Fine_Dine_Meat,Wine,42.164794,10.67,449.9,436.27,0.9697,compliant,13.63
INV569386,2024-05-25,2024 Q2,689,Importer,Small,414,Fine_Dine_Meat,Wine,34.065893,10.67,363.48,358.75,0.987,compliant,4.73
INV570492,2024-05-25,2024 Q2,680,Importer,Medium,416,Fine_Dine_Meat,Wine,24.011223,10.67,256.2,248.44,0.9697,compliant,7.76
INV571598,2024-05-25,2024 Q2,675,Importer,Small,418,Fine_Dine_Meat,Wine,42.994525,10.67,458.75,456.88,0.9959,compliant,1.87
INV573810,2024-05-25,2024 Q2,673,Importer,Medium,422,Fine_Dine_Meat,Wine,24.210294,10.67,258.32,248.1,0.9604,compliant,10.23
INV576575,2024-05-25,2024 Q2,678,Importer,Medium,427,Fine_Dine_Meat,Wine,23.137675,10.67,246.88,134.08,0.5431,partially_compliant,112.8
INV577128,2024-05-25,2024 Q2,689,Importer,Small,428,Fine_Dine_Meat,Wine,17.285565,10.67,184.44,182.04,0.987,compliant,2.4
INV578234,2024-05-25,2024 Q2,685,Importer,Small,430,Fine_Dine_Meat,Wine,44.536644,10.67,475.21,463.29,0.9749,compliant,11.92
INV578787,2024-05-25,2024 Q2,692,Importer,Large,431,Fine_Dine_Meat,Wine,21.992881,10.67,234.66,143.59,0.6119,partially_compliant,91.08
INV579340,2024-05-25,2024 Q2,673,Importer,Medium,432,Fine_Dine_Meat,Wine,45.067111,10.67,480.87,461.83,0.9604,compliant,19.04
INV579894,2024-05-25,2024 Q2,679,Importer,Large,433,Fine_Dine_Meat,Beer,14.835653,3.0,44.51,23.09,0.5189,partially_compliant,21.41
INV580447,2024-05-25,2024 Q2,692,Importer,Large,434,Fine_Dine_Meat,Beer,28.355053,3.0,85.07,52.05,0.6119,partially_compliant,33.02
INV581000,2024-05-25,2024 Q2,687,Importer,Medium,435,Fine_Dine_Meat,Beer,59.817157,3.0,179.45,136.69,0.7617,partially_compliant,42.76
INV583764,2024-05-25,2024 Q2,679,Importer,Large,440,Fine_Dine_Meat,Wine,21.706105,10.67,231.6,120.18,0.5189,partially_compliant,111.43
INV583765,2024-05-25,2024 Q2,692,Importer,Large,440,Fine_Dine_Meat,Beer,32.559158,3.0,97.68,59.77,0.6119,partially_compliant,37.91
INV587635,2024-05-25,2024 Q2,686,Importer,Small,447,Fine_Dine_Vegetarian,Wine,30.232306,10.67,322.58,3.64,0.0113,non_compliant,318.94
INV588188,2024-05-25,2024 Q2,679,Importer,Large,448,Fine_Dine_Vegetarian,Wine,55.764041,10.67,595.0,308.74,0.5189,partially_compliant,286.26
INV588741,2024-05-25,2024 Q2,692,Importer,Large,449,Fine_Dine_Vegetarian,Wine,77.648356,10.67,828.51,506.95,0.6119,partially_compliant,321.56
INV589294,2024-05-25,2024 Q2,680,Importer,Medium,450,Fine_Dine_Vegetarian,Wine,80.116778,10.67,854.85,828.95,0.9697,compliant,25.89
INV590953,2024-05-25,2024 Q2,682,Importer,Small,453,Fine_Dine_Vegetarian,Wine,54.161057,10.67,577.9,416.56,0.7208,partially_compliant,161.34
INV592612,2024-05-25,2024 Q2,675,Importer,Small,456,Fine_Dine_Vegetarian,Wine,23.169383,10.67,247.22,246.21,0.9959,compliant,1.01
INV594271,2024-05-25,2024 Q2,673,Importer,Medium,459,Fine_Dine_Vegetarian,Wine,26.341006,10.67,281.06,269.93,0.9604,compliant,11.13
INV595930,2024-05-25,2024 Q2,673,Importer,Medium,462,Fine_Dine_Vegetarian,Wine,20.779293,10.67,221.72,212.94,0.9604,compliant,8.78
INV596483,2024-05-25,2024 Q2,690,Importer,Small,463,Fine_Dine_Vegetarian,Wine,48.229498,10.67,514.61,295.23,0.5737,partially_compliant,219.38
INV597036,2024-05-25,2024 Q2,677,Importer,Small,464,Fine_Dine_Vegetarian,Wine,26.829181,10.67,286.27,279.74,0.9772,compliant,6.53
INV599801,2024-05-25,2024 Q2,682,Importer,Small,469,Fine_Dine_Vegetarian,Wine,24.270115,10.67,258.96,186.66,0.7208,partially_compliant,72.3
INV601460,2024-05-25,2024 Q2,689,Importer,Small,472,Fine_Dine_Vegetarian,Wine,23.043282,10.67,245.87,242.67,0.987,compliant,3.2
INV603672,2024-05-25,2024 Q2,692,Importer,Large,476,Fine_Dine_Vegetarian,Wine,25.119176,10.67,268.02,164.0,0.6119,partially_compliant,104.02
INV605331,2024-05-25,2024 Q2,673,Importer,Medium,479,Fine_Dine_Vegetarian,Wine,12.573211,10.67,134.16,128.84,0.9604,compliant,5.31
INV607543,2024-05-25,2024 Q2,675,Importer,Small,483,Fine_Dine_Vegetarian,Wine,41.923145,10.67,447.32,445.49,0.9959,compliant,1.83
INV609202,2024-05-25,2024 Q2,692,Importer,Large,486,Fine_Dine_Vegetarian,Wine,42.283528,10.67,451.17,276.06,0.6119,partially_compliant,175.1
INV613626,2024-05-25,2024 Q2,686,Importer,Small,494,Fine_Dine_Vegetarian,Wine,16.77368,10.67,178.98,2.02,0.0113,non_compliant,176.96
INV616944,2024-05-25,2024 Q2,673,Importer,Medium,500,Fine_Dine_Vegetarian,Wine,29.075792,10.67,310.24,297.96,0.9604,compliant,12.28
INV402181,2024-06-01,2024 Q2,692,Importer,Large,203,Cafe,Coffee_Beans,29.265227,25.0,731.63,447.67,0.6119,partially_compliant,283.96
INV403919,2024-06-01,2024 Q2,680,Importer,Medium,205,Cafe,Coffee_Beans,5.989622,25.0,149.74,145.21,0.9697,compliant,4.54
INV405657,2024-06-01,2024 Q2,684,Importer,Medium,207,Cafe,Coffee_Beans,7.177618,25.0,179.44,174.2,0.9708,compliant,5.24
INV415216,2024-06-01,2024 Q2,677,Importer,Small,218,Cafe,Coffee_Beans,16.4874,25.0,412.19,402.78,0.9772,compliant,9.4
INV420430,2024-06-01,2024 Q2,686,Importer,Small,224,Cafe,Coffee_Beans,4.111883,25.0,102.8,1.16,0.0113,non_compliant,101.64
INV423906,2024-06-01,2024 Q2,677,Importer,Small,228,Cafe,Coffee_Beans,6.683476,25.0,167.09,163.28,0.9772,compliant,3.81
INV425644,2024-06-01,2024 Q2,682,Importer,Small,230,Cafe,Coffee_Beans,7.504879,25.0,187.62,135.24,0.7208,partially_compliant,52.38
INV426513,2024-06-01,2024 Q2,681,Importer,Small,231,Cafe,Coffee_Beans,7.0552,25.0,176.38,0.0,0.0,non_compliant,176.38
INV429120,2024-06-01,2024 Q2,673,Importer,Medium,234,Cafe,Coffee_Beans,6.524651,25.0,163.12,156.66,0.9604,compliant,6.46
INV429989,2024-06-01,2024 Q2,673,Importer,Medium,235,Cafe,Coffee_Beans,30.96533,25.0,774.13,743.48,0.9604,compliant,30.65
INV431727,2024-06-01,2024 Q2,683,Importer,Small,237,Cafe,Coffee_Beans,16.517769,25.0,412.94,292.47,0.7083,partially_compliant,120.47
INV437810,2024-06-01,2024 Q2,682,Importer,Small,244,Cafe,Coffee_Beans,8.045356,25.0,201.13,144.98,0.7208,partially_compliant,56.15
INV439548,2024-06-01,2024 Q2,688,Importer,Small,246,Cafe,Coffee_Beans,11.822488,25.0,295.56,287.21,0.9717,compliant,8.36
INV444762,2024-06-01,2024 Q2,675,Importer,Small,252,Cafe,Coffee_Beans,7.961319,25.0,199.03,198.22,0.9959,compliant,0.81
INV448238,2024-06-01,2024 Q2,678,Importer,Medium,256,Cafe,Coffee_Beans,12.016728,25.0,300.42,163.16,0.5431,partially_compliant,137.26
INV449107,2024-06-01,2024 Q2,680,Importer,Medium,257,Cafe,Coffee_Beans,30.728283,25.0,768.21,744.94,0.9697,compliant,23.27
INV454321,2024-06-01,2024 Q2,675,Importer,Small,263,Cafe,Coffee_Beans,6.053959,25.0,151.35,150.73,0.9959,compliant,0.62
INV459535,2024-06-01,2024 Q2,677,Importer,Small,269,Cafe,Coffee_Beans,5.920184,25.0,148.0,144.63,0.9772,compliant,3.38
INV463880,2024-06-01,2024 Q2,673,Importer,Medium,274,Cafe,Coffee_Beans,7.548535,25.0,188.71,181.24,0.9604,compliant,7.47
INV464749,2024-06-01,2024 Q2,689,Importer,Small,275,Cafe,Coffee_Beans,7.740538,25.0,193.51,190.99,0.987,compliant,2.52
INV465618,2024-06-01,2024 Q2,692,Importer,Large,276,Cafe,Coffee_Beans,7.083826,25.0,177.1,108.36,0.6119,partially_compliant,68.73
INV469963,2024-06-01,2024 Q2,689,Importer,Small,281,Cafe,Coffee_Beans,13.007119,25.0,325.18,320.95,0.987,compliant,4.23
INV475177,2024-06-01,2024 Q2,680,Importer,Medium,287,Cafe,Coffee_Beans,12.572327,25.0,314.31,304.79,0.9697,compliant,9.52
INV477784,2024-06-01,2024 Q2,675,Importer,Small,290,Cafe,Coffee_Beans,6.114444,25.0,152.86,152.24,0.9959,compliant,0.62
INV483867,2024-06-01,2024 Q2,689,Importer,Small,297,Cafe,Coffee_Beans,13.225141,25.0,330.63,326.32,0.987,compliant,4.3
INV484736,2024-06-01,2024 Q2,674,Importer,Small,298,Cafe,Coffee_Beans,6.204372,25.0,155.11,150.36,0.9694,compliant,4.75
INV489950,2024-06-01,2024 Q2,682,Importer,Small,304,Cafe,Coffee_Beans,6.146508,25.0,153.66,110.76,0.7208,partially_compliant,42.9
INV490819,2024-06-01,2024 Q2,682,Importer,Small,305,Cafe,Coffee_Beans,5.459859,25.0,136.5,98.39,0.7208,partially_compliant,38.11
INV496033,2024-06-01,2024 Q2,680,Importer,Medium,311,Cafe,Coffee_Beans,7.562956,25.0,189.07,183.35,0.9697,compliant,5.73
INV496902,2024-06-01,2024 Q2,689,Importer,Small,312,Cafe,Coffee_Beans,8.195457,25.0,204.89,202.22,0.987,compliant,2.67
INV497771,2024-06-01,2024 Q2,682,Importer,Small,313,Cafe,Coffee_Beans,7.361219,25.0,184.03,132.65,0.7208,partially_compliant,51.38
INV502116,2024-06-01,2024 Q2,688,Importer,Small,318,Cafe,Coffee_Beans,23.936121,25.0,598.4,581.48,0.9717,compliant,16.92
INV507330,2024-06-01,2024 Q2,692,Importer,Large,324,Cafe,Coffee_Beans,7.73848,25.0,193.46,118.38,0.6119,partially_compliant,75.09
INV515151,2024-06-01,2024 Q2,678,Importer,Medium,333,Cafe,Coffee_Beans,6.539338,25.0,163.48,88.79,0.5431,partially_compliant,74.7
INV517758,2024-06-01,2024 Q2,690,Importer,Small,336,Cafe,Coffee_Beans,5.879726,25.0,146.99,84.33,0.5737,partially_compliant,62.66
INV522103,2024-06-01,2024 Q2,690,Importer,Small,341,Cafe,Coffee_Beans,7.871041,25.0,196.78,112.89,0.5737,partially_compliant,83.89
INV522972,2024-06-01,2024 Q2,686,Importer,Small,342,Cafe,Coffee_Beans,5.119437,25.0,127.99,1.44,0.0113,non_compliant,126.54
INV523841,2024-06-01,2024 Q2,690,Importer,Small,343,Cafe,Coffee_Beans,17.055549,25.0,426.39,244.62,0.5737,partially_compliant,181.77
INV532531,2024-06-01,2024 Q2,686,Importer,Small,353,Cafe,Coffee_Beans,14.365405,25.0,359.14,4.05,0.0113,non_compliant,355.08
INV534269,2024-06-01,2024 Q2,678,Importer,Medium,355,Cafe,Coffee_Beans,21.321895,25.0,533.05,289.5,0.5431,partially_compliant,243.55
INV536876,2024-06-01,2024 Q2,679,Importer,Large,358,Cafe,Coffee_Beans,7.519092,25.0,187.98,97.54,0.5189,partially_compliant,90.44
INV542297,2024-06-01,2024 Q2,673,Importer,Medium,365,Fine_Dine_Meat,Beer,31.148172,3.0,93.44,89.74,0.9604,compliant,3.7
INV544508,2024-06-01,2024 Q2,692,Importer,Large,369,Fine_Dine_Meat,Wine,18.232743,10.67,194.54,119.04,0.6119,partially_compliant,75.51
INV547273,2024-06-01,2024 Q2,675,Importer,Small,374,Fine_Dine_Meat,Wine,21.736605,10.67,231.93,230.98,0.9959,compliant,0.95
INV547274,2024-06-01,2024 Q2,683,Importer,Small,374,Fine_Dine_Meat,Beer,32.604907,3.0,97.81,69.28,0.7083,partially_compliant,28.54
INV549486,2024-06-01,2024 Q2,679,Importer,Large,378,Fine_Dine_Meat,Beer,24.603212,3.0,73.81,38.3,0.5189,partially_compliant,35.51
INV550038,2024-06-01,2024 Q2,686,Importer,Small,379,Fine_Dine_Meat,Wine,42.977536,10.67,458.57,5.17,0.0113,non_compliant,453.4
INV551697,2024-06-01,2024 Q2,677,Importer,Small,382,Fine_Dine_Meat,Wine,10.191554,10.67,108.74,106.26,0.9772,compliant,2.48
INV552803,2024-06-01,2024 Q2,682,Importer,Small,384,Fine_Dine_Meat,Wine,17.755055,10.67,189.45,136.56,0.7208,partially_compliant,52.89
INV552804,2024-06-01,2024 Q2,680,Importer,Medium,384,Fine_Dine_Meat,Beer,26.632583,3.0,79.9,77.48,0.9697,compliant,2.42
INV555015,2024-06-01,2024 Q2,686,Importer,Small,388,Fine_Dine_Meat,Wine,19.694134,10.67,210.14,2.37,0.0113,non_compliant,207.77
INV555016,2024-06-01,2024 Q2,680,Importer,Medium,388,Fine_Dine_Meat,Beer,29.541202,3.0,88.62,85.94,0.9697,compliant,2.68
INV555568,2024-06-01,2024 Q2,680,Importer,Medium,389,Fine_Dine_Meat,Wine,20.487286,10.67,218.6,211.98,0.9697,compliant,6.62
INV556674,2024-06-01,2024 Q2,692,Importer,Large,391,Fine_Dine_Meat,Wine,22.101342,10.67,235.82,144.3,0.6119,partially_compliant,91.53
INV557228,2024-06-01,2024 Q2,692,Importer,Large,392,Fine_Dine_Meat,Beer,33.420688,3.0,100.26,61.35,0.6119,partially_compliant,38.91
INV558333,2024-06-01,2024 Q2,679,Importer,Large,394,Fine_Dine_Meat,Wine,30.072572,10.67,320.87,166.5,0.5189,partially_compliant,154.37
INV558886,2024-06-01,2024 Q2,686,Importer,Small,395,Fine_Dine_Meat,Wine,37.642971,10.67,401.65,4.53,0.0113,non_compliant,397.12
INV559440,2024-06-01,2024 Q2,685,Importer,Small,396,Fine_Dine_Meat,Beer,65.239236,3.0,195.72,190.81,0.9749,compliant,4.91
INV559993,2024-06-01,2024 Q2,675,Importer,Small,397,Fine_Dine_Meat,Beer,16.840365,3.0,50.52,50.31,0.9959,compliant,0.21
INV561098,2024-06-01,2024 Q2,673,Importer,Medium,399,Fine_Dine_Meat,Wine,35.277287,10.67,376.41,361.51,0.9604,compliant,14.9
INV566075,2024-06-01,2024 Q2,681,Importer,Small,408,Fine_Dine_Meat,Wine,38.960815,10.67,415.71,0.0,0.0,non_compliant,415.71
INV567734,2024-06-01,2024 Q2,673,Importer,Medium,411,Fine_Dine_Meat,Wine,17.782723,10.67,189.74,182.23,0.9604,compliant,7.51
INV567735,2024-06-01,2024 Q2,673,Importer,Medium,411,Fine_Dine_Meat,Beer,26.674084,3.0,80.02,76.85,0.9604,compliant,3.17
INV568287,2024-06-01,2024 Q2,680,Importer,Medium,412,Fine_Dine_Meat,Wine,38.852245,10.67,414.55,402.0,0.9697,compliant,12.56
INV569393,2024-06-01,2024 Q2,689,Importer,Small,414,Fine_Dine_Meat,Wine,28.058314,10.67,299.38,295.49,0.987,compliant,3.9
INV570499,2024-06-01,2024 Q2,680,Importer,Medium,416,Fine_Dine_Meat,Wine,22.132992,10.67,236.16,229.01,0.9697,compliant,7.15
INV571605,2024-06-01,2024 Q2,675,Importer,Small,418,Fine_Dine_Meat,Wine,39.74358,10.67,424.06,422.33,0.9959,compliant,1.73
INV573817,2024-06-01,2024 Q2,673,Importer,Medium,422,Fine_Dine_Meat,Wine,22.40426,10.67,239.05,229.59,0.9604,compliant,9.46
INV576582,2024-06-01,2024 Q2,678,Importer,Medium,427,Fine_Dine_Meat,Wine,19.749885,10.67,210.73,114.45,0.5431,partially_compliant,96.28
INV577135,2024-06-01,2024 Q2,689,Importer,Small,428,Fine_Dine_Meat,Wine,16.200606,10.67,172.86,170.61,0.987,compliant,2.25
INV578241,2024-06-01,2024 Q2,685,Importer,Small,430,Fine_Dine_Meat,Wine,40.951838,10.67,436.96,426.0,0.9749,compliant,10.96
INV578794,2024-06-01,2024 Q2,692,Importer,Large,431,Fine_Dine_Meat,Wine,19.987147,10.67,213.26,130.49,0.6119,partially_compliant,82.77
INV579347,2024-06-01,2024 Q2,673,Importer,Medium,432,Fine_Dine_Meat,Wine,38.965832,10.67,415.77,399.3,0.9604,compliant,16.46
INV579901,2024-06-01,2024 Q2,679,Importer,Large,433,Fine_Dine_Meat,Beer,13.622729,3.0,40.87,21.21,0.5189,partially_compliant,19.66
INV580454,2024-06-01,2024 Q2,692,Importer,Large,434,Fine_Dine_Meat,Beer,24.335524,3.0,73.01,44.67,0.6119,partially_compliant,28.34
INV581007,2024-06-01,2024 Q2,687,Importer,Medium,435,Fine_Dine_Meat,Beer,47.474008,3.0,142.42,108.49,0.7617,partially_compliant,33.94
INV583771,2024-06-01,2024 Q2,679,Importer,Large,440,Fine_Dine_Meat,Wine,20.037506,10.67,213.8,110.94,0.5189,partially_compliant,102.86
INV583772,2024-06-01,2024 Q2,692,Importer,Large,440,Fine_Dine_Meat,Beer,30.056259,3.0,90.17,55.17,0.6119,partially_compliant,35.0
INV587642,2024-06-01,2024 Q2,686,Importer,Small,447,Fine_Dine_Vegetarian,Wine,28.288066,10.67,301.83,3.4,0.0113,non_compliant,298.43
INV588195,2024-06-01,2024 Q2,679,Importer,Large,448,Fine_Dine_Vegetarian,Wine,52.342797,10.67,558.5,289.8,0.5189,partially_compliant,268.7
INV588748,2024-06-01,2024 Q2,692,Importer,Large,449,Fine_Dine_Vegetarian,Wine,70.912007,10.67,756.63,462.97,0.6119,partially_compliant,293.66
INV589301,2024-06-01,2024 Q2,680,Importer,Medium,450,Fine_Dine_Vegetarian,Wine,74.502781,10.67,794.94,770.87,0.9697,compliant,24.08
INV590960,2024-06-01,2024 Q2,682,Importer,Small,453,Fine_Dine_Vegetarian,Wine,49.936055,10.67,532.82,384.06,0.7208,partially_compliant,148.76
INV592619,2024-06-01,2024 Q2,675,Importer,Small,456,Fine_Dine_Vegetarian,Wine,21.66566,10.67,231.17,230.23,0.9959,compliant,0.94
INV594278,2024-06-01,2024 Q2,673,Importer,Medium,459,Fine_Dine_Vegetarian,Wine,23.75086,10.67,253.42,243.39,0.9604,compliant,10.03
INV595937,2024-06-01,2024 Q2,673,Importer,Medium,462,Fine_Dine_Vegetarian,Wine,19.434598,10.67,207.37,199.16,0.9604,compliant,8.21
INV596490,2024-06-01,2024 Q2,690,Importer,Small,463,Fine_Dine_Vegetarian,Wine,45.152429,10.67,481.78,276.39,0.5737,partially_compliant,205.38
INV597043,2024-06-01,2024 Q2,677,Importer,Small,464,Fine_Dine_Vegetarian,Wine,24.774894,10.67,264.35,258.32,0.9772,compliant,6.03
INV599808,2024-06-01,2024 Q2,682,Importer,Small,469,Fine_Dine_Vegetarian,Wine,19.55588,10.67,208.66,150.41,0.7208,partially_compliant,58.26
INV601467,2024-06-01,2024 Q2,689,Importer,Small,472,Fine_Dine_Vegetarian,Wine,21.049722,10.67,224.6,221.68,0.987,compliant,2.92
INV603679,2024-06-01,2024 Q2,692,Importer,Large,476,Fine_Dine_Vegetarian,Wine,23.368571,10.67,249.34,152.57,0.6119,partially_compliant,96.77
INV605338,2024-06-01,2024 Q2,673,Importer,Medium,479,Fine_Dine_Vegetarian,Wine,11.545258,10.67,123.19,118.31,0.9604,compliant,4.88
INV607550,2024-06-01,2024 Q2,675,Importer,Small,483,Fine_Dine_Vegetarian,Wine,38.495618,10.67,410.75,409.07,0.9959,compliant,1.68
INV609209,2024-06-01,2024 Q2,692,Importer,Large,486,Fine_Dine_Vegetarian,Wine,39.017306,10.67,416.31,254.74,0.6119,partially_compliant,161.58
INV613633,2024-06-01,2024 Q2,686,Importer,Small,494,Fine_Dine_Vegetarian,Wine,15.99221,10.67,170.64,1.92,0.0113,non_compliant,168.71
INV616951,2024-06-01,2024 Q2,673,Importer,Medium,500,Fine_Dine_Vegetarian,Wine,26.971648,10.67,287.79,276.39,0.9604,compliant,11.39
INV402192,2024-06-08,2024 Q2,692,Importer,Large,203,Cafe,Coffee_Beans,28.433499,25.0,710.84,434.95,0.6119,partially_compliant,275.89
INV403930,2024-06-08,2024 Q2,680,Importer,Medium,205,Cafe,Coffee_Beans,5.819395,25.0,145.48,141.08,0.9697,compliant,4.41
INV405668,2024-06-08,2024 Q2,684,Importer,Medium,207,Cafe,Coffee_Beans,6.973628,25.0,174.34,169.25,0.9708,compliant,5.09
INV415227,2024-06-08,2024 Q2,677,Importer,Small,218,Cafe,Coffee_Beans,16.018822,25.0,400.47,391.33,0.9772,compliant,9.14
INV420441,2024-06-08,2024 Q2,686,Importer,Small,224,Cafe,Coffee_Beans,3.995022,25.0,99.88,1.13,0.0113,non_compliant,98.75
INV423917,2024-06-08,2024 Q2,677,Importer,Small,228,Cafe,Coffee_Beans,6.493529,25.0,162.34,158.63,0.9772,compliant,3.7
INV425655,2024-06-08,2024 Q2,682,Importer,Small,230,Cafe,Coffee_Beans,7.291587,25.0,182.29,131.4,0.7208,partially_compliant,50.89
INV426524,2024-06-08,2024 Q2,681,Importer,Small,231,Cafe,Coffee_Beans,6.854689,25.0,171.37,0.0,0.0,non_compliant,171.37
INV429131,2024-06-08,2024 Q2,673,Importer,Medium,234,Cafe,Coffee_Beans,6.339218,25.0,158.48,152.21,0.9604,compliant,6.27
INV430000,2024-06-08,2024 Q2,673,Importer,Medium,235,Cafe,Coffee_Beans,30.085284,25.0,752.13,722.35,0.9604,compliant,29.78
INV431738,2024-06-08,2024 Q2,683,Importer,Small,237,Cafe,Coffee_Beans,16.048328,25.0,401.21,284.16,0.7083,partially_compliant,117.05
INV437821,2024-06-08,2024 Q2,682,Importer,Small,244,Cafe,Coffee_Beans,7.816704,25.0,195.42,140.86,0.7208,partially_compliant,54.56
INV439559,2024-06-08,2024 Q2,688,Importer,Small,246,Cafe,Coffee_Beans,10.725645,25.0,268.14,260.56,0.9717,compliant,7.58
INV444773,2024-06-08,2024 Q2,675,Importer,Small,252,Cafe,Coffee_Beans,7.735055,25.0,193.38,192.59,0.9959,compliant,0.79
INV448249,2024-06-08,2024 Q2,678,Importer,Medium,256,Cafe,Coffee_Beans,11.675208,25.0,291.88,158.52,0.5431,partially_compliant,133.36
INV449118,2024-06-08,2024 Q2,680,Importer,Medium,257,Cafe,Coffee_Beans,29.854973,25.0,746.37,723.77,0.9697,compliant,22.61
INV454332,2024-06-08,2024 Q2,675,Importer,Small,263,Cafe,Coffee_Beans,5.881903,25.0,147.05,146.45,0.9959,compliant,0.6
INV459546,2024-06-08,2024 Q2,677,Importer,Small,269,Cafe,Coffee_Beans,5.75193,25.0,143.8,140.52,0.9772,compliant,3.28
INV463891,2024-06-08,2024 Q2,673,Importer,Medium,274,Cafe,Coffee_Beans,7.334003,25.0,183.35,176.09,0.9604,compliant,7.26
INV464760,2024-06-08,2024 Q2,689,Importer,Small,275,Cafe,Coffee_Beans,7.52055,25.0,188.01,185.57,0.987,compliant,2.45
INV465629,2024-06-08,2024 Q2,692,Importer,Large,276,Cafe,Coffee_Beans,6.882501,25.0,172.06,105.28,0.6119,partially_compliant,66.78
INV469974,2024-06-08,2024 Q2,689,Importer,Small,281,Cafe,Coffee_Beans,12.637451,25.0,315.94,311.82,0.987,compliant,4.11
INV475188,2024-06-08,2024 Q2,680,Importer,Medium,287,Cafe,Coffee_Beans,12.11662,25.0,302.92,293.74,0.9697,compliant,9.18
INV477795,2024-06-08,2024 Q2,675,Importer,Small,290,Cafe,Coffee_Beans,5.940669,25.0,148.52,147.91,0.9959,compliant,0.61
INV483878,2024-06-08,2024 Q2,689,Importer,Small,297,Cafe,Coffee_Beans,11.56618,25.0,289.15,285.39,0.987,compliant,3.76
INV484747,2024-06-08,2024 Q2,674,Importer,Small,298,Cafe,Coffee_Beans,6.028041,25.0,150.7,146.08,0.9694,compliant,4.62
INV489961,2024-06-08,2024 Q2,682,Importer,Small,304,Cafe,Coffee_Beans,5.971822,25.0,149.3,107.61,0.7208,partially_compliant,41.68
INV490830,2024-06-08,2024 Q2,682,Importer,Small,305,Cafe,Coffee_Beans,4.629915,25.0,115.75,83.43,0.7208,partially_compliant,32.32
INV496044,2024-06-08,2024 Q2,680,Importer,Medium,311,Cafe,Coffee_Beans,7.348014,25.0,183.7,178.14,0.9697,compliant,5.56
INV496913,2024-06-08,2024 Q2,689,Importer,Small,312,Cafe,Coffee_Beans,7.962539,25.0,199.06,196.47,0.987,compliant,2.59
INV497782,2024-06-08,2024 Q2,682,Importer,Small,313,Cafe,Coffee_Beans,5.109948,25.0,127.75,92.08,0.7208,partially_compliant,35.67
INV502127,2024-06-08,2024 Q2,688,Importer,Small,318,Cafe,Coffee_Beans,21.909679,25.0,547.74,532.26,0.9717,compliant,15.49
INV507341,2024-06-08,2024 Q2,692,Importer,Large,324,Cafe,Coffee_Beans,7.518549,25.0,187.96,115.01,0.6119,partially_compliant,72.95
INV515162,2024-06-08,2024 Q2,678,Importer,Medium,333,Cafe,Coffee_Beans,6.353487,25.0,158.84,86.26,0.5431,partially_compliant,72.57
INV517769,2024-06-08,2024 Q2,690,Importer,Small,336,Cafe,Coffee_Beans,5.933684,25.0,148.34,85.1,0.5737,partially_compliant,63.24
INV522114,2024-06-08,2024 Q2,690,Importer,Small,341,Cafe,Coffee_Beans,7.647343,25.0,191.18,109.68,0.5737,partially_compliant,81.5
INV522983,2024-06-08,2024 Q2,686,Importer,Small,342,Cafe,Coffee_Beans,4.97394,25.0,124.35,1.4,0.0113,non_compliant,122.95
INV523852,2024-06-08,2024 Q2,690,Importer,Small,343,Cafe,Coffee_Beans,17.230426,25.0,430.76,247.13,0.5737,partially_compliant,183.64
INV532542,2024-06-08,2024 Q2,686,Importer,Small,353,Cafe,Coffee_Beans,13.957135,25.0,348.93,3.94,0.0113,non_compliant,344.99
INV534280,2024-06-08,2024 Q2,678,Importer,Medium,355,Cafe,Coffee_Beans,20.715919,25.0,517.9,281.27,0.5431,partially_compliant,236.63
INV536887,2024-06-08,2024 Q2,679,Importer,Large,358,Cafe,Coffee_Beans,7.305397,25.0,182.63,94.77,0.5189,partially_compliant,87.87
INV542304,2024-06-08,2024 Q2,673,Importer,Medium,365,Fine_Dine_Meat,Beer,28.816776,3.0,86.45,83.03,0.9604,compliant,3.42
INV544515,2024-06-08,2024 Q2,692,Importer,Large,369,Fine_Dine_Meat,Wine,16.868049,10.67,179.98,110.13,0.6119,partially_compliant,69.85
INV547280,2024-06-08,2024 Q2,675,Importer,Small,374,Fine_Dine_Meat,Wine,20.109651,10.67,214.57,213.69,0.9959,compliant,0.88
INV547281,2024-06-08,2024 Q2,683,Importer,Small,374,Fine_Dine_Meat,Beer,30.164477,3.0,90.49,64.09,0.7083,partially_compliant,26.4
INV549493,2024-06-08,2024 Q2,679,Importer,Large,378,Fine_Dine_Meat,Beer,22.761697,3.0,68.29,35.43,0.5189,partially_compliant,32.85
INV550045,2024-06-08,2024 Q2,686,Importer,Small,379,Fine_Dine_Meat,Wine,39.76073,10.67,424.25,4.78,0.0113,non_compliant,419.46
INV551704,2024-06-08,2024 Q2,677,Importer,Small,382,Fine_Dine_Meat,Wine,9.42873,10.67,100.6,98.31,0.9772,compliant,2.3
INV552810,2024-06-08,2024 Q2,682,Importer,Small,384,Fine_Dine_Meat,Wine,16.426115,10.67,175.27,126.33,0.7208,partially_compliant,48.93
INV552811,2024-06-08,2024 Q2,680,Importer,Medium,384,Fine_Dine_Meat,Beer,24.639173,3.0,73.92,71.68,0.9697,compliant,2.24
INV555022,2024-06-08,2024 Q2,686,Importer,Small,388,Fine_Dine_Meat,Wine,18.171323,10.67,193.89,2.19,0.0113,non_compliant,191.7
INV555023,2024-06-08,2024 Q2,680,Importer,Medium,388,Fine_Dine_Meat,Beer,27.256985,3.0,81.77,79.29,0.9697,compliant,2.48
INV555575,2024-06-08,2024 Q2,680,Importer,Medium,389,Fine_Dine_Meat,Wine,18.953843,10.67,202.24,196.11,0.9697,compliant,6.13
INV556681,2024-06-08,2024 Q2,692,Importer,Large,391,Fine_Dine_Meat,Wine,20.447088,10.67,218.17,133.5,0.6119,partially_compliant,84.68
INV557235,2024-06-08,2024 Q2,692,Importer,Large,392,Fine_Dine_Meat,Beer,40.545525,3.0,121.64,74.43,0.6119,partially_compliant,47.21
INV558340,2024-06-08,2024 Q2,679,Importer,Large,394,Fine_Dine_Meat,Wine,27.821683,10.67,296.86,154.04,0.5189,partially_compliant,142.82
INV558893,2024-06-08,2024 Q2,686,Importer,Small,395,Fine_Dine_Meat,Wine,34.825449,10.67,371.59,4.19,0.0113,non_compliant,367.4
INV559447,2024-06-08,2024 Q2,685,Importer,Small,396,Fine_Dine_Meat,Beer,60.356173,3.0,181.07,176.53,0.9749,compliant,4.54
INV560000,2024-06-08,2024 Q2,675,Importer,Small,397,Fine_Dine_Meat,Beer,20.201026,3.0,60.6,60.36,0.9959,compliant,0.25
INV561105,2024-06-08,2024 Q2,673,Importer,Medium,399,Fine_Dine_Meat,Wine,32.636834,10.67,348.24,334.45,0.9604,compliant,13.79
INV566082,2024-06-08,2024 Q2,681,Importer,Small,408,Fine_Dine_Meat,Wine,36.044655,10.67,384.6,0.0,0.0,non_compliant,384.6
INV567741,2024-06-08,2024 Q2,673,Importer,Medium,411,Fine_Dine_Meat,Wine,16.451712,10.67,175.54,168.59,0.9604,compliant,6.95
INV567742,2024-06-08,2024 Q2,673,Importer,Medium,411,Fine_Dine_Meat,Beer,24.677567,3.0,74.03,71.1,0.9604,compliant,2.93
INV568294,2024-06-08,2024 Q2,680,Importer,Medium,412,Fine_Dine_Meat,Wine,35.944211,10.67,383.52,371.91,0.9697,compliant,11.62
INV569400,2024-06-08,2024 Q2,689,Importer,Small,414,Fine_Dine_Meat,Wine,21.851527,10.67,233.16,230.12,0.987,compliant,3.03
INV570506,2024-06-08,2024 Q2,680,Importer,Medium,416,Fine_Dine_Meat,Wine,20.47637,10.67,218.48,211.87,0.9697,compliant,6.62
INV571612,2024-06-08,2024 Q2,675,Importer,Small,418,Fine_Dine_Meat,Wine,36.768831,10.67,392.32,390.72,0.9959,compliant,1.6
INV573824,2024-06-08,2024 Q2,673,Importer,Medium,422,Fine_Dine_Meat,Wine,20.727334,10.67,221.16,212.4,0.9604,compliant,8.76
INV576589,2024-06-08,2024 Q2,678,Importer,Medium,427,Fine_Dine_Meat,Wine,18.271635,10.67,194.96,105.88,0.5431,partially_compliant,89.08
INV577142,2024-06-08,2024 Q2,689,Importer,Small,428,Fine_Dine_Meat,Wine,14.988014,10.67,159.92,157.84,0.987,compliant,2.08
INV578248,2024-06-08,2024 Q2,685,Importer,Small,430,Fine_Dine_Meat,Wine,38.247892,10.67,408.11,397.87,0.9749,compliant,10.24
INV578801,2024-06-08,2024 Q2,692,Importer,Large,431,Fine_Dine_Meat,Wine,18.491138,10.67,197.3,120.72,0.6119,partially_compliant,76.58
INV579354,2024-06-08,2024 Q2,673,Importer,Medium,432,Fine_Dine_Meat,Wine,36.049295,10.67,384.65,369.42,0.9604,compliant,15.23
INV579908,2024-06-08,2024 Q2,679,Importer,Large,433,Fine_Dine_Meat,Beer,12.603087,3.0,37.81,19.62,0.5189,partially_compliant,18.19
INV580461,2024-06-08,2024 Q2,692,Importer,Large,434,Fine_Dine_Meat,Beer,22.514046,3.0,67.54,41.33,0.6119,partially_compliant,26.21
INV581014,2024-06-08,2024 Q2,687,Importer,Medium,435,Fine_Dine_Meat,Beer,33.337185,3.0,100.01,76.18,0.7617,partially_compliant,23.83
INV583778,2024-06-08,2024 Q2,679,Importer,Large,440,Fine_Dine_Meat,Wine,18.537727,10.67,197.8,102.64,0.5189,partially_compliant,95.16
INV583779,2024-06-08,2024 Q2,692,Importer,Large,440,Fine_Dine_Meat,Beer,27.806591,3.0,83.42,51.04,0.6119,partially_compliant,32.38
INV587649,2024-06-08,2024 Q2,686,Importer,Small,447,Fine_Dine_Vegetarian,Wine,26.170745,10.67,279.24,3.15,0.0113,non_compliant,276.09
INV588202,2024-06-08,2024 Q2,679,Importer,Large,448,Fine_Dine_Vegetarian,Wine,48.425014,10.67,516.69,268.11,0.5189,partially_compliant,248.58
INV588755,2024-06-08,2024 Q2,692,Importer,Large,449,Fine_Dine_Vegetarian,Wine,65.546408,10.67,699.38,427.94,0.6119,partially_compliant,271.44
INV589308,2024-06-08,2024 Q2,680,Importer,Medium,450,Fine_Dine_Vegetarian,Wine,68.926356,10.67,735.44,713.17,0.9697,compliant,22.28
INV590967,2024-06-08,2024 Q2,682,Importer,Small,453,Fine_Dine_Vegetarian,Wine,46.198413,10.67,492.94,355.31,0.7208,partially_compliant,137.62
INV592626,2024-06-08,2024 Q2,675,Importer,Small,456,Fine_Dine_Vegetarian,Wine,20.044016,10.67,213.87,213.0,0.9959,compliant,0.87
INV594285,2024-06-08,2024 Q2,673,Importer,Medium,459,Fine_Dine_Vegetarian,Wine,21.973143,10.67,234.45,225.17,0.9604,compliant,9.28
INV595944,2024-06-08,2024 Q2,673,Importer,Medium,462,Fine_Dine_Vegetarian,Wine,17.979947,10.67,191.85,184.25,0.9604,compliant,7.6
INV596497,2024-06-08,2024 Q2,690,Importer,Small,463,Fine_Dine_Vegetarian,Wine,41.772835,10.67,445.72,255.71,0.5737,partially_compliant,190.01
INV597050,2024-06-08,2024 Q2,677,Importer,Small,464,Fine_Dine_Vegetarian,Wine,22.920529,10.67,244.56,238.98,0.9772,compliant,5.58
INV599815,2024-06-08,2024 Q2,682,Importer,Small,469,Fine_Dine_Vegetarian,Wine,13.760797,10.67,146.83,105.84,0.7208,partially_compliant,40.99
INV601474,2024-06-08,2024 Q2,689,Importer,Small,472,Fine_Dine_Vegetarian,Wine,19.474181,10.67,207.79,205.08,0.987,compliant,2.7
INV603686,2024-06-08,2024 Q2,692,Importer,Large,476,Fine_Dine_Vegetarian,Wine,21.619467,10.67,230.68,141.15,0.6119,partially_compliant,89.53
INV605345,2024-06-08,2024 Q2,673,Importer,Medium,479,Fine_Dine_Vegetarian,Wine,10.681112,10.67,113.97,109.46,0.9604,compliant,4.51
INV607557,2024-06-08,2024 Q2,675,Importer,Small,483,Fine_Dine_Vegetarian,Wine,35.257704,10.67,376.2,374.66,0.9959,compliant,1.54
INV609216,2024-06-08,2024 Q2,692,Importer,Large,486,Fine_Dine_Vegetarian,Wine,36.096917,10.67,385.15,235.67,0.6119,partially_compliant,149.48
INV613640,2024-06-08,2024 Q2,686,Importer,Small,494,Fine_Dine_Vegetarian,Wine,14.996522,10.67,160.01,1.8,0.0113,non_compliant,158.21
INV616958,2024-06-08,2024 Q2,673,Importer,Medium,500,Fine_Dine_Vegetarian,Wine,24.952859,10.67,266.25,255.71,0.9604,compliant,10.54
INV402203,2024-06-15,2024 Q2,692,Importer,Large,203,Cafe,Coffee_Beans,28.205309,25.0,705.13,431.46,0.6119,partially_compliant,273.67
INV403941,2024-06-15,2024 Q2,680,Importer,Medium,205,Cafe,Coffee_Beans,5.772692,25.0,144.32,139.95,0.9697,compliant,4.37
INV405679,2024-06-15,2024 Q2,684,Importer,Medium,207,Cafe,Coffee_Beans,6.917662,25.0,172.94,167.89,0.9708,compliant,5.05
INV415238,2024-06-15,2024 Q2,677,Importer,Small,218,Cafe,Coffee_Beans,15.890264,25.0,397.26,388.19,0.9772,compliant,9.06
INV420452,2024-06-15,2024 Q2,686,Importer,Small,224,Cafe,Coffee_Beans,3.96296,25.0,99.07,1.12,0.0113,non_compliant,97.96
INV423928,2024-06-15,2024 Q2,677,Importer,Small,228,Cafe,Coffee_Beans,6.441416,25.0,161.04,157.36,0.9772,compliant,3.67
INV425666,2024-06-15,2024 Q2,682,Importer,Small,230,Cafe,Coffee_Beans,7.233069,25.0,180.83,130.34,0.7208,partially_compliant,50.48
INV426535,2024-06-15,2024 Q2,681,Importer,Small,231,Cafe,Coffee_Beans,6.799677,25.0,169.99,0.0,0.0,non_compliant,169.99
INV429142,2024-06-15,2024 Q2,673,Importer,Medium,234,Cafe,Coffee_Beans,6.288343,25.0,157.21,150.98,0.9604,compliant,6.22
INV430011,2024-06-15,2024 Q2,673,Importer,Medium,235,Cafe,Coffee_Beans,29.843838,25.0,746.1,716.56,0.9604,compliant,29.54
INV431749,2024-06-15,2024 Q2,683,Importer,Small,237,Cafe,Coffee_Beans,15.919534,25.0,397.99,281.88,0.7083,partially_compliant,116.11
INV437832,2024-06-15,2024 Q2,682,Importer,Small,244,Cafe,Coffee_Beans,7.753972,25.0,193.85,139.73,0.7208,partially_compliant,54.12
INV439570,2024-06-15,2024 Q2,688,Importer,Small,246,Cafe,Coffee_Beans,9.982826,25.0,249.57,242.51,0.9717,compliant,7.06
INV444784,2024-06-15,2024 Q2,675,Importer,Small,252,Cafe,Coffee_Beans,7.672978,25.0,191.82,191.04,0.9959,compliant,0.78
INV448260,2024-06-15,2024 Q2,678,Importer,Medium,256,Cafe,Coffee_Beans,11.58151,25.0,289.54,157.25,0.5431,partially_compliant,132.29
INV449129,2024-06-15,2024 Q2,680,Importer,Medium,257,Cafe,Coffee_Beans,29.615375,25.0,740.38,717.96,0.9697,compliant,22.43
INV454343,2024-06-15,2024 Q2,675,Importer,Small,263,Cafe,Coffee_Beans,5.834698,25.0,145.87,145.27,0.9959,compliant,0.6
INV459557,2024-06-15,2024 Q2,677,Importer,Small,269,Cafe,Coffee_Beans,5.705769,25.0,142.64,139.39,0.9772,compliant,3.25
INV463902,2024-06-15,2024 Q2,673,Importer,Medium,274,Cafe,Coffee_Beans,7.275145,25.0,181.88,174.68,0.9604,compliant,7.2
INV464771,2024-06-15,2024 Q2,689,Importer,Small,275,Cafe,Coffee_Beans,7.460194,25.0,186.5,184.08,0.987,compliant,2.43
INV465640,2024-06-15,2024 Q2,692,Importer,Large,276,Cafe,Coffee_Beans,6.827266,25.0,170.68,104.44,0.6119,partially_compliant,66.24
INV469985,2024-06-15,2024 Q2,689,Importer,Small,281,Cafe,Coffee_Beans,12.536031,25.0,313.4,309.32,0.987,compliant,4.08
INV475199,2024-06-15,2024 Q2,680,Importer,Medium,287,Cafe,Coffee_Beans,11.253488,25.0,281.34,272.82,0.9697,compliant,8.52
INV477806,2024-06-15,2024 Q2,675,Importer,Small,290,Cafe,Coffee_Beans,5.892993,25.0,147.32,146.72,0.9959,compliant,0.6
INV483889,2024-06-15,2024 Q2,689,Importer,Small,297,Cafe,Coffee_Beans,10.577675,25.0,264.44,261.0,0.987,compliant,3.44
INV484758,2024-06-15,2024 Q2,674,Importer,Small,298,Cafe,Coffee_Beans,5.979664,25.0,149.49,144.91,0.9694,compliant,4.58
INV489972,2024-06-15,2024 Q2,682,Importer,Small,304,Cafe,Coffee_Beans,5.923896,25.0,148.1,106.75,0.7208,partially_compliant,41.35
INV490841,2024-06-15,2024 Q2,682,Importer,Small,305,Cafe,Coffee_Beans,4.023124,25.0,100.58,72.5,0.7208,partially_compliant,28.08
INV496055,2024-06-15,2024 Q2,680,Importer,Medium,311,Cafe,Coffee_Beans,7.289044,25.0,182.23,176.71,0.9697,compliant,5.52
INV496924,2024-06-15,2024 Q2,689,Importer,Small,312,Cafe,Coffee_Beans,7.898637,25.0,197.47,194.9,0.987,compliant,2.57
INV497793,2024-06-15,2024 Q2,682,Importer,Small,313,Cafe,Coffee_Beans,3.954662,25.0,98.87,71.26,0.7208,partially_compliant,27.6
INV502138,2024-06-15,2024 Q2,688,Importer,Small,318,Cafe,Coffee_Beans,20.710161,25.0,517.75,503.12,0.9717,compliant,14.64
INV507352,2024-06-15,2024 Q2,692,Importer,Large,324,Cafe,Coffee_Beans,7.45821,25.0,186.46,114.09,0.6119,partially_compliant,72.37
INV515173,2024-06-15,2024 Q2,678,Importer,Medium,333,Cafe,Coffee_Beans,6.302498,25.0,157.56,85.57,0.5431,partially_compliant,71.99
INV517780,2024-06-15,2024 Q2,690,Importer,Small,336,Cafe,Coffee_Beans,6.052446,25.0,151.31,86.81,0.5737,partially_compliant,64.5
INV522125,2024-06-15,2024 Q2,690,Importer,Small,341,Cafe,Coffee_Beans,7.58597,25.0,189.65,108.8,0.5737,partially_compliant,80.85
INV522994,2024-06-15,2024 Q2,686,Importer,Small,342,Cafe,Coffee_Beans,4.934022,25.0,123.35,1.39,0.0113,non_compliant,121.96
INV523863,2024-06-15,2024 Q2,690,Importer,Small,343,Cafe,Coffee_Beans,17.580883,25.0,439.52,252.15,0.5737,partially_compliant,187.37
INV532553,2024-06-15,2024 Q2,686,Importer,Small,353,Cafe,Coffee_Beans,13.845123,25.0,346.13,3.9,0.0113,non_compliant,342.22
INV534291,2024-06-15,2024 Q2,678,Importer,Medium,355,Cafe,Coffee_Beans,20.549665,25.0,513.74,279.01,0.5431,partially_compliant,234.73
INV536898,2024-06-15,2024 Q2,679,Importer,Large,358,Cafe,Coffee_Beans,7.246768,25.0,181.17,94.01,0.5189,partially_compliant,87.16
INV542311,2024-06-15,2024 Q2,673,Importer,Medium,365,Fine_Dine_Meat,Beer,28.796815,3.0,86.39,82.97,0.9604,compliant,3.42
INV544522,2024-06-15,2024 Q2,692,Importer,Large,369,Fine_Dine_Meat,Wine,16.856365,10.67,179.86,110.05,0.6119,partially_compliant,69.81
INV547287,2024-06-15,2024 Q2,675,Importer,Small,374,Fine_Dine_Meat,Wine,20.095722,10.67,214.42,213.55,0.9959,compliant,0.88
INV547288,2024-06-15,2024 Q2,683,Importer,Small,374,Fine_Dine_Meat,Beer,30.143583,3.0,90.43,64.05,0.7083,partially_compliant,26.38
INV549500,2024-06-15,2024 Q2,679,Importer,Large,378,Fine_Dine_Meat,Beer,22.745931,3.0,68.24,35.41,0.5189,partially_compliant,32.83
INV550052,2024-06-15,2024 Q2,686,Importer,Small,379,Fine_Dine_Meat,Wine,39.733189,10.67,423.95,4.78,0.0113,non_compliant,419.17
INV551711,2024-06-15,2024 Q2,677,Importer,Small,382,Fine_Dine_Meat,Wine,9.422199,10.67,100.53,98.24,0.9772,compliant,2.29
INV552817,2024-06-15,2024 Q2,682,Importer,Small,384,Fine_Dine_Meat,Wine,16.414737,10.67,175.15,126.25,0.7208,partially_compliant,48.9
INV552818,2024-06-15,2024 Q2,680,Importer,Medium,384,Fine_Dine_Meat,Beer,24.622106,3.0,73.87,71.63,0.9697,compliant,2.24
INV555029,2024-06-15,2024 Q2,686,Importer,Small,388,Fine_Dine_Meat,Wine,18.118575,10.67,193.33,2.18,0.0113,non_compliant,191.14
INV555030,2024-06-15,2024 Q2,680,Importer,Medium,388,Fine_Dine_Meat,Beer,27.177863,3.0,81.53,79.06,0.9697,compliant,2.47
INV555582,2024-06-15,2024 Q2,680,Importer,Medium,389,Fine_Dine_Meat,Wine,18.940714,10.67,202.1,195.98,0.9697,compliant,6.12
INV556688,2024-06-15,2024 Q2,692,Importer,Large,391,Fine_Dine_Meat,Wine,20.432925,10.67,218.02,133.4,0.6119,partially_compliant,84.62
INV557242,2024-06-15,2024 Q2,692,Importer,Large,392,Fine_Dine_Meat,Beer,47.505943,3.0,142.52,87.2,0.6119,partially_compliant,55.31
INV558347,2024-06-15,2024 Q2,679,Importer,Large,394,Fine_Dine_Meat,Wine,27.802412,10.67,296.65,153.93,0.5189,partially_compliant,142.72
INV558900,2024-06-15,2024 Q2,686,Importer,Small,395,Fine_Dine_Meat,Wine,34.801326,10.67,371.33,4.19,0.0113,non_compliant,367.14
INV559454,2024-06-15,2024 Q2,685,Importer,Small,396,Fine_Dine_Meat,Beer,60.314366,3.0,180.94,176.4,0.9749,compliant,4.54
INV560007,2024-06-15,2024 Q2,675,Importer,Small,397,Fine_Dine_Meat,Beer,28.300752,3.0,84.9,84.56,0.9959,compliant,0.35
INV561112,2024-06-15,2024 Q2,673,Importer,Medium,399,Fine_Dine_Meat,Wine,32.614227,10.67,347.99,334.22,0.9604,compliant,13.78
INV566089,2024-06-15,2024 Q2,681,Importer,Small,408,Fine_Dine_Meat,Wine,36.019688,10.67,384.33,0.0,0.0,non_compliant,384.33
INV567748,2024-06-15,2024 Q2,673,Importer,Medium,411,Fine_Dine_Meat,Wine,16.440316,10.67,175.42,168.47,0.9604,compliant,6.95
INV567749,2024-06-15,2024 Q2,673,Importer,Medium,411,Fine_Dine_Meat,Beer,24.660474,3.0,73.98,71.05,0.9604,compliant,2.93
INV568301,2024-06-15,2024 Q2,680,Importer,Medium,412,Fine_Dine_Meat,Wine,35.919314,10.67,383.26,371.65,0.9697,compliant,11.61
INV569407,2024-06-15,2024 Q2,689,Importer,Small,414,Fine_Dine_Meat,Wine,18.88731,10.67,201.53,198.9,0.987,compliant,2.62
INV570513,2024-06-15,2024 Q2,680,Importer,Medium,416,Fine_Dine_Meat,Wine,20.462186,10.67,218.33,211.72,0.9697,compliant,6.61
INV571619,2024-06-15,2024 Q2,675,Importer,Small,418,Fine_Dine_Meat,Wine,36.743362,10.67,392.05,390.45,0.9959,compliant,1.6
INV573831,2024-06-15,2024 Q2,673,Importer,Medium,422,Fine_Dine_Meat,Wine,20.712977,10.67,221.01,212.26,0.9604,compliant,8.75
INV576596,2024-06-15,2024 Q2,678,Importer,Medium,427,Fine_Dine_Meat,Wine,18.258979,10.67,194.82,105.81,0.5431,partially_compliant,89.01
INV577149,2024-06-15,2024 Q2,689,Importer,Small,428,Fine_Dine_Meat,Wine,14.977632,10.67,159.81,157.73,0.987,compliant,2.08
INV578255,2024-06-15,2024 Q2,685,Importer,Small,430,Fine_Dine_Meat,Wine,38.52875,10.67,411.1,400.79,0.9749,compliant,10.31
INV578808,2024-06-15,2024 Q2,692,Importer,Large,431,Fine_Dine_Meat,Wine,18.47833,10.67,197.16,120.64,0.6119,partially_compliant,76.52
INV579361,2024-06-15,2024 Q2,673,Importer,Medium,432,Fine_Dine_Meat,Wine,36.024325,10.67,384.38,369.16,0.9604,compliant,15.22
INV579915,2024-06-15,2024 Q2,679,Importer,Large,433,Fine_Dine_Meat,Beer,12.594357,3.0,37.78,19.61,0.5189,partially_compliant,18.18
INV580468,2024-06-15,2024 Q2,692,Importer,Large,434,Fine_Dine_Meat,Beer,22.498451,3.0,67.5,41.3,0.6119,partially_compliant,26.2
INV581021,2024-06-15,2024 Q2,687,Importer,Medium,435,Fine_Dine_Meat,Beer,27.247073,3.0,81.74,62.26,0.7617,partially_compliant,19.48
INV583785,2024-06-15,2024 Q2,679,Importer,Large,440,Fine_Dine_Meat,Wine,18.524887,10.67,197.66,102.56,0.5189,partially_compliant,95.1
INV583786,2024-06-15,2024 Q2,692,Importer,Large,440,Fine_Dine_Meat,Beer,27.78733,3.0,83.36,51.01,0.6119,partially_compliant,32.35
INV587656,2024-06-15,2024 Q2,686,Importer,Small,447,Fine_Dine_Vegetarian,Wine,26.152617,10.67,279.05,3.15,0.0113,non_compliant,275.9
INV588209,2024-06-15,2024 Q2,679,Importer,Large,448,Fine_Dine_Vegetarian,Wine,48.391472,10.67,516.34,267.92,0.5189,partially_compliant,248.41
INV588762,2024-06-15,2024 Q2,692,Importer,Large,449,Fine_Dine_Vegetarian,Wine,65.455763,10.67,698.41,427.35,0.6119,partially_compliant,271.07
INV589315,2024-06-15,2024 Q2,680,Importer,Medium,450,Fine_Dine_Vegetarian,Wine,68.878613,10.67,734.93,712.67,0.9697,compliant,22.26
INV590974,2024-06-15,2024 Q2,682,Importer,Small,453,Fine_Dine_Vegetarian,Wine,46.166413,10.67,492.6,355.07,0.7208,partially_compliant,137.53
INV592633,2024-06-15,2024 Q2,675,Importer,Small,456,Fine_Dine_Vegetarian,Wine,20.030132,10.67,213.72,212.85,0.9959,compliant,0.87
INV594292,2024-06-15,2024 Q2,673,Importer,Medium,459,Fine_Dine_Vegetarian,Wine,21.957923,10.67,234.29,225.02,0.9604,compliant,9.28
INV595951,2024-06-15,2024 Q2,673,Importer,Medium,462,Fine_Dine_Vegetarian,Wine,17.967492,10.67,191.71,184.12,0.9604,compliant,7.59
INV596504,2024-06-15,2024 Q2,690,Importer,Small,463,Fine_Dine_Vegetarian,Wine,41.7439,10.67,445.41,255.53,0.5737,partially_compliant,189.88
INV597057,2024-06-15,2024 Q2,677,Importer,Small,464,Fine_Dine_Vegetarian,Wine,22.904652,10.67,244.39,238.82,0.9772,compliant,5.58
INV599822,2024-06-15,2024 Q2,682,Importer,Small,469,Fine_Dine_Vegetarian,Wine,12.554681,10.67,133.96,96.56,0.7208,partially_compliant,37.4
INV601481,2024-06-15,2024 Q2,689,Importer,Small,472,Fine_Dine_Vegetarian,Wine,19.460692,10.67,207.65,204.94,0.987,compliant,2.7
INV603693,2024-06-15,2024 Q2,692,Importer,Large,476,Fine_Dine_Vegetarian,Wine,21.604492,10.67,230.52,141.05,0.6119,partially_compliant,89.47
INV605352,2024-06-15,2024 Q2,673,Importer,Medium,479,Fine_Dine_Vegetarian,Wine,10.673713,10.67,113.89,109.38,0.9604,compliant,4.51
INV607564,2024-06-15,2024 Q2,675,Importer,Small,483,Fine_Dine_Vegetarian,Wine,31.841644,10.67,339.75,338.36,0.9959,compliant,1.39
INV609223,2024-06-15,2024 Q2,692,Importer,Large,486,Fine_Dine_Vegetarian,Wine,36.071914,10.67,384.89,235.51,0.6119,partially_compliant,149.38
INV613647,2024-06-15,2024 Q2,686,Importer,Small,494,Fine_Dine_Vegetarian,Wine,15.15702,10.67,161.73,1.82,0.0113,non_compliant,159.9
INV616965,2024-06-15,2024 Q2,673,Importer,Medium,500,Fine_Dine_Vegetarian,Wine,24.935575,10.67,266.06,255.53,0.9604,compliant,10.53
INV402214,2024-06-22,2024 Q2,692,Importer,Large,203,Cafe,Coffee_Beans,29.795347,25.0,744.88,455.78,0.6119,partially_compliant,289.1
INV403952,2024-06-22,2024 Q2,680,Importer,Medium,205,Cafe,Coffee_Beans,6.09812,25.0,152.45,147.84,0.9697,compliant,4.62
INV405690,2024-06-22,2024 Q2,684,Importer,Medium,207,Cafe,Coffee_Beans,7.307636,25.0,182.69,177.36,0.9708,compliant,5.33
INV415249,2024-06-22,2024 Q2,677,Importer,Small,218,Cafe,Coffee_Beans,16.786058,25.0,419.65,410.08,0.9772,compliant,9.57
INV420463,2024-06-22,2024 Q2,686,Importer,Small,224,Cafe,Coffee_Beans,4.186367,25.0,104.66,1.18,0.0113,non_compliant,103.48
INV423939,2024-06-22,2024 Q2,677,Importer,Small,228,Cafe,Coffee_Beans,6.804542,25.0,170.11,166.23,0.9772,compliant,3.88
INV425677,2024-06-22,2024 Q2,682,Importer,Small,230,Cafe,Coffee_Beans,7.640824,25.0,191.02,137.69,0.7208,partially_compliant,53.33
INV426546,2024-06-22,2024 Q2,681,Importer,Small,231,Cafe,Coffee_Beans,7.183,25.0,179.57,0.0,0.0,non_compliant,179.57
INV429153,2024-06-22,2024 Q2,673,Importer,Medium,234,Cafe,Coffee_Beans,6.642841,25.0,166.07,159.5,0.9604,compliant,6.57
INV430022,2024-06-22,2024 Q2,673,Importer,Medium,235,Cafe,Coffee_Beans,31.526246,25.0,788.16,756.95,0.9604,compliant,31.2
INV431760,2024-06-22,2024 Q2,683,Importer,Small,237,Cafe,Coffee_Beans,16.816978,25.0,420.42,297.77,0.7083,partially_compliant,122.65
INV437843,2024-06-22,2024 Q2,682,Importer,Small,244,Cafe,Coffee_Beans,8.191092,25.0,204.78,147.61,0.7208,partially_compliant,57.17
INV439581,2024-06-22,2024 Q2,688,Importer,Small,246,Cafe,Coffee_Beans,9.949546,25.0,248.74,241.71,0.9717,compliant,7.03
INV444795,2024-06-22,2024 Q2,675,Importer,Small,252,Cafe,Coffee_Beans,8.105533,25.0,202.64,201.81,0.9959,compliant,0.83
INV448271,2024-06-22,2024 Q2,678,Importer,Medium,256,Cafe,Coffee_Beans,12.234403,25.0,305.86,166.11,0.5431,partially_compliant,139.75
INV449140,2024-06-22,2024 Q2,680,Importer,Medium,257,Cafe,Coffee_Beans,31.284904,25.0,782.12,758.43,0.9697,compliant,23.69
INV454354,2024-06-22,2024 Q2,675,Importer,Small,263,Cafe,Coffee_Beans,6.163622,25.0,154.09,153.46,0.9959,compliant,0.63
INV459568,2024-06-22,2024 Q2,677,Importer,Small,269,Cafe,Coffee_Beans,6.027424,25.0,150.69,147.25,0.9772,compliant,3.44
INV463913,2024-06-22,2024 Q2,673,Importer,Medium,274,Cafe,Coffee_Beans,7.685272,25.0,192.13,184.53,0.9604,compliant,7.61
INV464782,2024-06-22,2024 Q2,689,Importer,Small,275,Cafe,Coffee_Beans,7.880753,25.0,197.02,194.45,0.987,compliant,2.56
INV465651,2024-06-22,2024 Q2,692,Importer,Large,276,Cafe,Coffee_Beans,7.212144,25.0,180.3,110.32,0.6119,partially_compliant,69.98
INV469996,2024-06-22,2024 Q2,689,Importer,Small,281,Cafe,Coffee_Beans,13.242734,25.0,331.07,326.76,0.987,compliant,4.31
INV475210,2024-06-22,2024 Q2,680,Importer,Medium,287,Cafe,Coffee_Beans,11.120868,25.0,278.02,269.6,0.9697,compliant,8.42
INV477817,2024-06-22,2024 Q2,675,Importer,Small,290,Cafe,Coffee_Beans,6.225203,25.0,155.63,154.99,0.9959,compliant,0.64
INV483900,2024-06-22,2024 Q2,689,Importer,Small,297,Cafe,Coffee_Beans,10.517021,25.0,262.93,259.5,0.987,compliant,3.42
INV484769,2024-06-22,2024 Q2,674,Importer,Small,298,Cafe,Coffee_Beans,6.316759,25.0,157.92,153.08,0.9694,compliant,4.84
INV489983,2024-06-22,2024 Q2,682,Importer,Small,304,Cafe,Coffee_Beans,6.257848,25.0,156.45,112.77,0.7208,partially_compliant,43.68
INV490852,2024-06-22,2024 Q2,682,Importer,Small,305,Cafe,Coffee_Beans,3.74434,25.0,93.61,67.47,0.7208,partially_compliant,26.13
INV496066,2024-06-22,2024 Q2,680,Importer,Medium,311,Cafe,Coffee_Beans,7.699954,25.0,192.5,186.67,0.9697,compliant,5.83
INV496935,2024-06-22,2024 Q2,689,Importer,Small,312,Cafe,Coffee_Beans,8.343912,25.0,208.6,205.88,0.987,compliant,2.72
INV497804,2024-06-22,2024 Q2,682,Importer,Small,313,Cafe,Coffee_Beans,4.162018,25.0,104.05,75.0,0.7208,partially_compliant,29.05
INV502149,2024-06-22,2024 Q2,688,Importer,Small,318,Cafe,Coffee_Beans,21.059502,25.0,526.49,511.6,0.9717,compliant,14.89
INV507363,2024-06-22,2024 Q2,692,Importer,Large,324,Cafe,Coffee_Beans,7.878657,25.0,196.97,120.52,0.6119,partially_compliant,76.45
INV515184,2024-06-22,2024 Q2,678,Importer,Medium,333,Cafe,Coffee_Beans,6.657793,25.0,166.44,90.4,0.5431,partially_compliant,76.05
INV517791,2024-06-22,2024 Q2,690,Importer,Small,336,Cafe,Coffee_Beans,6.525257,25.0,163.13,93.59,0.5737,partially_compliant,69.54
INV522136,2024-06-22,2024 Q2,690,Importer,Small,341,Cafe,Coffee_Beans,8.01362,25.0,200.34,114.93,0.5737,partially_compliant,85.41
INV523005,2024-06-22,2024 Q2,686,Importer,Small,342,Cafe,Coffee_Beans,5.212172,25.0,130.3,1.47,0.0113,non_compliant,128.83
INV523874,2024-06-22,2024 Q2,690,Importer,Small,343,Cafe,Coffee_Beans,18.952561,25.0,473.81,271.83,0.5737,partially_compliant,201.99
INV532564,2024-06-22,2024 Q2,686,Importer,Small,353,Cafe,Coffee_Beans,14.625625,25.0,365.64,4.12,0.0113,non_compliant,361.52
INV534302,2024-06-22,2024 Q2,678,Importer,Medium,355,Cafe,Coffee_Beans,21.708126,25.0,542.7,294.74,0.5431,partially_compliant,247.96
INV536909,2024-06-22,2024 Q2,679,Importer,Large,358,Cafe,Coffee_Beans,7.655295,25.0,191.38,99.31,0.5189,partially_compliant,92.08
INV542318,2024-06-22,2024 Q2,673,Importer,Medium,365,Fine_Dine_Meat,Beer,30.661963,3.0,91.99,88.34,0.9604,compliant,3.64
INV544529,2024-06-22,2024 Q2,692,Importer,Large,369,Fine_Dine_Meat,Wine,17.948139,10.67,191.51,117.18,0.6119,partially_compliant,74.33
INV547294,2024-06-22,2024 Q2,675,Importer,Small,374,Fine_Dine_Meat,Wine,21.397306,10.67,228.31,227.38,0.9959,compliant,0.93
INV547295,2024-06-22,2024 Q2,683,Importer,Small,374,Fine_Dine_Meat,Beer,32.095959,3.0,96.29,68.2,0.7083,partially_compliant,28.09
INV549507,2024-06-22,2024 Q2,679,Importer,Large,378,Fine_Dine_Meat,Beer,24.219167,3.0,72.66,37.7,0.5189,partially_compliant,34.96
INV550059,2024-06-22,2024 Q2,686,Importer,Small,379,Fine_Dine_Meat,Wine,42.306677,10.67,451.41,5.09,0.0113,non_compliant,446.32
INV551718,2024-06-22,2024 Q2,677,Importer,Small,382,Fine_Dine_Meat,Wine,10.032468,10.67,107.05,104.6,0.9772,compliant,2.44
INV552824,2024-06-22,2024 Q2,682,Importer,Small,384,Fine_Dine_Meat,Wine,17.477907,10.67,186.49,134.42,0.7208,partially_compliant,52.07
INV552825,2024-06-22,2024 Q2,680,Importer,Medium,384,Fine_Dine_Meat,Beer,26.216861,3.0,78.65,76.27,0.9697,compliant,2.38
INV555036,2024-06-22,2024 Q2,686,Importer,Small,388,Fine_Dine_Meat,Wine,19.25644,10.67,205.47,2.32,0.0113,non_compliant,203.15
INV555037,2024-06-22,2024 Q2,680,Importer,Medium,388,Fine_Dine_Meat,Beer,28.88466,3.0,86.65,84.03,0.9697,compliant,2.62
INV555589,2024-06-22,2024 Q2,680,Importer,Medium,389,Fine_Dine_Meat,Wine,20.167489,10.67,215.19,208.67,0.9697,compliant,6.52
INV556695,2024-06-22,2024 Q2,692,Importer,Large,391,Fine_Dine_Meat,Wine,21.75635,10.67,232.14,142.04,0.6119,partially_compliant,90.1
INV557249,2024-06-22,2024 Q2,692,Importer,Large,392,Fine_Dine_Meat,Beer,52.452473,3.0,157.36,96.28,0.6119,partially_compliant,61.07
INV558354,2024-06-22,2024 Q2,679,Importer,Large,394,Fine_Dine_Meat,Wine,29.603153,10.67,315.87,163.9,0.5189,partially_compliant,151.96
INV558907,2024-06-22,2024 Q2,686,Importer,Small,395,Fine_Dine_Meat,Wine,37.055381,10.67,395.38,4.46,0.0113,non_compliant,390.92
INV559461,2024-06-22,2024 Q2,685,Importer,Small,396,Fine_Dine_Meat,Beer,64.220881,3.0,192.66,187.83,0.9749,compliant,4.83
INV560014,2024-06-22,2024 Q2,675,Importer,Small,397,Fine_Dine_Meat,Beer,36.846073,3.0,110.54,110.09,0.9959,compliant,0.45
INV561119,2024-06-22,2024 Q2,673,Importer,Medium,399,Fine_Dine_Meat,Wine,34.726625,10.67,370.53,355.86,0.9604,compliant,14.67
INV566096,2024-06-22,2024 Q2,681,Importer,Small,408,Fine_Dine_Meat,Wine,38.352655,10.67,409.22,0.0,0.0,non_compliant,409.22
INV567755,2024-06-22,2024 Q2,673,Importer,Medium,411,Fine_Dine_Meat,Wine,17.505143,10.67,186.78,179.39,0.9604,compliant,7.39
INV567756,2024-06-22,2024 Q2,673,Importer,Medium,411,Fine_Dine_Meat,Beer,26.257714,3.0,78.77,75.65,0.9604,compliant,3.12
INV568308,2024-06-22,2024 Q2,680,Importer,Medium,412,Fine_Dine_Meat,Wine,38.24578,10.67,408.08,395.72,0.9697,compliant,12.36
INV569414,2024-06-22,2024 Q2,689,Importer,Small,414,Fine_Dine_Meat,Wine,19.829258,10.67,211.58,208.82,0.987,compliant,2.75
INV570520,2024-06-22,2024 Q2,680,Importer,Medium,416,Fine_Dine_Meat,Wine,21.787507,10.67,232.47,225.43,0.9697,compliant,7.04
INV571626,2024-06-22,2024 Q2,675,Importer,Small,418,Fine_Dine_Meat,Wine,39.123201,10.67,417.44,415.74,0.9959,compliant,1.7
INV573838,2024-06-22,2024 Q2,673,Importer,Medium,422,Fine_Dine_Meat,Wine,22.05454,10.67,235.32,226.01,0.9604,compliant,9.32
INV576603,2024-06-22,2024 Q2,678,Importer,Medium,427,Fine_Dine_Meat,Wine,19.441599,10.67,207.44,112.66,0.5431,partially_compliant,94.78
INV577156,2024-06-22,2024 Q2,689,Importer,Small,428,Fine_Dine_Meat,Wine,15.947722,10.67,170.16,167.95,0.987,compliant,2.21
INV578262,2024-06-22,2024 Q2,685,Importer,Small,430,Fine_Dine_Meat,Wine,41.306,10.67,440.74,429.68,0.9749,compliant,11.06
INV578815,2024-06-22,2024 Q2,692,Importer,Large,431,Fine_Dine_Meat,Wine,19.675157,10.67,209.93,128.46,0.6119,partially_compliant,81.48
INV579368,2024-06-22,2024 Q2,673,Importer,Medium,432,Fine_Dine_Meat,Wine,38.357593,10.67,409.28,393.07,0.9604,compliant,16.2
INV579922,2024-06-22,2024 Q2,679,Importer,Large,433,Fine_Dine_Meat,Beer,13.410084,3.0,40.23,20.88,0.5189,partially_compliant,19.35
INV580475,2024-06-22,2024 Q2,692,Importer,Large,434,Fine_Dine_Meat,Beer,23.955658,3.0,71.87,43.97,0.6119,partially_compliant,27.89
INV581028,2024-06-22,2024 Q2,687,Importer,Medium,435,Fine_Dine_Meat,Beer,28.667906,3.0,86.0,65.51,0.7617,partially_compliant,20.49
INV583792,2024-06-22,2024 Q2,679,Importer,Large,440,Fine_Dine_Meat,Wine,19.72473,10.67,210.46,109.21,0.5189,partially_compliant,101.25
INV583793,2024-06-22,2024 Q2,692,Importer,Large,440,Fine_Dine_Meat,Beer,29.587094,3.0,88.76,54.31,0.6119,partially_compliant,34.45
INV587663,2024-06-22,2024 Q2,686,Importer,Small,447,Fine_Dine_Vegetarian,Wine,27.846502,10.67,297.12,3.35,0.0113,non_compliant,293.77
INV588216,2024-06-22,2024 Q2,679,Importer,Large,448,Fine_Dine_Vegetarian,Wine,51.52575,10.67,549.78,285.28,0.5189,partially_compliant,264.5
INV588769,2024-06-22,2024 Q2,692,Importer,Large,449,Fine_Dine_Vegetarian,Wine,69.657211,10.67,743.24,454.78,0.6119,partially_compliant,288.46
INV589322,2024-06-22,2024 Q2,680,Importer,Medium,450,Fine_Dine_Vegetarian,Wine,73.339827,10.67,782.54,758.83,0.9697,compliant,23.7
INV590981,2024-06-22,2024 Q2,682,Importer,Small,453,Fine_Dine_Vegetarian,Wine,49.156576,10.67,524.5,378.07,0.7208,partially_compliant,146.43
INV592640,2024-06-22,2024 Q2,675,Importer,Small,456,Fine_Dine_Vegetarian,Wine,21.327469,10.67,227.56,226.63,0.9959,compliant,0.93
INV594299,2024-06-22,2024 Q2,673,Importer,Medium,459,Fine_Dine_Vegetarian,Wine,23.38012,10.67,249.47,239.59,0.9604,compliant,9.88
INV595958,2024-06-22,2024 Q2,673,Importer,Medium,462,Fine_Dine_Vegetarian,Wine,19.131233,10.67,204.13,196.05,0.9604,compliant,8.08
INV596511,2024-06-22,2024 Q2,690,Importer,Small,463,Fine_Dine_Vegetarian,Wine,44.44762,10.67,474.26,272.08,0.5737,partially_compliant,202.18
INV597064,2024-06-22,2024 Q2,677,Importer,Small,464,Fine_Dine_Vegetarian,Wine,24.388169,10.67,260.22,254.29,0.9772,compliant,5.94
INV599829,2024-06-22,2024 Q2,682,Importer,Small,469,Fine_Dine_Vegetarian,Wine,13.367838,10.67,142.63,102.81,0.7208,partially_compliant,39.82
INV601488,2024-06-22,2024 Q2,689,Importer,Small,472,Fine_Dine_Vegetarian,Wine,20.721146,10.67,221.09,218.22,0.987,compliant,2.88
INV603700,2024-06-22,2024 Q2,692,Importer,Large,476,Fine_Dine_Vegetarian,Wine,23.003798,10.67,245.45,150.19,0.6119,partially_compliant,95.26
INV605359,2024-06-22,2024 Q2,673,Importer,Medium,479,Fine_Dine_Vegetarian,Wine,11.365042,10.67,121.26,116.46,0.9604,compliant,4.8
INV607571,2024-06-22,2024 Q2,675,Importer,Small,483,Fine_Dine_Vegetarian,Wine,30.287417,10.67,323.17,321.85,0.9959,compliant,1.32
INV609230,2024-06-22,2024 Q2,692,Importer,Large,486,Fine_Dine_Vegetarian,Wine,38.408264,10.67,409.82,250.76,0.6119,partially_compliant,159.06
INV613654,2024-06-22,2024 Q2,686,Importer,Small,494,Fine_Dine_Vegetarian,Wine,16.295035,10.67,173.87,1.96,0.0113,non_compliant,171.91
INV616972,2024-06-22,2024 Q2,673,Importer,Medium,500,Fine_Dine_Vegetarian,Wine,26.550633,10.67,283.3,272.08,0.9604,compliant,11.22
INV402225,2024-06-29,2024 Q2,692,Importer,Large,203,Cafe,Coffee_Beans,29.874883,25.0,746.87,457.0,0.6119,partially_compliant,289.87
INV403963,2024-06-29,2024 Q2,680,Importer,Medium,205,Cafe,Coffee_Beans,6.084851,25.0,152.12,147.51,0.9697,compliant,4.61
INV405701,2024-06-29,2024 Q2,684,Importer,Medium,207,Cafe,Coffee_Beans,7.377566,25.0,184.44,179.06,0.9708,compliant,5.38
INV415260,2024-06-29,2024 Q2,677,Importer,Small,218,Cafe,Coffee_Beans,17.01624,25.0,425.41,415.7,0.9772,compliant,9.7
INV420474,2024-06-29,2024 Q2,686,Importer,Small,224,Cafe,Coffee_Beans,4.216812,25.0,105.42,1.19,0.0113,non_compliant,104.23
INV423950,2024-06-29,2024 Q2,677,Importer,Small,228,Cafe,Coffee_Beans,6.979476,25.0,174.49,170.51,0.9772,compliant,3.98
INV425688,2024-06-29,2024 Q2,682,Importer,Small,230,Cafe,Coffee_Beans,7.835984,25.0,195.9,141.21,0.7208,partially_compliant,54.69
INV426557,2024-06-29,2024 Q2,681,Importer,Small,231,Cafe,Coffee_Beans,7.294382,25.0,182.36,0.0,0.0,non_compliant,182.36
INV429164,2024-06-29,2024 Q2,673,Importer,Medium,234,Cafe,Coffee_Beans,6.714896,25.0,167.87,161.23,0.9604,compliant,6.65
INV430033,2024-06-29,2024 Q2,673,Importer,Medium,235,Cafe,Coffee_Beans,31.854509,25.0,796.36,764.83,0.9604,compliant,31.53
INV431771,2024-06-29,2024 Q2,683,Importer,Small,237,Cafe,Coffee_Beans,17.217203,25.0,430.43,304.86,0.7083,partially_compliant,125.57
INV437854,2024-06-29,2024 Q2,682,Importer,Small,244,Cafe,Coffee_Beans,8.317485,25.0,207.94,149.88,0.7208,partially_compliant,58.05
INV439592,2024-06-29,2024 Q2,688,Importer,Small,246,Cafe,Coffee_Beans,10.115732,25.0,252.89,245.74,0.9717,compliant,7.15
INV444806,2024-06-29,2024 Q2,675,Importer,Small,252,Cafe,Coffee_Beans,8.219653,25.0,205.49,204.65,0.9959,compliant,0.84
INV448282,2024-06-29,2024 Q2,678,Importer,Medium,256,Cafe,Coffee_Beans,12.200067,25.0,305.0,165.65,0.5431,partially_compliant,139.36
INV449151,2024-06-29,2024 Q2,680,Importer,Medium,257,Cafe,Coffee_Beans,31.601806,25.0,790.05,766.12,0.9697,compliant,23.93
INV454365,2024-06-29,2024 Q2,675,Importer,Small,263,Cafe,Coffee_Beans,6.334011,25.0,158.35,157.7,0.9959,compliant,0.65
INV459579,2024-06-29,2024 Q2,677,Importer,Small,269,Cafe,Coffee_Beans,6.166484,25.0,154.16,150.65,0.9772,compliant,3.52
INV463924,2024-06-29,2024 Q2,673,Importer,Medium,274,Cafe,Coffee_Beans,7.720934,25.0,193.02,185.38,0.9604,compliant,7.64
INV464793,2024-06-29,2024 Q2,689,Importer,Small,275,Cafe,Coffee_Beans,8.059596,25.0,201.49,198.87,0.987,compliant,2.62
INV465662,2024-06-29,2024 Q2,692,Importer,Large,276,Cafe,Coffee_Beans,7.299052,25.0,182.48,111.65,0.6119,partially_compliant,70.82
INV470007,2024-06-29,2024 Q2,689,Importer,Small,281,Cafe,Coffee_Beans,13.474636,25.0,336.87,332.48,0.987,compliant,4.38
INV475221,2024-06-29,2024 Q2,680,Importer,Medium,287,Cafe,Coffee_Beans,10.110177,25.0,252.75,245.1,0.9697,compliant,7.66
INV477828,2024-06-29,2024 Q2,675,Importer,Small,290,Cafe,Coffee_Beans,6.402532,25.0,160.06,159.41,0.9959,compliant,0.65
INV483911,2024-06-29,2024 Q2,689,Importer,Small,297,Cafe,Coffee_Beans,9.783302,25.0,244.58,241.4,0.987,compliant,3.18
INV484780,2024-06-29,2024 Q2,674,Importer,Small,298,Cafe,Coffee_Beans,6.496446,25.0,162.41,157.44,0.9694,compliant,4.98
INV489994,2024-06-29,2024 Q2,682,Importer,Small,304,Cafe,Coffee_Beans,6.424162,25.0,160.6,115.77,0.7208,partially_compliant,44.84
INV490863,2024-06-29,2024 Q2,682,Importer,Small,305,Cafe,Coffee_Beans,3.831882,25.0,95.8,69.05,0.7208,partially_compliant,26.75
INV496077,2024-06-29,2024 Q2,680,Importer,Medium,311,Cafe,Coffee_Beans,7.873106,25.0,196.83,190.87,0.9697,compliant,5.96
INV496946,2024-06-29,2024 Q2,689,Importer,Small,312,Cafe,Coffee_Beans,8.349801,25.0,208.75,206.03,0.987,compliant,2.72
INV497815,2024-06-29,2024 Q2,682,Importer,Small,313,Cafe,Coffee_Beans,4.192286,25.0,104.81,75.55,0.7208,partially_compliant,29.26
INV502160,2024-06-29,2024 Q2,688,Importer,Small,318,Cafe,Coffee_Beans,21.419906,25.0,535.5,520.36,0.9717,compliant,15.14
INV507374,2024-06-29,2024 Q2,692,Importer,Large,324,Cafe,Coffee_Beans,7.892033,25.0,197.3,120.73,0.6119,partially_compliant,76.58
INV515195,2024-06-29,2024 Q2,678,Importer,Medium,333,Cafe,Coffee_Beans,6.694331,25.0,167.36,90.89,0.5431,partially_compliant,76.47
INV517802,2024-06-29,2024 Q2,690,Importer,Small,336,Cafe,Coffee_Beans,6.303414,25.0,157.59,90.41,0.5737,partially_compliant,67.18
INV522147,2024-06-29,2024 Q2,690,Importer,Small,341,Cafe,Coffee_Beans,7.662502,25.0,191.56,109.9,0.5737,partially_compliant,81.66
INV523016,2024-06-29,2024 Q2,686,Importer,Small,342,Cafe,Coffee_Beans,5.198821,25.0,129.97,1.47,0.0113,non_compliant,128.5
INV523885,2024-06-29,2024 Q2,690,Importer,Small,343,Cafe,Coffee_Beans,18.752595,25.0,468.81,268.96,0.5737,partially_compliant,199.86
INV532575,2024-06-29,2024 Q2,686,Importer,Small,353,Cafe,Coffee_Beans,14.631143,25.0,365.78,4.13,0.0113,non_compliant,361.65
INV534313,2024-06-29,2024 Q2,678,Importer,Medium,355,Cafe,Coffee_Beans,21.95447,25.0,548.86,298.09,0.5431,partially_compliant,250.78
INV536920,2024-06-29,2024 Q2,679,Importer,Large,358,Cafe,Coffee_Beans,7.743585,25.0,193.59,100.45,0.5189,partially_compliant,93.14
INV542325,2024-06-29,2024 Q2,673,Importer,Medium,365,Fine_Dine_Meat,Beer,31.339733,3.0,94.02,90.3,0.9604,compliant,3.72
INV544536,2024-06-29,2024 Q2,692,Importer,Large,369,Fine_Dine_Meat,Wine,18.804778,10.67,200.65,122.77,0.6119,partially_compliant,77.87
INV547301,2024-06-29,2024 Q2,675,Importer,Small,374,Fine_Dine_Meat,Wine,22.294448,10.67,237.88,236.91,0.9959,compliant,0.97
INV547302,2024-06-29,2024 Q2,683,Importer,Small,374,Fine_Dine_Meat,Beer,33.441672,3.0,100.33,71.06,0.7083,partially_compliant,29.27
INV549514,2024-06-29,2024 Q2,679,Importer,Large,378,Fine_Dine_Meat,Beer,25.122889,3.0,75.37,39.11,0.5189,partially_compliant,36.26
INV550066,2024-06-29,2024 Q2,686,Importer,Small,379,Fine_Dine_Meat,Wine,43.945286,10.67,468.9,5.29,0.0113,non_compliant,463.61
INV551725,2024-06-29,2024 Q2,677,Importer,Small,382,Fine_Dine_Meat,Wine,10.337475,10.67,110.3,107.78,0.9772,compliant,2.52
INV552831,2024-06-29,2024 Q2,682,Importer,Small,384,Fine_Dine_Meat,Wine,17.989836,10.67,191.95,138.36,0.7208,partially_compliant,53.59
INV552832,2024-06-29,2024 Q2,680,Importer,Medium,384,Fine_Dine_Meat,Beer,26.984755,3.0,80.95,78.5,0.9697,compliant,2.45
INV555043,2024-06-29,2024 Q2,686,Importer,Small,388,Fine_Dine_Meat,Wine,20.935791,10.67,223.38,2.52,0.0113,non_compliant,220.87
INV555044,2024-06-29,2024 Q2,680,Importer,Medium,388,Fine_Dine_Meat,Beer,31.403687,3.0,94.21,91.36,0.9697,compliant,2.85
INV555596,2024-06-29,2024 Q2,680,Importer,Medium,389,Fine_Dine_Meat,Wine,20.631789,10.67,220.14,213.47,0.9697,compliant,6.67
INV556702,2024-06-29,2024 Q2,692,Importer,Large,391,Fine_Dine_Meat,Wine,20.412579,10.67,217.8,133.27,0.6119,partially_compliant,84.53
INV557256,2024-06-29,2024 Q2,692,Importer,Large,392,Fine_Dine_Meat,Beer,53.537086,3.0,160.61,98.28,0.6119,partially_compliant,62.34
INV558361,2024-06-29,2024 Q2,679,Importer,Large,394,Fine_Dine_Meat,Wine,30.160885,10.67,321.82,166.99,0.5189,partially_compliant,154.83
INV558914,2024-06-29,2024 Q2,686,Importer,Small,395,Fine_Dine_Meat,Wine,37.39995,10.67,399.06,4.5,0.0113,non_compliant,394.56
INV559468,2024-06-29,2024 Q2,685,Importer,Small,396,Fine_Dine_Meat,Beer,65.486811,3.0,196.46,191.53,0.9749,compliant,4.93
INV560021,2024-06-29,2024 Q2,675,Importer,Small,397,Fine_Dine_Meat,Beer,39.096231,3.0,117.29,116.81,0.9959,compliant,0.48
INV561126,2024-06-29,2024 Q2,673,Importer,Medium,399,Fine_Dine_Meat,Wine,36.047361,10.67,384.63,369.4,0.9604,compliant,15.23
INV566103,2024-06-29,2024 Q2,681,Importer,Small,408,Fine_Dine_Meat,Wine,40.195366,10.67,428.88,0.0,0.0,non_compliant,428.88
INV567762,2024-06-29,2024 Q2,673,Importer,Medium,411,Fine_Dine_Meat,Wine,17.840335,10.67,190.36,182.82,0.9604,compliant,7.54
INV567763,2024-06-29,2024 Q2,673,Importer,Medium,411,Fine_Dine_Meat,Beer,26.760503,3.0,80.28,77.1,0.9604,compliant,3.18
INV568315,2024-06-29,2024 Q2,680,Importer,Medium,412,Fine_Dine_Meat,Wine,39.525473,10.67,421.74,408.96,0.9697,compliant,12.77
INV569421,2024-06-29,2024 Q2,689,Importer,Small,414,Fine_Dine_Meat,Wine,20.432107,10.67,218.01,215.17,0.987,compliant,2.84
INV570527,2024-06-29,2024 Q2,680,Importer,Medium,416,Fine_Dine_Meat,Wine,22.523848,10.67,240.33,233.05,0.9697,compliant,7.28
INV571633,2024-06-29,2024 Q2,675,Importer,Small,418,Fine_Dine_Meat,Wine,40.535136,10.67,432.51,430.74,0.9959,compliant,1.77
INV573845,2024-06-29,2024 Q2,673,Importer,Medium,422,Fine_Dine_Meat,Wine,22.866656,10.67,243.99,234.33,0.9604,compliant,9.66
INV576610,2024-06-29,2024 Q2,678,Importer,Medium,427,Fine_Dine_Meat,Wine,18.849392,10.67,201.12,109.23,0.5431,partially_compliant,91.89
INV577163,2024-06-29,2024 Q2,689,Importer,Small,428,Fine_Dine_Meat,Wine,16.683683,10.67,178.01,175.7,0.987,compliant,2.32
INV578269,2024-06-29,2024 Q2,685,Importer,Small,430,Fine_Dine_Meat,Wine,41.579424,10.67,443.65,432.52,0.9749,compliant,11.13
INV578822,2024-06-29,2024 Q2,692,Importer,Large,431,Fine_Dine_Meat,Wine,20.115284,10.67,214.63,131.33,0.6119,partially_compliant,83.3
INV579375,2024-06-29,2024 Q2,673,Importer,Medium,432,Fine_Dine_Meat,Wine,37.632878,10.67,401.54,385.65,0.9604,compliant,15.9
INV579929,2024-06-29,2024 Q2,679,Importer,Large,433,Fine_Dine_Meat,Beer,14.67335,3.0,44.02,22.84,0.5189,partially_compliant,21.18
INV580482,2024-06-29,2024 Q2,692,Importer,Large,434,Fine_Dine_Meat,Beer,23.922097,3.0,71.77,43.91,0.6119,partially_compliant,27.85
INV581035,2024-06-29,2024 Q2,687,Importer,Medium,435,Fine_Dine_Meat,Beer,29.539467,3.0,88.62,67.5,0.7617,partially_compliant,21.12
INV583799,2024-06-29,2024 Q2,679,Importer,Large,440,Fine_Dine_Meat,Wine,20.41341,10.67,217.81,113.02,0.5189,partially_compliant,104.79
INV583800,2024-06-29,2024 Q2,692,Importer,Large,440,Fine_Dine_Meat,Beer,30.620115,3.0,91.86,56.21,0.6119,partially_compliant,35.65
INV587670,2024-06-29,2024 Q2,686,Importer,Small,447,Fine_Dine_Vegetarian,Wine,29.096656,10.67,310.46,3.5,0.0113,non_compliant,306.96
INV588223,2024-06-29,2024 Q2,679,Importer,Large,448,Fine_Dine_Vegetarian,Wine,53.962596,10.67,575.78,298.77,0.5189,partially_compliant,277.01
INV588776,2024-06-29,2024 Q2,692,Importer,Large,449,Fine_Dine_Vegetarian,Wine,69.971983,10.67,746.6,456.83,0.6119,partially_compliant,289.77
INV589329,2024-06-29,2024 Q2,680,Importer,Medium,450,Fine_Dine_Vegetarian,Wine,76.285538,10.67,813.97,789.31,0.9697,compliant,24.65
INV590988,2024-06-29,2024 Q2,682,Importer,Small,453,Fine_Dine_Vegetarian,Wine,50.818718,10.67,542.24,390.85,0.7208,partially_compliant,151.39
INV592647,2024-06-29,2024 Q2,675,Importer,Small,456,Fine_Dine_Vegetarian,Wine,22.274554,10.67,237.67,236.7,0.9959,compliant,0.97
INV594306,2024-06-29,2024 Q2,673,Importer,Medium,459,Fine_Dine_Vegetarian,Wine,23.757585,10.67,253.49,243.46,0.9604,compliant,10.04
INV595965,2024-06-29,2024 Q2,673,Importer,Medium,462,Fine_Dine_Vegetarian,Wine,19.98336,10.67,213.22,204.78,0.9604,compliant,8.44
INV596518,2024-06-29,2024 Q2,690,Importer,Small,463,Fine_Dine_Vegetarian,Wine,46.460662,10.67,495.74,284.4,0.5737,partially_compliant,211.33
INV597071,2024-06-29,2024 Q2,677,Importer,Small,464,Fine_Dine_Vegetarian,Wine,25.236142,10.67,269.27,263.13,0.9772,compliant,6.14
INV599836,2024-06-29,2024 Q2,682,Importer,Small,469,Fine_Dine_Vegetarian,Wine,13.774247,10.67,146.97,105.94,0.7208,partially_compliant,41.03
INV601495,2024-06-29,2024 Q2,689,Importer,Small,472,Fine_Dine_Vegetarian,Wine,21.267721,10.67,226.93,223.97,0.987,compliant,2.95
INV603707,2024-06-29,2024 Q2,692,Importer,Large,476,Fine_Dine_Vegetarian,Wine,23.953505,10.67,255.58,156.39,0.6119,partially_compliant,99.2
INV605366,2024-06-29,2024 Q2,673,Importer,Medium,479,Fine_Dine_Vegetarian,Wine,11.710562,10.67,124.95,120.0,0.9604,compliant,4.95
INV607578,2024-06-29,2024 Q2,675,Importer,Small,483,Fine_Dine_Vegetarian,Wine,28.333978,10.67,302.32,301.09,0.9959,compliant,1.23
INV609237,2024-06-29,2024 Q2,692,Importer,Large,486,Fine_Dine_Vegetarian,Wine,39.740329,10.67,424.03,259.46,0.6119,partially_compliant,164.57
INV613661,2024-06-29,2024 Q2,686,Importer,Small,494,Fine_Dine_Vegetarian,Wine,17.219693,10.67,183.73,2.07,0.0113,non_compliant,181.66
INV616979,2024-06-29,2024 Q2,673,Importer,Medium,500,Fine_Dine_Vegetarian,Wine,27.567012,10.67,294.14,282.49,0.9604,compliant,11.65
INV675812,2024-06-30,2024 Q2,675,Importer,Small,374,Fine_Dine_Meat,Wine,20.856635,10.67,222.54,221.63,0.9959,compliant,0.91
INV675878,2024-06-30,2024 Q2,688,Importer,Small,246,Cafe,Coffee_Beans,11.822488,25.0,295.56,287.21,0.9717,compliant,8.36
INV675967,2024-06-30,2024 Q2,689,Importer,Small,281,Cafe,Coffee_Beans,13.242734,25.0,331.07,326.76,0.987,compliant,4.31
INV675997,2024-06-30,2024 Q2,690,Importer,Small,336,Cafe,Coffee_Beans,6.121524,25.0,153.04,87.8,0.5737,partially_compliant,65.24
INV402236,2024-07-06,2024 Q3,692,Importer,Large,203,Cafe,Coffee_Beans,28.490445,25.0,712.26,397.68,0.5583,partially_compliant,314.59
INV403974,2024-07-06,2024 Q3,680,Importer,Medium,205,Cafe,Coffee_Beans,5.791258,25.0,144.78,140.68,0.9717,compliant,4.1
INV405712,2024-07-06,2024 Q3,684,Importer,Medium,207,Cafe,Coffee_Beans,7.055498,25.0,176.39,174.85,0.9913,compliant,1.53
INV415271,2024-07-06,2024 Q3,677,Importer,Small,218,Cafe,Coffee_Beans,16.300544,25.0,407.51,399.57,0.9805,compliant,7.94
INV420485,2024-07-06,2024 Q3,686,Importer,Small,224,Cafe,Coffee_Beans,4.051684,25.0,101.29,6.35,0.0626,non_compliant,94.95
INV423961,2024-07-06,2024 Q3,677,Importer,Small,228,Cafe,Coffee_Beans,6.717654,25.0,167.94,164.67,0.9805,compliant,3.27
INV425699,2024-07-06,2024 Q3,682,Importer,Small,230,Cafe,Coffee_Beans,7.541542,25.0,188.54,131.25,0.6961,partially_compliant,57.29
INV426568,2024-07-06,2024 Q3,681,Importer,Small,231,Cafe,Coffee_Beans,6.992592,25.0,174.81,4.06,0.0232,non_compliant,170.76
INV429175,2024-07-06,2024 Q3,673,Importer,Medium,234,Cafe,Coffee_Beans,6.425069,25.0,160.63,159.1,0.9905,compliant,1.53
INV430044,2024-07-06,2024 Q3,673,Importer,Medium,235,Cafe,Coffee_Beans,30.474273,25.0,761.86,754.62,0.9905,compliant,7.23
INV431782,2024-07-06,2024 Q3,683,Importer,Small,237,Cafe,Coffee_Beans,16.558992,25.0,413.97,330.74,0.7989,partially_compliant,83.23
INV437865,2024-07-06,2024 Q3,682,Importer,Small,244,Cafe,Coffee_Beans,7.973124,25.0,199.33,138.76,0.6961,partially_compliant,60.57
INV439603,2024-07-06,2024 Q3,688,Importer,Small,246,Cafe,Coffee_Beans,10.970228,25.0,274.26,272.59,0.9939,compliant,1.66
INV444817,2024-07-06,2024 Q3,675,Importer,Small,252,Cafe,Coffee_Beans,7.875093,25.0,196.88,196.88,1.0,compliant,0.0
INV448293,2024-07-06,2024 Q3,678,Importer,Medium,256,Cafe,Coffee_Beans,11.608371,25.0,290.21,214.06,0.7376,partially_compliant,76.15
INV449162,2024-07-06,2024 Q3,680,Importer,Medium,257,Cafe,Coffee_Beans,30.229069,25.0,755.73,734.33,0.9717,compliant,21.4
INV454376,2024-07-06,2024 Q3,675,Importer,Small,263,Cafe,Coffee_Beans,6.100985,25.0,152.52,152.52,1.0,compliant,0.0
INV459590,2024-07-06,2024 Q3,677,Importer,Small,269,Cafe,Coffee_Beans,5.929053,25.0,148.23,145.34,0.9805,compliant,2.89
INV463935,2024-07-06,2024 Q3,673,Importer,Medium,274,Cafe,Coffee_Beans,7.36909,25.0,184.23,182.48,0.9905,compliant,1.75
INV464804,2024-07-06,2024 Q3,689,Importer,Small,275,Cafe,Coffee_Beans,7.748126,25.0,193.7,188.58,0.9736,compliant,5.12
INV465673,2024-07-06,2024 Q3,692,Importer,Large,276,Cafe,Coffee_Beans,6.987396,25.0,174.68,97.53,0.5583,partially_compliant,77.15
INV470018,2024-07-06,2024 Q3,689,Importer,Small,281,Cafe,Coffee_Beans,12.927455,25.0,323.19,314.65,0.9736,compliant,8.54
INV475232,2024-07-06,2024 Q3,680,Importer,Medium,287,Cafe,Coffee_Beans,7.886119,25.0,197.15,191.57,0.9717,compliant,5.58
INV477839,2024-07-06,2024 Q3,675,Importer,Small,290,Cafe,Coffee_Beans,6.168994,25.0,154.22,154.22,1.0,compliant,0.0
INV483922,2024-07-06,2024 Q3,689,Importer,Small,297,Cafe,Coffee_Beans,8.144564,25.0,203.61,198.23,0.9736,compliant,5.38
INV484791,2024-07-06,2024 Q3,674,Importer,Small,298,Cafe,Coffee_Beans,6.259387,25.0,156.48,155.05,0.9909,compliant,1.43
INV490005,2024-07-06,2024 Q3,682,Importer,Small,304,Cafe,Coffee_Beans,6.185259,25.0,154.63,107.64,0.6961,partially_compliant,46.99
INV490874,2024-07-06,2024 Q3,682,Importer,Small,305,Cafe,Coffee_Beans,4.631885,25.0,115.8,80.61,0.6961,partially_compliant,35.19
INV496088,2024-07-06,2024 Q3,680,Importer,Medium,311,Cafe,Coffee_Beans,7.568231,25.0,189.21,183.85,0.9717,compliant,5.36
INV496957,2024-07-06,2024 Q3,689,Importer,Small,312,Cafe,Coffee_Beans,7.956422,25.0,198.91,193.65,0.9736,compliant,5.26
INV497826,2024-07-06,2024 Q3,682,Importer,Small,313,Cafe,Coffee_Beans,4.060614,25.0,101.52,70.67,0.6961,partially_compliant,30.85
INV502171,2024-07-06,2024 Q3,688,Importer,Small,318,Cafe,Coffee_Beans,22.225031,25.0,555.63,552.26,0.9939,compliant,3.37
INV507385,2024-07-06,2024 Q3,692,Importer,Large,324,Cafe,Coffee_Beans,7.523299,25.0,188.08,105.01,0.5583,partially_compliant,83.07
INV515206,2024-07-06,2024 Q3,678,Importer,Medium,333,Cafe,Coffee_Beans,6.391483,25.0,159.79,117.86,0.7376,partially_compliant,41.93
INV517813,2024-07-06,2024 Q3,690,Importer,Small,336,Cafe,Coffee_Beans,5.117263,25.0,127.93,79.86,0.6242,partially_compliant,48.07
INV522158,2024-07-06,2024 Q3,690,Importer,Small,341,Cafe,Coffee_Beans,7.161008,25.0,179.03,111.76,0.6242,partially_compliant,67.27
INV523027,2024-07-06,2024 Q3,686,Importer,Small,342,Cafe,Coffee_Beans,4.947186,25.0,123.68,7.75,0.0626,non_compliant,115.93
INV523896,2024-07-06,2024 Q3,690,Importer,Small,343,Cafe,Coffee_Beans,16.486095,25.0,412.15,257.29,0.6242,partially_compliant,154.87
INV532586,2024-07-06,2024 Q3,686,Importer,Small,353,Cafe,Coffee_Beans,13.939943,25.0,348.5,21.83,0.0626,non_compliant,326.67
INV534324,2024-07-06,2024 Q3,678,Importer,Medium,355,Cafe,Coffee_Beans,21.011118,25.0,525.28,387.45,0.7376,partially_compliant,137.83
INV536931,2024-07-06,2024 Q3,679,Importer,Large,358,Cafe,Coffee_Beans,7.411407,25.0,185.29,114.68,0.6189,partially_compliant,70.61
INV542332,2024-07-06,2024 Q3,673,Importer,Medium,365,Fine_Dine_Meat,Beer,28.949804,3.0,86.85,86.02,0.9905,compliant,0.82
INV544543,2024-07-06,2024 Q3,692,Importer,Large,369,Fine_Dine_Meat,Wine,17.51163,10.67,186.85,104.32,0.5583,partially_compliant,82.53
INV547308,2024-07-06,2024 Q3,675,Importer,Small,374,Fine_Dine_Meat,Wine,20.724234,10.67,221.13,221.13,1.0,compliant,0.0
INV547309,2024-07-06,2024 Q3,683,Importer,Small,374,Fine_Dine_Meat,Beer,31.086351,3.0,93.26,74.51,0.7989,partially_compliant,18.75
INV549521,2024-07-06,2024 Q3,679,Importer,Large,378,Fine_Dine_Meat,Beer,23.31989,3.0,69.96,43.3,0.6189,partially_compliant,26.66
INV550073,2024-07-06,2024 Q3,686,Importer,Small,379,Fine_Dine_Meat,Wine,40.809555,10.67,435.44,27.28,0.0626,non_compliant,408.16
INV551732,2024-07-06,2024 Q3,677,Importer,Small,382,Fine_Dine_Meat,Wine,9.574652,10.67,102.16,100.17,0.9805,compliant,1.99
INV552838,2024-07-06,2024 Q3,682,Importer,Small,384,Fine_Dine_Meat,Wine,16.656425,10.67,177.72,123.72,0.6961,partially_compliant,54.01
INV552839,2024-07-06,2024 Q3,680,Importer,Medium,384,Fine_Dine_Meat,Beer,24.984638,3.0,74.95,72.83,0.9717,compliant,2.12
INV555050,2024-07-06,2024 Q3,686,Importer,Small,388,Fine_Dine_Meat,Wine,22.319319,10.67,238.15,14.92,0.0626,non_compliant,223.23
INV555051,2024-07-06,2024 Q3,680,Importer,Medium,388,Fine_Dine_Meat,Beer,33.478978,3.0,100.44,97.59,0.9717,compliant,2.84
INV555603,2024-07-06,2024 Q3,680,Importer,Medium,389,Fine_Dine_Meat,Wine,19.064104,10.67,203.41,197.65,0.9717,compliant,5.76
INV556709,2024-07-06,2024 Q3,692,Importer,Large,391,Fine_Dine_Meat,Wine,18.296993,10.67,195.23,109.0,0.5583,partially_compliant,86.23
INV557263,2024-07-06,2024 Q3,692,Importer,Large,392,Fine_Dine_Meat,Beer,41.174568,3.0,123.52,68.97,0.5583,partially_compliant,54.56
INV558368,2024-07-06,2024 Q3,679,Importer,Large,394,Fine_Dine_Meat,Wine,27.831253,10.67,296.96,183.8,0.6189,partially_compliant,113.16
INV558921,2024-07-06,2024 Q3,686,Importer,Small,395,Fine_Dine_Meat,Wine,34.402519,10.67,367.07,23.0,0.0626,non_compliant,344.08
INV559475,2024-07-06,2024 Q3,685,Importer,Small,396,Fine_Dine_Meat,Beer,60.445804,3.0,181.34,176.11,0.9712,compliant,5.23
INV560028,2024-07-06,2024 Q3,675,Importer,Small,397,Fine_Dine_Meat,Beer,29.542462,3.0,88.63,88.63,1.0,compliant,0.0
INV561133,2024-07-06,2024 Q3,673,Importer,Medium,399,Fine_Dine_Meat,Wine,33.46787,10.67,357.1,353.71,0.9905,compliant,3.39
INV566110,2024-07-06,2024 Q3,681,Importer,Small,408,Fine_Dine_Meat,Wine,37.434895,10.67,399.43,9.27,0.0232,non_compliant,390.16
INV567769,2024-07-06,2024 Q3,673,Importer,Medium,411,Fine_Dine_Meat,Wine,16.464001,10.67,175.67,174.0,0.9905,compliant,1.67
INV567770,2024-07-06,2024 Q3,673,Importer,Medium,411,Fine_Dine_Meat,Beer,24.696002,3.0,74.09,73.38,0.9905,compliant,0.7
INV568322,2024-07-06,2024 Q3,680,Importer,Medium,412,Fine_Dine_Meat,Wine,36.644343,10.67,391.0,379.92,0.9717,compliant,11.07
INV569428,2024-07-06,2024 Q3,689,Importer,Small,414,Fine_Dine_Meat,Wine,18.952399,10.67,202.22,196.88,0.9736,compliant,5.34
INV570534,2024-07-06,2024 Q3,680,Importer,Medium,416,Fine_Dine_Meat,Wine,20.884241,10.67,222.83,216.53,0.9717,compliant,6.31
INV571640,2024-07-06,2024 Q3,675,Importer,Small,418,Fine_Dine_Meat,Wine,37.611579,10.67,401.32,401.32,1.0,compliant,0.0
INV573852,2024-07-06,2024 Q3,673,Importer,Medium,422,Fine_Dine_Meat,Wine,21.22231,10.67,226.44,224.29,0.9905,compliant,2.15
INV576617,2024-07-06,2024 Q3,678,Importer,Medium,427,Fine_Dine_Meat,Wine,17.09891,10.67,182.45,134.57,0.7376,partially_compliant,47.87
INV577170,2024-07-06,2024 Q3,689,Importer,Small,428,Fine_Dine_Meat,Wine,15.528866,10.67,165.69,161.31,0.9736,compliant,4.38
INV578276,2024-07-06,2024 Q3,685,Importer,Small,430,Fine_Dine_Meat,Wine,35.427377,10.67,378.01,367.11,0.9712,compliant,10.9
INV578829,2024-07-06,2024 Q3,692,Importer,Large,431,Fine_Dine_Meat,Wine,18.582916,10.67,198.28,110.71,0.5583,partially_compliant,87.57
INV579382,2024-07-06,2024 Q3,673,Importer,Medium,432,Fine_Dine_Meat,Wine,34.281317,10.67,365.78,362.31,0.9905,compliant,3.47
INV579936,2024-07-06,2024 Q3,679,Importer,Large,433,Fine_Dine_Meat,Beer,17.702154,3.0,53.11,32.87,0.6189,partially_compliant,20.24
INV580489,2024-07-06,2024 Q3,692,Importer,Large,434,Fine_Dine_Meat,Beer,21.92534,3.0,65.78,36.72,0.5583,partially_compliant,29.05
INV581042,2024-07-06,2024 Q3,687,Importer,Medium,435,Fine_Dine_Meat,Beer,27.359691,3.0,82.08,60.16,0.733,partially_compliant,21.92
INV583806,2024-07-06,2024 Q3,679,Importer,Large,440,Fine_Dine_Meat,Wine,18.934109,10.67,202.03,125.04,0.6189,partially_compliant,76.99
INV583807,2024-07-06,2024 Q3,692,Importer,Large,440,Fine_Dine_Meat,Beer,28.401164,3.0,85.2,47.57,0.5583,partially_compliant,37.63
INV587677,2024-07-06,2024 Q3,686,Importer,Small,447,Fine_Dine_Vegetarian,Wine,27.072182,10.67,288.86,18.1,0.0626,non_compliant,270.76
INV588230,2024-07-06,2024 Q3,679,Importer,Large,448,Fine_Dine_Vegetarian,Wine,50.245055,10.67,536.11,331.82,0.6189,partially_compliant,204.3
INV588783,2024-07-06,2024 Q3,692,Importer,Large,449,Fine_Dine_Vegetarian,Wine,60.263557,10.67,643.01,359.01,0.5583,partially_compliant,284.0
INV589336,2024-07-06,2024 Q3,680,Importer,Medium,450,Fine_Dine_Vegetarian,Wine,70.873848,10.67,756.22,734.81,0.9717,compliant,21.41
INV590995,2024-07-06,2024 Q3,682,Importer,Small,453,Fine_Dine_Vegetarian,Wine,47.119655,10.67,502.77,349.99,0.6961,partially_compliant,152.78
INV592654,2024-07-06,2024 Q3,675,Importer,Small,456,Fine_Dine_Vegetarian,Wine,20.721628,10.67,221.1,221.1,1.0,compliant,0.0
INV594313,2024-07-06,2024 Q3,673,Importer,Medium,459,Fine_Dine_Vegetarian,Wine,21.903177,10.67,233.71,231.49,0.9905,compliant,2.22
INV595972,2024-07-06,2024 Q3,673,Importer,Medium,462,Fine_Dine_Vegetarian,Wine,18.590941,10.67,198.37,196.48,0.9905,compliant,1.88
INV596525,2024-07-06,2024 Q3,690,Importer,Small,463,Fine_Dine_Vegetarian,Wine,43.233314,10.67,461.3,287.97,0.6242,partially_compliant,173.33
INV597078,2024-07-06,2024 Q3,677,Importer,Small,464,Fine_Dine_Vegetarian,Wine,23.406284,10.67,249.75,244.88,0.9805,compliant,4.87
INV599843,2024-07-06,2024 Q3,682,Importer,Small,469,Fine_Dine_Vegetarian,Wine,13.216055,10.67,141.02,98.16,0.6961,partially_compliant,42.85
INV601502,2024-07-06,2024 Q3,689,Importer,Small,472,Fine_Dine_Vegetarian,Wine,19.672994,10.67,209.91,204.36,0.9736,compliant,5.55
INV603714,2024-07-06,2024 Q3,692,Importer,Large,476,Fine_Dine_Vegetarian,Wine,22.261997,10.67,237.54,132.62,0.5583,partially_compliant,104.91
INV605373,2024-07-06,2024 Q3,673,Importer,Medium,479,Fine_Dine_Vegetarian,Wine,10.932375,10.67,116.65,115.54,0.9905,compliant,1.11
INV607585,2024-07-06,2024 Q3,675,Importer,Small,483,Fine_Dine_Vegetarian,Wine,24.297524,10.67,259.25,259.25,1.0,compliant,0.0
INV609244,2024-07-06,2024 Q3,692,Importer,Large,486,Fine_Dine_Vegetarian,Wine,36.857757,10.67,393.27,219.57,0.5583,partially_compliant,173.7
INV613668,2024-07-06,2024 Q3,686,Importer,Small,494,Fine_Dine_Vegetarian,Wine,16.840568,10.67,179.69,11.26,0.0626,non_compliant,168.43
INV616986,2024-07-06,2024 Q3,673,Importer,Medium,500,Fine_Dine_Vegetarian,Wine,25.59635,10.67,273.11,270.52,0.9905,compliant,2.59
INV402247,2024-07-13,2024 Q3,692,Importer,Large,203,Cafe,Coffee_Beans,27.827835,25.0,695.7,388.43,0.5583,partially_compliant,307.27
INV403985,2024-07-13,2024 Q3,680,Importer,Medium,205,Cafe,Coffee_Beans,5.65657,25.0,141.41,137.41,0.9717,compliant,4.0
INV405723,2024-07-13,2024 Q3,684,Importer,Medium,207,Cafe,Coffee_Beans,6.891407,25.0,172.29,170.79,0.9913,compliant,1.5
INV415282,2024-07-13,2024 Q3,677,Importer,Small,218,Cafe,Coffee_Beans,15.921437,25.0,398.04,390.28,0.9805,compliant,7.76
INV420496,2024-07-13,2024 Q3,686,Importer,Small,224,Cafe,Coffee_Beans,4.444095,25.0,111.1,6.96,0.0626,non_compliant,104.14
INV423972,2024-07-13,2024 Q3,677,Importer,Small,228,Cafe,Coffee_Beans,6.561419,25.0,164.04,160.84,0.9805,compliant,3.2
INV425710,2024-07-13,2024 Q3,682,Importer,Small,230,Cafe,Coffee_Beans,7.366146,25.0,184.15,128.19,0.6961,partially_compliant,55.96
INV426579,2024-07-13,2024 Q3,681,Importer,Small,231,Cafe,Coffee_Beans,6.829963,25.0,170.75,3.96,0.0232,non_compliant,166.78
INV429186,2024-07-13,2024 Q3,673,Importer,Medium,234,Cafe,Coffee_Beans,6.27564,25.0,156.89,155.4,0.9905,compliant,1.49
INV430055,2024-07-13,2024 Q3,673,Importer,Medium,235,Cafe,Coffee_Beans,29.765525,25.0,744.14,737.07,0.9905,compliant,7.07
INV431793,2024-07-13,2024 Q3,683,Importer,Small,237,Cafe,Coffee_Beans,16.173875,25.0,404.35,323.05,0.7989,partially_compliant,81.3
INV437876,2024-07-13,2024 Q3,682,Importer,Small,244,Cafe,Coffee_Beans,7.787691,25.0,194.69,135.53,0.6961,partially_compliant,59.16
INV439614,2024-07-13,2024 Q3,688,Importer,Small,246,Cafe,Coffee_Beans,11.870379,25.0,296.76,294.96,0.9939,compliant,1.8
INV444828,2024-07-13,2024 Q3,675,Importer,Small,252,Cafe,Coffee_Beans,7.69194,25.0,192.3,192.3,1.0,compliant,0.0
INV448304,2024-07-13,2024 Q3,678,Importer,Medium,256,Cafe,Coffee_Beans,11.338392,25.0,283.46,209.08,0.7376,partially_compliant,74.38
INV449173,2024-07-13,2024 Q3,680,Importer,Medium,257,Cafe,Coffee_Beans,29.526023,25.0,738.15,717.25,0.9717,compliant,20.9
INV454387,2024-07-13,2024 Q3,675,Importer,Small,263,Cafe,Coffee_Beans,5.959093,25.0,148.98,148.98,1.0,compliant,0.0
INV459601,2024-07-13,2024 Q3,677,Importer,Small,269,Cafe,Coffee_Beans,5.791159,25.0,144.78,141.96,0.9805,compliant,2.82
INV463946,2024-07-13,2024 Q3,673,Importer,Medium,274,Cafe,Coffee_Beans,7.197706,25.0,179.94,178.23,0.9905,compliant,1.71
INV464815,2024-07-13,2024 Q3,689,Importer,Small,275,Cafe,Coffee_Beans,7.567926,25.0,189.2,184.2,0.9736,compliant,5.0
INV465684,2024-07-13,2024 Q3,692,Importer,Large,276,Cafe,Coffee_Beans,6.824888,25.0,170.62,95.26,0.5583,partially_compliant,75.36
INV470029,2024-07-13,2024 Q3,689,Importer,Small,281,Cafe,Coffee_Beans,12.626798,25.0,315.67,307.33,0.9736,compliant,8.34
INV475243,2024-07-13,2024 Q3,680,Importer,Medium,287,Cafe,Coffee_Beans,6.272617,25.0,156.82,152.38,0.9717,compliant,4.44
INV477850,2024-07-13,2024 Q3,675,Importer,Small,290,Cafe,Coffee_Beans,6.02552,25.0,150.64,150.64,1.0,compliant,0.0
INV483933,2024-07-13,2024 Q3,689,Importer,Small,297,Cafe,Coffee_Beans,7.101827,25.0,177.55,172.85,0.9736,compliant,4.69
INV484802,2024-07-13,2024 Q3,674,Importer,Small,298,Cafe,Coffee_Beans,6.113811,25.0,152.85,151.45,0.9909,compliant,1.4
INV490016,2024-07-13,2024 Q3,682,Importer,Small,304,Cafe,Coffee_Beans,6.041407,25.0,151.04,105.14,0.6961,partially_compliant,45.9
INV490885,2024-07-13,2024 Q3,682,Importer,Small,305,Cafe,Coffee_Beans,5.377547,25.0,134.44,93.59,0.6961,partially_compliant,40.85
INV496099,2024-07-13,2024 Q3,680,Importer,Medium,311,Cafe,Coffee_Beans,7.392215,25.0,184.81,179.57,0.9717,compliant,5.23
INV496968,2024-07-13,2024 Q3,689,Importer,Small,312,Cafe,Coffee_Beans,7.771377,25.0,194.28,189.15,0.9736,compliant,5.13
INV497837,2024-07-13,2024 Q3,682,Importer,Small,313,Cafe,Coffee_Beans,4.9965,25.0,124.91,86.95,0.6961,partially_compliant,37.96
INV502182,2024-07-13,2024 Q3,688,Importer,Small,318,Cafe,Coffee_Beans,23.083342,25.0,577.08,573.59,0.9939,compliant,3.5
INV507396,2024-07-13,2024 Q3,692,Importer,Large,324,Cafe,Coffee_Beans,7.348327,25.0,183.71,102.57,0.5583,partially_compliant,81.14
INV515217,2024-07-13,2024 Q3,678,Importer,Medium,333,Cafe,Coffee_Beans,6.242834,25.0,156.07,115.12,0.7376,partially_compliant,40.95
INV517824,2024-07-13,2024 Q3,690,Importer,Small,336,Cafe,Coffee_Beans,4.300826,25.0,107.52,67.12,0.6242,partially_compliant,40.4
INV522169,2024-07-13,2024 Q3,690,Importer,Small,341,Cafe,Coffee_Beans,6.994462,25.0,174.86,109.16,0.6242,partially_compliant,65.7
INV523038,2024-07-13,2024 Q3,686,Importer,Small,342,Cafe,Coffee_Beans,4.832128,25.0,120.8,7.57,0.0626,non_compliant,113.24
INV523907,2024-07-13,2024 Q3,690,Importer,Small,343,Cafe,Coffee_Beans,15.015095,25.0,375.38,234.33,0.6242,partially_compliant,141.05
INV532597,2024-07-13,2024 Q3,686,Importer,Small,353,Cafe,Coffee_Beans,13.615738,25.0,340.39,21.32,0.0626,non_compliant,319.07
INV534335,2024-07-13,2024 Q3,678,Importer,Medium,355,Cafe,Coffee_Beans,20.522456,25.0,513.06,378.44,0.7376,partially_compliant,134.62
INV536942,2024-07-13,2024 Q3,679,Importer,Large,358,Cafe,Coffee_Beans,7.239038,25.0,180.98,112.01,0.6189,partially_compliant,68.96
INV542339,2024-07-13,2024 Q3,673,Importer,Medium,365,Fine_Dine_Meat,Beer,28.488851,3.0,85.47,84.66,0.9905,compliant,0.81
INV544550,2024-07-13,2024 Q3,692,Importer,Large,369,Fine_Dine_Meat,Wine,17.232801,10.67,183.87,102.66,0.5583,partially_compliant,81.21
INV547315,2024-07-13,2024 Q3,675,Importer,Small,374,Fine_Dine_Meat,Wine,20.394252,10.67,217.61,217.61,1.0,compliant,0.0
INV547316,2024-07-13,2024 Q3,683,Importer,Small,374,Fine_Dine_Meat,Beer,30.591377,3.0,91.77,73.32,0.7989,partially_compliant,18.45
INV549528,2024-07-13,2024 Q3,679,Importer,Large,378,Fine_Dine_Meat,Beer,22.948578,3.0,68.85,42.61,0.6189,partially_compliant,26.24
INV550080,2024-07-13,2024 Q3,686,Importer,Small,379,Fine_Dine_Meat,Wine,40.159764,10.67,428.5,26.84,0.0626,non_compliant,401.66
INV551739,2024-07-13,2024 Q3,677,Importer,Small,382,Fine_Dine_Meat,Wine,9.916398,10.67,105.81,103.75,0.9805,compliant,2.06
INV552845,2024-07-13,2024 Q3,682,Importer,Small,384,Fine_Dine_Meat,Wine,16.391213,10.67,174.89,121.75,0.6961,partially_compliant,53.15
INV552846,2024-07-13,2024 Q3,680,Importer,Medium,384,Fine_Dine_Meat,Beer,24.586819,3.0,73.76,71.67,0.9717,compliant,2.09
INV555057,2024-07-13,2024 Q3,686,Importer,Small,388,Fine_Dine_Meat,Wine,24.405286,10.67,260.4,16.31,0.0626,non_compliant,244.09
INV555058,2024-07-13,2024 Q3,680,Importer,Medium,388,Fine_Dine_Meat,Beer,36.607928,3.0,109.82,106.71,0.9717,compliant,3.11
INV555610,2024-07-13,2024 Q3,680,Importer,Medium,389,Fine_Dine_Meat,Wine,18.760555,10.67,200.18,194.51,0.9717,compliant,5.67
INV556716,2024-07-13,2024 Q3,692,Importer,Large,391,Fine_Dine_Meat,Wine,18.005659,10.67,192.12,107.27,0.5583,partially_compliant,84.85
INV557270,2024-07-13,2024 Q3,692,Importer,Large,392,Fine_Dine_Meat,Beer,32.116023,3.0,96.35,53.79,0.5583,partially_compliant,42.55
INV558375,2024-07-13,2024 Q3,679,Importer,Large,394,Fine_Dine_Meat,Wine,27.388109,10.67,292.23,180.87,0.6189,partially_compliant,111.36
INV558928,2024-07-13,2024 Q3,686,Importer,Small,395,Fine_Dine_Meat,Wine,33.854744,10.67,361.23,22.63,0.0626,non_compliant,338.6
INV559482,2024-07-13,2024 Q3,685,Importer,Small,396,Fine_Dine_Meat,Beer,59.483354,3.0,178.45,173.3,0.9712,compliant,5.15
INV560035,2024-07-13,2024 Q3,675,Importer,Small,397,Fine_Dine_Meat,Beer,23.823314,3.0,71.47,71.47,1.0,compliant,0.0
INV561140,2024-07-13,2024 Q3,673,Importer,Medium,399,Fine_Dine_Meat,Wine,32.934977,10.67,351.42,348.08,0.9905,compliant,3.34
INV566117,2024-07-13,2024 Q3,681,Importer,Small,408,Fine_Dine_Meat,Wine,36.838837,10.67,393.07,9.13,0.0232,non_compliant,383.94
INV567776,2024-07-13,2024 Q3,673,Importer,Medium,411,Fine_Dine_Meat,Wine,16.201853,10.67,172.87,171.23,0.9905,compliant,1.64
INV567777,2024-07-13,2024 Q3,673,Importer,Medium,411,Fine_Dine_Meat,Beer,24.302779,3.0,72.91,72.22,0.9905,compliant,0.69
INV568329,2024-07-13,2024 Q3,680,Importer,Medium,412,Fine_Dine_Meat,Wine,36.060873,10.67,384.77,373.87,0.9717,compliant,10.89
INV569435,2024-07-13,2024 Q3,689,Importer,Small,414,Fine_Dine_Meat,Wine,20.339348,10.67,217.02,211.29,0.9736,compliant,5.74
INV570541,2024-07-13,2024 Q3,680,Importer,Medium,416,Fine_Dine_Meat,Wine,20.551711,10.67,219.29,213.08,0.9717,compliant,6.21
INV571647,2024-07-13,2024 Q3,675,Importer,Small,418,Fine_Dine_Meat,Wine,37.012708,10.67,394.93,394.93,1.0,compliant,0.0
INV573859,2024-07-13,2024 Q3,673,Importer,Medium,422,Fine_Dine_Meat,Wine,20.884398,10.67,222.84,220.72,0.9905,compliant,2.12
INV576624,2024-07-13,2024 Q3,678,Importer,Medium,427,Fine_Dine_Meat,Wine,16.826652,10.67,179.54,132.43,0.7376,partially_compliant,47.11
INV577177,2024-07-13,2024 Q3,689,Importer,Small,428,Fine_Dine_Meat,Wine,15.281607,10.67,163.05,158.75,0.9736,compliant,4.31
INV578283,2024-07-13,2024 Q3,685,Importer,Small,430,Fine_Dine_Meat,Wine,32.207622,10.67,343.66,333.75,0.9712,compliant,9.91
INV578836,2024-07-13,2024 Q3,692,Importer,Large,431,Fine_Dine_Meat,Wine,18.287029,10.67,195.12,108.94,0.5583,partially_compliant,86.18
INV579389,2024-07-13,2024 Q3,673,Importer,Medium,432,Fine_Dine_Meat,Wine,33.735472,10.67,359.96,356.54,0.9905,compliant,3.42
INV579943,2024-07-13,2024 Q3,679,Importer,Large,433,Fine_Dine_Meat,Beer,20.773808,3.0,62.32,38.57,0.6189,partially_compliant,23.75
INV580496,2024-07-13,2024 Q3,692,Importer,Large,434,Fine_Dine_Meat,Beer,21.576233,3.0,64.73,36.14,0.5583,partially_compliant,28.59
INV581049,2024-07-13,2024 Q3,687,Importer,Medium,435,Fine_Dine_Meat,Beer,28.49916,3.0,85.5,62.67,0.733,partially_compliant,22.83
INV583813,2024-07-13,2024 Q3,679,Importer,Large,440,Fine_Dine_Meat,Wine,18.632631,10.67,198.81,123.05,0.6189,partially_compliant,75.76
INV583814,2024-07-13,2024 Q3,692,Importer,Large,440,Fine_Dine_Meat,Beer,27.948946,3.0,83.85,46.81,0.5583,partially_compliant,37.03
INV587684,2024-07-13,2024 Q3,686,Importer,Small,447,Fine_Dine_Vegetarian,Wine,26.641125,10.67,284.26,17.81,0.0626,non_compliant,266.45
INV588237,2024-07-13,2024 Q3,679,Importer,Large,448,Fine_Dine_Vegetarian,Wine,49.445027,10.67,527.58,326.53,0.6189,partially_compliant,201.04
INV588790,2024-07-13,2024 Q3,692,Importer,Large,449,Fine_Dine_Vegetarian,Wine,55.710783,10.67,594.43,331.89,0.5583,partially_compliant,262.54
INV589343,2024-07-13,2024 Q3,680,Importer,Medium,450,Fine_Dine_Vegetarian,Wine,69.745357,10.67,744.18,723.11,0.9717,compliant,21.07
INV591002,2024-07-13,2024 Q3,682,Importer,Small,453,Fine_Dine_Vegetarian,Wine,46.369391,10.67,494.76,344.41,0.6961,partially_compliant,150.35
INV592661,2024-07-13,2024 Q3,675,Importer,Small,456,Fine_Dine_Vegetarian,Wine,20.391688,10.67,217.58,217.58,1.0,compliant,0.0
INV594320,2024-07-13,2024 Q3,673,Importer,Medium,459,Fine_Dine_Vegetarian,Wine,21.554424,10.67,229.99,227.8,0.9905,compliant,2.18
INV595979,2024-07-13,2024 Q3,673,Importer,Medium,462,Fine_Dine_Vegetarian,Wine,18.294926,10.67,195.21,193.35,0.9905,compliant,1.85
INV596532,2024-07-13,2024 Q3,690,Importer,Small,463,Fine_Dine_Vegetarian,Wine,42.54493,10.67,453.95,283.38,0.6242,partially_compliant,170.57
INV597085,2024-07-13,2024 Q3,677,Importer,Small,464,Fine_Dine_Vegetarian,Wine,23.033597,10.67,245.77,240.98,0.9805,compliant,4.79
INV599850,2024-07-13,2024 Q3,682,Importer,Small,469,Fine_Dine_Vegetarian,Wine,17.150141,10.67,182.99,127.38,0.6961,partially_compliant,55.61
INV601509,2024-07-13,2024 Q3,689,Importer,Small,472,Fine_Dine_Vegetarian,Wine,19.359751,10.67,206.57,201.11,0.9736,compliant,5.46
INV603721,2024-07-13,2024 Q3,692,Importer,Large,476,Fine_Dine_Vegetarian,Wine,21.90753,10.67,233.75,130.51,0.5583,partially_compliant,103.24
INV605380,2024-07-13,2024 Q3,673,Importer,Medium,479,Fine_Dine_Vegetarian,Wine,14.299225,10.67,152.57,151.12,0.9905,compliant,1.45
INV607592,2024-07-13,2024 Q3,675,Importer,Small,483,Fine_Dine_Vegetarian,Wine,22.346901,10.67,238.44,238.44,1.0,compliant,0.0
INV609251,2024-07-13,2024 Q3,692,Importer,Large,486,Fine_Dine_Vegetarian,Wine,36.270889,10.67,387.01,216.08,0.5583,partially_compliant,170.93
INV613675,2024-07-13,2024 Q3,686,Importer,Small,494,Fine_Dine_Vegetarian,Wine,17.335694,10.67,184.97,11.59,0.0626,non_compliant,173.38
INV616993,2024-07-13,2024 Q3,673,Importer,Medium,500,Fine_Dine_Vegetarian,Wine,25.188791,10.67,268.76,266.21,0.9905,compliant,2.55
INV402258,2024-07-20,2024 Q3,692,Importer,Large,203,Cafe,Coffee_Beans,29.397326,25.0,734.93,410.33,0.5583,partially_compliant,324.6
INV403996,2024-07-20,2024 Q3,680,Importer,Medium,205,Cafe,Coffee_Beans,5.9756,25.0,149.39,145.16,0.9717,compliant,4.23
INV405734,2024-07-20,2024 Q3,684,Importer,Medium,207,Cafe,Coffee_Beans,7.280082,25.0,182.0,180.42,0.9913,compliant,1.58
INV415293,2024-07-20,2024 Q3,677,Importer,Small,218,Cafe,Coffee_Beans,16.819408,25.0,420.49,412.29,0.9805,compliant,8.2
INV420507,2024-07-20,2024 Q3,686,Importer,Small,224,Cafe,Coffee_Beans,5.330619,25.0,133.27,8.35,0.0626,non_compliant,124.92
INV423983,2024-07-20,2024 Q3,677,Importer,Small,228,Cafe,Coffee_Beans,6.931484,25.0,173.29,169.91,0.9805,compliant,3.38
INV425721,2024-07-20,2024 Q3,682,Importer,Small,230,Cafe,Coffee_Beans,7.781597,25.0,194.54,135.42,0.6961,partially_compliant,59.12
INV426590,2024-07-20,2024 Q3,681,Importer,Small,231,Cafe,Coffee_Beans,7.215174,25.0,180.38,4.19,0.0232,non_compliant,176.19
INV429197,2024-07-20,2024 Q3,673,Importer,Medium,234,Cafe,Coffee_Beans,6.629586,25.0,165.74,164.17,0.9905,compliant,1.57
INV430066,2024-07-20,2024 Q3,673,Importer,Medium,235,Cafe,Coffee_Beans,31.444302,25.0,786.11,778.64,0.9905,compliant,7.46
INV431804,2024-07-20,2024 Q3,683,Importer,Small,237,Cafe,Coffee_Beans,17.086083,25.0,427.15,341.27,0.7989,partially_compliant,85.88
INV437887,2024-07-20,2024 Q3,682,Importer,Small,244,Cafe,Coffee_Beans,8.226918,25.0,205.67,143.17,0.6961,partially_compliant,62.5
INV439625,2024-07-20,2024 Q3,688,Importer,Small,246,Cafe,Coffee_Beans,13.596627,25.0,339.92,337.86,0.9939,compliant,2.06
INV444839,2024-07-20,2024 Q3,675,Importer,Small,252,Cafe,Coffee_Beans,8.125766,25.0,203.14,203.14,1.0,compliant,0.0
INV448315,2024-07-20,2024 Q3,678,Importer,Medium,256,Cafe,Coffee_Beans,11.977878,25.0,299.45,220.88,0.7376,partially_compliant,78.57
INV449184,2024-07-20,2024 Q3,680,Importer,Medium,257,Cafe,Coffee_Beans,31.191293,25.0,779.78,757.7,0.9717,compliant,22.08
INV454398,2024-07-20,2024 Q3,675,Importer,Small,263,Cafe,Coffee_Beans,6.295186,25.0,157.38,157.38,1.0,compliant,0.0
INV459612,2024-07-20,2024 Q3,677,Importer,Small,269,Cafe,Coffee_Beans,6.117781,25.0,152.94,149.96,0.9805,compliant,2.98
INV463957,2024-07-20,2024 Q3,673,Importer,Medium,274,Cafe,Coffee_Beans,7.603657,25.0,190.09,188.29,0.9905,compliant,1.81
INV464826,2024-07-20,2024 Q3,689,Importer,Small,275,Cafe,Coffee_Beans,7.994757,25.0,199.87,194.59,0.9736,compliant,5.28
INV465695,2024-07-20,2024 Q3,692,Importer,Large,276,Cafe,Coffee_Beans,7.209812,25.0,180.25,100.64,0.5583,partially_compliant,79.61
INV470040,2024-07-20,2024 Q3,689,Importer,Small,281,Cafe,Coffee_Beans,13.33895,25.0,333.47,324.66,0.9736,compliant,8.81
INV475254,2024-07-20,2024 Q3,680,Importer,Medium,287,Cafe,Coffee_Beans,5.420849,25.0,135.52,131.68,0.9717,compliant,3.84
INV477861,2024-07-20,2024 Q3,675,Importer,Small,290,Cafe,Coffee_Beans,6.36536,25.0,159.13,159.13,1.0,compliant,0.0
INV483944,2024-07-20,2024 Q3,689,Importer,Small,297,Cafe,Coffee_Beans,7.020357,25.0,175.51,170.87,0.9736,compliant,4.64
INV484813,2024-07-20,2024 Q3,674,Importer,Small,298,Cafe,Coffee_Beans,6.45863,25.0,161.47,159.99,0.9909,compliant,1.48
INV490027,2024-07-20,2024 Q3,682,Importer,Small,304,Cafe,Coffee_Beans,6.382143,25.0,159.55,111.07,0.6961,partially_compliant,48.49
INV490896,2024-07-20,2024 Q3,682,Importer,Small,305,Cafe,Coffee_Beans,6.444185,25.0,161.1,112.15,0.6961,partially_compliant,48.96
INV496110,2024-07-20,2024 Q3,680,Importer,Medium,311,Cafe,Coffee_Beans,7.809136,25.0,195.23,189.7,0.9717,compliant,5.53
INV496979,2024-07-20,2024 Q3,689,Importer,Small,312,Cafe,Coffee_Beans,8.209684,25.0,205.24,199.82,0.9736,compliant,5.42
INV497848,2024-07-20,2024 Q3,682,Importer,Small,313,Cafe,Coffee_Beans,6.540648,25.0,163.52,113.83,0.6961,partially_compliant,49.69
INV502193,2024-07-20,2024 Q3,688,Importer,Small,318,Cafe,Coffee_Beans,25.492732,25.0,637.32,633.46,0.9939,compliant,3.86
INV507407,2024-07-20,2024 Q3,692,Importer,Large,324,Cafe,Coffee_Beans,7.762773,25.0,194.07,108.35,0.5583,partially_compliant,85.71
INV515228,2024-07-20,2024 Q3,678,Importer,Medium,333,Cafe,Coffee_Beans,6.594931,25.0,164.87,121.61,0.7376,partially_compliant,43.26
INV517835,2024-07-20,2024 Q3,690,Importer,Small,336,Cafe,Coffee_Beans,3.989437,25.0,99.74,62.26,0.6242,partially_compliant,37.48
INV522180,2024-07-20,2024 Q3,690,Importer,Small,341,Cafe,Coffee_Beans,7.38895,25.0,184.72,115.31,0.6242,partially_compliant,69.41
INV523049,2024-07-20,2024 Q3,686,Importer,Small,342,Cafe,Coffee_Beans,5.104661,25.0,127.62,7.99,0.0626,non_compliant,119.62
INV523918,2024-07-20,2024 Q3,690,Importer,Small,343,Cafe,Coffee_Beans,15.008645,25.0,375.22,234.23,0.6242,partially_compliant,140.99
INV532608,2024-07-20,2024 Q3,686,Importer,Small,353,Cafe,Coffee_Beans,14.383667,25.0,359.59,22.53,0.0626,non_compliant,337.06
INV534346,2024-07-20,2024 Q3,678,Importer,Medium,355,Cafe,Coffee_Beans,21.679924,25.0,542.0,399.78,0.7376,partially_compliant,142.21
INV536953,2024-07-20,2024 Q3,679,Importer,Large,358,Cafe,Coffee_Beans,7.64732,25.0,191.18,118.33,0.6189,partially_compliant,72.85
INV542346,2024-07-20,2024 Q3,673,Importer,Medium,365,Fine_Dine_Meat,Beer,29.852735,3.0,89.56,88.71,0.9905,compliant,0.85
INV544557,2024-07-20,2024 Q3,692,Importer,Large,369,Fine_Dine_Meat,Wine,18.057809,10.67,192.68,107.58,0.5583,partially_compliant,85.1
INV547322,2024-07-20,2024 Q3,675,Importer,Small,374,Fine_Dine_Meat,Wine,21.370613,10.67,228.02,228.02,1.0,compliant,0.0
INV547323,2024-07-20,2024 Q3,683,Importer,Small,374,Fine_Dine_Meat,Beer,32.055919,3.0,96.17,76.83,0.7989,partially_compliant,19.34
INV549535,2024-07-20,2024 Q3,679,Importer,Large,378,Fine_Dine_Meat,Beer,24.047226,3.0,72.14,44.65,0.6189,partially_compliant,27.49
INV550087,2024-07-20,2024 Q3,686,Importer,Small,379,Fine_Dine_Meat,Wine,42.082385,10.67,449.02,28.13,0.0626,non_compliant,420.89
INV551746,2024-07-20,2024 Q3,677,Importer,Small,382,Fine_Dine_Meat,Wine,11.280942,10.67,120.37,118.02,0.9805,compliant,2.35
INV552852,2024-07-20,2024 Q3,682,Importer,Small,384,Fine_Dine_Meat,Wine,17.175931,10.67,183.27,127.58,0.6961,partially_compliant,55.69
INV552853,2024-07-20,2024 Q3,680,Importer,Medium,384,Fine_Dine_Meat,Beer,25.763897,3.0,77.29,75.1,0.9717,compliant,2.19
INV555064,2024-07-20,2024 Q3,686,Importer,Small,388,Fine_Dine_Meat,Wine,27.704932,10.67,295.61,18.52,0.0626,non_compliant,277.09
INV555065,2024-07-20,2024 Q3,680,Importer,Medium,388,Fine_Dine_Meat,Beer,41.557399,3.0,124.67,121.14,0.9717,compliant,3.53
INV555617,2024-07-20,2024 Q3,680,Importer,Medium,389,Fine_Dine_Meat,Wine,19.658704,10.67,209.76,203.82,0.9717,compliant,5.94
INV556723,2024-07-20,2024 Q3,692,Importer,Large,391,Fine_Dine_Meat,Wine,18.867668,10.67,201.32,112.4,0.5583,partially_compliant,88.92
INV557277,2024-07-20,2024 Q3,692,Importer,Large,392,Fine_Dine_Meat,Beer,27.100783,3.0,81.3,45.39,0.5583,partially_compliant,35.91
INV558382,2024-07-20,2024 Q3,679,Importer,Large,394,Fine_Dine_Meat,Wine,28.699296,10.67,306.22,189.53,0.6189,partially_compliant,116.69
INV558935,2024-07-20,2024 Q3,686,Importer,Small,395,Fine_Dine_Meat,Wine,35.475516,10.67,378.52,23.71,0.0626,non_compliant,354.81
INV559489,2024-07-20,2024 Q3,685,Importer,Small,396,Fine_Dine_Meat,Beer,62.33108,3.0,186.99,181.6,0.9712,compliant,5.39
INV560042,2024-07-20,2024 Q3,675,Importer,Small,397,Fine_Dine_Meat,Beer,20.695116,3.0,62.09,62.09,1.0,compliant,0.0
INV561147,2024-07-20,2024 Q3,673,Importer,Medium,399,Fine_Dine_Meat,Wine,34.511717,10.67,368.24,364.74,0.9905,compliant,3.5
INV566124,2024-07-20,2024 Q3,681,Importer,Small,408,Fine_Dine_Meat,Wine,38.602471,10.67,411.89,9.56,0.0232,non_compliant,402.32
INV567783,2024-07-20,2024 Q3,673,Importer,Medium,411,Fine_Dine_Meat,Wine,16.977505,10.67,181.15,179.43,0.9905,compliant,1.72
INV567784,2024-07-20,2024 Q3,673,Importer,Medium,411,Fine_Dine_Meat,Beer,25.466258,3.0,76.4,75.67,0.9905,compliant,0.73
INV568336,2024-07-20,2024 Q3,680,Importer,Medium,412,Fine_Dine_Meat,Wine,37.787263,10.67,403.19,391.77,0.9717,compliant,11.42
INV569442,2024-07-20,2024 Q3,689,Importer,Small,414,Fine_Dine_Meat,Wine,23.719503,10.67,253.09,246.4,0.9736,compliant,6.69
INV570548,2024-07-20,2024 Q3,680,Importer,Medium,416,Fine_Dine_Meat,Wine,21.53561,10.67,229.78,223.28,0.9717,compliant,6.51
INV571654,2024-07-20,2024 Q3,675,Importer,Small,418,Fine_Dine_Meat,Wine,38.784666,10.67,413.83,413.83,1.0,compliant,0.0
INV573866,2024-07-20,2024 Q3,673,Importer,Medium,422,Fine_Dine_Meat,Wine,21.884224,10.67,233.5,231.29,0.9905,compliant,2.22
INV576631,2024-07-20,2024 Q3,678,Importer,Medium,427,Fine_Dine_Meat,Wine,17.632217,10.67,188.14,138.77,0.7376,partially_compliant,49.36
INV577184,2024-07-20,2024 Q3,689,Importer,Small,428,Fine_Dine_Meat,Wine,16.013203,10.67,170.86,166.35,0.9736,compliant,4.52
INV578290,2024-07-20,2024 Q3,685,Importer,Small,430,Fine_Dine_Meat,Wine,31.35593,10.67,334.57,324.92,0.9712,compliant,9.65
INV578843,2024-07-20,2024 Q3,692,Importer,Large,431,Fine_Dine_Meat,Wine,19.162508,10.67,204.46,114.16,0.5583,partially_compliant,90.31
INV579396,2024-07-20,2024 Q3,673,Importer,Medium,432,Fine_Dine_Meat,Wine,35.350535,10.67,377.19,373.61,0.9905,compliant,3.58
INV579950,2024-07-20,2024 Q3,679,Importer,Large,433,Fine_Dine_Meat,Beer,24.386934,3.0,73.16,45.28,0.6189,partially_compliant,27.88
INV580503,2024-07-20,2024 Q3,692,Importer,Large,434,Fine_Dine_Meat,Beer,22.60918,3.0,67.83,37.87,0.5583,partially_compliant,29.96
INV581056,2024-07-20,2024 Q3,687,Importer,Medium,435,Fine_Dine_Meat,Beer,32.714574,3.0,98.14,71.94,0.733,partially_compliant,26.21
INV583820,2024-07-20,2024 Q3,679,Importer,Large,440,Fine_Dine_Meat,Wine,19.524655,10.67,208.33,128.94,0.6189,partially_compliant,79.39
INV583821,2024-07-20,2024 Q3,692,Importer,Large,440,Fine_Dine_Meat,Beer,29.286983,3.0,87.86,49.06,0.5583,partially_compliant,38.81
INV587691,2024-07-20,2024 Q3,686,Importer,Small,447,Fine_Dine_Vegetarian,Wine,27.916551,10.67,297.87,18.66,0.0626,non_compliant,279.21
INV588244,2024-07-20,2024 Q3,679,Importer,Large,448,Fine_Dine_Vegetarian,Wine,51.812174,10.67,552.84,342.17,0.6189,partially_compliant,210.67
INV588797,2024-07-20,2024 Q3,692,Importer,Large,449,Fine_Dine_Vegetarian,Wine,55.405476,10.67,591.18,330.07,0.5583,partially_compliant,261.11
INV589350,2024-07-20,2024 Q3,680,Importer,Medium,450,Fine_Dine_Vegetarian,Wine,73.084369,10.67,779.81,757.73,0.9717,compliant,22.08
INV591009,2024-07-20,2024 Q3,682,Importer,Small,453,Fine_Dine_Vegetarian,Wine,48.589294,10.67,518.45,360.9,0.6961,partially_compliant,157.55
INV592668,2024-07-20,2024 Q3,675,Importer,Small,456,Fine_Dine_Vegetarian,Wine,21.367926,10.67,228.0,228.0,1.0,compliant,0.0
INV594327,2024-07-20,2024 Q3,673,Importer,Medium,459,Fine_Dine_Vegetarian,Wine,22.586327,10.67,241.0,238.71,0.9905,compliant,2.29
INV595986,2024-07-20,2024 Q3,673,Importer,Medium,462,Fine_Dine_Vegetarian,Wine,19.170784,10.67,204.55,202.61,0.9905,compliant,1.94
INV596539,2024-07-20,2024 Q3,690,Importer,Small,463,Fine_Dine_Vegetarian,Wine,44.58174,10.67,475.69,296.95,0.6242,partially_compliant,178.74
INV597092,2024-07-20,2024 Q3,677,Importer,Small,464,Fine_Dine_Vegetarian,Wine,24.136315,10.67,257.53,252.51,0.9805,compliant,5.02
INV599857,2024-07-20,2024 Q3,682,Importer,Small,469,Fine_Dine_Vegetarian,Wine,22.466253,10.67,239.71,166.87,0.6961,partially_compliant,72.84
INV601516,2024-07-20,2024 Q3,689,Importer,Small,472,Fine_Dine_Vegetarian,Wine,20.286586,10.67,216.46,210.74,0.9736,compliant,5.72
INV603728,2024-07-20,2024 Q3,692,Importer,Large,476,Fine_Dine_Vegetarian,Wine,22.956338,10.67,244.94,136.76,0.5583,partially_compliant,108.18
INV605387,2024-07-20,2024 Q3,673,Importer,Medium,479,Fine_Dine_Vegetarian,Wine,19.658638,10.67,209.76,207.77,0.9905,compliant,1.99
INV607599,2024-07-20,2024 Q3,675,Importer,Small,483,Fine_Dine_Vegetarian,Wine,22.068273,10.67,235.47,235.47,1.0,compliant,0.0
INV609258,2024-07-20,2024 Q3,692,Importer,Large,486,Fine_Dine_Vegetarian,Wine,38.007333,10.67,405.54,226.42,0.5583,partially_compliant,179.11
INV613682,2024-07-20,2024 Q3,686,Importer,Small,494,Fine_Dine_Vegetarian,Wine,18.852012,10.67,201.15,12.6,0.0626,non_compliant,188.55
INV617000,2024-07-20,2024 Q3,673,Importer,Medium,500,Fine_Dine_Vegetarian,Wine,26.394688,10.67,281.63,278.96,0.9905,compliant,2.67
INV402269,2024-07-27,2024 Q3,692,Importer,Large,203,Cafe,Coffee_Beans,29.67368,25.0,741.84,414.19,0.5583,partially_compliant,327.65
INV404007,2024-07-27,2024 Q3,680,Importer,Medium,205,Cafe,Coffee_Beans,6.039069,25.0,150.98,146.7,0.9717,compliant,4.27
INV405745,2024-07-27,2024 Q3,684,Importer,Medium,207,Cafe,Coffee_Beans,7.390953,25.0,184.77,183.17,0.9913,compliant,1.61
INV415304,2024-07-27,2024 Q3,677,Importer,Small,218,Cafe,Coffee_Beans,17.105168,25.0,427.63,419.29,0.9805,compliant,8.34
INV420518,2024-07-27,2024 Q3,686,Importer,Small,224,Cafe,Coffee_Beans,6.0468,25.0,151.17,9.47,0.0626,non_compliant,141.7
INV423994,2024-07-27,2024 Q3,677,Importer,Small,228,Cafe,Coffee_Beans,7.079215,25.0,176.98,173.53,0.9805,compliant,3.45
INV425732,2024-07-27,2024 Q3,682,Importer,Small,230,Cafe,Coffee_Beans,7.946966,25.0,198.67,138.3,0.6961,partially_compliant,60.37
INV426601,2024-07-27,2024 Q3,681,Importer,Small,231,Cafe,Coffee_Beans,7.344022,25.0,183.6,4.26,0.0232,non_compliant,179.34
INV429208,2024-07-27,2024 Q3,673,Importer,Medium,234,Cafe,Coffee_Beans,6.734783,25.0,168.37,166.77,0.9905,compliant,1.6
INV430077,2024-07-27,2024 Q3,673,Importer,Medium,235,Cafe,Coffee_Beans,31.938549,25.0,798.46,790.88,0.9905,compliant,7.58
INV431815,2024-07-27,2024 Q3,683,Importer,Small,237,Cafe,Coffee_Beans,17.43821,25.0,435.96,348.3,0.7989,partially_compliant,87.65
INV437898,2024-07-27,2024 Q3,682,Importer,Small,244,Cafe,Coffee_Beans,8.372656,25.0,209.32,145.71,0.6961,partially_compliant,63.61
INV439636,2024-07-27,2024 Q3,688,Importer,Small,246,Cafe,Coffee_Beans,14.321547,25.0,358.04,355.87,0.9939,compliant,2.17
INV444850,2024-07-27,2024 Q3,675,Importer,Small,252,Cafe,Coffee_Beans,8.263555,25.0,206.59,206.59,1.0,compliant,0.0
INV448326,2024-07-27,2024 Q3,678,Importer,Medium,256,Cafe,Coffee_Beans,12.102062,25.0,302.55,223.17,0.7376,partially_compliant,79.39
INV449195,2024-07-27,2024 Q3,680,Importer,Medium,257,Cafe,Coffee_Beans,31.646207,25.0,791.16,768.75,0.9717,compliant,22.4
INV454409,2024-07-27,2024 Q3,675,Importer,Small,263,Cafe,Coffee_Beans,6.433924,25.0,160.85,160.85,1.0,compliant,0.0
INV459623,2024-07-27,2024 Q3,677,Importer,Small,269,Cafe,Coffee_Beans,6.242252,25.0,156.06,153.01,0.9805,compliant,3.04
INV463968,2024-07-27,2024 Q3,673,Importer,Medium,274,Cafe,Coffee_Beans,7.704944,25.0,192.62,190.79,0.9905,compliant,1.83
INV464837,2024-07-27,2024 Q3,689,Importer,Small,275,Cafe,Coffee_Beans,8.156236,25.0,203.91,198.52,0.9736,compliant,5.39
INV465706,2024-07-27,2024 Q3,692,Importer,Large,276,Cafe,Coffee_Beans,7.32819,25.0,183.2,102.29,0.5583,partially_compliant,80.92
INV470051,2024-07-27,2024 Q3,689,Importer,Small,281,Cafe,Coffee_Beans,13.58259,25.0,339.56,330.59,0.9736,compliant,8.97
INV475265,2024-07-27,2024 Q3,680,Importer,Medium,287,Cafe,Coffee_Beans,4.650284,25.0,116.26,112.97,0.9717,compliant,3.29
INV477872,2024-07-27,2024 Q3,675,Importer,Small,290,Cafe,Coffee_Beans,6.507532,25.0,162.69,162.69,1.0,compliant,0.0
INV483955,2024-07-27,2024 Q3,689,Importer,Small,297,Cafe,Coffee_Beans,7.152596,25.0,178.81,174.09,0.9736,compliant,4.73
INV484824,2024-07-27,2024 Q3,674,Importer,Small,298,Cafe,Coffee_Beans,6.666981,25.0,166.67,165.15,0.9909,compliant,1.52
INV490038,2024-07-27,2024 Q3,682,Importer,Small,304,Cafe,Coffee_Beans,6.520292,25.0,163.01,113.47,0.6961,partially_compliant,49.53
INV490907,2024-07-27,2024 Q3,682,Importer,Small,305,Cafe,Coffee_Beans,7.173048,25.0,179.33,124.83,0.6961,partially_compliant,54.49
INV496121,2024-07-27,2024 Q3,680,Importer,Medium,311,Cafe,Coffee_Beans,7.9663,25.0,199.16,193.52,0.9717,compliant,5.64
INV496990,2024-07-27,2024 Q3,689,Importer,Small,312,Cafe,Coffee_Beans,8.306316,25.0,207.66,202.17,0.9736,compliant,5.49
INV497859,2024-07-27,2024 Q3,682,Importer,Small,313,Cafe,Coffee_Beans,7.715041,25.0,192.88,134.26,0.6961,partially_compliant,58.61
INV502204,2024-07-27,2024 Q3,688,Importer,Small,318,Cafe,Coffee_Beans,26.514585,25.0,662.86,658.85,0.9939,compliant,4.01
INV507418,2024-07-27,2024 Q3,692,Importer,Large,324,Cafe,Coffee_Beans,7.857161,25.0,196.43,109.67,0.5583,partially_compliant,86.76
INV515239,2024-07-27,2024 Q3,678,Importer,Medium,333,Cafe,Coffee_Beans,6.684894,25.0,167.12,123.27,0.7376,partially_compliant,43.85
INV517846,2024-07-27,2024 Q3,690,Importer,Small,336,Cafe,Coffee_Beans,3.859235,25.0,96.48,60.23,0.6242,partially_compliant,36.25
INV522191,2024-07-27,2024 Q3,690,Importer,Small,341,Cafe,Coffee_Beans,7.311028,25.0,182.78,114.1,0.6242,partially_compliant,68.68
INV523060,2024-07-27,2024 Q3,686,Importer,Small,342,Cafe,Coffee_Beans,5.158088,25.0,128.95,8.08,0.0626,non_compliant,120.87
INV523929,2024-07-27,2024 Q3,690,Importer,Small,343,Cafe,Coffee_Beans,14.520265,25.0,363.01,226.61,0.6242,partially_compliant,136.4
INV532619,2024-07-27,2024 Q3,686,Importer,Small,353,Cafe,Coffee_Beans,14.551109,25.0,363.78,22.79,0.0626,non_compliant,340.99
INV534357,2024-07-27,2024 Q3,678,Importer,Medium,355,Cafe,Coffee_Beans,22.024767,25.0,550.62,406.14,0.7376,partially_compliant,144.48
INV536964,2024-07-27,2024 Q3,679,Importer,Large,358,Cafe,Coffee_Beans,7.771344,25.0,194.28,120.25,0.6189,partially_compliant,74.04
INV542353,2024-07-27,2024 Q3,673,Importer,Medium,365,Fine_Dine_Meat,Beer,31.165036,3.0,93.5,92.61,0.9905,compliant,0.89
INV544564,2024-07-27,2024 Q3,692,Importer,Large,369,Fine_Dine_Meat,Wine,19.018549,10.67,202.93,113.3,0.5583,partially_compliant,89.63
INV547329,2024-07-27,2024 Q3,675,Importer,Small,374,Fine_Dine_Meat,Wine,22.471641,10.67,239.77,239.77,1.0,compliant,0.0
INV547330,2024-07-27,2024 Q3,683,Importer,Small,374,Fine_Dine_Meat,Beer,33.707461,3.0,101.12,80.79,0.7989,partially_compliant,20.33
INV549542,2024-07-27,2024 Q3,679,Importer,Large,378,Fine_Dine_Meat,Beer,25.242484,3.0,75.73,46.87,0.6189,partially_compliant,28.86
INV550094,2024-07-27,2024 Q3,686,Importer,Small,379,Fine_Dine_Meat,Wine,44.19309,10.67,471.54,29.54,0.0626,non_compliant,442.0
INV551753,2024-07-27,2024 Q3,677,Importer,Small,382,Fine_Dine_Meat,Wine,12.529686,10.67,133.69,131.09,0.9805,compliant,2.61
INV552859,2024-07-27,2024 Q3,682,Importer,Small,384,Fine_Dine_Meat,Wine,17.976732,10.67,191.81,133.52,0.6961,partially_compliant,58.29
INV552860,2024-07-27,2024 Q3,680,Importer,Medium,384,Fine_Dine_Meat,Beer,26.965098,3.0,80.9,78.6,0.9717,compliant,2.29
INV555071,2024-07-27,2024 Q3,686,Importer,Small,388,Fine_Dine_Meat,Wine,30.123392,10.67,321.42,20.14,0.0626,non_compliant,301.28
INV555072,2024-07-27,2024 Q3,680,Importer,Medium,388,Fine_Dine_Meat,Beer,45.185088,3.0,135.56,131.72,0.9717,compliant,3.84
INV555624,2024-07-27,2024 Q3,680,Importer,Medium,389,Fine_Dine_Meat,Wine,20.529831,10.67,219.05,212.85,0.9717,compliant,6.2
INV556730,2024-07-27,2024 Q3,692,Importer,Large,391,Fine_Dine_Meat,Wine,18.906776,10.67,201.74,112.63,0.5583,partially_compliant,89.1
INV557284,2024-07-27,2024 Q3,692,Importer,Large,392,Fine_Dine_Meat,Beer,23.45849,3.0,70.38,39.29,0.5583,partially_compliant,31.08
INV558389,2024-07-27,2024 Q3,679,Importer,Large,394,Fine_Dine_Meat,Wine,29.926022,10.67,319.31,197.63,0.6189,partially_compliant,121.68
INV558942,2024-07-27,2024 Q3,686,Importer,Small,395,Fine_Dine_Meat,Wine,36.732359,10.67,391.93,24.55,0.0626,non_compliant,367.38
INV559496,2024-07-27,2024 Q3,685,Importer,Small,396,Fine_Dine_Meat,Beer,65.015434,3.0,195.05,189.42,0.9712,compliant,5.62
INV560049,2024-07-27,2024 Q3,675,Importer,Small,397,Fine_Dine_Meat,Beer,18.332543,3.0,55.0,55.0,1.0,compliant,0.0
INV561154,2024-07-27,2024 Q3,673,Importer,Medium,399,Fine_Dine_Meat,Wine,36.237664,10.67,386.66,382.98,0.9905,compliant,3.67
INV566131,2024-07-27,2024 Q3,681,Importer,Small,408,Fine_Dine_Meat,Wine,40.660349,10.67,433.85,10.07,0.0232,non_compliant,423.77
INV567790,2024-07-27,2024 Q3,673,Importer,Medium,411,Fine_Dine_Meat,Wine,17.705124,10.67,188.91,187.12,0.9905,compliant,1.79
INV567791,2024-07-27,2024 Q3,673,Importer,Medium,411,Fine_Dine_Meat,Beer,26.557685,3.0,79.67,78.92,0.9905,compliant,0.76
INV568343,2024-07-27,2024 Q3,680,Importer,Medium,412,Fine_Dine_Meat,Wine,39.611377,10.67,422.65,410.69,0.9717,compliant,11.97
INV569449,2024-07-27,2024 Q3,689,Importer,Small,414,Fine_Dine_Meat,Wine,26.680035,10.67,284.68,277.15,0.9736,compliant,7.52
INV570555,2024-07-27,2024 Q3,680,Importer,Medium,416,Fine_Dine_Meat,Wine,22.578323,10.67,240.91,234.09,0.9717,compliant,6.82
INV571661,2024-07-27,2024 Q3,675,Importer,Small,418,Fine_Dine_Meat,Wine,40.695951,10.67,434.23,434.23,1.0,compliant,0.0
INV573873,2024-07-27,2024 Q3,673,Importer,Medium,422,Fine_Dine_Meat,Wine,22.967356,10.67,245.06,242.73,0.9905,compliant,2.33
INV576638,2024-07-27,2024 Q3,678,Importer,Medium,427,Fine_Dine_Meat,Wine,18.093933,10.67,193.06,142.41,0.7376,partially_compliant,50.66
INV577191,2024-07-27,2024 Q3,689,Importer,Small,428,Fine_Dine_Meat,Wine,16.856304,10.67,179.86,175.1,0.9736,compliant,4.75
INV578297,2024-07-27,2024 Q3,685,Importer,Small,430,Fine_Dine_Meat,Wine,30.595248,10.67,326.45,317.04,0.9712,compliant,9.41
INV578850,2024-07-27,2024 Q3,692,Importer,Large,431,Fine_Dine_Meat,Wine,20.006941,10.67,213.47,119.19,0.5583,partially_compliant,94.29
INV579403,2024-07-27,2024 Q3,673,Importer,Medium,432,Fine_Dine_Meat,Wine,36.408051,10.67,388.47,384.79,0.9905,compliant,3.69
INV579957,2024-07-27,2024 Q3,679,Importer,Large,433,Fine_Dine_Meat,Beer,26.950239,3.0,80.85,50.04,0.6189,partially_compliant,30.81
INV580510,2024-07-27,2024 Q3,692,Importer,Large,434,Fine_Dine_Meat,Beer,23.626947,3.0,70.88,39.57,0.5583,partially_compliant,31.31
INV581063,2024-07-27,2024 Q3,687,Importer,Medium,435,Fine_Dine_Meat,Beer,36.837763,3.0,110.51,81.0,0.733,partially_compliant,29.51
INV583827,2024-07-27,2024 Q3,679,Importer,Large,440,Fine_Dine_Meat,Wine,20.477632,10.67,218.5,135.23,0.6189,partially_compliant,83.26
INV583828,2024-07-27,2024 Q3,692,Importer,Large,440,Fine_Dine_Meat,Beer,30.716448,3.0,92.15,51.45,0.5583,partially_compliant,40.7
INV587698,2024-07-27,2024 Q3,686,Importer,Small,447,Fine_Dine_Vegetarian,Wine,29.374087,10.67,313.42,19.63,0.0626,non_compliant,293.79
INV588251,2024-07-27,2024 Q3,679,Importer,Large,448,Fine_Dine_Vegetarian,Wine,54.560848,10.67,582.16,360.32,0.6189,partially_compliant,221.85
INV588804,2024-07-27,2024 Q3,692,Importer,Large,449,Fine_Dine_Vegetarian,Wine,55.684335,10.67,594.15,331.73,0.5583,partially_compliant,262.42
INV589357,2024-07-27,2024 Q3,680,Importer,Medium,450,Fine_Dine_Vegetarian,Wine,76.777704,10.67,819.22,796.02,0.9717,compliant,23.2
INV591016,2024-07-27,2024 Q3,682,Importer,Small,453,Fine_Dine_Vegetarian,Wine,50.938652,10.67,543.52,378.35,0.6961,partially_compliant,165.16
INV592675,2024-07-27,2024 Q3,675,Importer,Small,456,Fine_Dine_Vegetarian,Wine,22.479845,10.67,239.86,239.86,1.0,compliant,0.0
INV594334,2024-07-27,2024 Q3,673,Importer,Medium,459,Fine_Dine_Vegetarian,Wine,23.528675,10.67,251.05,248.67,0.9905,compliant,2.38
INV595993,2024-07-27,2024 Q3,673,Importer,Medium,462,Fine_Dine_Vegetarian,Wine,20.169146,10.67,215.2,213.16,0.9905,compliant,2.04
INV596546,2024-07-27,2024 Q3,690,Importer,Small,463,Fine_Dine_Vegetarian,Wine,46.915272,10.67,500.59,312.49,0.6242,partially_compliant,188.1
INV597099,2024-07-27,2024 Q3,677,Importer,Small,464,Fine_Dine_Vegetarian,Wine,25.309381,10.67,270.05,264.79,0.9805,compliant,5.26
INV599864,2024-07-27,2024 Q3,682,Importer,Small,469,Fine_Dine_Vegetarian,Wine,27.332473,10.67,291.64,203.01,0.6961,partially_compliant,88.62
INV601523,2024-07-27,2024 Q3,689,Importer,Small,472,Fine_Dine_Vegetarian,Wine,21.210561,10.67,226.32,220.34,0.9736,compliant,5.98
INV603735,2024-07-27,2024 Q3,692,Importer,Large,476,Fine_Dine_Vegetarian,Wine,24.132363,10.67,257.49,143.77,0.5583,partially_compliant,113.73
INV605394,2024-07-27,2024 Q3,673,Importer,Medium,479,Fine_Dine_Vegetarian,Wine,24.702672,10.67,263.58,261.07,0.9905,compliant,2.5
INV607606,2024-07-27,2024 Q3,675,Importer,Small,483,Fine_Dine_Vegetarian,Wine,21.697822,10.67,231.52,231.52,1.0,compliant,0.0
INV609265,2024-07-27,2024 Q3,692,Importer,Large,486,Fine_Dine_Vegetarian,Wine,39.860628,10.67,425.31,237.46,0.5583,partially_compliant,187.85
INV613689,2024-07-27,2024 Q3,686,Importer,Small,494,Fine_Dine_Vegetarian,Wine,20.626751,10.67,220.09,13.79,0.0626,non_compliant,206.3
INV617007,2024-07-27,2024 Q3,673,Importer,Medium,500,Fine_Dine_Vegetarian,Wine,27.710926,10.67,295.68,292.87,0.9905,compliant,2.81
INV402280,2024-08-03,2024 Q3,692,Importer,Large,203,Cafe,Coffee_Beans,28.560011,25.0,714.0,398.65,0.5583,partially_compliant,315.35
INV404018,2024-08-03,2024 Q3,680,Importer,Medium,205,Cafe,Coffee_Beans,5.831384,25.0,145.78,141.66,0.9717,compliant,4.13
INV405756,2024-08-03,2024 Q3,684,Importer,Medium,207,Cafe,Coffee_Beans,7.223892,25.0,180.6,179.03,0.9913,compliant,1.57
INV415315,2024-08-03,2024 Q3,677,Importer,Small,218,Cafe,Coffee_Beans,16.795086,25.0,419.88,411.69,0.9805,compliant,8.19
INV420529,2024-08-03,2024 Q3,686,Importer,Small,224,Cafe,Coffee_Beans,7.488844,25.0,187.22,11.73,0.0626,non_compliant,175.49
INV424005,2024-08-03,2024 Q3,677,Importer,Small,228,Cafe,Coffee_Beans,7.028214,25.0,175.71,172.28,0.9805,compliant,3.43
INV425743,2024-08-03,2024 Q3,682,Importer,Small,230,Cafe,Coffee_Beans,7.888475,25.0,197.21,137.28,0.6961,partially_compliant,59.93
INV426612,2024-08-03,2024 Q3,681,Importer,Small,231,Cafe,Coffee_Beans,7.227053,25.0,180.68,4.2,0.0232,non_compliant,176.48
INV429219,2024-08-03,2024 Q3,673,Importer,Medium,234,Cafe,Coffee_Beans,6.593496,25.0,164.84,163.27,0.9905,compliant,1.57
INV430088,2024-08-03,2024 Q3,673,Importer,Medium,235,Cafe,Coffee_Beans,31.256374,25.0,781.41,773.99,0.9905,compliant,7.42
INV431826,2024-08-03,2024 Q3,683,Importer,Small,237,Cafe,Coffee_Beans,17.281664,25.0,432.04,345.17,0.7989,partially_compliant,86.87
INV437909,2024-08-03,2024 Q3,682,Importer,Small,244,Cafe,Coffee_Beans,8.236266,25.0,205.91,143.34,0.6961,partially_compliant,62.57
INV439647,2024-08-03,2024 Q3,688,Importer,Small,246,Cafe,Coffee_Beans,12.932488,25.0,323.31,321.35,0.9939,compliant,1.96
INV444861,2024-08-03,2024 Q3,675,Importer,Small,252,Cafe,Coffee_Beans,8.113066,25.0,202.83,202.83,1.0,compliant,0.0
INV448337,2024-08-03,2024 Q3,678,Importer,Medium,256,Cafe,Coffee_Beans,11.677985,25.0,291.95,215.35,0.7376,partially_compliant,76.6
INV449206,2024-08-03,2024 Q3,680,Importer,Medium,257,Cafe,Coffee_Beans,30.878923,25.0,771.97,750.11,0.9717,compliant,21.86
INV454420,2024-08-03,2024 Q3,675,Importer,Small,263,Cafe,Coffee_Beans,6.399311,25.0,159.98,159.98,1.0,compliant,0.0
INV459634,2024-08-03,2024 Q3,677,Importer,Small,269,Cafe,Coffee_Beans,6.182073,25.0,154.55,151.54,0.9805,compliant,3.01
INV463979,2024-08-03,2024 Q3,673,Importer,Medium,274,Cafe,Coffee_Beans,7.493276,25.0,187.33,185.55,0.9905,compliant,1.78
INV464848,2024-08-03,2024 Q3,689,Importer,Small,275,Cafe,Coffee_Beans,8.074567,25.0,201.86,196.53,0.9736,compliant,5.33
INV465717,2024-08-03,2024 Q3,692,Importer,Large,276,Cafe,Coffee_Beans,7.184721,25.0,179.62,100.29,0.5583,partially_compliant,79.33
INV470062,2024-08-03,2024 Q3,689,Importer,Small,281,Cafe,Coffee_Beans,13.380266,25.0,334.51,325.67,0.9736,compliant,8.84
INV475276,2024-08-03,2024 Q3,680,Importer,Medium,287,Cafe,Coffee_Beans,5.06229,25.0,126.56,122.97,0.9717,compliant,3.58
INV477883,2024-08-03,2024 Q3,675,Importer,Small,290,Cafe,Coffee_Beans,6.47737,25.0,161.93,161.93,1.0,compliant,0.0
INV483966,2024-08-03,2024 Q3,689,Importer,Small,297,Cafe,Coffee_Beans,8.778786,25.0,219.47,213.67,0.9736,compliant,5.8
INV484835,2024-08-03,2024 Q3,674,Importer,Small,298,Cafe,Coffee_Beans,6.800619,25.0,170.02,168.46,0.9909,compliant,1.55
INV490049,2024-08-03,2024 Q3,682,Importer,Small,304,Cafe,Coffee_Beans,6.478782,25.0,161.97,112.75,0.6961,partially_compliant,49.22
INV490918,2024-08-03,2024 Q3,682,Importer,Small,305,Cafe,Coffee_Beans,7.45393,25.0,186.35,129.72,0.6961,partially_compliant,56.63
INV496132,2024-08-03,2024 Q3,680,Importer,Medium,311,Cafe,Coffee_Beans,7.885078,25.0,197.13,191.55,0.9717,compliant,5.58
INV497001,2024-08-03,2024 Q3,689,Importer,Small,312,Cafe,Coffee_Beans,8.045162,25.0,201.13,195.81,0.9736,compliant,5.32
INV497870,2024-08-03,2024 Q3,682,Importer,Small,313,Cafe,Coffee_Beans,8.983705,25.0,224.59,156.34,0.6961,partially_compliant,68.25
INV502215,2024-08-03,2024 Q3,688,Importer,Small,318,Cafe,Coffee_Beans,24.359062,25.0,608.98,605.29,0.9939,compliant,3.69
INV507429,2024-08-03,2024 Q3,692,Importer,Large,324,Cafe,Coffee_Beans,7.61795,25.0,190.45,106.33,0.5583,partially_compliant,84.12
INV515250,2024-08-03,2024 Q3,678,Importer,Medium,333,Cafe,Coffee_Beans,6.50672,25.0,162.67,119.99,0.7376,partially_compliant,42.68
INV517857,2024-08-03,2024 Q3,690,Importer,Small,336,Cafe,Coffee_Beans,3.763204,25.0,94.08,58.73,0.6242,partially_compliant,35.35
INV522202,2024-08-03,2024 Q3,690,Importer,Small,341,Cafe,Coffee_Beans,6.653445,25.0,166.34,103.84,0.6242,partially_compliant,62.5
INV523071,2024-08-03,2024 Q3,686,Importer,Small,342,Cafe,Coffee_Beans,4.978645,25.0,124.47,7.8,0.0626,non_compliant,116.67
INV523940,2024-08-03,2024 Q3,690,Importer,Small,343,Cafe,Coffee_Beans,12.862556,25.0,321.56,200.74,0.6242,partially_compliant,120.83
INV532630,2024-08-03,2024 Q3,686,Importer,Small,353,Cafe,Coffee_Beans,14.088787,25.0,352.22,22.06,0.0626,non_compliant,330.15
INV534368,2024-08-03,2024 Q3,678,Importer,Medium,355,Cafe,Coffee_Beans,21.564866,25.0,539.12,397.66,0.7376,partially_compliant,141.46
INV536975,2024-08-03,2024 Q3,679,Importer,Large,358,Cafe,Coffee_Beans,7.615229,25.0,190.38,117.83,0.6189,partially_compliant,72.55
INV542360,2024-08-03,2024 Q3,673,Importer,Medium,365,Fine_Dine_Meat,Beer,30.005986,3.0,90.02,89.16,0.9905,compliant,0.85
INV544571,2024-08-03,2024 Q3,692,Importer,Large,369,Fine_Dine_Meat,Wine,18.750234,10.67,200.06,111.7,0.5583,partially_compliant,88.36
INV547336,2024-08-03,2024 Q3,675,Importer,Small,374,Fine_Dine_Meat,Wine,22.060863,10.67,235.39,235.39,1.0,compliant,0.0
INV547337,2024-08-03,2024 Q3,683,Importer,Small,374,Fine_Dine_Meat,Beer,33.091294,3.0,99.27,79.31,0.7989,partially_compliant,19.96
INV549549,2024-08-03,2024 Q3,679,Importer,Large,378,Fine_Dine_Meat,Beer,24.667034,3.0,74.0,45.8,0.6189,partially_compliant,28.2
INV550101,2024-08-03,2024 Q3,686,Importer,Small,379,Fine_Dine_Meat,Wine,43.235363,10.67,461.32,28.9,0.0626,non_compliant,432.42
INV551760,2024-08-03,2024 Q3,677,Importer,Small,382,Fine_Dine_Meat,Wine,12.382127,10.67,132.12,129.54,0.9805,compliant,2.58
INV552866,2024-08-03,2024 Q3,682,Importer,Small,384,Fine_Dine_Meat,Wine,17.428509,10.67,185.96,129.45,0.6961,partially_compliant,56.51
INV552867,2024-08-03,2024 Q3,680,Importer,Medium,384,Fine_Dine_Meat,Beer,26.142763,3.0,78.43,76.21,0.9717,compliant,2.22
INV555078,2024-08-03,2024 Q3,686,Importer,Small,388,Fine_Dine_Meat,Wine,29.240104,10.67,311.99,19.54,0.0626,non_compliant,292.45
INV555079,2024-08-03,2024 Q3,680,Importer,Medium,388,Fine_Dine_Meat,Beer,43.860155,3.0,131.58,127.85,0.9717,compliant,3.73
INV555631,2024-08-03,2024 Q3,680,Importer,Medium,389,Fine_Dine_Meat,Wine,19.78458,10.67,211.1,205.12,0.9717,compliant,5.98
INV556737,2024-08-03,2024 Q3,692,Importer,Large,391,Fine_Dine_Meat,Wine,16.125305,10.67,172.06,96.06,0.5583,partially_compliant,75.99
INV557291,2024-08-03,2024 Q3,692,Importer,Large,392,Fine_Dine_Meat,Beer,20.424477,3.0,61.27,34.21,0.5583,partially_compliant,27.06
INV558396,2024-08-03,2024 Q3,679,Importer,Large,394,Fine_Dine_Meat,Wine,28.72135,10.67,306.46,189.68,0.6189,partially_compliant,116.78
INV558949,2024-08-03,2024 Q3,686,Importer,Small,395,Fine_Dine_Meat,Wine,34.5704,10.67,368.87,23.11,0.0626,non_compliant,345.76
INV559503,2024-08-03,2024 Q3,685,Importer,Small,396,Fine_Dine_Meat,Beer,62.451071,3.0,187.35,181.95,0.9712,compliant,5.4
INV560056,2024-08-03,2024 Q3,675,Importer,Small,397,Fine_Dine_Meat,Beer,16.593147,3.0,49.78,49.78,1.0,compliant,0.0
INV561161,2024-08-03,2024 Q3,673,Importer,Medium,399,Fine_Dine_Meat,Wine,35.43917,10.67,378.14,374.55,0.9905,compliant,3.59
INV566138,2024-08-03,2024 Q3,681,Importer,Small,408,Fine_Dine_Meat,Wine,40.097372,10.67,427.84,9.93,0.0232,non_compliant,417.9
INV567797,2024-08-03,2024 Q3,673,Importer,Medium,411,Fine_Dine_Meat,Wine,16.997484,10.67,181.36,179.64,0.9905,compliant,1.72
INV567798,2024-08-03,2024 Q3,673,Importer,Medium,411,Fine_Dine_Meat,Beer,25.496226,3.0,76.49,75.76,0.9905,compliant,0.73
INV568350,2024-08-03,2024 Q3,680,Importer,Medium,412,Fine_Dine_Meat,Wine,38.566907,10.67,411.51,399.86,0.9717,compliant,11.65
INV569456,2024-08-03,2024 Q3,689,Importer,Small,414,Fine_Dine_Meat,Wine,23.916633,10.67,255.19,248.45,0.9736,compliant,6.74
INV570562,2024-08-03,2024 Q3,680,Importer,Medium,416,Fine_Dine_Meat,Wine,21.991148,10.67,234.65,228.0,0.9717,compliant,6.64
INV571668,2024-08-03,2024 Q3,675,Importer,Small,418,Fine_Dine_Meat,Wine,39.725079,10.67,423.87,423.87,1.0,compliant,0.0
INV573880,2024-08-03,2024 Q3,673,Importer,Medium,422,Fine_Dine_Meat,Wine,22.431704,10.67,239.35,237.07,0.9905,compliant,2.27
INV576645,2024-08-03,2024 Q3,678,Importer,Medium,427,Fine_Dine_Meat,Wine,16.59688,10.67,177.09,130.62,0.7376,partially_compliant,46.47
INV577198,2024-08-03,2024 Q3,689,Importer,Small,428,Fine_Dine_Meat,Wine,16.595403,10.67,177.07,172.39,0.9736,compliant,4.68
INV578304,2024-08-03,2024 Q3,685,Importer,Small,430,Fine_Dine_Meat,Wine,26.343957,10.67,281.09,272.98,0.9712,compliant,8.11
INV578857,2024-08-03,2024 Q3,692,Importer,Large,431,Fine_Dine_Meat,Wine,19.2683,10.67,205.59,114.79,0.5583,partially_compliant,90.8
INV579410,2024-08-03,2024 Q3,673,Importer,Medium,432,Fine_Dine_Meat,Wine,33.748419,10.67,360.1,356.68,0.9905,compliant,3.42
INV579964,2024-08-03,2024 Q3,679,Importer,Large,433,Fine_Dine_Meat,Beer,20.062046,3.0,60.19,37.25,0.6189,partially_compliant,22.94
INV580517,2024-08-03,2024 Q3,692,Importer,Large,434,Fine_Dine_Meat,Beer,22.81106,3.0,68.43,38.21,0.5583,partially_compliant,30.23
INV581070,2024-08-03,2024 Q3,687,Importer,Medium,435,Fine_Dine_Meat,Beer,43.262039,3.0,129.79,95.13,0.733,partially_compliant,34.66
INV583834,2024-08-03,2024 Q3,679,Importer,Large,440,Fine_Dine_Meat,Wine,19.965067,10.67,213.03,131.85,0.6189,partially_compliant,81.18
INV583835,2024-08-03,2024 Q3,692,Importer,Large,440,Fine_Dine_Meat,Beer,29.947601,3.0,89.84,50.16,0.5583,partially_compliant,39.68
INV587705,2024-08-03,2024 Q3,686,Importer,Small,447,Fine_Dine_Vegetarian,Wine,28.887413,10.67,308.23,19.31,0.0626,non_compliant,288.92
INV588258,2024-08-03,2024 Q3,679,Importer,Large,448,Fine_Dine_Vegetarian,Wine,53.770466,10.67,573.73,355.1,0.6189,partially_compliant,218.63
INV588811,2024-08-03,2024 Q3,692,Importer,Large,449,Fine_Dine_Vegetarian,Wine,53.335574,10.67,569.09,317.74,0.5583,partially_compliant,251.35
INV589364,2024-08-03,2024 Q3,680,Importer,Medium,450,Fine_Dine_Vegetarian,Wine,75.186185,10.67,802.24,779.52,0.9717,compliant,22.72
INV591023,2024-08-03,2024 Q3,682,Importer,Small,453,Fine_Dine_Vegetarian,Wine,49.605442,10.67,529.29,368.45,0.6961,partially_compliant,160.84
INV592682,2024-08-03,2024 Q3,675,Importer,Small,456,Fine_Dine_Vegetarian,Wine,22.097715,10.67,235.78,235.78,1.0,compliant,0.0
INV594341,2024-08-03,2024 Q3,673,Importer,Medium,459,Fine_Dine_Vegetarian,Wine,22.520751,10.67,240.3,238.01,0.9905,compliant,2.28
INV596000,2024-08-03,2024 Q3,673,Importer,Medium,462,Fine_Dine_Vegetarian,Wine,19.828319,10.67,211.57,209.56,0.9905,compliant,2.01
INV596553,2024-08-03,2024 Q3,690,Importer,Small,463,Fine_Dine_Vegetarian,Wine,46.153359,10.67,492.46,307.42,0.6242,partially_compliant,185.04
INV597106,2024-08-03,2024 Q3,677,Importer,Small,464,Fine_Dine_Vegetarian,Wine,24.662784,10.67,263.15,258.02,0.9805,compliant,5.13
INV599871,2024-08-03,2024 Q3,682,Importer,Small,469,Fine_Dine_Vegetarian,Wine,27.250101,10.67,290.76,202.4,0.6961,partially_compliant,88.36
INV601530,2024-08-03,2024 Q3,689,Importer,Small,472,Fine_Dine_Vegetarian,Wine,20.506391,10.67,218.8,213.02,0.9736,compliant,5.78
INV603742,2024-08-03,2024 Q3,692,Importer,Large,476,Fine_Dine_Vegetarian,Wine,23.673734,10.67,252.6,141.03,0.5583,partially_compliant,111.57
INV605401,2024-08-03,2024 Q3,673,Importer,Medium,479,Fine_Dine_Vegetarian,Wine,28.270451,10.67,301.65,298.78,0.9905,compliant,2.86
INV607613,2024-08-03,2024 Q3,675,Importer,Small,483,Fine_Dine_Vegetarian,Wine,16.616027,10.67,177.29,177.29,1.0,compliant,0.0
INV609272,2024-08-03,2024 Q3,692,Importer,Large,486,Fine_Dine_Vegetarian,Wine,38.858183,10.67,414.62,231.49,0.5583,partially_compliant,183.12
INV613696,2024-08-03,2024 Q3,686,Importer,Small,494,Fine_Dine_Vegetarian,Wine,24.322536,10.67,259.52,16.26,0.0626,non_compliant,243.26
INV617014,2024-08-03,2024 Q3,673,Importer,Medium,500,Fine_Dine_Vegetarian,Wine,27.090453,10.67,289.06,286.31,0.9905,compliant,2.74
INV402291,2024-08-10,2024 Q3,692,Importer,Large,203,Cafe,Coffee_Beans,27.333309,25.0,683.33,381.52,0.5583,partially_compliant,301.81
INV404029,2024-08-10,2024 Q3,680,Importer,Medium,205,Cafe,Coffee_Beans,5.580916,25.0,139.52,135.57,0.9717,compliant,3.95
INV405767,2024-08-10,2024 Q3,684,Importer,Medium,207,Cafe,Coffee_Beans,6.913614,25.0,172.84,171.34,0.9913,compliant,1.5
INV415326,2024-08-10,2024 Q3,677,Importer,Small,218,Cafe,Coffee_Beans,16.073708,25.0,401.84,394.01,0.9805,compliant,7.83
INV420540,2024-08-10,2024 Q3,686,Importer,Small,224,Cafe,Coffee_Beans,8.777831,25.0,219.45,13.75,0.0626,non_compliant,205.7
INV424016,2024-08-10,2024 Q3,677,Importer,Small,228,Cafe,Coffee_Beans,6.72634,25.0,168.16,164.88,0.9805,compliant,3.28
INV425754,2024-08-10,2024 Q3,682,Importer,Small,230,Cafe,Coffee_Beans,7.549652,25.0,188.74,131.39,0.6961,partially_compliant,57.35
INV426623,2024-08-10,2024 Q3,681,Importer,Small,231,Cafe,Coffee_Beans,6.916639,25.0,172.92,4.02,0.0232,non_compliant,168.9
INV429230,2024-08-10,2024 Q3,673,Importer,Medium,234,Cafe,Coffee_Beans,6.310294,25.0,157.76,156.26,0.9905,compliant,1.5
INV430099,2024-08-10,2024 Q3,673,Importer,Medium,235,Cafe,Coffee_Beans,29.913858,25.0,747.85,740.75,0.9905,compliant,7.1
INV431837,2024-08-10,2024 Q3,683,Importer,Small,237,Cafe,Coffee_Beans,16.539387,25.0,413.48,330.35,0.7989,partially_compliant,83.14
INV437920,2024-08-10,2024 Q3,682,Importer,Small,244,Cafe,Coffee_Beans,7.882504,25.0,197.06,137.18,0.6961,partially_compliant,59.88
INV439658,2024-08-10,2024 Q3,688,Importer,Small,246,Cafe,Coffee_Beans,10.844427,25.0,271.11,269.47,0.9939,compliant,1.64
INV444872,2024-08-10,2024 Q3,675,Importer,Small,252,Cafe,Coffee_Beans,7.764596,25.0,194.11,194.11,1.0,compliant,0.0
INV448348,2024-08-10,2024 Q3,678,Importer,Medium,256,Cafe,Coffee_Beans,11.176396,25.0,279.41,206.1,0.7376,partially_compliant,73.31
INV449217,2024-08-10,2024 Q3,680,Importer,Medium,257,Cafe,Coffee_Beans,29.55262,25.0,738.82,717.9,0.9717,compliant,20.92
INV454431,2024-08-10,2024 Q3,675,Importer,Small,263,Cafe,Coffee_Beans,6.12445,25.0,153.11,153.11,1.0,compliant,0.0
INV459645,2024-08-10,2024 Q3,677,Importer,Small,269,Cafe,Coffee_Beans,5.916542,25.0,147.91,145.03,0.9805,compliant,2.88
INV463990,2024-08-10,2024 Q3,673,Importer,Medium,274,Cafe,Coffee_Beans,7.171427,25.0,179.29,177.58,0.9905,compliant,1.7
INV464859,2024-08-10,2024 Q3,689,Importer,Small,275,Cafe,Coffee_Beans,7.727751,25.0,193.19,188.09,0.9736,compliant,5.11
INV465728,2024-08-10,2024 Q3,692,Importer,Large,276,Cafe,Coffee_Beans,6.876125,25.0,171.9,95.98,0.5583,partially_compliant,75.92
INV470073,2024-08-10,2024 Q3,689,Importer,Small,281,Cafe,Coffee_Beans,12.805561,25.0,320.14,311.68,0.9736,compliant,8.46
INV475287,2024-08-10,2024 Q3,680,Importer,Medium,287,Cafe,Coffee_Beans,5.557413,25.0,138.94,135.0,0.9717,compliant,3.93
INV477894,2024-08-10,2024 Q3,675,Importer,Small,290,Cafe,Coffee_Beans,6.199156,25.0,154.98,154.98,1.0,compliant,0.0
INV483977,2024-08-10,2024 Q3,689,Importer,Small,297,Cafe,Coffee_Beans,10.464673,25.0,261.62,254.7,0.9736,compliant,6.91
INV484846,2024-08-10,2024 Q3,674,Importer,Small,298,Cafe,Coffee_Beans,6.508521,25.0,162.71,161.23,0.9909,compliant,1.49
INV490060,2024-08-10,2024 Q3,682,Importer,Small,304,Cafe,Coffee_Beans,6.200507,25.0,155.01,107.91,0.6961,partially_compliant,47.11
INV490929,2024-08-10,2024 Q3,682,Importer,Small,305,Cafe,Coffee_Beans,7.49342,25.0,187.34,130.41,0.6961,partially_compliant,56.93
INV496143,2024-08-10,2024 Q3,680,Importer,Medium,311,Cafe,Coffee_Beans,7.5464,25.0,188.66,183.32,0.9717,compliant,5.34
INV497012,2024-08-10,2024 Q3,689,Importer,Small,312,Cafe,Coffee_Beans,7.699608,25.0,192.49,187.4,0.9736,compliant,5.09
INV497881,2024-08-10,2024 Q3,682,Importer,Small,313,Cafe,Coffee_Beans,9.910642,25.0,247.77,172.47,0.6961,partially_compliant,75.29
INV502226,2024-08-10,2024 Q3,688,Importer,Small,318,Cafe,Coffee_Beans,21.706406,25.0,542.66,539.37,0.9939,compliant,3.29
INV507440,2024-08-10,2024 Q3,692,Importer,Large,324,Cafe,Coffee_Beans,7.290746,25.0,182.27,101.77,0.5583,partially_compliant,80.5
INV515261,2024-08-10,2024 Q3,678,Importer,Medium,333,Cafe,Coffee_Beans,6.227245,25.0,155.68,114.83,0.7376,partially_compliant,40.85
INV517868,2024-08-10,2024 Q3,690,Importer,Small,336,Cafe,Coffee_Beans,3.601567,25.0,90.04,56.21,0.6242,partially_compliant,33.83
INV522213,2024-08-10,2024 Q3,690,Importer,Small,341,Cafe,Coffee_Beans,6.367668,25.0,159.19,99.38,0.6242,partially_compliant,59.82
INV523082,2024-08-10,2024 Q3,686,Importer,Small,342,Cafe,Coffee_Beans,4.764804,25.0,119.12,7.46,0.0626,non_compliant,111.66
INV523951,2024-08-10,2024 Q3,690,Importer,Small,343,Cafe,Coffee_Beans,11.179364,25.0,279.48,174.47,0.6242,partially_compliant,105.02
INV532641,2024-08-10,2024 Q3,686,Importer,Small,353,Cafe,Coffee_Beans,13.48365,25.0,337.09,21.12,0.0626,non_compliant,315.97
INV534379,2024-08-10,2024 Q3,678,Importer,Medium,355,Cafe,Coffee_Beans,20.638618,25.0,515.97,380.58,0.7376,partially_compliant,135.38
INV536986,2024-08-10,2024 Q3,679,Importer,Large,358,Cafe,Coffee_Beans,7.288142,25.0,182.2,112.77,0.6189,partially_compliant,69.43
INV542367,2024-08-10,2024 Q3,673,Importer,Medium,365,Fine_Dine_Meat,Beer,28.181027,3.0,84.54,83.74,0.9905,compliant,0.8
INV544578,2024-08-10,2024 Q3,692,Importer,Large,369,Fine_Dine_Meat,Wine,17.609848,10.67,187.9,104.91,0.5583,partially_compliant,82.99
INV547343,2024-08-10,2024 Q3,675,Importer,Small,374,Fine_Dine_Meat,Wine,20.719125,10.67,221.07,221.07,1.0,compliant,0.0
INV547344,2024-08-10,2024 Q3,683,Importer,Small,374,Fine_Dine_Meat,Beer,31.078687,3.0,93.24,74.49,0.7989,partially_compliant,18.75
INV549556,2024-08-10,2024 Q3,679,Importer,Large,378,Fine_Dine_Meat,Beer,23.166789,3.0,69.5,43.02,0.6189,partially_compliant,26.48
INV550108,2024-08-10,2024 Q3,686,Importer,Small,379,Fine_Dine_Meat,Wine,40.605796,10.67,433.26,27.14,0.0626,non_compliant,406.12
INV551767,2024-08-10,2024 Q3,677,Importer,Small,382,Fine_Dine_Meat,Wine,11.723987,10.67,125.09,122.66,0.9805,compliant,2.44
INV552873,2024-08-10,2024 Q3,682,Importer,Small,384,Fine_Dine_Meat,Wine,16.36851,10.67,174.65,121.58,0.6961,partially_compliant,53.07
INV552874,2024-08-10,2024 Q3,680,Importer,Medium,384,Fine_Dine_Meat,Beer,24.552764,3.0,73.66,71.57,0.9717,compliant,2.09
INV555085,2024-08-10,2024 Q3,686,Importer,Small,388,Fine_Dine_Meat,Wine,27.424522,10.67,292.62,18.33,0.0626,non_compliant,274.29
INV555086,2024-08-10,2024 Q3,680,Importer,Medium,388,Fine_Dine_Meat,Beer,41.136783,3.0,123.41,119.92,0.9717,compliant,3.49
INV555638,2024-08-10,2024 Q3,680,Importer,Medium,389,Fine_Dine_Meat,Wine,18.581285,10.67,198.26,192.65,0.9717,compliant,5.61
INV556744,2024-08-10,2024 Q3,692,Importer,Large,391,Fine_Dine_Meat,Wine,15.144566,10.67,161.59,90.22,0.5583,partially_compliant,71.37
INV557298,2024-08-10,2024 Q3,692,Importer,Large,392,Fine_Dine_Meat,Beer,17.794585,3.0,53.38,29.81,0.5583,partially_compliant,23.58
INV558403,2024-08-10,2024 Q3,679,Importer,Large,394,Fine_Dine_Meat,Wine,26.974522,10.67,287.82,178.14,0.6189,partially_compliant,109.68
INV558956,2024-08-10,2024 Q3,686,Importer,Small,395,Fine_Dine_Meat,Wine,32.467834,10.67,346.43,21.7,0.0626,non_compliant,324.73
INV559510,2024-08-10,2024 Q3,685,Importer,Small,396,Fine_Dine_Meat,Beer,58.652807,3.0,175.96,170.88,0.9712,compliant,5.07
INV560063,2024-08-10,2024 Q3,675,Importer,Small,397,Fine_Dine_Meat,Beer,15.569096,3.0,46.71,46.71,1.0,compliant,0.0
INV561168,2024-08-10,2024 Q3,673,Importer,Medium,399,Fine_Dine_Meat,Wine,33.283766,10.67,355.14,351.77,0.9905,compliant,3.37
INV566145,2024-08-10,2024 Q3,681,Importer,Small,408,Fine_Dine_Meat,Wine,37.658657,10.67,401.82,9.33,0.0232,non_compliant,392.49
INV567804,2024-08-10,2024 Q3,673,Importer,Medium,411,Fine_Dine_Meat,Wine,15.9637,10.67,170.33,168.72,0.9905,compliant,1.62
INV567805,2024-08-10,2024 Q3,673,Importer,Medium,411,Fine_Dine_Meat,Beer,23.94555,3.0,71.84,71.15,0.9905,compliant,0.68
INV568357,2024-08-10,2024 Q3,680,Importer,Medium,412,Fine_Dine_Meat,Wine,36.221274,10.67,386.48,375.54,0.9717,compliant,10.94
INV569463,2024-08-10,2024 Q3,689,Importer,Small,414,Fine_Dine_Meat,Wine,20.073709,10.67,214.19,208.53,0.9736,compliant,5.66
INV570569,2024-08-10,2024 Q3,680,Importer,Medium,416,Fine_Dine_Meat,Wine,20.65365,10.67,220.37,214.13,0.9717,compliant,6.24
INV571675,2024-08-10,2024 Q3,675,Importer,Small,418,Fine_Dine_Meat,Wine,37.309007,10.67,398.09,398.09,1.0,compliant,0.0
INV573887,2024-08-10,2024 Q3,673,Importer,Medium,422,Fine_Dine_Meat,Wine,21.067412,10.67,224.79,222.65,0.9905,compliant,2.13
INV576652,2024-08-10,2024 Q3,678,Importer,Medium,427,Fine_Dine_Meat,Wine,15.587461,10.67,166.32,122.68,0.7376,partially_compliant,43.64
INV577205,2024-08-10,2024 Q3,689,Importer,Small,428,Fine_Dine_Meat,Wine,15.586073,10.67,166.3,161.91,0.9736,compliant,4.4
INV578311,2024-08-10,2024 Q3,685,Importer,Small,430,Fine_Dine_Meat,Wine,21.689323,10.67,231.43,224.75,0.9712,compliant,6.67
INV578864,2024-08-10,2024 Q3,692,Importer,Large,431,Fine_Dine_Meat,Wine,18.096405,10.67,193.09,107.81,0.5583,partially_compliant,85.28
INV579417,2024-08-10,2024 Q3,673,Importer,Medium,432,Fine_Dine_Meat,Wine,31.695846,10.67,338.19,334.98,0.9905,compliant,3.21
INV579971,2024-08-10,2024 Q3,679,Importer,Large,433,Fine_Dine_Meat,Beer,13.407613,3.0,40.22,24.9,0.6189,partially_compliant,15.33
INV580524,2024-08-10,2024 Q3,692,Importer,Large,434,Fine_Dine_Meat,Beer,21.423695,3.0,64.27,35.88,0.5583,partially_compliant,28.39
INV581077,2024-08-10,2024 Q3,687,Importer,Medium,435,Fine_Dine_Meat,Beer,46.92515,3.0,140.78,103.18,0.733,partially_compliant,37.59
INV583841,2024-08-10,2024 Q3,679,Importer,Large,440,Fine_Dine_Meat,Wine,18.750795,10.67,200.07,123.83,0.6189,partially_compliant,76.24
INV583842,2024-08-10,2024 Q3,692,Importer,Large,440,Fine_Dine_Meat,Beer,28.126193,3.0,84.38,47.11,0.5583,partially_compliant,37.27
INV587712,2024-08-10,2024 Q3,686,Importer,Small,447,Fine_Dine_Vegetarian,Wine,27.130485,10.67,289.48,18.13,0.0626,non_compliant,271.35
INV588265,2024-08-10,2024 Q3,679,Importer,Large,448,Fine_Dine_Vegetarian,Wine,50.500156,10.67,538.84,333.5,0.6189,partially_compliant,205.33
INV588818,2024-08-10,2024 Q3,692,Importer,Large,449,Fine_Dine_Vegetarian,Wine,49.800357,10.67,531.37,296.68,0.5583,partially_compliant,234.69
INV589371,2024-08-10,2024 Q3,680,Importer,Medium,450,Fine_Dine_Vegetarian,Wine,70.613374,10.67,753.44,732.11,0.9717,compliant,21.33
INV591030,2024-08-10,2024 Q3,682,Importer,Small,453,Fine_Dine_Vegetarian,Wine,46.588447,10.67,497.1,346.04,0.6961,partially_compliant,151.06
INV592689,2024-08-10,2024 Q3,675,Importer,Small,456,Fine_Dine_Vegetarian,Wine,20.753736,10.67,221.44,221.44,1.0,compliant,0.0
INV594348,2024-08-10,2024 Q3,673,Importer,Medium,459,Fine_Dine_Vegetarian,Wine,21.151043,10.67,225.68,223.54,0.9905,compliant,2.14
INV596007,2024-08-10,2024 Q3,673,Importer,Medium,462,Fine_Dine_Vegetarian,Wine,18.622364,10.67,198.7,196.81,0.9905,compliant,1.89
INV596560,2024-08-10,2024 Q3,690,Importer,Small,463,Fine_Dine_Vegetarian,Wine,43.34632,10.67,462.51,288.72,0.6242,partially_compliant,173.79
INV597113,2024-08-10,2024 Q3,677,Importer,Small,464,Fine_Dine_Vegetarian,Wine,23.162798,10.67,247.15,242.33,0.9805,compliant,4.82
INV599878,2024-08-10,2024 Q3,682,Importer,Small,469,Fine_Dine_Vegetarian,Wine,25.628285,10.67,273.45,190.36,0.6961,partially_compliant,83.1
INV601537,2024-08-10,2024 Q3,689,Importer,Small,472,Fine_Dine_Vegetarian,Wine,19.259196,10.67,205.5,200.06,0.9736,compliant,5.43
INV603749,2024-08-10,2024 Q3,692,Importer,Large,476,Fine_Dine_Vegetarian,Wine,22.233901,10.67,237.24,132.46,0.5583,partially_compliant,104.78
INV605408,2024-08-10,2024 Q3,673,Importer,Medium,479,Fine_Dine_Vegetarian,Wine,30.172949,10.67,321.95,318.89,0.9905,compliant,3.06
INV607620,2024-08-10,2024 Q3,675,Importer,Small,483,Fine_Dine_Vegetarian,Wine,11.560857,10.67,123.35,123.35,1.0,compliant,0.0
INV609279,2024-08-10,2024 Q3,692,Importer,Large,486,Fine_Dine_Vegetarian,Wine,36.494835,10.67,389.4,217.41,0.5583,partially_compliant,171.99
INV613703,2024-08-10,2024 Q3,686,Importer,Small,494,Fine_Dine_Vegetarian,Wine,27.130621,10.67,289.48,18.13,0.0626,non_compliant,271.35
INV617021,2024-08-10,2024 Q3,673,Importer,Medium,500,Fine_Dine_Vegetarian,Wine,25.442816,10.67,271.47,268.9,0.9905,compliant,2.58
INV402302,2024-08-17,2024 Q3,692,Importer,Large,203,Cafe,Coffee_Beans,27.697713,25.0,692.44,386.61,0.5583,partially_compliant,305.83
INV404040,2024-08-17,2024 Q3,680,Importer,Medium,205,Cafe,Coffee_Beans,5.65532,25.0,141.38,137.38,0.9717,compliant,4.0
INV405778,2024-08-17,2024 Q3,684,Importer,Medium,207,Cafe,Coffee_Beans,7.005785,25.0,175.14,173.62,0.9913,compliant,1.52
INV415337,2024-08-17,2024 Q3,677,Importer,Small,218,Cafe,Coffee_Beans,16.288,25.0,407.2,399.26,0.9805,compliant,7.94
INV420551,2024-08-17,2024 Q3,686,Importer,Small,224,Cafe,Coffee_Beans,10.300215,25.0,257.51,16.13,0.0626,non_compliant,241.37
INV424027,2024-08-17,2024 Q3,677,Importer,Small,228,Cafe,Coffee_Beans,6.816015,25.0,170.4,167.08,0.9805,compliant,3.32
INV425765,2024-08-17,2024 Q3,682,Importer,Small,230,Cafe,Coffee_Beans,7.650303,25.0,191.26,133.14,0.6961,partially_compliant,58.12
INV426634,2024-08-17,2024 Q3,681,Importer,Small,231,Cafe,Coffee_Beans,7.00885,25.0,175.22,4.07,0.0232,non_compliant,171.15
INV429241,2024-08-17,2024 Q3,673,Importer,Medium,234,Cafe,Coffee_Beans,6.394422,25.0,159.86,158.34,0.9905,compliant,1.52
INV430110,2024-08-17,2024 Q3,673,Importer,Medium,235,Cafe,Coffee_Beans,30.312666,25.0,757.82,750.62,0.9905,compliant,7.2
INV431848,2024-08-17,2024 Q3,683,Importer,Small,237,Cafe,Coffee_Beans,16.759887,25.0,419.0,334.75,0.7989,partially_compliant,84.24
INV437931,2024-08-17,2024 Q3,682,Importer,Small,244,Cafe,Coffee_Beans,7.987593,25.0,199.69,139.01,0.6961,partially_compliant,60.68
INV439669,2024-08-17,2024 Q3,688,Importer,Small,246,Cafe,Coffee_Beans,9.649378,25.0,241.23,239.77,0.9939,compliant,1.46
INV444883,2024-08-17,2024 Q3,675,Importer,Small,252,Cafe,Coffee_Beans,7.868113,25.0,196.7,196.7,1.0,compliant,0.0
INV448359,2024-08-17,2024 Q3,678,Importer,Medium,256,Cafe,Coffee_Beans,11.325398,25.0,283.13,208.84,0.7376,partially_compliant,74.29
INV449228,2024-08-17,2024 Q3,680,Importer,Medium,257,Cafe,Coffee_Beans,29.946612,25.0,748.67,727.47,0.9717,compliant,21.2
INV454442,2024-08-17,2024 Q3,675,Importer,Small,263,Cafe,Coffee_Beans,6.2061,25.0,155.15,155.15,1.0,compliant,0.0
INV459656,2024-08-17,2024 Q3,677,Importer,Small,269,Cafe,Coffee_Beans,5.995421,25.0,149.89,146.96,0.9805,compliant,2.92
INV464001,2024-08-17,2024 Q3,673,Importer,Medium,274,Cafe,Coffee_Beans,7.267035,25.0,181.68,179.95,0.9905,compliant,1.73
INV464870,2024-08-17,2024 Q3,689,Importer,Small,275,Cafe,Coffee_Beans,7.830776,25.0,195.77,190.6,0.9736,compliant,5.17
INV465739,2024-08-17,2024 Q3,692,Importer,Large,276,Cafe,Coffee_Beans,6.967797,25.0,174.19,97.26,0.5583,partially_compliant,76.94
INV470084,2024-08-17,2024 Q3,689,Importer,Small,281,Cafe,Coffee_Beans,12.976283,25.0,324.41,315.83,0.9736,compliant,8.57
INV475298,2024-08-17,2024 Q3,680,Importer,Medium,287,Cafe,Coffee_Beans,6.20566,25.0,155.14,150.75,0.9717,compliant,4.39
INV477905,2024-08-17,2024 Q3,675,Importer,Small,290,Cafe,Coffee_Beans,6.281802,25.0,157.05,157.05,1.0,compliant,0.0
INV483988,2024-08-17,2024 Q3,689,Importer,Small,297,Cafe,Coffee_Beans,12.06189,25.0,301.55,293.58,0.9736,compliant,7.97
INV484857,2024-08-17,2024 Q3,674,Importer,Small,298,Cafe,Coffee_Beans,6.595291,25.0,164.88,163.38,0.9909,compliant,1.51
INV490071,2024-08-17,2024 Q3,682,Importer,Small,304,Cafe,Coffee_Beans,6.283171,25.0,157.08,109.35,0.6961,partially_compliant,47.73
INV490940,2024-08-17,2024 Q3,682,Importer,Small,305,Cafe,Coffee_Beans,7.90076,25.0,197.52,137.5,0.6961,partially_compliant,60.02
INV496154,2024-08-17,2024 Q3,680,Importer,Medium,311,Cafe,Coffee_Beans,7.647008,25.0,191.18,185.76,0.9717,compliant,5.41
INV497023,2024-08-17,2024 Q3,689,Importer,Small,312,Cafe,Coffee_Beans,7.802259,25.0,195.06,189.9,0.9736,compliant,5.16
INV497892,2024-08-17,2024 Q3,682,Importer,Small,313,Cafe,Coffee_Beans,11.127112,25.0,278.18,193.64,0.6961,partially_compliant,84.53
INV502237,2024-08-17,2024 Q3,688,Importer,Small,318,Cafe,Coffee_Beans,20.759057,25.0,518.98,515.83,0.9939,compliant,3.14
INV507451,2024-08-17,2024 Q3,692,Importer,Large,324,Cafe,Coffee_Beans,7.387945,25.0,184.7,103.12,0.5583,partially_compliant,81.58
INV515272,2024-08-17,2024 Q3,678,Importer,Medium,333,Cafe,Coffee_Beans,6.310266,25.0,157.76,116.36,0.7376,partially_compliant,41.39
INV517879,2024-08-17,2024 Q3,690,Importer,Small,336,Cafe,Coffee_Beans,3.649583,25.0,91.24,56.96,0.6242,partially_compliant,34.28
INV522224,2024-08-17,2024 Q3,690,Importer,Small,341,Cafe,Coffee_Beans,6.452561,25.0,161.31,100.7,0.6242,partially_compliant,60.61
INV523093,2024-08-17,2024 Q3,686,Importer,Small,342,Cafe,Coffee_Beans,4.828328,25.0,120.71,7.56,0.0626,non_compliant,113.15
INV523962,2024-08-17,2024 Q3,690,Importer,Small,343,Cafe,Coffee_Beans,10.480227,25.0,262.01,163.56,0.6242,partially_compliant,98.45
INV532652,2024-08-17,2024 Q3,686,Importer,Small,353,Cafe,Coffee_Beans,13.663412,25.0,341.59,21.4,0.0626,non_compliant,320.19
INV534390,2024-08-17,2024 Q3,678,Importer,Medium,355,Cafe,Coffee_Beans,20.913769,25.0,522.84,385.66,0.7376,partially_compliant,137.19
INV536997,2024-08-17,2024 Q3,679,Importer,Large,358,Cafe,Coffee_Beans,7.385306,25.0,184.63,114.27,0.6189,partially_compliant,70.36
INV542374,2024-08-17,2024 Q3,673,Importer,Medium,365,Fine_Dine_Meat,Beer,28.637762,3.0,85.91,85.1,0.9905,compliant,0.82
INV544585,2024-08-17,2024 Q3,692,Importer,Large,369,Fine_Dine_Meat,Wine,17.895254,10.67,190.94,106.61,0.5583,partially_compliant,84.33
INV547350,2024-08-17,2024 Q3,675,Importer,Small,374,Fine_Dine_Meat,Wine,21.054923,10.67,224.66,224.66,1.0,compliant,0.0
INV547351,2024-08-17,2024 Q3,683,Importer,Small,374,Fine_Dine_Meat,Beer,31.582384,3.0,94.75,75.7,0.7989,partially_compliant,19.05
INV549563,2024-08-17,2024 Q3,679,Importer,Large,378,Fine_Dine_Meat,Beer,23.542257,3.0,70.63,43.71,0.6189,partially_compliant,26.91
INV550115,2024-08-17,2024 Q3,686,Importer,Small,379,Fine_Dine_Meat,Wine,41.2639,10.67,440.29,27.58,0.0626,non_compliant,412.7
INV551774,2024-08-17,2024 Q3,677,Importer,Small,382,Fine_Dine_Meat,Wine,11.992061,10.67,127.96,125.46,0.9805,compliant,2.49
INV552880,2024-08-17,2024 Q3,682,Importer,Small,384,Fine_Dine_Meat,Wine,16.633797,10.67,177.48,123.55,0.6961,partially_compliant,53.93
INV552881,2024-08-17,2024 Q3,680,Importer,Medium,384,Fine_Dine_Meat,Beer,24.950695,3.0,74.85,72.73,0.9717,compliant,2.12
INV555092,2024-08-17,2024 Q3,686,Importer,Small,388,Fine_Dine_Meat,Wine,27.57124,10.67,294.19,18.43,0.0626,non_compliant,275.76
INV555093,2024-08-17,2024 Q3,680,Importer,Medium,388,Fine_Dine_Meat,Beer,41.35686,3.0,124.07,120.56,0.9717,compliant,3.51
INV555645,2024-08-17,2024 Q3,680,Importer,Medium,389,Fine_Dine_Meat,Wine,18.882435,10.67,201.48,195.77,0.9717,compliant,5.7
INV556751,2024-08-17,2024 Q3,692,Importer,Large,391,Fine_Dine_Meat,Wine,15.390017,10.67,164.21,91.68,0.5583,partially_compliant,72.53
INV557305,2024-08-17,2024 Q3,692,Importer,Large,392,Fine_Dine_Meat,Beer,17.041772,3.0,51.13,28.54,0.5583,partially_compliant,22.58
INV558410,2024-08-17,2024 Q3,679,Importer,Large,394,Fine_Dine_Meat,Wine,27.411703,10.67,292.48,181.03,0.6189,partially_compliant,111.46
INV558963,2024-08-17,2024 Q3,686,Importer,Small,395,Fine_Dine_Meat,Wine,32.994046,10.67,352.05,22.05,0.0626,non_compliant,329.99
INV559517,2024-08-17,2024 Q3,685,Importer,Small,396,Fine_Dine_Meat,Beer,59.603403,3.0,178.81,173.65,0.9712,compliant,5.16
INV560070,2024-08-17,2024 Q3,675,Importer,Small,397,Fine_Dine_Meat,Beer,15.821427,3.0,47.46,47.46,1.0,compliant,0.0
INV561175,2024-08-17,2024 Q3,673,Importer,Medium,399,Fine_Dine_Meat,Wine,33.823201,10.67,360.89,357.47,0.9905,compliant,3.43
INV566152,2024-08-17,2024 Q3,681,Importer,Small,408,Fine_Dine_Meat,Wine,38.268997,10.67,408.33,9.48,0.0232,non_compliant,398.85
INV567811,2024-08-17,2024 Q3,673,Importer,Medium,411,Fine_Dine_Meat,Wine,16.222427,10.67,173.09,171.45,0.9905,compliant,1.64
INV567812,2024-08-17,2024 Q3,673,Importer,Medium,411,Fine_Dine_Meat,Beer,24.33364,3.0,73.0,72.31,0.9905,compliant,0.69
INV568364,2024-08-17,2024 Q3,680,Importer,Medium,412,Fine_Dine_Meat,Wine,36.808318,10.67,392.74,381.62,0.9717,compliant,11.12
INV569470,2024-08-17,2024 Q3,689,Importer,Small,414,Fine_Dine_Meat,Wine,18.958496,10.67,202.29,196.94,0.9736,compliant,5.35
INV570576,2024-08-17,2024 Q3,680,Importer,Medium,416,Fine_Dine_Meat,Wine,20.988387,10.67,223.95,217.6,0.9717,compliant,6.34
INV571682,2024-08-17,2024 Q3,675,Importer,Small,418,Fine_Dine_Meat,Wine,37.91368,10.67,404.54,404.54,1.0,compliant,0.0
INV573894,2024-08-17,2024 Q3,673,Importer,Medium,422,Fine_Dine_Meat,Wine,21.408855,10.67,228.43,226.26,0.9905,compliant,2.17
INV576659,2024-08-17,2024 Q3,678,Importer,Medium,427,Fine_Dine_Meat,Wine,15.840089,10.67,169.01,124.67,0.7376,partially_compliant,44.35
INV577212,2024-08-17,2024 Q3,689,Importer,Small,428,Fine_Dine_Meat,Wine,15.838679,10.67,169.0,164.53,0.9736,compliant,4.47
INV578318,2024-08-17,2024 Q3,685,Importer,Small,430,Fine_Dine_Meat,Wine,20.511653,10.67,218.86,212.55,0.9712,compliant,6.31
INV578871,2024-08-17,2024 Q3,692,Importer,Large,431,Fine_Dine_Meat,Wine,18.389696,10.67,196.22,109.55,0.5583,partially_compliant,86.66
INV579424,2024-08-17,2024 Q3,673,Importer,Medium,432,Fine_Dine_Meat,Wine,32.209545,10.67,343.68,340.41,0.9905,compliant,3.26
INV579978,2024-08-17,2024 Q3,679,Importer,Large,433,Fine_Dine_Meat,Beer,12.798476,3.0,38.4,23.76,0.6189,partially_compliant,14.63
INV580531,2024-08-17,2024 Q3,692,Importer,Large,434,Fine_Dine_Meat,Beer,21.770912,3.0,65.31,36.47,0.5583,partially_compliant,28.85
INV581084,2024-08-17,2024 Q3,687,Importer,Medium,435,Fine_Dine_Meat,Beer,52.240585,3.0,156.72,114.87,0.733,partially_compliant,41.85
INV583848,2024-08-17,2024 Q3,679,Importer,Large,440,Fine_Dine_Meat,Wine,19.054692,10.67,203.31,125.84,0.6189,partially_compliant,77.48
INV583849,2024-08-17,2024 Q3,692,Importer,Large,440,Fine_Dine_Meat,Beer,28.582038,3.0,85.75,47.87,0.5583,partially_compliant,37.87
INV587719,2024-08-17,2024 Q3,686,Importer,Small,447,Fine_Dine_Vegetarian,Wine,27.570193,10.67,294.17,18.43,0.0626,non_compliant,275.75
INV588272,2024-08-17,2024 Q3,679,Importer,Large,448,Fine_Dine_Vegetarian,Wine,51.31862,10.67,547.57,338.91,0.6189,partially_compliant,208.66
INV588825,2024-08-17,2024 Q3,692,Importer,Large,449,Fine_Dine_Vegetarian,Wine,50.375554,10.67,537.51,300.11,0.5583,partially_compliant,237.4
INV589378,2024-08-17,2024 Q3,680,Importer,Medium,450,Fine_Dine_Vegetarian,Wine,71.757816,10.67,765.66,743.98,0.9717,compliant,21.68
INV591037,2024-08-17,2024 Q3,682,Importer,Small,453,Fine_Dine_Vegetarian,Wine,47.343514,10.67,505.16,351.65,0.6961,partially_compliant,153.51
INV592696,2024-08-17,2024 Q3,675,Importer,Small,456,Fine_Dine_Vegetarian,Wine,21.090095,10.67,225.03,225.03,1.0,compliant,0.0
INV594355,2024-08-17,2024 Q3,673,Importer,Medium,459,Fine_Dine_Vegetarian,Wine,21.493841,10.67,229.34,227.16,0.9905,compliant,2.18
INV596014,2024-08-17,2024 Q3,673,Importer,Medium,462,Fine_Dine_Vegetarian,Wine,18.92418,10.67,201.92,200.0,0.9905,compliant,1.92
INV596567,2024-08-17,2024 Q3,690,Importer,Small,463,Fine_Dine_Vegetarian,Wine,44.048841,10.67,470.0,293.4,0.6242,partially_compliant,176.6
INV597120,2024-08-17,2024 Q3,677,Importer,Small,464,Fine_Dine_Vegetarian,Wine,23.538201,10.67,251.15,246.26,0.9805,compliant,4.9
INV599885,2024-08-17,2024 Q3,682,Importer,Small,469,Fine_Dine_Vegetarian,Wine,26.074697,10.67,278.22,193.67,0.6961,partially_compliant,84.54
INV601544,2024-08-17,2024 Q3,689,Importer,Small,472,Fine_Dine_Vegetarian,Wine,19.571333,10.67,208.83,203.31,0.9736,compliant,5.52
INV603756,2024-08-17,2024 Q3,692,Importer,Large,476,Fine_Dine_Vegetarian,Wine,22.59425,10.67,241.08,134.6,0.5583,partially_compliant,106.48
INV605415,2024-08-17,2024 Q3,673,Importer,Medium,479,Fine_Dine_Vegetarian,Wine,33.734976,10.67,359.95,356.53,0.9905,compliant,3.42
INV607627,2024-08-17,2024 Q3,675,Importer,Small,483,Fine_Dine_Vegetarian,Wine,10.849924,10.67,115.77,115.77,1.0,compliant,0.0
INV609286,2024-08-17,2024 Q3,692,Importer,Large,486,Fine_Dine_Vegetarian,Wine,37.086313,10.67,395.71,220.94,0.5583,partially_compliant,174.77
INV613710,2024-08-17,2024 Q3,686,Importer,Small,494,Fine_Dine_Vegetarian,Wine,31.280818,10.67,333.77,20.91,0.0626,non_compliant,312.86
INV617028,2024-08-17,2024 Q3,673,Importer,Medium,500,Fine_Dine_Vegetarian,Wine,25.855172,10.67,275.87,273.26,0.9905,compliant,2.62
INV402313,2024-08-24,2024 Q3,692,Importer,Large,203,Cafe,Coffee_Beans,29.083367,25.0,727.08,405.95,0.5583,partially_compliant,321.13
INV404051,2024-08-24,2024 Q3,680,Importer,Medium,205,Cafe,Coffee_Beans,5.938243,25.0,148.46,144.25,0.9717,compliant,4.2
INV405789,2024-08-24,2024 Q3,684,Importer,Medium,207,Cafe,Coffee_Beans,7.356269,25.0,183.91,182.31,0.9913,compliant,1.6
INV415348,2024-08-24,2024 Q3,677,Importer,Small,218,Cafe,Coffee_Beans,17.102852,25.0,427.57,419.24,0.9805,compliant,8.34
INV420562,2024-08-24,2024 Q3,686,Importer,Small,224,Cafe,Coffee_Beans,12.083515,25.0,302.09,18.92,0.0626,non_compliant,283.16
INV424038,2024-08-24,2024 Q3,677,Importer,Small,228,Cafe,Coffee_Beans,7.157005,25.0,178.93,175.44,0.9805,compliant,3.49
INV425776,2024-08-24,2024 Q3,682,Importer,Small,230,Cafe,Coffee_Beans,8.03303,25.0,200.83,139.8,0.6961,partially_compliant,61.03
INV426645,2024-08-24,2024 Q3,681,Importer,Small,231,Cafe,Coffee_Beans,7.359487,25.0,183.99,4.27,0.0232,non_compliant,179.72
INV429252,2024-08-24,2024 Q3,673,Importer,Medium,234,Cafe,Coffee_Beans,6.71432,25.0,167.86,166.26,0.9905,compliant,1.59
INV430121,2024-08-24,2024 Q3,673,Importer,Medium,235,Cafe,Coffee_Beans,31.82914,25.0,795.73,788.17,0.9905,compliant,7.56
INV431859,2024-08-24,2024 Q3,683,Importer,Small,237,Cafe,Coffee_Beans,17.598347,25.0,439.96,351.5,0.7989,partially_compliant,88.46
INV437942,2024-08-24,2024 Q3,682,Importer,Small,244,Cafe,Coffee_Beans,8.387194,25.0,209.68,145.96,0.6961,partially_compliant,63.72
INV439680,2024-08-24,2024 Q3,688,Importer,Small,246,Cafe,Coffee_Beans,8.921273,25.0,223.03,221.68,0.9939,compliant,1.35
INV444894,2024-08-24,2024 Q3,675,Importer,Small,252,Cafe,Coffee_Beans,8.261736,25.0,206.54,206.54,1.0,compliant,0.0
INV448370,2024-08-24,2024 Q3,678,Importer,Medium,256,Cafe,Coffee_Beans,11.891982,25.0,297.3,219.29,0.7376,partially_compliant,78.01
INV449239,2024-08-24,2024 Q3,680,Importer,Medium,257,Cafe,Coffee_Beans,31.444773,25.0,786.12,763.86,0.9717,compliant,22.26
INV454453,2024-08-24,2024 Q3,675,Importer,Small,263,Cafe,Coffee_Beans,6.516577,25.0,162.91,162.91,1.0,compliant,0.0
INV459667,2024-08-24,2024 Q3,677,Importer,Small,269,Cafe,Coffee_Beans,6.295358,25.0,157.38,154.32,0.9805,compliant,3.07
INV464012,2024-08-24,2024 Q3,673,Importer,Medium,274,Cafe,Coffee_Beans,7.630588,25.0,190.76,188.95,0.9905,compliant,1.81
INV464881,2024-08-24,2024 Q3,689,Importer,Small,275,Cafe,Coffee_Beans,8.222532,25.0,205.56,200.13,0.9736,compliant,5.43
INV465750,2024-08-24,2024 Q3,692,Importer,Large,276,Cafe,Coffee_Beans,7.31638,25.0,182.91,102.12,0.5583,partially_compliant,80.79
INV470095,2024-08-24,2024 Q3,689,Importer,Small,281,Cafe,Coffee_Beans,13.625457,25.0,340.64,331.63,0.9736,compliant,9.0
INV475309,2024-08-24,2024 Q3,680,Importer,Medium,287,Cafe,Coffee_Beans,6.994571,25.0,174.86,169.91,0.9717,compliant,4.95
INV477916,2024-08-24,2024 Q3,675,Importer,Small,290,Cafe,Coffee_Beans,6.596067,25.0,164.9,164.9,1.0,compliant,0.0
INV483999,2024-08-24,2024 Q3,689,Importer,Small,297,Cafe,Coffee_Beans,13.730823,25.0,343.27,334.2,0.9736,compliant,9.07
INV484868,2024-08-24,2024 Q3,674,Importer,Small,298,Cafe,Coffee_Beans,6.925239,25.0,173.13,171.55,0.9909,compliant,1.58
INV490082,2024-08-24,2024 Q3,682,Importer,Small,304,Cafe,Coffee_Beans,6.597504,25.0,164.94,114.82,0.6961,partially_compliant,50.12
INV490951,2024-08-24,2024 Q3,682,Importer,Small,305,Cafe,Coffee_Beans,8.567786,25.0,214.19,149.11,0.6961,partially_compliant,65.09
INV496165,2024-08-24,2024 Q3,680,Importer,Medium,311,Cafe,Coffee_Beans,8.02957,25.0,200.74,195.06,0.9717,compliant,5.68
INV497034,2024-08-24,2024 Q3,689,Importer,Small,312,Cafe,Coffee_Beans,8.192588,25.0,204.81,199.4,0.9736,compliant,5.41
INV497903,2024-08-24,2024 Q3,682,Importer,Small,313,Cafe,Coffee_Beans,12.610006,25.0,315.25,219.45,0.6961,partially_compliant,95.8
INV502248,2024-08-24,2024 Q3,688,Importer,Small,318,Cafe,Coffee_Beans,20.812804,25.0,520.32,517.17,0.9939,compliant,3.15
INV507462,2024-08-24,2024 Q3,692,Importer,Large,324,Cafe,Coffee_Beans,7.757547,25.0,193.94,108.28,0.5583,partially_compliant,85.66
INV515283,2024-08-24,2024 Q3,678,Importer,Medium,333,Cafe,Coffee_Beans,6.625955,25.0,165.65,122.18,0.7376,partially_compliant,43.46
INV517890,2024-08-24,2024 Q3,690,Importer,Small,336,Cafe,Coffee_Beans,3.832163,25.0,95.8,59.81,0.6242,partially_compliant,36.0
INV522235,2024-08-24,2024 Q3,690,Importer,Small,341,Cafe,Coffee_Beans,6.775368,25.0,169.38,105.74,0.6242,partially_compliant,63.65
INV523104,2024-08-24,2024 Q3,686,Importer,Small,342,Cafe,Coffee_Beans,5.069878,25.0,126.75,7.94,0.0626,non_compliant,118.81
INV523973,2024-08-24,2024 Q3,690,Importer,Small,343,Cafe,Coffee_Beans,10.346453,25.0,258.66,161.47,0.6242,partially_compliant,97.19
INV532663,2024-08-24,2024 Q3,686,Importer,Small,353,Cafe,Coffee_Beans,14.346961,25.0,358.67,22.47,0.0626,non_compliant,336.2
INV534401,2024-08-24,2024 Q3,678,Importer,Medium,355,Cafe,Coffee_Beans,21.960037,25.0,549.0,404.95,0.7376,partially_compliant,144.05
INV537008,2024-08-24,2024 Q3,679,Importer,Large,358,Cafe,Coffee_Beans,7.754776,25.0,193.87,119.99,0.6189,partially_compliant,73.88
INV542381,2024-08-24,2024 Q3,673,Importer,Medium,365,Fine_Dine_Meat,Beer,30.760141,3.0,92.28,91.4,0.9905,compliant,0.88
INV544592,2024-08-24,2024 Q3,692,Importer,Large,369,Fine_Dine_Meat,Wine,19.221493,10.67,205.09,114.51,0.5583,partially_compliant,90.58
INV547357,2024-08-24,2024 Q3,675,Importer,Small,374,Fine_Dine_Meat,Wine,22.615329,10.67,241.31,241.31,1.0,compliant,0.0
INV547358,2024-08-24,2024 Q3,683,Importer,Small,374,Fine_Dine_Meat,Beer,33.922993,3.0,101.77,81.31,0.7989,partially_compliant,20.46
INV549570,2024-08-24,2024 Q3,679,Importer,Large,378,Fine_Dine_Meat,Beer,25.287002,3.0,75.86,46.95,0.6189,partially_compliant,28.91
INV550122,2024-08-24,2024 Q3,686,Importer,Small,379,Fine_Dine_Meat,Wine,44.322018,10.67,472.92,29.63,0.0626,non_compliant,443.29
INV551781,2024-08-24,2024 Q3,677,Importer,Small,382,Fine_Dine_Meat,Wine,12.948485,10.67,138.16,135.47,0.9805,compliant,2.69
INV552887,2024-08-24,2024 Q3,682,Importer,Small,384,Fine_Dine_Meat,Wine,17.866548,10.67,190.64,132.71,0.6961,partially_compliant,57.93
INV552888,2024-08-24,2024 Q3,680,Importer,Medium,384,Fine_Dine_Meat,Beer,26.799821,3.0,80.4,78.12,0.9717,compliant,2.28
INV555099,2024-08-24,2024 Q3,686,Importer,Small,388,Fine_Dine_Meat,Wine,29.304705,10.67,312.68,19.59,0.0626,non_compliant,293.09
INV555100,2024-08-24,2024 Q3,680,Importer,Medium,388,Fine_Dine_Meat,Beer,43.957058,3.0,131.87,128.14,0.9717,compliant,3.73
INV555652,2024-08-24,2024 Q3,680,Importer,Medium,389,Fine_Dine_Meat,Wine,20.281835,10.67,216.41,210.28,0.9717,compliant,6.13
INV556758,2024-08-24,2024 Q3,692,Importer,Large,391,Fine_Dine_Meat,Wine,16.53059,10.67,176.38,98.48,0.5583,partially_compliant,77.9
INV557312,2024-08-24,2024 Q3,692,Importer,Large,392,Fine_Dine_Meat,Beer,17.480675,3.0,52.44,29.28,0.5583,partially_compliant,23.16
INV558417,2024-08-24,2024 Q3,679,Importer,Large,394,Fine_Dine_Meat,Wine,29.443217,10.67,314.16,194.44,0.6189,partially_compliant,119.72
INV558970,2024-08-24,2024 Q3,686,Importer,Small,395,Fine_Dine_Meat,Wine,35.439274,10.67,378.14,23.69,0.0626,non_compliant,354.45
INV559524,2024-08-24,2024 Q3,685,Importer,Small,396,Fine_Dine_Meat,Beer,64.020683,3.0,192.06,186.52,0.9712,compliant,5.54
INV560077,2024-08-24,2024 Q3,675,Importer,Small,397,Fine_Dine_Meat,Beer,16.993972,3.0,50.98,50.98,1.0,compliant,0.0
INV561182,2024-08-24,2024 Q3,673,Importer,Medium,399,Fine_Dine_Meat,Wine,36.329879,10.67,387.64,383.96,0.9905,compliant,3.68
INV566159,2024-08-24,2024 Q3,681,Importer,Small,408,Fine_Dine_Meat,Wine,41.105159,10.67,438.59,10.18,0.0232,non_compliant,428.41
INV567818,2024-08-24,2024 Q3,673,Importer,Medium,411,Fine_Dine_Meat,Wine,17.42469,10.67,185.92,184.16,0.9905,compliant,1.77
INV567819,2024-08-24,2024 Q3,673,Importer,Medium,411,Fine_Dine_Meat,Beer,26.137035,3.0,78.41,77.67,0.9905,compliant,0.74
INV568371,2024-08-24,2024 Q3,680,Importer,Medium,412,Fine_Dine_Meat,Wine,39.536227,10.67,421.85,409.91,0.9717,compliant,11.94
INV569477,2024-08-24,2024 Q3,689,Importer,Small,414,Fine_Dine_Meat,Wine,20.32743,10.67,216.89,211.16,0.9736,compliant,5.73
INV570583,2024-08-24,2024 Q3,680,Importer,Medium,416,Fine_Dine_Meat,Wine,22.543862,10.67,240.54,233.73,0.9717,compliant,6.81
INV571689,2024-08-24,2024 Q3,675,Importer,Small,418,Fine_Dine_Meat,Wine,40.723509,10.67,434.52,434.52,1.0,compliant,0.0
INV573901,2024-08-24,2024 Q3,673,Importer,Medium,422,Fine_Dine_Meat,Wine,22.995491,10.67,245.36,243.03,0.9905,compliant,2.33
INV576666,2024-08-24,2024 Q3,678,Importer,Medium,427,Fine_Dine_Meat,Wine,17.014018,10.67,181.54,133.91,0.7376,partially_compliant,47.63
INV577219,2024-08-24,2024 Q3,689,Importer,Small,428,Fine_Dine_Meat,Wine,17.012503,10.67,181.52,176.73,0.9736,compliant,4.8
INV578325,2024-08-24,2024 Q3,685,Importer,Small,430,Fine_Dine_Meat,Wine,22.031797,10.67,235.08,228.3,0.9712,compliant,6.78
INV578878,2024-08-24,2024 Q3,692,Importer,Large,431,Fine_Dine_Meat,Wine,19.752579,10.67,210.76,117.67,0.5583,partially_compliant,93.09
INV579431,2024-08-24,2024 Q3,673,Importer,Medium,432,Fine_Dine_Meat,Wine,34.596634,10.67,369.15,365.64,0.9905,compliant,3.51
INV579985,2024-08-24,2024 Q3,679,Importer,Large,433,Fine_Dine_Meat,Beer,13.746987,3.0,41.24,25.53,0.6189,partially_compliant,15.72
INV580538,2024-08-24,2024 Q3,692,Importer,Large,434,Fine_Dine_Meat,Beer,23.384381,3.0,70.15,39.17,0.5583,partially_compliant,30.98
INV581091,2024-08-24,2024 Q3,687,Importer,Medium,435,Fine_Dine_Meat,Beer,59.589631,3.0,178.77,131.03,0.733,partially_compliant,47.74
INV583855,2024-08-24,2024 Q3,679,Importer,Large,440,Fine_Dine_Meat,Wine,20.466859,10.67,218.38,135.16,0.6189,partially_compliant,83.22
INV583856,2024-08-24,2024 Q3,692,Importer,Large,440,Fine_Dine_Meat,Beer,30.700288,3.0,92.1,51.42,0.5583,partially_compliant,40.68
INV587726,2024-08-24,2024 Q3,686,Importer,Small,447,Fine_Dine_Vegetarian,Wine,29.613454,10.67,315.98,19.79,0.0626,non_compliant,296.18
INV588279,2024-08-24,2024 Q3,679,Importer,Large,448,Fine_Dine_Vegetarian,Wine,55.121905,10.67,588.15,364.02,0.6189,partially_compliant,224.13
INV588832,2024-08-24,2024 Q3,692,Importer,Large,449,Fine_Dine_Vegetarian,Wine,53.914259,10.67,575.27,321.19,0.5583,partially_compliant,254.08
INV589385,2024-08-24,2024 Q3,680,Importer,Medium,450,Fine_Dine_Vegetarian,Wine,77.075875,10.67,822.4,799.11,0.9717,compliant,23.29
INV591044,2024-08-24,2024 Q3,682,Importer,Small,453,Fine_Dine_Vegetarian,Wine,50.852199,10.67,542.59,377.71,0.6961,partially_compliant,164.88
INV592703,2024-08-24,2024 Q3,675,Importer,Small,456,Fine_Dine_Vegetarian,Wine,22.653108,10.67,241.71,241.71,1.0,compliant,0.0
INV594362,2024-08-24,2024 Q3,673,Importer,Medium,459,Fine_Dine_Vegetarian,Wine,23.086776,10.67,246.34,244.0,0.9905,compliant,2.34
INV596021,2024-08-24,2024 Q3,673,Importer,Medium,462,Fine_Dine_Vegetarian,Wine,20.326674,10.67,216.89,214.83,0.9905,compliant,2.06
INV596574,2024-08-24,2024 Q3,690,Importer,Small,463,Fine_Dine_Vegetarian,Wine,47.313353,10.67,504.83,315.14,0.6242,partially_compliant,189.69
INV597127,2024-08-24,2024 Q3,677,Importer,Small,464,Fine_Dine_Vegetarian,Wine,25.282646,10.67,269.77,264.51,0.9805,compliant,5.26
INV599892,2024-08-24,2024 Q3,682,Importer,Small,469,Fine_Dine_Vegetarian,Wine,28.035727,10.67,299.14,208.24,0.6961,partially_compliant,90.9
INV601551,2024-08-24,2024 Q3,689,Importer,Small,472,Fine_Dine_Vegetarian,Wine,21.021788,10.67,224.3,218.37,0.9736,compliant,5.93
INV603763,2024-08-24,2024 Q3,692,Importer,Large,476,Fine_Dine_Vegetarian,Wine,24.268737,10.67,258.95,144.58,0.5583,partially_compliant,114.37
INV605422,2024-08-24,2024 Q3,673,Importer,Medium,479,Fine_Dine_Vegetarian,Wine,38.610386,10.67,411.97,408.06,0.9905,compliant,3.91
INV607634,2024-08-24,2024 Q3,675,Importer,Small,483,Fine_Dine_Vegetarian,Wine,11.654025,10.67,124.35,124.35,1.0,compliant,0.0
INV609293,2024-08-24,2024 Q3,692,Importer,Large,486,Fine_Dine_Vegetarian,Wine,39.834824,10.67,425.04,237.31,0.5583,partially_compliant,187.73
INV613717,2024-08-24,2024 Q3,686,Importer,Small,494,Fine_Dine_Vegetarian,Wine,36.984245,10.67,394.62,24.72,0.0626,non_compliant,369.9
INV617035,2024-08-24,2024 Q3,673,Importer,Medium,500,Fine_Dine_Vegetarian,Wine,27.77133,10.67,296.32,293.51,0.9905,compliant,2.81
INV402324,2024-08-31,2024 Q3,692,Importer,Large,203,Cafe,Coffee_Beans,28.118764,25.0,702.97,392.49,0.5583,partially_compliant,310.48
INV404062,2024-08-31,2024 Q3,680,Importer,Medium,205,Cafe,Coffee_Beans,5.557366,25.0,138.93,135.0,0.9717,compliant,3.93
INV405800,2024-08-31,2024 Q3,684,Importer,Medium,207,Cafe,Coffee_Beans,6.983136,25.0,174.58,173.06,0.9913,compliant,1.52
INV415359,2024-08-31,2024 Q3,677,Importer,Small,218,Cafe,Coffee_Beans,16.329557,25.0,408.24,400.28,0.9805,compliant,7.96
INV420573,2024-08-31,2024 Q3,686,Importer,Small,224,Cafe,Coffee_Beans,11.888663,25.0,297.22,18.62,0.0626,non_compliant,278.6
INV424049,2024-08-31,2024 Q3,677,Importer,Small,228,Cafe,Coffee_Beans,6.915853,25.0,172.9,169.53,0.9805,compliant,3.37
INV425787,2024-08-31,2024 Q3,682,Importer,Small,230,Cafe,Coffee_Beans,7.760988,25.0,194.02,135.06,0.6961,partially_compliant,58.96
INV426656,2024-08-31,2024 Q3,681,Importer,Small,231,Cafe,Coffee_Beans,7.049073,25.0,176.23,4.09,0.0232,non_compliant,172.13
INV429263,2024-08-31,2024 Q3,673,Importer,Medium,234,Cafe,Coffee_Beans,6.389064,25.0,159.73,158.21,0.9905,compliant,1.52
INV430132,2024-08-31,2024 Q3,673,Importer,Medium,235,Cafe,Coffee_Beans,30.27593,25.0,756.9,749.71,0.9905,compliant,7.19
INV431870,2024-08-31,2024 Q3,683,Importer,Small,237,Cafe,Coffee_Beans,16.971435,25.0,424.29,338.98,0.7989,partially_compliant,85.31
INV437953,2024-08-31,2024 Q3,682,Importer,Small,244,Cafe,Coffee_Beans,8.02685,25.0,200.67,139.69,0.6961,partially_compliant,60.98
INV439691,2024-08-31,2024 Q3,688,Importer,Small,246,Cafe,Coffee_Beans,7.434503,25.0,185.86,184.74,0.9939,compliant,1.13
INV444905,2024-08-31,2024 Q3,675,Importer,Small,252,Cafe,Coffee_Beans,7.883261,25.0,197.08,197.08,1.0,compliant,0.0
INV448381,2024-08-31,2024 Q3,678,Importer,Medium,256,Cafe,Coffee_Beans,11.120238,25.0,278.01,205.06,0.7376,partially_compliant,72.95
INV449250,2024-08-31,2024 Q3,680,Importer,Medium,257,Cafe,Coffee_Beans,30.071486,25.0,751.79,730.5,0.9717,compliant,21.29
INV454464,2024-08-31,2024 Q3,675,Importer,Small,263,Cafe,Coffee_Beans,6.310177,25.0,157.75,157.75,1.0,compliant,0.0
INV459678,2024-08-31,2024 Q3,677,Importer,Small,269,Cafe,Coffee_Beans,6.06665,25.0,151.67,148.71,0.9805,compliant,2.96
INV464023,2024-08-31,2024 Q3,673,Importer,Medium,274,Cafe,Coffee_Beans,7.201708,25.0,180.04,178.33,0.9905,compliant,1.71
INV464892,2024-08-31,2024 Q3,689,Importer,Small,275,Cafe,Coffee_Beans,7.920287,25.0,198.01,192.77,0.9736,compliant,5.23
INV465761,2024-08-31,2024 Q3,692,Importer,Large,276,Cafe,Coffee_Beans,6.975574,25.0,174.39,97.37,0.5583,partially_compliant,77.02
INV470106,2024-08-31,2024 Q3,689,Importer,Small,281,Cafe,Coffee_Beans,13.051688,25.0,326.29,317.67,0.9736,compliant,8.62
INV475320,2024-08-31,2024 Q3,680,Importer,Medium,287,Cafe,Coffee_Beans,6.44603,25.0,161.15,156.59,0.9717,compliant,4.56
INV477927,2024-08-31,2024 Q3,675,Importer,Small,290,Cafe,Coffee_Beans,6.39226,25.0,159.81,159.81,1.0,compliant,0.0
INV484010,2024-08-31,2024 Q3,689,Importer,Small,297,Cafe,Coffee_Beans,13.746067,25.0,343.65,334.57,0.9736,compliant,9.08
INV484879,2024-08-31,2024 Q3,674,Importer,Small,298,Cafe,Coffee_Beans,6.996204,25.0,174.91,173.31,0.9909,compliant,1.6
INV490093,2024-08-31,2024 Q3,682,Importer,Small,304,Cafe,Coffee_Beans,6.381465,25.0,159.54,111.06,0.6961,partially_compliant,48.48
INV490962,2024-08-31,2024 Q3,682,Importer,Small,305,Cafe,Coffee_Beans,8.299497,25.0,207.49,144.44,0.6961,partially_compliant,63.05
INV496176,2024-08-31,2024 Q3,680,Importer,Medium,311,Cafe,Coffee_Beans,7.732907,25.0,193.32,187.85,0.9717,compliant,5.47
INV497045,2024-08-31,2024 Q3,689,Importer,Small,312,Cafe,Coffee_Beans,7.694984,25.0,192.37,187.29,0.9736,compliant,5.08
INV497914,2024-08-31,2024 Q3,682,Importer,Small,313,Cafe,Coffee_Beans,10.920569,25.0,273.01,190.05,0.6961,partially_compliant,82.96
INV502259,2024-08-31,2024 Q3,688,Importer,Small,318,Cafe,Coffee_Beans,20.027034,25.0,500.68,497.64,0.9939,compliant,3.03
INV507473,2024-08-31,2024 Q3,692,Importer,Large,324,Cafe,Coffee_Beans,7.295123,25.0,182.38,101.83,0.5583,partially_compliant,80.55
INV515294,2024-08-31,2024 Q3,678,Importer,Medium,333,Cafe,Coffee_Beans,6.259489,25.0,156.49,115.43,0.7376,partially_compliant,41.06
INV517901,2024-08-31,2024 Q3,690,Importer,Small,336,Cafe,Coffee_Beans,3.627875,25.0,90.7,56.62,0.6242,partially_compliant,34.08
INV522246,2024-08-31,2024 Q3,690,Importer,Small,341,Cafe,Coffee_Beans,5.912718,25.0,147.82,92.28,0.6242,partially_compliant,55.54
INV523115,2024-08-31,2024 Q3,686,Importer,Small,342,Cafe,Coffee_Beans,4.742352,25.0,118.56,7.43,0.0626,non_compliant,111.13
INV523984,2024-08-31,2024 Q3,690,Importer,Small,343,Cafe,Coffee_Beans,9.428233,25.0,235.71,147.14,0.6242,partially_compliant,88.57
INV532674,2024-08-31,2024 Q3,686,Importer,Small,353,Cafe,Coffee_Beans,13.470123,25.0,336.75,21.1,0.0626,non_compliant,315.66
INV534412,2024-08-31,2024 Q3,678,Importer,Medium,355,Cafe,Coffee_Beans,20.88812,25.0,522.2,385.18,0.7376,partially_compliant,137.02
INV537019,2024-08-31,2024 Q3,679,Importer,Large,358,Cafe,Coffee_Beans,7.389132,25.0,184.73,114.33,0.6189,partially_compliant,70.39
INV542388,2024-08-31,2024 Q3,673,Importer,Medium,365,Fine_Dine_Meat,Beer,32.141961,3.0,96.43,95.51,0.9905,compliant,0.92
INV544599,2024-08-31,2024 Q3,692,Importer,Large,369,Fine_Dine_Meat,Wine,20.66632,10.67,220.51,123.12,0.5583,partially_compliant,97.39
INV547364,2024-08-31,2024 Q3,675,Importer,Small,374,Fine_Dine_Meat,Wine,24.22091,10.67,258.44,258.44,1.0,compliant,0.0
INV547365,2024-08-31,2024 Q3,683,Importer,Small,374,Fine_Dine_Meat,Beer,36.331365,3.0,108.99,87.08,0.7989,partially_compliant,21.91
INV549577,2024-08-31,2024 Q3,679,Importer,Large,378,Fine_Dine_Meat,Beer,26.919874,3.0,80.76,49.98,0.6189,partially_compliant,30.78
INV550129,2024-08-31,2024 Q3,686,Importer,Small,379,Fine_Dine_Meat,Wine,47.239621,10.67,504.05,31.58,0.0626,non_compliant,472.47
INV551788,2024-08-31,2024 Q3,677,Importer,Small,382,Fine_Dine_Meat,Wine,12.666038,10.67,135.15,132.51,0.9805,compliant,2.63
INV552894,2024-08-31,2024 Q3,682,Importer,Small,384,Fine_Dine_Meat,Wine,18.82913,10.67,200.91,139.86,0.6961,partially_compliant,61.05
INV552895,2024-08-31,2024 Q3,680,Importer,Medium,384,Fine_Dine_Meat,Beer,28.243695,3.0,84.73,82.33,0.9717,compliant,2.4
INV555106,2024-08-31,2024 Q3,686,Importer,Small,388,Fine_Dine_Meat,Wine,29.290605,10.67,312.53,19.58,0.0626,non_compliant,292.95
INV555107,2024-08-31,2024 Q3,680,Importer,Medium,388,Fine_Dine_Meat,Beer,43.935908,3.0,131.81,128.08,0.9717,compliant,3.73
INV555659,2024-08-31,2024 Q3,680,Importer,Medium,389,Fine_Dine_Meat,Wine,21.217925,10.67,226.4,219.98,0.9717,compliant,6.41
INV556765,2024-08-31,2024 Q3,692,Importer,Large,391,Fine_Dine_Meat,Wine,14.919652,10.67,159.19,88.88,0.5583,partially_compliant,70.31
INV557319,2024-08-31,2024 Q3,692,Importer,Large,392,Fine_Dine_Meat,Beer,18.795954,3.0,56.39,31.48,0.5583,partially_compliant,24.9
INV558424,2024-08-31,2024 Q3,679,Importer,Large,394,Fine_Dine_Meat,Wine,30.645143,10.67,326.98,202.38,0.6189,partially_compliant,124.6
INV558977,2024-08-31,2024 Q3,686,Importer,Small,395,Fine_Dine_Meat,Wine,35.737701,10.67,381.32,23.89,0.0626,non_compliant,357.43
INV559531,2024-08-31,2024 Q3,685,Importer,Small,396,Fine_Dine_Meat,Beer,66.703134,3.0,200.11,194.34,0.9712,compliant,5.77
INV560084,2024-08-31,2024 Q3,675,Importer,Small,397,Fine_Dine_Meat,Beer,17.930775,3.0,53.79,53.79,1.0,compliant,0.0
INV561189,2024-08-31,2024 Q3,673,Importer,Medium,399,Fine_Dine_Meat,Wine,38.717738,10.67,413.12,409.2,0.9905,compliant,3.92
INV566166,2024-08-31,2024 Q3,681,Importer,Small,408,Fine_Dine_Meat,Wine,44.208045,10.67,471.7,10.95,0.0232,non_compliant,460.75
INV567825,2024-08-31,2024 Q3,673,Importer,Medium,411,Fine_Dine_Meat,Wine,18.142625,10.67,193.58,191.74,0.9905,compliant,1.84
INV567826,2024-08-31,2024 Q3,673,Importer,Medium,411,Fine_Dine_Meat,Beer,27.213938,3.0,81.64,80.87,0.9905,compliant,0.78
INV568378,2024-08-31,2024 Q3,680,Importer,Medium,412,Fine_Dine_Meat,Wine,41.900463,10.67,447.08,434.42,0.9717,compliant,12.66
INV569484,2024-08-31,2024 Q3,689,Importer,Small,414,Fine_Dine_Meat,Wine,22.001175,10.67,234.75,228.55,0.9736,compliant,6.2
INV570590,2024-08-31,2024 Q3,680,Importer,Medium,416,Fine_Dine_Meat,Wine,23.904728,10.67,255.06,247.84,0.9717,compliant,7.22
INV571696,2024-08-31,2024 Q3,675,Importer,Small,418,Fine_Dine_Meat,Wine,43.299987,10.67,462.01,462.01,1.0,compliant,0.0
INV573908,2024-08-31,2024 Q3,673,Importer,Medium,422,Fine_Dine_Meat,Wine,24.462028,10.67,261.01,258.53,0.9905,compliant,2.48
INV576673,2024-08-31,2024 Q3,678,Importer,Medium,427,Fine_Dine_Meat,Wine,17.09902,10.67,182.45,134.57,0.7376,partially_compliant,47.87
INV577226,2024-08-31,2024 Q3,689,Importer,Small,428,Fine_Dine_Meat,Wine,18.261399,10.67,194.85,189.7,0.9736,compliant,5.15
INV578332,2024-08-31,2024 Q3,685,Importer,Small,430,Fine_Dine_Meat,Wine,23.246312,10.67,248.04,240.89,0.9712,compliant,7.15
INV578885,2024-08-31,2024 Q3,692,Importer,Large,431,Fine_Dine_Meat,Wine,20.647696,10.67,220.31,123.01,0.5583,partially_compliant,97.31
INV579438,2024-08-31,2024 Q3,673,Importer,Medium,432,Fine_Dine_Meat,Wine,34.953622,10.67,372.96,369.41,0.9905,compliant,3.54
INV579992,2024-08-31,2024 Q3,679,Importer,Large,433,Fine_Dine_Meat,Beer,14.504797,3.0,43.51,26.93,0.6189,partially_compliant,16.58
INV580545,2024-08-31,2024 Q3,692,Importer,Large,434,Fine_Dine_Meat,Beer,25.328236,3.0,75.98,42.42,0.5583,partially_compliant,33.56
INV581098,2024-08-31,2024 Q3,687,Importer,Medium,435,Fine_Dine_Meat,Beer,61.912726,3.0,185.74,136.14,0.733,partially_compliant,49.6
INV583862,2024-08-31,2024 Q3,679,Importer,Large,440,Fine_Dine_Meat,Wine,21.726986,10.67,231.83,143.48,0.6189,partially_compliant,88.34
INV583863,2024-08-31,2024 Q3,692,Importer,Large,440,Fine_Dine_Meat,Beer,32.590479,3.0,97.77,54.59,0.5583,partially_compliant,43.18
INV587733,2024-08-31,2024 Q3,686,Importer,Small,447,Fine_Dine_Vegetarian,Wine,31.745953,10.67,338.73,21.22,0.0626,non_compliant,317.51
INV588286,2024-08-31,2024 Q3,679,Importer,Large,448,Fine_Dine_Vegetarian,Wine,59.238421,10.67,632.07,391.21,0.6189,partially_compliant,240.86
INV588839,2024-08-31,2024 Q3,692,Importer,Large,449,Fine_Dine_Vegetarian,Wine,60.104211,10.67,641.31,358.06,0.5583,partially_compliant,283.25
INV589392,2024-08-31,2024 Q3,680,Importer,Medium,450,Fine_Dine_Vegetarian,Wine,82.211443,10.67,877.2,852.36,0.9717,compliant,24.84
INV591051,2024-08-31,2024 Q3,682,Importer,Small,453,Fine_Dine_Vegetarian,Wine,53.896128,10.67,575.07,400.32,0.6961,partially_compliant,174.75
INV592710,2024-08-31,2024 Q3,675,Importer,Small,456,Fine_Dine_Vegetarian,Wine,24.271683,10.67,258.98,258.98,1.0,compliant,0.0
INV594369,2024-08-31,2024 Q3,673,Importer,Medium,459,Fine_Dine_Vegetarian,Wine,23.948099,10.67,255.53,253.1,0.9905,compliant,2.43
INV596028,2024-08-31,2024 Q3,673,Importer,Medium,462,Fine_Dine_Vegetarian,Wine,21.781199,10.67,232.41,230.2,0.9905,compliant,2.21
INV596581,2024-08-31,2024 Q3,690,Importer,Small,463,Fine_Dine_Vegetarian,Wine,50.739352,10.67,541.39,337.96,0.6242,partially_compliant,203.43
INV597134,2024-08-31,2024 Q3,677,Importer,Small,464,Fine_Dine_Vegetarian,Wine,26.808419,10.67,286.05,280.47,0.9805,compliant,5.58
INV599899,2024-08-31,2024 Q3,682,Importer,Small,469,Fine_Dine_Vegetarian,Wine,31.095635,10.67,331.79,230.97,0.6961,partially_compliant,100.82
INV601558,2024-08-31,2024 Q3,689,Importer,Small,472,Fine_Dine_Vegetarian,Wine,22.078448,10.67,235.58,229.35,0.9736,compliant,6.23
INV603770,2024-08-31,2024 Q3,692,Importer,Large,476,Fine_Dine_Vegetarian,Wine,25.963498,10.67,277.03,154.67,0.5583,partially_compliant,122.36
INV605429,2024-08-31,2024 Q3,673,Importer,Medium,479,Fine_Dine_Vegetarian,Wine,40.976035,10.67,437.21,433.06,0.9905,compliant,4.15
INV607641,2024-08-31,2024 Q3,675,Importer,Small,483,Fine_Dine_Vegetarian,Wine,12.809682,10.67,136.68,136.68,1.0,compliant,0.0
INV609300,2024-08-31,2024 Q3,692,Importer,Large,486,Fine_Dine_Vegetarian,Wine,42.287155,10.67,451.2,251.92,0.5583,partially_compliant,199.28
INV613724,2024-08-31,2024 Q3,686,Importer,Small,494,Fine_Dine_Vegetarian,Wine,39.709965,10.67,423.71,26.54,0.0626,non_compliant,397.16
INV617042,2024-08-31,2024 Q3,673,Importer,Medium,500,Fine_Dine_Vegetarian,Wine,29.562183,10.67,315.43,312.43,0.9905,compliant,3.0
INV402335,2024-09-07,2024 Q3,692,Importer,Large,203,Cafe,Coffee_Beans,25.076393,25.0,626.91,350.02,0.5583,partially_compliant,276.89
INV404073,2024-09-07,2024 Q3,680,Importer,Medium,205,Cafe,Coffee_Beans,4.926833,25.0,123.17,119.68,0.9717,compliant,3.49
INV405811,2024-09-07,2024 Q3,684,Importer,Medium,207,Cafe,Coffee_Beans,6.207048,25.0,155.18,153.83,0.9913,compliant,1.35
INV415370,2024-09-07,2024 Q3,677,Importer,Small,218,Cafe,Coffee_Beans,14.529987,25.0,363.25,356.17,0.9805,compliant,7.08
INV420584,2024-09-07,2024 Q3,686,Importer,Small,224,Cafe,Coffee_Beans,10.228223,25.0,255.71,16.02,0.0626,non_compliant,239.69
INV424060,2024-09-07,2024 Q3,677,Importer,Small,228,Cafe,Coffee_Beans,6.166976,25.0,154.17,151.17,0.9805,compliant,3.01
INV425798,2024-09-07,2024 Q3,682,Importer,Small,230,Cafe,Coffee_Beans,6.920379,25.0,173.01,120.44,0.6961,partially_compliant,52.57
INV426667,2024-09-07,2024 Q3,681,Importer,Small,231,Cafe,Coffee_Beans,6.275838,25.0,156.9,3.64,0.0232,non_compliant,153.25
INV429274,2024-09-07,2024 Q3,673,Importer,Medium,234,Cafe,Coffee_Beans,5.681479,25.0,142.04,140.69,0.9905,compliant,1.35
INV430143,2024-09-07,2024 Q3,673,Importer,Medium,235,Cafe,Coffee_Beans,26.921058,25.0,673.03,666.64,0.9905,compliant,6.39
INV431881,2024-09-07,2024 Q3,683,Importer,Small,237,Cafe,Coffee_Beans,15.128301,25.0,378.21,302.16,0.7989,partially_compliant,76.04
INV437964,2024-09-07,2024 Q3,682,Importer,Small,244,Cafe,Coffee_Beans,7.145304,25.0,178.63,124.35,0.6961,partially_compliant,54.28
INV439702,2024-09-07,2024 Q3,688,Importer,Small,246,Cafe,Coffee_Beans,5.756836,25.0,143.92,143.05,0.9939,compliant,0.87
INV444916,2024-09-07,2024 Q3,675,Importer,Small,252,Cafe,Coffee_Beans,7.013707,25.0,175.34,175.34,1.0,compliant,0.0
INV448392,2024-09-07,2024 Q3,678,Importer,Medium,256,Cafe,Coffee_Beans,9.857071,25.0,246.43,181.77,0.7376,partially_compliant,64.66
INV449261,2024-09-07,2024 Q3,680,Importer,Medium,257,Cafe,Coffee_Beans,26.765313,25.0,669.13,650.19,0.9717,compliant,18.95
INV454475,2024-09-07,2024 Q3,675,Importer,Small,263,Cafe,Coffee_Beans,5.628982,25.0,140.72,140.72,1.0,compliant,0.0
INV459689,2024-09-07,2024 Q3,677,Importer,Small,269,Cafe,Coffee_Beans,5.40709,25.0,135.18,132.54,0.9805,compliant,2.64
INV464034,2024-09-07,2024 Q3,673,Importer,Medium,274,Cafe,Coffee_Beans,6.394555,25.0,159.86,158.35,0.9905,compliant,1.52
INV464903,2024-09-07,2024 Q3,689,Importer,Small,275,Cafe,Coffee_Beans,7.058639,25.0,176.47,171.8,0.9736,compliant,4.66
INV465772,2024-09-07,2024 Q3,692,Importer,Large,276,Cafe,Coffee_Beans,6.205233,25.0,155.13,86.61,0.5583,partially_compliant,68.52
INV470117,2024-09-07,2024 Q3,689,Importer,Small,281,Cafe,Coffee_Beans,11.620159,25.0,290.5,282.83,0.9736,compliant,7.68
INV475331,2024-09-07,2024 Q3,680,Importer,Medium,287,Cafe,Coffee_Beans,4.97081,25.0,124.27,120.75,0.9717,compliant,3.52
INV477938,2024-09-07,2024 Q3,675,Importer,Small,290,Cafe,Coffee_Beans,5.703014,25.0,142.58,142.58,1.0,compliant,0.0
INV484021,2024-09-07,2024 Q3,689,Importer,Small,297,Cafe,Coffee_Beans,12.752764,25.0,318.82,310.39,0.9736,compliant,8.43
INV484890,2024-09-07,2024 Q3,674,Importer,Small,298,Cafe,Coffee_Beans,6.287033,25.0,157.18,155.74,0.9909,compliant,1.44
INV490104,2024-09-07,2024 Q3,682,Importer,Small,304,Cafe,Coffee_Beans,5.691451,25.0,142.29,99.05,0.6961,partially_compliant,43.24
INV490973,2024-09-07,2024 Q3,682,Importer,Small,305,Cafe,Coffee_Beans,7.489227,25.0,187.23,130.33,0.6961,partially_compliant,56.9
INV496187,2024-09-07,2024 Q3,680,Importer,Medium,311,Cafe,Coffee_Beans,6.891403,25.0,172.29,167.41,0.9717,compliant,4.88
INV497056,2024-09-07,2024 Q3,689,Importer,Small,312,Cafe,Coffee_Beans,6.826497,25.0,170.66,166.15,0.9736,compliant,4.51
INV497925,2024-09-07,2024 Q3,682,Importer,Small,313,Cafe,Coffee_Beans,6.887036,25.0,172.18,119.85,0.6961,partially_compliant,52.32
INV502270,2024-09-07,2024 Q3,688,Importer,Small,318,Cafe,Coffee_Beans,19.209636,25.0,480.24,477.33,0.9939,compliant,2.91
INV507484,2024-09-07,2024 Q3,692,Importer,Large,324,Cafe,Coffee_Beans,6.473198,25.0,161.83,90.35,0.5583,partially_compliant,71.48
INV515305,2024-09-07,2024 Q3,678,Importer,Medium,333,Cafe,Coffee_Beans,5.558906,25.0,138.97,102.51,0.7376,partially_compliant,36.46
INV517912,2024-09-07,2024 Q3,690,Importer,Small,336,Cafe,Coffee_Beans,3.223077,25.0,80.58,50.3,0.6242,partially_compliant,30.28
INV522257,2024-09-07,2024 Q3,690,Importer,Small,341,Cafe,Coffee_Beans,5.171556,25.0,129.29,80.71,0.6242,partially_compliant,48.58
INV523126,2024-09-07,2024 Q3,686,Importer,Small,342,Cafe,Coffee_Beans,4.203904,25.0,105.1,6.58,0.0626,non_compliant,98.51
INV523995,2024-09-07,2024 Q3,690,Importer,Small,343,Cafe,Coffee_Beans,8.227995,25.0,205.7,128.41,0.6242,partially_compliant,77.29
INV532685,2024-09-07,2024 Q3,686,Importer,Small,353,Cafe,Coffee_Beans,11.948941,25.0,298.72,18.71,0.0626,non_compliant,280.01
INV534423,2024-09-07,2024 Q3,678,Importer,Medium,355,Cafe,Coffee_Beans,18.573461,25.0,464.34,342.5,0.7376,partially_compliant,121.84
INV537030,2024-09-07,2024 Q3,679,Importer,Large,358,Cafe,Coffee_Beans,6.572408,25.0,164.31,101.7,0.6189,partially_compliant,62.61
INV542395,2024-09-07,2024 Q3,673,Importer,Medium,365,Fine_Dine_Meat,Beer,30.29973,3.0,90.9,90.04,0.9905,compliant,0.86
INV544606,2024-09-07,2024 Q3,692,Importer,Large,369,Fine_Dine_Meat,Wine,19.553326,10.67,208.63,116.49,0.5583,partially_compliant,92.15
INV547371,2024-09-07,2024 Q3,675,Importer,Small,374,Fine_Dine_Meat,Wine,22.905203,10.67,244.4,244.4,1.0,compliant,0.0
INV547372,2024-09-07,2024 Q3,683,Importer,Small,374,Fine_Dine_Meat,Beer,34.357805,3.0,103.07,82.35,0.7989,partially_compliant,20.72
INV549584,2024-09-07,2024 Q3,679,Importer,Large,378,Fine_Dine_Meat,Beer,25.438069,3.0,76.31,47.23,0.6189,partially_compliant,29.08
INV550136,2024-09-07,2024 Q3,686,Importer,Small,379,Fine_Dine_Meat,Wine,44.646026,10.67,476.37,29.84,0.0626,non_compliant,446.53
INV551795,2024-09-07,2024 Q3,677,Importer,Small,382,Fine_Dine_Meat,Wine,10.347563,10.67,110.41,108.26,0.9805,compliant,2.15
INV552901,2024-09-07,2024 Q3,682,Importer,Small,384,Fine_Dine_Meat,Wine,17.769607,10.67,189.6,131.99,0.6961,partially_compliant,57.62
INV552902,2024-09-07,2024 Q3,680,Importer,Medium,384,Fine_Dine_Meat,Beer,26.65441,3.0,79.96,77.7,0.9717,compliant,2.26
INV555113,2024-09-07,2024 Q3,686,Importer,Small,388,Fine_Dine_Meat,Wine,24.825888,10.67,264.89,16.59,0.0626,non_compliant,248.3
INV555114,2024-09-07,2024 Q3,680,Importer,Medium,388,Fine_Dine_Meat,Beer,37.238832,3.0,111.72,108.55,0.9717,compliant,3.16
INV555666,2024-09-07,2024 Q3,680,Importer,Medium,389,Fine_Dine_Meat,Wine,20.004882,10.67,213.45,207.41,0.9717,compliant,6.04
INV556772,2024-09-07,2024 Q3,692,Importer,Large,391,Fine_Dine_Meat,Wine,13.775045,10.67,146.98,82.06,0.5583,partially_compliant,64.92
INV557326,2024-09-07,2024 Q3,692,Importer,Large,392,Fine_Dine_Meat,Beer,19.073937,3.0,57.22,31.95,0.5583,partially_compliant,25.27
INV558431,2024-09-07,2024 Q3,679,Importer,Large,394,Fine_Dine_Meat,Wine,28.873853,10.67,308.08,190.68,0.6189,partially_compliant,117.4
INV558984,2024-09-07,2024 Q3,686,Importer,Small,395,Fine_Dine_Meat,Wine,33.53027,10.67,357.77,22.41,0.0626,non_compliant,335.36
INV559538,2024-09-07,2024 Q3,685,Importer,Small,396,Fine_Dine_Meat,Beer,62.856212,3.0,188.57,183.13,0.9712,compliant,5.44
INV560091,2024-09-07,2024 Q3,675,Importer,Small,397,Fine_Dine_Meat,Beer,18.407394,3.0,55.22,55.22,1.0,compliant,0.0
INV561196,2024-09-07,2024 Q3,673,Importer,Medium,399,Fine_Dine_Meat,Wine,36.59158,10.67,390.43,386.72,0.9905,compliant,3.71
INV566173,2024-09-07,2024 Q3,681,Importer,Small,408,Fine_Dine_Meat,Wine,41.828769,10.67,446.31,10.36,0.0232,non_compliant,435.95
INV567832,2024-09-07,2024 Q3,673,Importer,Medium,411,Fine_Dine_Meat,Wine,17.094799,10.67,182.4,180.67,0.9905,compliant,1.73
INV567833,2024-09-07,2024 Q3,673,Importer,Medium,411,Fine_Dine_Meat,Beer,25.642199,3.0,76.93,76.2,0.9905,compliant,0.73
INV568385,2024-09-07,2024 Q3,680,Importer,Medium,412,Fine_Dine_Meat,Wine,39.571263,10.67,422.23,410.27,0.9717,compliant,11.96
INV569491,2024-09-07,2024 Q3,689,Importer,Small,414,Fine_Dine_Meat,Wine,25.824572,10.67,275.55,268.27,0.9736,compliant,7.28
INV570597,2024-09-07,2024 Q3,680,Importer,Medium,416,Fine_Dine_Meat,Wine,22.577439,10.67,240.9,234.08,0.9717,compliant,6.82
INV571703,2024-09-07,2024 Q3,675,Importer,Small,418,Fine_Dine_Meat,Wine,40.910118,10.67,436.51,436.51,1.0,compliant,0.0
INV573915,2024-09-07,2024 Q3,673,Importer,Medium,422,Fine_Dine_Meat,Wine,23.113299,10.67,246.62,244.28,0.9905,compliant,2.34
INV576680,2024-09-07,2024 Q3,678,Importer,Medium,427,Fine_Dine_Meat,Wine,16.035429,10.67,171.1,126.2,0.7376,partially_compliant,44.89
INV577233,2024-09-07,2024 Q3,689,Importer,Small,428,Fine_Dine_Meat,Wine,17.27435,10.67,184.32,179.45,0.9736,compliant,4.87
INV578339,2024-09-07,2024 Q3,685,Importer,Small,430,Fine_Dine_Meat,Wine,21.941589,10.67,234.12,227.37,0.9712,compliant,6.75
INV578892,2024-09-07,2024 Q3,692,Importer,Large,431,Fine_Dine_Meat,Wine,19.465222,10.67,207.69,115.96,0.5583,partially_compliant,91.73
INV579445,2024-09-07,2024 Q3,673,Importer,Medium,432,Fine_Dine_Meat,Wine,32.802989,10.67,350.01,346.68,0.9905,compliant,3.32
INV579999,2024-09-07,2024 Q3,679,Importer,Large,433,Fine_Dine_Meat,Beer,13.6907,3.0,41.07,25.42,0.6189,partially_compliant,15.65
INV580552,2024-09-07,2024 Q3,692,Importer,Large,434,Fine_Dine_Meat,Beer,23.98642,3.0,71.96,40.18,0.5583,partially_compliant,31.78
INV581105,2024-09-07,2024 Q3,687,Importer,Medium,435,Fine_Dine_Meat,Beer,53.926327,3.0,161.78,118.58,0.733,partially_compliant,43.2
INV583869,2024-09-07,2024 Q3,679,Importer,Large,440,Fine_Dine_Meat,Wine,20.5236,10.67,218.99,135.54,0.6189,partially_compliant,83.45
INV583870,2024-09-07,2024 Q3,692,Importer,Large,440,Fine_Dine_Meat,Beer,30.785401,3.0,92.36,51.57,0.5583,partially_compliant,40.79
INV587740,2024-09-07,2024 Q3,686,Importer,Small,447,Fine_Dine_Vegetarian,Wine,30.025088,10.67,320.37,20.07,0.0626,non_compliant,300.3
INV588293,2024-09-07,2024 Q3,679,Importer,Large,448,Fine_Dine_Vegetarian,Wine,56.044899,10.67,598.0,370.12,0.6189,partially_compliant,227.88
INV588846,2024-09-07,2024 Q3,692,Importer,Large,449,Fine_Dine_Vegetarian,Wine,62.887965,10.67,671.01,374.65,0.5583,partially_compliant,296.37
INV589399,2024-09-07,2024 Q3,680,Importer,Medium,450,Fine_Dine_Vegetarian,Wine,77.70525,10.67,829.12,805.64,0.9717,compliant,23.48
INV591058,2024-09-07,2024 Q3,682,Importer,Small,453,Fine_Dine_Vegetarian,Wine,50.900468,10.67,543.11,378.07,0.6961,partially_compliant,165.04
INV592717,2024-09-07,2024 Q3,675,Importer,Small,456,Fine_Dine_Vegetarian,Wine,22.954456,10.67,244.92,244.92,1.0,compliant,0.0
INV594376,2024-09-07,2024 Q3,673,Importer,Medium,459,Fine_Dine_Vegetarian,Wine,22.553881,10.67,240.65,238.36,0.9905,compliant,2.29
INV596035,2024-09-07,2024 Q3,673,Importer,Medium,462,Fine_Dine_Vegetarian,Wine,20.599392,10.67,219.8,217.71,0.9905,compliant,2.09
INV596588,2024-09-07,2024 Q3,690,Importer,Small,463,Fine_Dine_Vegetarian,Wine,47.991171,10.67,512.07,319.66,0.6242,partially_compliant,192.41
INV597141,2024-09-07,2024 Q3,677,Importer,Small,464,Fine_Dine_Vegetarian,Wine,25.319854,10.67,270.16,264.9,0.9805,compliant,5.27
INV599906,2024-09-07,2024 Q3,682,Importer,Small,469,Fine_Dine_Vegetarian,Wine,32.299077,10.67,344.63,239.9,0.6961,partially_compliant,104.73
INV601565,2024-09-07,2024 Q3,689,Importer,Small,472,Fine_Dine_Vegetarian,Wine,20.826826,10.67,222.22,216.35,0.9736,compliant,5.87
INV603777,2024-09-07,2024 Q3,692,Importer,Large,476,Fine_Dine_Vegetarian,Wine,24.549747,10.67,261.95,146.25,0.5583,partially_compliant,115.69
INV605436,2024-09-07,2024 Q3,673,Importer,Medium,479,Fine_Dine_Vegetarian,Wine,38.676212,10.67,412.68,408.76,0.9905,compliant,3.92
INV607648,2024-09-07,2024 Q3,675,Importer,Small,483,Fine_Dine_Vegetarian,Wine,20.16513,10.67,215.16,215.16,1.0,compliant,0.0
INV609307,2024-09-07,2024 Q3,692,Importer,Large,486,Fine_Dine_Vegetarian,Wine,39.944978,10.67,426.21,237.97,0.5583,partially_compliant,188.25
INV613731,2024-09-07,2024 Q3,686,Importer,Small,494,Fine_Dine_Vegetarian,Wine,35.328365,10.67,376.95,23.61,0.0626,non_compliant,353.34
INV617049,2024-09-07,2024 Q3,673,Importer,Medium,500,Fine_Dine_Vegetarian,Wine,27.934638,10.67,298.06,295.23,0.9905,compliant,2.83
INV402346,2024-09-14,2024 Q3,692,Importer,Large,203,Cafe,Coffee_Beans,24.516934,25.0,612.92,342.21,0.5583,partially_compliant,270.71
INV404084,2024-09-14,2024 Q3,680,Importer,Medium,205,Cafe,Coffee_Beans,4.816915,25.0,120.42,117.01,0.9717,compliant,3.41
INV405822,2024-09-14,2024 Q3,684,Importer,Medium,207,Cafe,Coffee_Beans,6.068567,25.0,151.71,150.4,0.9913,compliant,1.32
INV415381,2024-09-14,2024 Q3,677,Importer,Small,218,Cafe,Coffee_Beans,14.20582,25.0,355.15,348.22,0.9805,compliant,6.92
INV420595,2024-09-14,2024 Q3,686,Importer,Small,224,Cafe,Coffee_Beans,9.719091,25.0,242.98,15.22,0.0626,non_compliant,227.76
INV424071,2024-09-14,2024 Q3,677,Importer,Small,228,Cafe,Coffee_Beans,6.02939,25.0,150.73,147.8,0.9805,compliant,2.94
INV425809,2024-09-14,2024 Q3,682,Importer,Small,230,Cafe,Coffee_Beans,6.765984,25.0,169.15,117.75,0.6961,partially_compliant,51.4
INV426678,2024-09-14,2024 Q3,681,Importer,Small,231,Cafe,Coffee_Beans,6.135823,25.0,153.4,3.56,0.0232,non_compliant,149.83
INV429285,2024-09-14,2024 Q3,673,Importer,Medium,234,Cafe,Coffee_Beans,5.554725,25.0,138.87,137.55,0.9905,compliant,1.32
INV430154,2024-09-14,2024 Q3,673,Importer,Medium,235,Cafe,Coffee_Beans,26.320444,25.0,658.01,651.76,0.9905,compliant,6.25
INV431892,2024-09-14,2024 Q3,683,Importer,Small,237,Cafe,Coffee_Beans,14.790786,25.0,369.77,295.42,0.7989,partially_compliant,74.35
INV437975,2024-09-14,2024 Q3,682,Importer,Small,244,Cafe,Coffee_Beans,6.985891,25.0,174.65,121.58,0.6961,partially_compliant,53.07
INV439713,2024-09-14,2024 Q3,688,Importer,Small,246,Cafe,Coffee_Beans,4.913543,25.0,122.84,122.09,0.9939,compliant,0.74
INV444927,2024-09-14,2024 Q3,675,Importer,Small,252,Cafe,Coffee_Beans,6.85723,25.0,171.43,171.43,1.0,compliant,0.0
INV448403,2024-09-14,2024 Q3,678,Importer,Medium,256,Cafe,Coffee_Beans,9.637158,25.0,240.93,177.71,0.7376,partially_compliant,63.22
INV449272,2024-09-14,2024 Q3,680,Importer,Medium,257,Cafe,Coffee_Beans,26.168174,25.0,654.2,635.68,0.9717,compliant,18.52
INV454486,2024-09-14,2024 Q3,675,Importer,Small,263,Cafe,Coffee_Beans,5.503398,25.0,137.58,137.58,1.0,compliant,0.0
INV459700,2024-09-14,2024 Q3,677,Importer,Small,269,Cafe,Coffee_Beans,5.286457,25.0,132.16,129.58,0.9805,compliant,2.58
INV464045,2024-09-14,2024 Q3,673,Importer,Medium,274,Cafe,Coffee_Beans,6.251891,25.0,156.3,154.81,0.9905,compliant,1.48
INV464914,2024-09-14,2024 Q3,689,Importer,Small,275,Cafe,Coffee_Beans,6.90116,25.0,172.53,167.97,0.9736,compliant,4.56
INV465783,2024-09-14,2024 Q3,692,Importer,Large,276,Cafe,Coffee_Beans,6.066793,25.0,151.67,84.68,0.5583,partially_compliant,66.99
INV470128,2024-09-14,2024 Q3,689,Importer,Small,281,Cafe,Coffee_Beans,11.360911,25.0,284.02,276.52,0.9736,compliant,7.51
INV475342,2024-09-14,2024 Q3,680,Importer,Medium,287,Cafe,Coffee_Beans,4.272544,25.0,106.81,103.79,0.9717,compliant,3.02
INV477949,2024-09-14,2024 Q3,675,Importer,Small,290,Cafe,Coffee_Beans,5.575779,25.0,139.39,139.39,1.0,compliant,0.0
INV484032,2024-09-14,2024 Q3,689,Importer,Small,297,Cafe,Coffee_Beans,12.836497,25.0,320.91,312.43,0.9736,compliant,8.48
INV484901,2024-09-14,2024 Q3,674,Importer,Small,298,Cafe,Coffee_Beans,6.146769,25.0,153.67,152.26,0.9909,compliant,1.4
INV490115,2024-09-14,2024 Q3,682,Importer,Small,304,Cafe,Coffee_Beans,5.564473,25.0,139.11,96.84,0.6961,partially_compliant,42.27
INV490984,2024-09-14,2024 Q3,682,Importer,Small,305,Cafe,Coffee_Beans,7.417582,25.0,185.44,129.09,0.6961,partially_compliant,56.35
INV496198,2024-09-14,2024 Q3,680,Importer,Medium,311,Cafe,Coffee_Beans,6.737655,25.0,168.44,163.67,0.9717,compliant,4.77
INV497067,2024-09-14,2024 Q3,689,Importer,Small,312,Cafe,Coffee_Beans,6.674197,25.0,166.85,162.45,0.9736,compliant,4.41
INV497936,2024-09-14,2024 Q3,682,Importer,Small,313,Cafe,Coffee_Beans,4.491343,25.0,112.28,78.16,0.6961,partially_compliant,34.12
INV502281,2024-09-14,2024 Q3,688,Importer,Small,318,Cafe,Coffee_Beans,19.83315,25.0,495.83,492.83,0.9939,compliant,3.0
INV507495,2024-09-14,2024 Q3,692,Importer,Large,324,Cafe,Coffee_Beans,6.32878,25.0,158.22,88.34,0.5583,partially_compliant,69.88
INV515316,2024-09-14,2024 Q3,678,Importer,Medium,333,Cafe,Coffee_Beans,5.434886,25.0,135.87,100.22,0.7376,partially_compliant,35.65
INV517923,2024-09-14,2024 Q3,690,Importer,Small,336,Cafe,Coffee_Beans,3.209706,25.0,80.24,50.09,0.6242,partially_compliant,30.15
INV522268,2024-09-14,2024 Q3,690,Importer,Small,341,Cafe,Coffee_Beans,5.056178,25.0,126.4,78.91,0.6242,partially_compliant,47.5
INV523137,2024-09-14,2024 Q3,686,Importer,Small,342,Cafe,Coffee_Beans,4.110115,25.0,102.75,6.44,0.0626,non_compliant,96.32
INV524006,2024-09-14,2024 Q3,690,Importer,Small,343,Cafe,Coffee_Beans,7.937206,25.0,198.43,123.87,0.6242,partially_compliant,74.56
INV532696,2024-09-14,2024 Q3,686,Importer,Small,353,Cafe,Coffee_Beans,11.682358,25.0,292.06,18.3,0.0626,non_compliant,273.76
INV534434,2024-09-14,2024 Q3,678,Importer,Medium,355,Cafe,Coffee_Beans,18.159084,25.0,453.98,334.86,0.7376,partially_compliant,119.12
INV537041,2024-09-14,2024 Q3,679,Importer,Large,358,Cafe,Coffee_Beans,6.425776,25.0,160.64,99.43,0.6189,partially_compliant,61.22
INV542402,2024-09-14,2024 Q3,673,Importer,Medium,365,Fine_Dine_Meat,Beer,29.700182,3.0,89.1,88.25,0.9905,compliant,0.85
INV544613,2024-09-14,2024 Q3,692,Importer,Large,369,Fine_Dine_Meat,Wine,19.166419,10.67,204.51,114.18,0.5583,partially_compliant,90.32
INV547378,2024-09-14,2024 Q3,675,Importer,Small,374,Fine_Dine_Meat,Wine,22.451973,10.67,239.56,239.56,1.0,compliant,0.0
INV547379,2024-09-14,2024 Q3,683,Importer,Small,374,Fine_Dine_Meat,Beer,33.677959,3.0,101.03,80.72,0.7989,partially_compliant,20.31
INV549591,2024-09-14,2024 Q3,679,Importer,Large,378,Fine_Dine_Meat,Beer,24.93472,3.0,74.8,46.3,0.6189,partially_compliant,28.51
INV550143,2024-09-14,2024 Q3,686,Importer,Small,379,Fine_Dine_Meat,Wine,43.762604,10.67,466.95,29.25,0.0626,non_compliant,437.69
INV551802,2024-09-14,2024 Q3,677,Importer,Small,382,Fine_Dine_Meat,Wine,10.039736,10.67,107.12,105.04,0.9805,compliant,2.09
INV552908,2024-09-14,2024 Q3,682,Importer,Small,384,Fine_Dine_Meat,Wine,17.417995,10.67,185.85,129.37,0.6961,partially_compliant,56.48
INV552909,2024-09-14,2024 Q3,680,Importer,Medium,384,Fine_Dine_Meat,Beer,26.126993,3.0,78.38,76.16,0.9717,compliant,2.22
INV555120,2024-09-14,2024 Q3,686,Importer,Small,388,Fine_Dine_Meat,Wine,22.02531,10.67,235.01,14.72,0.0626,non_compliant,220.29
INV555121,2024-09-14,2024 Q3,680,Importer,Medium,388,Fine_Dine_Meat,Beer,33.037965,3.0,99.11,96.31,0.9717,compliant,2.81
INV555673,2024-09-14,2024 Q3,680,Importer,Medium,389,Fine_Dine_Meat,Wine,19.609041,10.67,209.23,203.3,0.9717,compliant,5.92
INV556779,2024-09-14,2024 Q3,692,Importer,Large,391,Fine_Dine_Meat,Wine,13.502475,10.67,144.07,80.44,0.5583,partially_compliant,63.63
INV557333,2024-09-14,2024 Q3,692,Importer,Large,392,Fine_Dine_Meat,Beer,19.671436,3.0,59.01,32.95,0.5583,partially_compliant,26.06
INV558438,2024-09-14,2024 Q3,679,Importer,Large,394,Fine_Dine_Meat,Wine,28.302519,10.67,301.99,186.91,0.6189,partially_compliant,115.08
INV558991,2024-09-14,2024 Q3,686,Importer,Small,395,Fine_Dine_Meat,Wine,32.866798,10.67,350.69,21.97,0.0626,non_compliant,328.72
INV559545,2024-09-14,2024 Q3,685,Importer,Small,396,Fine_Dine_Meat,Beer,61.612461,3.0,184.84,179.51,0.9712,compliant,5.33
INV560098,2024-09-14,2024 Q3,675,Importer,Small,397,Fine_Dine_Meat,Beer,20.448547,3.0,61.35,61.35,1.0,compliant,0.0
INV561203,2024-09-14,2024 Q3,673,Importer,Medium,399,Fine_Dine_Meat,Wine,35.867533,10.67,382.71,379.07,0.9905,compliant,3.63
INV566180,2024-09-14,2024 Q3,681,Importer,Small,408,Fine_Dine_Meat,Wine,41.001093,10.67,437.48,10.16,0.0232,non_compliant,427.32
INV567839,2024-09-14,2024 Q3,673,Importer,Medium,411,Fine_Dine_Meat,Wine,16.75654,10.67,178.79,177.09,0.9905,compliant,1.7
INV567840,2024-09-14,2024 Q3,673,Importer,Medium,411,Fine_Dine_Meat,Beer,25.134811,3.0,75.4,74.69,0.9905,compliant,0.72
INV568392,2024-09-14,2024 Q3,680,Importer,Medium,412,Fine_Dine_Meat,Wine,38.788257,10.67,413.87,402.15,0.9717,compliant,11.72
INV569498,2024-09-14,2024 Q3,689,Importer,Small,414,Fine_Dine_Meat,Wine,30.450487,10.67,324.91,316.32,0.9736,compliant,8.59
INV570604,2024-09-14,2024 Q3,680,Importer,Medium,416,Fine_Dine_Meat,Wine,22.130693,10.67,236.13,229.45,0.9717,compliant,6.69
INV571710,2024-09-14,2024 Q3,675,Importer,Small,418,Fine_Dine_Meat,Wine,40.10062,10.67,427.87,427.87,1.0,compliant,0.0
INV573922,2024-09-14,2024 Q3,673,Importer,Medium,422,Fine_Dine_Meat,Wine,22.65595,10.67,241.74,239.44,0.9905,compliant,2.3
INV576687,2024-09-14,2024 Q3,678,Importer,Medium,427,Fine_Dine_Meat,Wine,15.718132,10.67,167.71,123.71,0.7376,partially_compliant,44.01
INV577240,2024-09-14,2024 Q3,689,Importer,Small,428,Fine_Dine_Meat,Wine,16.932539,10.67,180.67,175.9,0.9736,compliant,4.77
INV578346,2024-09-14,2024 Q3,685,Importer,Small,430,Fine_Dine_Meat,Wine,21.507425,10.67,229.48,222.87,0.9712,compliant,6.62
INV578899,2024-09-14,2024 Q3,692,Importer,Large,431,Fine_Dine_Meat,Wine,19.080059,10.67,203.58,113.67,0.5583,partially_compliant,89.92
INV579452,2024-09-14,2024 Q3,673,Importer,Medium,432,Fine_Dine_Meat,Wine,32.153908,10.67,343.08,339.82,0.9905,compliant,3.26
INV580006,2024-09-14,2024 Q3,679,Importer,Large,433,Fine_Dine_Meat,Beer,13.419799,3.0,40.26,24.92,0.6189,partially_compliant,15.34
INV580559,2024-09-14,2024 Q3,692,Importer,Large,434,Fine_Dine_Meat,Beer,23.511795,3.0,70.54,39.38,0.5583,partially_compliant,31.15
INV581112,2024-09-14,2024 Q3,687,Importer,Medium,435,Fine_Dine_Meat,Beer,49.676496,3.0,149.03,109.23,0.733,partially_compliant,39.8
INV583876,2024-09-14,2024 Q3,679,Importer,Large,440,Fine_Dine_Meat,Wine,20.117495,10.67,214.65,132.86,0.6189,partially_compliant,81.8
INV583877,2024-09-14,2024 Q3,692,Importer,Large,440,Fine_Dine_Meat,Beer,30.176242,3.0,90.53,50.54,0.5583,partially_compliant,39.98
INV587747,2024-09-14,2024 Q3,686,Importer,Small,447,Fine_Dine_Vegetarian,Wine,29.430975,10.67,314.03,19.67,0.0626,non_compliant,294.36
INV588300,2024-09-14,2024 Q3,679,Importer,Large,448,Fine_Dine_Vegetarian,Wine,54.935925,10.67,586.17,362.8,0.6189,partially_compliant,223.37
INV588853,2024-09-14,2024 Q3,692,Importer,Large,449,Fine_Dine_Vegetarian,Wine,66.420504,10.67,708.71,395.69,0.5583,partially_compliant,313.02
INV589406,2024-09-14,2024 Q3,680,Importer,Medium,450,Fine_Dine_Vegetarian,Wine,76.167678,10.67,812.71,789.7,0.9717,compliant,23.01
INV591065,2024-09-14,2024 Q3,682,Importer,Small,453,Fine_Dine_Vegetarian,Wine,49.893288,10.67,532.36,370.59,0.6961,partially_compliant,161.77
INV592724,2024-09-14,2024 Q3,675,Importer,Small,456,Fine_Dine_Vegetarian,Wine,22.50025,10.67,240.08,240.08,1.0,compliant,0.0
INV594383,2024-09-14,2024 Q3,673,Importer,Medium,459,Fine_Dine_Vegetarian,Wine,22.107602,10.67,235.89,233.65,0.9905,compliant,2.24
INV596042,2024-09-14,2024 Q3,673,Importer,Medium,462,Fine_Dine_Vegetarian,Wine,20.191787,10.67,215.45,213.4,0.9905,compliant,2.05
INV596595,2024-09-14,2024 Q3,690,Importer,Small,463,Fine_Dine_Vegetarian,Wine,47.041558,10.67,501.93,313.33,0.6242,partially_compliant,188.6
INV597148,2024-09-14,2024 Q3,677,Importer,Small,464,Fine_Dine_Vegetarian,Wine,24.818844,10.67,264.82,259.65,0.9805,compliant,5.16
INV599913,2024-09-14,2024 Q3,682,Importer,Small,469,Fine_Dine_Vegetarian,Wine,34.170886,10.67,364.6,253.81,0.6961,partially_compliant,110.8
INV601572,2024-09-14,2024 Q3,689,Importer,Small,472,Fine_Dine_Vegetarian,Wine,20.414721,10.67,217.83,212.07,0.9736,compliant,5.76
INV603784,2024-09-14,2024 Q3,692,Importer,Large,476,Fine_Dine_Vegetarian,Wine,24.063975,10.67,256.76,143.36,0.5583,partially_compliant,113.4
INV605443,2024-09-14,2024 Q3,673,Importer,Medium,479,Fine_Dine_Vegetarian,Wine,37.910916,10.67,404.51,400.67,0.9905,compliant,3.84
INV607655,2024-09-14,2024 Q3,675,Importer,Small,483,Fine_Dine_Vegetarian,Wine,28.396775,10.67,302.99,302.99,1.0,compliant,0.0
INV609314,2024-09-14,2024 Q3,692,Importer,Large,486,Fine_Dine_Vegetarian,Wine,39.154577,10.67,417.78,233.26,0.5583,partially_compliant,184.52
INV613738,2024-09-14,2024 Q3,686,Importer,Small,494,Fine_Dine_Vegetarian,Wine,32.813787,10.67,350.12,21.93,0.0626,non_compliant,328.19
INV617056,2024-09-14,2024 Q3,673,Importer,Medium,500,Fine_Dine_Vegetarian,Wine,27.381889,10.67,292.16,289.39,0.9905,compliant,2.77
INV402357,2024-09-21,2024 Q3,692,Importer,Large,203,Cafe,Coffee_Beans,26.667615,25.0,666.69,372.23,0.5583,partially_compliant,294.46
INV404095,2024-09-21,2024 Q3,680,Importer,Medium,205,Cafe,Coffee_Beans,5.239465,25.0,130.99,127.28,0.9717,compliant,3.71
INV405833,2024-09-21,2024 Q3,684,Importer,Medium,207,Cafe,Coffee_Beans,6.600916,25.0,165.02,163.59,0.9913,compliant,1.43
INV415392,2024-09-21,2024 Q3,677,Importer,Small,218,Cafe,Coffee_Beans,15.451987,25.0,386.3,378.77,0.9805,compliant,7.53
INV420606,2024-09-21,2024 Q3,686,Importer,Small,224,Cafe,Coffee_Beans,10.307735,25.0,257.69,16.14,0.0626,non_compliant,241.55
INV424082,2024-09-21,2024 Q3,677,Importer,Small,228,Cafe,Coffee_Beans,6.558302,25.0,163.96,160.76,0.9805,compliant,3.2
INV425820,2024-09-21,2024 Q3,682,Importer,Small,230,Cafe,Coffee_Beans,7.359512,25.0,183.99,128.08,0.6961,partially_compliant,55.91
INV426689,2024-09-21,2024 Q3,681,Importer,Small,231,Cafe,Coffee_Beans,6.674072,25.0,166.85,3.87,0.0232,non_compliant,162.98
INV429296,2024-09-21,2024 Q3,673,Importer,Medium,234,Cafe,Coffee_Beans,6.041998,25.0,151.05,149.62,0.9905,compliant,1.43
INV430165,2024-09-21,2024 Q3,673,Importer,Medium,235,Cafe,Coffee_Beans,28.629334,25.0,715.73,708.94,0.9905,compliant,6.8
INV431903,2024-09-21,2024 Q3,683,Importer,Small,237,Cafe,Coffee_Beans,16.088267,25.0,402.21,321.34,0.7989,partially_compliant,80.87
INV437986,2024-09-21,2024 Q3,682,Importer,Small,244,Cafe,Coffee_Beans,7.598709,25.0,189.97,132.24,0.6961,partially_compliant,57.73
INV439724,2024-09-21,2024 Q3,688,Importer,Small,246,Cafe,Coffee_Beans,4.671775,25.0,116.79,116.09,0.9939,compliant,0.71
INV444938,2024-09-21,2024 Q3,675,Importer,Small,252,Cafe,Coffee_Beans,7.458761,25.0,186.47,186.47,1.0,compliant,0.0
INV448414,2024-09-21,2024 Q3,678,Importer,Medium,256,Cafe,Coffee_Beans,10.482551,25.0,262.06,193.3,0.7376,partially_compliant,68.76
INV449283,2024-09-21,2024 Q3,680,Importer,Medium,257,Cafe,Coffee_Beans,28.463706,25.0,711.59,691.44,0.9717,compliant,20.15
INV454497,2024-09-21,2024 Q3,675,Importer,Small,263,Cafe,Coffee_Beans,5.986169,25.0,149.65,149.65,1.0,compliant,0.0
INV459711,2024-09-21,2024 Q3,677,Importer,Small,269,Cafe,Coffee_Beans,5.750197,25.0,143.75,140.95,0.9805,compliant,2.8
INV464056,2024-09-21,2024 Q3,673,Importer,Medium,274,Cafe,Coffee_Beans,6.800321,25.0,170.01,168.39,0.9905,compliant,1.61
INV464925,2024-09-21,2024 Q3,689,Importer,Small,275,Cafe,Coffee_Beans,7.506545,25.0,187.66,182.7,0.9736,compliant,4.96
INV465794,2024-09-21,2024 Q3,692,Importer,Large,276,Cafe,Coffee_Beans,6.598986,25.0,164.97,92.11,0.5583,partially_compliant,72.86
INV470139,2024-09-21,2024 Q3,689,Importer,Small,281,Cafe,Coffee_Beans,12.357516,25.0,308.94,300.77,0.9736,compliant,8.16
INV475353,2024-09-21,2024 Q3,680,Importer,Medium,287,Cafe,Coffee_Beans,4.137858,25.0,103.45,100.52,0.9717,compliant,2.93
INV477960,2024-09-21,2024 Q3,675,Importer,Small,290,Cafe,Coffee_Beans,6.064899,25.0,151.62,151.62,1.0,compliant,0.0
INV484043,2024-09-21,2024 Q3,689,Importer,Small,297,Cafe,Coffee_Beans,14.242564,25.0,356.06,346.65,0.9736,compliant,9.41
INV484912,2024-09-21,2024 Q3,674,Importer,Small,298,Cafe,Coffee_Beans,6.685977,25.0,167.15,165.62,0.9909,compliant,1.53
INV490126,2024-09-21,2024 Q3,682,Importer,Small,304,Cafe,Coffee_Beans,6.052602,25.0,151.32,105.33,0.6961,partially_compliant,45.98
INV490995,2024-09-21,2024 Q3,682,Importer,Small,305,Cafe,Coffee_Beans,8.15611,25.0,203.9,141.94,0.6961,partially_compliant,61.96
INV496209,2024-09-21,2024 Q3,680,Importer,Medium,311,Cafe,Coffee_Beans,7.328697,25.0,183.22,178.03,0.9717,compliant,5.19
INV497078,2024-09-21,2024 Q3,689,Importer,Small,312,Cafe,Coffee_Beans,7.259672,25.0,181.49,176.7,0.9736,compliant,4.8
INV497947,2024-09-21,2024 Q3,682,Importer,Small,313,Cafe,Coffee_Beans,3.723399,25.0,93.08,64.8,0.6961,partially_compliant,28.29
INV502292,2024-09-21,2024 Q3,688,Importer,Small,318,Cafe,Coffee_Beans,22.444795,25.0,561.12,557.72,0.9939,compliant,3.4
INV507506,2024-09-21,2024 Q3,692,Importer,Large,324,Cafe,Coffee_Beans,6.883955,25.0,172.1,96.09,0.5583,partially_compliant,76.01
INV515327,2024-09-21,2024 Q3,678,Importer,Medium,333,Cafe,Coffee_Beans,5.911646,25.0,147.79,109.01,0.7376,partially_compliant,38.78
INV517934,2024-09-21,2024 Q3,690,Importer,Small,336,Cafe,Coffee_Beans,4.137872,25.0,103.45,64.58,0.6242,partially_compliant,38.87
INV522279,2024-09-21,2024 Q3,690,Importer,Small,341,Cafe,Coffee_Beans,5.499718,25.0,137.49,85.83,0.6242,partially_compliant,51.66
INV523148,2024-09-21,2024 Q3,686,Importer,Small,342,Cafe,Coffee_Beans,4.470663,25.0,111.77,7.0,0.0626,non_compliant,104.76
INV524017,2024-09-21,2024 Q3,690,Importer,Small,343,Cafe,Coffee_Beans,8.546911,25.0,213.67,133.38,0.6242,partially_compliant,80.29
INV532707,2024-09-21,2024 Q3,686,Importer,Small,353,Cafe,Coffee_Beans,12.707161,25.0,317.68,19.9,0.0626,non_compliant,297.78
INV534445,2024-09-21,2024 Q3,678,Importer,Medium,355,Cafe,Coffee_Beans,19.75204,25.0,493.8,364.23,0.7376,partially_compliant,129.57
INV537052,2024-09-21,2024 Q3,679,Importer,Large,358,Cafe,Coffee_Beans,6.98946,25.0,174.74,108.15,0.6189,partially_compliant,66.59
INV542409,2024-09-21,2024 Q3,673,Importer,Medium,365,Fine_Dine_Meat,Beer,31.598175,3.0,94.79,93.89,0.9905,compliant,0.9
INV544620,2024-09-21,2024 Q3,692,Importer,Large,369,Fine_Dine_Meat,Wine,20.391251,10.67,217.57,121.48,0.5583,partially_compliant,96.1
INV547385,2024-09-21,2024 Q3,675,Importer,Small,374,Fine_Dine_Meat,Wine,23.886768,10.67,254.87,254.87,1.0,compliant,0.0
INV547386,2024-09-21,2024 Q3,683,Importer,Small,374,Fine_Dine_Meat,Beer,35.830152,3.0,107.49,85.88,0.7989,partially_compliant,21.61
INV549598,2024-09-21,2024 Q3,679,Importer,Large,378,Fine_Dine_Meat,Beer,26.528176,3.0,79.58,49.26,0.6189,partially_compliant,30.33
INV550150,2024-09-21,2024 Q3,686,Importer,Small,379,Fine_Dine_Meat,Wine,46.559257,10.67,496.79,31.12,0.0626,non_compliant,465.67
INV551809,2024-09-21,2024 Q3,677,Importer,Small,382,Fine_Dine_Meat,Wine,10.681326,10.67,113.97,111.75,0.9805,compliant,2.22
INV552915,2024-09-21,2024 Q3,682,Importer,Small,384,Fine_Dine_Meat,Wine,18.531094,10.67,197.73,137.64,0.6961,partially_compliant,60.09
INV552916,2024-09-21,2024 Q3,680,Importer,Medium,384,Fine_Dine_Meat,Beer,27.79664,3.0,83.39,81.03,0.9717,compliant,2.36
INV555127,2024-09-21,2024 Q3,686,Importer,Small,388,Fine_Dine_Meat,Wine,21.398251,10.67,228.32,14.3,0.0626,non_compliant,214.02
INV555128,2024-09-21,2024 Q3,680,Importer,Medium,388,Fine_Dine_Meat,Beer,32.097377,3.0,96.29,93.57,0.9717,compliant,2.73
INV555680,2024-09-21,2024 Q3,680,Importer,Medium,389,Fine_Dine_Meat,Wine,20.862158,10.67,222.6,216.3,0.9717,compliant,6.3
INV556786,2024-09-21,2024 Q3,692,Importer,Large,391,Fine_Dine_Meat,Wine,14.365352,10.67,153.28,85.58,0.5583,partially_compliant,67.7
INV557340,2024-09-21,2024 Q3,692,Importer,Large,392,Fine_Dine_Meat,Beer,21.695487,3.0,65.09,36.34,0.5583,partially_compliant,28.75
INV558445,2024-09-21,2024 Q3,679,Importer,Large,394,Fine_Dine_Meat,Wine,30.111194,10.67,321.29,198.85,0.6189,partially_compliant,122.43
INV558998,2024-09-21,2024 Q3,686,Importer,Small,395,Fine_Dine_Meat,Wine,34.967154,10.67,373.1,23.37,0.0626,non_compliant,349.73
INV559552,2024-09-21,2024 Q3,685,Importer,Small,396,Fine_Dine_Meat,Beer,65.549811,3.0,196.65,190.98,0.9712,compliant,5.67
INV560105,2024-09-21,2024 Q3,675,Importer,Small,397,Fine_Dine_Meat,Beer,23.729075,3.0,71.19,71.19,1.0,compliant,0.0
INV561210,2024-09-21,2024 Q3,673,Importer,Medium,399,Fine_Dine_Meat,Wine,38.159651,10.67,407.16,403.3,0.9905,compliant,3.87
INV566187,2024-09-21,2024 Q3,681,Importer,Small,408,Fine_Dine_Meat,Wine,43.621271,10.67,465.44,10.81,0.0232,non_compliant,454.63
INV567846,2024-09-21,2024 Q3,673,Importer,Medium,411,Fine_Dine_Meat,Wine,17.827369,10.67,190.22,188.41,0.9905,compliant,1.81
INV567847,2024-09-21,2024 Q3,673,Importer,Medium,411,Fine_Dine_Meat,Beer,26.741053,3.0,80.22,79.46,0.9905,compliant,0.76
INV568399,2024-09-21,2024 Q3,680,Importer,Medium,412,Fine_Dine_Meat,Wine,41.267024,10.67,440.32,427.85,0.9717,compliant,12.47
INV569505,2024-09-21,2024 Q3,689,Importer,Small,414,Fine_Dine_Meat,Wine,37.058775,10.67,395.42,384.97,0.9736,compliant,10.45
INV570611,2024-09-21,2024 Q3,680,Importer,Medium,416,Fine_Dine_Meat,Wine,23.544957,10.67,251.22,244.11,0.9717,compliant,7.11
INV571717,2024-09-21,2024 Q3,675,Importer,Small,418,Fine_Dine_Meat,Wine,42.663253,10.67,455.22,455.22,1.0,compliant,0.0
INV573929,2024-09-21,2024 Q3,673,Importer,Medium,422,Fine_Dine_Meat,Wine,24.103781,10.67,257.19,254.75,0.9905,compliant,2.44
INV576694,2024-09-21,2024 Q3,678,Importer,Medium,427,Fine_Dine_Meat,Wine,16.722601,10.67,178.43,131.61,0.7376,partially_compliant,46.82
INV577247,2024-09-21,2024 Q3,689,Importer,Small,428,Fine_Dine_Meat,Wine,18.014614,10.67,192.22,187.14,0.9736,compliant,5.08
INV578353,2024-09-21,2024 Q3,685,Importer,Small,430,Fine_Dine_Meat,Wine,22.881859,10.67,244.15,237.11,0.9712,compliant,7.04
INV578906,2024-09-21,2024 Q3,692,Importer,Large,431,Fine_Dine_Meat,Wine,20.299371,10.67,216.59,120.93,0.5583,partially_compliant,95.66
INV579459,2024-09-21,2024 Q3,673,Importer,Medium,432,Fine_Dine_Meat,Wine,34.208706,10.67,365.01,361.54,0.9905,compliant,3.47
INV580013,2024-09-21,2024 Q3,679,Importer,Large,433,Fine_Dine_Meat,Beer,14.570092,3.0,43.71,27.05,0.6189,partially_compliant,16.66
INV580566,2024-09-21,2024 Q3,692,Importer,Large,434,Fine_Dine_Meat,Beer,25.014318,3.0,75.04,41.9,0.5583,partially_compliant,33.14
INV581119,2024-09-21,2024 Q3,687,Importer,Medium,435,Fine_Dine_Meat,Beer,50.43645,3.0,151.31,110.9,0.733,partially_compliant,40.41
INV583883,2024-09-21,2024 Q3,679,Importer,Large,440,Fine_Dine_Meat,Wine,21.403105,10.67,228.37,141.35,0.6189,partially_compliant,87.03
INV583884,2024-09-21,2024 Q3,692,Importer,Large,440,Fine_Dine_Meat,Beer,32.104658,3.0,96.31,53.77,0.5583,partially_compliant,42.54
INV587754,2024-09-21,2024 Q3,686,Importer,Small,447,Fine_Dine_Vegetarian,Wine,31.311763,10.67,334.1,20.93,0.0626,non_compliant,313.17
INV588307,2024-09-21,2024 Q3,679,Importer,Large,448,Fine_Dine_Vegetarian,Wine,58.44661,10.67,623.63,385.98,0.6189,partially_compliant,237.65
INV588860,2024-09-21,2024 Q3,692,Importer,Large,449,Fine_Dine_Vegetarian,Wine,74.652327,10.67,796.54,444.73,0.5583,partially_compliant,351.81
INV589413,2024-09-21,2024 Q3,680,Importer,Medium,450,Fine_Dine_Vegetarian,Wine,81.03518,10.67,864.65,840.16,0.9717,compliant,24.48
INV591072,2024-09-21,2024 Q3,682,Importer,Small,453,Fine_Dine_Vegetarian,Wine,53.081723,10.67,566.38,394.27,0.6961,partially_compliant,172.11
INV592731,2024-09-21,2024 Q3,675,Importer,Small,456,Fine_Dine_Vegetarian,Wine,23.938131,10.67,255.42,255.42,1.0,compliant,0.0
INV594390,2024-09-21,2024 Q3,673,Importer,Medium,459,Fine_Dine_Vegetarian,Wine,23.52039,10.67,250.96,248.58,0.9905,compliant,2.38
INV596049,2024-09-21,2024 Q3,673,Importer,Medium,462,Fine_Dine_Vegetarian,Wine,21.482145,10.67,229.21,227.04,0.9905,compliant,2.18
INV596602,2024-09-21,2024 Q3,690,Importer,Small,463,Fine_Dine_Vegetarian,Wine,50.047753,10.67,534.01,333.35,0.6242,partially_compliant,200.65
INV597155,2024-09-21,2024 Q3,677,Importer,Small,464,Fine_Dine_Vegetarian,Wine,26.404894,10.67,281.74,276.25,0.9805,compliant,5.49
INV599920,2024-09-21,2024 Q3,682,Importer,Small,469,Fine_Dine_Vegetarian,Wine,38.655895,10.67,412.46,287.12,0.6961,partially_compliant,125.34
INV601579,2024-09-21,2024 Q3,689,Importer,Small,472,Fine_Dine_Vegetarian,Wine,21.719325,10.67,231.75,225.62,0.9736,compliant,6.12
INV603791,2024-09-21,2024 Q3,692,Importer,Large,476,Fine_Dine_Vegetarian,Wine,25.601786,10.67,273.17,152.52,0.5583,partially_compliant,120.65
INV605450,2024-09-21,2024 Q3,673,Importer,Medium,479,Fine_Dine_Vegetarian,Wine,40.333617,10.67,430.36,426.27,0.9905,compliant,4.09
INV607662,2024-09-21,2024 Q3,675,Importer,Small,483,Fine_Dine_Vegetarian,Wine,37.711893,10.67,402.39,402.39,1.0,compliant,0.0
INV609321,2024-09-21,2024 Q3,692,Importer,Large,486,Fine_Dine_Vegetarian,Wine,41.656754,10.67,444.48,248.16,0.5583,partially_compliant,196.31
INV613745,2024-09-21,2024 Q3,686,Importer,Small,494,Fine_Dine_Vegetarian,Wine,33.262898,10.67,354.92,22.23,0.0626,non_compliant,332.68
INV617063,2024-09-21,2024 Q3,673,Importer,Medium,500,Fine_Dine_Vegetarian,Wine,29.131731,10.67,310.84,307.88,0.9905,compliant,2.95
INV402368,2024-09-28,2024 Q3,692,Importer,Large,203,Cafe,Coffee_Beans,28.088056,25.0,702.2,392.06,0.5583,partially_compliant,310.14
INV404106,2024-09-28,2024 Q3,680,Importer,Medium,205,Cafe,Coffee_Beans,5.493449,25.0,137.34,133.45,0.9717,compliant,3.89
INV405844,2024-09-28,2024 Q3,684,Importer,Medium,207,Cafe,Coffee_Beans,6.987404,25.0,174.69,173.17,0.9913,compliant,1.52
INV415403,2024-09-28,2024 Q3,677,Importer,Small,218,Cafe,Coffee_Beans,16.424887,25.0,410.62,402.62,0.9805,compliant,8.01
INV420617,2024-09-28,2024 Q3,686,Importer,Small,224,Cafe,Coffee_Beans,10.820703,25.0,270.52,16.95,0.0626,non_compliant,253.57
INV424093,2024-09-28,2024 Q3,677,Importer,Small,228,Cafe,Coffee_Beans,7.022955,25.0,175.57,172.15,0.9805,compliant,3.42
INV425831,2024-09-28,2024 Q3,682,Importer,Small,230,Cafe,Coffee_Beans,7.880035,25.0,197.0,137.14,0.6961,partially_compliant,59.86
INV426700,2024-09-28,2024 Q3,681,Importer,Small,231,Cafe,Coffee_Beans,7.112153,25.0,177.8,4.13,0.0232,non_compliant,173.68
INV429307,2024-09-28,2024 Q3,673,Importer,Medium,234,Cafe,Coffee_Beans,6.408119,25.0,160.2,158.68,0.9905,compliant,1.52
INV430176,2024-09-28,2024 Q3,673,Importer,Medium,235,Cafe,Coffee_Beans,30.358622,25.0,758.97,751.76,0.9905,compliant,7.21
INV431914,2024-09-28,2024 Q3,683,Importer,Small,237,Cafe,Coffee_Beans,17.206173,25.0,430.15,343.67,0.7989,partially_compliant,86.49
INV437997,2024-09-28,2024 Q3,682,Importer,Small,244,Cafe,Coffee_Beans,8.090723,25.0,202.27,140.8,0.6961,partially_compliant,61.47
INV439735,2024-09-28,2024 Q3,688,Importer,Small,246,Cafe,Coffee_Beans,4.517792,25.0,112.94,112.26,0.9939,compliant,0.68
INV444949,2024-09-28,2024 Q3,675,Importer,Small,252,Cafe,Coffee_Beans,7.922344,25.0,198.06,198.06,1.0,compliant,0.0
INV448425,2024-09-28,2024 Q3,678,Importer,Medium,256,Cafe,Coffee_Beans,10.98459,25.0,274.61,202.56,0.7376,partially_compliant,72.06
INV449294,2024-09-28,2024 Q3,680,Importer,Medium,257,Cafe,Coffee_Beans,30.081709,25.0,752.04,730.75,0.9717,compliant,21.29
INV454508,2024-09-28,2024 Q3,675,Importer,Small,263,Cafe,Coffee_Beans,6.418994,25.0,160.47,160.47,1.0,compliant,0.0
INV459722,2024-09-28,2024 Q3,677,Importer,Small,269,Cafe,Coffee_Beans,6.146944,25.0,153.67,150.68,0.9805,compliant,3.0
INV464067,2024-09-28,2024 Q3,673,Importer,Medium,274,Cafe,Coffee_Beans,7.170867,25.0,179.27,177.57,0.9905,compliant,1.7
INV464936,2024-09-28,2024 Q3,689,Importer,Small,275,Cafe,Coffee_Beans,8.022071,25.0,200.55,195.25,0.9736,compliant,5.3
INV465805,2024-09-28,2024 Q3,692,Importer,Large,276,Cafe,Coffee_Beans,7.009477,25.0,175.24,97.84,0.5583,partially_compliant,77.4
INV470150,2024-09-28,2024 Q3,689,Importer,Small,281,Cafe,Coffee_Beans,13.15894,25.0,328.97,320.28,0.9736,compliant,8.69
INV475364,2024-09-28,2024 Q3,680,Importer,Medium,287,Cafe,Coffee_Beans,4.282812,25.0,107.07,104.04,0.9717,compliant,3.03
INV477971,2024-09-28,2024 Q3,675,Importer,Small,290,Cafe,Coffee_Beans,6.506576,25.0,162.66,162.66,1.0,compliant,0.0
INV484054,2024-09-28,2024 Q3,689,Importer,Small,297,Cafe,Coffee_Beans,14.738724,25.0,368.47,358.73,0.9736,compliant,9.74
INV484923,2024-09-28,2024 Q3,674,Importer,Small,298,Cafe,Coffee_Beans,7.354138,25.0,183.85,182.17,0.9909,compliant,1.68
INV490137,2024-09-28,2024 Q3,682,Importer,Small,304,Cafe,Coffee_Beans,6.48565,25.0,162.14,112.87,0.6961,partially_compliant,49.27
INV491006,2024-09-28,2024 Q3,682,Importer,Small,305,Cafe,Coffee_Beans,8.163617,25.0,204.09,142.07,0.6961,partially_compliant,62.02
INV496220,2024-09-28,2024 Q3,680,Importer,Medium,311,Cafe,Coffee_Beans,7.83109,25.0,195.78,190.23,0.9717,compliant,5.54
INV497089,2024-09-28,2024 Q3,689,Importer,Small,312,Cafe,Coffee_Beans,7.630436,25.0,190.76,185.72,0.9736,compliant,5.04
INV497958,2024-09-28,2024 Q3,682,Importer,Small,313,Cafe,Coffee_Beans,3.93423,25.0,98.36,68.47,0.6961,partially_compliant,29.89
INV502303,2024-09-28,2024 Q3,688,Importer,Small,318,Cafe,Coffee_Beans,24.384483,25.0,609.61,605.92,0.9939,compliant,3.69
INV507517,2024-09-28,2024 Q3,692,Importer,Large,324,Cafe,Coffee_Beans,7.241352,25.0,181.03,101.08,0.5583,partially_compliant,79.96
INV515338,2024-09-28,2024 Q3,678,Importer,Medium,333,Cafe,Coffee_Beans,6.237598,25.0,155.94,115.02,0.7376,partially_compliant,40.92
INV517945,2024-09-28,2024 Q3,690,Importer,Small,336,Cafe,Coffee_Beans,4.97389,25.0,124.35,77.62,0.6242,partially_compliant,46.72
INV522290,2024-09-28,2024 Q3,690,Importer,Small,341,Cafe,Coffee_Beans,5.566392,25.0,139.16,86.87,0.6242,partially_compliant,52.29
INV523159,2024-09-28,2024 Q3,686,Importer,Small,342,Cafe,Coffee_Beans,4.685786,25.0,117.14,7.34,0.0626,non_compliant,109.81
INV524028,2024-09-28,2024 Q3,690,Importer,Small,343,Cafe,Coffee_Beans,8.752823,25.0,218.82,136.6,0.6242,partially_compliant,82.22
INV532718,2024-09-28,2024 Q3,686,Importer,Small,353,Cafe,Coffee_Beans,13.35251,25.0,333.81,20.91,0.0626,non_compliant,312.9
INV534456,2024-09-28,2024 Q3,678,Importer,Medium,355,Cafe,Coffee_Beans,20.936014,25.0,523.4,386.07,0.7376,partially_compliant,137.33
INV537063,2024-09-28,2024 Q3,679,Importer,Large,358,Cafe,Coffee_Beans,7.421396,25.0,185.53,114.83,0.6189,partially_compliant,70.7
INV542416,2024-09-28,2024 Q3,673,Importer,Medium,365,Fine_Dine_Meat,Beer,32.616958,3.0,97.85,96.92,0.9905,compliant,0.93
INV544627,2024-09-28,2024 Q3,692,Importer,Large,369,Fine_Dine_Meat,Wine,21.455155,10.67,228.93,127.82,0.5583,partially_compliant,101.11
INV547392,2024-09-28,2024 Q3,675,Importer,Small,374,Fine_Dine_Meat,Wine,25.087916,10.67,267.69,267.69,1.0,compliant,0.0
INV547393,2024-09-28,2024 Q3,683,Importer,Small,374,Fine_Dine_Meat,Beer,37.631874,3.0,112.9,90.2,0.7989,partially_compliant,22.7
INV549605,2024-09-28,2024 Q3,679,Importer,Large,378,Fine_Dine_Meat,Beer,27.742013,3.0,83.23,51.51,0.6189,partially_compliant,31.72
INV550157,2024-09-28,2024 Q3,686,Importer,Small,379,Fine_Dine_Meat,Wine,48.720372,10.67,519.85,32.57,0.0626,non_compliant,487.28
INV551816,2024-09-28,2024 Q3,677,Importer,Small,382,Fine_Dine_Meat,Wine,11.098977,10.67,118.43,116.12,0.9805,compliant,2.31
INV552922,2024-09-28,2024 Q3,682,Importer,Small,384,Fine_Dine_Meat,Wine,19.240836,10.67,205.3,142.91,0.6961,partially_compliant,62.39
INV552923,2024-09-28,2024 Q3,680,Importer,Medium,384,Fine_Dine_Meat,Beer,28.861253,3.0,86.58,84.13,0.9717,compliant,2.45
INV555134,2024-09-28,2024 Q3,686,Importer,Small,388,Fine_Dine_Meat,Wine,22.808821,10.67,243.37,15.25,0.0626,non_compliant,228.12
INV555135,2024-09-28,2024 Q3,680,Importer,Medium,388,Fine_Dine_Meat,Beer,34.213231,3.0,102.64,99.73,0.9717,compliant,2.91
INV555687,2024-09-28,2024 Q3,680,Importer,Medium,389,Fine_Dine_Meat,Wine,21.552802,10.67,229.97,223.46,0.9717,compliant,6.51
INV556793,2024-09-28,2024 Q3,692,Importer,Large,391,Fine_Dine_Meat,Wine,13.958926,10.67,148.94,83.16,0.5583,partially_compliant,65.78
INV557347,2024-09-28,2024 Q3,692,Importer,Large,392,Fine_Dine_Meat,Beer,21.844429,3.0,65.53,36.59,0.5583,partially_compliant,28.94
INV558452,2024-09-28,2024 Q3,679,Importer,Large,394,Fine_Dine_Meat,Wine,30.998108,10.67,330.75,204.71,0.6189,partially_compliant,126.04
INV559005,2024-09-28,2024 Q3,686,Importer,Small,395,Fine_Dine_Meat,Wine,35.193367,10.67,375.51,23.52,0.0626,non_compliant,351.99
INV559559,2024-09-28,2024 Q3,685,Importer,Small,396,Fine_Dine_Meat,Beer,67.528205,3.0,202.58,196.74,0.9712,compliant,5.84
INV560112,2024-09-28,2024 Q3,675,Importer,Small,397,Fine_Dine_Meat,Beer,26.618137,3.0,79.85,79.85,1.0,compliant,0.0
INV561217,2024-09-28,2024 Q3,673,Importer,Medium,399,Fine_Dine_Meat,Wine,39.938407,10.67,426.14,422.1,0.9905,compliant,4.05
INV566194,2024-09-28,2024 Q3,681,Importer,Small,408,Fine_Dine_Meat,Wine,45.905617,10.67,489.81,11.37,0.0232,non_compliant,478.44
INV567853,2024-09-28,2024 Q3,673,Importer,Medium,411,Fine_Dine_Meat,Wine,18.357038,10.67,195.87,194.01,0.9905,compliant,1.86
INV567854,2024-09-28,2024 Q3,673,Importer,Medium,411,Fine_Dine_Meat,Beer,27.535556,3.0,82.61,81.82,0.9905,compliant,0.78
INV568406,2024-09-28,2024 Q3,680,Importer,Medium,412,Fine_Dine_Meat,Wine,43.02424,10.67,459.07,446.07,0.9717,compliant,13.0
INV569512,2024-09-28,2024 Q3,689,Importer,Small,414,Fine_Dine_Meat,Wine,41.285301,10.67,440.51,428.87,0.9736,compliant,11.64
INV570618,2024-09-28,2024 Q3,680,Importer,Medium,416,Fine_Dine_Meat,Wine,24.558047,10.67,262.03,254.61,0.9717,compliant,7.42
INV571724,2024-09-28,2024 Q3,675,Importer,Small,418,Fine_Dine_Meat,Wine,44.581986,10.67,475.69,475.69,1.0,compliant,0.0
INV573936,2024-09-28,2024 Q3,673,Importer,Medium,422,Fine_Dine_Meat,Wine,25.192349,10.67,268.8,266.25,0.9905,compliant,2.55
INV576701,2024-09-28,2024 Q3,678,Importer,Medium,427,Fine_Dine_Meat,Wine,17.171585,10.67,183.22,135.15,0.7376,partially_compliant,48.07
INV577254,2024-09-28,2024 Q3,689,Importer,Small,428,Fine_Dine_Meat,Wine,18.934268,10.67,202.03,196.69,0.9736,compliant,5.34
INV578360,2024-09-28,2024 Q3,685,Importer,Small,430,Fine_Dine_Meat,Wine,23.776563,10.67,253.7,246.38,0.9712,compliant,7.32
INV578913,2024-09-28,2024 Q3,692,Importer,Large,431,Fine_Dine_Meat,Wine,20.95971,10.67,223.64,124.86,0.5583,partially_compliant,98.78
INV579466,2024-09-28,2024 Q3,673,Importer,Medium,432,Fine_Dine_Meat,Wine,34.983816,10.67,373.28,369.73,0.9905,compliant,3.54
INV580020,2024-09-28,2024 Q3,679,Importer,Large,433,Fine_Dine_Meat,Beer,17.597346,3.0,52.79,32.67,0.6189,partially_compliant,20.12
INV580573,2024-09-28,2024 Q3,692,Importer,Large,434,Fine_Dine_Meat,Beer,26.95355,3.0,80.86,45.15,0.5583,partially_compliant,35.71
INV581126,2024-09-28,2024 Q3,687,Importer,Medium,435,Fine_Dine_Meat,Beer,50.929595,3.0,152.79,111.99,0.733,partially_compliant,40.8
INV583890,2024-09-28,2024 Q3,679,Importer,Large,440,Fine_Dine_Meat,Wine,22.339423,10.67,238.36,147.53,0.6189,partially_compliant,90.83
INV583891,2024-09-28,2024 Q3,692,Importer,Large,440,Fine_Dine_Meat,Beer,33.509135,3.0,100.53,56.13,0.5583,partially_compliant,44.4
INV587761,2024-09-28,2024 Q3,686,Importer,Small,447,Fine_Dine_Vegetarian,Wine,32.882161,10.67,350.85,21.98,0.0626,non_compliant,328.87
INV588314,2024-09-28,2024 Q3,679,Importer,Large,448,Fine_Dine_Vegetarian,Wine,61.477748,10.67,655.97,406.0,0.6189,partially_compliant,249.97
INV588867,2024-09-28,2024 Q3,692,Importer,Large,449,Fine_Dine_Vegetarian,Wine,76.485817,10.67,816.1,455.65,0.5583,partially_compliant,360.45
INV589420,2024-09-28,2024 Q3,680,Importer,Medium,450,Fine_Dine_Vegetarian,Wine,84.817261,10.67,905.0,879.37,0.9717,compliant,25.63
INV591079,2024-09-28,2024 Q3,682,Importer,Small,453,Fine_Dine_Vegetarian,Wine,55.335989,10.67,590.44,411.01,0.6961,partially_compliant,179.42
INV592738,2024-09-28,2024 Q3,675,Importer,Small,456,Fine_Dine_Vegetarian,Wine,25.129983,10.67,268.14,268.14,1.0,compliant,0.0
INV594397,2024-09-28,2024 Q3,673,Importer,Medium,459,Fine_Dine_Vegetarian,Wine,24.155946,10.67,257.74,255.3,0.9905,compliant,2.45
INV596056,2024-09-28,2024 Q3,673,Importer,Medium,462,Fine_Dine_Vegetarian,Wine,22.552884,10.67,240.64,238.35,0.9905,compliant,2.28
INV596609,2024-09-28,2024 Q3,690,Importer,Small,463,Fine_Dine_Vegetarian,Wine,52.569953,10.67,560.92,350.15,0.6242,partially_compliant,210.77
INV597162,2024-09-28,2024 Q3,677,Importer,Small,464,Fine_Dine_Vegetarian,Wine,27.528768,10.67,293.73,288.01,0.9805,compliant,5.73
INV599927,2024-09-28,2024 Q3,682,Importer,Small,469,Fine_Dine_Vegetarian,Wine,39.811583,10.67,424.79,295.7,0.6961,partially_compliant,129.09
INV601586,2024-09-28,2024 Q3,689,Importer,Small,472,Fine_Dine_Vegetarian,Wine,22.498251,10.67,240.06,233.71,0.9736,compliant,6.34
INV603798,2024-09-28,2024 Q3,692,Importer,Large,476,Fine_Dine_Vegetarian,Wine,26.865958,10.67,286.66,160.05,0.5583,partially_compliant,126.61
INV605457,2024-09-28,2024 Q3,673,Importer,Medium,479,Fine_Dine_Vegetarian,Wine,41.910702,10.67,447.19,442.94,0.9905,compliant,4.25
INV607669,2024-09-28,2024 Q3,675,Importer,Small,483,Fine_Dine_Vegetarian,Wine,41.923145,10.67,447.32,447.32,1.0,compliant,0.0
INV609328,2024-09-28,2024 Q3,692,Importer,Large,486,Fine_Dine_Vegetarian,Wine,43.483828,10.67,463.97,259.05,0.5583,partially_compliant,204.92
INV613752,2024-09-28,2024 Q3,686,Importer,Small,494,Fine_Dine_Vegetarian,Wine,32.757814,10.67,349.53,21.9,0.0626,non_compliant,327.63
INV617070,2024-09-28,2024 Q3,673,Importer,Medium,500,Fine_Dine_Vegetarian,Wine,30.450974,10.67,324.91,321.83,0.9905,compliant,3.09
INV676025,2024-09-30,2024 Q3,673,Importer,Medium,459,Fine_Dine_Vegetarian,Wine,23.086776,10.67,246.34,244.0,0.9905,compliant,2.34
INV676100,2024-09-30,2024 Q3,681,Importer,Small,231,Cafe,Coffee_Beans,6.674072,25.0,166.85,3.87,0.0232,non_compliant,162.98
INV676178,2024-09-30,2024 Q3,689,Importer,Small,275,Cafe,Coffee_Beans,7.567926,25.0,189.2,184.2,0.9736,compliant,5.0
INV402379,2024-10-05,2024 Q4,692,Importer,Large,203,Cafe,Coffee_Beans,25.697528,25.0,642.44,574.86,0.8948,partially_compliant,67.58
INV404117,2024-10-05,2024 Q4,680,Importer,Medium,205,Cafe,Coffee_Beans,5.008002,25.0,125.2,125.2,1.0,compliant,0.0
INV405855,2024-10-05,2024 Q4,684,Importer,Medium,207,Cafe,Coffee_Beans,6.417618,25.0,160.44,158.29,0.9866,compliant,2.15
INV415414,2024-10-05,2024 Q4,677,Importer,Small,218,Cafe,Coffee_Beans,15.133929,25.0,378.35,368.78,0.9747,compliant,9.57
INV420628,2024-10-05,2024 Q4,686,Importer,Small,224,Cafe,Coffee_Beans,10.411887,25.0,260.3,13.29,0.0511,non_compliant,247.01
INV424104,2024-10-05,2024 Q4,677,Importer,Small,228,Cafe,Coffee_Beans,6.507542,25.0,162.69,158.57,0.9747,compliant,4.12
INV425842,2024-10-05,2024 Q4,682,Importer,Small,230,Cafe,Coffee_Beans,7.301091,25.0,182.53,145.58,0.7976,partially_compliant,36.95
INV426711,2024-10-05,2024 Q4,681,Importer,Small,231,Cafe,Coffee_Beans,6.565786,25.0,164.14,0.0,0.0,non_compliant,164.14
INV429318,2024-10-05,2024 Q4,673,Importer,Medium,234,Cafe,Coffee_Beans,5.894345,25.0,147.36,143.32,0.9726,compliant,4.04
INV430187,2024-10-05,2024 Q4,673,Importer,Medium,235,Cafe,Coffee_Beans,27.92068,25.0,698.02,678.89,0.9726,compliant,19.12
INV431925,2024-10-05,2024 Q4,683,Importer,Small,237,Cafe,Coffee_Beans,15.928014,25.0,398.2,248.04,0.6229,partially_compliant,150.16
INV438008,2024-10-05,2024 Q4,682,Importer,Small,244,Cafe,Coffee_Beans,7.464411,25.0,186.61,148.84,0.7976,partially_compliant,37.77
INV439746,2024-10-05,2024 Q4,688,Importer,Small,246,Cafe,Coffee_Beans,4.412901,25.0,110.32,107.3,0.9726,compliant,3.02
INV444960,2024-10-05,2024 Q4,675,Importer,Small,252,Cafe,Coffee_Beans,7.295394,25.0,182.38,175.67,0.9632,compliant,6.72
INV448436,2024-10-05,2024 Q4,678,Importer,Medium,256,Cafe,Coffee_Beans,10.009527,25.0,250.24,177.66,0.71,partially_compliant,72.58
INV449305,2024-10-05,2024 Q4,680,Importer,Medium,257,Cafe,Coffee_Beans,27.594217,25.0,689.86,689.86,1.0,compliant,0.0
INV454519,2024-10-05,2024 Q4,675,Importer,Small,263,Cafe,Coffee_Beans,5.954016,25.0,148.85,143.37,0.9632,compliant,5.48
INV459733,2024-10-05,2024 Q4,677,Importer,Small,269,Cafe,Coffee_Beans,5.688344,25.0,142.21,138.61,0.9747,compliant,3.6
INV464078,2024-10-05,2024 Q4,673,Importer,Medium,274,Cafe,Coffee_Beans,6.56651,25.0,164.16,159.66,0.9726,compliant,4.5
INV464947,2024-10-05,2024 Q4,689,Importer,Small,275,Cafe,Coffee_Beans,7.421884,25.0,185.55,182.12,0.9815,compliant,3.43
INV465816,2024-10-05,2024 Q4,692,Importer,Large,276,Cafe,Coffee_Beans,6.455013,25.0,161.38,144.4,0.8948,partially_compliant,16.97
INV470161,2024-10-05,2024 Q4,689,Importer,Small,281,Cafe,Coffee_Beans,12.141196,25.0,303.53,297.92,0.9815,compliant,5.61
INV475375,2024-10-05,2024 Q4,680,Importer,Medium,287,Cafe,Coffee_Beans,4.926215,25.0,123.16,123.16,1.0,compliant,0.0
INV477982,2024-10-05,2024 Q4,675,Importer,Small,290,Cafe,Coffee_Beans,6.037469,25.0,150.94,145.38,0.9632,compliant,5.56
INV484065,2024-10-05,2024 Q4,689,Importer,Small,297,Cafe,Coffee_Beans,11.732369,25.0,293.31,287.89,0.9815,compliant,5.42
INV484934,2024-10-05,2024 Q4,674,Importer,Small,298,Cafe,Coffee_Beans,6.950908,25.0,173.77,172.95,0.9952,compliant,0.83
INV490148,2024-10-05,2024 Q4,682,Importer,Small,304,Cafe,Coffee_Beans,6.012633,25.0,150.32,119.89,0.7976,partially_compliant,30.43
INV491017,2024-10-05,2024 Q4,682,Importer,Small,305,Cafe,Coffee_Beans,5.390529,25.0,134.76,107.48,0.7976,partially_compliant,27.28
INV496231,2024-10-05,2024 Q4,680,Importer,Medium,311,Cafe,Coffee_Beans,7.244545,25.0,181.11,181.11,1.0,compliant,0.0
INV497100,2024-10-05,2024 Q4,689,Importer,Small,312,Cafe,Coffee_Beans,6.969661,25.0,174.24,171.02,0.9815,compliant,3.22
INV497969,2024-10-05,2024 Q4,682,Importer,Small,313,Cafe,Coffee_Beans,3.608319,25.0,90.21,71.95,0.7976,partially_compliant,18.26
INV502314,2024-10-05,2024 Q4,688,Importer,Small,318,Cafe,Coffee_Beans,22.77887,25.0,569.47,553.87,0.9726,compliant,15.6
INV507528,2024-10-05,2024 Q4,692,Importer,Large,324,Cafe,Coffee_Beans,6.618435,25.0,165.46,148.06,0.8948,partially_compliant,17.4
INV515349,2024-10-05,2024 Q4,678,Importer,Medium,333,Cafe,Coffee_Beans,5.714627,25.0,142.87,101.43,0.71,partially_compliant,41.44
INV517956,2024-10-05,2024 Q4,690,Importer,Small,336,Cafe,Coffee_Beans,4.865023,25.0,121.63,61.52,0.5059,partially_compliant,60.1
INV522301,2024-10-05,2024 Q4,690,Importer,Small,341,Cafe,Coffee_Beans,4.931183,25.0,123.28,62.36,0.5059,partially_compliant,60.92
INV523170,2024-10-05,2024 Q4,686,Importer,Small,342,Cafe,Coffee_Beans,4.27057,25.0,106.76,5.45,0.0511,non_compliant,101.31
INV524039,2024-10-05,2024 Q4,690,Importer,Small,343,Cafe,Coffee_Beans,7.170751,25.0,179.27,90.68,0.5059,partially_compliant,88.59
INV532729,2024-10-05,2024 Q4,686,Importer,Small,353,Cafe,Coffee_Beans,12.193627,25.0,304.84,15.57,0.0511,non_compliant,289.27
INV534467,2024-10-05,2024 Q4,678,Importer,Medium,355,Cafe,Coffee_Beans,19.2483,25.0,481.21,341.64,0.71,partially_compliant,139.57
INV537074,2024-10-05,2024 Q4,679,Importer,Large,358,Cafe,Coffee_Beans,6.832337,25.0,170.81,100.4,0.5878,partially_compliant,70.41
INV542423,2024-10-05,2024 Q4,673,Importer,Medium,365,Fine_Dine_Meat,Beer,30.590694,3.0,91.77,89.26,0.9726,compliant,2.51
INV544634,2024-10-05,2024 Q4,692,Importer,Large,369,Fine_Dine_Meat,Wine,20.381116,10.67,217.47,194.59,0.8948,partially_compliant,22.87
INV547399,2024-10-05,2024 Q4,675,Importer,Small,374,Fine_Dine_Meat,Wine,23.803827,10.67,253.99,244.64,0.9632,compliant,9.35
INV547400,2024-10-05,2024 Q4,683,Importer,Small,374,Fine_Dine_Meat,Beer,35.705741,3.0,107.12,66.72,0.6229,partially_compliant,40.39
INV549612,2024-10-05,2024 Q4,679,Importer,Large,378,Fine_Dine_Meat,Beer,26.246893,3.0,78.74,46.28,0.5878,partially_compliant,32.46
INV550164,2024-10-05,2024 Q4,686,Importer,Small,379,Fine_Dine_Meat,Wine,46.113964,10.67,492.04,25.12,0.0511,non_compliant,466.91
INV551823,2024-10-05,2024 Q4,677,Importer,Small,382,Fine_Dine_Meat,Wine,10.456129,10.67,111.57,108.74,0.9747,compliant,2.82
INV552929,2024-10-05,2024 Q4,682,Importer,Small,384,Fine_Dine_Meat,Wine,18.117025,10.67,193.31,154.18,0.7976,partially_compliant,39.13
INV552930,2024-10-05,2024 Q4,680,Importer,Medium,384,Fine_Dine_Meat,Beer,27.175537,3.0,81.53,81.53,1.0,compliant,0.0
INV555141,2024-10-05,2024 Q4,686,Importer,Small,388,Fine_Dine_Meat,Wine,28.897638,10.67,308.34,15.74,0.0511,non_compliant,292.59
INV555142,2024-10-05,2024 Q4,680,Importer,Medium,388,Fine_Dine_Meat,Beer,43.346457,3.0,130.04,130.04,1.0,compliant,0.0
INV555694,2024-10-05,2024 Q4,680,Importer,Medium,389,Fine_Dine_Meat,Wine,20.225345,10.67,215.8,215.8,1.0,compliant,0.0
INV556800,2024-10-05,2024 Q4,692,Importer,Large,391,Fine_Dine_Meat,Wine,12.538018,10.67,133.78,119.71,0.8948,partially_compliant,14.07
INV557354,2024-10-05,2024 Q4,692,Importer,Large,392,Fine_Dine_Meat,Beer,16.776834,3.0,50.33,45.04,0.8948,partially_compliant,5.29
INV558459,2024-10-05,2024 Q4,679,Importer,Large,394,Fine_Dine_Meat,Wine,29.01897,10.67,309.63,182.0,0.5878,partially_compliant,127.63
INV559012,2024-10-05,2024 Q4,686,Importer,Small,395,Fine_Dine_Meat,Wine,32.433188,10.67,346.06,17.67,0.0511,non_compliant,328.39
INV559566,2024-10-05,2024 Q4,685,Importer,Small,396,Fine_Dine_Meat,Beer,63.24715,3.0,189.74,182.2,0.9602,compliant,7.54
INV560119,2024-10-05,2024 Q4,675,Importer,Small,397,Fine_Dine_Meat,Beer,27.756069,3.0,83.27,80.2,0.9632,compliant,3.07
INV561224,2024-10-05,2024 Q4,673,Importer,Medium,399,Fine_Dine_Meat,Wine,37.806534,10.67,403.4,392.34,0.9726,compliant,11.05
INV566201,2024-10-05,2024 Q4,681,Importer,Small,408,Fine_Dine_Meat,Wine,43.612859,10.67,465.35,0.0,0.0,non_compliant,465.35
INV567860,2024-10-05,2024 Q4,673,Importer,Medium,411,Fine_Dine_Meat,Wine,17.187912,10.67,183.4,178.37,0.9726,compliant,5.02
INV567861,2024-10-05,2024 Q4,673,Importer,Medium,411,Fine_Dine_Meat,Beer,25.781869,3.0,77.35,75.23,0.9726,compliant,2.12
INV568413,2024-10-05,2024 Q4,680,Importer,Medium,412,Fine_Dine_Meat,Wine,40.623152,10.67,433.45,433.45,1.0,compliant,0.0
INV569519,2024-10-05,2024 Q4,689,Importer,Small,414,Fine_Dine_Meat,Wine,36.966272,10.67,394.43,387.14,0.9815,compliant,7.29
INV570625,2024-10-05,2024 Q4,680,Importer,Medium,416,Fine_Dine_Meat,Wine,23.194142,10.67,247.48,247.48,1.0,compliant,0.0
INV571731,2024-10-05,2024 Q4,675,Importer,Small,418,Fine_Dine_Meat,Wine,42.15831,10.67,449.83,433.27,0.9632,compliant,16.56
INV573943,2024-10-05,2024 Q4,673,Importer,Medium,422,Fine_Dine_Meat,Wine,23.825628,10.67,254.22,247.25,0.9726,compliant,6.97
INV576708,2024-10-05,2024 Q4,678,Importer,Medium,427,Fine_Dine_Meat,Wine,16.047407,10.67,171.23,121.56,0.71,partially_compliant,49.66
INV577261,2024-10-05,2024 Q4,689,Importer,Small,428,Fine_Dine_Meat,Wine,17.973774,10.67,191.78,188.24,0.9815,compliant,3.54
INV578367,2024-10-05,2024 Q4,685,Importer,Small,430,Fine_Dine_Meat,Wine,24.134255,10.67,257.51,247.28,0.9602,compliant,10.24
INV578920,2024-10-05,2024 Q4,692,Importer,Large,431,Fine_Dine_Meat,Wine,19.661355,10.67,209.79,187.72,0.8948,partially_compliant,22.07
INV579473,2024-10-05,2024 Q4,673,Importer,Medium,432,Fine_Dine_Meat,Wine,32.601752,10.67,347.86,338.33,0.9726,compliant,9.53
INV580027,2024-10-05,2024 Q4,679,Importer,Large,433,Fine_Dine_Meat,Beer,21.867341,3.0,65.6,38.56,0.5878,partially_compliant,27.04
INV580580,2024-10-05,2024 Q4,692,Importer,Large,434,Fine_Dine_Meat,Beer,26.000409,3.0,78.0,69.8,0.8948,partially_compliant,8.2
INV581133,2024-10-05,2024 Q4,687,Importer,Medium,435,Fine_Dine_Meat,Beer,47.850723,3.0,143.55,124.59,0.8679,partially_compliant,18.96
INV583897,2024-10-05,2024 Q4,679,Importer,Large,440,Fine_Dine_Meat,Wine,21.108433,10.67,225.23,132.39,0.5878,partially_compliant,92.84
INV583898,2024-10-05,2024 Q4,692,Importer,Large,440,Fine_Dine_Meat,Beer,31.66265,3.0,94.99,85.0,0.8948,partially_compliant,9.99
INV587768,2024-10-05,2024 Q4,686,Importer,Small,447,Fine_Dine_Vegetarian,Wine,31.196559,10.67,332.87,17.0,0.0511,non_compliant,315.87
INV588321,2024-10-05,2024 Q4,679,Importer,Large,448,Fine_Dine_Vegetarian,Wine,58.388767,10.67,623.01,366.21,0.5878,partially_compliant,256.8
INV588874,2024-10-05,2024 Q4,692,Importer,Large,449,Fine_Dine_Vegetarian,Wine,57.822311,10.67,616.96,552.07,0.8948,partially_compliant,64.9
INV589427,2024-10-05,2024 Q4,680,Importer,Medium,450,Fine_Dine_Vegetarian,Wine,80.292779,10.67,856.72,856.72,1.0,compliant,0.0
INV591086,2024-10-05,2024 Q4,682,Importer,Small,453,Fine_Dine_Vegetarian,Wine,52.244003,10.67,557.44,444.61,0.7976,partially_compliant,112.84
INV592745,2024-10-05,2024 Q4,675,Importer,Small,456,Fine_Dine_Vegetarian,Wine,23.836307,10.67,254.33,244.97,0.9632,compliant,9.36
INV594404,2024-10-05,2024 Q4,673,Importer,Medium,459,Fine_Dine_Vegetarian,Wine,22.577119,10.67,240.9,234.3,0.9726,compliant,6.6
INV596063,2024-10-05,2024 Q4,673,Importer,Medium,462,Fine_Dine_Vegetarian,Wine,21.392606,10.67,228.26,222.01,0.9726,compliant,6.25
INV596616,2024-10-05,2024 Q4,690,Importer,Small,463,Fine_Dine_Vegetarian,Wine,49.882706,10.67,532.25,269.24,0.5059,partially_compliant,263.01
INV597169,2024-10-05,2024 Q4,677,Importer,Small,464,Fine_Dine_Vegetarian,Wine,25.992139,10.67,277.34,270.32,0.9747,compliant,7.02
INV599934,2024-10-05,2024 Q4,682,Importer,Small,469,Fine_Dine_Vegetarian,Wine,29.514212,10.67,314.92,251.17,0.7976,partially_compliant,63.75
INV601593,2024-10-05,2024 Q4,689,Importer,Small,472,Fine_Dine_Vegetarian,Wine,21.150678,10.67,225.68,221.51,0.9815,compliant,4.17
INV603805,2024-10-05,2024 Q4,692,Importer,Large,476,Fine_Dine_Vegetarian,Wine,25.476334,10.67,271.83,243.24,0.8948,partially_compliant,28.59
INV605464,2024-10-05,2024 Q4,673,Importer,Medium,479,Fine_Dine_Vegetarian,Wine,39.483251,10.67,421.29,409.74,0.9726,compliant,11.54
INV607676,2024-10-05,2024 Q4,675,Importer,Small,483,Fine_Dine_Vegetarian,Wine,39.494973,10.67,421.41,405.9,0.9632,compliant,15.52
INV609335,2024-10-05,2024 Q4,692,Importer,Large,486,Fine_Dine_Vegetarian,Wine,41.090672,10.67,438.44,392.32,0.8948,partially_compliant,46.12
INV613759,2024-10-05,2024 Q4,686,Importer,Small,494,Fine_Dine_Vegetarian,Wine,28.225788,10.67,301.17,15.38,0.0511,non_compliant,285.79
INV617077,2024-10-05,2024 Q4,673,Importer,Medium,500,Fine_Dine_Vegetarian,Wine,28.801232,10.67,307.31,298.89,0.9726,compliant,8.42
INV402390,2024-10-12,2024 Q4,692,Importer,Large,203,Cafe,Coffee_Beans,24.378556,25.0,609.46,545.36,0.8948,partially_compliant,64.11
INV404128,2024-10-12,2024 Q4,680,Importer,Medium,205,Cafe,Coffee_Beans,4.750958,25.0,118.77,118.77,1.0,compliant,0.0
INV405866,2024-10-12,2024 Q4,684,Importer,Medium,207,Cafe,Coffee_Beans,6.088222,25.0,152.21,150.16,0.9866,compliant,2.04
INV415425,2024-10-12,2024 Q4,677,Importer,Small,218,Cafe,Coffee_Beans,14.357153,25.0,358.93,349.85,0.9747,compliant,9.08
INV420639,2024-10-12,2024 Q4,686,Importer,Small,224,Cafe,Coffee_Beans,10.325632,25.0,258.14,13.18,0.0511,non_compliant,244.96
INV424115,2024-10-12,2024 Q4,677,Importer,Small,228,Cafe,Coffee_Beans,6.17353,25.0,154.34,150.43,0.9747,compliant,3.9
INV425853,2024-10-12,2024 Q4,682,Importer,Small,230,Cafe,Coffee_Beans,6.92635,25.0,173.16,138.11,0.7976,partially_compliant,35.05
INV426722,2024-10-12,2024 Q4,681,Importer,Small,231,Cafe,Coffee_Beans,6.228785,25.0,155.72,0.0,0.0,non_compliant,155.72
INV429329,2024-10-12,2024 Q4,673,Importer,Medium,234,Cafe,Coffee_Beans,5.591807,25.0,139.8,135.96,0.9726,compliant,3.83
INV430198,2024-10-12,2024 Q4,673,Importer,Medium,235,Cafe,Coffee_Beans,26.4876,25.0,662.19,644.05,0.9726,compliant,18.14
INV431936,2024-10-12,2024 Q4,683,Importer,Small,237,Cafe,Coffee_Beans,15.110479,25.0,377.76,235.31,0.6229,partially_compliant,142.46
INV438019,2024-10-12,2024 Q4,682,Importer,Small,244,Cafe,Coffee_Beans,7.081287,25.0,177.03,141.2,0.7976,partially_compliant,35.83
INV439757,2024-10-12,2024 Q4,688,Importer,Small,246,Cafe,Coffee_Beans,4.457554,25.0,111.44,108.39,0.9726,compliant,3.05
INV444971,2024-10-12,2024 Q4,675,Importer,Small,252,Cafe,Coffee_Beans,6.920944,25.0,173.02,166.65,0.9632,compliant,6.37
INV448447,2024-10-12,2024 Q4,678,Importer,Medium,256,Cafe,Coffee_Beans,9.49577,25.0,237.39,168.54,0.71,partially_compliant,68.85
INV449316,2024-10-12,2024 Q4,680,Importer,Medium,257,Cafe,Coffee_Beans,26.177894,25.0,654.45,654.45,1.0,compliant,0.0
INV454530,2024-10-12,2024 Q4,675,Importer,Small,263,Cafe,Coffee_Beans,5.648415,25.0,141.21,136.01,0.9632,compliant,5.2
INV459744,2024-10-12,2024 Q4,677,Importer,Small,269,Cafe,Coffee_Beans,5.39638,25.0,134.91,131.5,0.9747,compliant,3.41
INV464089,2024-10-12,2024 Q4,673,Importer,Medium,274,Cafe,Coffee_Beans,6.229472,25.0,155.74,151.47,0.9726,compliant,4.27
INV464958,2024-10-12,2024 Q4,689,Importer,Small,275,Cafe,Coffee_Beans,7.040943,25.0,176.02,172.77,0.9815,compliant,3.25
INV465827,2024-10-12,2024 Q4,692,Importer,Large,276,Cafe,Coffee_Beans,6.123698,25.0,153.09,136.99,0.8948,partially_compliant,16.1
INV470172,2024-10-12,2024 Q4,689,Importer,Small,281,Cafe,Coffee_Beans,11.518027,25.0,287.95,282.63,0.9815,compliant,5.32
INV475386,2024-10-12,2024 Q4,680,Importer,Medium,287,Cafe,Coffee_Beans,5.521516,25.0,138.04,138.04,1.0,compliant,0.0
INV477993,2024-10-12,2024 Q4,675,Importer,Small,290,Cafe,Coffee_Beans,5.727585,25.0,143.19,137.92,0.9632,compliant,5.27
INV484076,2024-10-12,2024 Q4,689,Importer,Small,297,Cafe,Coffee_Beans,9.810461,25.0,245.26,240.73,0.9815,compliant,4.53
INV484945,2024-10-12,2024 Q4,674,Importer,Small,298,Cafe,Coffee_Beans,6.59414,25.0,164.85,164.07,0.9952,compliant,0.78
INV490159,2024-10-12,2024 Q4,682,Importer,Small,304,Cafe,Coffee_Beans,5.704024,25.0,142.6,113.74,0.7976,partially_compliant,28.87
INV491028,2024-10-12,2024 Q4,682,Importer,Small,305,Cafe,Coffee_Beans,3.325782,25.0,83.14,66.31,0.7976,partially_compliant,16.83
INV496242,2024-10-12,2024 Q4,680,Importer,Medium,311,Cafe,Coffee_Beans,6.872706,25.0,171.82,171.82,1.0,compliant,0.0
INV497111,2024-10-12,2024 Q4,689,Importer,Small,312,Cafe,Coffee_Beans,6.611931,25.0,165.3,162.24,0.9815,compliant,3.05
INV497980,2024-10-12,2024 Q4,682,Importer,Small,313,Cafe,Coffee_Beans,3.618004,25.0,90.45,72.14,0.7976,partially_compliant,18.31
INV502325,2024-10-12,2024 Q4,688,Importer,Small,318,Cafe,Coffee_Beans,21.910726,25.0,547.77,532.77,0.9726,compliant,15.0
INV507539,2024-10-12,2024 Q4,692,Importer,Large,324,Cafe,Coffee_Beans,6.278732,25.0,156.97,140.46,0.8948,partially_compliant,16.51
INV515360,2024-10-12,2024 Q4,678,Importer,Medium,333,Cafe,Coffee_Beans,5.421313,25.0,135.53,96.22,0.71,partially_compliant,39.31
INV517967,2024-10-12,2024 Q4,690,Importer,Small,336,Cafe,Coffee_Beans,4.827822,25.0,120.7,61.05,0.5059,partially_compliant,59.64
INV522312,2024-10-12,2024 Q4,690,Importer,Small,341,Cafe,Coffee_Beans,4.678081,25.0,116.95,59.16,0.5059,partially_compliant,57.79
INV523181,2024-10-12,2024 Q4,686,Importer,Small,342,Cafe,Coffee_Beans,4.051376,25.0,101.28,5.17,0.0511,non_compliant,96.11
INV524050,2024-10-12,2024 Q4,690,Importer,Small,343,Cafe,Coffee_Beans,6.229787,25.0,155.74,78.78,0.5059,partially_compliant,76.96
INV532740,2024-10-12,2024 Q4,686,Importer,Small,353,Cafe,Coffee_Beans,11.567767,25.0,289.19,14.77,0.0511,non_compliant,274.43
INV534478,2024-10-12,2024 Q4,678,Importer,Medium,355,Cafe,Coffee_Beans,18.260346,25.0,456.51,324.1,0.71,partially_compliant,132.4
INV537085,2024-10-12,2024 Q4,679,Importer,Large,358,Cafe,Coffee_Beans,6.481655,25.0,162.04,95.25,0.5878,partially_compliant,66.79
INV542430,2024-10-12,2024 Q4,673,Importer,Medium,365,Fine_Dine_Meat,Beer,29.372486,3.0,88.12,85.7,0.9726,compliant,2.41
INV544641,2024-10-12,2024 Q4,692,Importer,Large,369,Fine_Dine_Meat,Wine,19.569483,10.67,208.81,186.84,0.8948,partially_compliant,21.96
INV547406,2024-10-12,2024 Q4,675,Importer,Small,374,Fine_Dine_Meat,Wine,22.855892,10.67,243.87,234.89,0.9632,compliant,8.98
INV547407,2024-10-12,2024 Q4,683,Importer,Small,374,Fine_Dine_Meat,Beer,34.283838,3.0,102.85,64.07,0.6229,partially_compliant,38.79
INV549619,2024-10-12,2024 Q4,679,Importer,Large,378,Fine_Dine_Meat,Beer,25.201668,3.0,75.61,44.44,0.5878,partially_compliant,31.16
INV550171,2024-10-12,2024 Q4,686,Importer,Small,379,Fine_Dine_Meat,Wine,44.277576,10.67,472.44,24.12,0.0511,non_compliant,448.32
INV551830,2024-10-12,2024 Q4,677,Importer,Small,382,Fine_Dine_Meat,Wine,10.611853,10.67,113.23,110.36,0.9747,compliant,2.86
INV552936,2024-10-12,2024 Q4,682,Importer,Small,384,Fine_Dine_Meat,Wine,17.395554,10.67,185.61,148.04,0.7976,partially_compliant,37.57
INV552937,2024-10-12,2024 Q4,680,Importer,Medium,384,Fine_Dine_Meat,Beer,26.093331,3.0,78.28,78.28,1.0,compliant,0.0
INV555148,2024-10-12,2024 Q4,686,Importer,Small,388,Fine_Dine_Meat,Wine,29.261583,10.67,312.22,15.94,0.0511,non_compliant,296.28
INV555149,2024-10-12,2024 Q4,680,Importer,Medium,388,Fine_Dine_Meat,Beer,43.892375,3.0,131.68,131.68,1.0,compliant,0.0
INV555701,2024-10-12,2024 Q4,680,Importer,Medium,389,Fine_Dine_Meat,Wine,19.419915,10.67,207.21,207.21,1.0,compliant,0.0
INV556807,2024-10-12,2024 Q4,692,Importer,Large,391,Fine_Dine_Meat,Wine,12.038719,10.67,128.45,114.94,0.8948,partially_compliant,13.51
INV557361,2024-10-12,2024 Q4,692,Importer,Large,392,Fine_Dine_Meat,Beer,15.747142,3.0,47.24,42.27,0.8948,partially_compliant,4.97
INV558466,2024-10-12,2024 Q4,679,Importer,Large,394,Fine_Dine_Meat,Wine,27.863353,10.67,297.3,174.76,0.5878,partially_compliant,122.55
INV559019,2024-10-12,2024 Q4,686,Importer,Small,395,Fine_Dine_Meat,Wine,31.141607,10.67,332.28,16.97,0.0511,non_compliant,315.31
INV559573,2024-10-12,2024 Q4,685,Importer,Small,396,Fine_Dine_Meat,Beer,60.72847,3.0,182.19,174.94,0.9602,compliant,7.24
INV560126,2024-10-12,2024 Q4,675,Importer,Small,397,Fine_Dine_Meat,Beer,28.752687,3.0,86.26,83.08,0.9632,compliant,3.18
INV561231,2024-10-12,2024 Q4,673,Importer,Medium,399,Fine_Dine_Meat,Wine,36.300971,10.67,387.33,376.72,0.9726,compliant,10.61
INV566208,2024-10-12,2024 Q4,681,Importer,Small,408,Fine_Dine_Meat,Wine,41.876072,10.67,446.82,0.0,0.0,non_compliant,446.82
INV567867,2024-10-12,2024 Q4,673,Importer,Medium,411,Fine_Dine_Meat,Wine,16.503441,10.67,176.09,171.27,0.9726,compliant,4.82
INV567868,2024-10-12,2024 Q4,673,Importer,Medium,411,Fine_Dine_Meat,Beer,24.755162,3.0,74.27,72.23,0.9726,compliant,2.03
INV568420,2024-10-12,2024 Q4,680,Importer,Medium,412,Fine_Dine_Meat,Wine,39.005424,10.67,416.19,416.19,1.0,compliant,0.0
INV569526,2024-10-12,2024 Q4,689,Importer,Small,414,Fine_Dine_Meat,Wine,33.601745,10.67,358.53,351.91,0.9815,compliant,6.62
INV570632,2024-10-12,2024 Q4,680,Importer,Medium,416,Fine_Dine_Meat,Wine,22.270486,10.67,237.63,237.63,1.0,compliant,0.0
INV571738,2024-10-12,2024 Q4,675,Importer,Small,418,Fine_Dine_Meat,Wine,40.479448,10.67,431.92,416.01,0.9632,compliant,15.9
INV573950,2024-10-12,2024 Q4,673,Importer,Medium,422,Fine_Dine_Meat,Wine,22.876825,10.67,244.1,237.41,0.9726,compliant,6.69
INV576715,2024-10-12,2024 Q4,678,Importer,Medium,427,Fine_Dine_Meat,Wine,15.408354,10.67,164.41,116.72,0.71,partially_compliant,47.68
INV577268,2024-10-12,2024 Q4,689,Importer,Small,428,Fine_Dine_Meat,Wine,17.258008,10.67,184.14,180.74,0.9815,compliant,3.4
INV578374,2024-10-12,2024 Q4,685,Importer,Small,430,Fine_Dine_Meat,Wine,28.137843,10.67,300.23,288.3,0.9602,compliant,11.93
INV578927,2024-10-12,2024 Q4,692,Importer,Large,431,Fine_Dine_Meat,Wine,18.878384,10.67,201.43,180.24,0.8948,partially_compliant,21.19
INV579480,2024-10-12,2024 Q4,673,Importer,Medium,432,Fine_Dine_Meat,Wine,31.303458,10.67,334.01,324.86,0.9726,compliant,9.15
INV580034,2024-10-12,2024 Q4,679,Importer,Large,433,Fine_Dine_Meat,Beer,25.050556,3.0,75.15,44.17,0.5878,partially_compliant,30.98
INV580587,2024-10-12,2024 Q4,692,Importer,Large,434,Fine_Dine_Meat,Beer,24.965,3.0,74.89,67.02,0.8948,partially_compliant,7.88
INV581140,2024-10-12,2024 Q4,687,Importer,Medium,435,Fine_Dine_Meat,Beer,45.911406,3.0,137.73,119.54,0.8679,partially_compliant,18.19
INV583904,2024-10-12,2024 Q4,679,Importer,Large,440,Fine_Dine_Meat,Wine,20.267836,10.67,216.26,127.12,0.5878,partially_compliant,89.14
INV583905,2024-10-12,2024 Q4,692,Importer,Large,440,Fine_Dine_Meat,Beer,30.401754,3.0,91.21,81.61,0.8948,partially_compliant,9.59
INV587775,2024-10-12,2024 Q4,686,Importer,Small,447,Fine_Dine_Vegetarian,Wine,29.954224,10.67,319.61,16.32,0.0511,non_compliant,303.29
INV588328,2024-10-12,2024 Q4,679,Importer,Large,448,Fine_Dine_Vegetarian,Wine,56.063562,10.67,598.2,351.63,0.5878,partially_compliant,246.57
INV588881,2024-10-12,2024 Q4,692,Importer,Large,449,Fine_Dine_Vegetarian,Wine,43.714494,10.67,466.43,417.37,0.8948,partially_compliant,49.06
INV589434,2024-10-12,2024 Q4,680,Importer,Medium,450,Fine_Dine_Vegetarian,Wine,77.095294,10.67,822.61,822.61,1.0,compliant,0.0
INV591093,2024-10-12,2024 Q4,682,Importer,Small,453,Fine_Dine_Vegetarian,Wine,50.163499,10.67,535.24,426.9,0.7976,partially_compliant,108.34
INV592752,2024-10-12,2024 Q4,675,Importer,Small,456,Fine_Dine_Vegetarian,Wine,22.887078,10.67,244.21,235.21,0.9632,compliant,8.99
INV594411,2024-10-12,2024 Q4,673,Importer,Medium,459,Fine_Dine_Vegetarian,Wine,21.678035,10.67,231.3,224.97,0.9726,compliant,6.34
INV596070,2024-10-12,2024 Q4,673,Importer,Medium,462,Fine_Dine_Vegetarian,Wine,20.540692,10.67,219.17,213.16,0.9726,compliant,6.0
INV596623,2024-10-12,2024 Q4,690,Importer,Small,463,Fine_Dine_Vegetarian,Wine,47.896236,10.67,511.05,258.52,0.5059,partially_compliant,252.54
INV597176,2024-10-12,2024 Q4,677,Importer,Small,464,Fine_Dine_Vegetarian,Wine,24.957059,10.67,266.29,259.55,0.9747,compliant,6.74
INV599941,2024-10-12,2024 Q4,682,Importer,Small,469,Fine_Dine_Vegetarian,Wine,21.084561,10.67,224.97,179.43,0.7976,partially_compliant,45.54
INV601600,2024-10-12,2024 Q4,689,Importer,Small,472,Fine_Dine_Vegetarian,Wine,20.308398,10.67,216.69,212.69,0.9815,compliant,4.0
INV603812,2024-10-12,2024 Q4,692,Importer,Large,476,Fine_Dine_Vegetarian,Wine,24.461794,10.67,261.01,233.55,0.8948,partially_compliant,27.45
INV605471,2024-10-12,2024 Q4,673,Importer,Medium,479,Fine_Dine_Vegetarian,Wine,37.910916,10.67,404.51,393.43,0.9726,compliant,11.08
INV607683,2024-10-12,2024 Q4,675,Importer,Small,483,Fine_Dine_Vegetarian,Wine,37.922172,10.67,404.63,389.73,0.9632,compliant,14.9
INV609342,2024-10-12,2024 Q4,692,Importer,Large,486,Fine_Dine_Vegetarian,Wine,39.454326,10.67,420.98,376.7,0.8948,partially_compliant,44.28
INV613766,2024-10-12,2024 Q4,686,Importer,Small,494,Fine_Dine_Vegetarian,Wine,24.825512,10.67,264.89,13.53,0.0511,non_compliant,251.36
INV617084,2024-10-12,2024 Q4,673,Importer,Medium,500,Fine_Dine_Vegetarian,Wine,27.654286,10.67,295.07,286.99,0.9726,compliant,8.08
INV402401,2024-10-19,2024 Q4,692,Importer,Large,203,Cafe,Coffee_Beans,25.63472,25.0,640.87,573.46,0.8948,partially_compliant,67.41
INV404139,2024-10-19,2024 Q4,680,Importer,Medium,205,Cafe,Coffee_Beans,4.995762,25.0,124.89,124.89,1.0,compliant,0.0
INV405877,2024-10-19,2024 Q4,684,Importer,Medium,207,Cafe,Coffee_Beans,6.401932,25.0,160.05,157.9,0.9866,compliant,2.15
INV415436,2024-10-19,2024 Q4,677,Importer,Small,218,Cafe,Coffee_Beans,15.09694,25.0,377.42,367.88,0.9747,compliant,9.55
INV420650,2024-10-19,2024 Q4,686,Importer,Small,224,Cafe,Coffee_Beans,11.263018,25.0,281.58,14.38,0.0511,non_compliant,267.2
INV424126,2024-10-19,2024 Q4,677,Importer,Small,228,Cafe,Coffee_Beans,6.491636,25.0,162.29,158.19,0.9747,compliant,4.11
INV425864,2024-10-19,2024 Q4,682,Importer,Small,230,Cafe,Coffee_Beans,7.283247,25.0,182.08,145.22,0.7976,partially_compliant,36.86
INV426733,2024-10-19,2024 Q4,681,Importer,Small,231,Cafe,Coffee_Beans,6.549738,25.0,163.74,0.0,0.0,non_compliant,163.74
INV429340,2024-10-19,2024 Q4,673,Importer,Medium,234,Cafe,Coffee_Beans,5.879939,25.0,147.0,142.97,0.9726,compliant,4.03
INV430209,2024-10-19,2024 Q4,673,Importer,Medium,235,Cafe,Coffee_Beans,27.852438,25.0,696.31,677.23,0.9726,compliant,19.08
INV431947,2024-10-19,2024 Q4,683,Importer,Small,237,Cafe,Coffee_Beans,15.889084,25.0,397.23,247.43,0.6229,partially_compliant,149.8
INV438030,2024-10-19,2024 Q4,682,Importer,Small,244,Cafe,Coffee_Beans,7.446167,25.0,186.15,148.47,0.7976,partially_compliant,37.68
INV439768,2024-10-19,2024 Q4,688,Importer,Small,246,Cafe,Coffee_Beans,4.932923,25.0,123.32,119.95,0.9726,compliant,3.38
INV444982,2024-10-19,2024 Q4,675,Importer,Small,252,Cafe,Coffee_Beans,7.277563,25.0,181.94,175.24,0.9632,compliant,6.7
INV448458,2024-10-19,2024 Q4,678,Importer,Medium,256,Cafe,Coffee_Beans,9.985063,25.0,249.63,177.23,0.71,partially_compliant,72.4
INV449327,2024-10-19,2024 Q4,680,Importer,Medium,257,Cafe,Coffee_Beans,27.526773,25.0,688.17,688.17,1.0,compliant,0.0
INV454541,2024-10-19,2024 Q4,675,Importer,Small,263,Cafe,Coffee_Beans,5.939463,25.0,148.49,143.02,0.9632,compliant,5.47
INV459755,2024-10-19,2024 Q4,677,Importer,Small,269,Cafe,Coffee_Beans,5.674441,25.0,141.86,138.27,0.9747,compliant,3.59
INV464100,2024-10-19,2024 Q4,673,Importer,Medium,274,Cafe,Coffee_Beans,6.55046,25.0,163.76,159.27,0.9726,compliant,4.49
INV464969,2024-10-19,2024 Q4,689,Importer,Small,275,Cafe,Coffee_Beans,7.403744,25.0,185.09,181.67,0.9815,compliant,3.42
INV465838,2024-10-19,2024 Q4,692,Importer,Large,276,Cafe,Coffee_Beans,6.439236,25.0,160.98,144.05,0.8948,partially_compliant,16.93
INV470183,2024-10-19,2024 Q4,689,Importer,Small,281,Cafe,Coffee_Beans,12.111521,25.0,302.79,297.2,0.9815,compliant,5.59
INV475397,2024-10-19,2024 Q4,680,Importer,Medium,287,Cafe,Coffee_Beans,6.514131,25.0,162.85,162.85,1.0,compliant,0.0
INV478004,2024-10-19,2024 Q4,675,Importer,Small,290,Cafe,Coffee_Beans,6.022713,25.0,150.57,145.02,0.9632,compliant,5.54
INV484087,2024-10-19,2024 Q4,689,Importer,Small,297,Cafe,Coffee_Beans,9.350401,25.0,233.76,229.44,0.9815,compliant,4.32
INV484956,2024-10-19,2024 Q4,674,Importer,Small,298,Cafe,Coffee_Beans,6.933919,25.0,173.35,172.52,0.9952,compliant,0.82
INV490170,2024-10-19,2024 Q4,682,Importer,Small,304,Cafe,Coffee_Beans,5.997937,25.0,149.95,119.6,0.7976,partially_compliant,30.35
INV491039,2024-10-19,2024 Q4,682,Importer,Small,305,Cafe,Coffee_Beans,3.034843,25.0,75.87,60.51,0.7976,partially_compliant,15.36
INV496253,2024-10-19,2024 Q4,680,Importer,Medium,311,Cafe,Coffee_Beans,7.226839,25.0,180.67,180.67,1.0,compliant,0.0
INV497122,2024-10-19,2024 Q4,689,Importer,Small,312,Cafe,Coffee_Beans,6.952627,25.0,173.82,170.61,0.9815,compliant,3.21
INV497991,2024-10-19,2024 Q4,682,Importer,Small,313,Cafe,Coffee_Beans,4.562852,25.0,114.07,90.98,0.7976,partially_compliant,23.09
INV502336,2024-10-19,2024 Q4,688,Importer,Small,318,Cafe,Coffee_Beans,23.279799,25.0,581.99,566.05,0.9726,compliant,15.94
INV507550,2024-10-19,2024 Q4,692,Importer,Large,324,Cafe,Coffee_Beans,6.602258,25.0,165.06,147.69,0.8948,partially_compliant,17.36
INV515371,2024-10-19,2024 Q4,678,Importer,Medium,333,Cafe,Coffee_Beans,5.70066,25.0,142.52,101.18,0.71,partially_compliant,41.34
INV517978,2024-10-19,2024 Q4,690,Importer,Small,336,Cafe,Coffee_Beans,5.244315,25.0,131.11,66.32,0.5059,partially_compliant,64.79
INV522323,2024-10-19,2024 Q4,690,Importer,Small,341,Cafe,Coffee_Beans,4.91913,25.0,122.98,62.21,0.5059,partially_compliant,60.77
INV523192,2024-10-19,2024 Q4,686,Importer,Small,342,Cafe,Coffee_Beans,4.260132,25.0,106.5,5.44,0.0511,non_compliant,101.06
INV524061,2024-10-19,2024 Q4,690,Importer,Small,343,Cafe,Coffee_Beans,6.498849,25.0,162.47,82.19,0.5059,partially_compliant,80.28
INV532751,2024-10-19,2024 Q4,686,Importer,Small,353,Cafe,Coffee_Beans,12.163824,25.0,304.1,15.53,0.0511,non_compliant,288.57
INV534489,2024-10-19,2024 Q4,678,Importer,Medium,355,Cafe,Coffee_Beans,19.201255,25.0,480.03,340.8,0.71,partially_compliant,139.23
INV537096,2024-10-19,2024 Q4,679,Importer,Large,358,Cafe,Coffee_Beans,6.815637,25.0,170.39,100.16,0.5878,partially_compliant,70.23
INV542437,2024-10-19,2024 Q4,673,Importer,Medium,365,Fine_Dine_Meat,Beer,30.40497,3.0,91.21,88.72,0.9726,compliant,2.5
INV544648,2024-10-19,2024 Q4,692,Importer,Large,369,Fine_Dine_Meat,Wine,20.257377,10.67,216.15,193.41,0.8948,partially_compliant,22.74
INV547413,2024-10-19,2024 Q4,675,Importer,Small,374,Fine_Dine_Meat,Wine,23.659308,10.67,252.44,243.15,0.9632,compliant,9.29
INV547414,2024-10-19,2024 Q4,683,Importer,Small,374,Fine_Dine_Meat,Beer,35.488962,3.0,106.47,66.32,0.6229,partially_compliant,40.15
INV549626,2024-10-19,2024 Q4,679,Importer,Large,378,Fine_Dine_Meat,Beer,26.087542,3.0,78.26,46.0,0.5878,partially_compliant,32.26
INV550178,2024-10-19,2024 Q4,686,Importer,Small,379,Fine_Dine_Meat,Wine,45.833994,10.67,489.05,24.97,0.0511,non_compliant,464.08
INV551837,2024-10-19,2024 Q4,677,Importer,Small,382,Fine_Dine_Meat,Wine,12.518416,10.67,133.57,130.19,0.9747,compliant,3.38
INV552943,2024-10-19,2024 Q4,682,Importer,Small,384,Fine_Dine_Meat,Wine,18.007032,10.67,192.14,153.24,0.7976,partially_compliant,38.89
INV552944,2024-10-19,2024 Q4,680,Importer,Medium,384,Fine_Dine_Meat,Beer,27.010547,3.0,81.03,81.03,1.0,compliant,0.0
INV555155,2024-10-19,2024 Q4,686,Importer,Small,388,Fine_Dine_Meat,Wine,30.290169,10.67,323.2,16.5,0.0511,non_compliant,306.69
INV555156,2024-10-19,2024 Q4,680,Importer,Medium,388,Fine_Dine_Meat,Beer,45.435253,3.0,136.31,136.31,1.0,compliant,0.0
INV555708,2024-10-19,2024 Q4,680,Importer,Medium,389,Fine_Dine_Meat,Wine,20.102551,10.67,214.49,214.49,1.0,compliant,0.0
INV556814,2024-10-19,2024 Q4,692,Importer,Large,391,Fine_Dine_Meat,Wine,12.461897,10.67,132.97,118.98,0.8948,partially_compliant,13.99
INV557368,2024-10-19,2024 Q4,692,Importer,Large,392,Fine_Dine_Meat,Beer,16.300675,3.0,48.9,43.76,0.8948,partially_compliant,5.14
INV558473,2024-10-19,2024 Q4,679,Importer,Large,394,Fine_Dine_Meat,Wine,28.842788,10.67,307.75,180.9,0.5878,partially_compliant,126.85
INV559026,2024-10-19,2024 Q4,686,Importer,Small,395,Fine_Dine_Meat,Wine,32.236278,10.67,343.96,17.56,0.0511,non_compliant,326.4
INV559580,2024-10-19,2024 Q4,685,Importer,Small,396,Fine_Dine_Meat,Beer,62.86316,3.0,188.59,181.09,0.9602,compliant,7.5
INV560133,2024-10-19,2024 Q4,675,Importer,Small,397,Fine_Dine_Meat,Beer,31.432314,3.0,94.3,90.83,0.9632,compliant,3.47
INV561238,2024-10-19,2024 Q4,673,Importer,Medium,399,Fine_Dine_Meat,Wine,37.577001,10.67,400.95,389.96,0.9726,compliant,10.99
INV566215,2024-10-19,2024 Q4,681,Importer,Small,408,Fine_Dine_Meat,Wine,43.348074,10.67,462.52,0.0,0.0,non_compliant,462.52
INV567874,2024-10-19,2024 Q4,673,Importer,Medium,411,Fine_Dine_Meat,Wine,17.08356,10.67,182.28,177.29,0.9726,compliant,4.99
INV567875,2024-10-19,2024 Q4,673,Importer,Medium,411,Fine_Dine_Meat,Beer,25.62534,3.0,76.88,74.77,0.9726,compliant,2.11
INV568427,2024-10-19,2024 Q4,680,Importer,Medium,412,Fine_Dine_Meat,Wine,40.376519,10.67,430.82,430.82,1.0,compliant,0.0
INV569533,2024-10-19,2024 Q4,689,Importer,Small,414,Fine_Dine_Meat,Wine,33.120378,10.67,353.39,346.87,0.9815,compliant,6.53
INV570639,2024-10-19,2024 Q4,680,Importer,Medium,416,Fine_Dine_Meat,Wine,23.053324,10.67,245.98,245.98,1.0,compliant,0.0
INV571745,2024-10-19,2024 Q4,675,Importer,Small,418,Fine_Dine_Meat,Wine,41.902356,10.67,447.1,430.64,0.9632,compliant,16.46
INV573957,2024-10-19,2024 Q4,673,Importer,Medium,422,Fine_Dine_Meat,Wine,23.680977,10.67,252.68,245.75,0.9726,compliant,6.92
INV576722,2024-10-19,2024 Q4,678,Importer,Medium,427,Fine_Dine_Meat,Wine,15.949979,10.67,170.19,120.83,0.71,partially_compliant,49.36
INV577275,2024-10-19,2024 Q4,689,Importer,Small,428,Fine_Dine_Meat,Wine,17.864651,10.67,190.62,187.09,0.9815,compliant,3.52
INV578381,2024-10-19,2024 Q4,685,Importer,Small,430,Fine_Dine_Meat,Wine,33.595406,10.67,358.46,344.21,0.9602,compliant,14.25
INV578934,2024-10-19,2024 Q4,692,Importer,Large,431,Fine_Dine_Meat,Wine,19.541986,10.67,208.51,186.58,0.8948,partially_compliant,21.93
INV579487,2024-10-19,2024 Q4,673,Importer,Medium,432,Fine_Dine_Meat,Wine,32.403818,10.67,345.75,336.28,0.9726,compliant,9.47
INV580041,2024-10-19,2024 Q4,679,Importer,Large,433,Fine_Dine_Meat,Beer,29.020763,3.0,87.06,51.18,0.5878,partially_compliant,35.89
INV580594,2024-10-19,2024 Q4,692,Importer,Large,434,Fine_Dine_Meat,Beer,25.842554,3.0,77.53,69.37,0.8948,partially_compliant,8.15
INV581147,2024-10-19,2024 Q4,687,Importer,Medium,435,Fine_Dine_Meat,Beer,47.500473,3.0,142.5,123.68,0.8679,partially_compliant,18.82
INV583911,2024-10-19,2024 Q4,679,Importer,Large,440,Fine_Dine_Meat,Wine,20.980278,10.67,223.86,131.59,0.5878,partially_compliant,92.27
INV583912,2024-10-19,2024 Q4,692,Importer,Large,440,Fine_Dine_Meat,Beer,31.470418,3.0,94.41,84.48,0.8948,partially_compliant,9.93
INV587782,2024-10-19,2024 Q4,686,Importer,Small,447,Fine_Dine_Vegetarian,Wine,31.007156,10.67,330.85,16.89,0.0511,non_compliant,313.95
INV588335,2024-10-19,2024 Q4,679,Importer,Large,448,Fine_Dine_Vegetarian,Wine,58.034273,10.67,619.23,363.99,0.5878,partially_compliant,255.24
INV588888,2024-10-19,2024 Q4,692,Importer,Large,449,Fine_Dine_Vegetarian,Wine,35.716025,10.67,381.09,341.0,0.8948,partially_compliant,40.09
INV589441,2024-10-19,2024 Q4,680,Importer,Medium,450,Fine_Dine_Vegetarian,Wine,79.8053,10.67,851.52,851.52,1.0,compliant,0.0
INV591100,2024-10-19,2024 Q4,682,Importer,Small,453,Fine_Dine_Vegetarian,Wine,51.926816,10.67,554.06,441.91,0.7976,partially_compliant,112.15
INV592759,2024-10-19,2024 Q4,675,Importer,Small,456,Fine_Dine_Vegetarian,Wine,23.69159,10.67,252.79,243.48,0.9632,compliant,9.31
INV594418,2024-10-19,2024 Q4,673,Importer,Medium,459,Fine_Dine_Vegetarian,Wine,22.440048,10.67,239.44,232.88,0.9726,compliant,6.56
INV596077,2024-10-19,2024 Q4,673,Importer,Medium,462,Fine_Dine_Vegetarian,Wine,21.262726,10.67,226.87,220.66,0.9726,compliant,6.22
INV596630,2024-10-19,2024 Q4,690,Importer,Small,463,Fine_Dine_Vegetarian,Wine,49.579855,10.67,529.02,267.6,0.5059,partially_compliant,261.41
INV597183,2024-10-19,2024 Q4,677,Importer,Small,464,Fine_Dine_Vegetarian,Wine,25.834334,10.67,275.65,268.68,0.9747,compliant,6.97
INV599948,2024-10-19,2024 Q4,682,Importer,Small,469,Fine_Dine_Vegetarian,Wine,15.503131,10.67,165.42,131.93,0.7976,partially_compliant,33.48
INV601607,2024-10-19,2024 Q4,689,Importer,Small,472,Fine_Dine_Vegetarian,Wine,21.022266,10.67,224.31,220.16,0.9815,compliant,4.14
INV603819,2024-10-19,2024 Q4,692,Importer,Large,476,Fine_Dine_Vegetarian,Wine,25.32166,10.67,270.18,241.76,0.8948,partially_compliant,28.42
INV605478,2024-10-19,2024 Q4,673,Importer,Medium,479,Fine_Dine_Vegetarian,Wine,37.917112,10.67,404.58,393.49,0.9726,compliant,11.08
INV607690,2024-10-19,2024 Q4,675,Importer,Small,483,Fine_Dine_Vegetarian,Wine,39.255189,10.67,418.85,403.43,0.9632,compliant,15.42
INV609349,2024-10-19,2024 Q4,692,Importer,Large,486,Fine_Dine_Vegetarian,Wine,40.8412,10.67,435.78,389.94,0.8948,partially_compliant,45.84
INV613773,2024-10-19,2024 Q4,686,Importer,Small,494,Fine_Dine_Vegetarian,Wine,23.698392,10.67,252.86,12.91,0.0511,non_compliant,239.95
INV617091,2024-10-19,2024 Q4,673,Importer,Medium,500,Fine_Dine_Vegetarian,Wine,28.626373,10.67,305.44,297.07,0.9726,compliant,8.37
INV402412,2024-10-26,2024 Q4,692,Importer,Large,203,Cafe,Coffee_Beans,28.024434,25.0,700.61,626.92,0.8948,partially_compliant,73.69
INV404150,2024-10-26,2024 Q4,680,Importer,Medium,205,Cafe,Coffee_Beans,5.450207,25.0,136.26,136.26,1.0,compliant,0.0
INV405888,2024-10-26,2024 Q4,684,Importer,Medium,207,Cafe,Coffee_Beans,7.000312,25.0,175.01,172.66,0.9866,compliant,2.35
INV415447,2024-10-26,2024 Q4,677,Importer,Small,218,Cafe,Coffee_Beans,16.525546,25.0,413.14,402.69,0.9747,compliant,10.45
INV420661,2024-10-26,2024 Q4,686,Importer,Small,224,Cafe,Coffee_Beans,12.671199,25.0,316.78,16.18,0.0511,non_compliant,300.6
INV424137,2024-10-26,2024 Q4,677,Importer,Small,228,Cafe,Coffee_Beans,7.117481,25.0,177.94,173.44,0.9747,compliant,4.5
INV425875,2024-10-26,2024 Q4,682,Importer,Small,230,Cafe,Coffee_Beans,7.985199,25.0,199.63,159.22,0.7976,partially_compliant,40.41
INV426744,2024-10-26,2024 Q4,681,Importer,Small,231,Cafe,Coffee_Beans,7.174543,25.0,179.36,0.0,0.0,non_compliant,179.36
INV429351,2024-10-26,2024 Q4,673,Importer,Medium,234,Cafe,Coffee_Beans,6.433022,25.0,160.83,156.42,0.9726,compliant,4.41
INV430220,2024-10-26,2024 Q4,673,Importer,Medium,235,Cafe,Coffee_Beans,30.471592,25.0,761.79,740.92,0.9726,compliant,20.87
INV431958,2024-10-26,2024 Q4,683,Importer,Small,237,Cafe,Coffee_Beans,17.415843,25.0,435.4,271.21,0.6229,partially_compliant,164.19
INV438041,2024-10-26,2024 Q4,682,Importer,Small,244,Cafe,Coffee_Beans,8.154251,25.0,203.86,162.59,0.7976,partially_compliant,41.26
INV439779,2024-10-26,2024 Q4,688,Importer,Small,246,Cafe,Coffee_Beans,5.638971,25.0,140.97,137.11,0.9726,compliant,3.86
INV444993,2024-10-26,2024 Q4,675,Importer,Small,252,Cafe,Coffee_Beans,7.964143,25.0,199.1,191.77,0.9632,compliant,7.33
INV448469,2024-10-26,2024 Q4,678,Importer,Medium,256,Cafe,Coffee_Beans,10.891885,25.0,272.3,193.32,0.71,partially_compliant,78.98
INV449338,2024-10-26,2024 Q4,680,Importer,Medium,257,Cafe,Coffee_Beans,30.022133,25.0,750.55,750.55,1.0,compliant,0.0
INV454552,2024-10-26,2024 Q4,675,Importer,Small,263,Cafe,Coffee_Beans,6.514132,25.0,162.85,156.86,0.9632,compliant,6.0
INV459766,2024-10-26,2024 Q4,677,Importer,Small,269,Cafe,Coffee_Beans,6.219056,25.0,155.48,151.54,0.9747,compliant,3.93
INV464111,2024-10-26,2024 Q4,673,Importer,Medium,274,Cafe,Coffee_Beans,7.156207,25.0,178.91,174.0,0.9726,compliant,4.9
INV464980,2024-10-26,2024 Q4,689,Importer,Small,275,Cafe,Coffee_Beans,8.113746,25.0,202.84,199.1,0.9815,compliant,3.75
INV465849,2024-10-26,2024 Q4,692,Importer,Large,276,Cafe,Coffee_Beans,7.047869,25.0,176.2,157.66,0.8948,partially_compliant,18.53
INV470194,2024-10-26,2024 Q4,689,Importer,Small,281,Cafe,Coffee_Beans,13.262042,25.0,331.55,325.43,0.9815,compliant,6.12
INV475408,2024-10-26,2024 Q4,680,Importer,Medium,287,Cafe,Coffee_Beans,7.684107,25.0,192.1,192.1,1.0,compliant,0.0
INV478015,2024-10-26,2024 Q4,675,Importer,Small,290,Cafe,Coffee_Beans,6.606133,25.0,165.15,159.07,0.9632,compliant,6.08
INV484098,2024-10-26,2024 Q4,689,Importer,Small,297,Cafe,Coffee_Beans,9.555379,25.0,238.88,234.47,0.9815,compliant,4.41
INV484967,2024-10-26,2024 Q4,674,Importer,Small,298,Cafe,Coffee_Beans,7.62983,25.0,190.75,189.84,0.9952,compliant,0.91
INV490181,2024-10-26,2024 Q4,682,Importer,Small,304,Cafe,Coffee_Beans,6.577204,25.0,164.43,131.15,0.7976,partially_compliant,33.28
INV491050,2024-10-26,2024 Q4,682,Importer,Small,305,Cafe,Coffee_Beans,3.317064,25.0,82.93,66.14,0.7976,partially_compliant,16.79
INV496264,2024-10-26,2024 Q4,680,Importer,Medium,311,Cafe,Coffee_Beans,7.919677,25.0,197.99,197.99,1.0,compliant,0.0
INV497133,2024-10-26,2024 Q4,689,Importer,Small,312,Cafe,Coffee_Beans,7.589638,25.0,189.74,186.24,0.9815,compliant,3.5
INV498002,2024-10-26,2024 Q4,682,Importer,Small,313,Cafe,Coffee_Beans,5.649627,25.0,141.24,112.65,0.7976,partially_compliant,28.59
INV502347,2024-10-26,2024 Q4,688,Importer,Small,318,Cafe,Coffee_Beans,25.720721,25.0,643.02,625.41,0.9726,compliant,17.61
INV507561,2024-10-26,2024 Q4,692,Importer,Large,324,Cafe,Coffee_Beans,7.208552,25.0,180.21,161.26,0.8948,partially_compliant,18.96
INV515382,2024-10-26,2024 Q4,678,Importer,Medium,333,Cafe,Coffee_Beans,6.228702,25.0,155.72,110.55,0.71,partially_compliant,45.16
INV517989,2024-10-26,2024 Q4,690,Importer,Small,336,Cafe,Coffee_Beans,5.869256,25.0,146.73,74.22,0.5059,partially_compliant,72.51
INV522334,2024-10-26,2024 Q4,690,Importer,Small,341,Cafe,Coffee_Beans,5.351262,25.0,133.78,67.67,0.5059,partially_compliant,66.11
INV523203,2024-10-26,2024 Q4,686,Importer,Small,342,Cafe,Coffee_Beans,4.647274,25.0,116.18,5.93,0.0511,non_compliant,110.25
INV524072,2024-10-26,2024 Q4,690,Importer,Small,343,Cafe,Coffee_Beans,7.103201,25.0,177.58,89.83,0.5059,partially_compliant,87.75
INV532762,2024-10-26,2024 Q4,686,Importer,Small,353,Cafe,Coffee_Beans,13.277429,25.0,331.94,16.95,0.0511,non_compliant,314.99
INV534500,2024-10-26,2024 Q4,678,Importer,Medium,355,Cafe,Coffee_Beans,21.0024,25.0,525.06,372.77,0.71,partially_compliant,152.29
INV537107,2024-10-26,2024 Q4,679,Importer,Large,358,Cafe,Coffee_Beans,7.459211,25.0,186.48,109.61,0.5878,partially_compliant,76.87
INV542444,2024-10-26,2024 Q4,673,Importer,Medium,365,Fine_Dine_Meat,Beer,33.1796,3.0,99.54,96.81,0.9726,compliant,2.73
INV544655,2024-10-26,2024 Q4,692,Importer,Large,369,Fine_Dine_Meat,Wine,22.202402,10.67,236.9,211.98,0.8948,partially_compliant,24.92
INV547420,2024-10-26,2024 Q4,675,Importer,Small,374,Fine_Dine_Meat,Wine,25.924962,10.67,276.62,266.43,0.9632,compliant,10.18
INV547421,2024-10-26,2024 Q4,683,Importer,Small,374,Fine_Dine_Meat,Beer,38.887442,3.0,116.66,72.67,0.6229,partially_compliant,43.99
INV549633,2024-10-26,2024 Q4,679,Importer,Large,378,Fine_Dine_Meat,Beer,28.555857,3.0,85.67,50.36,0.5878,partially_compliant,35.31
INV550185,2024-10-26,2024 Q4,686,Importer,Small,379,Fine_Dine_Meat,Wine,50.175875,10.67,535.38,27.34,0.0511,non_compliant,508.04
INV551844,2024-10-26,2024 Q4,677,Importer,Small,382,Fine_Dine_Meat,Wine,15.069964,10.67,160.8,156.73,0.9747,compliant,4.07
INV552950,2024-10-26,2024 Q4,682,Importer,Small,384,Fine_Dine_Meat,Wine,19.677008,10.67,209.95,167.45,0.7976,partially_compliant,42.5
INV552951,2024-10-26,2024 Q4,680,Importer,Medium,384,Fine_Dine_Meat,Beer,29.515513,3.0,88.55,88.55,1.0,compliant,0.0
INV555162,2024-10-26,2024 Q4,686,Importer,Small,388,Fine_Dine_Meat,Wine,33.104911,10.67,353.23,18.04,0.0511,non_compliant,335.19
INV555163,2024-10-26,2024 Q4,680,Importer,Medium,388,Fine_Dine_Meat,Beer,49.657366,3.0,148.97,148.97,1.0,compliant,0.0
INV555715,2024-10-26,2024 Q4,680,Importer,Medium,389,Fine_Dine_Meat,Wine,21.941426,10.67,234.12,234.12,1.0,compliant,0.0
INV556821,2024-10-26,2024 Q4,692,Importer,Large,391,Fine_Dine_Meat,Wine,13.639609,10.67,145.53,130.23,0.8948,partially_compliant,15.31
INV557375,2024-10-26,2024 Q4,692,Importer,Large,392,Fine_Dine_Meat,Beer,17.815431,3.0,53.45,47.82,0.8948,partially_compliant,5.62
INV558480,2024-10-26,2024 Q4,679,Importer,Large,394,Fine_Dine_Meat,Wine,31.455064,10.67,335.63,197.28,0.5878,partially_compliant,138.34
INV559033,2024-10-26,2024 Q4,686,Importer,Small,395,Fine_Dine_Meat,Wine,35.004438,10.67,373.5,19.07,0.0511,non_compliant,354.43
INV559587,2024-10-26,2024 Q4,685,Importer,Small,396,Fine_Dine_Meat,Beer,68.567807,3.0,205.7,197.53,0.9602,compliant,8.18
INV560140,2024-10-26,2024 Q4,675,Importer,Small,397,Fine_Dine_Meat,Beer,35.581594,3.0,106.74,102.81,0.9632,compliant,3.93
INV561245,2024-10-26,2024 Q4,673,Importer,Medium,399,Fine_Dine_Meat,Wine,41.140895,10.67,438.97,426.95,0.9726,compliant,12.03
INV566222,2024-10-26,2024 Q4,681,Importer,Small,408,Fine_Dine_Meat,Wine,47.511997,10.67,506.95,0.0,0.0,non_compliant,506.95
INV567881,2024-10-26,2024 Q4,673,Importer,Medium,411,Fine_Dine_Meat,Wine,18.631878,10.67,198.8,193.36,0.9726,compliant,5.45
INV567882,2024-10-26,2024 Q4,673,Importer,Medium,411,Fine_Dine_Meat,Beer,27.947818,3.0,83.84,81.55,0.9726,compliant,2.3
INV568434,2024-10-26,2024 Q4,680,Importer,Medium,412,Fine_Dine_Meat,Wine,44.166265,10.67,471.25,471.25,1.0,compliant,0.0
INV569540,2024-10-26,2024 Q4,689,Importer,Small,414,Fine_Dine_Meat,Wine,34.801171,10.67,371.33,364.47,0.9815,compliant,6.86
INV570646,2024-10-26,2024 Q4,680,Importer,Medium,416,Fine_Dine_Meat,Wine,25.220054,10.67,269.1,269.1,1.0,compliant,0.0
INV571752,2024-10-26,2024 Q4,675,Importer,Small,418,Fine_Dine_Meat,Wine,45.860197,10.67,489.33,471.31,0.9632,compliant,18.02
INV573964,2024-10-26,2024 Q4,673,Importer,Medium,422,Fine_Dine_Meat,Wine,25.917872,10.67,276.54,268.97,0.9726,compliant,7.58
INV576729,2024-10-26,2024 Q4,678,Importer,Medium,427,Fine_Dine_Meat,Wine,17.482637,10.67,186.54,132.44,0.71,partially_compliant,54.1
INV577282,2024-10-26,2024 Q4,689,Importer,Small,428,Fine_Dine_Meat,Wine,19.57528,10.67,208.87,205.01,0.9815,compliant,3.86
INV578388,2024-10-26,2024 Q4,685,Importer,Small,430,Fine_Dine_Meat,Wine,40.602408,10.67,433.23,416.01,0.9602,compliant,17.22
INV578941,2024-10-26,2024 Q4,692,Importer,Large,431,Fine_Dine_Meat,Wine,21.326789,10.67,227.56,203.62,0.8948,partially_compliant,23.94
INV579494,2024-10-26,2024 Q4,673,Importer,Medium,432,Fine_Dine_Meat,Wine,35.419798,10.67,377.93,367.57,0.9726,compliant,10.35
INV580048,2024-10-26,2024 Q4,679,Importer,Large,433,Fine_Dine_Meat,Beer,34.094599,3.0,102.28,60.12,0.5878,partially_compliant,42.16
INV580601,2024-10-26,2024 Q4,692,Importer,Large,434,Fine_Dine_Meat,Beer,28.561961,3.0,85.69,76.67,0.8948,partially_compliant,9.01
INV581154,2024-10-26,2024 Q4,687,Importer,Medium,435,Fine_Dine_Meat,Beer,51.748655,3.0,155.25,134.74,0.8679,partially_compliant,20.51
INV583918,2024-10-26,2024 Q4,679,Importer,Large,440,Fine_Dine_Meat,Wine,22.955255,10.67,244.93,143.97,0.5878,partially_compliant,100.96
INV583919,2024-10-26,2024 Q4,692,Importer,Large,440,Fine_Dine_Meat,Beer,34.432883,3.0,103.3,92.43,0.8948,partially_compliant,10.87
INV587789,2024-10-26,2024 Q4,686,Importer,Small,447,Fine_Dine_Vegetarian,Wine,33.969788,10.67,362.46,18.51,0.0511,non_compliant,343.95
INV588342,2024-10-26,2024 Q4,679,Importer,Large,448,Fine_Dine_Vegetarian,Wine,63.602244,10.67,678.64,398.91,0.5878,partially_compliant,279.73
INV588895,2024-10-26,2024 Q4,692,Importer,Large,449,Fine_Dine_Vegetarian,Wine,32.346029,10.67,345.13,308.83,0.8948,partially_compliant,36.3
INV589448,2024-10-26,2024 Q4,680,Importer,Medium,450,Fine_Dine_Vegetarian,Wine,87.365305,10.67,932.19,932.19,1.0,compliant,0.0
INV591107,2024-10-26,2024 Q4,682,Importer,Small,453,Fine_Dine_Vegetarian,Wine,56.797086,10.67,606.02,483.35,0.7976,partially_compliant,122.67
INV592766,2024-10-26,2024 Q4,675,Importer,Small,456,Fine_Dine_Vegetarian,Wine,25.953206,10.67,276.92,266.73,0.9632,compliant,10.2
INV594425,2024-10-26,2024 Q4,673,Importer,Medium,459,Fine_Dine_Vegetarian,Wine,24.458732,10.67,260.97,253.82,0.9726,compliant,7.15
INV596084,2024-10-26,2024 Q4,673,Importer,Medium,462,Fine_Dine_Vegetarian,Wine,23.292678,10.67,248.53,241.72,0.9726,compliant,6.81
INV596637,2024-10-26,2024 Q4,690,Importer,Small,463,Fine_Dine_Vegetarian,Wine,54.319673,10.67,579.59,293.19,0.5059,partially_compliant,286.4
INV597190,2024-10-26,2024 Q4,677,Importer,Small,464,Fine_Dine_Vegetarian,Wine,28.256485,10.67,301.5,293.87,0.9747,compliant,7.63
INV599955,2024-10-26,2024 Q4,682,Importer,Small,469,Fine_Dine_Vegetarian,Wine,15.134577,10.67,161.49,128.8,0.7976,partially_compliant,32.69
INV601614,2024-10-26,2024 Q4,689,Importer,Small,472,Fine_Dine_Vegetarian,Wine,22.95936,10.67,244.98,240.45,0.9815,compliant,4.53
INV603826,2024-10-26,2024 Q4,692,Importer,Large,476,Fine_Dine_Vegetarian,Wine,27.740166,10.67,295.99,264.85,0.8948,partially_compliant,31.13
INV605485,2024-10-26,2024 Q4,673,Importer,Medium,479,Fine_Dine_Vegetarian,Wine,37.401906,10.67,399.08,388.14,0.9726,compliant,10.93
INV607697,2024-10-26,2024 Q4,675,Importer,Small,483,Fine_Dine_Vegetarian,Wine,42.903014,10.67,457.78,440.92,0.9632,compliant,16.85
INV609356,2024-10-26,2024 Q4,692,Importer,Large,486,Fine_Dine_Vegetarian,Wine,44.688238,10.67,476.82,426.67,0.8948,partially_compliant,50.15
INV613780,2024-10-26,2024 Q4,686,Importer,Small,494,Fine_Dine_Vegetarian,Wine,24.078003,10.67,256.91,13.12,0.0511,non_compliant,243.79
INV617098,2024-10-26,2024 Q4,673,Importer,Medium,500,Fine_Dine_Vegetarian,Wine,31.32887,10.67,334.28,325.12,0.9726,compliant,9.16
INV402423,2024-11-02,2024 Q4,692,Importer,Large,203,Cafe,Coffee_Beans,27.205475,25.0,680.14,608.6,0.8948,partially_compliant,71.54
INV404161,2024-11-02,2024 Q4,680,Importer,Medium,205,Cafe,Coffee_Beans,5.220262,25.0,130.51,130.51,1.0,compliant,0.0
INV405899,2024-11-02,2024 Q4,684,Importer,Medium,207,Cafe,Coffee_Beans,6.805655,25.0,170.14,167.86,0.9866,compliant,2.28
INV415458,2024-11-02,2024 Q4,677,Importer,Small,218,Cafe,Coffee_Beans,16.175848,25.0,404.4,394.17,0.9747,compliant,10.23
INV420672,2024-11-02,2024 Q4,686,Importer,Small,224,Cafe,Coffee_Beans,12.197008,25.0,304.93,15.57,0.0511,non_compliant,289.35
INV424148,2024-11-02,2024 Q4,677,Importer,Small,228,Cafe,Coffee_Beans,7.039201,25.0,175.98,171.53,0.9747,compliant,4.45
INV425886,2024-11-02,2024 Q4,682,Importer,Small,230,Cafe,Coffee_Beans,7.896068,25.0,197.4,157.44,0.7976,partially_compliant,39.96
INV426755,2024-11-02,2024 Q4,681,Importer,Small,231,Cafe,Coffee_Beans,7.05411,25.0,176.35,0.0,0.0,non_compliant,176.35
INV429362,2024-11-02,2024 Q4,673,Importer,Medium,234,Cafe,Coffee_Beans,6.27604,25.0,156.9,152.6,0.9726,compliant,4.3
INV430231,2024-11-02,2024 Q4,673,Importer,Medium,235,Cafe,Coffee_Beans,29.723493,25.0,743.09,722.73,0.9726,compliant,20.36
INV431969,2024-11-02,2024 Q4,683,Importer,Small,237,Cafe,Coffee_Beans,17.19258,25.0,429.81,267.73,0.6229,partially_compliant,162.09
INV438052,2024-11-02,2024 Q4,682,Importer,Small,244,Cafe,Coffee_Beans,8.003377,25.0,200.08,159.58,0.7976,partially_compliant,40.5
INV439790,2024-11-02,2024 Q4,688,Importer,Small,246,Cafe,Coffee_Beans,6.334036,25.0,158.35,154.01,0.9726,compliant,4.34
INV445004,2024-11-02,2024 Q4,675,Importer,Small,252,Cafe,Coffee_Beans,7.782542,25.0,194.56,187.4,0.9632,compliant,7.16
INV448480,2024-11-02,2024 Q4,678,Importer,Medium,256,Cafe,Coffee_Beans,10.423054,25.0,260.58,185.0,0.71,partially_compliant,75.58
INV449349,2024-11-02,2024 Q4,680,Importer,Medium,257,Cafe,Coffee_Beans,28.701173,25.0,717.53,717.53,1.0,compliant,0.0
INV454563,2024-11-02,2024 Q4,675,Importer,Small,263,Cafe,Coffee_Beans,6.455359,25.0,161.38,155.44,0.9632,compliant,5.94
INV459777,2024-11-02,2024 Q4,677,Importer,Small,269,Cafe,Coffee_Beans,6.135366,25.0,153.38,149.5,0.9747,compliant,3.88
INV464122,2024-11-02,2024 Q4,673,Importer,Medium,274,Cafe,Coffee_Beans,6.916355,25.0,172.91,168.17,0.9726,compliant,4.74
INV464991,2024-11-02,2024 Q4,689,Importer,Small,275,Cafe,Coffee_Beans,8.000892,25.0,200.02,196.33,0.9815,compliant,3.69
INV465860,2024-11-02,2024 Q4,692,Importer,Large,276,Cafe,Coffee_Beans,6.894315,25.0,172.36,154.23,0.8948,partially_compliant,18.13
INV470205,2024-11-02,2024 Q4,689,Importer,Small,281,Cafe,Coffee_Beans,13.009098,25.0,325.23,319.22,0.9815,compliant,6.01
INV475419,2024-11-02,2024 Q4,680,Importer,Medium,287,Cafe,Coffee_Beans,6.711457,25.0,167.79,167.79,1.0,compliant,0.0
INV478026,2024-11-02,2024 Q4,675,Importer,Small,290,Cafe,Coffee_Beans,6.550883,25.0,163.77,157.74,0.9632,compliant,6.03
INV484109,2024-11-02,2024 Q4,689,Importer,Small,297,Cafe,Coffee_Beans,10.47987,25.0,262.0,257.16,0.9815,compliant,4.84
INV484978,2024-11-02,2024 Q4,674,Importer,Small,298,Cafe,Coffee_Beans,7.717424,25.0,192.94,192.02,0.9952,compliant,0.92
INV490192,2024-11-02,2024 Q4,682,Importer,Small,304,Cafe,Coffee_Beans,6.511233,25.0,162.78,129.83,0.7976,partially_compliant,32.95
INV491061,2024-11-02,2024 Q4,682,Importer,Small,305,Cafe,Coffee_Beans,3.215788,25.0,80.39,64.12,0.7976,partially_compliant,16.27
INV496275,2024-11-02,2024 Q4,680,Importer,Medium,311,Cafe,Coffee_Beans,7.80828,25.0,195.21,195.21,1.0,compliant,0.0
INV497144,2024-11-02,2024 Q4,689,Importer,Small,312,Cafe,Coffee_Beans,7.298076,25.0,182.45,179.08,0.9815,compliant,3.37
INV498013,2024-11-02,2024 Q4,682,Importer,Small,313,Cafe,Coffee_Beans,4.929857,25.0,123.25,98.3,0.7976,partially_compliant,24.95
INV502358,2024-11-02,2024 Q4,688,Importer,Small,318,Cafe,Coffee_Beans,27.609965,25.0,690.25,671.34,0.9726,compliant,18.91
INV507572,2024-11-02,2024 Q4,692,Importer,Large,324,Cafe,Coffee_Beans,6.940322,25.0,173.51,155.26,0.8948,partially_compliant,18.25
INV515393,2024-11-02,2024 Q4,678,Importer,Medium,333,Cafe,Coffee_Beans,6.025462,25.0,150.64,106.95,0.71,partially_compliant,43.69
INV518000,2024-11-02,2024 Q4,690,Importer,Small,336,Cafe,Coffee_Beans,5.861359,25.0,146.53,74.12,0.5059,partially_compliant,72.41
INV522345,2024-11-02,2024 Q4,690,Importer,Small,341,Cafe,Coffee_Beans,5.02907,25.0,125.73,63.6,0.5059,partially_compliant,62.13
INV523214,2024-11-02,2024 Q4,686,Importer,Small,342,Cafe,Coffee_Beans,4.448776,25.0,111.22,5.68,0.0511,non_compliant,105.54
INV524083,2024-11-02,2024 Q4,690,Importer,Small,343,Cafe,Coffee_Beans,8.309318,25.0,207.73,105.08,0.5059,partially_compliant,102.65
INV532773,2024-11-02,2024 Q4,686,Importer,Small,353,Cafe,Coffee_Beans,12.761927,25.0,319.05,16.29,0.0511,non_compliant,302.76
INV534511,2024-11-02,2024 Q4,678,Importer,Medium,355,Cafe,Coffee_Beans,20.458702,25.0,511.47,363.12,0.71,partially_compliant,148.35
INV537118,2024-11-02,2024 Q4,679,Importer,Large,358,Cafe,Coffee_Beans,7.29271,25.0,182.32,107.17,0.5878,partially_compliant,75.15
INV542451,2024-11-02,2024 Q4,673,Importer,Medium,365,Fine_Dine_Meat,Beer,34.554191,3.0,103.66,100.82,0.9726,compliant,2.84
INV544662,2024-11-02,2024 Q4,692,Importer,Large,369,Fine_Dine_Meat,Wine,23.761717,10.67,253.54,226.87,0.8948,partially_compliant,26.67
INV547427,2024-11-02,2024 Q4,675,Importer,Small,374,Fine_Dine_Meat,Wine,27.706029,10.67,295.62,284.74,0.9632,compliant,10.88
INV547428,2024-11-02,2024 Q4,683,Importer,Small,374,Fine_Dine_Meat,Beer,41.559043,3.0,124.68,77.66,0.6229,partially_compliant,47.02
INV549640,2024-11-02,2024 Q4,679,Importer,Large,378,Fine_Dine_Meat,Beer,30.320376,3.0,90.96,53.47,0.5878,partially_compliant,37.49
INV550192,2024-11-02,2024 Q4,686,Importer,Small,379,Fine_Dine_Meat,Wine,53.310877,10.67,568.83,29.05,0.0511,non_compliant,539.78
INV551851,2024-11-02,2024 Q4,677,Importer,Small,382,Fine_Dine_Meat,Wine,17.513486,10.67,186.87,182.14,0.9747,compliant,4.73
INV552957,2024-11-02,2024 Q4,682,Importer,Small,384,Fine_Dine_Meat,Wine,20.669488,10.67,220.54,175.9,0.7976,partially_compliant,44.64
INV552958,2024-11-02,2024 Q4,680,Importer,Medium,384,Fine_Dine_Meat,Beer,31.004232,3.0,93.01,93.01,1.0,compliant,0.0
INV555169,2024-11-02,2024 Q4,686,Importer,Small,388,Fine_Dine_Meat,Wine,34.811925,10.67,371.44,18.97,0.0511,non_compliant,352.48
INV555170,2024-11-02,2024 Q4,680,Importer,Medium,388,Fine_Dine_Meat,Beer,52.217888,3.0,156.65,156.65,1.0,compliant,0.0
INV555722,2024-11-02,2024 Q4,680,Importer,Medium,389,Fine_Dine_Meat,Wine,22.879613,10.67,244.13,244.13,1.0,compliant,0.0
INV556828,2024-11-02,2024 Q4,692,Importer,Large,391,Fine_Dine_Meat,Wine,14.473232,10.67,154.43,138.19,0.8948,partially_compliant,16.24
INV557382,2024-11-02,2024 Q4,692,Importer,Large,392,Fine_Dine_Meat,Beer,19.789417,3.0,59.37,53.12,0.8948,partially_compliant,6.24
INV558487,2024-11-02,2024 Q4,679,Importer,Large,394,Fine_Dine_Meat,Wine,32.626918,10.67,348.13,204.63,0.5878,partially_compliant,143.5
INV559040,2024-11-02,2024 Q4,686,Importer,Small,395,Fine_Dine_Meat,Wine,35.303351,10.67,376.69,19.23,0.0511,non_compliant,357.45
INV559594,2024-11-02,2024 Q4,685,Importer,Small,396,Fine_Dine_Meat,Beer,71.196379,3.0,213.59,205.1,0.9602,compliant,8.49
INV560147,2024-11-02,2024 Q4,675,Importer,Small,397,Fine_Dine_Meat,Beer,32.752184,3.0,98.26,94.64,0.9632,compliant,3.62
INV561252,2024-11-02,2024 Q4,673,Importer,Medium,399,Fine_Dine_Meat,Wine,43.739175,10.67,466.7,453.91,0.9726,compliant,12.79
INV566229,2024-11-02,2024 Q4,681,Importer,Small,408,Fine_Dine_Meat,Wine,50.860927,10.67,542.69,0.0,0.0,non_compliant,542.69
INV567888,2024-11-02,2024 Q4,673,Importer,Medium,411,Fine_Dine_Meat,Wine,19.333104,10.67,206.28,200.63,0.9726,compliant,5.65
INV567889,2024-11-02,2024 Q4,673,Importer,Medium,411,Fine_Dine_Meat,Beer,28.999655,3.0,87.0,84.62,0.9726,compliant,2.38
INV568441,2024-11-02,2024 Q4,680,Importer,Medium,412,Fine_Dine_Meat,Wine,46.693433,10.67,498.22,498.22,1.0,compliant,0.0
INV569547,2024-11-02,2024 Q4,689,Importer,Small,414,Fine_Dine_Meat,Wine,40.28972,10.67,429.89,421.95,0.9815,compliant,7.94
INV570653,2024-11-02,2024 Q4,680,Importer,Medium,416,Fine_Dine_Meat,Wine,26.682595,10.67,284.7,284.7,1.0,compliant,0.0
INV571759,2024-11-02,2024 Q4,675,Importer,Small,418,Fine_Dine_Meat,Wine,48.648906,10.67,519.08,499.97,0.9632,compliant,19.11
INV573971,2024-11-02,2024 Q4,673,Importer,Medium,422,Fine_Dine_Meat,Wine,27.494797,10.67,293.37,285.33,0.9726,compliant,8.04
INV576736,2024-11-02,2024 Q4,678,Importer,Medium,427,Fine_Dine_Meat,Wine,18.718461,10.67,199.73,141.8,0.71,partially_compliant,57.93
INV577289,2024-11-02,2024 Q4,689,Importer,Small,428,Fine_Dine_Meat,Wine,20.919337,10.67,223.21,219.09,0.9815,compliant,4.12
INV578395,2024-11-02,2024 Q4,685,Importer,Small,430,Fine_Dine_Meat,Wine,37.001888,10.67,394.81,379.12,0.9602,compliant,15.69
INV578948,2024-11-02,2024 Q4,692,Importer,Large,431,Fine_Dine_Meat,Wine,22.22017,10.67,237.09,212.15,0.8948,partially_compliant,24.94
INV579501,2024-11-02,2024 Q4,673,Importer,Medium,432,Fine_Dine_Meat,Wine,37.278125,10.67,397.76,386.86,0.9726,compliant,10.9
INV580055,2024-11-02,2024 Q4,679,Importer,Large,433,Fine_Dine_Meat,Beer,34.089143,3.0,102.27,60.11,0.5878,partially_compliant,42.15
INV580608,2024-11-02,2024 Q4,692,Importer,Large,434,Fine_Dine_Meat,Beer,32.140316,3.0,96.42,86.28,0.8948,partially_compliant,10.14
INV581161,2024-11-02,2024 Q4,687,Importer,Medium,435,Fine_Dine_Meat,Beer,49.565549,3.0,148.7,129.06,0.8679,partially_compliant,19.64
INV583925,2024-11-02,2024 Q4,679,Importer,Large,440,Fine_Dine_Meat,Wine,24.306883,10.67,259.35,152.45,0.5878,partially_compliant,106.9
INV583926,2024-11-02,2024 Q4,692,Importer,Large,440,Fine_Dine_Meat,Beer,36.460324,3.0,109.38,97.88,0.8948,partially_compliant,11.51
INV587796,2024-11-02,2024 Q4,686,Importer,Small,447,Fine_Dine_Vegetarian,Wine,36.259526,10.67,386.89,19.76,0.0511,non_compliant,367.13
INV588349,2024-11-02,2024 Q4,679,Importer,Large,448,Fine_Dine_Vegetarian,Wine,68.041228,10.67,726.0,426.75,0.5878,partially_compliant,299.25
INV588902,2024-11-02,2024 Q4,692,Importer,Large,449,Fine_Dine_Vegetarian,Wine,33.537104,10.67,357.84,320.2,0.8948,partially_compliant,37.64
INV589455,2024-11-02,2024 Q4,680,Importer,Medium,450,Fine_Dine_Vegetarian,Wine,92.82392,10.67,990.43,990.43,1.0,compliant,0.0
INV591114,2024-11-02,2024 Q4,682,Importer,Small,453,Fine_Dine_Vegetarian,Wine,60.023241,10.67,640.45,510.81,0.7976,partially_compliant,129.64
INV592773,2024-11-02,2024 Q4,675,Importer,Small,456,Fine_Dine_Vegetarian,Wine,27.689128,10.67,295.44,284.57,0.9632,compliant,10.88
INV594432,2024-11-02,2024 Q4,673,Importer,Medium,459,Fine_Dine_Vegetarian,Wine,25.279031,10.67,269.73,262.34,0.9726,compliant,7.39
INV596091,2024-11-02,2024 Q4,673,Importer,Medium,462,Fine_Dine_Vegetarian,Wine,24.851945,10.67,265.17,257.9,0.9726,compliant,7.27
INV596644,2024-11-02,2024 Q4,690,Importer,Small,463,Fine_Dine_Vegetarian,Wine,57.99845,10.67,618.84,313.04,0.5059,partially_compliant,305.8
INV597197,2024-11-02,2024 Q4,677,Importer,Small,464,Fine_Dine_Vegetarian,Wine,29.855675,10.67,318.56,310.5,0.9747,compliant,8.06
INV599962,2024-11-02,2024 Q4,682,Importer,Small,469,Fine_Dine_Vegetarian,Wine,15.914973,10.67,169.81,135.44,0.7976,partially_compliant,34.37
INV601621,2024-11-02,2024 Q4,689,Importer,Small,472,Fine_Dine_Vegetarian,Wine,24.034498,10.67,256.45,251.71,0.9815,compliant,4.74
INV603833,2024-11-02,2024 Q4,692,Importer,Large,476,Fine_Dine_Vegetarian,Wine,29.604079,10.67,315.88,282.65,0.8948,partially_compliant,33.23
INV605492,2024-11-02,2024 Q4,673,Importer,Medium,479,Fine_Dine_Vegetarian,Wine,36.137838,10.67,385.59,375.03,0.9726,compliant,10.56
INV607704,2024-11-02,2024 Q4,675,Importer,Small,483,Fine_Dine_Vegetarian,Wine,44.929316,10.67,479.4,461.75,0.9632,compliant,17.65
INV609363,2024-11-02,2024 Q4,692,Importer,Large,486,Fine_Dine_Vegetarian,Wine,47.335761,10.67,505.07,451.95,0.8948,partially_compliant,53.13
INV613787,2024-11-02,2024 Q4,686,Importer,Small,494,Fine_Dine_Vegetarian,Wine,24.78959,10.67,264.5,13.51,0.0511,non_compliant,251.0
INV617105,2024-11-02,2024 Q4,673,Importer,Medium,500,Fine_Dine_Vegetarian,Wine,33.224846,10.67,354.51,344.8,0.9726,compliant,9.71
INV402434,2024-11-09,2024 Q4,692,Importer,Large,203,Cafe,Coffee_Beans,24.596296,25.0,614.91,550.23,0.8948,partially_compliant,64.68
INV404172,2024-11-09,2024 Q4,680,Importer,Medium,205,Cafe,Coffee_Beans,4.719606,25.0,117.99,117.99,1.0,compliant,0.0
INV405910,2024-11-09,2024 Q4,684,Importer,Medium,207,Cafe,Coffee_Beans,6.152949,25.0,153.82,151.76,0.9866,compliant,2.06
INV415469,2024-11-09,2024 Q4,677,Importer,Small,218,Cafe,Coffee_Beans,14.62448,25.0,365.61,356.36,0.9747,compliant,9.25
INV420683,2024-11-09,2024 Q4,686,Importer,Small,224,Cafe,Coffee_Beans,10.794536,25.0,269.86,13.78,0.0511,non_compliant,256.08
INV424159,2024-11-09,2024 Q4,677,Importer,Small,228,Cafe,Coffee_Beans,6.364097,25.0,159.1,155.08,0.9747,compliant,4.03
INV425897,2024-11-09,2024 Q4,682,Importer,Small,230,Cafe,Coffee_Beans,7.138784,25.0,178.47,142.34,0.7976,partially_compliant,36.13
INV426766,2024-11-09,2024 Q4,681,Importer,Small,231,Cafe,Coffee_Beans,6.377575,25.0,159.44,0.0,0.0,non_compliant,159.44
INV429373,2024-11-09,2024 Q4,673,Importer,Medium,234,Cafe,Coffee_Beans,5.674128,25.0,141.85,137.97,0.9726,compliant,3.89
INV430242,2024-11-09,2024 Q4,673,Importer,Medium,235,Cafe,Coffee_Beans,26.87282,25.0,671.82,653.41,0.9726,compliant,18.41
INV431980,2024-11-09,2024 Q4,683,Importer,Small,237,Cafe,Coffee_Beans,15.543701,25.0,388.59,242.05,0.6229,partially_compliant,146.54
INV438063,2024-11-09,2024 Q4,682,Importer,Small,244,Cafe,Coffee_Beans,7.235802,25.0,180.9,144.28,0.7976,partially_compliant,36.62
INV439801,2024-11-09,2024 Q4,688,Importer,Small,246,Cafe,Coffee_Beans,6.692285,25.0,167.31,162.72,0.9726,compliant,4.58
INV445015,2024-11-09,2024 Q4,675,Importer,Small,252,Cafe,Coffee_Beans,7.036147,25.0,175.9,169.43,0.9632,compliant,6.48
INV448491,2024-11-09,2024 Q4,678,Importer,Medium,256,Cafe,Coffee_Beans,9.423417,25.0,235.59,167.26,0.71,partially_compliant,68.33
INV449360,2024-11-09,2024 Q4,680,Importer,Medium,257,Cafe,Coffee_Beans,25.948546,25.0,648.71,648.71,1.0,compliant,0.0
INV454574,2024-11-09,2024 Q4,675,Importer,Small,263,Cafe,Coffee_Beans,5.836249,25.0,145.91,140.53,0.9632,compliant,5.37
INV459788,2024-11-09,2024 Q4,677,Importer,Small,269,Cafe,Coffee_Beans,5.546946,25.0,138.67,135.17,0.9747,compliant,3.51
INV464133,2024-11-09,2024 Q4,673,Importer,Medium,274,Cafe,Coffee_Beans,6.253032,25.0,156.33,152.04,0.9726,compliant,4.28
INV465002,2024-11-09,2024 Q4,689,Importer,Small,275,Cafe,Coffee_Beans,7.233555,25.0,180.84,177.5,0.9815,compliant,3.34
INV465871,2024-11-09,2024 Q4,692,Importer,Large,276,Cafe,Coffee_Beans,6.233106,25.0,155.83,139.44,0.8948,partially_compliant,16.39
INV470216,2024-11-09,2024 Q4,689,Importer,Small,281,Cafe,Coffee_Beans,11.761442,25.0,294.04,288.6,0.9815,compliant,5.43
INV475430,2024-11-09,2024 Q4,680,Importer,Medium,287,Cafe,Coffee_Beans,5.0477,25.0,126.19,126.19,1.0,compliant,0.0
INV478037,2024-11-09,2024 Q4,675,Importer,Small,290,Cafe,Coffee_Beans,5.922612,25.0,148.07,142.61,0.9632,compliant,5.45
INV484120,2024-11-09,2024 Q4,689,Importer,Small,297,Cafe,Coffee_Beans,10.906577,25.0,272.66,267.63,0.9815,compliant,5.04
INV484989,2024-11-09,2024 Q4,674,Importer,Small,298,Cafe,Coffee_Beans,6.977274,25.0,174.43,173.6,0.9952,compliant,0.83
INV490203,2024-11-09,2024 Q4,682,Importer,Small,304,Cafe,Coffee_Beans,5.886764,25.0,147.17,117.38,0.7976,partially_compliant,29.79
INV491072,2024-11-09,2024 Q4,682,Importer,Small,305,Cafe,Coffee_Beans,2.907373,25.0,72.68,57.97,0.7976,partially_compliant,14.71
INV496286,2024-11-09,2024 Q4,680,Importer,Medium,311,Cafe,Coffee_Beans,7.059416,25.0,176.49,176.49,1.0,compliant,0.0
INV497155,2024-11-09,2024 Q4,689,Importer,Small,312,Cafe,Coffee_Beans,6.598144,25.0,164.95,161.91,0.9815,compliant,3.05
INV498024,2024-11-09,2024 Q4,682,Importer,Small,313,Cafe,Coffee_Beans,3.635199,25.0,90.88,72.48,0.7976,partially_compliant,18.4
INV502369,2024-11-09,2024 Q4,688,Importer,Small,318,Cafe,Coffee_Beans,27.826026,25.0,695.65,676.6,0.9726,compliant,19.05
INV507583,2024-11-09,2024 Q4,692,Importer,Large,324,Cafe,Coffee_Beans,6.2747,25.0,156.87,140.37,0.8948,partially_compliant,16.5
INV515404,2024-11-09,2024 Q4,678,Importer,Medium,333,Cafe,Coffee_Beans,5.447582,25.0,136.19,96.69,0.71,partially_compliant,39.5
INV518011,2024-11-09,2024 Q4,690,Importer,Small,336,Cafe,Coffee_Beans,5.446173,25.0,136.15,68.87,0.5059,partially_compliant,67.28
INV522356,2024-11-09,2024 Q4,690,Importer,Small,341,Cafe,Coffee_Beans,4.54675,25.0,113.67,57.5,0.5059,partially_compliant,56.17
INV523225,2024-11-09,2024 Q4,686,Importer,Small,342,Cafe,Coffee_Beans,4.02211,25.0,100.55,5.13,0.0511,non_compliant,95.42
INV524094,2024-11-09,2024 Q4,690,Importer,Small,343,Cafe,Coffee_Beans,10.119871,25.0,253.0,127.98,0.5059,partially_compliant,125.02
INV532784,2024-11-09,2024 Q4,686,Importer,Small,353,Cafe,Coffee_Beans,11.537977,25.0,288.45,14.73,0.0511,non_compliant,273.72
INV534522,2024-11-09,2024 Q4,678,Importer,Medium,355,Cafe,Coffee_Beans,18.496582,25.0,462.41,328.3,0.71,partially_compliant,134.12
INV537129,2024-11-09,2024 Q4,679,Importer,Large,358,Cafe,Coffee_Beans,6.593292,25.0,164.83,96.89,0.5878,partially_compliant,67.94
INV542458,2024-11-09,2024 Q4,673,Importer,Medium,365,Fine_Dine_Meat,Beer,32.932305,3.0,98.8,96.09,0.9726,compliant,2.71
INV544669,2024-11-09,2024 Q4,692,Importer,Large,369,Fine_Dine_Meat,Wine,22.646402,10.67,241.64,216.22,0.8948,partially_compliant,25.42
INV547434,2024-11-09,2024 Q4,675,Importer,Small,374,Fine_Dine_Meat,Wine,26.405579,10.67,281.75,271.37,0.9632,compliant,10.37
INV547435,2024-11-09,2024 Q4,683,Importer,Small,374,Fine_Dine_Meat,Beer,39.608368,3.0,118.83,74.02,0.6229,partially_compliant,44.81
INV549647,2024-11-09,2024 Q4,679,Importer,Large,378,Fine_Dine_Meat,Beer,28.897215,3.0,86.69,50.96,0.5878,partially_compliant,35.73
INV550199,2024-11-09,2024 Q4,686,Importer,Small,379,Fine_Dine_Meat,Wine,50.808601,10.67,542.13,27.68,0.0511,non_compliant,514.44
INV551858,2024-11-09,2024 Q4,677,Importer,Small,382,Fine_Dine_Meat,Wine,18.229983,10.67,194.51,189.59,0.9747,compliant,4.92
INV552964,2024-11-09,2024 Q4,682,Importer,Small,384,Fine_Dine_Meat,Wine,19.699315,10.67,210.19,167.64,0.7976,partially_compliant,42.55
INV552965,2024-11-09,2024 Q4,680,Importer,Medium,384,Fine_Dine_Meat,Beer,29.548973,3.0,88.65,88.65,1.0,compliant,0.0
INV555176,2024-11-09,2024 Q4,686,Importer,Small,388,Fine_Dine_Meat,Wine,33.177942,10.67,354.01,18.08,0.0511,non_compliant,335.93
INV555177,2024-11-09,2024 Q4,680,Importer,Medium,388,Fine_Dine_Meat,Beer,49.766913,3.0,149.3,149.3,1.0,compliant,0.0
INV555729,2024-11-09,2024 Q4,680,Importer,Medium,389,Fine_Dine_Meat,Wine,21.805703,10.67,232.67,232.67,1.0,compliant,0.0
INV556835,2024-11-09,2024 Q4,692,Importer,Large,391,Fine_Dine_Meat,Wine,13.793896,10.67,147.18,131.7,0.8948,partially_compliant,15.48
INV557389,2024-11-09,2024 Q4,692,Importer,Large,392,Fine_Dine_Meat,Beer,27.051628,3.0,81.15,72.62,0.8948,partially_compliant,8.54
INV558494,2024-11-09,2024 Q4,679,Importer,Large,394,Fine_Dine_Meat,Wine,31.095494,10.67,331.79,195.03,0.5878,partially_compliant,136.76
INV559047,2024-11-09,2024 Q4,686,Importer,Small,395,Fine_Dine_Meat,Wine,33.646302,10.67,359.01,18.33,0.0511,non_compliant,340.67
INV559601,2024-11-09,2024 Q4,685,Importer,Small,396,Fine_Dine_Meat,Beer,67.854603,3.0,203.56,195.47,0.9602,compliant,8.09
INV560154,2024-11-09,2024 Q4,675,Importer,Small,397,Fine_Dine_Meat,Beer,25.444722,3.0,76.33,73.52,0.9632,compliant,2.81
INV561259,2024-11-09,2024 Q4,673,Importer,Medium,399,Fine_Dine_Meat,Wine,41.68617,10.67,444.79,432.6,0.9726,compliant,12.19
INV566236,2024-11-09,2024 Q4,681,Importer,Small,408,Fine_Dine_Meat,Wine,48.473645,10.67,517.21,0.0,0.0,non_compliant,517.21
INV567895,2024-11-09,2024 Q4,673,Importer,Medium,411,Fine_Dine_Meat,Wine,18.425657,10.67,196.6,191.22,0.9726,compliant,5.39
INV567896,2024-11-09,2024 Q4,673,Importer,Medium,411,Fine_Dine_Meat,Beer,27.638485,3.0,82.92,80.64,0.9726,compliant,2.27
INV568448,2024-11-09,2024 Q4,680,Importer,Medium,412,Fine_Dine_Meat,Wine,44.501762,10.67,474.83,474.83,1.0,compliant,0.0
INV569554,2024-11-09,2024 Q4,689,Importer,Small,414,Fine_Dine_Meat,Wine,43.508342,10.67,464.23,455.66,0.9815,compliant,8.58
INV570660,2024-11-09,2024 Q4,680,Importer,Medium,416,Fine_Dine_Meat,Wine,25.430182,10.67,271.34,271.34,1.0,compliant,0.0
INV571766,2024-11-09,2024 Q4,675,Importer,Small,418,Fine_Dine_Meat,Wine,46.36545,10.67,494.72,476.5,0.9632,compliant,18.21
INV573978,2024-11-09,2024 Q4,673,Importer,Medium,422,Fine_Dine_Meat,Wine,26.204262,10.67,279.6,271.94,0.9726,compliant,7.66
INV576743,2024-11-09,2024 Q4,678,Importer,Medium,427,Fine_Dine_Meat,Wine,17.839864,10.67,190.35,135.14,0.71,partially_compliant,55.21
INV577296,2024-11-09,2024 Q4,689,Importer,Small,428,Fine_Dine_Meat,Wine,19.937436,10.67,212.73,208.8,0.9815,compliant,3.93
INV578402,2024-11-09,2024 Q4,685,Importer,Small,430,Fine_Dine_Meat,Wine,26.860471,10.67,286.6,275.21,0.9602,compliant,11.39
INV578955,2024-11-09,2024 Q4,692,Importer,Large,431,Fine_Dine_Meat,Wine,21.177212,10.67,225.96,202.19,0.8948,partially_compliant,23.77
INV579508,2024-11-09,2024 Q4,673,Importer,Medium,432,Fine_Dine_Meat,Wine,35.528385,10.67,379.09,368.7,0.9726,compliant,10.39
INV580062,2024-11-09,2024 Q4,679,Importer,Large,433,Fine_Dine_Meat,Beer,29.813843,3.0,89.44,52.57,0.5878,partially_compliant,36.87
INV580615,2024-11-09,2024 Q4,692,Importer,Large,434,Fine_Dine_Meat,Beer,30.631732,3.0,91.9,82.23,0.8948,partially_compliant,9.67
INV581168,2024-11-09,2024 Q4,687,Importer,Medium,435,Fine_Dine_Meat,Beer,42.0077,3.0,126.02,109.38,0.8679,partially_compliant,16.65
INV583932,2024-11-09,2024 Q4,679,Importer,Large,440,Fine_Dine_Meat,Wine,23.16598,10.67,247.18,145.3,0.5878,partially_compliant,101.89
INV583933,2024-11-09,2024 Q4,692,Importer,Large,440,Fine_Dine_Meat,Beer,34.74897,3.0,104.25,93.28,0.8948,partially_compliant,10.97
INV587803,2024-11-09,2024 Q4,686,Importer,Small,447,Fine_Dine_Vegetarian,Wine,34.557597,10.67,368.73,18.83,0.0511,non_compliant,349.9
INV588356,2024-11-09,2024 Q4,679,Importer,Large,448,Fine_Dine_Vegetarian,Wine,64.847547,10.67,691.92,406.72,0.5878,partially_compliant,285.21
INV588909,2024-11-09,2024 Q4,692,Importer,Large,449,Fine_Dine_Vegetarian,Wine,31.962958,10.67,341.04,305.17,0.8948,partially_compliant,35.87
INV589462,2024-11-09,2024 Q4,680,Importer,Medium,450,Fine_Dine_Vegetarian,Wine,88.467002,10.67,943.94,943.94,1.0,compliant,0.0
INV591121,2024-11-09,2024 Q4,682,Importer,Small,453,Fine_Dine_Vegetarian,Wine,57.205903,10.67,610.39,486.83,0.7976,partially_compliant,123.55
INV592780,2024-11-09,2024 Q4,675,Importer,Small,456,Fine_Dine_Vegetarian,Wine,26.389471,10.67,281.58,271.21,0.9632,compliant,10.37
INV594439,2024-11-09,2024 Q4,673,Importer,Medium,459,Fine_Dine_Vegetarian,Wine,24.092497,10.67,257.07,250.02,0.9726,compliant,7.04
INV596098,2024-11-09,2024 Q4,673,Importer,Medium,462,Fine_Dine_Vegetarian,Wine,23.685458,10.67,252.72,245.8,0.9726,compliant,6.92
INV596651,2024-11-09,2024 Q4,690,Importer,Small,463,Fine_Dine_Vegetarian,Wine,55.27615,10.67,589.8,298.35,0.5059,partially_compliant,291.45
INV597204,2024-11-09,2024 Q4,677,Importer,Small,464,Fine_Dine_Vegetarian,Wine,28.454326,10.67,303.61,295.93,0.9747,compliant,7.68
INV599969,2024-11-09,2024 Q4,682,Importer,Small,469,Fine_Dine_Vegetarian,Wine,15.167965,10.67,161.84,129.08,0.7976,partially_compliant,32.76
INV601628,2024-11-09,2024 Q4,689,Importer,Small,472,Fine_Dine_Vegetarian,Wine,22.90638,10.67,244.41,239.9,0.9815,compliant,4.51
INV603840,2024-11-09,2024 Q4,692,Importer,Large,476,Fine_Dine_Vegetarian,Wine,28.214539,10.67,301.05,269.38,0.8948,partially_compliant,31.67
INV605499,2024-11-09,2024 Q4,673,Importer,Medium,479,Fine_Dine_Vegetarian,Wine,31.943358,10.67,340.84,331.5,0.9726,compliant,9.34
INV607711,2024-11-09,2024 Q4,675,Importer,Small,483,Fine_Dine_Vegetarian,Wine,36.769302,10.67,392.33,377.88,0.9632,compliant,14.44
INV609370,2024-11-09,2024 Q4,692,Importer,Large,486,Fine_Dine_Vegetarian,Wine,45.113941,10.67,481.37,430.73,0.8948,partially_compliant,50.63
INV613794,2024-11-09,2024 Q4,686,Importer,Small,494,Fine_Dine_Vegetarian,Wine,23.612458,10.67,251.94,12.87,0.0511,non_compliant,239.08
INV617112,2024-11-09,2024 Q4,673,Importer,Medium,500,Fine_Dine_Vegetarian,Wine,31.665357,10.67,337.87,328.61,0.9726,compliant,9.26
INV402445,2024-11-16,2024 Q4,692,Importer,Large,203,Cafe,Coffee_Beans,24.740081,25.0,618.5,553.44,0.8948,partially_compliant,65.06
INV404183,2024-11-16,2024 Q4,680,Importer,Medium,205,Cafe,Coffee_Beans,4.747196,25.0,118.68,118.68,1.0,compliant,0.0
INV405921,2024-11-16,2024 Q4,684,Importer,Medium,207,Cafe,Coffee_Beans,6.188918,25.0,154.72,152.65,0.9866,compliant,2.08
INV415480,2024-11-16,2024 Q4,677,Importer,Small,218,Cafe,Coffee_Beans,14.709972,25.0,367.75,358.45,0.9747,compliant,9.3
INV420694,2024-11-16,2024 Q4,686,Importer,Small,224,Cafe,Coffee_Beans,10.656278,25.0,266.41,13.6,0.0511,non_compliant,252.8
INV424170,2024-11-16,2024 Q4,677,Importer,Small,228,Cafe,Coffee_Beans,6.4013,25.0,160.03,155.98,0.9747,compliant,4.05
INV425908,2024-11-16,2024 Q4,682,Importer,Small,230,Cafe,Coffee_Beans,7.180516,25.0,179.51,143.18,0.7976,partially_compliant,36.34
INV426777,2024-11-16,2024 Q4,681,Importer,Small,231,Cafe,Coffee_Beans,6.414858,25.0,160.37,0.0,0.0,non_compliant,160.37
INV429384,2024-11-16,2024 Q4,673,Importer,Medium,234,Cafe,Coffee_Beans,5.707298,25.0,142.68,138.77,0.9726,compliant,3.91
INV430253,2024-11-16,2024 Q4,673,Importer,Medium,235,Cafe,Coffee_Beans,27.029913,25.0,675.75,657.23,0.9726,compliant,18.51
INV431991,2024-11-16,2024 Q4,683,Importer,Small,237,Cafe,Coffee_Beans,15.634567,25.0,390.86,243.47,0.6229,partially_compliant,147.4
INV438074,2024-11-16,2024 Q4,682,Importer,Small,244,Cafe,Coffee_Beans,7.278101,25.0,181.95,145.12,0.7976,partially_compliant,36.83
INV439812,2024-11-16,2024 Q4,688,Importer,Small,246,Cafe,Coffee_Beans,7.568554,25.0,189.21,184.03,0.9726,compliant,5.18
INV445026,2024-11-16,2024 Q4,675,Importer,Small,252,Cafe,Coffee_Beans,7.077279,25.0,176.93,170.42,0.9632,compliant,6.51
INV448502,2024-11-16,2024 Q4,678,Importer,Medium,256,Cafe,Coffee_Beans,9.478504,25.0,236.96,168.23,0.71,partially_compliant,68.73
INV449371,2024-11-16,2024 Q4,680,Importer,Medium,257,Cafe,Coffee_Beans,26.100237,25.0,652.51,652.51,1.0,compliant,0.0
INV454585,2024-11-16,2024 Q4,675,Importer,Small,263,Cafe,Coffee_Beans,5.870366,25.0,146.76,141.36,0.9632,compliant,5.4
INV459799,2024-11-16,2024 Q4,677,Importer,Small,269,Cafe,Coffee_Beans,5.579372,25.0,139.48,135.96,0.9747,compliant,3.53
INV464144,2024-11-16,2024 Q4,673,Importer,Medium,274,Cafe,Coffee_Beans,6.289586,25.0,157.24,152.93,0.9726,compliant,4.31
INV465013,2024-11-16,2024 Q4,689,Importer,Small,275,Cafe,Coffee_Beans,7.275841,25.0,181.9,178.54,0.9815,compliant,3.36
INV465882,2024-11-16,2024 Q4,692,Importer,Large,276,Cafe,Coffee_Beans,6.269544,25.0,156.74,140.25,0.8948,partially_compliant,16.49
INV470227,2024-11-16,2024 Q4,689,Importer,Small,281,Cafe,Coffee_Beans,11.830197,25.0,295.75,290.29,0.9815,compliant,5.46
INV475441,2024-11-16,2024 Q4,680,Importer,Medium,287,Cafe,Coffee_Beans,4.262138,25.0,106.55,106.55,1.0,compliant,0.0
INV478048,2024-11-16,2024 Q4,675,Importer,Small,290,Cafe,Coffee_Beans,5.957234,25.0,148.93,143.45,0.9632,compliant,5.48
INV484131,2024-11-16,2024 Q4,689,Importer,Small,297,Cafe,Coffee_Beans,11.973448,25.0,299.34,293.81,0.9815,compliant,5.53
INV485000,2024-11-16,2024 Q4,674,Importer,Small,298,Cafe,Coffee_Beans,7.018061,25.0,175.45,174.62,0.9952,compliant,0.83
INV490214,2024-11-16,2024 Q4,682,Importer,Small,304,Cafe,Coffee_Beans,5.921177,25.0,148.03,118.07,0.7976,partially_compliant,29.96
INV491083,2024-11-16,2024 Q4,682,Importer,Small,305,Cafe,Coffee_Beans,2.924369,25.0,73.11,58.31,0.7976,partially_compliant,14.8
INV496297,2024-11-16,2024 Q4,680,Importer,Medium,311,Cafe,Coffee_Beans,7.100684,25.0,177.52,177.52,1.0,compliant,0.0
INV497166,2024-11-16,2024 Q4,689,Importer,Small,312,Cafe,Coffee_Beans,6.636715,25.0,165.92,162.85,0.9815,compliant,3.06
INV498035,2024-11-16,2024 Q4,682,Importer,Small,313,Cafe,Coffee_Beans,3.468471,25.0,86.71,69.16,0.7976,partially_compliant,17.55
INV502380,2024-11-16,2024 Q4,688,Importer,Small,318,Cafe,Coffee_Beans,30.175092,25.0,754.38,733.72,0.9726,compliant,20.66
INV507594,2024-11-16,2024 Q4,692,Importer,Large,324,Cafe,Coffee_Beans,6.311381,25.0,157.78,141.19,0.8948,partially_compliant,16.6
INV515415,2024-11-16,2024 Q4,678,Importer,Medium,333,Cafe,Coffee_Beans,5.479427,25.0,136.99,97.25,0.71,partially_compliant,39.73
INV518022,2024-11-16,2024 Q4,690,Importer,Small,336,Cafe,Coffee_Beans,5.589044,25.0,139.73,70.68,0.5059,partially_compliant,69.05
INV522367,2024-11-16,2024 Q4,690,Importer,Small,341,Cafe,Coffee_Beans,4.57333,25.0,114.33,57.84,0.5059,partially_compliant,56.5
INV523236,2024-11-16,2024 Q4,686,Importer,Small,342,Cafe,Coffee_Beans,4.045623,25.0,101.14,5.16,0.0511,non_compliant,95.98
INV524105,2024-11-16,2024 Q4,690,Importer,Small,343,Cafe,Coffee_Beans,12.11842,25.0,302.96,153.25,0.5059,partially_compliant,149.71
INV532795,2024-11-16,2024 Q4,686,Importer,Small,353,Cafe,Coffee_Beans,11.605425,25.0,290.14,14.82,0.0511,non_compliant,275.32
INV534533,2024-11-16,2024 Q4,678,Importer,Medium,355,Cafe,Coffee_Beans,18.604709,25.0,465.12,330.22,0.71,partially_compliant,134.9
INV537140,2024-11-16,2024 Q4,679,Importer,Large,358,Cafe,Coffee_Beans,6.631835,25.0,165.8,97.46,0.5878,partially_compliant,68.34
INV542465,2024-11-16,2024 Q4,673,Importer,Medium,365,Fine_Dine_Meat,Beer,32.919513,3.0,98.76,96.05,0.9726,compliant,2.71
INV544676,2024-11-16,2024 Q4,692,Importer,Large,369,Fine_Dine_Meat,Wine,22.637605,10.67,241.54,216.14,0.8948,partially_compliant,25.41
INV547441,2024-11-16,2024 Q4,675,Importer,Small,374,Fine_Dine_Meat,Wine,26.395321,10.67,281.64,271.27,0.9632,compliant,10.37
INV547442,2024-11-16,2024 Q4,683,Importer,Small,374,Fine_Dine_Meat,Beer,39.592982,3.0,118.78,73.99,0.6229,partially_compliant,44.79
INV549654,2024-11-16,2024 Q4,679,Importer,Large,378,Fine_Dine_Meat,Beer,28.88599,3.0,86.66,50.94,0.5878,partially_compliant,35.72
INV550206,2024-11-16,2024 Q4,686,Importer,Small,379,Fine_Dine_Meat,Wine,50.788864,10.67,541.92,27.67,0.0511,non_compliant,514.25
INV551865,2024-11-16,2024 Q4,677,Importer,Small,382,Fine_Dine_Meat,Wine,19.464475,10.67,207.69,202.43,0.9747,compliant,5.25
INV552971,2024-11-16,2024 Q4,682,Importer,Small,384,Fine_Dine_Meat,Wine,19.691663,10.67,210.11,167.58,0.7976,partially_compliant,42.53
INV552972,2024-11-16,2024 Q4,680,Importer,Medium,384,Fine_Dine_Meat,Beer,29.537494,3.0,88.61,88.61,1.0,compliant,0.0
INV555183,2024-11-16,2024 Q4,686,Importer,Small,388,Fine_Dine_Meat,Wine,29.232588,10.67,311.91,15.93,0.0511,non_compliant,295.98
INV555184,2024-11-16,2024 Q4,680,Importer,Medium,388,Fine_Dine_Meat,Beer,43.848882,3.0,131.55,131.55,1.0,compliant,0.0
INV555736,2024-11-16,2024 Q4,680,Importer,Medium,389,Fine_Dine_Meat,Wine,21.797232,10.67,232.58,232.58,1.0,compliant,0.0
INV556842,2024-11-16,2024 Q4,692,Importer,Large,391,Fine_Dine_Meat,Wine,13.788537,10.67,147.12,131.65,0.8948,partially_compliant,15.48
INV557396,2024-11-16,2024 Q4,692,Importer,Large,392,Fine_Dine_Meat,Beer,34.399318,3.0,103.2,92.34,0.8948,partially_compliant,10.85
INV558501,2024-11-16,2024 Q4,679,Importer,Large,394,Fine_Dine_Meat,Wine,31.083415,10.67,331.66,194.95,0.5878,partially_compliant,136.71
INV559054,2024-11-16,2024 Q4,686,Importer,Small,395,Fine_Dine_Meat,Wine,33.633232,10.67,358.87,18.32,0.0511,non_compliant,340.54
INV559608,2024-11-16,2024 Q4,685,Importer,Small,396,Fine_Dine_Meat,Beer,67.828245,3.0,203.48,195.4,0.9602,compliant,8.09
INV560161,2024-11-16,2024 Q4,675,Importer,Small,397,Fine_Dine_Meat,Beer,21.004088,3.0,63.01,60.69,0.9632,compliant,2.32
INV561266,2024-11-16,2024 Q4,673,Importer,Medium,399,Fine_Dine_Meat,Wine,41.669977,10.67,444.62,432.44,0.9726,compliant,12.18
INV566243,2024-11-16,2024 Q4,681,Importer,Small,408,Fine_Dine_Meat,Wine,48.454816,10.67,517.01,0.0,0.0,non_compliant,517.01
INV567902,2024-11-16,2024 Q4,673,Importer,Medium,411,Fine_Dine_Meat,Wine,18.4185,10.67,196.53,191.14,0.9726,compliant,5.38
INV567903,2024-11-16,2024 Q4,673,Importer,Medium,411,Fine_Dine_Meat,Beer,27.627749,3.0,82.88,80.61,0.9726,compliant,2.27
INV568455,2024-11-16,2024 Q4,680,Importer,Medium,412,Fine_Dine_Meat,Wine,44.484476,10.67,474.65,474.65,1.0,compliant,0.0
INV569561,2024-11-16,2024 Q4,689,Importer,Small,414,Fine_Dine_Meat,Wine,47.832518,10.67,510.37,500.95,0.9815,compliant,9.43
INV570667,2024-11-16,2024 Q4,680,Importer,Medium,416,Fine_Dine_Meat,Wine,25.420303,10.67,271.23,271.23,1.0,compliant,0.0
INV571773,2024-11-16,2024 Q4,675,Importer,Small,418,Fine_Dine_Meat,Wine,46.347439,10.67,494.53,476.32,0.9632,compliant,18.21
INV573985,2024-11-16,2024 Q4,673,Importer,Medium,422,Fine_Dine_Meat,Wine,26.194083,10.67,279.49,271.83,0.9726,compliant,7.66
INV576750,2024-11-16,2024 Q4,678,Importer,Medium,427,Fine_Dine_Meat,Wine,17.832934,10.67,190.28,135.09,0.71,partially_compliant,55.19
INV577303,2024-11-16,2024 Q4,689,Importer,Small,428,Fine_Dine_Meat,Wine,19.929692,10.67,212.65,208.72,0.9815,compliant,3.93
INV578409,2024-11-16,2024 Q4,685,Importer,Small,430,Fine_Dine_Meat,Wine,24.376498,10.67,260.1,249.76,0.9602,compliant,10.34
INV578962,2024-11-16,2024 Q4,692,Importer,Large,431,Fine_Dine_Meat,Wine,21.168985,10.67,225.87,202.11,0.8948,partially_compliant,23.76
INV579515,2024-11-16,2024 Q4,673,Importer,Medium,432,Fine_Dine_Meat,Wine,35.514584,10.67,378.94,368.56,0.9726,compliant,10.38
INV580069,2024-11-16,2024 Q4,679,Importer,Large,433,Fine_Dine_Meat,Beer,27.830455,3.0,83.49,49.08,0.5878,partially_compliant,34.41
INV580622,2024-11-16,2024 Q4,692,Importer,Large,434,Fine_Dine_Meat,Beer,30.619833,3.0,91.86,82.2,0.8948,partially_compliant,9.66
INV581175,2024-11-16,2024 Q4,687,Importer,Medium,435,Fine_Dine_Meat,Beer,38.278235,3.0,114.83,99.67,0.8679,partially_compliant,15.17
INV583939,2024-11-16,2024 Q4,679,Importer,Large,440,Fine_Dine_Meat,Wine,23.156981,10.67,247.08,145.24,0.5878,partially_compliant,101.85
INV583940,2024-11-16,2024 Q4,692,Importer,Large,440,Fine_Dine_Meat,Beer,34.735472,3.0,104.21,93.25,0.8948,partially_compliant,10.96
INV587810,2024-11-16,2024 Q4,686,Importer,Small,447,Fine_Dine_Vegetarian,Wine,34.544173,10.67,368.59,18.82,0.0511,non_compliant,349.77
INV588363,2024-11-16,2024 Q4,679,Importer,Large,448,Fine_Dine_Vegetarian,Wine,64.822357,10.67,691.65,406.56,0.5878,partially_compliant,285.09
INV588916,2024-11-16,2024 Q4,692,Importer,Large,449,Fine_Dine_Vegetarian,Wine,32.360705,10.67,345.29,308.97,0.8948,partially_compliant,36.32
INV589469,2024-11-16,2024 Q4,680,Importer,Medium,450,Fine_Dine_Vegetarian,Wine,88.432637,10.67,943.58,943.58,1.0,compliant,0.0
INV591128,2024-11-16,2024 Q4,682,Importer,Small,453,Fine_Dine_Vegetarian,Wine,57.183682,10.67,610.15,486.64,0.7976,partially_compliant,123.51
INV592787,2024-11-16,2024 Q4,675,Importer,Small,456,Fine_Dine_Vegetarian,Wine,26.37922,10.67,281.47,271.1,0.9632,compliant,10.36
INV594446,2024-11-16,2024 Q4,673,Importer,Medium,459,Fine_Dine_Vegetarian,Wine,24.083139,10.67,256.97,249.93,0.9726,compliant,7.04
INV596105,2024-11-16,2024 Q4,673,Importer,Medium,462,Fine_Dine_Vegetarian,Wine,23.676258,10.67,252.63,245.7,0.9726,compliant,6.92
INV596658,2024-11-16,2024 Q4,690,Importer,Small,463,Fine_Dine_Vegetarian,Wine,55.254679,10.67,589.57,298.23,0.5059,partially_compliant,291.33
INV597211,2024-11-16,2024 Q4,677,Importer,Small,464,Fine_Dine_Vegetarian,Wine,28.443273,10.67,303.49,295.81,0.9747,compliant,7.68
INV599976,2024-11-16,2024 Q4,682,Importer,Small,469,Fine_Dine_Vegetarian,Wine,15.162073,10.67,161.78,129.03,0.7976,partially_compliant,32.75
INV601635,2024-11-16,2024 Q4,689,Importer,Small,472,Fine_Dine_Vegetarian,Wine,22.897482,10.67,244.32,239.8,0.9815,compliant,4.51
INV603847,2024-11-16,2024 Q4,692,Importer,Large,476,Fine_Dine_Vegetarian,Wine,28.203579,10.67,300.93,269.28,0.8948,partially_compliant,31.65
INV605506,2024-11-16,2024 Q4,673,Importer,Medium,479,Fine_Dine_Vegetarian,Wine,29.8503,10.67,318.5,309.78,0.9726,compliant,8.73
INV607718,2024-11-16,2024 Q4,675,Importer,Small,483,Fine_Dine_Vegetarian,Wine,29.3987,10.67,313.68,302.13,0.9632,compliant,11.55
INV609377,2024-11-16,2024 Q4,692,Importer,Large,486,Fine_Dine_Vegetarian,Wine,45.096416,10.67,481.18,430.57,0.8948,partially_compliant,50.61
INV613801,2024-11-16,2024 Q4,686,Importer,Small,494,Fine_Dine_Vegetarian,Wine,23.591756,10.67,251.72,12.85,0.0511,non_compliant,238.87
INV617119,2024-11-16,2024 Q4,673,Importer,Medium,500,Fine_Dine_Vegetarian,Wine,31.653056,10.67,337.74,328.48,0.9726,compliant,9.25
INV402456,2024-11-23,2024 Q4,692,Importer,Large,203,Cafe,Coffee_Beans,27.325369,25.0,683.13,611.28,0.8948,partially_compliant,71.86
INV404194,2024-11-23,2024 Q4,680,Importer,Medium,205,Cafe,Coffee_Beans,5.243268,25.0,131.08,131.08,1.0,compliant,0.0
INV405932,2024-11-23,2024 Q4,684,Importer,Medium,207,Cafe,Coffee_Beans,6.835648,25.0,170.89,168.6,0.9866,compliant,2.29
INV415491,2024-11-23,2024 Q4,677,Importer,Small,218,Cafe,Coffee_Beans,16.247134,25.0,406.18,395.9,0.9747,compliant,10.28
INV420705,2024-11-23,2024 Q4,686,Importer,Small,224,Cafe,Coffee_Beans,11.579274,25.0,289.48,14.78,0.0511,non_compliant,274.7
INV424181,2024-11-23,2024 Q4,677,Importer,Small,228,Cafe,Coffee_Beans,7.070223,25.0,176.76,172.28,0.9747,compliant,4.47
INV425919,2024-11-23,2024 Q4,682,Importer,Small,230,Cafe,Coffee_Beans,7.930866,25.0,198.27,158.14,0.7976,partially_compliant,40.13
INV426788,2024-11-23,2024 Q4,681,Importer,Small,231,Cafe,Coffee_Beans,7.085197,25.0,177.13,0.0,0.0,non_compliant,177.13
INV429395,2024-11-23,2024 Q4,673,Importer,Medium,234,Cafe,Coffee_Beans,6.303699,25.0,157.59,153.27,0.9726,compliant,4.32
INV430264,2024-11-23,2024 Q4,673,Importer,Medium,235,Cafe,Coffee_Beans,29.854484,25.0,746.36,725.91,0.9726,compliant,20.45
INV432002,2024-11-23,2024 Q4,683,Importer,Small,237,Cafe,Coffee_Beans,17.268348,25.0,431.71,268.91,0.6229,partially_compliant,162.8
INV438085,2024-11-23,2024 Q4,682,Importer,Small,244,Cafe,Coffee_Beans,8.038648,25.0,200.97,160.29,0.7976,partially_compliant,40.68
INV439823,2024-11-23,2024 Q4,688,Importer,Small,246,Cafe,Coffee_Beans,9.153119,25.0,228.83,222.56,0.9726,compliant,6.27
INV445037,2024-11-23,2024 Q4,675,Importer,Small,252,Cafe,Coffee_Beans,7.81684,25.0,195.42,188.23,0.9632,compliant,7.2
INV448513,2024-11-23,2024 Q4,678,Importer,Medium,256,Cafe,Coffee_Beans,10.468989,25.0,261.72,185.81,0.71,partially_compliant,75.91
INV449382,2024-11-23,2024 Q4,680,Importer,Medium,257,Cafe,Coffee_Beans,28.827658,25.0,720.69,720.69,1.0,compliant,0.0
INV454596,2024-11-23,2024 Q4,675,Importer,Small,263,Cafe,Coffee_Beans,6.483808,25.0,162.1,156.13,0.9632,compliant,5.97
INV459810,2024-11-23,2024 Q4,677,Importer,Small,269,Cafe,Coffee_Beans,6.162405,25.0,154.06,150.16,0.9747,compliant,3.9
INV464155,2024-11-23,2024 Q4,673,Importer,Medium,274,Cafe,Coffee_Beans,6.946835,25.0,173.67,168.91,0.9726,compliant,4.76
INV465024,2024-11-23,2024 Q4,689,Importer,Small,275,Cafe,Coffee_Beans,8.036152,25.0,200.9,197.19,0.9815,compliant,3.71
INV465893,2024-11-23,2024 Q4,692,Importer,Large,276,Cafe,Coffee_Beans,6.924698,25.0,173.12,154.91,0.8948,partially_compliant,18.21
INV470238,2024-11-23,2024 Q4,689,Importer,Small,281,Cafe,Coffee_Beans,13.066428,25.0,326.66,320.63,0.9815,compliant,6.03
INV475452,2024-11-23,2024 Q4,680,Importer,Medium,287,Cafe,Coffee_Beans,3.99514,25.0,99.88,99.88,1.0,compliant,0.0
INV478059,2024-11-23,2024 Q4,675,Importer,Small,290,Cafe,Coffee_Beans,6.579753,25.0,164.49,158.44,0.9632,compliant,6.06
INV484142,2024-11-23,2024 Q4,689,Importer,Small,297,Cafe,Coffee_Beans,13.993575,25.0,349.84,343.38,0.9815,compliant,6.46
INV485011,2024-11-23,2024 Q4,674,Importer,Small,298,Cafe,Coffee_Beans,7.751435,25.0,193.79,192.86,0.9952,compliant,0.92
INV490225,2024-11-23,2024 Q4,682,Importer,Small,304,Cafe,Coffee_Beans,6.539928,25.0,163.5,130.4,0.7976,partially_compliant,33.1
INV491094,2024-11-23,2024 Q4,682,Importer,Small,305,Cafe,Coffee_Beans,3.22996,25.0,80.75,64.4,0.7976,partially_compliant,16.35
INV496308,2024-11-23,2024 Q4,680,Importer,Medium,311,Cafe,Coffee_Beans,7.842691,25.0,196.07,196.07,1.0,compliant,0.0
INV497177,2024-11-23,2024 Q4,689,Importer,Small,312,Cafe,Coffee_Beans,7.330238,25.0,183.26,179.87,0.9815,compliant,3.38
INV498046,2024-11-23,2024 Q4,682,Importer,Small,313,Cafe,Coffee_Beans,3.830919,25.0,95.77,76.39,0.7976,partially_compliant,19.39
INV502391,2024-11-23,2024 Q4,688,Importer,Small,318,Cafe,Coffee_Beans,35.154244,25.0,878.86,854.78,0.9726,compliant,24.07
INV507605,2024-11-23,2024 Q4,692,Importer,Large,324,Cafe,Coffee_Beans,6.970908,25.0,174.27,155.94,0.8948,partially_compliant,18.33
INV515426,2024-11-23,2024 Q4,678,Importer,Medium,333,Cafe,Coffee_Beans,6.052016,25.0,151.3,107.42,0.71,partially_compliant,43.88
INV518033,2024-11-23,2024 Q4,690,Importer,Small,336,Cafe,Coffee_Beans,6.264863,25.0,156.62,79.23,0.5059,partially_compliant,77.39
INV522378,2024-11-23,2024 Q4,690,Importer,Small,341,Cafe,Coffee_Beans,5.051234,25.0,126.28,63.88,0.5059,partially_compliant,62.4
INV523247,2024-11-23,2024 Q4,686,Importer,Small,342,Cafe,Coffee_Beans,4.468382,25.0,111.71,5.7,0.0511,non_compliant,106.01
INV524116,2024-11-23,2024 Q4,690,Importer,Small,343,Cafe,Coffee_Beans,14.962859,25.0,374.07,189.22,0.5059,partially_compliant,184.85
INV532806,2024-11-23,2024 Q4,686,Importer,Small,353,Cafe,Coffee_Beans,12.818169,25.0,320.45,16.36,0.0511,non_compliant,304.09
INV534544,2024-11-23,2024 Q4,678,Importer,Medium,355,Cafe,Coffee_Beans,20.548864,25.0,513.72,364.72,0.71,partially_compliant,149.0
INV537151,2024-11-23,2024 Q4,679,Importer,Large,358,Cafe,Coffee_Beans,7.324849,25.0,183.12,107.64,0.5878,partially_compliant,75.48
INV542472,2024-11-23,2024 Q4,673,Importer,Medium,365,Fine_Dine_Meat,Beer,34.068078,3.0,102.2,99.4,0.9726,compliant,2.8
INV544683,2024-11-23,2024 Q4,692,Importer,Large,369,Fine_Dine_Meat,Wine,23.427433,10.67,249.97,223.68,0.8948,partially_compliant,26.29
INV547448,2024-11-23,2024 Q4,675,Importer,Small,374,Fine_Dine_Meat,Wine,27.316257,10.67,291.46,280.73,0.9632,compliant,10.73
INV547449,2024-11-23,2024 Q4,683,Importer,Small,374,Fine_Dine_Meat,Beer,40.974385,3.0,122.92,76.57,0.6229,partially_compliant,46.35
INV549661,2024-11-23,2024 Q4,679,Importer,Large,378,Fine_Dine_Meat,Beer,29.893825,3.0,89.68,52.72,0.5878,partially_compliant,36.97
INV550213,2024-11-23,2024 Q4,686,Importer,Small,379,Fine_Dine_Meat,Wine,52.560892,10.67,560.82,28.64,0.0511,non_compliant,532.19
INV551872,2024-11-23,2024 Q4,677,Importer,Small,382,Fine_Dine_Meat,Wine,21.179842,10.67,225.99,220.27,0.9747,compliant,5.72
INV552978,2024-11-23,2024 Q4,682,Importer,Small,384,Fine_Dine_Meat,Wine,20.378707,10.67,217.44,173.43,0.7976,partially_compliant,44.01
INV552979,2024-11-23,2024 Q4,680,Importer,Medium,384,Fine_Dine_Meat,Beer,30.56806,3.0,91.7,91.7,1.0,compliant,0.0
INV555190,2024-11-23,2024 Q4,686,Importer,Small,388,Fine_Dine_Meat,Wine,24.077012,10.67,256.9,13.12,0.0511,non_compliant,243.78
INV555191,2024-11-23,2024 Q4,680,Importer,Medium,388,Fine_Dine_Meat,Beer,36.115518,3.0,108.35,108.35,1.0,compliant,0.0
INV555743,2024-11-23,2024 Q4,680,Importer,Medium,389,Fine_Dine_Meat,Wine,22.55774,10.67,240.69,240.69,1.0,compliant,0.0
INV556849,2024-11-23,2024 Q4,692,Importer,Large,391,Fine_Dine_Meat,Wine,14.269621,10.67,152.26,136.24,0.8948,partially_compliant,16.02
INV557403,2024-11-23,2024 Q4,692,Importer,Large,392,Fine_Dine_Meat,Beer,41.204093,3.0,123.61,110.61,0.8948,partially_compliant,13.0
INV558508,2024-11-23,2024 Q4,679,Importer,Large,394,Fine_Dine_Meat,Wine,32.167918,10.67,343.23,201.75,0.5878,partially_compliant,141.48
INV559061,2024-11-23,2024 Q4,686,Importer,Small,395,Fine_Dine_Meat,Wine,34.806698,10.67,371.39,18.96,0.0511,non_compliant,352.42
INV559615,2024-11-23,2024 Q4,685,Importer,Small,396,Fine_Dine_Meat,Beer,70.194778,3.0,210.58,202.21,0.9602,compliant,8.37
INV560168,2024-11-23,2024 Q4,675,Importer,Small,397,Fine_Dine_Meat,Beer,19.477341,3.0,58.43,56.28,0.9632,compliant,2.15
INV561273,2024-11-23,2024 Q4,673,Importer,Medium,399,Fine_Dine_Meat,Wine,43.123846,10.67,460.13,447.52,0.9726,compliant,12.61
INV566250,2024-11-23,2024 Q4,681,Importer,Small,408,Fine_Dine_Meat,Wine,50.145409,10.67,535.05,0.0,0.0,non_compliant,535.05
INV567909,2024-11-23,2024 Q4,673,Importer,Medium,411,Fine_Dine_Meat,Wine,19.061123,10.67,203.38,197.81,0.9726,compliant,5.57
INV567910,2024-11-23,2024 Q4,673,Importer,Medium,411,Fine_Dine_Meat,Beer,28.591684,3.0,85.78,83.42,0.9726,compliant,2.35
INV568462,2024-11-23,2024 Q4,680,Importer,Medium,412,Fine_Dine_Meat,Wine,46.036543,10.67,491.21,491.21,1.0,compliant,0.0
INV569568,2024-11-23,2024 Q4,689,Importer,Small,414,Fine_Dine_Meat,Wine,53.314708,10.67,568.87,558.36,0.9815,compliant,10.51
INV570674,2024-11-23,2024 Q4,680,Importer,Medium,416,Fine_Dine_Meat,Wine,26.30722,10.67,280.7,280.7,1.0,compliant,0.0
INV571780,2024-11-23,2024 Q4,675,Importer,Small,418,Fine_Dine_Meat,Wine,47.964506,10.67,511.78,492.94,0.9632,compliant,18.84
INV573992,2024-11-23,2024 Q4,673,Importer,Medium,422,Fine_Dine_Meat,Wine,27.107997,10.67,289.24,281.32,0.9726,compliant,7.92
INV576757,2024-11-23,2024 Q4,678,Importer,Medium,427,Fine_Dine_Meat,Wine,18.455127,10.67,196.92,139.8,0.71,partially_compliant,57.11
INV577310,2024-11-23,2024 Q4,689,Importer,Small,428,Fine_Dine_Meat,Wine,20.62504,10.67,220.07,216.0,0.9815,compliant,4.06
INV578416,2024-11-23,2024 Q4,685,Importer,Small,430,Fine_Dine_Meat,Wine,25.226996,10.67,269.17,258.47,0.9602,compliant,10.7
INV578969,2024-11-23,2024 Q4,692,Importer,Large,431,Fine_Dine_Meat,Wine,21.907573,10.67,233.75,209.17,0.8948,partially_compliant,24.59
INV579522,2024-11-23,2024 Q4,673,Importer,Medium,432,Fine_Dine_Meat,Wine,36.753691,10.67,392.16,381.42,0.9726,compliant,10.74
INV580076,2024-11-23,2024 Q4,679,Importer,Large,433,Fine_Dine_Meat,Beer,27.297592,3.0,81.89,48.14,0.5878,partially_compliant,33.76
INV580629,2024-11-23,2024 Q4,692,Importer,Large,434,Fine_Dine_Meat,Beer,31.688162,3.0,95.06,85.07,0.8948,partially_compliant,10.0
INV581182,2024-11-23,2024 Q4,687,Importer,Medium,435,Fine_Dine_Meat,Beer,36.886011,3.0,110.66,96.04,0.8679,partially_compliant,14.62
INV583946,2024-11-23,2024 Q4,679,Importer,Large,440,Fine_Dine_Meat,Wine,23.96493,10.67,255.71,150.31,0.5878,partially_compliant,105.4
INV583947,2024-11-23,2024 Q4,692,Importer,Large,440,Fine_Dine_Meat,Beer,35.947395,3.0,107.84,96.5,0.8948,partially_compliant,11.34
INV587817,2024-11-23,2024 Q4,686,Importer,Small,447,Fine_Dine_Vegetarian,Wine,35.749422,10.67,381.45,19.48,0.0511,non_compliant,361.97
INV588370,2024-11-23,2024 Q4,679,Importer,Large,448,Fine_Dine_Vegetarian,Wine,67.084015,10.67,715.79,420.75,0.5878,partially_compliant,295.04
INV588923,2024-11-23,2024 Q4,692,Importer,Large,449,Fine_Dine_Vegetarian,Wine,34.293456,10.67,365.91,327.42,0.8948,partially_compliant,38.49
INV589476,2024-11-23,2024 Q4,680,Importer,Medium,450,Fine_Dine_Vegetarian,Wine,91.51806,10.67,976.5,976.5,1.0,compliant,0.0
INV591135,2024-11-23,2024 Q4,682,Importer,Small,453,Fine_Dine_Vegetarian,Wine,59.178825,10.67,631.44,503.62,0.7976,partially_compliant,127.82
INV592794,2024-11-23,2024 Q4,675,Importer,Small,456,Fine_Dine_Vegetarian,Wine,27.299593,10.67,291.29,280.56,0.9632,compliant,10.72
INV594453,2024-11-23,2024 Q4,673,Importer,Medium,459,Fine_Dine_Vegetarian,Wine,24.923402,10.67,265.93,258.65,0.9726,compliant,7.29
INV596112,2024-11-23,2024 Q4,673,Importer,Medium,462,Fine_Dine_Vegetarian,Wine,24.502324,10.67,261.44,254.28,0.9726,compliant,7.16
INV596665,2024-11-23,2024 Q4,690,Importer,Small,463,Fine_Dine_Vegetarian,Wine,57.182519,10.67,610.14,308.64,0.5059,partially_compliant,301.5
INV597218,2024-11-23,2024 Q4,677,Importer,Small,464,Fine_Dine_Vegetarian,Wine,29.435661,10.67,314.08,306.13,0.9747,compliant,7.95
INV599983,2024-11-23,2024 Q4,682,Importer,Small,469,Fine_Dine_Vegetarian,Wine,15.691079,10.67,167.42,133.53,0.7976,partially_compliant,33.89
INV601642,2024-11-23,2024 Q4,689,Importer,Small,472,Fine_Dine_Vegetarian,Wine,23.696377,10.67,252.84,248.17,0.9815,compliant,4.67
INV603854,2024-11-23,2024 Q4,692,Importer,Large,476,Fine_Dine_Vegetarian,Wine,29.187605,10.67,311.43,278.67,0.8948,partially_compliant,32.76
INV605513,2024-11-23,2024 Q4,673,Importer,Medium,479,Fine_Dine_Vegetarian,Wine,29.099887,10.67,310.5,301.99,0.9726,compliant,8.51
INV607725,2024-11-23,2024 Q4,675,Importer,Small,483,Fine_Dine_Vegetarian,Wine,24.227846,10.67,258.51,248.99,0.9632,compliant,9.52
INV609384,2024-11-23,2024 Q4,692,Importer,Large,486,Fine_Dine_Vegetarian,Wine,46.669834,10.67,497.97,445.59,0.8948,partially_compliant,52.38
INV613808,2024-11-23,2024 Q4,686,Importer,Small,494,Fine_Dine_Vegetarian,Wine,24.404745,10.67,260.4,13.3,0.0511,non_compliant,247.1
INV617126,2024-11-23,2024 Q4,673,Importer,Medium,500,Fine_Dine_Vegetarian,Wine,32.757434,10.67,349.52,339.95,0.9726,compliant,9.58
INV402467,2024-11-30,2024 Q4,692,Importer,Large,203,Cafe,Coffee_Beans,26.965122,25.0,674.13,603.22,0.8948,partially_compliant,70.91
INV404205,2024-11-30,2024 Q4,680,Importer,Medium,205,Cafe,Coffee_Beans,5.068007,25.0,126.7,126.7,1.0,compliant,0.0
INV405943,2024-11-30,2024 Q4,684,Importer,Medium,207,Cafe,Coffee_Beans,6.705633,25.0,167.64,165.39,0.9866,compliant,2.25
INV415502,2024-11-30,2024 Q4,677,Importer,Small,218,Cafe,Coffee_Beans,16.052172,25.0,401.3,391.15,0.9747,compliant,10.15
INV420716,2024-11-30,2024 Q4,686,Importer,Small,224,Cafe,Coffee_Beans,10.322555,25.0,258.06,13.18,0.0511,non_compliant,244.89
INV424192,2024-11-30,2024 Q4,677,Importer,Small,228,Cafe,Coffee_Beans,7.050885,25.0,176.27,171.81,0.9747,compliant,4.46
INV425930,2024-11-30,2024 Q4,682,Importer,Small,230,Cafe,Coffee_Beans,7.907926,25.0,197.7,157.68,0.7976,partially_compliant,40.02
INV426799,2024-11-30,2024 Q4,681,Importer,Small,231,Cafe,Coffee_Beans,7.035437,25.0,175.89,0.0,0.0,non_compliant,175.89
INV429406,2024-11-30,2024 Q4,673,Importer,Medium,234,Cafe,Coffee_Beans,6.208579,25.0,155.21,150.96,0.9726,compliant,4.25
INV430275,2024-11-30,2024 Q4,673,Importer,Medium,235,Cafe,Coffee_Beans,29.404001,25.0,735.1,714.96,0.9726,compliant,20.14
INV432013,2024-11-30,2024 Q4,683,Importer,Small,237,Cafe,Coffee_Beans,17.191187,25.0,429.78,267.71,0.6229,partially_compliant,162.07
INV438096,2024-11-30,2024 Q4,682,Importer,Small,244,Cafe,Coffee_Beans,7.9645,25.0,199.11,158.81,0.7976,partially_compliant,40.3
INV439834,2024-11-30,2024 Q4,688,Importer,Small,246,Cafe,Coffee_Beans,10.251467,25.0,256.29,249.27,0.9726,compliant,7.02
INV445048,2024-11-30,2024 Q4,675,Importer,Small,252,Cafe,Coffee_Beans,7.70653,25.0,192.66,185.57,0.9632,compliant,7.09
INV448524,2024-11-30,2024 Q4,678,Importer,Medium,256,Cafe,Coffee_Beans,10.109897,25.0,252.75,179.44,0.71,partially_compliant,73.31
INV449393,2024-11-30,2024 Q4,680,Importer,Medium,257,Cafe,Coffee_Beans,28.681989,25.0,717.05,717.05,1.0,compliant,0.0
INV454607,2024-11-30,2024 Q4,675,Importer,Small,263,Cafe,Coffee_Beans,6.478494,25.0,161.96,156.0,0.9632,compliant,5.96
INV459821,2024-11-30,2024 Q4,677,Importer,Small,269,Cafe,Coffee_Beans,6.131227,25.0,153.28,149.4,0.9747,compliant,3.88
INV464166,2024-11-30,2024 Q4,673,Importer,Medium,274,Cafe,Coffee_Beans,6.775481,25.0,169.39,164.75,0.9726,compliant,4.64
INV465035,2024-11-30,2024 Q4,689,Importer,Small,275,Cafe,Coffee_Beans,7.99185,25.0,199.8,196.11,0.9815,compliant,3.69
INV465904,2024-11-30,2024 Q4,692,Importer,Large,276,Cafe,Coffee_Beans,6.840857,25.0,171.02,153.03,0.8948,partially_compliant,17.99
INV470249,2024-11-30,2024 Q4,689,Importer,Small,281,Cafe,Coffee_Beans,12.929687,25.0,323.24,317.27,0.9815,compliant,5.97
INV475463,2024-11-30,2024 Q4,680,Importer,Medium,287,Cafe,Coffee_Beans,3.474644,25.0,86.87,86.87,1.0,compliant,0.0
INV478070,2024-11-30,2024 Q4,675,Importer,Small,290,Cafe,Coffee_Beans,6.578263,25.0,164.46,158.4,0.9632,compliant,6.05
INV484153,2024-11-30,2024 Q4,689,Importer,Small,297,Cafe,Coffee_Beans,13.680756,25.0,342.02,335.7,0.9815,compliant,6.32
INV485022,2024-11-30,2024 Q4,674,Importer,Small,298,Cafe,Coffee_Beans,7.709538,25.0,192.74,191.82,0.9952,compliant,0.92
INV490236,2024-11-30,2024 Q4,682,Importer,Small,304,Cafe,Coffee_Beans,6.528302,25.0,163.21,130.17,0.7976,partially_compliant,33.04
INV491105,2024-11-30,2024 Q4,682,Importer,Small,305,Cafe,Coffee_Beans,3.159763,25.0,78.99,63.0,0.7976,partially_compliant,15.99
INV496319,2024-11-30,2024 Q4,680,Importer,Medium,311,Cafe,Coffee_Beans,7.798369,25.0,194.96,194.96,1.0,compliant,0.0
INV497188,2024-11-30,2024 Q4,689,Importer,Small,312,Cafe,Coffee_Beans,7.113338,25.0,177.83,174.55,0.9815,compliant,3.28
INV498057,2024-11-30,2024 Q4,682,Importer,Small,313,Cafe,Coffee_Beans,3.747662,25.0,93.69,74.73,0.7976,partially_compliant,18.97
INV502402,2024-11-30,2024 Q4,688,Importer,Small,318,Cafe,Coffee_Beans,35.157677,25.0,878.94,854.87,0.9726,compliant,24.07
INV507616,2024-11-30,2024 Q4,692,Importer,Large,324,Cafe,Coffee_Beans,6.773031,25.0,169.33,151.52,0.8948,partially_compliant,17.81
INV515437,2024-11-30,2024 Q4,678,Importer,Medium,333,Cafe,Coffee_Beans,5.90789,25.0,147.7,104.86,0.71,partially_compliant,42.84
INV518044,2024-11-30,2024 Q4,690,Importer,Small,336,Cafe,Coffee_Beans,6.503215,25.0,162.58,82.24,0.5059,partially_compliant,80.34
INV522389,2024-11-30,2024 Q4,690,Importer,Small,341,Cafe,Coffee_Beans,5.018698,25.0,125.47,63.47,0.5059,partially_compliant,62.0
INV523258,2024-11-30,2024 Q4,686,Importer,Small,342,Cafe,Coffee_Beans,4.31663,25.0,107.92,5.51,0.0511,non_compliant,102.41
INV524127,2024-11-30,2024 Q4,690,Importer,Small,343,Cafe,Coffee_Beans,14.390861,25.0,359.77,181.99,0.5059,partially_compliant,177.78
INV532817,2024-11-30,2024 Q4,686,Importer,Small,353,Cafe,Coffee_Beans,12.433608,25.0,310.84,15.87,0.0511,non_compliant,294.97
INV534555,2024-11-30,2024 Q4,678,Importer,Medium,355,Cafe,Coffee_Beans,20.196394,25.0,504.91,358.47,0.71,partially_compliant,146.44
INV537162,2024-11-30,2024 Q4,679,Importer,Large,358,Cafe,Coffee_Beans,7.232664,25.0,180.82,106.29,0.5878,partially_compliant,74.53
INV542479,2024-11-30,2024 Q4,673,Importer,Medium,365,Fine_Dine_Meat,Beer,34.218627,3.0,102.66,99.84,0.9726,compliant,2.81
INV544690,2024-11-30,2024 Q4,692,Importer,Large,369,Fine_Dine_Meat,Wine,24.176175,10.67,257.96,230.83,0.8948,partially_compliant,27.13
INV547455,2024-11-30,2024 Q4,675,Importer,Small,374,Fine_Dine_Meat,Wine,28.178379,10.67,300.66,289.59,0.9632,compliant,11.07
INV547456,2024-11-30,2024 Q4,683,Importer,Small,374,Fine_Dine_Meat,Beer,42.267569,3.0,126.8,78.98,0.6229,partially_compliant,47.82
INV549668,2024-11-30,2024 Q4,679,Importer,Large,378,Fine_Dine_Meat,Beer,30.629908,3.0,91.89,54.01,0.5878,partially_compliant,37.88
INV550220,2024-11-30,2024 Q4,686,Importer,Small,379,Fine_Dine_Meat,Wine,53.875548,10.67,574.85,29.35,0.0511,non_compliant,545.5
INV551879,2024-11-30,2024 Q4,677,Importer,Small,382,Fine_Dine_Meat,Wine,22.115168,10.67,235.97,230.0,0.9747,compliant,5.97
INV552985,2024-11-30,2024 Q4,682,Importer,Small,384,Fine_Dine_Meat,Wine,20.64828,10.67,220.32,175.72,0.7976,partially_compliant,44.6
INV552986,2024-11-30,2024 Q4,680,Importer,Medium,384,Fine_Dine_Meat,Beer,30.97242,3.0,92.92,92.92,1.0,compliant,0.0
INV555197,2024-11-30,2024 Q4,686,Importer,Small,388,Fine_Dine_Meat,Wine,19.906012,10.67,212.4,10.85,0.0511,non_compliant,201.55
INV555198,2024-11-30,2024 Q4,680,Importer,Medium,388,Fine_Dine_Meat,Beer,29.859017,3.0,89.58,89.58,1.0,compliant,0.0
INV555750,2024-11-30,2024 Q4,680,Importer,Medium,389,Fine_Dine_Meat,Wine,22.687708,10.67,242.08,242.08,1.0,compliant,0.0
INV556856,2024-11-30,2024 Q4,692,Importer,Large,391,Fine_Dine_Meat,Wine,16.19442,10.67,172.79,154.62,0.8948,partially_compliant,18.18
INV557410,2024-11-30,2024 Q4,692,Importer,Large,392,Fine_Dine_Meat,Beer,40.892981,3.0,122.68,109.77,0.8948,partially_compliant,12.9
INV558515,2024-11-30,2024 Q4,679,Importer,Large,394,Fine_Dine_Meat,Wine,32.178357,10.67,343.34,201.82,0.5878,partially_compliant,141.52
INV559068,2024-11-30,2024 Q4,686,Importer,Small,395,Fine_Dine_Meat,Wine,34.286274,10.67,365.83,18.68,0.0511,non_compliant,347.15
INV559622,2024-11-30,2024 Q4,685,Importer,Small,396,Fine_Dine_Meat,Beer,70.291342,3.0,210.87,202.49,0.9602,compliant,8.38
INV560175,2024-11-30,2024 Q4,675,Importer,Small,397,Fine_Dine_Meat,Beer,19.736204,3.0,59.21,57.03,0.9632,compliant,2.18
INV561280,2024-11-30,2024 Q4,673,Importer,Medium,399,Fine_Dine_Meat,Wine,44.246583,10.67,472.11,459.18,0.9726,compliant,12.94
INV566257,2024-11-30,2024 Q4,681,Importer,Small,408,Fine_Dine_Meat,Wine,51.759207,10.67,552.27,0.0,0.0,non_compliant,552.27
INV567916,2024-11-30,2024 Q4,673,Importer,Medium,411,Fine_Dine_Meat,Wine,19.074366,10.67,203.52,197.95,0.9726,compliant,5.58
INV567917,2024-11-30,2024 Q4,673,Importer,Medium,411,Fine_Dine_Meat,Beer,28.61155,3.0,85.83,83.48,0.9726,compliant,2.35
INV568469,2024-11-30,2024 Q4,680,Importer,Medium,412,Fine_Dine_Meat,Wine,46.971503,10.67,501.19,501.19,1.0,compliant,0.0
INV569575,2024-11-30,2024 Q4,689,Importer,Small,414,Fine_Dine_Meat,Wine,53.76112,10.67,573.63,563.04,0.9815,compliant,10.6
INV570681,2024-11-30,2024 Q4,680,Importer,Medium,416,Fine_Dine_Meat,Wine,26.864749,10.67,286.65,286.65,1.0,compliant,0.0
INV571787,2024-11-30,2024 Q4,675,Importer,Small,418,Fine_Dine_Meat,Wine,49.108688,10.67,523.99,504.7,0.9632,compliant,19.29
INV573999,2024-11-30,2024 Q4,673,Importer,Medium,422,Fine_Dine_Meat,Wine,27.748821,10.67,296.08,287.97,0.9726,compliant,8.11
INV576764,2024-11-30,2024 Q4,678,Importer,Medium,427,Fine_Dine_Meat,Wine,19.650052,10.67,209.67,148.85,0.71,partially_compliant,60.81
INV577317,2024-11-30,2024 Q4,689,Importer,Small,428,Fine_Dine_Meat,Wine,21.254002,10.67,226.78,222.59,0.9815,compliant,4.19
INV578423,2024-11-30,2024 Q4,685,Importer,Small,430,Fine_Dine_Meat,Wine,25.586957,10.67,273.01,262.16,0.9602,compliant,10.85
INV578976,2024-11-30,2024 Q4,692,Importer,Large,431,Fine_Dine_Meat,Wine,22.014941,10.67,234.9,210.19,0.8948,partially_compliant,24.71
INV579529,2024-11-30,2024 Q4,673,Importer,Medium,432,Fine_Dine_Meat,Wine,38.209094,10.67,407.69,396.52,0.9726,compliant,11.17
INV580083,2024-11-30,2024 Q4,679,Importer,Large,433,Fine_Dine_Meat,Beer,26.947188,3.0,80.84,47.52,0.5878,partially_compliant,33.32
INV580636,2024-11-30,2024 Q4,692,Importer,Large,434,Fine_Dine_Meat,Beer,34.604261,3.0,103.81,92.89,0.8948,partially_compliant,10.92
INV581189,2024-11-30,2024 Q4,687,Importer,Medium,435,Fine_Dine_Meat,Beer,39.877015,3.0,119.63,103.83,0.8679,partially_compliant,15.8
INV583953,2024-11-30,2024 Q4,679,Importer,Large,440,Fine_Dine_Meat,Wine,24.488812,10.67,261.3,153.59,0.5878,partially_compliant,107.7
INV583954,2024-11-30,2024 Q4,692,Importer,Large,440,Fine_Dine_Meat,Beer,36.733219,3.0,110.2,98.61,0.8948,partially_compliant,11.59
INV587824,2024-11-30,2024 Q4,686,Importer,Small,447,Fine_Dine_Vegetarian,Wine,36.797696,10.67,392.63,20.05,0.0511,non_compliant,372.58
INV588377,2024-11-30,2024 Q4,679,Importer,Large,448,Fine_Dine_Vegetarian,Wine,69.200444,10.67,738.37,434.02,0.5878,partially_compliant,304.35
INV588930,2024-11-30,2024 Q4,692,Importer,Large,449,Fine_Dine_Vegetarian,Wine,35.791529,10.67,381.9,341.73,0.8948,partially_compliant,40.17
INV589483,2024-11-30,2024 Q4,680,Importer,Medium,450,Fine_Dine_Vegetarian,Wine,93.777464,10.67,1000.61,1000.61,1.0,compliant,0.0
INV591142,2024-11-30,2024 Q4,682,Importer,Small,453,Fine_Dine_Vegetarian,Wine,60.340939,10.67,643.84,513.51,0.7976,partially_compliant,130.33
INV592801,2024-11-30,2024 Q4,675,Importer,Small,456,Fine_Dine_Vegetarian,Wine,28.086686,10.67,299.68,288.65,0.9632,compliant,11.03
INV594460,2024-11-30,2024 Q4,673,Importer,Medium,459,Fine_Dine_Vegetarian,Wine,24.839001,10.67,265.03,257.77,0.9726,compliant,7.26
INV596119,2024-11-30,2024 Q4,673,Importer,Medium,462,Fine_Dine_Vegetarian,Wine,25.209566,10.67,268.99,261.62,0.9726,compliant,7.37
INV596672,2024-11-30,2024 Q4,690,Importer,Small,463,Fine_Dine_Vegetarian,Wine,58.875241,10.67,628.2,317.78,0.5059,partially_compliant,310.42
INV597225,2024-11-30,2024 Q4,677,Importer,Small,464,Fine_Dine_Vegetarian,Wine,29.9979,10.67,320.08,311.98,0.9747,compliant,8.1
INV599990,2024-11-30,2024 Q4,682,Importer,Small,469,Fine_Dine_Vegetarian,Wine,15.914973,10.67,169.81,135.44,0.7976,partially_compliant,34.37
INV601649,2024-11-30,2024 Q4,689,Importer,Small,472,Fine_Dine_Vegetarian,Wine,23.926365,10.67,255.29,250.58,0.9815,compliant,4.72
INV603861,2024-11-30,2024 Q4,692,Importer,Large,476,Fine_Dine_Vegetarian,Wine,30.060981,10.67,320.75,287.01,0.8948,partially_compliant,33.74
INV605520,2024-11-30,2024 Q4,673,Importer,Medium,479,Fine_Dine_Vegetarian,Wine,25.542039,10.67,272.53,265.07,0.9726,compliant,7.47
INV607732,2024-11-30,2024 Q4,675,Importer,Small,483,Fine_Dine_Vegetarian,Wine,23.14264,10.67,246.93,237.84,0.9632,compliant,9.09
INV609391,2024-11-30,2024 Q4,692,Importer,Large,486,Fine_Dine_Vegetarian,Wine,47.716505,10.67,509.14,455.58,0.8948,partially_compliant,53.55
INV613815,2024-11-30,2024 Q4,686,Importer,Small,494,Fine_Dine_Vegetarian,Wine,24.658785,10.67,263.11,13.44,0.0511,non_compliant,249.67
INV617133,2024-11-30,2024 Q4,673,Importer,Medium,500,Fine_Dine_Vegetarian,Wine,33.505808,10.67,357.51,347.71,0.9726,compliant,9.8
INV402478,2024-12-07,2024 Q4,692,Importer,Large,203,Cafe,Coffee_Beans,24.107987,25.0,602.7,539.3,0.8948,partially_compliant,63.4
INV404216,2024-12-07,2024 Q4,680,Importer,Medium,205,Cafe,Coffee_Beans,4.514712,25.0,112.87,112.87,1.0,compliant,0.0
INV405954,2024-12-07,2024 Q4,684,Importer,Medium,207,Cafe,Coffee_Beans,5.988998,25.0,149.72,147.72,0.9866,compliant,2.01
INV415513,2024-12-07,2024 Q4,677,Importer,Small,218,Cafe,Coffee_Beans,14.354292,25.0,358.86,349.78,0.9747,compliant,9.08
INV420727,2024-12-07,2024 Q4,686,Importer,Small,224,Cafe,Coffee_Beans,7.403227,25.0,185.08,9.45,0.0511,non_compliant,175.63
INV424203,2024-12-07,2024 Q4,677,Importer,Small,228,Cafe,Coffee_Beans,6.315145,25.0,157.88,153.88,0.9747,compliant,3.99
INV425941,2024-12-07,2024 Q4,682,Importer,Small,230,Cafe,Coffee_Beans,7.082567,25.0,177.06,141.22,0.7976,partially_compliant,35.84
INV426810,2024-12-07,2024 Q4,681,Importer,Small,231,Cafe,Coffee_Beans,6.296691,25.0,157.42,0.0,0.0,non_compliant,157.42
INV429417,2024-12-07,2024 Q4,673,Importer,Medium,234,Cafe,Coffee_Beans,5.548893,25.0,138.72,134.92,0.9726,compliant,3.8
INV430286,2024-12-07,2024 Q4,673,Importer,Medium,235,Cafe,Coffee_Beans,26.279711,25.0,656.99,638.99,0.9726,compliant,18.0
INV432024,2024-12-07,2024 Q4,683,Importer,Small,237,Cafe,Coffee_Beans,15.392787,25.0,384.82,239.7,0.6229,partially_compliant,145.12
INV438107,2024-12-07,2024 Q4,682,Importer,Small,244,Cafe,Coffee_Beans,7.125498,25.0,178.14,142.08,0.7976,partially_compliant,36.06
INV439845,2024-12-07,2024 Q4,688,Importer,Small,246,Cafe,Coffee_Beans,10.915171,25.0,272.88,265.41,0.9726,compliant,7.47
INV445059,2024-12-07,2024 Q4,675,Importer,Small,252,Cafe,Coffee_Beans,6.888857,25.0,172.22,165.88,0.9632,compliant,6.34
INV448535,2024-12-07,2024 Q4,678,Importer,Medium,256,Cafe,Coffee_Beans,9.004723,25.0,225.12,159.83,0.71,partially_compliant,65.29
INV449404,2024-12-07,2024 Q4,680,Importer,Medium,257,Cafe,Coffee_Beans,25.678949,25.0,641.97,641.97,1.0,compliant,0.0
INV454618,2024-12-07,2024 Q4,675,Importer,Small,263,Cafe,Coffee_Beans,5.80437,25.0,145.11,139.77,0.9632,compliant,5.34
INV459832,2024-12-07,2024 Q4,677,Importer,Small,269,Cafe,Coffee_Beans,5.489273,25.0,137.23,133.76,0.9747,compliant,3.47
INV464177,2024-12-07,2024 Q4,673,Importer,Medium,274,Cafe,Coffee_Beans,6.045319,25.0,151.13,146.99,0.9726,compliant,4.14
INV465046,2024-12-07,2024 Q4,689,Importer,Small,275,Cafe,Coffee_Beans,7.15453,25.0,178.86,175.56,0.9815,compliant,3.3
INV465915,2024-12-07,2024 Q4,692,Importer,Large,276,Cafe,Coffee_Beans,6.117168,25.0,152.93,136.84,0.8948,partially_compliant,16.09
INV470260,2024-12-07,2024 Q4,689,Importer,Small,281,Cafe,Coffee_Beans,11.565157,25.0,289.13,283.79,0.9815,compliant,5.34
INV475474,2024-12-07,2024 Q4,680,Importer,Medium,287,Cafe,Coffee_Beans,3.08671,25.0,77.17,77.17,1.0,compliant,0.0
INV478081,2024-12-07,2024 Q4,675,Importer,Small,290,Cafe,Coffee_Beans,5.89435,25.0,147.36,141.93,0.9632,compliant,5.43
INV484164,2024-12-07,2024 Q4,689,Importer,Small,297,Cafe,Coffee_Beans,11.617831,25.0,290.45,285.08,0.9815,compliant,5.36
INV485033,2024-12-07,2024 Q4,674,Importer,Small,298,Cafe,Coffee_Beans,6.901924,25.0,172.55,171.73,0.9952,compliant,0.82
INV490247,2024-12-07,2024 Q4,682,Importer,Small,304,Cafe,Coffee_Beans,5.848044,25.0,146.2,116.61,0.7976,partially_compliant,29.59
INV491116,2024-12-07,2024 Q4,682,Importer,Small,305,Cafe,Coffee_Beans,2.820723,25.0,70.52,56.24,0.7976,partially_compliant,14.27
INV496330,2024-12-07,2024 Q4,680,Importer,Medium,311,Cafe,Coffee_Beans,6.981155,25.0,174.53,174.53,1.0,compliant,0.0
INV497199,2024-12-07,2024 Q4,689,Importer,Small,312,Cafe,Coffee_Beans,6.341157,25.0,158.53,155.6,0.9815,compliant,2.93
INV498068,2024-12-07,2024 Q4,682,Importer,Small,313,Cafe,Coffee_Beans,3.456937,25.0,86.42,68.93,0.7976,partially_compliant,17.49
INV502413,2024-12-07,2024 Q4,688,Importer,Small,318,Cafe,Coffee_Beans,31.263862,25.0,781.6,760.19,0.9726,compliant,21.41
INV507627,2024-12-07,2024 Q4,692,Importer,Large,324,Cafe,Coffee_Beans,6.039102,25.0,150.98,135.1,0.8948,partially_compliant,15.88
INV515448,2024-12-07,2024 Q4,678,Importer,Medium,333,Cafe,Coffee_Beans,5.272026,25.0,131.8,93.57,0.71,partially_compliant,38.23
INV518055,2024-12-07,2024 Q4,690,Importer,Small,336,Cafe,Coffee_Beans,6.417961,25.0,160.45,81.16,0.5059,partially_compliant,79.29
INV522400,2024-12-07,2024 Q4,690,Importer,Small,341,Cafe,Coffee_Beans,4.492166,25.0,112.3,56.81,0.5059,partially_compliant,55.49
INV523269,2024-12-07,2024 Q4,686,Importer,Small,342,Cafe,Coffee_Beans,3.844991,25.0,96.12,4.91,0.0511,non_compliant,91.22
INV524138,2024-12-07,2024 Q4,690,Importer,Small,343,Cafe,Coffee_Beans,11.109338,25.0,277.73,140.49,0.5059,partially_compliant,137.24
INV532828,2024-12-07,2024 Q4,686,Importer,Small,353,Cafe,Coffee_Beans,11.083066,25.0,277.08,14.15,0.0511,non_compliant,262.93
INV534566,2024-12-07,2024 Q4,678,Importer,Medium,355,Cafe,Coffee_Beans,18.043921,25.0,451.1,320.26,0.71,partially_compliant,130.84
INV537173,2024-12-07,2024 Q4,679,Importer,Large,358,Cafe,Coffee_Beans,6.466989,25.0,161.67,95.03,0.5878,partially_compliant,66.64
INV542486,2024-12-07,2024 Q4,673,Importer,Medium,365,Fine_Dine_Meat,Beer,33.041728,3.0,99.13,96.41,0.9726,compliant,2.72
INV544697,2024-12-07,2024 Q4,692,Importer,Large,369,Fine_Dine_Meat,Wine,23.44594,10.67,250.17,223.85,0.8948,partially_compliant,26.31
INV547462,2024-12-07,2024 Q4,675,Importer,Small,374,Fine_Dine_Meat,Wine,27.325593,10.67,291.56,280.83,0.9632,compliant,10.73
INV547463,2024-12-07,2024 Q4,683,Importer,Small,374,Fine_Dine_Meat,Beer,40.98839,3.0,122.97,76.59,0.6229,partially_compliant,46.37
INV549675,2024-12-07,2024 Q4,679,Importer,Large,378,Fine_Dine_Meat,Beer,29.671235,3.0,89.01,52.32,0.5878,partially_compliant,36.69
INV550227,2024-12-07,2024 Q4,686,Importer,Small,379,Fine_Dine_Meat,Wine,52.192463,10.67,556.89,28.44,0.0511,non_compliant,528.46
INV551886,2024-12-07,2024 Q4,677,Importer,Small,382,Fine_Dine_Meat,Wine,21.636519,10.67,230.86,225.02,0.9747,compliant,5.84
INV552992,2024-12-07,2024 Q4,682,Importer,Small,384,Fine_Dine_Meat,Wine,19.966289,10.67,213.04,169.92,0.7976,partially_compliant,43.12
INV552993,2024-12-07,2024 Q4,680,Importer,Medium,384,Fine_Dine_Meat,Beer,29.949434,3.0,89.85,89.85,1.0,compliant,0.0
INV555204,2024-12-07,2024 Q4,686,Importer,Small,388,Fine_Dine_Meat,Wine,16.321086,10.67,174.15,8.89,0.0511,non_compliant,165.25
INV555205,2024-12-07,2024 Q4,680,Importer,Medium,388,Fine_Dine_Meat,Beer,24.481629,3.0,73.44,73.44,1.0,compliant,0.0
INV555757,2024-12-07,2024 Q4,680,Importer,Medium,389,Fine_Dine_Meat,Wine,21.91215,10.67,233.8,233.8,1.0,compliant,0.0
INV556863,2024-12-07,2024 Q4,692,Importer,Large,391,Fine_Dine_Meat,Wine,15.929644,10.67,169.97,152.09,0.8948,partially_compliant,17.88
INV557417,2024-12-07,2024 Q4,692,Importer,Large,392,Fine_Dine_Meat,Beer,32.815775,3.0,98.45,88.09,0.8948,partially_compliant,10.36
INV558522,2024-12-07,2024 Q4,679,Importer,Large,394,Fine_Dine_Meat,Wine,31.050957,10.67,331.31,194.75,0.5878,partially_compliant,136.56
INV559075,2024-12-07,2024 Q4,686,Importer,Small,395,Fine_Dine_Meat,Wine,33.001224,10.67,352.12,17.98,0.0511,non_compliant,334.14
INV559629,2024-12-07,2024 Q4,685,Importer,Small,396,Fine_Dine_Meat,Beer,67.840245,3.0,203.52,195.43,0.9602,compliant,8.09
INV560182,2024-12-07,2024 Q4,675,Importer,Small,397,Fine_Dine_Meat,Beer,19.087489,3.0,57.26,55.15,0.9632,compliant,2.11
INV561287,2024-12-07,2024 Q4,673,Importer,Medium,399,Fine_Dine_Meat,Wine,42.871094,10.67,457.43,444.9,0.9726,compliant,12.53
INV566264,2024-12-07,2024 Q4,681,Importer,Small,408,Fine_Dine_Meat,Wine,50.197537,10.67,535.61,0.0,0.0,non_compliant,535.61
INV567923,2024-12-07,2024 Q4,673,Importer,Medium,411,Fine_Dine_Meat,Wine,18.40719,10.67,196.4,191.02,0.9726,compliant,5.38
INV567924,2024-12-07,2024 Q4,673,Importer,Medium,411,Fine_Dine_Meat,Beer,27.610785,3.0,82.83,80.56,0.9726,compliant,2.27
INV568476,2024-12-07,2024 Q4,680,Importer,Medium,412,Fine_Dine_Meat,Wine,45.470803,10.67,485.17,485.17,1.0,compliant,0.0
INV569582,2024-12-07,2024 Q4,689,Importer,Small,414,Fine_Dine_Meat,Wine,47.226692,10.67,503.91,494.6,0.9815,compliant,9.31
INV570688,2024-12-07,2024 Q4,680,Importer,Medium,416,Fine_Dine_Meat,Wine,26.010036,10.67,277.53,277.53,1.0,compliant,0.0
INV571794,2024-12-07,2024 Q4,675,Importer,Small,418,Fine_Dine_Meat,Wine,47.565984,10.67,507.53,488.84,0.9632,compliant,18.69
INV574006,2024-12-07,2024 Q4,673,Importer,Medium,422,Fine_Dine_Meat,Wine,26.87622,10.67,286.77,278.91,0.9726,compliant,7.86
INV576771,2024-12-07,2024 Q4,678,Importer,Medium,427,Fine_Dine_Meat,Wine,19.148966,10.67,204.32,145.06,0.71,partially_compliant,59.26
INV577324,2024-12-07,2024 Q4,689,Importer,Small,428,Fine_Dine_Meat,Wine,20.607415,10.67,219.88,215.82,0.9815,compliant,4.06
INV578430,2024-12-07,2024 Q4,685,Importer,Small,430,Fine_Dine_Meat,Wine,24.745931,10.67,264.04,253.54,0.9602,compliant,10.5
INV578983,2024-12-07,2024 Q4,692,Importer,Large,431,Fine_Dine_Meat,Wine,21.259427,10.67,226.84,202.98,0.8948,partially_compliant,23.86
INV579536,2024-12-07,2024 Q4,673,Importer,Medium,432,Fine_Dine_Meat,Wine,37.097888,10.67,395.83,384.99,0.9726,compliant,10.85
INV580090,2024-12-07,2024 Q4,679,Importer,Large,433,Fine_Dine_Meat,Beer,25.973722,3.0,77.92,45.8,0.5878,partially_compliant,32.12
INV580643,2024-12-07,2024 Q4,692,Importer,Large,434,Fine_Dine_Meat,Beer,33.849814,3.0,101.55,90.87,0.8948,partially_compliant,10.68
INV581196,2024-12-07,2024 Q4,687,Importer,Medium,435,Fine_Dine_Meat,Beer,45.546921,3.0,136.64,118.59,0.8679,partially_compliant,18.05
INV583960,2024-12-07,2024 Q4,679,Importer,Large,440,Fine_Dine_Meat,Wine,23.712159,10.67,253.01,148.72,0.5878,partially_compliant,104.29
INV583961,2024-12-07,2024 Q4,692,Importer,Large,440,Fine_Dine_Meat,Beer,35.568239,3.0,106.7,95.48,0.8948,partially_compliant,11.22
INV587831,2024-12-07,2024 Q4,686,Importer,Small,447,Fine_Dine_Vegetarian,Wine,35.671829,10.67,380.62,19.44,0.0511,non_compliant,361.18
INV588384,2024-12-07,2024 Q4,679,Importer,Large,448,Fine_Dine_Vegetarian,Wine,67.106051,10.67,716.02,420.88,0.5878,partially_compliant,295.14
INV588937,2024-12-07,2024 Q4,692,Importer,Large,449,Fine_Dine_Vegetarian,Wine,35.858175,10.67,382.61,342.36,0.8948,partially_compliant,40.24
INV589490,2024-12-07,2024 Q4,680,Importer,Medium,450,Fine_Dine_Vegetarian,Wine,90.843273,10.67,969.3,969.3,1.0,compliant,0.0
INV591149,2024-12-07,2024 Q4,682,Importer,Small,453,Fine_Dine_Vegetarian,Wine,58.406954,10.67,623.2,497.05,0.7976,partially_compliant,126.15
INV592808,2024-12-07,2024 Q4,675,Importer,Small,456,Fine_Dine_Vegetarian,Wine,27.225288,10.67,290.49,279.8,0.9632,compliant,10.7
INV594467,2024-12-07,2024 Q4,673,Importer,Medium,459,Fine_Dine_Vegetarian,Wine,23.954167,10.67,255.59,248.59,0.9726,compliant,7.0
INV596126,2024-12-07,2024 Q4,673,Importer,Medium,462,Fine_Dine_Vegetarian,Wine,24.43653,10.67,260.74,253.59,0.9726,compliant,7.14
INV596679,2024-12-07,2024 Q4,690,Importer,Small,463,Fine_Dine_Vegetarian,Wine,57.076333,10.67,609.0,308.07,0.5059,partially_compliant,300.94
INV597232,2024-12-07,2024 Q4,677,Importer,Small,464,Fine_Dine_Vegetarian,Wine,29.033995,10.67,309.79,301.96,0.9747,compliant,7.84
INV599997,2024-12-07,2024 Q4,682,Importer,Small,469,Fine_Dine_Vegetarian,Wine,15.391859,10.67,164.23,130.99,0.7976,partially_compliant,33.24
INV601656,2024-12-07,2024 Q4,689,Importer,Small,472,Fine_Dine_Vegetarian,Wine,23.123115,10.67,246.72,242.17,0.9815,compliant,4.56
INV603868,2024-12-07,2024 Q4,692,Importer,Large,476,Fine_Dine_Vegetarian,Wine,29.143914,10.67,310.97,278.26,0.8948,partially_compliant,32.71
INV605527,2024-12-07,2024 Q4,673,Importer,Medium,479,Fine_Dine_Vegetarian,Wine,18.327563,10.67,195.56,190.2,0.9726,compliant,5.36
INV607739,2024-12-07,2024 Q4,675,Importer,Small,483,Fine_Dine_Vegetarian,Wine,25.760054,10.67,274.86,264.74,0.9632,compliant,10.12
INV609398,2024-12-07,2024 Q4,692,Importer,Large,486,Fine_Dine_Vegetarian,Wine,46.207276,10.67,493.03,441.17,0.8948,partially_compliant,51.86
INV613822,2024-12-07,2024 Q4,686,Importer,Small,494,Fine_Dine_Vegetarian,Wine,23.661146,10.67,252.46,12.89,0.0511,non_compliant,239.57
INV617140,2024-12-07,2024 Q4,673,Importer,Medium,500,Fine_Dine_Vegetarian,Wine,32.448165,10.67,346.22,336.74,0.9726,compliant,9.49
INV402489,2024-12-14,2024 Q4,692,Importer,Large,203,Cafe,Coffee_Beans,23.573248,25.0,589.33,527.34,0.8948,partially_compliant,61.99
INV404227,2024-12-14,2024 Q4,680,Importer,Medium,205,Cafe,Coffee_Beans,4.414571,25.0,110.36,110.36,1.0,compliant,0.0
INV405965,2024-12-14,2024 Q4,684,Importer,Medium,207,Cafe,Coffee_Beans,5.856156,25.0,146.4,144.44,0.9866,compliant,1.96
INV415524,2024-12-14,2024 Q4,677,Importer,Small,218,Cafe,Coffee_Beans,14.035899,25.0,350.9,342.02,0.9747,compliant,8.88
INV420738,2024-12-14,2024 Q4,686,Importer,Small,224,Cafe,Coffee_Beans,5.710957,25.0,142.77,7.29,0.0511,non_compliant,135.48
INV424214,2024-12-14,2024 Q4,677,Importer,Small,228,Cafe,Coffee_Beans,6.175069,25.0,154.38,150.47,0.9747,compliant,3.91
INV425952,2024-12-14,2024 Q4,682,Importer,Small,230,Cafe,Coffee_Beans,6.925469,25.0,173.14,138.09,0.7976,partially_compliant,35.05
INV426821,2024-12-14,2024 Q4,681,Importer,Small,231,Cafe,Coffee_Beans,6.157024,25.0,153.93,0.0,0.0,non_compliant,153.93
INV429428,2024-12-14,2024 Q4,673,Importer,Medium,234,Cafe,Coffee_Beans,5.425813,25.0,135.65,131.93,0.9726,compliant,3.72
INV430297,2024-12-14,2024 Q4,673,Importer,Medium,235,Cafe,Coffee_Beans,25.696801,25.0,642.42,624.82,0.9726,compliant,17.6
INV432035,2024-12-14,2024 Q4,683,Importer,Small,237,Cafe,Coffee_Beans,15.05136,25.0,376.28,234.39,0.6229,partially_compliant,141.9
INV438118,2024-12-14,2024 Q4,682,Importer,Small,244,Cafe,Coffee_Beans,6.967447,25.0,174.19,138.93,0.7976,partially_compliant,35.26
INV439856,2024-12-14,2024 Q4,688,Importer,Small,246,Cafe,Coffee_Beans,11.181846,25.0,279.55,271.89,0.9726,compliant,7.66
INV445070,2024-12-14,2024 Q4,675,Importer,Small,252,Cafe,Coffee_Beans,6.736055,25.0,168.4,162.2,0.9632,compliant,6.2
INV448546,2024-12-14,2024 Q4,678,Importer,Medium,256,Cafe,Coffee_Beans,8.80499,25.0,220.12,156.28,0.71,partially_compliant,63.84
INV449415,2024-12-14,2024 Q4,680,Importer,Medium,257,Cafe,Coffee_Beans,25.109365,25.0,627.73,627.73,1.0,compliant,0.0
INV454629,2024-12-14,2024 Q4,675,Importer,Small,263,Cafe,Coffee_Beans,5.675623,25.0,141.89,136.67,0.9632,compliant,5.22
INV459843,2024-12-14,2024 Q4,677,Importer,Small,269,Cafe,Coffee_Beans,5.367516,25.0,134.19,130.79,0.9747,compliant,3.39
INV464188,2024-12-14,2024 Q4,673,Importer,Medium,274,Cafe,Coffee_Beans,5.911228,25.0,147.78,143.73,0.9726,compliant,4.05
INV465057,2024-12-14,2024 Q4,689,Importer,Small,275,Cafe,Coffee_Beans,6.995836,25.0,174.9,171.67,0.9815,compliant,3.23
INV465926,2024-12-14,2024 Q4,692,Importer,Large,276,Cafe,Coffee_Beans,5.981483,25.0,149.54,133.81,0.8948,partially_compliant,15.73
INV470271,2024-12-14,2024 Q4,689,Importer,Small,281,Cafe,Coffee_Beans,11.308631,25.0,282.72,277.49,0.9815,compliant,5.22
INV475485,2024-12-14,2024 Q4,680,Importer,Medium,287,Cafe,Coffee_Beans,3.018244,25.0,75.46,75.46,1.0,compliant,0.0
INV478092,2024-12-14,2024 Q4,675,Importer,Small,290,Cafe,Coffee_Beans,5.763607,25.0,144.09,138.79,0.9632,compliant,5.31
INV484175,2024-12-14,2024 Q4,689,Importer,Small,297,Cafe,Coffee_Beans,10.953604,25.0,273.84,268.78,0.9815,compliant,5.06
INV485044,2024-12-14,2024 Q4,674,Importer,Small,298,Cafe,Coffee_Beans,6.748833,25.0,168.72,167.92,0.9952,compliant,0.8
INV490258,2024-12-14,2024 Q4,682,Importer,Small,304,Cafe,Coffee_Beans,5.718329,25.0,142.96,114.02,0.7976,partially_compliant,28.94
INV491127,2024-12-14,2024 Q4,682,Importer,Small,305,Cafe,Coffee_Beans,2.944544,25.0,73.61,58.71,0.7976,partially_compliant,14.9
INV496341,2024-12-14,2024 Q4,680,Importer,Medium,311,Cafe,Coffee_Beans,6.826306,25.0,170.66,170.66,1.0,compliant,0.0
INV497210,2024-12-14,2024 Q4,689,Importer,Small,312,Cafe,Coffee_Beans,6.200504,25.0,155.01,152.15,0.9815,compliant,2.86
INV498079,2024-12-14,2024 Q4,682,Importer,Small,313,Cafe,Coffee_Beans,4.032199,25.0,100.8,80.4,0.7976,partially_compliant,20.4
INV502424,2024-12-14,2024 Q4,688,Importer,Small,318,Cafe,Coffee_Beans,30.48002,25.0,762.0,741.13,0.9726,compliant,20.87
INV507638,2024-12-14,2024 Q4,692,Importer,Large,324,Cafe,Coffee_Beans,5.905149,25.0,147.63,132.1,0.8948,partially_compliant,15.53
INV515459,2024-12-14,2024 Q4,678,Importer,Medium,333,Cafe,Coffee_Beans,5.155087,25.0,128.88,91.5,0.71,partially_compliant,37.38
INV518066,2024-12-14,2024 Q4,690,Importer,Small,336,Cafe,Coffee_Beans,6.726864,25.0,168.17,85.07,0.5059,partially_compliant,83.1
INV522411,2024-12-14,2024 Q4,690,Importer,Small,341,Cafe,Coffee_Beans,4.392525,25.0,109.81,55.55,0.5059,partially_compliant,54.26
INV523280,2024-12-14,2024 Q4,686,Importer,Small,342,Cafe,Coffee_Beans,3.759706,25.0,93.99,4.8,0.0511,non_compliant,89.19
INV524149,2024-12-14,2024 Q4,690,Importer,Small,343,Cafe,Coffee_Beans,9.602862,25.0,240.07,121.44,0.5059,partially_compliant,118.63
INV532839,2024-12-14,2024 Q4,686,Importer,Small,353,Cafe,Coffee_Beans,10.837233,25.0,270.93,13.83,0.0511,non_compliant,257.1
INV534577,2024-12-14,2024 Q4,678,Importer,Medium,355,Cafe,Coffee_Beans,17.643689,25.0,441.09,313.16,0.71,partially_compliant,127.93
INV537184,2024-12-14,2024 Q4,679,Importer,Large,358,Cafe,Coffee_Beans,6.323544,25.0,158.09,92.93,0.5878,partially_compliant,65.16
INV542493,2024-12-14,2024 Q4,673,Importer,Medium,365,Fine_Dine_Meat,Beer,32.346073,3.0,97.04,94.38,0.9726,compliant,2.66
INV544704,2024-12-14,2024 Q4,692,Importer,Large,369,Fine_Dine_Meat,Wine,22.952314,10.67,244.9,219.14,0.8948,partially_compliant,25.76
INV547469,2024-12-14,2024 Q4,675,Importer,Small,374,Fine_Dine_Meat,Wine,26.750285,10.67,285.43,274.92,0.9632,compliant,10.51
INV547470,2024-12-14,2024 Q4,683,Importer,Small,374,Fine_Dine_Meat,Beer,40.125428,3.0,120.38,74.98,0.6229,partially_compliant,45.39
INV549682,2024-12-14,2024 Q4,679,Importer,Large,378,Fine_Dine_Meat,Beer,29.046543,3.0,87.14,51.22,0.5878,partially_compliant,35.92
INV550234,2024-12-14,2024 Q4,686,Importer,Small,379,Fine_Dine_Meat,Wine,51.093613,10.67,545.17,27.84,0.0511,non_compliant,517.33
INV551893,2024-12-14,2024 Q4,677,Importer,Small,382,Fine_Dine_Meat,Wine,21.377933,10.67,228.1,222.33,0.9747,compliant,5.77
INV552999,2024-12-14,2024 Q4,682,Importer,Small,384,Fine_Dine_Meat,Wine,19.545923,10.67,208.55,166.34,0.7976,partially_compliant,42.22
INV553000,2024-12-14,2024 Q4,680,Importer,Medium,384,Fine_Dine_Meat,Beer,29.318884,3.0,87.96,87.96,1.0,compliant,0.0
INV555211,2024-12-14,2024 Q4,686,Importer,Small,388,Fine_Dine_Meat,Wine,13.601879,10.67,145.13,7.41,0.0511,non_compliant,137.72
INV555212,2024-12-14,2024 Q4,680,Importer,Medium,388,Fine_Dine_Meat,Beer,20.402819,3.0,61.21,61.21,1.0,compliant,0.0
INV555764,2024-12-14,2024 Q4,680,Importer,Medium,389,Fine_Dine_Meat,Wine,21.450816,10.67,228.88,228.88,1.0,compliant,0.0
INV556870,2024-12-14,2024 Q4,692,Importer,Large,391,Fine_Dine_Meat,Wine,15.594264,10.67,166.39,148.89,0.8948,partially_compliant,17.5
INV557424,2024-12-14,2024 Q4,692,Importer,Large,392,Fine_Dine_Meat,Beer,27.252327,3.0,81.76,73.16,0.8948,partially_compliant,8.6
INV558529,2024-12-14,2024 Q4,679,Importer,Large,394,Fine_Dine_Meat,Wine,30.397216,10.67,324.34,190.65,0.5878,partially_compliant,133.69
INV559082,2024-12-14,2024 Q4,686,Importer,Small,395,Fine_Dine_Meat,Wine,32.306423,10.67,344.71,17.6,0.0511,non_compliant,327.11
INV559636,2024-12-14,2024 Q4,685,Importer,Small,396,Fine_Dine_Meat,Beer,66.411949,3.0,199.24,191.32,0.9602,compliant,7.92
INV560189,2024-12-14,2024 Q4,675,Importer,Small,397,Fine_Dine_Meat,Beer,18.685624,3.0,56.06,53.99,0.9632,compliant,2.06
INV561294,2024-12-14,2024 Q4,673,Importer,Medium,399,Fine_Dine_Meat,Wine,41.968494,10.67,447.8,435.53,0.9726,compliant,12.27
INV566271,2024-12-14,2024 Q4,681,Importer,Small,408,Fine_Dine_Meat,Wine,49.140688,10.67,524.33,0.0,0.0,non_compliant,524.33
INV567930,2024-12-14,2024 Q4,673,Importer,Medium,411,Fine_Dine_Meat,Wine,18.019648,10.67,192.27,187.0,0.9726,compliant,5.27
INV567931,2024-12-14,2024 Q4,673,Importer,Medium,411,Fine_Dine_Meat,Beer,27.029472,3.0,81.09,78.87,0.9726,compliant,2.22
INV568483,2024-12-14,2024 Q4,680,Importer,Medium,412,Fine_Dine_Meat,Wine,44.513469,10.67,474.96,474.96,1.0,compliant,0.0
INV569589,2024-12-14,2024 Q4,689,Importer,Small,414,Fine_Dine_Meat,Wine,42.251151,10.67,450.82,442.49,0.9815,compliant,8.33
INV570695,2024-12-14,2024 Q4,680,Importer,Medium,416,Fine_Dine_Meat,Wine,25.462425,10.67,271.68,271.68,1.0,compliant,0.0
INV571801,2024-12-14,2024 Q4,675,Importer,Small,418,Fine_Dine_Meat,Wine,46.564538,10.67,496.84,478.55,0.9632,compliant,18.29
INV574013,2024-12-14,2024 Q4,673,Importer,Medium,422,Fine_Dine_Meat,Wine,26.310373,10.67,280.73,273.04,0.9726,compliant,7.69
INV576778,2024-12-14,2024 Q4,678,Importer,Medium,427,Fine_Dine_Meat,Wine,18.745807,10.67,200.02,142.0,0.71,partially_compliant,58.01
INV577331,2024-12-14,2024 Q4,689,Importer,Small,428,Fine_Dine_Meat,Wine,20.17355,10.67,215.25,211.28,0.9815,compliant,3.98
INV578437,2024-12-14,2024 Q4,685,Importer,Small,430,Fine_Dine_Meat,Wine,24.224935,10.67,258.48,248.2,0.9602,compliant,10.28
INV578990,2024-12-14,2024 Q4,692,Importer,Large,431,Fine_Dine_Meat,Wine,20.811835,10.67,222.06,198.7,0.8948,partially_compliant,23.36
INV579543,2024-12-14,2024 Q4,673,Importer,Medium,432,Fine_Dine_Meat,Wine,36.316836,10.67,387.5,376.88,0.9726,compliant,10.62
INV580097,2024-12-14,2024 Q4,679,Importer,Large,433,Fine_Dine_Meat,Beer,25.363304,3.0,76.09,44.73,0.5878,partially_compliant,31.36
INV580650,2024-12-14,2024 Q4,692,Importer,Large,434,Fine_Dine_Meat,Beer,33.137146,3.0,99.41,88.95,0.8948,partially_compliant,10.46
INV581203,2024-12-14,2024 Q4,687,Importer,Medium,435,Fine_Dine_Meat,Beer,49.459457,3.0,148.38,128.78,0.8679,partially_compliant,19.6
INV583967,2024-12-14,2024 Q4,679,Importer,Large,440,Fine_Dine_Meat,Wine,23.212928,10.67,247.68,145.59,0.5878,partially_compliant,102.09
INV583968,2024-12-14,2024 Q4,692,Importer,Large,440,Fine_Dine_Meat,Beer,34.819392,3.0,104.46,93.47,0.8948,partially_compliant,10.99
INV587838,2024-12-14,2024 Q4,686,Importer,Small,447,Fine_Dine_Vegetarian,Wine,34.920801,10.67,372.6,19.03,0.0511,non_compliant,353.58
INV588391,2024-12-14,2024 Q4,679,Importer,Large,448,Fine_Dine_Vegetarian,Wine,65.693213,10.67,700.95,412.02,0.5878,partially_compliant,288.92
INV588944,2024-12-14,2024 Q4,692,Importer,Large,449,Fine_Dine_Vegetarian,Wine,36.0578,10.67,384.74,344.27,0.8948,partially_compliant,40.47
INV589497,2024-12-14,2024 Q4,680,Importer,Medium,450,Fine_Dine_Vegetarian,Wine,88.930676,10.67,948.89,948.89,1.0,compliant,0.0
INV591156,2024-12-14,2024 Q4,682,Importer,Small,453,Fine_Dine_Vegetarian,Wine,57.177265,10.67,610.08,486.59,0.7976,partially_compliant,123.49
INV592815,2024-12-14,2024 Q4,675,Importer,Small,456,Fine_Dine_Vegetarian,Wine,26.652092,10.67,284.38,273.91,0.9632,compliant,10.47
INV594474,2024-12-14,2024 Q4,673,Importer,Medium,459,Fine_Dine_Vegetarian,Wine,23.44984,10.67,250.21,243.35,0.9726,compliant,6.86
INV596133,2024-12-14,2024 Q4,673,Importer,Medium,462,Fine_Dine_Vegetarian,Wine,23.922048,10.67,255.25,248.25,0.9726,compliant,6.99
INV596686,2024-12-14,2024 Q4,690,Importer,Small,463,Fine_Dine_Vegetarian,Wine,55.874658,10.67,596.18,301.58,0.5059,partially_compliant,294.6
INV597239,2024-12-14,2024 Q4,677,Importer,Small,464,Fine_Dine_Vegetarian,Wine,28.422719,10.67,303.27,295.6,0.9747,compliant,7.67
INV600004,2024-12-14,2024 Q4,682,Importer,Small,469,Fine_Dine_Vegetarian,Wine,15.067801,10.67,160.77,128.23,0.7976,partially_compliant,32.54
INV601663,2024-12-14,2024 Q4,689,Importer,Small,472,Fine_Dine_Vegetarian,Wine,22.636285,10.67,241.53,237.07,0.9815,compliant,4.46
INV603875,2024-12-14,2024 Q4,692,Importer,Large,476,Fine_Dine_Vegetarian,Wine,28.530323,10.67,304.42,272.4,0.8948,partially_compliant,32.02
INV605534,2024-12-14,2024 Q4,673,Importer,Medium,479,Fine_Dine_Vegetarian,Wine,13.325201,10.67,142.18,138.28,0.9726,compliant,3.9
INV607746,2024-12-14,2024 Q4,675,Importer,Small,483,Fine_Dine_Vegetarian,Wine,27.922434,10.67,297.93,286.96,0.9632,compliant,10.97
INV609405,2024-12-14,2024 Q4,692,Importer,Large,486,Fine_Dine_Vegetarian,Wine,45.234437,10.67,482.65,431.88,0.8948,partially_compliant,50.77
INV613829,2024-12-14,2024 Q4,686,Importer,Small,494,Fine_Dine_Vegetarian,Wine,23.006717,10.67,245.48,12.54,0.0511,non_compliant,232.95
INV617147,2024-12-14,2024 Q4,673,Importer,Medium,500,Fine_Dine_Vegetarian,Wine,31.765008,10.67,338.93,329.65,0.9726,compliant,9.29
INV402500,2024-12-21,2024 Q4,692,Importer,Large,203,Cafe,Coffee_Beans,25.684717,25.0,642.12,574.58,0.8948,partially_compliant,67.54
INV404238,2024-12-21,2024 Q4,680,Importer,Medium,205,Cafe,Coffee_Beans,4.809987,25.0,120.25,120.25,1.0,compliant,0.0
INV405976,2024-12-21,2024 Q4,684,Importer,Medium,207,Cafe,Coffee_Beans,6.380695,25.0,159.52,157.38,0.9866,compliant,2.14
INV415535,2024-12-21,2024 Q4,677,Importer,Small,218,Cafe,Coffee_Beans,15.293102,25.0,382.33,372.66,0.9747,compliant,9.67
INV420749,2024-12-21,2024 Q4,686,Importer,Small,224,Cafe,Coffee_Beans,4.785299,25.0,119.63,6.11,0.0511,non_compliant,113.52
INV424225,2024-12-21,2024 Q4,677,Importer,Small,228,Cafe,Coffee_Beans,6.728173,25.0,168.2,163.95,0.9747,compliant,4.26
INV425963,2024-12-21,2024 Q4,682,Importer,Small,230,Cafe,Coffee_Beans,7.545787,25.0,188.64,150.46,0.7976,partially_compliant,38.19
INV426832,2024-12-21,2024 Q4,681,Importer,Small,231,Cafe,Coffee_Beans,6.708512,25.0,167.71,0.0,0.0,non_compliant,167.71
INV429439,2024-12-21,2024 Q4,673,Importer,Medium,234,Cafe,Coffee_Beans,5.911806,25.0,147.8,143.75,0.9726,compliant,4.05
INV430308,2024-12-21,2024 Q4,673,Importer,Medium,235,Cafe,Coffee_Beans,27.998477,25.0,699.96,680.78,0.9726,compliant,19.18
INV432046,2024-12-21,2024 Q4,683,Importer,Small,237,Cafe,Coffee_Beans,16.399519,25.0,409.99,255.38,0.6229,partially_compliant,154.61
INV438129,2024-12-21,2024 Q4,682,Importer,Small,244,Cafe,Coffee_Beans,7.591525,25.0,189.79,151.37,0.7976,partially_compliant,38.42
INV439867,2024-12-21,2024 Q4,688,Importer,Small,246,Cafe,Coffee_Beans,12.18341,25.0,304.59,296.24,0.9726,compliant,8.34
INV445081,2024-12-21,2024 Q4,675,Importer,Small,252,Cafe,Coffee_Beans,7.339407,25.0,183.49,176.73,0.9632,compliant,6.76
INV448557,2024-12-21,2024 Q4,678,Importer,Medium,256,Cafe,Coffee_Beans,9.593658,25.0,239.84,170.28,0.71,partially_compliant,69.56
INV449426,2024-12-21,2024 Q4,680,Importer,Medium,257,Cafe,Coffee_Beans,27.358424,25.0,683.96,683.96,1.0,compliant,0.0
INV454640,2024-12-21,2024 Q4,675,Importer,Small,263,Cafe,Coffee_Beans,6.183992,25.0,154.6,148.91,0.9632,compliant,5.69
INV459854,2024-12-21,2024 Q4,677,Importer,Small,269,Cafe,Coffee_Beans,5.848287,25.0,146.21,142.51,0.9747,compliant,3.7
INV464199,2024-12-21,2024 Q4,673,Importer,Medium,274,Cafe,Coffee_Beans,6.4407,25.0,161.02,156.61,0.9726,compliant,4.41
INV465068,2024-12-21,2024 Q4,689,Importer,Small,275,Cafe,Coffee_Beans,7.622456,25.0,190.56,187.04,0.9815,compliant,3.52
INV465937,2024-12-21,2024 Q4,692,Importer,Large,276,Cafe,Coffee_Beans,6.517247,25.0,162.93,145.79,0.8948,partially_compliant,17.14
INV470282,2024-12-21,2024 Q4,689,Importer,Small,281,Cafe,Coffee_Beans,12.321551,25.0,308.04,302.35,0.9815,compliant,5.69
INV475496,2024-12-21,2024 Q4,680,Importer,Medium,287,Cafe,Coffee_Beans,3.28859,25.0,82.21,82.21,1.0,compliant,0.0
INV478103,2024-12-21,2024 Q4,675,Importer,Small,290,Cafe,Coffee_Beans,6.279857,25.0,157.0,151.22,0.9632,compliant,5.78
INV484186,2024-12-21,2024 Q4,689,Importer,Small,297,Cafe,Coffee_Beans,11.625218,25.0,290.63,285.26,0.9815,compliant,5.37
INV485055,2024-12-21,2024 Q4,674,Importer,Small,298,Cafe,Coffee_Beans,7.35333,25.0,183.83,182.96,0.9952,compliant,0.87
INV490269,2024-12-21,2024 Q4,682,Importer,Small,304,Cafe,Coffee_Beans,6.230523,25.0,155.76,124.23,0.7976,partially_compliant,31.53
INV491138,2024-12-21,2024 Q4,682,Importer,Small,305,Cafe,Coffee_Beans,3.694705,25.0,92.37,73.67,0.7976,partially_compliant,18.7
INV496352,2024-12-21,2024 Q4,680,Importer,Medium,311,Cafe,Coffee_Beans,7.437742,25.0,185.94,185.94,1.0,compliant,0.0
INV497221,2024-12-21,2024 Q4,689,Importer,Small,312,Cafe,Coffee_Beans,6.755886,25.0,168.9,165.78,0.9815,compliant,3.12
INV498090,2024-12-21,2024 Q4,682,Importer,Small,313,Cafe,Coffee_Beans,5.052876,25.0,126.32,100.75,0.7976,partially_compliant,25.57
INV502435,2024-12-21,2024 Q4,688,Importer,Small,318,Cafe,Coffee_Beans,33.135148,25.0,828.38,805.69,0.9726,compliant,22.69
INV507649,2024-12-21,2024 Q4,692,Importer,Large,324,Cafe,Coffee_Beans,6.434077,25.0,160.85,143.93,0.8948,partially_compliant,16.92
INV515470,2024-12-21,2024 Q4,678,Importer,Medium,333,Cafe,Coffee_Beans,5.616831,25.0,140.42,99.69,0.71,partially_compliant,40.73
INV518077,2024-12-21,2024 Q4,690,Importer,Small,336,Cafe,Coffee_Beans,7.69993,25.0,192.5,97.38,0.5059,partially_compliant,95.12
INV522422,2024-12-21,2024 Q4,690,Importer,Small,341,Cafe,Coffee_Beans,4.785966,25.0,119.65,60.52,0.5059,partially_compliant,59.12
INV523291,2024-12-21,2024 Q4,686,Importer,Small,342,Cafe,Coffee_Beans,4.096464,25.0,102.41,5.23,0.0511,non_compliant,97.18
INV524160,2024-12-21,2024 Q4,690,Importer,Small,343,Cafe,Coffee_Beans,9.444477,25.0,236.11,119.44,0.5059,partially_compliant,116.67
INV532850,2024-12-21,2024 Q4,686,Importer,Small,353,Cafe,Coffee_Beans,11.80793,25.0,295.2,15.07,0.0511,non_compliant,280.12
INV534588,2024-12-21,2024 Q4,678,Importer,Medium,355,Cafe,Coffee_Beans,19.224044,25.0,480.6,341.21,0.71,partially_compliant,139.39
INV537195,2024-12-21,2024 Q4,679,Importer,Large,358,Cafe,Coffee_Beans,6.889948,25.0,172.25,101.25,0.5878,partially_compliant,71.0
INV542500,2024-12-21,2024 Q4,673,Importer,Medium,365,Fine_Dine_Meat,Beer,33.648844,3.0,100.95,98.18,0.9726,compliant,2.77
INV544711,2024-12-21,2024 Q4,692,Importer,Large,369,Fine_Dine_Meat,Wine,23.876741,10.67,254.76,227.97,0.8948,partially_compliant,26.8
INV547476,2024-12-21,2024 Q4,675,Importer,Small,374,Fine_Dine_Meat,Wine,27.82768,10.67,296.92,285.99,0.9632,compliant,10.93
INV547477,2024-12-21,2024 Q4,683,Importer,Small,374,Fine_Dine_Meat,Beer,41.74152,3.0,125.22,78.0,0.6229,partially_compliant,47.22
INV549689,2024-12-21,2024 Q4,679,Importer,Large,378,Fine_Dine_Meat,Beer,30.216421,3.0,90.65,53.28,0.5878,partially_compliant,37.36
INV550241,2024-12-21,2024 Q4,686,Importer,Small,379,Fine_Dine_Meat,Wine,53.15146,10.67,567.13,28.96,0.0511,non_compliant,538.17
INV551900,2024-12-21,2024 Q4,677,Importer,Small,382,Fine_Dine_Meat,Wine,22.404498,10.67,239.06,233.01,0.9747,compliant,6.05
INV553006,2024-12-21,2024 Q4,682,Importer,Small,384,Fine_Dine_Meat,Wine,20.333154,10.67,216.95,173.04,0.7976,partially_compliant,43.92
INV553007,2024-12-21,2024 Q4,680,Importer,Medium,384,Fine_Dine_Meat,Beer,30.499732,3.0,91.5,91.5,1.0,compliant,0.0
INV555218,2024-12-21,2024 Q4,686,Importer,Small,388,Fine_Dine_Meat,Wine,12.109376,10.67,129.21,6.6,0.0511,non_compliant,122.61
INV555219,2024-12-21,2024 Q4,680,Importer,Medium,388,Fine_Dine_Meat,Beer,18.164063,3.0,54.49,54.49,1.0,compliant,0.0
INV555771,2024-12-21,2024 Q4,680,Importer,Medium,389,Fine_Dine_Meat,Wine,22.314769,10.67,238.1,238.1,1.0,compliant,0.0
INV556877,2024-12-21,2024 Q4,692,Importer,Large,391,Fine_Dine_Meat,Wine,16.222339,10.67,173.09,154.89,0.8948,partially_compliant,18.21
INV557431,2024-12-21,2024 Q4,692,Importer,Large,392,Fine_Dine_Meat,Beer,24.612823,3.0,73.84,66.07,0.8948,partially_compliant,7.77
INV558536,2024-12-21,2024 Q4,679,Importer,Large,394,Fine_Dine_Meat,Wine,31.621494,10.67,337.4,198.33,0.5878,partially_compliant,139.07
INV559089,2024-12-21,2024 Q4,686,Importer,Small,395,Fine_Dine_Meat,Wine,33.607597,10.67,358.59,18.31,0.0511,non_compliant,340.28
INV559643,2024-12-21,2024 Q4,685,Importer,Small,396,Fine_Dine_Meat,Beer,69.086757,3.0,207.26,199.02,0.9602,compliant,8.24
INV560196,2024-12-21,2024 Q4,675,Importer,Small,397,Fine_Dine_Meat,Beer,19.438207,3.0,58.31,56.17,0.9632,compliant,2.15
INV561301,2024-12-21,2024 Q4,673,Importer,Medium,399,Fine_Dine_Meat,Wine,43.658818,10.67,465.84,453.08,0.9726,compliant,12.76
INV566278,2024-12-21,2024 Q4,681,Importer,Small,408,Fine_Dine_Meat,Wine,51.119879,10.67,545.45,0.0,0.0,non_compliant,545.45
INV567937,2024-12-21,2024 Q4,673,Importer,Medium,411,Fine_Dine_Meat,Wine,18.745408,10.67,200.01,194.53,0.9726,compliant,5.48
INV567938,2024-12-21,2024 Q4,673,Importer,Medium,411,Fine_Dine_Meat,Beer,28.118112,3.0,84.35,82.04,0.9726,compliant,2.31
INV568490,2024-12-21,2024 Q4,680,Importer,Medium,412,Fine_Dine_Meat,Wine,46.306294,10.67,494.09,494.09,1.0,compliant,0.0
INV569596,2024-12-21,2024 Q4,689,Importer,Small,414,Fine_Dine_Meat,Wine,40.430353,10.67,431.39,423.42,0.9815,compliant,7.97
INV570702,2024-12-21,2024 Q4,680,Importer,Medium,416,Fine_Dine_Meat,Wine,26.48795,10.67,282.63,282.63,1.0,compliant,0.0
INV571808,2024-12-21,2024 Q4,675,Importer,Small,418,Fine_Dine_Meat,Wine,48.439972,10.67,516.85,497.82,0.9632,compliant,19.03
INV574020,2024-12-21,2024 Q4,673,Importer,Medium,422,Fine_Dine_Meat,Wine,27.37005,10.67,292.04,284.04,0.9726,compliant,8.0
INV576785,2024-12-21,2024 Q4,678,Importer,Medium,427,Fine_Dine_Meat,Wine,19.500813,10.67,208.07,147.72,0.71,partially_compliant,60.35
INV577338,2024-12-21,2024 Q4,689,Importer,Small,428,Fine_Dine_Meat,Wine,20.98606,10.67,223.92,219.79,0.9815,compliant,4.14
INV578444,2024-12-21,2024 Q4,685,Importer,Small,430,Fine_Dine_Meat,Wine,25.200619,10.67,268.89,258.2,0.9602,compliant,10.69
INV578997,2024-12-21,2024 Q4,692,Importer,Large,431,Fine_Dine_Meat,Wine,21.650053,10.67,231.01,206.71,0.8948,partially_compliant,24.3
INV579550,2024-12-21,2024 Q4,673,Importer,Medium,432,Fine_Dine_Meat,Wine,37.779534,10.67,403.11,392.06,0.9726,compliant,11.04
INV580104,2024-12-21,2024 Q4,679,Importer,Large,433,Fine_Dine_Meat,Beer,26.336013,3.0,79.01,46.44,0.5878,partially_compliant,32.57
INV580657,2024-12-21,2024 Q4,692,Importer,Large,434,Fine_Dine_Meat,Beer,34.471778,3.0,103.42,92.54,0.8948,partially_compliant,10.88
INV581210,2024-12-21,2024 Q4,687,Importer,Medium,435,Fine_Dine_Meat,Beer,55.054808,3.0,165.16,143.35,0.8679,partially_compliant,21.82
INV583974,2024-12-21,2024 Q4,679,Importer,Large,440,Fine_Dine_Meat,Wine,24.147852,10.67,257.66,151.45,0.5878,partially_compliant,106.2
INV583975,2024-12-21,2024 Q4,692,Importer,Large,440,Fine_Dine_Meat,Beer,36.221778,3.0,108.67,97.24,0.8948,partially_compliant,11.43
INV587845,2024-12-21,2024 Q4,686,Importer,Small,447,Fine_Dine_Vegetarian,Wine,36.327272,10.67,387.61,19.79,0.0511,non_compliant,367.82
INV588398,2024-12-21,2024 Q4,679,Importer,Large,448,Fine_Dine_Vegetarian,Wine,68.339073,10.67,729.18,428.62,0.5878,partially_compliant,300.56
INV588951,2024-12-21,2024 Q4,692,Importer,Large,449,Fine_Dine_Vegetarian,Wine,38.28684,10.67,408.52,365.55,0.8948,partially_compliant,42.97
INV589504,2024-12-21,2024 Q4,680,Importer,Medium,450,Fine_Dine_Vegetarian,Wine,92.512449,10.67,987.11,987.11,1.0,compliant,0.0
INV591163,2024-12-21,2024 Q4,682,Importer,Small,453,Fine_Dine_Vegetarian,Wine,59.480137,10.67,634.65,506.19,0.7976,partially_compliant,128.47
INV592822,2024-12-21,2024 Q4,675,Importer,Small,456,Fine_Dine_Vegetarian,Wine,27.725532,10.67,295.83,284.94,0.9632,compliant,10.89
INV594481,2024-12-21,2024 Q4,673,Importer,Medium,459,Fine_Dine_Vegetarian,Wine,24.394306,10.67,260.29,253.16,0.9726,compliant,7.13
INV596140,2024-12-21,2024 Q4,673,Importer,Medium,462,Fine_Dine_Vegetarian,Wine,24.885533,10.67,265.53,258.25,0.9726,compliant,7.28
INV596693,2024-12-21,2024 Q4,690,Importer,Small,463,Fine_Dine_Vegetarian,Wine,58.125067,10.67,620.19,313.73,0.5059,partially_compliant,306.47
INV597246,2024-12-21,2024 Q4,677,Importer,Small,464,Fine_Dine_Vegetarian,Wine,29.567473,10.67,315.48,307.5,0.9747,compliant,7.98
INV600011,2024-12-21,2024 Q4,682,Importer,Small,469,Fine_Dine_Vegetarian,Wine,16.903433,10.67,180.36,143.85,0.7976,partially_compliant,36.51
INV601670,2024-12-21,2024 Q4,689,Importer,Small,472,Fine_Dine_Vegetarian,Wine,23.547985,10.67,251.26,246.62,0.9815,compliant,4.64
INV603882,2024-12-21,2024 Q4,692,Importer,Large,476,Fine_Dine_Vegetarian,Wine,29.679411,10.67,316.68,283.37,0.8948,partially_compliant,33.31
INV605541,2024-12-21,2024 Q4,673,Importer,Medium,479,Fine_Dine_Vegetarian,Wine,13.326261,10.67,142.19,138.3,0.9726,compliant,3.9
INV607753,2024-12-21,2024 Q4,675,Importer,Small,483,Fine_Dine_Vegetarian,Wine,31.341642,10.67,334.42,322.1,0.9632,compliant,12.31
INV609412,2024-12-21,2024 Q4,692,Importer,Large,486,Fine_Dine_Vegetarian,Wine,47.056299,10.67,502.09,449.28,0.8948,partially_compliant,52.81
INV613836,2024-12-21,2024 Q4,686,Importer,Small,494,Fine_Dine_Vegetarian,Wine,23.795065,10.67,253.89,12.96,0.0511,non_compliant,240.93
INV617154,2024-12-21,2024 Q4,673,Importer,Medium,500,Fine_Dine_Vegetarian,Wine,33.044375,10.67,352.58,342.92,0.9726,compliant,9.66
INV402511,2024-12-28,2024 Q4,692,Importer,Large,203,Cafe,Coffee_Beans,27.080659,25.0,677.02,605.8,0.8948,partially_compliant,71.21
INV404249,2024-12-28,2024 Q4,680,Importer,Medium,205,Cafe,Coffee_Beans,5.051562,25.0,126.29,126.29,1.0,compliant,0.0
INV405987,2024-12-28,2024 Q4,684,Importer,Medium,207,Cafe,Coffee_Beans,6.749726,25.0,168.74,166.48,0.9866,compliant,2.26
INV415546,2024-12-28,2024 Q4,677,Importer,Small,218,Cafe,Coffee_Beans,16.2368,25.0,405.92,395.65,0.9747,compliant,10.27
INV420760,2024-12-28,2024 Q4,686,Importer,Small,224,Cafe,Coffee_Beans,4.090004,25.0,102.25,5.22,0.0511,non_compliant,97.03
INV424236,2024-12-28,2024 Q4,677,Importer,Small,228,Cafe,Coffee_Beans,7.173046,25.0,179.33,174.79,0.9747,compliant,4.54
INV425974,2024-12-28,2024 Q4,682,Importer,Small,230,Cafe,Coffee_Beans,8.044124,25.0,201.1,160.4,0.7976,partially_compliant,40.71
INV426843,2024-12-28,2024 Q4,681,Importer,Small,231,Cafe,Coffee_Beans,7.142071,25.0,178.55,0.0,0.0,non_compliant,178.55
INV429450,2024-12-28,2024 Q4,673,Importer,Medium,234,Cafe,Coffee_Beans,6.267629,25.0,156.69,152.4,0.9726,compliant,4.29
INV430319,2024-12-28,2024 Q4,673,Importer,Medium,235,Cafe,Coffee_Beans,29.686182,25.0,742.15,721.82,0.9726,compliant,20.33
INV432057,2024-12-28,2024 Q4,683,Importer,Small,237,Cafe,Coffee_Beans,17.469694,25.0,436.74,272.04,0.6229,partially_compliant,164.7
INV438140,2024-12-28,2024 Q4,682,Importer,Small,244,Cafe,Coffee_Beans,8.071415,25.0,201.79,160.94,0.7976,partially_compliant,40.85
INV439878,2024-12-28,2024 Q4,688,Importer,Small,246,Cafe,Coffee_Beans,12.870722,25.0,321.77,312.96,0.9726,compliant,8.81
INV445092,2024-12-28,2024 Q4,675,Importer,Small,252,Cafe,Coffee_Beans,7.782466,25.0,194.56,187.4,0.9632,compliant,7.16
INV448568,2024-12-28,2024 Q4,678,Importer,Medium,256,Cafe,Coffee_Beans,10.070941,25.0,251.77,178.75,0.71,partially_compliant,73.02
INV449437,2024-12-28,2024 Q4,680,Importer,Medium,257,Cafe,Coffee_Beans,28.700715,25.0,717.52,717.52,1.0,compliant,0.0
INV454651,2024-12-28,2024 Q4,675,Importer,Small,263,Cafe,Coffee_Beans,6.5989,25.0,164.97,158.9,0.9632,compliant,6.07
INV459865,2024-12-28,2024 Q4,677,Importer,Small,269,Cafe,Coffee_Beans,6.228249,25.0,155.71,151.77,0.9747,compliant,3.94
INV464210,2024-12-28,2024 Q4,673,Importer,Medium,274,Cafe,Coffee_Beans,6.794259,25.0,169.86,165.2,0.9726,compliant,4.65
INV465079,2024-12-28,2024 Q4,689,Importer,Small,275,Cafe,Coffee_Beans,8.11587,25.0,202.9,199.15,0.9815,compliant,3.75
INV465948,2024-12-28,2024 Q4,692,Importer,Large,276,Cafe,Coffee_Beans,6.921066,25.0,173.03,154.83,0.8948,partially_compliant,18.2
INV470293,2024-12-28,2024 Q4,689,Importer,Small,281,Cafe,Coffee_Beans,13.088444,25.0,327.21,321.17,0.9815,compliant,6.04
INV475507,2024-12-28,2024 Q4,680,Importer,Medium,287,Cafe,Coffee_Beans,3.474111,25.0,86.85,86.85,1.0,compliant,0.0
INV478114,2024-12-28,2024 Q4,675,Importer,Small,290,Cafe,Coffee_Beans,6.702945,25.0,167.57,161.4,0.9632,compliant,6.17
INV484197,2024-12-28,2024 Q4,689,Importer,Small,297,Cafe,Coffee_Beans,12.009973,25.0,300.25,294.7,0.9815,compliant,5.55
INV485066,2024-12-28,2024 Q4,674,Importer,Small,298,Cafe,Coffee_Beans,7.726258,25.0,193.16,192.24,0.9952,compliant,0.92
INV490280,2024-12-28,2024 Q4,682,Importer,Small,304,Cafe,Coffee_Beans,6.64558,25.0,166.14,132.51,0.7976,partially_compliant,33.63
INV491149,2024-12-28,2024 Q4,682,Importer,Small,305,Cafe,Coffee_Beans,4.329212,25.0,108.23,86.32,0.7976,partially_compliant,21.91
INV496363,2024-12-28,2024 Q4,680,Importer,Medium,311,Cafe,Coffee_Beans,7.918726,25.0,197.97,197.97,1.0,compliant,0.0
INV497232,2024-12-28,2024 Q4,689,Importer,Small,312,Cafe,Coffee_Beans,7.109111,25.0,177.73,174.44,0.9815,compliant,3.28
INV498101,2024-12-28,2024 Q4,682,Importer,Small,313,Cafe,Coffee_Beans,5.688926,25.0,142.22,113.43,0.7976,partially_compliant,28.79
INV502446,2024-12-28,2024 Q4,688,Importer,Small,318,Cafe,Coffee_Beans,35.080002,25.0,877.0,852.98,0.9726,compliant,24.02
INV507660,2024-12-28,2024 Q4,692,Importer,Large,324,Cafe,Coffee_Beans,6.774559,25.0,169.36,151.55,0.8948,partially_compliant,17.81
INV515481,2024-12-28,2024 Q4,678,Importer,Medium,333,Cafe,Coffee_Beans,5.927583,25.0,148.19,105.21,0.71,partially_compliant,42.98
INV518088,2024-12-28,2024 Q4,690,Importer,Small,336,Cafe,Coffee_Beans,8.464324,25.0,211.61,107.04,0.5059,partially_compliant,104.57
INV522433,2024-12-28,2024 Q4,690,Importer,Small,341,Cafe,Coffee_Beans,5.198724,25.0,129.97,65.74,0.5059,partially_compliant,64.22
INV523302,2024-12-28,2024 Q4,686,Importer,Small,342,Cafe,Coffee_Beans,4.301016,25.0,107.53,5.49,0.0511,non_compliant,102.03
INV524171,2024-12-28,2024 Q4,690,Importer,Small,343,Cafe,Coffee_Beans,9.374749,25.0,234.37,118.56,0.5059,partially_compliant,115.81
INV532861,2024-12-28,2024 Q4,686,Importer,Small,353,Cafe,Coffee_Beans,12.422718,25.0,310.57,15.86,0.0511,non_compliant,294.71
INV534599,2024-12-28,2024 Q4,678,Importer,Medium,355,Cafe,Coffee_Beans,20.354248,25.0,508.86,361.27,0.71,partially_compliant,147.59
INV537206,2024-12-28,2024 Q4,679,Importer,Large,358,Cafe,Coffee_Beans,7.315394,25.0,182.88,107.5,0.5878,partially_compliant,75.38
INV542507,2024-12-28,2024 Q4,673,Importer,Medium,365,Fine_Dine_Meat,Beer,34.402602,3.0,103.21,100.38,0.9726,compliant,2.83
INV544718,2024-12-28,2024 Q4,692,Importer,Large,369,Fine_Dine_Meat,Wine,24.736477,10.67,263.94,236.18,0.8948,partially_compliant,27.76
INV547483,2024-12-28,2024 Q4,675,Importer,Small,374,Fine_Dine_Meat,Wine,28.837637,10.67,307.7,296.37,0.9632,compliant,11.33
INV547484,2024-12-28,2024 Q4,683,Importer,Small,374,Fine_Dine_Meat,Beer,43.256455,3.0,129.77,80.83,0.6229,partially_compliant,48.94
INV549696,2024-12-28,2024 Q4,679,Importer,Large,378,Fine_Dine_Meat,Beer,31.205873,3.0,93.62,55.03,0.5878,partially_compliant,38.59
INV550248,2024-12-28,2024 Q4,686,Importer,Small,379,Fine_Dine_Meat,Wine,54.894679,10.67,585.73,29.91,0.0511,non_compliant,555.82
INV551907,2024-12-28,2024 Q4,677,Importer,Small,382,Fine_Dine_Meat,Wine,23.583101,10.67,251.63,245.27,0.9747,compliant,6.37
INV553013,2024-12-28,2024 Q4,682,Importer,Small,384,Fine_Dine_Meat,Wine,20.879345,10.67,222.78,177.69,0.7976,partially_compliant,45.1
INV553014,2024-12-28,2024 Q4,680,Importer,Medium,384,Fine_Dine_Meat,Beer,31.319018,3.0,93.96,93.96,1.0,compliant,0.0
INV555225,2024-12-28,2024 Q4,686,Importer,Small,388,Fine_Dine_Meat,Wine,10.945716,10.67,116.79,5.96,0.0511,non_compliant,110.83
INV555226,2024-12-28,2024 Q4,680,Importer,Medium,388,Fine_Dine_Meat,Beer,16.418574,3.0,49.26,49.26,1.0,compliant,0.0
INV555778,2024-12-28,2024 Q4,680,Importer,Medium,389,Fine_Dine_Meat,Wine,22.830303,10.67,243.6,243.6,1.0,compliant,0.0
INV556884,2024-12-28,2024 Q4,692,Importer,Large,391,Fine_Dine_Meat,Wine,18.066287,10.67,192.77,172.49,0.8948,partially_compliant,20.28
INV557438,2024-12-28,2024 Q4,692,Importer,Large,392,Fine_Dine_Meat,Beer,22.613025,3.0,67.84,60.7,0.8948,partially_compliant,7.14
INV558543,2024-12-28,2024 Q4,679,Importer,Large,394,Fine_Dine_Meat,Wine,32.263891,10.67,344.26,202.36,0.5878,partially_compliant,141.9
INV559096,2024-12-28,2024 Q4,686,Importer,Small,395,Fine_Dine_Meat,Wine,34.337823,10.67,366.38,18.71,0.0511,non_compliant,347.68
INV559650,2024-12-28,2024 Q4,685,Importer,Small,396,Fine_Dine_Meat,Beer,70.526967,3.0,211.58,203.17,0.9602,compliant,8.41
INV560203,2024-12-28,2024 Q4,675,Importer,Small,397,Fine_Dine_Meat,Beer,19.970016,3.0,59.91,57.7,0.9632,compliant,2.21
INV561308,2024-12-28,2024 Q4,673,Importer,Medium,399,Fine_Dine_Meat,Wine,45.120665,10.67,481.44,468.25,0.9726,compliant,13.19
INV566285,2024-12-28,2024 Q4,681,Importer,Small,408,Fine_Dine_Meat,Wine,52.965654,10.67,565.14,0.0,0.0,non_compliant,565.14
INV567944,2024-12-28,2024 Q4,673,Importer,Medium,411,Fine_Dine_Meat,Wine,19.12973,10.67,204.11,198.52,0.9726,compliant,5.59
INV567945,2024-12-28,2024 Q4,673,Importer,Medium,411,Fine_Dine_Meat,Beer,28.694595,3.0,86.08,83.73,0.9726,compliant,2.36
INV568497,2024-12-28,2024 Q4,680,Importer,Medium,412,Fine_Dine_Meat,Wine,47.726609,10.67,509.24,509.24,1.0,compliant,0.0
INV569603,2024-12-28,2024 Q4,689,Importer,Small,414,Fine_Dine_Meat,Wine,39.071258,10.67,416.89,409.19,0.9815,compliant,7.7
INV570709,2024-12-28,2024 Q4,680,Importer,Medium,416,Fine_Dine_Meat,Wine,27.314225,10.67,291.44,291.44,1.0,compliant,0.0
INV571815,2024-12-28,2024 Q4,675,Importer,Small,418,Fine_Dine_Meat,Wine,50.012699,10.67,533.64,513.99,0.9632,compliant,19.65
INV574027,2024-12-28,2024 Q4,673,Importer,Medium,422,Fine_Dine_Meat,Wine,28.252197,10.67,301.45,293.19,0.9726,compliant,8.26
INV576792,2024-12-28,2024 Q4,678,Importer,Medium,427,Fine_Dine_Meat,Wine,20.718623,10.67,221.07,156.95,0.71,partially_compliant,64.12
INV577345,2024-12-28,2024 Q4,689,Importer,Small,428,Fine_Dine_Meat,Wine,21.726954,10.67,231.83,227.54,0.9815,compliant,4.28
INV578451,2024-12-28,2024 Q4,685,Importer,Small,430,Fine_Dine_Meat,Wine,25.918859,10.67,276.55,265.56,0.9602,compliant,10.99
INV579004,2024-12-28,2024 Q4,692,Importer,Large,431,Fine_Dine_Meat,Wine,22.140659,10.67,236.24,211.39,0.8948,partially_compliant,24.85
INV579557,2024-12-28,2024 Q4,673,Importer,Medium,432,Fine_Dine_Meat,Wine,39.661802,10.67,423.19,411.6,0.9726,compliant,11.59
INV580111,2024-12-28,2024 Q4,679,Importer,Large,433,Fine_Dine_Meat,Beer,26.462656,3.0,79.39,46.66,0.5878,partially_compliant,32.72
INV580664,2024-12-28,2024 Q4,692,Importer,Large,434,Fine_Dine_Meat,Beer,36.673688,3.0,110.02,98.45,0.8948,partially_compliant,11.57
INV581217,2024-12-28,2024 Q4,687,Importer,Medium,435,Fine_Dine_Meat,Beer,59.121394,3.0,177.36,153.94,0.8679,partially_compliant,23.43
INV583981,2024-12-28,2024 Q4,679,Importer,Large,440,Fine_Dine_Meat,Wine,24.906366,10.67,265.75,156.21,0.5878,partially_compliant,109.54
INV583982,2024-12-28,2024 Q4,692,Importer,Large,440,Fine_Dine_Meat,Beer,37.35955,3.0,112.08,100.29,0.8948,partially_compliant,11.79
INV587852,2024-12-28,2024 Q4,686,Importer,Small,447,Fine_Dine_Vegetarian,Wine,37.589309,10.67,401.08,20.48,0.0511,non_compliant,380.6
INV588405,2024-12-28,2024 Q4,679,Importer,Large,448,Fine_Dine_Vegetarian,Wine,70.786234,10.67,755.29,443.97,0.5878,partially_compliant,311.32
INV588958,2024-12-28,2024 Q4,692,Importer,Large,449,Fine_Dine_Vegetarian,Wine,40.105562,10.67,427.93,382.91,0.8948,partially_compliant,45.01
INV589511,2024-12-28,2024 Q4,680,Importer,Medium,450,Fine_Dine_Vegetarian,Wine,95.518499,10.67,1019.18,1019.18,1.0,compliant,0.0
INV591170,2024-12-28,2024 Q4,682,Importer,Small,453,Fine_Dine_Vegetarian,Wine,61.276058,10.67,653.82,521.47,0.7976,partially_compliant,132.35
INV592829,2024-12-28,2024 Q4,675,Importer,Small,456,Fine_Dine_Vegetarian,Wine,28.682096,10.67,306.04,294.77,0.9632,compliant,11.27
INV594488,2024-12-28,2024 Q4,673,Importer,Medium,459,Fine_Dine_Vegetarian,Wine,24.842894,10.67,265.07,257.81,0.9726,compliant,7.26
INV596147,2024-12-28,2024 Q4,673,Importer,Medium,462,Fine_Dine_Vegetarian,Wine,25.744266,10.67,274.69,267.17,0.9726,compliant,7.53
INV596700,2024-12-28,2024 Q4,690,Importer,Small,463,Fine_Dine_Vegetarian,Wine,60.151639,10.67,641.82,324.66,0.5059,partially_compliant,317.15
INV597253,2024-12-28,2024 Q4,677,Importer,Small,464,Fine_Dine_Vegetarian,Wine,30.447293,10.67,324.87,316.65,0.9747,compliant,8.22
INV600018,2024-12-28,2024 Q4,682,Importer,Small,469,Fine_Dine_Vegetarian,Wine,19.758801,10.67,210.83,168.15,0.7976,partially_compliant,42.68
INV601677,2024-12-28,2024 Q4,689,Importer,Small,472,Fine_Dine_Vegetarian,Wine,24.138655,10.67,257.56,252.8,0.9815,compliant,4.76
INV603889,2024-12-28,2024 Q4,692,Importer,Large,476,Fine_Dine_Vegetarian,Wine,30.729948,10.67,327.89,293.4,0.8948,partially_compliant,34.49
INV605548,2024-12-28,2024 Q4,673,Importer,Medium,479,Fine_Dine_Vegetarian,Wine,13.690854,10.67,146.08,142.08,0.9726,compliant,4.0
INV607760,2024-12-28,2024 Q4,675,Importer,Small,483,Fine_Dine_Vegetarian,Wine,34.90937,10.67,372.48,358.77,0.9632,compliant,13.71
INV609419,2024-12-28,2024 Q4,692,Importer,Large,486,Fine_Dine_Vegetarian,Wine,48.553273,10.67,518.06,463.57,0.8948,partially_compliant,54.49
INV613843,2024-12-28,2024 Q4,686,Importer,Small,494,Fine_Dine_Vegetarian,Wine,24.308052,10.67,259.37,13.24,0.0511,non_compliant,246.12
INV617161,2024-12-28,2024 Q4,673,Importer,Medium,500,Fine_Dine_Vegetarian,Wine,34.088631,10.67,363.73,353.76,0.9726,compliant,9.97
INV402522,2025-01-04,2025 Q1,692,Importer,Large,203,Cafe,Coffee_Beans,25.090937,25.0,627.27,410.17,0.6539,partially_compliant,217.11
INV404260,2025-01-04,2025 Q1,680,Importer,Medium,205,Cafe,Coffee_Beans,4.654103,25.0,116.35,110.53,0.95,compliant,5.82
INV405998,2025-01-04,2025 Q1,684,Importer,Medium,207,Cafe,Coffee_Beans,6.283282,25.0,157.08,154.92,0.9862,compliant,2.16
INV415557,2025-01-04,2025 Q1,677,Importer,Small,218,Cafe,Coffee_Beans,15.192966,25.0,379.82,369.64,0.9732,compliant,10.18
INV420771,2025-01-04,2025 Q1,686,Importer,Small,224,Cafe,Coffee_Beans,4.834468,25.0,120.86,12.09,0.1,non_compliant,108.78
INV424247,2025-01-04,2025 Q1,677,Importer,Small,228,Cafe,Coffee_Beans,6.750988,25.0,168.77,164.25,0.9732,compliant,4.53
INV425985,2025-01-04,2025 Q1,682,Importer,Small,230,Cafe,Coffee_Beans,7.57003,25.0,189.25,103.59,0.5474,partially_compliant,85.66
INV426854,2025-01-04,2025 Q1,681,Importer,Small,231,Cafe,Coffee_Beans,6.70871,25.0,167.72,0.0,0.0,non_compliant,167.72
INV429461,2025-01-04,2025 Q1,673,Importer,Medium,234,Cafe,Coffee_Beans,5.852876,25.0,146.32,146.32,1.0,compliant,0.0
INV430330,2025-01-04,2025 Q1,673,Importer,Medium,235,Cafe,Coffee_Beans,27.725054,25.0,693.13,693.13,1.0,compliant,0.0
INV432068,2025-01-04,2025 Q1,683,Importer,Small,237,Cafe,Coffee_Beans,16.42321,25.0,410.58,244.99,0.5967,partially_compliant,165.59
INV438151,2025-01-04,2025 Q1,682,Importer,Small,244,Cafe,Coffee_Beans,7.567572,25.0,189.19,103.56,0.5474,partially_compliant,85.63
INV439889,2025-01-04,2025 Q1,688,Importer,Small,246,Cafe,Coffee_Beans,11.931987,25.0,298.3,286.32,0.9598,compliant,11.98
INV445103,2025-01-04,2025 Q1,675,Importer,Small,252,Cafe,Coffee_Beans,7.269198,25.0,181.73,176.59,0.9717,compliant,5.14
INV448579,2025-01-04,2025 Q1,678,Importer,Medium,256,Cafe,Coffee_Beans,9.272509,25.0,231.81,137.22,0.592,partially_compliant,94.59
INV449448,2025-01-04,2025 Q1,680,Importer,Medium,257,Cafe,Coffee_Beans,26.400287,25.0,660.01,627.01,0.95,compliant,33.0
INV454662,2025-01-04,2025 Q1,675,Importer,Small,263,Cafe,Coffee_Beans,6.218513,25.0,155.46,151.06,0.9717,compliant,4.4
INV459876,2025-01-04,2025 Q1,677,Importer,Small,269,Cafe,Coffee_Beans,5.852958,25.0,146.32,142.4,0.9732,compliant,3.92
INV464221,2025-01-04,2025 Q1,673,Importer,Medium,274,Cafe,Coffee_Beans,6.299714,25.0,157.49,157.49,1.0,compliant,0.0
INV465090,2025-01-04,2025 Q1,689,Importer,Small,275,Cafe,Coffee_Beans,7.624456,25.0,190.61,188.61,0.9895,compliant,2.0
INV465959,2025-01-04,2025 Q1,692,Importer,Large,276,Cafe,Coffee_Beans,6.478305,25.0,161.96,105.9,0.6539,partially_compliant,56.06
INV470304,2025-01-04,2025 Q1,689,Importer,Small,281,Cafe,Coffee_Beans,12.255651,25.0,306.39,303.18,0.9895,compliant,3.21
INV475518,2025-01-04,2025 Q1,680,Importer,Medium,287,Cafe,Coffee_Beans,3.227854,25.0,80.7,76.66,0.95,compliant,4.03
INV478125,2025-01-04,2025 Q1,675,Importer,Small,290,Cafe,Coffee_Beans,6.318849,25.0,157.97,153.5,0.9717,compliant,4.47
INV484208,2025-01-04,2025 Q1,689,Importer,Small,297,Cafe,Coffee_Beans,10.723331,25.0,268.08,265.27,0.9895,compliant,2.81
INV485077,2025-01-04,2025 Q1,674,Importer,Small,298,Cafe,Coffee_Beans,7.123166,25.0,178.08,172.01,0.9659,compliant,6.07
INV490291,2025-01-04,2025 Q1,682,Importer,Small,304,Cafe,Coffee_Beans,6.258609,25.0,156.47,85.64,0.5474,partially_compliant,70.82
INV491160,2025-01-04,2025 Q1,682,Importer,Small,305,Cafe,Coffee_Beans,4.344418,25.0,108.61,59.45,0.5474,partially_compliant,49.16
INV496374,2025-01-04,2025 Q1,680,Importer,Medium,311,Cafe,Coffee_Beans,7.438629,25.0,185.97,176.67,0.95,compliant,9.3
INV497243,2025-01-04,2025 Q1,689,Importer,Small,312,Cafe,Coffee_Beans,6.568285,25.0,164.21,162.49,0.9895,compliant,1.72
INV498112,2025-01-04,2025 Q1,682,Importer,Small,313,Cafe,Coffee_Beans,4.371798,25.0,109.29,59.82,0.5474,partially_compliant,49.47
INV502457,2025-01-04,2025 Q1,688,Importer,Small,318,Cafe,Coffee_Beans,33.402559,25.0,835.06,801.52,0.9598,compliant,33.54
INV507671,2025-01-04,2025 Q1,692,Importer,Large,324,Cafe,Coffee_Beans,6.264606,25.0,156.62,102.41,0.6539,partially_compliant,54.21
INV515492,2025-01-04,2025 Q1,678,Importer,Medium,333,Cafe,Coffee_Beans,5.499327,25.0,137.48,81.38,0.592,partially_compliant,56.1
INV518099,2025-01-04,2025 Q1,690,Importer,Small,336,Cafe,Coffee_Beans,8.326963,25.0,208.17,118.69,0.5701,partially_compliant,89.49
INV522444,2025-01-04,2025 Q1,690,Importer,Small,341,Cafe,Coffee_Beans,5.019068,25.0,125.48,71.54,0.5701,partially_compliant,53.94
INV523313,2025-01-04,2025 Q1,686,Importer,Small,342,Cafe,Coffee_Beans,3.961029,25.0,99.03,9.9,0.1,non_compliant,89.12
INV524182,2025-01-04,2025 Q1,690,Importer,Small,343,Cafe,Coffee_Beans,9.289708,25.0,232.24,132.41,0.5701,partially_compliant,99.83
INV532872,2025-01-04,2025 Q1,686,Importer,Small,353,Cafe,Coffee_Beans,11.474237,25.0,286.86,28.69,0.1,non_compliant,258.17
INV534610,2025-01-04,2025 Q1,678,Importer,Medium,355,Cafe,Coffee_Beans,18.971922,25.0,474.3,280.77,0.592,partially_compliant,193.53
INV537217,2025-01-04,2025 Q1,679,Importer,Large,358,Cafe,Coffee_Beans,6.845478,25.0,171.14,101.33,0.5921,partially_compliant,69.81
INV542514,2025-01-04,2025 Q1,673,Importer,Medium,365,Fine_Dine_Meat,Beer,33.5405,3.0,100.62,100.62,1.0,compliant,0.0
INV544725,2025-01-04,2025 Q1,692,Importer,Large,369,Fine_Dine_Meat,Wine,24.552683,10.67,261.98,171.3,0.6539,partially_compliant,90.67
INV547490,2025-01-04,2025 Q1,675,Importer,Small,374,Fine_Dine_Meat,Wine,28.633914,10.67,305.52,296.88,0.9717,compliant,8.65
INV547491,2025-01-04,2025 Q1,683,Importer,Small,374,Fine_Dine_Meat,Beer,42.95087,3.0,128.85,76.89,0.5967,partially_compliant,51.97
INV549703,2025-01-04,2025 Q1,679,Importer,Large,378,Fine_Dine_Meat,Beer,30.843455,3.0,92.53,54.79,0.5921,partially_compliant,37.75
INV550255,2025-01-04,2025 Q1,686,Importer,Small,379,Fine_Dine_Meat,Wine,54.260795,10.67,578.96,57.9,0.1,non_compliant,521.07
INV551914,2025-01-04,2025 Q1,677,Importer,Small,382,Fine_Dine_Meat,Wine,26.099993,10.67,278.49,271.02,0.9732,compliant,7.47
INV553020,2025-01-04,2025 Q1,682,Importer,Small,384,Fine_Dine_Meat,Wine,20.47789,10.67,218.5,119.6,0.5474,partially_compliant,98.9
INV553021,2025-01-04,2025 Q1,680,Importer,Medium,384,Fine_Dine_Meat,Beer,30.716834,3.0,92.15,87.54,0.95,compliant,4.61
INV555232,2025-01-04,2025 Q1,686,Importer,Small,388,Fine_Dine_Meat,Wine,10.850239,10.67,115.77,11.58,0.1,non_compliant,104.19
INV555233,2025-01-04,2025 Q1,680,Importer,Medium,388,Fine_Dine_Meat,Beer,16.275358,3.0,48.83,46.38,0.95,compliant,2.44
INV555785,2025-01-04,2025 Q1,680,Importer,Medium,389,Fine_Dine_Meat,Wine,22.279223,10.67,237.72,225.83,0.95,compliant,11.89
INV556891,2025-01-04,2025 Q1,692,Importer,Large,391,Fine_Dine_Meat,Wine,19.600894,10.67,209.14,136.76,0.6539,partially_compliant,72.39
INV557445,2025-01-04,2025 Q1,692,Importer,Large,392,Fine_Dine_Meat,Beer,21.061751,3.0,63.19,41.32,0.6539,partially_compliant,21.87
INV558550,2025-01-04,2025 Q1,679,Importer,Large,394,Fine_Dine_Meat,Wine,31.366862,10.67,334.68,198.16,0.5921,partially_compliant,136.53
INV559103,2025-01-04,2025 Q1,686,Importer,Small,395,Fine_Dine_Meat,Wine,33.446997,10.67,356.88,35.69,0.1,non_compliant,321.19
INV559657,2025-01-04,2025 Q1,685,Importer,Small,396,Fine_Dine_Meat,Beer,68.615479,3.0,205.85,195.55,0.95,compliant,10.29
INV560210,2025-01-04,2025 Q1,675,Importer,Small,397,Fine_Dine_Meat,Beer,19.598953,3.0,58.8,57.13,0.9717,compliant,1.66
INV561315,2025-01-04,2025 Q1,673,Importer,Medium,399,Fine_Dine_Meat,Wine,44.639454,10.67,476.3,476.3,1.0,compliant,0.0
INV566292,2025-01-04,2025 Q1,681,Importer,Small,408,Fine_Dine_Meat,Wine,52.578856,10.67,561.02,0.0,0.0,non_compliant,561.02
INV567951,2025-01-04,2025 Q1,673,Importer,Medium,411,Fine_Dine_Meat,Wine,18.602585,10.67,198.49,198.49,1.0,compliant,0.0
INV567952,2025-01-04,2025 Q1,673,Importer,Medium,411,Fine_Dine_Meat,Beer,27.903877,3.0,83.71,83.71,1.0,compliant,0.0
INV568504,2025-01-04,2025 Q1,680,Importer,Medium,412,Fine_Dine_Meat,Wine,47.044741,10.67,501.97,476.87,0.95,compliant,25.1
INV569610,2025-01-04,2025 Q1,689,Importer,Small,414,Fine_Dine_Meat,Wine,39.800974,10.67,424.68,420.23,0.9895,compliant,4.45
INV570716,2025-01-04,2025 Q1,680,Importer,Medium,416,Fine_Dine_Meat,Wine,26.942405,10.67,287.48,273.1,0.95,compliant,14.37
INV571822,2025-01-04,2025 Q1,675,Importer,Small,418,Fine_Dine_Meat,Wine,49.41397,10.67,527.25,512.32,0.9717,compliant,14.92
INV574034,2025-01-04,2025 Q1,673,Importer,Medium,422,Fine_Dine_Meat,Wine,27.905347,10.67,297.75,297.75,1.0,compliant,0.0
INV576799,2025-01-04,2025 Q1,678,Importer,Medium,427,Fine_Dine_Meat,Wine,21.247728,10.67,226.71,134.21,0.592,partially_compliant,92.51
INV577352,2025-01-04,2025 Q1,689,Importer,Small,428,Fine_Dine_Meat,Wine,21.545974,10.67,229.9,227.49,0.9895,compliant,2.41
INV578458,2025-01-04,2025 Q1,685,Importer,Small,430,Fine_Dine_Meat,Wine,30.050595,10.67,320.64,304.61,0.95,compliant,16.03
INV579011,2025-01-04,2025 Q1,692,Importer,Large,431,Fine_Dine_Meat,Wine,21.593387,10.67,230.4,150.66,0.6539,partially_compliant,79.74
INV579564,2025-01-04,2025 Q1,673,Importer,Medium,432,Fine_Dine_Meat,Wine,40.058492,10.67,427.42,427.42,1.0,compliant,0.0
INV580118,2025-01-04,2025 Q1,679,Importer,Large,433,Fine_Dine_Meat,Beer,22.377547,3.0,67.13,39.75,0.5921,partially_compliant,27.39
INV580671,2025-01-04,2025 Q1,692,Importer,Large,434,Fine_Dine_Meat,Beer,37.673769,3.0,113.02,73.9,0.6539,partially_compliant,39.12
INV581224,2025-01-04,2025 Q1,687,Importer,Medium,435,Fine_Dine_Meat,Beer,59.485308,3.0,178.46,117.53,0.6586,partially_compliant,60.93
INV583988,2025-01-04,2025 Q1,679,Importer,Large,440,Fine_Dine_Meat,Wine,24.574295,10.67,262.21,155.25,0.5921,partially_compliant,106.96
INV583989,2025-01-04,2025 Q1,692,Importer,Large,440,Fine_Dine_Meat,Beer,36.861442,3.0,110.58,72.31,0.6539,partially_compliant,38.27
INV587859,2025-01-04,2025 Q1,686,Importer,Small,447,Fine_Dine_Vegetarian,Wine,37.249073,10.67,397.45,39.74,0.1,non_compliant,357.7
INV588412,2025-01-04,2025 Q1,679,Importer,Large,448,Fine_Dine_Vegetarian,Wine,70.242349,10.67,749.49,443.75,0.5921,partially_compliant,305.73
INV588965,2025-01-04,2025 Q1,692,Importer,Large,449,Fine_Dine_Vegetarian,Wine,40.824482,10.67,435.6,284.83,0.6539,partially_compliant,150.76
INV589518,2025-01-04,2025 Q1,680,Importer,Medium,450,Fine_Dine_Vegetarian,Wine,94.378182,10.67,1007.02,956.66,0.95,compliant,50.35
INV591177,2025-01-04,2025 Q1,682,Importer,Small,453,Fine_Dine_Vegetarian,Wine,60.362711,10.67,644.07,352.54,0.5474,partially_compliant,291.53
INV592836,2025-01-04,2025 Q1,675,Importer,Small,456,Fine_Dine_Vegetarian,Wine,28.413672,10.67,303.17,294.59,0.9717,compliant,8.58
INV594495,2025-01-04,2025 Q1,673,Importer,Medium,459,Fine_Dine_Vegetarian,Wine,24.08899,10.67,257.03,257.03,1.0,compliant,0.0
INV596154,2025-01-04,2025 Q1,673,Importer,Medium,462,Fine_Dine_Vegetarian,Wine,25.503539,10.67,272.12,272.12,1.0,compliant,0.0
INV596707,2025-01-04,2025 Q1,690,Importer,Small,463,Fine_Dine_Vegetarian,Wine,59.616814,10.67,636.11,362.67,0.5701,partially_compliant,273.44
INV597260,2025-01-04,2025 Q1,677,Importer,Small,464,Fine_Dine_Vegetarian,Wine,29.97624,10.67,319.85,311.27,0.9732,compliant,8.58
INV600025,2025-01-04,2025 Q1,682,Importer,Small,469,Fine_Dine_Vegetarian,Wine,21.204144,10.67,226.25,123.84,0.5474,partially_compliant,102.41
INV601684,2025-01-04,2025 Q1,689,Importer,Small,472,Fine_Dine_Vegetarian,Wine,23.618564,10.67,252.01,249.37,0.9895,compliant,2.64
INV603896,2025-01-04,2025 Q1,692,Importer,Large,476,Fine_Dine_Vegetarian,Wine,30.477597,10.67,325.2,212.64,0.6539,partially_compliant,112.55
INV605555,2025-01-04,2025 Q1,673,Importer,Medium,479,Fine_Dine_Vegetarian,Wine,19.056503,10.67,203.33,203.33,1.0,compliant,0.0
INV607767,2025-01-04,2025 Q1,675,Importer,Small,483,Fine_Dine_Vegetarian,Wine,41.117923,10.67,438.73,426.31,0.9717,compliant,12.42
INV609426,2025-01-04,2025 Q1,692,Importer,Large,486,Fine_Dine_Vegetarian,Wine,47.931037,10.67,511.42,334.42,0.6539,partially_compliant,177.01
INV613850,2025-01-04,2025 Q1,686,Importer,Small,494,Fine_Dine_Vegetarian,Wine,23.634173,10.67,252.18,25.22,0.1,non_compliant,226.96
INV617168,2025-01-04,2025 Q1,673,Importer,Medium,500,Fine_Dine_Vegetarian,Wine,33.642504,10.67,358.97,358.97,1.0,compliant,0.0
INV402533,2025-01-11,2025 Q1,692,Importer,Large,203,Cafe,Coffee_Beans,23.461588,25.0,586.54,383.53,0.6539,partially_compliant,203.01
INV404271,2025-01-11,2025 Q1,680,Importer,Medium,205,Cafe,Coffee_Beans,4.351876,25.0,108.8,103.36,0.95,compliant,5.44
INV406009,2025-01-11,2025 Q1,684,Importer,Medium,207,Cafe,Coffee_Beans,5.87526,25.0,146.88,144.86,0.9862,compliant,2.02
INV415568,2025-01-11,2025 Q1,677,Importer,Small,218,Cafe,Coffee_Beans,14.206369,25.0,355.16,345.64,0.9732,compliant,9.52
INV420782,2025-01-11,2025 Q1,686,Importer,Small,224,Cafe,Coffee_Beans,5.650826,25.0,141.27,14.13,0.1,non_compliant,127.14
INV424258,2025-01-11,2025 Q1,677,Importer,Small,228,Cafe,Coffee_Beans,6.312594,25.0,157.81,153.58,0.9732,compliant,4.23
INV425996,2025-01-11,2025 Q1,682,Importer,Small,230,Cafe,Coffee_Beans,7.078449,25.0,176.96,96.86,0.5474,partially_compliant,80.1
INV426865,2025-01-11,2025 Q1,681,Importer,Small,231,Cafe,Coffee_Beans,6.273062,25.0,156.83,0.0,0.0,non_compliant,156.83
INV429472,2025-01-11,2025 Q1,673,Importer,Medium,234,Cafe,Coffee_Beans,5.472803,25.0,136.82,136.82,1.0,compliant,0.0
INV430341,2025-01-11,2025 Q1,673,Importer,Medium,235,Cafe,Coffee_Beans,25.924652,25.0,648.12,648.12,1.0,compliant,0.0
INV432079,2025-01-11,2025 Q1,683,Importer,Small,237,Cafe,Coffee_Beans,15.356724,25.0,383.92,229.08,0.5967,partially_compliant,154.84
INV438162,2025-01-11,2025 Q1,682,Importer,Small,244,Cafe,Coffee_Beans,7.076151,25.0,176.9,96.83,0.5474,partially_compliant,80.07
INV439900,2025-01-11,2025 Q1,688,Importer,Small,246,Cafe,Coffee_Beans,9.745105,25.0,243.63,233.84,0.9598,compliant,9.79
INV445114,2025-01-11,2025 Q1,675,Importer,Small,252,Cafe,Coffee_Beans,6.797152,25.0,169.93,165.12,0.9717,compliant,4.81
INV448590,2025-01-11,2025 Q1,678,Importer,Medium,256,Cafe,Coffee_Beans,8.670373,25.0,216.76,128.31,0.592,partially_compliant,88.45
INV449459,2025-01-11,2025 Q1,680,Importer,Medium,257,Cafe,Coffee_Beans,24.685912,25.0,617.15,586.29,0.95,compliant,30.86
INV454673,2025-01-11,2025 Q1,675,Importer,Small,263,Cafe,Coffee_Beans,5.814696,25.0,145.37,141.25,0.9717,compliant,4.11
INV459887,2025-01-11,2025 Q1,677,Importer,Small,269,Cafe,Coffee_Beans,5.47288,25.0,136.82,133.15,0.9732,compliant,3.67
INV464232,2025-01-11,2025 Q1,673,Importer,Medium,274,Cafe,Coffee_Beans,5.890625,25.0,147.27,147.27,1.0,compliant,0.0
INV465101,2025-01-11,2025 Q1,689,Importer,Small,275,Cafe,Coffee_Beans,7.129341,25.0,178.23,176.37,0.9895,compliant,1.87
INV465970,2025-01-11,2025 Q1,692,Importer,Large,276,Cafe,Coffee_Beans,6.057618,25.0,151.44,99.03,0.6539,partially_compliant,52.42
INV470315,2025-01-11,2025 Q1,689,Importer,Small,281,Cafe,Coffee_Beans,11.459797,25.0,286.49,283.49,0.9895,compliant,3.0
INV475529,2025-01-11,2025 Q1,680,Importer,Medium,287,Cafe,Coffee_Beans,3.799583,25.0,94.99,90.24,0.95,compliant,4.75
INV478136,2025-01-11,2025 Q1,675,Importer,Small,290,Cafe,Coffee_Beans,5.908517,25.0,147.71,143.53,0.9717,compliant,4.18
INV484219,2025-01-11,2025 Q1,689,Importer,Small,297,Cafe,Coffee_Beans,9.699088,25.0,242.48,239.94,0.9895,compliant,2.54
INV485088,2025-01-11,2025 Q1,674,Importer,Small,298,Cafe,Coffee_Beans,6.660604,25.0,166.52,160.84,0.9659,compliant,5.68
INV490302,2025-01-11,2025 Q1,682,Importer,Small,304,Cafe,Coffee_Beans,5.852189,25.0,146.3,80.08,0.5474,partially_compliant,66.22
INV491171,2025-01-11,2025 Q1,682,Importer,Small,305,Cafe,Coffee_Beans,4.321563,25.0,108.04,59.14,0.5474,partially_compliant,48.9
INV496385,2025-01-11,2025 Q1,680,Importer,Medium,311,Cafe,Coffee_Beans,6.955581,25.0,173.89,165.2,0.95,compliant,8.69
INV497254,2025-01-11,2025 Q1,689,Importer,Small,312,Cafe,Coffee_Beans,6.141756,25.0,153.54,151.93,0.9895,compliant,1.61
INV498123,2025-01-11,2025 Q1,682,Importer,Small,313,Cafe,Coffee_Beans,3.334463,25.0,83.36,45.63,0.5474,partially_compliant,37.73
INV502468,2025-01-11,2025 Q1,688,Importer,Small,318,Cafe,Coffee_Beans,31.932456,25.0,798.31,766.24,0.9598,compliant,32.07
INV507682,2025-01-11,2025 Q1,692,Importer,Large,324,Cafe,Coffee_Beans,5.857796,25.0,146.44,95.76,0.6539,partially_compliant,50.69
INV515503,2025-01-11,2025 Q1,678,Importer,Medium,333,Cafe,Coffee_Beans,5.142213,25.0,128.56,76.1,0.592,partially_compliant,52.46
INV518110,2025-01-11,2025 Q1,690,Importer,Small,336,Cafe,Coffee_Beans,8.153643,25.0,203.84,116.22,0.5701,partially_compliant,87.62
INV522455,2025-01-11,2025 Q1,690,Importer,Small,341,Cafe,Coffee_Beans,4.693141,25.0,117.33,66.89,0.5701,partially_compliant,50.43
INV523324,2025-01-11,2025 Q1,686,Importer,Small,342,Cafe,Coffee_Beans,3.703809,25.0,92.6,9.26,0.1,non_compliant,83.34
INV524193,2025-01-11,2025 Q1,690,Importer,Small,343,Cafe,Coffee_Beans,9.239746,25.0,230.99,131.7,0.5701,partially_compliant,99.3
INV532883,2025-01-11,2025 Q1,686,Importer,Small,353,Cafe,Coffee_Beans,10.729126,25.0,268.23,26.82,0.1,non_compliant,241.41
INV534621,2025-01-11,2025 Q1,678,Importer,Medium,355,Cafe,Coffee_Beans,17.739928,25.0,443.5,262.53,0.592,partially_compliant,180.96
INV537228,2025-01-11,2025 Q1,679,Importer,Large,358,Cafe,Coffee_Beans,6.400948,25.0,160.02,94.75,0.5921,partially_compliant,65.28
INV542521,2025-01-11,2025 Q1,673,Importer,Medium,365,Fine_Dine_Meat,Beer,31.977483,3.0,95.93,95.93,1.0,compliant,0.0
INV544732,2025-01-11,2025 Q1,692,Importer,Large,369,Fine_Dine_Meat,Wine,23.408507,10.67,249.77,163.32,0.6539,partially_compliant,86.45
INV547497,2025-01-11,2025 Q1,675,Importer,Small,374,Fine_Dine_Meat,Wine,27.299548,10.67,291.29,283.04,0.9717,compliant,8.24
INV547498,2025-01-11,2025 Q1,683,Importer,Small,374,Fine_Dine_Meat,Beer,40.949323,3.0,122.85,73.3,0.5967,partially_compliant,49.54
INV549710,2025-01-11,2025 Q1,679,Importer,Large,378,Fine_Dine_Meat,Beer,29.406123,3.0,88.22,52.23,0.5921,partially_compliant,35.99
INV550262,2025-01-11,2025 Q1,686,Importer,Small,379,Fine_Dine_Meat,Wine,51.732195,10.67,551.98,55.2,0.1,non_compliant,496.78
INV551921,2025-01-11,2025 Q1,677,Importer,Small,382,Fine_Dine_Meat,Wine,27.587798,10.67,294.36,286.47,0.9732,compliant,7.89
INV553027,2025-01-11,2025 Q1,682,Importer,Small,384,Fine_Dine_Meat,Wine,19.523602,10.67,208.32,114.03,0.5474,partially_compliant,94.29
INV553028,2025-01-11,2025 Q1,680,Importer,Medium,384,Fine_Dine_Meat,Beer,29.285403,3.0,87.86,83.46,0.95,compliant,4.39
INV555239,2025-01-11,2025 Q1,686,Importer,Small,388,Fine_Dine_Meat,Wine,10.627365,10.67,113.39,11.34,0.1,non_compliant,102.05
INV555240,2025-01-11,2025 Q1,680,Importer,Medium,388,Fine_Dine_Meat,Beer,15.941047,3.0,47.82,45.43,0.95,compliant,2.39
INV555792,2025-01-11,2025 Q1,680,Importer,Medium,389,Fine_Dine_Meat,Wine,21.240992,10.67,226.64,215.31,0.95,compliant,11.33
INV556898,2025-01-11,2025 Q1,692,Importer,Large,391,Fine_Dine_Meat,Wine,18.687475,10.67,199.4,130.38,0.6539,partially_compliant,69.01
INV557452,2025-01-11,2025 Q1,692,Importer,Large,392,Fine_Dine_Meat,Beer,19.379514,3.0,58.14,38.02,0.6539,partially_compliant,20.12
INV558557,2025-01-11,2025 Q1,679,Importer,Large,394,Fine_Dine_Meat,Wine,29.905139,10.67,319.09,188.92,0.5921,partially_compliant,130.16
INV559110,2025-01-11,2025 Q1,686,Importer,Small,395,Fine_Dine_Meat,Wine,31.888338,10.67,340.25,34.02,0.1,non_compliant,306.22
INV559664,2025-01-11,2025 Q1,685,Importer,Small,396,Fine_Dine_Meat,Beer,65.417938,3.0,196.25,186.44,0.95,compliant,9.81
INV560217,2025-01-11,2025 Q1,675,Importer,Small,397,Fine_Dine_Meat,Beer,20.639425,3.0,61.92,60.17,0.9717,compliant,1.75
INV561322,2025-01-11,2025 Q1,673,Importer,Medium,399,Fine_Dine_Meat,Wine,42.559217,10.67,454.11,454.11,1.0,compliant,0.0
INV566299,2025-01-11,2025 Q1,681,Importer,Small,408,Fine_Dine_Meat,Wine,50.128636,10.67,534.87,0.0,0.0,non_compliant,534.87
INV567958,2025-01-11,2025 Q1,673,Importer,Medium,411,Fine_Dine_Meat,Wine,17.735688,10.67,189.24,189.24,1.0,compliant,0.0
INV567959,2025-01-11,2025 Q1,673,Importer,Medium,411,Fine_Dine_Meat,Beer,26.603532,3.0,79.81,79.81,1.0,compliant,0.0
INV568511,2025-01-11,2025 Q1,680,Importer,Medium,412,Fine_Dine_Meat,Wine,44.852416,10.67,478.58,454.65,0.95,compliant,23.93
INV569617,2025-01-11,2025 Q1,689,Importer,Small,414,Fine_Dine_Meat,Wine,39.683386,10.67,423.42,418.98,0.9895,compliant,4.44
INV570723,2025-01-11,2025 Q1,680,Importer,Medium,416,Fine_Dine_Meat,Wine,25.686866,10.67,274.08,260.37,0.95,compliant,13.7
INV571829,2025-01-11,2025 Q1,675,Importer,Small,418,Fine_Dine_Meat,Wine,47.111237,10.67,502.68,488.45,0.9717,compliant,14.23
INV574041,2025-01-11,2025 Q1,673,Importer,Medium,422,Fine_Dine_Meat,Wine,26.604934,10.67,283.87,283.87,1.0,compliant,0.0
INV576806,2025-01-11,2025 Q1,678,Importer,Medium,427,Fine_Dine_Meat,Wine,20.257566,10.67,216.15,127.95,0.592,partially_compliant,88.2
INV577359,2025-01-11,2025 Q1,689,Importer,Small,428,Fine_Dine_Meat,Wine,20.541913,10.67,219.18,216.89,0.9895,compliant,2.3
INV578465,2025-01-11,2025 Q1,685,Importer,Small,430,Fine_Dine_Meat,Wine,35.483979,10.67,378.61,359.68,0.95,compliant,18.93
INV579018,2025-01-11,2025 Q1,692,Importer,Large,431,Fine_Dine_Meat,Wine,20.587117,10.67,219.66,143.64,0.6539,partially_compliant,76.03
INV579571,2025-01-11,2025 Q1,673,Importer,Medium,432,Fine_Dine_Meat,Wine,38.191732,10.67,407.51,407.51,1.0,compliant,0.0
INV580125,2025-01-11,2025 Q1,679,Importer,Large,433,Fine_Dine_Meat,Beer,18.289548,3.0,54.87,32.49,0.5921,partially_compliant,22.38
INV580678,2025-01-11,2025 Q1,692,Importer,Large,434,Fine_Dine_Meat,Beer,35.918139,3.0,107.75,70.46,0.6539,partially_compliant,37.29
INV581231,2025-01-11,2025 Q1,687,Importer,Medium,435,Fine_Dine_Meat,Beer,57.684114,3.0,173.05,113.97,0.6586,partially_compliant,59.09
INV583995,2025-01-11,2025 Q1,679,Importer,Large,440,Fine_Dine_Meat,Wine,23.429111,10.67,249.99,148.01,0.5921,partially_compliant,101.98
INV583996,2025-01-11,2025 Q1,692,Importer,Large,440,Fine_Dine_Meat,Beer,35.143667,3.0,105.43,68.94,0.6539,partially_compliant,36.49
INV587866,2025-01-11,2025 Q1,686,Importer,Small,447,Fine_Dine_Vegetarian,Wine,35.513234,10.67,378.93,37.89,0.1,non_compliant,341.03
INV588419,2025-01-11,2025 Q1,679,Importer,Large,448,Fine_Dine_Vegetarian,Wine,66.968994,10.67,714.56,423.07,0.5921,partially_compliant,291.49
INV588972,2025-01-11,2025 Q1,692,Importer,Large,449,Fine_Dine_Vegetarian,Wine,40.168903,10.67,428.6,280.26,0.6539,partially_compliant,148.34
INV589525,2025-01-11,2025 Q1,680,Importer,Medium,450,Fine_Dine_Vegetarian,Wine,89.980077,10.67,960.09,912.08,0.95,compliant,48.0
INV591184,2025-01-11,2025 Q1,682,Importer,Small,453,Fine_Dine_Vegetarian,Wine,57.549756,10.67,614.06,336.12,0.5474,partially_compliant,277.94
INV592843,2025-01-11,2025 Q1,675,Importer,Small,456,Fine_Dine_Vegetarian,Wine,27.08957,10.67,289.05,280.86,0.9717,compliant,8.18
INV594502,2025-01-11,2025 Q1,673,Importer,Medium,459,Fine_Dine_Vegetarian,Wine,22.966422,10.67,245.05,245.05,1.0,compliant,0.0
INV596161,2025-01-11,2025 Q1,673,Importer,Medium,462,Fine_Dine_Vegetarian,Wine,24.315052,10.67,259.44,259.44,1.0,compliant,0.0
INV596714,2025-01-11,2025 Q1,690,Importer,Small,463,Fine_Dine_Vegetarian,Wine,56.838619,10.67,606.47,345.77,0.5701,partially_compliant,260.7
INV597267,2025-01-11,2025 Q1,677,Importer,Small,464,Fine_Dine_Vegetarian,Wine,28.579321,10.67,304.94,296.76,0.9732,compliant,8.18
INV600032,2025-01-11,2025 Q1,682,Importer,Small,469,Fine_Dine_Vegetarian,Wine,21.70781,10.67,231.62,126.78,0.5474,partially_compliant,104.84
INV601691,2025-01-11,2025 Q1,689,Importer,Small,472,Fine_Dine_Vegetarian,Wine,22.517919,10.67,240.27,237.75,0.9895,compliant,2.52
INV603903,2025-01-11,2025 Q1,692,Importer,Large,476,Fine_Dine_Vegetarian,Wine,29.057314,10.67,310.04,202.73,0.6539,partially_compliant,107.31
INV605562,2025-01-11,2025 Q1,673,Importer,Medium,479,Fine_Dine_Vegetarian,Wine,29.804993,10.67,318.02,318.02,1.0,compliant,0.0
INV607774,2025-01-11,2025 Q1,675,Importer,Small,483,Fine_Dine_Vegetarian,Wine,42.713721,10.67,455.76,442.86,0.9717,compliant,12.9
INV609433,2025-01-11,2025 Q1,692,Importer,Large,486,Fine_Dine_Vegetarian,Wine,45.69741,10.67,487.59,318.83,0.6539,partially_compliant,168.76
INV613857,2025-01-11,2025 Q1,686,Importer,Small,494,Fine_Dine_Vegetarian,Wine,22.331923,10.67,238.28,23.83,0.1,non_compliant,214.45
INV617175,2025-01-11,2025 Q1,673,Importer,Medium,500,Fine_Dine_Vegetarian,Wine,32.074734,10.67,342.24,342.24,1.0,compliant,0.0
INV402544,2025-01-18,2025 Q1,692,Importer,Large,203,Cafe,Coffee_Beans,24.017941,25.0,600.45,392.63,0.6539,partially_compliant,207.82
INV404282,2025-01-18,2025 Q1,680,Importer,Medium,205,Cafe,Coffee_Beans,4.455074,25.0,111.38,105.81,0.95,compliant,5.57
INV406020,2025-01-18,2025 Q1,684,Importer,Medium,207,Cafe,Coffee_Beans,6.014582,25.0,150.36,148.29,0.9862,compliant,2.07
INV415579,2025-01-18,2025 Q1,677,Importer,Small,218,Cafe,Coffee_Beans,14.54325,25.0,363.58,353.83,0.9732,compliant,9.75
INV420793,2025-01-18,2025 Q1,686,Importer,Small,224,Cafe,Coffee_Beans,6.770286,25.0,169.26,16.93,0.1,non_compliant,152.33
INV424269,2025-01-18,2025 Q1,677,Importer,Small,228,Cafe,Coffee_Beans,6.462287,25.0,161.56,157.23,0.9732,compliant,4.33
INV426007,2025-01-18,2025 Q1,682,Importer,Small,230,Cafe,Coffee_Beans,7.246303,25.0,181.16,99.16,0.5474,partially_compliant,82.0
INV426876,2025-01-18,2025 Q1,681,Importer,Small,231,Cafe,Coffee_Beans,6.421817,25.0,160.55,0.0,0.0,non_compliant,160.55
INV429483,2025-01-18,2025 Q1,673,Importer,Medium,234,Cafe,Coffee_Beans,5.602582,25.0,140.06,140.06,1.0,compliant,0.0
INV430352,2025-01-18,2025 Q1,673,Importer,Medium,235,Cafe,Coffee_Beans,26.539412,25.0,663.49,663.49,1.0,compliant,0.0
INV432090,2025-01-18,2025 Q1,683,Importer,Small,237,Cafe,Coffee_Beans,15.720884,25.0,393.02,234.52,0.5967,partially_compliant,158.51
INV438173,2025-01-18,2025 Q1,682,Importer,Small,244,Cafe,Coffee_Beans,7.24395,25.0,181.1,99.13,0.5474,partially_compliant,81.97
INV439911,2025-01-18,2025 Q1,688,Importer,Small,246,Cafe,Coffee_Beans,7.94567,25.0,198.64,190.66,0.9598,compliant,7.98
INV445125,2025-01-18,2025 Q1,675,Importer,Small,252,Cafe,Coffee_Beans,6.958336,25.0,173.96,169.03,0.9717,compliant,4.92
INV448601,2025-01-18,2025 Q1,678,Importer,Medium,256,Cafe,Coffee_Beans,8.875976,25.0,221.9,131.36,0.592,partially_compliant,90.54
INV449470,2025-01-18,2025 Q1,680,Importer,Medium,257,Cafe,Coffee_Beans,25.271298,25.0,631.78,600.19,0.95,compliant,31.59
INV454684,2025-01-18,2025 Q1,675,Importer,Small,263,Cafe,Coffee_Beans,5.952582,25.0,148.81,144.6,0.9717,compliant,4.21
INV459898,2025-01-18,2025 Q1,677,Importer,Small,269,Cafe,Coffee_Beans,5.60266,25.0,140.07,136.31,0.9732,compliant,3.76
INV464243,2025-01-18,2025 Q1,673,Importer,Medium,274,Cafe,Coffee_Beans,6.030311,25.0,150.76,150.76,1.0,compliant,0.0
INV465112,2025-01-18,2025 Q1,689,Importer,Small,275,Cafe,Coffee_Beans,7.298402,25.0,182.46,180.55,0.9895,compliant,1.91
INV465981,2025-01-18,2025 Q1,692,Importer,Large,276,Cafe,Coffee_Beans,6.201265,25.0,155.03,101.37,0.6539,partially_compliant,53.66
INV470326,2025-01-18,2025 Q1,689,Importer,Small,281,Cafe,Coffee_Beans,11.731547,25.0,293.29,290.22,0.9895,compliant,3.07
INV475540,2025-01-18,2025 Q1,680,Importer,Medium,287,Cafe,Coffee_Beans,5.415789,25.0,135.39,128.62,0.95,compliant,6.77
INV478147,2025-01-18,2025 Q1,675,Importer,Small,290,Cafe,Coffee_Beans,6.048628,25.0,151.22,146.94,0.9717,compliant,4.28
INV484230,2025-01-18,2025 Q1,689,Importer,Small,297,Cafe,Coffee_Beans,9.697761,25.0,242.44,239.9,0.9895,compliant,2.54
INV485099,2025-01-18,2025 Q1,674,Importer,Small,298,Cafe,Coffee_Beans,6.818549,25.0,170.46,164.65,0.9659,compliant,5.81
INV490313,2025-01-18,2025 Q1,682,Importer,Small,304,Cafe,Coffee_Beans,5.990964,25.0,149.77,81.98,0.5474,partially_compliant,67.79
INV491182,2025-01-18,2025 Q1,682,Importer,Small,305,Cafe,Coffee_Beans,4.645477,25.0,116.14,63.57,0.5474,partially_compliant,52.57
INV496396,2025-01-18,2025 Q1,680,Importer,Medium,311,Cafe,Coffee_Beans,7.120521,25.0,178.01,169.11,0.95,compliant,8.9
INV497265,2025-01-18,2025 Q1,689,Importer,Small,312,Cafe,Coffee_Beans,6.287397,25.0,157.18,155.54,0.9895,compliant,1.65
INV498134,2025-01-18,2025 Q1,682,Importer,Small,313,Cafe,Coffee_Beans,3.348908,25.0,83.72,45.83,0.5474,partially_compliant,37.9
INV502479,2025-01-18,2025 Q1,688,Importer,Small,318,Cafe,Coffee_Beans,33.227141,25.0,830.68,797.31,0.9598,compliant,33.37
INV507693,2025-01-18,2025 Q1,692,Importer,Large,324,Cafe,Coffee_Beans,5.996704,25.0,149.92,98.03,0.6539,partially_compliant,51.89
INV515514,2025-01-18,2025 Q1,678,Importer,Medium,333,Cafe,Coffee_Beans,5.264152,25.0,131.6,77.9,0.592,partially_compliant,53.7
INV518121,2025-01-18,2025 Q1,690,Importer,Small,336,Cafe,Coffee_Beans,8.626592,25.0,215.66,122.96,0.5701,partially_compliant,92.71
INV522466,2025-01-18,2025 Q1,690,Importer,Small,341,Cafe,Coffee_Beans,4.804432,25.0,120.11,68.48,0.5701,partially_compliant,51.63
INV523335,2025-01-18,2025 Q1,686,Importer,Small,342,Cafe,Coffee_Beans,3.791639,25.0,94.79,9.48,0.1,non_compliant,85.31
INV524204,2025-01-18,2025 Q1,690,Importer,Small,343,Cafe,Coffee_Beans,9.873323,25.0,246.83,140.73,0.5701,partially_compliant,106.1
INV532894,2025-01-18,2025 Q1,686,Importer,Small,353,Cafe,Coffee_Beans,10.983549,25.0,274.59,27.46,0.1,non_compliant,247.13
INV534632,2025-01-18,2025 Q1,678,Importer,Medium,355,Cafe,Coffee_Beans,18.160601,25.0,454.02,268.76,0.592,partially_compliant,185.26
INV537239,2025-01-18,2025 Q1,679,Importer,Large,358,Cafe,Coffee_Beans,6.552736,25.0,163.82,96.99,0.5921,partially_compliant,66.83
INV542528,2025-01-18,2025 Q1,673,Importer,Medium,365,Fine_Dine_Meat,Beer,32.17755,3.0,96.53,96.53,1.0,compliant,0.0
INV544739,2025-01-18,2025 Q1,692,Importer,Large,369,Fine_Dine_Meat,Wine,23.554962,10.67,251.33,164.34,0.6539,partially_compliant,86.99
INV547504,2025-01-18,2025 Q1,675,Importer,Small,374,Fine_Dine_Meat,Wine,27.470347,10.67,293.11,284.81,0.9717,compliant,8.3
INV547505,2025-01-18,2025 Q1,683,Importer,Small,374,Fine_Dine_Meat,Beer,41.205521,3.0,123.62,73.76,0.5967,partially_compliant,49.85
INV549717,2025-01-18,2025 Q1,679,Importer,Large,378,Fine_Dine_Meat,Beer,29.590101,3.0,88.77,52.56,0.5921,partially_compliant,36.21
INV550269,2025-01-18,2025 Q1,686,Importer,Small,379,Fine_Dine_Meat,Wine,52.055855,10.67,555.44,55.54,0.1,non_compliant,499.89
INV551928,2025-01-18,2025 Q1,677,Importer,Small,382,Fine_Dine_Meat,Wine,29.938524,10.67,319.44,310.88,0.9732,compliant,8.57
INV553034,2025-01-18,2025 Q1,682,Importer,Small,384,Fine_Dine_Meat,Wine,19.645751,10.67,209.62,114.74,0.5474,partially_compliant,94.88
INV553035,2025-01-18,2025 Q1,680,Importer,Medium,384,Fine_Dine_Meat,Beer,29.468626,3.0,88.41,83.99,0.95,compliant,4.42
INV555246,2025-01-18,2025 Q1,686,Importer,Small,388,Fine_Dine_Meat,Wine,10.926598,10.67,116.59,11.66,0.1,non_compliant,104.93
INV555247,2025-01-18,2025 Q1,680,Importer,Medium,388,Fine_Dine_Meat,Beer,16.389898,3.0,49.17,46.71,0.95,compliant,2.46
INV555799,2025-01-18,2025 Q1,680,Importer,Medium,389,Fine_Dine_Meat,Wine,21.373886,10.67,228.06,216.66,0.95,compliant,11.4
INV556905,2025-01-18,2025 Q1,692,Importer,Large,391,Fine_Dine_Meat,Wine,18.804393,10.67,200.64,131.2,0.6539,partially_compliant,69.44
INV557459,2025-01-18,2025 Q1,692,Importer,Large,392,Fine_Dine_Meat,Beer,18.986005,3.0,56.96,37.24,0.6539,partially_compliant,19.71
INV558564,2025-01-18,2025 Q1,679,Importer,Large,394,Fine_Dine_Meat,Wine,30.09224,10.67,321.08,190.11,0.5921,partially_compliant,130.98
INV559117,2025-01-18,2025 Q1,686,Importer,Small,395,Fine_Dine_Meat,Wine,32.087847,10.67,342.38,34.24,0.1,non_compliant,308.14
INV559671,2025-01-18,2025 Q1,685,Importer,Small,396,Fine_Dine_Meat,Beer,65.827223,3.0,197.48,187.61,0.95,compliant,9.87
INV560224,2025-01-18,2025 Q1,675,Importer,Small,397,Fine_Dine_Meat,Beer,24.034152,3.0,72.1,70.06,0.9717,compliant,2.04
INV561329,2025-01-18,2025 Q1,673,Importer,Medium,399,Fine_Dine_Meat,Wine,42.825487,10.67,456.95,456.95,1.0,compliant,0.0
INV566306,2025-01-18,2025 Q1,681,Importer,Small,408,Fine_Dine_Meat,Wine,50.442264,10.67,538.22,0.0,0.0,non_compliant,538.22
INV567965,2025-01-18,2025 Q1,673,Importer,Medium,411,Fine_Dine_Meat,Wine,17.846651,10.67,190.42,190.42,1.0,compliant,0.0
INV567966,2025-01-18,2025 Q1,673,Importer,Medium,411,Fine_Dine_Meat,Beer,26.769976,3.0,80.31,80.31,1.0,compliant,0.0
INV568518,2025-01-18,2025 Q1,680,Importer,Medium,412,Fine_Dine_Meat,Wine,45.133033,10.67,481.57,457.49,0.95,compliant,24.08
INV569624,2025-01-18,2025 Q1,689,Importer,Small,414,Fine_Dine_Meat,Wine,41.404927,10.67,441.79,437.16,0.9895,compliant,4.63
INV570730,2025-01-18,2025 Q1,680,Importer,Medium,416,Fine_Dine_Meat,Wine,25.847575,10.67,275.79,262.0,0.95,compliant,13.79
INV571836,2025-01-18,2025 Q1,675,Importer,Small,418,Fine_Dine_Meat,Wine,47.405986,10.67,505.82,491.51,0.9717,compliant,14.32
INV574048,2025-01-18,2025 Q1,673,Importer,Medium,422,Fine_Dine_Meat,Wine,26.771387,10.67,285.65,285.65,1.0,compliant,0.0
INV576813,2025-01-18,2025 Q1,678,Importer,Medium,427,Fine_Dine_Meat,Wine,20.384306,10.67,217.5,128.75,0.592,partially_compliant,88.75
INV577366,2025-01-18,2025 Q1,689,Importer,Small,428,Fine_Dine_Meat,Wine,20.670433,10.67,220.55,218.24,0.9895,compliant,2.31
INV578472,2025-01-18,2025 Q1,685,Importer,Small,430,Fine_Dine_Meat,Wine,41.515128,10.67,442.97,420.82,0.95,compliant,22.15
INV579025,2025-01-18,2025 Q1,692,Importer,Large,431,Fine_Dine_Meat,Wine,20.715919,10.67,221.04,144.54,0.6539,partially_compliant,76.5
INV579578,2025-01-18,2025 Q1,673,Importer,Medium,432,Fine_Dine_Meat,Wine,38.430677,10.67,410.06,410.06,1.0,compliant,0.0
INV580132,2025-01-18,2025 Q1,679,Importer,Large,433,Fine_Dine_Meat,Beer,16.16403,3.0,48.49,28.71,0.5921,partially_compliant,19.78
INV580685,2025-01-18,2025 Q1,692,Importer,Large,434,Fine_Dine_Meat,Beer,36.142859,3.0,108.43,70.9,0.6539,partially_compliant,37.53
INV581238,2025-01-18,2025 Q1,687,Importer,Medium,435,Fine_Dine_Meat,Beer,58.732682,3.0,176.2,116.04,0.6586,partially_compliant,60.16
INV584002,2025-01-18,2025 Q1,679,Importer,Large,440,Fine_Dine_Meat,Wine,23.575695,10.67,251.55,148.94,0.5921,partially_compliant,102.61
INV584003,2025-01-18,2025 Q1,692,Importer,Large,440,Fine_Dine_Meat,Beer,35.363542,3.0,106.09,69.37,0.6539,partially_compliant,36.72
INV587873,2025-01-18,2025 Q1,686,Importer,Small,447,Fine_Dine_Vegetarian,Wine,35.735421,10.67,381.3,38.13,0.1,non_compliant,343.17
INV588426,2025-01-18,2025 Q1,679,Importer,Large,448,Fine_Dine_Vegetarian,Wine,67.387984,10.67,719.03,425.72,0.5921,partially_compliant,293.31
INV588979,2025-01-18,2025 Q1,692,Importer,Large,449,Fine_Dine_Vegetarian,Wine,41.392329,10.67,441.66,288.79,0.6539,partially_compliant,152.86
INV589532,2025-01-18,2025 Q1,680,Importer,Medium,450,Fine_Dine_Vegetarian,Wine,90.543034,10.67,966.09,917.79,0.95,compliant,48.3
INV591191,2025-01-18,2025 Q1,682,Importer,Small,453,Fine_Dine_Vegetarian,Wine,57.909814,10.67,617.9,338.22,0.5474,partially_compliant,279.68
INV592850,2025-01-18,2025 Q1,675,Importer,Small,456,Fine_Dine_Vegetarian,Wine,27.259055,10.67,290.85,282.62,0.9717,compliant,8.23
INV594509,2025-01-18,2025 Q1,673,Importer,Medium,459,Fine_Dine_Vegetarian,Wine,23.110111,10.67,246.58,246.58,1.0,compliant,0.0
INV596168,2025-01-18,2025 Q1,673,Importer,Medium,462,Fine_Dine_Vegetarian,Wine,24.467178,10.67,261.06,261.06,1.0,compliant,0.0
INV596721,2025-01-18,2025 Q1,690,Importer,Small,463,Fine_Dine_Vegetarian,Wine,57.194227,10.67,610.26,347.93,0.5701,partially_compliant,262.33
INV597274,2025-01-18,2025 Q1,677,Importer,Small,464,Fine_Dine_Vegetarian,Wine,28.758127,10.67,306.85,298.62,0.9732,compliant,8.23
INV600039,2025-01-18,2025 Q1,682,Importer,Small,469,Fine_Dine_Vegetarian,Wine,23.12126,10.67,246.7,135.04,0.5474,partially_compliant,111.67
INV601698,2025-01-18,2025 Q1,689,Importer,Small,472,Fine_Dine_Vegetarian,Wine,22.658802,10.67,241.77,239.24,0.9895,compliant,2.53
INV603910,2025-01-18,2025 Q1,692,Importer,Large,476,Fine_Dine_Vegetarian,Wine,29.239111,10.67,311.98,204.0,0.6539,partially_compliant,107.98
INV605569,2025-01-18,2025 Q1,673,Importer,Medium,479,Fine_Dine_Vegetarian,Wine,39.624337,10.67,422.79,422.79,1.0,compliant,0.0
INV607781,2025-01-18,2025 Q1,675,Importer,Small,483,Fine_Dine_Vegetarian,Wine,42.980958,10.67,458.61,445.63,0.9717,compliant,12.98
INV609440,2025-01-18,2025 Q1,692,Importer,Large,486,Fine_Dine_Vegetarian,Wine,45.983314,10.67,490.64,320.83,0.6539,partially_compliant,169.82
INV613864,2025-01-18,2025 Q1,686,Importer,Small,494,Fine_Dine_Vegetarian,Wine,22.301276,10.67,237.95,23.8,0.1,non_compliant,214.16
INV617182,2025-01-18,2025 Q1,673,Importer,Medium,500,Fine_Dine_Vegetarian,Wine,32.275409,10.67,344.38,344.38,1.0,compliant,0.0
INV402555,2025-01-25,2025 Q1,692,Importer,Large,203,Cafe,Coffee_Beans,27.005162,25.0,675.13,441.46,0.6539,partially_compliant,233.67
INV404293,2025-01-25,2025 Q1,680,Importer,Medium,205,Cafe,Coffee_Beans,5.009172,25.0,125.23,118.97,0.95,compliant,6.26
INV406031,2025-01-25,2025 Q1,684,Importer,Medium,207,Cafe,Coffee_Beans,6.762643,25.0,169.07,166.74,0.9862,compliant,2.33
INV415590,2025-01-25,2025 Q1,677,Importer,Small,218,Cafe,Coffee_Beans,16.35206,25.0,408.8,397.84,0.9732,compliant,10.96
INV420804,2025-01-25,2025 Q1,686,Importer,Small,224,Cafe,Coffee_Beans,8.556888,25.0,213.92,21.39,0.1,non_compliant,192.53
INV424280,2025-01-25,2025 Q1,677,Importer,Small,228,Cafe,Coffee_Beans,7.266031,25.0,181.65,176.78,0.9732,compliant,4.87
INV426018,2025-01-25,2025 Q1,682,Importer,Small,230,Cafe,Coffee_Beans,8.147559,25.0,203.69,111.49,0.5474,partially_compliant,92.2
INV426887,2025-01-25,2025 Q1,681,Importer,Small,231,Cafe,Coffee_Beans,7.220528,25.0,180.51,0.0,0.0,non_compliant,180.51
INV429494,2025-01-25,2025 Q1,673,Importer,Medium,234,Cafe,Coffee_Beans,6.299401,25.0,157.49,157.49,1.0,compliant,0.0
INV430363,2025-01-25,2025 Q1,673,Importer,Medium,235,Cafe,Coffee_Beans,29.84024,25.0,746.01,746.01,1.0,compliant,0.0
INV432101,2025-01-25,2025 Q1,683,Importer,Small,237,Cafe,Coffee_Beans,17.676161,25.0,441.9,263.68,0.5967,partially_compliant,178.22
INV438184,2025-01-25,2025 Q1,682,Importer,Small,244,Cafe,Coffee_Beans,8.144913,25.0,203.62,111.46,0.5474,partially_compliant,92.17
INV439922,2025-01-25,2025 Q1,688,Importer,Small,246,Cafe,Coffee_Beans,6.984238,25.0,174.61,167.59,0.9598,compliant,7.01
INV445136,2025-01-25,2025 Q1,675,Importer,Small,252,Cafe,Coffee_Beans,7.823775,25.0,195.59,190.06,0.9717,compliant,5.54
INV448612,2025-01-25,2025 Q1,678,Importer,Medium,256,Cafe,Coffee_Beans,9.979922,25.0,249.5,147.69,0.592,partially_compliant,101.8
INV449481,2025-01-25,2025 Q1,680,Importer,Medium,257,Cafe,Coffee_Beans,28.414404,25.0,710.36,674.84,0.95,compliant,35.52
INV454695,2025-01-25,2025 Q1,675,Importer,Small,263,Cafe,Coffee_Beans,6.692932,25.0,167.32,162.59,0.9717,compliant,4.74
INV459909,2025-01-25,2025 Q1,677,Importer,Small,269,Cafe,Coffee_Beans,6.299489,25.0,157.49,153.26,0.9732,compliant,4.22
INV464254,2025-01-25,2025 Q1,673,Importer,Medium,274,Cafe,Coffee_Beans,6.780329,25.0,169.51,169.51,1.0,compliant,0.0
INV465123,2025-01-25,2025 Q1,689,Importer,Small,275,Cafe,Coffee_Beans,8.206137,25.0,205.15,203.0,0.9895,compliant,2.15
INV465992,2025-01-25,2025 Q1,692,Importer,Large,276,Cafe,Coffee_Beans,6.972544,25.0,174.31,113.98,0.6539,partially_compliant,60.33
INV470337,2025-01-25,2025 Q1,689,Importer,Small,281,Cafe,Coffee_Beans,13.190653,25.0,329.77,326.31,0.9895,compliant,3.46
INV475551,2025-01-25,2025 Q1,680,Importer,Medium,287,Cafe,Coffee_Beans,7.440845,25.0,186.02,176.72,0.95,compliant,9.3
INV478158,2025-01-25,2025 Q1,675,Importer,Small,290,Cafe,Coffee_Beans,6.800923,25.0,170.02,165.21,0.9717,compliant,4.81
INV484241,2025-01-25,2025 Q1,689,Importer,Small,297,Cafe,Coffee_Beans,10.724128,25.0,268.1,265.29,0.9895,compliant,2.81
INV485110,2025-01-25,2025 Q1,674,Importer,Small,298,Cafe,Coffee_Beans,7.666603,25.0,191.67,185.13,0.9659,compliant,6.53
INV490324,2025-01-25,2025 Q1,682,Importer,Small,304,Cafe,Coffee_Beans,6.736087,25.0,168.4,92.18,0.5474,partially_compliant,76.22
INV491193,2025-01-25,2025 Q1,682,Importer,Small,305,Cafe,Coffee_Beans,5.431217,25.0,135.78,74.32,0.5474,partially_compliant,61.46
INV496407,2025-01-25,2025 Q1,680,Importer,Medium,311,Cafe,Coffee_Beans,8.006133,25.0,200.15,190.15,0.95,compliant,10.01
INV497276,2025-01-25,2025 Q1,689,Importer,Small,312,Cafe,Coffee_Beans,7.06939,25.0,176.73,174.88,0.9895,compliant,1.85
INV498145,2025-01-25,2025 Q1,682,Importer,Small,313,Cafe,Coffee_Beans,3.765427,25.0,94.14,51.53,0.5474,partially_compliant,42.61
INV502490,2025-01-25,2025 Q1,688,Importer,Small,318,Cafe,Coffee_Beans,37.81464,25.0,945.37,907.39,0.9598,compliant,37.98
INV507704,2025-01-25,2025 Q1,692,Importer,Large,324,Cafe,Coffee_Beans,6.742542,25.0,168.56,110.22,0.6539,partially_compliant,58.34
INV515525,2025-01-25,2025 Q1,678,Importer,Medium,333,Cafe,Coffee_Beans,5.918879,25.0,147.97,87.59,0.592,partially_compliant,60.38
INV518132,2025-01-25,2025 Q1,690,Importer,Small,336,Cafe,Coffee_Beans,9.933749,25.0,248.34,141.59,0.5701,partially_compliant,106.75
INV522477,2025-01-25,2025 Q1,690,Importer,Small,341,Cafe,Coffee_Beans,5.401981,25.0,135.05,77.0,0.5701,partially_compliant,58.05
INV523346,2025-01-25,2025 Q1,686,Importer,Small,342,Cafe,Coffee_Beans,4.263222,25.0,106.58,10.66,0.1,non_compliant,95.92
INV524215,2025-01-25,2025 Q1,690,Importer,Small,343,Cafe,Coffee_Beans,11.443156,25.0,286.08,163.1,0.5701,partially_compliant,122.97
INV532905,2025-01-25,2025 Q1,686,Importer,Small,353,Cafe,Coffee_Beans,12.349623,25.0,308.74,30.87,0.1,non_compliant,277.87
INV534643,2025-01-25,2025 Q1,678,Importer,Medium,355,Cafe,Coffee_Beans,20.419318,25.0,510.48,302.19,0.592,partially_compliant,208.3
INV537250,2025-01-25,2025 Q1,679,Importer,Large,358,Cafe,Coffee_Beans,7.36773,25.0,184.19,109.06,0.5921,partially_compliant,75.14
INV542535,2025-01-25,2025 Q1,673,Importer,Medium,365,Fine_Dine_Meat,Beer,34.175516,3.0,102.53,102.53,1.0,compliant,0.0
INV544746,2025-01-25,2025 Q1,692,Importer,Large,369,Fine_Dine_Meat,Wine,25.017535,10.67,266.94,174.55,0.6539,partially_compliant,92.39
INV547511,2025-01-25,2025 Q1,675,Importer,Small,374,Fine_Dine_Meat,Wine,29.176035,10.67,311.31,302.5,0.9717,compliant,8.81
INV547512,2025-01-25,2025 Q1,683,Importer,Small,374,Fine_Dine_Meat,Beer,43.764052,3.0,131.29,78.34,0.5967,partially_compliant,52.95
INV549724,2025-01-25,2025 Q1,679,Importer,Large,378,Fine_Dine_Meat,Beer,31.427408,3.0,94.28,55.82,0.5921,partially_compliant,38.46
INV550276,2025-01-25,2025 Q1,686,Importer,Small,379,Fine_Dine_Meat,Wine,55.288105,10.67,589.92,58.99,0.1,non_compliant,530.93
INV551935,2025-01-25,2025 Q1,677,Importer,Small,382,Fine_Dine_Meat,Wine,33.653358,10.67,359.08,349.45,0.9732,compliant,9.63
INV553041,2025-01-25,2025 Q1,682,Importer,Small,384,Fine_Dine_Meat,Wine,20.865594,10.67,222.64,121.86,0.5474,partially_compliant,100.77
INV553042,2025-01-25,2025 Q1,680,Importer,Medium,384,Fine_Dine_Meat,Beer,31.298391,3.0,93.9,89.2,0.95,compliant,4.69
INV555253,2025-01-25,2025 Q1,686,Importer,Small,388,Fine_Dine_Meat,Wine,11.807648,10.67,125.99,12.6,0.1,non_compliant,113.39
INV555254,2025-01-25,2025 Q1,680,Importer,Medium,388,Fine_Dine_Meat,Beer,17.711472,3.0,53.13,50.48,0.95,compliant,2.66
INV555806,2025-01-25,2025 Q1,680,Importer,Medium,389,Fine_Dine_Meat,Wine,22.701032,10.67,242.22,230.11,0.95,compliant,12.11
INV556912,2025-01-25,2025 Q1,692,Importer,Large,391,Fine_Dine_Meat,Wine,19.971994,10.67,213.1,139.34,0.6539,partially_compliant,73.76
INV557466,2025-01-25,2025 Q1,692,Importer,Large,392,Fine_Dine_Meat,Beer,19.764404,3.0,59.29,38.77,0.6539,partially_compliant,20.52
INV558571,2025-01-25,2025 Q1,679,Importer,Large,394,Fine_Dine_Meat,Wine,31.960726,10.67,341.02,201.91,0.5921,partially_compliant,139.11
INV559124,2025-01-25,2025 Q1,686,Importer,Small,395,Fine_Dine_Meat,Wine,34.080244,10.67,363.64,36.36,0.1,non_compliant,327.27
INV559678,2025-01-25,2025 Q1,685,Importer,Small,396,Fine_Dine_Meat,Beer,69.914564,3.0,209.74,199.26,0.95,compliant,10.49
INV560231,2025-01-25,2025 Q1,675,Importer,Small,397,Fine_Dine_Meat,Beer,28.175587,3.0,84.53,82.13,0.9717,compliant,2.39
INV561336,2025-01-25,2025 Q1,673,Importer,Medium,399,Fine_Dine_Meat,Wine,45.484605,10.67,485.32,485.32,1.0,compliant,0.0
INV566313,2025-01-25,2025 Q1,681,Importer,Small,408,Fine_Dine_Meat,Wine,53.574322,10.67,571.64,0.0,0.0,non_compliant,571.64
INV567972,2025-01-25,2025 Q1,673,Importer,Medium,411,Fine_Dine_Meat,Wine,18.954784,10.67,202.25,202.25,1.0,compliant,0.0
INV567973,2025-01-25,2025 Q1,673,Importer,Medium,411,Fine_Dine_Meat,Beer,28.432176,3.0,85.3,85.3,1.0,compliant,0.0
INV568525,2025-01-25,2025 Q1,680,Importer,Medium,412,Fine_Dine_Meat,Wine,47.935431,10.67,511.47,485.9,0.95,compliant,25.57
INV569631,2025-01-25,2025 Q1,689,Importer,Small,414,Fine_Dine_Meat,Wine,45.296637,10.67,483.32,478.25,0.9895,compliant,5.06
INV570737,2025-01-25,2025 Q1,680,Importer,Medium,416,Fine_Dine_Meat,Wine,27.452501,10.67,292.92,278.27,0.95,compliant,14.65
INV571843,2025-01-25,2025 Q1,675,Importer,Small,418,Fine_Dine_Meat,Wine,50.349516,10.67,537.23,522.02,0.9717,compliant,15.21
INV574055,2025-01-25,2025 Q1,673,Importer,Medium,422,Fine_Dine_Meat,Wine,28.433674,10.67,303.39,303.39,1.0,compliant,0.0
INV576820,2025-01-25,2025 Q1,678,Importer,Medium,427,Fine_Dine_Meat,Wine,21.650008,10.67,231.01,136.75,0.592,partially_compliant,94.26
INV577373,2025-01-25,2025 Q1,689,Importer,Small,428,Fine_Dine_Meat,Wine,21.9539,10.67,234.25,231.79,0.9895,compliant,2.45
INV578479,2025-01-25,2025 Q1,685,Importer,Small,430,Fine_Dine_Meat,Wine,49.312869,10.67,526.17,499.86,0.95,compliant,26.31
INV579032,2025-01-25,2025 Q1,692,Importer,Large,431,Fine_Dine_Meat,Wine,22.002211,10.67,234.76,153.51,0.6539,partially_compliant,81.25
INV579585,2025-01-25,2025 Q1,673,Importer,Medium,432,Fine_Dine_Meat,Wine,40.816913,10.67,435.52,435.52,1.0,compliant,0.0
INV580139,2025-01-25,2025 Q1,679,Importer,Large,433,Fine_Dine_Meat,Beer,16.154407,3.0,48.46,28.69,0.5921,partially_compliant,19.77
INV580692,2025-01-25,2025 Q1,692,Importer,Large,434,Fine_Dine_Meat,Beer,38.38704,3.0,115.16,75.3,0.6539,partially_compliant,39.86
INV581245,2025-01-25,2025 Q1,687,Importer,Medium,435,Fine_Dine_Meat,Beer,62.895616,3.0,188.69,124.26,0.6586,partially_compliant,64.42
INV584009,2025-01-25,2025 Q1,679,Importer,Large,440,Fine_Dine_Meat,Wine,25.039555,10.67,267.17,158.19,0.5921,partially_compliant,108.99
INV584010,2025-01-25,2025 Q1,692,Importer,Large,440,Fine_Dine_Meat,Beer,37.559333,3.0,112.68,73.68,0.6539,partially_compliant,39.0
INV587880,2025-01-25,2025 Q1,686,Importer,Small,447,Fine_Dine_Vegetarian,Wine,37.954303,10.67,404.97,40.5,0.1,non_compliant,364.48
INV588433,2025-01-25,2025 Q1,679,Importer,Large,448,Fine_Dine_Vegetarian,Wine,71.572235,10.67,763.68,452.15,0.5921,partially_compliant,311.52
INV588986,2025-01-25,2025 Q1,692,Importer,Large,449,Fine_Dine_Vegetarian,Wine,44.764509,10.67,477.64,312.32,0.6539,partially_compliant,165.32
INV589539,2025-01-25,2025 Q1,680,Importer,Medium,450,Fine_Dine_Vegetarian,Wine,96.165028,10.67,1026.08,974.78,0.95,compliant,51.3
INV591198,2025-01-25,2025 Q1,682,Importer,Small,453,Fine_Dine_Vegetarian,Wine,61.505547,10.67,656.26,359.22,0.5474,partially_compliant,297.05
INV592857,2025-01-25,2025 Q1,675,Importer,Small,456,Fine_Dine_Vegetarian,Wine,28.951623,10.67,308.91,300.17,0.9717,compliant,8.74
INV594516,2025-01-25,2025 Q1,673,Importer,Medium,459,Fine_Dine_Vegetarian,Wine,24.545063,10.67,261.9,261.9,1.0,compliant,0.0
INV596175,2025-01-25,2025 Q1,673,Importer,Medium,462,Fine_Dine_Vegetarian,Wine,25.986393,10.67,277.27,277.27,1.0,compliant,0.0
INV596728,2025-01-25,2025 Q1,690,Importer,Small,463,Fine_Dine_Vegetarian,Wine,60.745528,10.67,648.15,369.54,0.5701,partially_compliant,278.62
INV597281,2025-01-25,2025 Q1,677,Importer,Small,464,Fine_Dine_Vegetarian,Wine,30.543775,10.67,325.9,317.16,0.9732,compliant,8.74
INV600046,2025-01-25,2025 Q1,682,Importer,Small,469,Fine_Dine_Vegetarian,Wine,25.713464,10.67,274.36,150.18,0.5474,partially_compliant,124.18
INV601705,2025-01-25,2025 Q1,689,Importer,Small,472,Fine_Dine_Vegetarian,Wine,24.065731,10.67,256.78,254.09,0.9895,compliant,2.69
INV603917,2025-01-25,2025 Q1,692,Importer,Large,476,Fine_Dine_Vegetarian,Wine,31.054624,10.67,331.35,216.67,0.6539,partially_compliant,114.68
INV605576,2025-01-25,2025 Q1,673,Importer,Medium,479,Fine_Dine_Vegetarian,Wine,45.636181,10.67,486.94,486.94,1.0,compliant,0.0
INV607788,2025-01-25,2025 Q1,675,Importer,Small,483,Fine_Dine_Vegetarian,Wine,45.64973,10.67,487.08,473.3,0.9717,compliant,13.79
INV609447,2025-01-25,2025 Q1,692,Importer,Large,486,Fine_Dine_Vegetarian,Wine,48.838507,10.67,521.11,340.75,0.6539,partially_compliant,180.36
INV613871,2025-01-25,2025 Q1,686,Importer,Small,494,Fine_Dine_Vegetarian,Wine,23.533266,10.67,251.1,25.11,0.1,non_compliant,225.99
INV617189,2025-01-25,2025 Q1,673,Importer,Medium,500,Fine_Dine_Vegetarian,Wine,34.279452,10.67,365.76,365.76,1.0,compliant,0.0
INV402566,2025-02-01,2025 Q1,692,Importer,Large,203,Cafe,Coffee_Beans,26.362471,25.0,659.06,430.95,0.6539,partially_compliant,228.11
INV404304,2025-02-01,2025 Q1,680,Importer,Medium,205,Cafe,Coffee_Beans,4.824144,25.0,120.6,114.57,0.95,compliant,6.03
INV406042,2025-02-01,2025 Q1,684,Importer,Medium,207,Cafe,Coffee_Beans,6.629479,25.0,165.74,163.46,0.9862,compliant,2.28
INV415601,2025-02-01,2025 Q1,677,Importer,Small,218,Cafe,Coffee_Beans,16.178748,25.0,404.47,393.62,0.9732,compliant,10.85
INV420815,2025-02-01,2025 Q1,686,Importer,Small,224,Cafe,Coffee_Beans,9.110965,25.0,227.77,22.78,0.1,non_compliant,205.0
INV424291,2025-02-01,2025 Q1,677,Importer,Small,228,Cafe,Coffee_Beans,7.254329,25.0,181.36,176.5,0.9732,compliant,4.86
INV426029,2025-02-01,2025 Q1,682,Importer,Small,230,Cafe,Coffee_Beans,8.133045,25.0,203.33,111.29,0.5474,partially_compliant,92.03
INV426898,2025-02-01,2025 Q1,681,Importer,Small,231,Cafe,Coffee_Beans,7.196204,25.0,179.91,0.0,0.0,non_compliant,179.91
INV429505,2025-02-01,2025 Q1,673,Importer,Medium,234,Cafe,Coffee_Beans,6.212924,25.0,155.32,155.32,1.0,compliant,0.0
INV430374,2025-02-01,2025 Q1,673,Importer,Medium,235,Cafe,Coffee_Beans,29.443403,25.0,736.09,736.09,1.0,compliant,0.0
INV432112,2025-02-01,2025 Q1,683,Importer,Small,237,Cafe,Coffee_Beans,17.615004,25.0,440.38,262.77,0.5967,partially_compliant,177.6
INV438195,2025-02-01,2025 Q1,682,Importer,Small,244,Cafe,Coffee_Beans,8.086847,25.0,202.17,110.66,0.5474,partially_compliant,91.51
INV439933,2025-02-01,2025 Q1,688,Importer,Small,246,Cafe,Coffee_Beans,6.173842,25.0,154.35,148.15,0.9598,compliant,6.2
INV445147,2025-02-01,2025 Q1,675,Importer,Small,252,Cafe,Coffee_Beans,7.713512,25.0,192.84,187.38,0.9717,compliant,5.46
INV448623,2025-02-01,2025 Q1,678,Importer,Medium,256,Cafe,Coffee_Beans,9.600305,25.0,240.01,142.08,0.592,partially_compliant,97.93
INV449492,2025-02-01,2025 Q1,680,Importer,Medium,257,Cafe,Coffee_Beans,27.94719,25.0,698.68,663.75,0.95,compliant,34.93
INV454706,2025-02-01,2025 Q1,675,Importer,Small,263,Cafe,Coffee_Beans,6.696354,25.0,167.41,162.67,0.9717,compliant,4.74
INV459920,2025-02-01,2025 Q1,677,Importer,Small,269,Cafe,Coffee_Beans,6.273938,25.0,156.85,152.64,0.9732,compliant,4.21
INV464265,2025-02-01,2025 Q1,673,Importer,Medium,274,Cafe,Coffee_Beans,6.602289,25.0,165.06,165.06,1.0,compliant,0.0
INV465134,2025-02-01,2025 Q1,689,Importer,Small,275,Cafe,Coffee_Beans,8.168453,25.0,204.21,202.07,0.9895,compliant,2.14
INV466003,2025-02-01,2025 Q1,692,Importer,Large,276,Cafe,Coffee_Beans,6.908085,25.0,172.7,112.93,0.6539,partially_compliant,59.77
INV470348,2025-02-01,2025 Q1,689,Importer,Small,281,Cafe,Coffee_Beans,13.059165,25.0,326.48,323.06,0.9895,compliant,3.42
INV475562,2025-02-01,2025 Q1,680,Importer,Medium,287,Cafe,Coffee_Beans,7.7594,25.0,193.99,184.29,0.95,compliant,9.7
INV478169,2025-02-01,2025 Q1,675,Importer,Small,290,Cafe,Coffee_Beans,6.808193,25.0,170.2,165.39,0.9717,compliant,4.82
INV484252,2025-02-01,2025 Q1,689,Importer,Small,297,Cafe,Coffee_Beans,9.89782,25.0,247.45,244.85,0.9895,compliant,2.59
INV485121,2025-02-01,2025 Q1,674,Importer,Small,298,Cafe,Coffee_Beans,7.175007,25.0,179.38,173.26,0.9659,compliant,6.11
INV490335,2025-02-01,2025 Q1,682,Importer,Small,304,Cafe,Coffee_Beans,6.732662,25.0,168.32,92.13,0.5474,partially_compliant,76.19
INV491204,2025-02-01,2025 Q1,682,Importer,Small,305,Cafe,Coffee_Beans,4.647377,25.0,116.18,63.6,0.5474,partially_compliant,52.59
INV496418,2025-02-01,2025 Q1,680,Importer,Medium,311,Cafe,Coffee_Beans,7.968377,25.0,199.21,189.25,0.95,compliant,9.96
INV497287,2025-02-01,2025 Q1,689,Importer,Small,312,Cafe,Coffee_Beans,6.841809,25.0,171.05,169.25,0.9895,compliant,1.79
INV498156,2025-02-01,2025 Q1,682,Importer,Small,313,Cafe,Coffee_Beans,3.67925,25.0,91.98,50.35,0.5474,partially_compliant,41.63
INV502501,2025-02-01,2025 Q1,688,Importer,Small,318,Cafe,Coffee_Beans,34.445481,25.0,861.14,826.54,0.9598,compliant,34.59
INV507715,2025-02-01,2025 Q1,692,Importer,Large,324,Cafe,Coffee_Beans,6.535151,25.0,163.38,106.83,0.6539,partially_compliant,56.55
INV515536,2025-02-01,2025 Q1,678,Importer,Medium,333,Cafe,Coffee_Beans,5.768975,25.0,144.22,85.38,0.592,partially_compliant,58.85
INV518143,2025-02-01,2025 Q1,690,Importer,Small,336,Cafe,Coffee_Beans,9.168967,25.0,229.22,130.69,0.5701,partially_compliant,98.53
INV522488,2025-02-01,2025 Q1,690,Importer,Small,341,Cafe,Coffee_Beans,5.799042,25.0,144.98,82.66,0.5701,partially_compliant,62.32
INV523357,2025-02-01,2025 Q1,686,Importer,Small,342,Cafe,Coffee_Beans,4.102876,25.0,102.57,10.26,0.1,non_compliant,92.31
INV524226,2025-02-01,2025 Q1,690,Importer,Small,343,Cafe,Coffee_Beans,10.268638,25.0,256.72,146.36,0.5701,partially_compliant,110.35
INV532916,2025-02-01,2025 Q1,686,Importer,Small,353,Cafe,Coffee_Beans,11.945926,25.0,298.65,29.86,0.1,non_compliant,268.78
INV534654,2025-02-01,2025 Q1,678,Importer,Medium,355,Cafe,Coffee_Beans,20.060036,25.0,501.5,296.87,0.592,partially_compliant,204.63
INV537261,2025-02-01,2025 Q1,679,Importer,Large,358,Cafe,Coffee_Beans,7.296862,25.0,182.42,108.01,0.5921,partially_compliant,74.41
INV542542,2025-02-01,2025 Q1,673,Importer,Medium,365,Fine_Dine_Meat,Beer,33.38625,3.0,100.16,100.16,1.0,compliant,0.0
INV544753,2025-02-01,2025 Q1,692,Importer,Large,369,Fine_Dine_Meat,Wine,25.207244,10.67,268.96,175.87,0.6539,partially_compliant,93.09
INV547518,2025-02-01,2025 Q1,675,Importer,Small,374,Fine_Dine_Meat,Wine,29.444176,10.67,314.17,305.28,0.9717,compliant,8.89
INV547519,2025-02-01,2025 Q1,683,Importer,Small,374,Fine_Dine_Meat,Beer,44.166264,3.0,132.5,79.06,0.5967,partially_compliant,53.44
INV549731,2025-02-01,2025 Q1,679,Importer,Large,378,Fine_Dine_Meat,Beer,31.459175,3.0,94.38,55.88,0.5921,partially_compliant,38.5
INV550283,2025-02-01,2025 Q1,686,Importer,Small,379,Fine_Dine_Meat,Wine,55.332454,10.67,590.4,59.04,0.1,non_compliant,531.36
INV551942,2025-02-01,2025 Q1,677,Importer,Small,382,Fine_Dine_Meat,Wine,33.61365,10.67,358.66,349.04,0.9732,compliant,9.62
INV553048,2025-02-01,2025 Q1,682,Importer,Small,384,Fine_Dine_Meat,Wine,20.598762,10.67,219.79,120.31,0.5474,partially_compliant,99.48
INV553049,2025-02-01,2025 Q1,680,Importer,Medium,384,Fine_Dine_Meat,Beer,30.898143,3.0,92.69,88.06,0.95,compliant,4.63
INV555260,2025-02-01,2025 Q1,686,Importer,Small,388,Fine_Dine_Meat,Wine,10.527805,10.67,112.33,11.23,0.1,non_compliant,101.1
INV555261,2025-02-01,2025 Q1,680,Importer,Medium,388,Fine_Dine_Meat,Beer,15.791708,3.0,47.38,45.01,0.95,compliant,2.37
INV555813,2025-02-01,2025 Q1,680,Importer,Medium,389,Fine_Dine_Meat,Wine,22.214749,10.67,237.03,225.18,0.95,compliant,11.85
INV556919,2025-02-01,2025 Q1,692,Importer,Large,391,Fine_Dine_Meat,Wine,23.331569,10.67,248.95,162.78,0.6539,partially_compliant,86.16
INV557473,2025-02-01,2025 Q1,692,Importer,Large,392,Fine_Dine_Meat,Beer,21.385577,3.0,64.16,41.95,0.6539,partially_compliant,22.21
INV558578,2025-02-01,2025 Q1,679,Importer,Large,394,Fine_Dine_Meat,Wine,31.06769,10.67,331.49,196.27,0.5921,partially_compliant,135.22
INV559131,2025-02-01,2025 Q1,686,Importer,Small,395,Fine_Dine_Meat,Wine,34.044014,10.67,363.25,36.32,0.1,non_compliant,326.92
INV559685,2025-02-01,2025 Q1,685,Importer,Small,396,Fine_Dine_Meat,Beer,68.046684,3.0,204.14,193.93,0.95,compliant,10.21
INV560238,2025-02-01,2025 Q1,675,Importer,Small,397,Fine_Dine_Meat,Beer,29.654885,3.0,88.96,86.45,0.9717,compliant,2.52
INV561343,2025-02-01,2025 Q1,673,Importer,Medium,399,Fine_Dine_Meat,Wine,45.608897,10.67,486.65,486.65,1.0,compliant,0.0
INV566320,2025-02-01,2025 Q1,681,Importer,Small,408,Fine_Dine_Meat,Wine,53.991409,10.67,576.09,0.0,0.0,non_compliant,576.09
INV567979,2025-02-01,2025 Q1,673,Importer,Medium,411,Fine_Dine_Meat,Wine,18.433327,10.67,196.68,196.68,1.0,compliant,0.0
INV567980,2025-02-01,2025 Q1,673,Importer,Medium,411,Fine_Dine_Meat,Beer,27.649991,3.0,82.95,82.95,1.0,compliant,0.0
INV568532,2025-02-01,2025 Q1,680,Importer,Medium,412,Fine_Dine_Meat,Wine,47.768974,10.67,509.69,484.21,0.95,compliant,25.48
INV569638,2025-02-01,2025 Q1,689,Importer,Small,414,Fine_Dine_Meat,Wine,44.69004,10.67,476.84,471.85,0.9895,compliant,5.0
INV570744,2025-02-01,2025 Q1,680,Importer,Medium,416,Fine_Dine_Meat,Wine,27.395727,10.67,292.31,277.7,0.95,compliant,14.62
INV571850,2025-02-01,2025 Q1,675,Importer,Small,418,Fine_Dine_Meat,Wine,50.382167,10.67,537.58,522.36,0.9717,compliant,15.22
INV574062,2025-02-01,2025 Q1,673,Importer,Medium,422,Fine_Dine_Meat,Wine,28.428155,10.67,303.33,303.33,1.0,compliant,0.0
INV576827,2025-02-01,2025 Q1,678,Importer,Medium,427,Fine_Dine_Meat,Wine,23.24392,10.67,248.01,146.81,0.592,partially_compliant,101.2
INV577380,2025-02-01,2025 Q1,689,Importer,Small,428,Fine_Dine_Meat,Wine,22.086557,10.67,235.66,233.19,0.9895,compliant,2.47
INV578486,2025-02-01,2025 Q1,685,Importer,Small,430,Fine_Dine_Meat,Wine,49.543386,10.67,528.63,502.2,0.95,compliant,26.43
INV579039,2025-02-01,2025 Q1,692,Importer,Large,431,Fine_Dine_Meat,Wine,21.508111,10.67,229.49,150.06,0.6539,partially_compliant,79.43
INV579592,2025-02-01,2025 Q1,673,Importer,Medium,432,Fine_Dine_Meat,Wine,42.955693,10.67,458.34,458.34,1.0,compliant,0.0
INV580146,2025-02-01,2025 Q1,679,Importer,Large,433,Fine_Dine_Meat,Beer,17.600844,3.0,52.8,31.26,0.5921,partially_compliant,21.54
INV580699,2025-02-01,2025 Q1,692,Importer,Large,434,Fine_Dine_Meat,Beer,40.600326,3.0,121.8,79.64,0.6539,partially_compliant,42.16
INV581252,2025-02-01,2025 Q1,687,Importer,Medium,435,Fine_Dine_Meat,Beer,59.354268,3.0,178.06,117.27,0.6586,partially_compliant,60.8
INV584016,2025-02-01,2025 Q1,679,Importer,Large,440,Fine_Dine_Meat,Wine,24.992406,10.67,266.67,157.89,0.5921,partially_compliant,108.78
INV584017,2025-02-01,2025 Q1,692,Importer,Large,440,Fine_Dine_Meat,Beer,37.488609,3.0,112.47,73.54,0.6539,partially_compliant,38.93
INV587887,2025-02-01,2025 Q1,686,Importer,Small,447,Fine_Dine_Vegetarian,Wine,38.13675,10.67,406.92,40.69,0.1,non_compliant,366.23
INV588440,2025-02-01,2025 Q1,679,Importer,Large,448,Fine_Dine_Vegetarian,Wine,72.083762,10.67,769.13,455.39,0.5921,partially_compliant,313.75
INV588993,2025-02-01,2025 Q1,692,Importer,Large,449,Fine_Dine_Vegetarian,Wine,49.597324,10.67,529.2,346.04,0.6539,partially_compliant,183.16
INV589546,2025-02-01,2025 Q1,680,Importer,Medium,450,Fine_Dine_Vegetarian,Wine,96.149127,10.67,1025.91,974.62,0.95,compliant,51.3
INV591205,2025-02-01,2025 Q1,682,Importer,Small,453,Fine_Dine_Vegetarian,Wine,61.204023,10.67,653.05,357.46,0.5474,partially_compliant,295.59
INV592864,2025-02-01,2025 Q1,675,Importer,Small,456,Fine_Dine_Vegetarian,Wine,29.075353,10.67,310.23,301.45,0.9717,compliant,8.78
INV594523,2025-02-01,2025 Q1,673,Importer,Medium,459,Fine_Dine_Vegetarian,Wine,23.747238,10.67,253.38,253.38,1.0,compliant,0.0
INV596182,2025-02-01,2025 Q1,673,Importer,Medium,462,Fine_Dine_Vegetarian,Wine,26.097244,10.67,278.46,278.46,1.0,compliant,0.0
INV596735,2025-02-01,2025 Q1,690,Importer,Small,463,Fine_Dine_Vegetarian,Wine,61.052923,10.67,651.43,371.41,0.5701,partially_compliant,280.03
INV597288,2025-02-01,2025 Q1,677,Importer,Small,464,Fine_Dine_Vegetarian,Wine,30.351895,10.67,323.85,315.17,0.9732,compliant,8.68
INV600053,2025-02-01,2025 Q1,682,Importer,Small,469,Fine_Dine_Vegetarian,Wine,21.913419,10.67,233.82,127.98,0.5474,partially_compliant,105.83
INV601712,2025-02-01,2025 Q1,689,Importer,Small,472,Fine_Dine_Vegetarian,Wine,23.659433,10.67,252.45,249.8,0.9895,compliant,2.65
INV603924,2025-02-01,2025 Q1,692,Importer,Large,476,Fine_Dine_Vegetarian,Wine,31.271708,10.67,333.67,218.18,0.6539,partially_compliant,115.49
INV605583,2025-02-01,2025 Q1,673,Importer,Medium,479,Fine_Dine_Vegetarian,Wine,45.101865,10.67,481.24,481.24,1.0,compliant,0.0
INV607795,2025-02-01,2025 Q1,675,Importer,Small,483,Fine_Dine_Vegetarian,Wine,45.115256,10.67,481.38,467.76,0.9717,compliant,13.62
INV609454,2025-02-01,2025 Q1,692,Importer,Large,486,Fine_Dine_Vegetarian,Wine,48.805287,10.67,520.75,340.51,0.6539,partially_compliant,180.24
INV613878,2025-02-01,2025 Q1,686,Importer,Small,494,Fine_Dine_Vegetarian,Wine,22.049809,10.67,235.27,23.53,0.1,non_compliant,211.74
INV617196,2025-02-01,2025 Q1,673,Importer,Medium,500,Fine_Dine_Vegetarian,Wine,34.206269,10.67,364.98,364.98,1.0,compliant,0.0
INV402577,2025-02-08,2025 Q1,692,Importer,Large,203,Cafe,Coffee_Beans,23.79129,25.0,594.78,388.92,0.6539,partially_compliant,205.86
INV404315,2025-02-08,2025 Q1,680,Importer,Medium,205,Cafe,Coffee_Beans,4.353636,25.0,108.84,103.4,0.95,compliant,5.44
INV406053,2025-02-08,2025 Q1,684,Importer,Medium,207,Cafe,Coffee_Beans,5.982893,25.0,149.57,147.51,0.9862,compliant,2.06
INV415612,2025-02-08,2025 Q1,677,Importer,Small,218,Cafe,Coffee_Beans,14.600804,25.0,365.02,355.23,0.9732,compliant,9.79
INV420826,2025-02-08,2025 Q1,686,Importer,Small,224,Cafe,Coffee_Beans,8.783296,25.0,219.58,21.96,0.1,non_compliant,197.62
INV424302,2025-02-08,2025 Q1,677,Importer,Small,228,Cafe,Coffee_Beans,6.546801,25.0,163.67,159.28,0.9732,compliant,4.39
INV426040,2025-02-08,2025 Q1,682,Importer,Small,230,Cafe,Coffee_Beans,7.339814,25.0,183.5,100.44,0.5474,partially_compliant,83.06
INV426909,2025-02-08,2025 Q1,681,Importer,Small,231,Cafe,Coffee_Beans,6.494345,25.0,162.36,0.0,0.0,non_compliant,162.36
INV429516,2025-02-08,2025 Q1,673,Importer,Medium,234,Cafe,Coffee_Beans,5.606965,25.0,140.17,140.17,1.0,compliant,0.0
INV430385,2025-02-08,2025 Q1,673,Importer,Medium,235,Cafe,Coffee_Beans,26.571732,25.0,664.29,664.29,1.0,compliant,0.0
INV432123,2025-02-08,2025 Q1,683,Importer,Small,237,Cafe,Coffee_Beans,15.89698,25.0,397.42,237.14,0.5967,partially_compliant,160.28
INV438206,2025-02-08,2025 Q1,682,Importer,Small,244,Cafe,Coffee_Beans,7.298122,25.0,182.45,99.87,0.5474,partially_compliant,82.58
INV439944,2025-02-08,2025 Q1,688,Importer,Small,246,Cafe,Coffee_Beans,5.738777,25.0,143.47,137.71,0.9598,compliant,5.76
INV445158,2025-02-08,2025 Q1,675,Importer,Small,252,Cafe,Coffee_Beans,6.961199,25.0,174.03,169.1,0.9717,compliant,4.93
INV448634,2025-02-08,2025 Q1,678,Importer,Medium,256,Cafe,Coffee_Beans,8.663969,25.0,216.6,128.22,0.592,partially_compliant,88.38
INV449503,2025-02-08,2025 Q1,680,Importer,Medium,257,Cafe,Coffee_Beans,25.221448,25.0,630.54,599.01,0.95,compliant,31.53
INV454717,2025-02-08,2025 Q1,675,Importer,Small,263,Cafe,Coffee_Beans,6.043246,25.0,151.08,146.81,0.9717,compliant,4.28
INV459931,2025-02-08,2025 Q1,677,Importer,Small,269,Cafe,Coffee_Beans,5.662029,25.0,141.55,137.76,0.9732,compliant,3.8
INV464276,2025-02-08,2025 Q1,673,Importer,Medium,274,Cafe,Coffee_Beans,5.958355,25.0,148.96,148.96,1.0,compliant,0.0
INV465145,2025-02-08,2025 Q1,689,Importer,Small,275,Cafe,Coffee_Beans,7.371768,25.0,184.29,182.36,0.9895,compliant,1.93
INV466014,2025-02-08,2025 Q1,692,Importer,Large,276,Cafe,Coffee_Beans,6.234326,25.0,155.86,101.91,0.6539,partially_compliant,53.94
INV470359,2025-02-08,2025 Q1,689,Importer,Small,281,Cafe,Coffee_Beans,11.78548,25.0,294.64,291.55,0.9895,compliant,3.09
INV475573,2025-02-08,2025 Q1,680,Importer,Medium,287,Cafe,Coffee_Beans,6.983762,25.0,174.59,165.86,0.95,compliant,8.73
INV478180,2025-02-08,2025 Q1,675,Importer,Small,290,Cafe,Coffee_Beans,6.144177,25.0,153.6,149.26,0.9717,compliant,4.35
INV484263,2025-02-08,2025 Q1,689,Importer,Small,297,Cafe,Coffee_Beans,8.268822,25.0,206.72,204.55,0.9895,compliant,2.17
INV485132,2025-02-08,2025 Q1,674,Importer,Small,298,Cafe,Coffee_Beans,6.475215,25.0,161.88,156.36,0.9659,compliant,5.52
INV490346,2025-02-08,2025 Q1,682,Importer,Small,304,Cafe,Coffee_Beans,6.076013,25.0,151.9,83.15,0.5474,partially_compliant,68.75
INV491215,2025-02-08,2025 Q1,682,Importer,Small,305,Cafe,Coffee_Beans,3.131905,25.0,78.3,42.86,0.5474,partially_compliant,35.44
INV496429,2025-02-08,2025 Q1,680,Importer,Medium,311,Cafe,Coffee_Beans,7.191206,25.0,179.78,170.79,0.95,compliant,8.99
INV497298,2025-02-08,2025 Q1,689,Importer,Small,312,Cafe,Coffee_Beans,6.174514,25.0,154.36,152.75,0.9895,compliant,1.62
INV498167,2025-02-08,2025 Q1,682,Importer,Small,313,Cafe,Coffee_Beans,3.326936,25.0,83.17,45.53,0.5474,partially_compliant,37.65
INV502512,2025-02-08,2025 Q1,688,Importer,Small,318,Cafe,Coffee_Beans,27.475055,25.0,686.88,659.28,0.9598,compliant,27.59
INV507726,2025-02-08,2025 Q1,692,Importer,Large,324,Cafe,Coffee_Beans,5.897766,25.0,147.44,96.41,0.6539,partially_compliant,51.03
INV515547,2025-02-08,2025 Q1,678,Importer,Medium,333,Cafe,Coffee_Beans,5.206316,25.0,130.16,77.05,0.592,partially_compliant,53.11
INV518154,2025-02-08,2025 Q1,690,Importer,Small,336,Cafe,Coffee_Beans,7.439544,25.0,185.99,106.04,0.5701,partially_compliant,79.95
INV522499,2025-02-08,2025 Q1,690,Importer,Small,341,Cafe,Coffee_Beans,5.23345,25.0,130.84,74.59,0.5701,partially_compliant,56.24
INV523368,2025-02-08,2025 Q1,686,Importer,Small,342,Cafe,Coffee_Beans,3.702715,25.0,92.57,9.26,0.1,non_compliant,83.31
INV524237,2025-02-08,2025 Q1,690,Importer,Small,343,Cafe,Coffee_Beans,7.892235,25.0,197.31,112.49,0.5701,partially_compliant,84.81
INV532927,2025-02-08,2025 Q1,686,Importer,Small,353,Cafe,Coffee_Beans,10.780818,25.0,269.52,26.95,0.1,non_compliant,242.57
INV534665,2025-02-08,2025 Q1,678,Importer,Medium,355,Cafe,Coffee_Beans,18.103543,25.0,452.59,267.92,0.592,partially_compliant,184.67
INV537272,2025-02-08,2025 Q1,679,Importer,Large,358,Cafe,Coffee_Beans,6.585185,25.0,164.63,97.47,0.5921,partially_compliant,67.16
INV542549,2025-02-08,2025 Q1,673,Importer,Medium,365,Fine_Dine_Meat,Beer,32.041666,3.0,96.12,96.12,1.0,compliant,0.0
INV544760,2025-02-08,2025 Q1,692,Importer,Large,369,Fine_Dine_Meat,Wine,24.192058,10.67,258.13,168.79,0.6539,partially_compliant,89.34
INV547525,2025-02-08,2025 Q1,675,Importer,Small,374,Fine_Dine_Meat,Wine,28.258353,10.67,301.52,292.98,0.9717,compliant,8.53
INV547526,2025-02-08,2025 Q1,683,Importer,Small,374,Fine_Dine_Meat,Beer,42.38753,3.0,127.16,75.88,0.5967,partially_compliant,51.29
INV549738,2025-02-08,2025 Q1,679,Importer,Large,378,Fine_Dine_Meat,Beer,30.192201,3.0,90.58,53.63,0.5921,partially_compliant,36.95
INV550290,2025-02-08,2025 Q1,686,Importer,Small,379,Fine_Dine_Meat,Wine,53.104018,10.67,566.62,56.66,0.1,non_compliant,509.96
INV551949,2025-02-08,2025 Q1,677,Importer,Small,382,Fine_Dine_Meat,Wine,31.745785,10.67,338.73,329.65,0.9732,compliant,9.08
INV553055,2025-02-08,2025 Q1,682,Importer,Small,384,Fine_Dine_Meat,Wine,19.769176,10.67,210.94,115.46,0.5474,partially_compliant,95.48
INV553056,2025-02-08,2025 Q1,680,Importer,Medium,384,Fine_Dine_Meat,Beer,29.653763,3.0,88.96,84.51,0.95,compliant,4.45
INV555267,2025-02-08,2025 Q1,686,Importer,Small,388,Fine_Dine_Meat,Wine,10.022977,10.67,106.95,10.69,0.1,non_compliant,96.25
INV555268,2025-02-08,2025 Q1,680,Importer,Medium,388,Fine_Dine_Meat,Beer,15.034466,3.0,45.1,42.85,0.95,compliant,2.26
INV555820,2025-02-08,2025 Q1,680,Importer,Medium,389,Fine_Dine_Meat,Wine,21.320082,10.67,227.49,216.11,0.95,compliant,11.37
INV556926,2025-02-08,2025 Q1,692,Importer,Large,391,Fine_Dine_Meat,Wine,22.391923,10.67,238.92,156.23,0.6539,partially_compliant,82.69
INV557480,2025-02-08,2025 Q1,692,Importer,Large,392,Fine_Dine_Meat,Beer,23.300813,3.0,69.9,45.71,0.6539,partially_compliant,24.19
INV558585,2025-02-08,2025 Q1,679,Importer,Large,394,Fine_Dine_Meat,Wine,29.816482,10.67,318.14,188.36,0.5921,partially_compliant,129.78
INV559138,2025-02-08,2025 Q1,686,Importer,Small,395,Fine_Dine_Meat,Wine,32.672939,10.67,348.62,34.86,0.1,non_compliant,313.76
INV559692,2025-02-08,2025 Q1,685,Importer,Small,396,Fine_Dine_Meat,Beer,65.3062,3.0,195.92,186.12,0.95,compliant,9.8
INV560245,2025-02-08,2025 Q1,675,Importer,Small,397,Fine_Dine_Meat,Beer,29.662999,3.0,88.99,86.47,0.9717,compliant,2.52
INV561350,2025-02-08,2025 Q1,673,Importer,Medium,399,Fine_Dine_Meat,Wine,43.772062,10.67,467.05,467.05,1.0,compliant,0.0
INV566327,2025-02-08,2025 Q1,681,Importer,Small,408,Fine_Dine_Meat,Wine,51.816981,10.67,552.89,0.0,0.0,non_compliant,552.89
INV567986,2025-02-08,2025 Q1,673,Importer,Medium,411,Fine_Dine_Meat,Wine,17.690951,10.67,188.76,188.76,1.0,compliant,0.0
INV567987,2025-02-08,2025 Q1,673,Importer,Medium,411,Fine_Dine_Meat,Beer,26.536426,3.0,79.61,79.61,1.0,compliant,0.0
INV568539,2025-02-08,2025 Q1,680,Importer,Medium,412,Fine_Dine_Meat,Wine,45.845146,10.67,489.17,464.71,0.95,compliant,24.46
INV569645,2025-02-08,2025 Q1,689,Importer,Small,414,Fine_Dine_Meat,Wine,41.981371,10.67,447.94,443.25,0.9895,compliant,4.69
INV570751,2025-02-08,2025 Q1,680,Importer,Medium,416,Fine_Dine_Meat,Wine,26.292402,10.67,280.54,266.51,0.95,compliant,14.03
INV571857,2025-02-08,2025 Q1,675,Importer,Small,418,Fine_Dine_Meat,Wine,48.353096,10.67,515.93,501.33,0.9717,compliant,14.6
INV574069,2025-02-08,2025 Q1,673,Importer,Medium,422,Fine_Dine_Meat,Wine,27.283251,10.67,291.11,291.11,1.0,compliant,0.0
INV576834,2025-02-08,2025 Q1,678,Importer,Medium,427,Fine_Dine_Meat,Wine,22.307804,10.67,238.02,140.9,0.592,partially_compliant,97.12
INV577387,2025-02-08,2025 Q1,689,Importer,Small,428,Fine_Dine_Meat,Wine,21.197052,10.67,226.17,223.8,0.9895,compliant,2.37
INV578493,2025-02-08,2025 Q1,685,Importer,Small,430,Fine_Dine_Meat,Wine,45.652048,10.67,487.11,462.75,0.95,compliant,24.36
INV579046,2025-02-08,2025 Q1,692,Importer,Large,431,Fine_Dine_Meat,Wine,20.641903,10.67,220.25,144.02,0.6539,partially_compliant,76.23
INV579599,2025-02-08,2025 Q1,673,Importer,Medium,432,Fine_Dine_Meat,Wine,41.225713,10.67,439.88,439.88,1.0,compliant,0.0
INV580153,2025-02-08,2025 Q1,679,Importer,Large,433,Fine_Dine_Meat,Beer,20.865541,3.0,62.6,37.06,0.5921,partially_compliant,25.53
INV580706,2025-02-08,2025 Q1,692,Importer,Large,434,Fine_Dine_Meat,Beer,38.965205,3.0,116.9,76.44,0.6539,partially_compliant,40.46
INV581259,2025-02-08,2025 Q1,687,Importer,Medium,435,Fine_Dine_Meat,Beer,52.911883,3.0,158.74,104.54,0.6586,partially_compliant,54.2
INV584023,2025-02-08,2025 Q1,679,Importer,Large,440,Fine_Dine_Meat,Wine,23.985872,10.67,255.93,151.53,0.5921,partially_compliant,104.4
INV584024,2025-02-08,2025 Q1,692,Importer,Large,440,Fine_Dine_Meat,Beer,35.978808,3.0,107.94,70.58,0.6539,partially_compliant,37.36
INV587894,2025-02-08,2025 Q1,686,Importer,Small,447,Fine_Dine_Vegetarian,Wine,36.600846,10.67,390.53,39.05,0.1,non_compliant,351.48
INV588447,2025-02-08,2025 Q1,679,Importer,Large,448,Fine_Dine_Vegetarian,Wine,69.18069,10.67,738.16,437.05,0.5921,partially_compliant,301.11
INV589000,2025-02-08,2025 Q1,692,Importer,Large,449,Fine_Dine_Vegetarian,Wine,54.932937,10.67,586.13,383.27,0.6539,partially_compliant,202.87
INV589553,2025-02-08,2025 Q1,680,Importer,Medium,450,Fine_Dine_Vegetarian,Wine,92.276856,10.67,984.59,935.36,0.95,compliant,49.23
INV591212,2025-02-08,2025 Q1,682,Importer,Small,453,Fine_Dine_Vegetarian,Wine,58.739117,10.67,626.75,343.06,0.5474,partially_compliant,283.68
INV592871,2025-02-08,2025 Q1,675,Importer,Small,456,Fine_Dine_Vegetarian,Wine,27.904384,10.67,297.74,289.31,0.9717,compliant,8.43
INV594530,2025-02-08,2025 Q1,673,Importer,Medium,459,Fine_Dine_Vegetarian,Wine,22.790851,10.67,243.18,243.18,1.0,compliant,0.0
INV596189,2025-02-08,2025 Q1,673,Importer,Medium,462,Fine_Dine_Vegetarian,Wine,25.046215,10.67,267.24,267.24,1.0,compliant,0.0
INV596742,2025-02-08,2025 Q1,690,Importer,Small,463,Fine_Dine_Vegetarian,Wine,58.594103,10.67,625.2,356.45,0.5701,partially_compliant,268.75
INV597295,2025-02-08,2025 Q1,677,Importer,Small,464,Fine_Dine_Vegetarian,Wine,29.129515,10.67,310.81,302.48,0.9732,compliant,8.33
INV600060,2025-02-08,2025 Q1,682,Importer,Small,469,Fine_Dine_Vegetarian,Wine,15.785674,10.67,168.43,92.2,0.5474,partially_compliant,76.24
INV601719,2025-02-08,2025 Q1,689,Importer,Small,472,Fine_Dine_Vegetarian,Wine,22.706583,10.67,242.28,239.74,0.9895,compliant,2.54
INV603931,2025-02-08,2025 Q1,692,Importer,Large,476,Fine_Dine_Vegetarian,Wine,30.012284,10.67,320.23,209.4,0.6539,partially_compliant,110.84
INV605590,2025-02-08,2025 Q1,673,Importer,Medium,479,Fine_Dine_Vegetarian,Wine,43.285451,10.67,461.86,461.86,1.0,compliant,0.0
INV607802,2025-02-08,2025 Q1,675,Importer,Small,483,Fine_Dine_Vegetarian,Wine,39.673064,10.67,423.31,411.33,0.9717,compliant,11.98
INV609461,2025-02-08,2025 Q1,692,Importer,Large,486,Fine_Dine_Vegetarian,Wine,46.839723,10.67,499.78,326.8,0.6539,partially_compliant,172.98
INV613885,2025-02-08,2025 Q1,686,Importer,Small,494,Fine_Dine_Vegetarian,Wine,19.398292,10.67,206.98,20.7,0.1,non_compliant,186.28
INV617203,2025-02-08,2025 Q1,673,Importer,Medium,500,Fine_Dine_Vegetarian,Wine,32.828659,10.67,350.28,350.28,1.0,compliant,0.0
INV402588,2025-02-15,2025 Q1,692,Importer,Large,203,Cafe,Coffee_Beans,23.602619,25.0,590.07,385.84,0.6539,partially_compliant,204.23
INV404326,2025-02-15,2025 Q1,680,Importer,Medium,205,Cafe,Coffee_Beans,4.319111,25.0,107.98,102.58,0.95,compliant,5.4
INV406064,2025-02-15,2025 Q1,684,Importer,Medium,207,Cafe,Coffee_Beans,5.935447,25.0,148.39,146.34,0.9862,compliant,2.04
INV415623,2025-02-15,2025 Q1,677,Importer,Small,218,Cafe,Coffee_Beans,14.485016,25.0,362.13,352.42,0.9732,compliant,9.71
INV420837,2025-02-15,2025 Q1,686,Importer,Small,224,Cafe,Coffee_Beans,9.193953,25.0,229.85,22.98,0.1,non_compliant,206.86
INV424313,2025-02-15,2025 Q1,677,Importer,Small,228,Cafe,Coffee_Beans,6.494883,25.0,162.37,158.02,0.9732,compliant,4.35
INV426051,2025-02-15,2025 Q1,682,Importer,Small,230,Cafe,Coffee_Beans,7.281607,25.0,182.04,99.64,0.5474,partially_compliant,82.4
INV426920,2025-02-15,2025 Q1,681,Importer,Small,231,Cafe,Coffee_Beans,6.442843,25.0,161.07,0.0,0.0,non_compliant,161.07
INV429527,2025-02-15,2025 Q1,673,Importer,Medium,234,Cafe,Coffee_Beans,5.562501,25.0,139.06,139.06,1.0,compliant,0.0
INV430396,2025-02-15,2025 Q1,673,Importer,Medium,235,Cafe,Coffee_Beans,26.361012,25.0,659.03,659.03,1.0,compliant,0.0
INV432134,2025-02-15,2025 Q1,683,Importer,Small,237,Cafe,Coffee_Beans,15.770913,25.0,394.27,235.26,0.5967,partially_compliant,159.01
INV438217,2025-02-15,2025 Q1,682,Importer,Small,244,Cafe,Coffee_Beans,7.240246,25.0,181.01,99.08,0.5474,partially_compliant,81.93
INV439955,2025-02-15,2025 Q1,688,Importer,Small,246,Cafe,Coffee_Beans,5.836586,25.0,145.91,140.05,0.9598,compliant,5.86
INV445169,2025-02-15,2025 Q1,675,Importer,Small,252,Cafe,Coffee_Beans,6.905995,25.0,172.65,167.76,0.9717,compliant,4.89
INV448645,2025-02-15,2025 Q1,678,Importer,Medium,256,Cafe,Coffee_Beans,8.595261,25.0,214.88,127.2,0.592,partially_compliant,87.68
INV449514,2025-02-15,2025 Q1,680,Importer,Medium,257,Cafe,Coffee_Beans,25.021436,25.0,625.54,594.26,0.95,compliant,31.28
INV454728,2025-02-15,2025 Q1,675,Importer,Small,263,Cafe,Coffee_Beans,5.995321,25.0,149.88,145.64,0.9717,compliant,4.24
INV459942,2025-02-15,2025 Q1,677,Importer,Small,269,Cafe,Coffee_Beans,5.617128,25.0,140.43,136.66,0.9732,compliant,3.77
INV464287,2025-02-15,2025 Q1,673,Importer,Medium,274,Cafe,Coffee_Beans,5.911104,25.0,147.78,147.78,1.0,compliant,0.0
INV465156,2025-02-15,2025 Q1,689,Importer,Small,275,Cafe,Coffee_Beans,7.313308,25.0,182.83,180.92,0.9895,compliant,1.92
INV466025,2025-02-15,2025 Q1,692,Importer,Large,276,Cafe,Coffee_Beans,6.184887,25.0,154.62,101.11,0.6539,partially_compliant,53.52
INV470370,2025-02-15,2025 Q1,689,Importer,Small,281,Cafe,Coffee_Beans,11.692018,25.0,292.3,289.24,0.9895,compliant,3.06
INV475584,2025-02-15,2025 Q1,680,Importer,Medium,287,Cafe,Coffee_Beans,6.913474,25.0,172.84,164.2,0.95,compliant,8.64
INV478191,2025-02-15,2025 Q1,675,Importer,Small,290,Cafe,Coffee_Beans,6.095452,25.0,152.39,148.07,0.9717,compliant,4.31
INV484274,2025-02-15,2025 Q1,689,Importer,Small,297,Cafe,Coffee_Beans,7.742989,25.0,193.57,191.55,0.9895,compliant,2.03
INV485143,2025-02-15,2025 Q1,674,Importer,Small,298,Cafe,Coffee_Beans,6.423865,25.0,160.6,155.12,0.9659,compliant,5.47
INV490357,2025-02-15,2025 Q1,682,Importer,Small,304,Cafe,Coffee_Beans,6.027829,25.0,150.7,82.49,0.5474,partially_compliant,68.21
INV491226,2025-02-15,2025 Q1,682,Importer,Small,305,Cafe,Coffee_Beans,2.77733,25.0,69.43,38.01,0.5474,partially_compliant,31.43
INV496440,2025-02-15,2025 Q1,680,Importer,Medium,311,Cafe,Coffee_Beans,7.134178,25.0,178.35,169.44,0.95,compliant,8.92
INV497309,2025-02-15,2025 Q1,689,Importer,Small,312,Cafe,Coffee_Beans,6.125549,25.0,153.14,151.53,0.9895,compliant,1.6
INV498178,2025-02-15,2025 Q1,682,Importer,Small,313,Cafe,Coffee_Beans,3.697235,25.0,92.43,50.59,0.5474,partially_compliant,41.84
INV502523,2025-02-15,2025 Q1,688,Importer,Small,318,Cafe,Coffee_Beans,24.528864,25.0,613.22,588.59,0.9598,compliant,24.63
INV507737,2025-02-15,2025 Q1,692,Importer,Large,324,Cafe,Coffee_Beans,5.850995,25.0,146.27,95.65,0.6539,partially_compliant,50.63
INV515558,2025-02-15,2025 Q1,678,Importer,Medium,333,Cafe,Coffee_Beans,5.165029,25.0,129.13,76.44,0.592,partially_compliant,52.69
INV518165,2025-02-15,2025 Q1,690,Importer,Small,336,Cafe,Coffee_Beans,6.755995,25.0,168.9,96.3,0.5701,partially_compliant,72.6
INV522510,2025-02-15,2025 Q1,690,Importer,Small,341,Cafe,Coffee_Beans,5.191948,25.0,129.8,74.0,0.5701,partially_compliant,55.8
INV523379,2025-02-15,2025 Q1,686,Importer,Small,342,Cafe,Coffee_Beans,3.673351,25.0,91.83,9.18,0.1,non_compliant,82.65
INV524248,2025-02-15,2025 Q1,690,Importer,Small,343,Cafe,Coffee_Beans,6.817463,25.0,170.44,97.17,0.5701,partially_compliant,73.26
INV532938,2025-02-15,2025 Q1,686,Importer,Small,353,Cafe,Coffee_Beans,10.695323,25.0,267.38,26.74,0.1,non_compliant,240.64
INV534676,2025-02-15,2025 Q1,678,Importer,Medium,355,Cafe,Coffee_Beans,17.959977,25.0,449.0,265.79,0.592,partially_compliant,183.21
INV537283,2025-02-15,2025 Q1,679,Importer,Large,358,Cafe,Coffee_Beans,6.532963,25.0,163.32,96.7,0.5921,partially_compliant,66.62
INV542556,2025-02-15,2025 Q1,673,Importer,Medium,365,Fine_Dine_Meat,Beer,31.806825,3.0,95.42,95.42,1.0,compliant,0.0
INV544767,2025-02-15,2025 Q1,692,Importer,Large,369,Fine_Dine_Meat,Wine,24.014748,10.67,256.24,167.55,0.6539,partially_compliant,88.69
INV547532,2025-02-15,2025 Q1,675,Importer,Small,374,Fine_Dine_Meat,Wine,28.051241,10.67,299.31,290.84,0.9717,compliant,8.47
INV547533,2025-02-15,2025 Q1,683,Importer,Small,374,Fine_Dine_Meat,Beer,42.076861,3.0,126.23,75.32,0.5967,partially_compliant,50.91
INV549745,2025-02-15,2025 Q1,679,Importer,Large,378,Fine_Dine_Meat,Beer,29.970915,3.0,89.91,53.24,0.5921,partially_compliant,36.68
INV550297,2025-02-15,2025 Q1,686,Importer,Small,379,Fine_Dine_Meat,Wine,52.714805,10.67,562.47,56.25,0.1,non_compliant,506.22
INV551956,2025-02-15,2025 Q1,677,Importer,Small,382,Fine_Dine_Meat,Wine,31.09946,10.67,331.83,322.93,0.9732,compliant,8.9
INV553062,2025-02-15,2025 Q1,682,Importer,Small,384,Fine_Dine_Meat,Wine,19.624282,10.67,209.39,114.61,0.5474,partially_compliant,94.78
INV553063,2025-02-15,2025 Q1,680,Importer,Medium,384,Fine_Dine_Meat,Beer,29.436424,3.0,88.31,83.89,0.95,compliant,4.42
INV555274,2025-02-15,2025 Q1,686,Importer,Small,388,Fine_Dine_Meat,Wine,9.949516,10.67,106.16,10.62,0.1,non_compliant,95.55
INV555275,2025-02-15,2025 Q1,680,Importer,Medium,388,Fine_Dine_Meat,Beer,14.924274,3.0,44.77,42.53,0.95,compliant,2.24
INV555827,2025-02-15,2025 Q1,680,Importer,Medium,389,Fine_Dine_Meat,Wine,21.163821,10.67,225.82,214.53,0.95,compliant,11.29
INV556933,2025-02-15,2025 Q1,692,Importer,Large,391,Fine_Dine_Meat,Wine,22.227807,10.67,237.17,155.08,0.6539,partially_compliant,82.09
INV557487,2025-02-15,2025 Q1,692,Importer,Large,392,Fine_Dine_Meat,Beer,25.167705,3.0,75.5,49.37,0.6539,partially_compliant,26.13
INV558592,2025-02-15,2025 Q1,679,Importer,Large,394,Fine_Dine_Meat,Wine,29.59795,10.67,315.81,186.98,0.5921,partially_compliant,128.83
INV559145,2025-02-15,2025 Q1,686,Importer,Small,395,Fine_Dine_Meat,Wine,32.433471,10.67,346.07,34.61,0.1,non_compliant,311.46
INV559699,2025-02-15,2025 Q1,685,Importer,Small,396,Fine_Dine_Meat,Beer,64.827554,3.0,194.48,184.76,0.95,compliant,9.72
INV560252,2025-02-15,2025 Q1,675,Importer,Small,397,Fine_Dine_Meat,Beer,30.366156,3.0,91.1,88.52,0.9717,compliant,2.58
INV561357,2025-02-15,2025 Q1,673,Importer,Medium,399,Fine_Dine_Meat,Wine,43.451246,10.67,463.62,463.62,1.0,compliant,0.0
INV566334,2025-02-15,2025 Q1,681,Importer,Small,408,Fine_Dine_Meat,Wine,51.437202,10.67,548.83,0.0,0.0,non_compliant,548.83
INV567993,2025-02-15,2025 Q1,673,Importer,Medium,411,Fine_Dine_Meat,Wine,17.561289,10.67,187.38,187.38,1.0,compliant,0.0
INV567994,2025-02-15,2025 Q1,673,Importer,Medium,411,Fine_Dine_Meat,Beer,26.341934,3.0,79.03,79.03,1.0,compliant,0.0
INV568546,2025-02-15,2025 Q1,680,Importer,Medium,412,Fine_Dine_Meat,Wine,45.509135,10.67,485.58,461.3,0.95,compliant,24.28
INV569652,2025-02-15,2025 Q1,689,Importer,Small,414,Fine_Dine_Meat,Wine,40.903858,10.67,436.44,431.87,0.9895,compliant,4.57
INV570758,2025-02-15,2025 Q1,680,Importer,Medium,416,Fine_Dine_Meat,Wine,26.099699,10.67,278.48,264.56,0.95,compliant,13.92
INV571864,2025-02-15,2025 Q1,675,Importer,Small,418,Fine_Dine_Meat,Wine,47.998704,10.67,512.15,497.65,0.9717,compliant,14.5
INV574076,2025-02-15,2025 Q1,673,Importer,Medium,422,Fine_Dine_Meat,Wine,27.083285,10.67,288.98,288.98,1.0,compliant,0.0
INV576841,2025-02-15,2025 Q1,678,Importer,Medium,427,Fine_Dine_Meat,Wine,22.144304,10.67,236.28,139.87,0.592,partially_compliant,96.41
INV577394,2025-02-15,2025 Q1,689,Importer,Small,428,Fine_Dine_Meat,Wine,21.041694,10.67,224.51,222.16,0.9895,compliant,2.35
INV578500,2025-02-15,2025 Q1,685,Importer,Small,430,Fine_Dine_Meat,Wine,43.707684,10.67,466.36,443.04,0.95,compliant,23.32
INV579053,2025-02-15,2025 Q1,692,Importer,Large,431,Fine_Dine_Meat,Wine,20.490613,10.67,218.63,142.96,0.6539,partially_compliant,75.67
INV579606,2025-02-15,2025 Q1,673,Importer,Medium,432,Fine_Dine_Meat,Wine,40.923559,10.67,436.65,436.65,1.0,compliant,0.0
INV580160,2025-02-15,2025 Q1,679,Importer,Large,433,Fine_Dine_Meat,Beer,23.686089,3.0,71.06,42.07,0.5921,partially_compliant,28.99
INV580713,2025-02-15,2025 Q1,692,Importer,Large,434,Fine_Dine_Meat,Beer,38.679619,3.0,116.04,75.88,0.6539,partially_compliant,40.16
INV581266,2025-02-15,2025 Q1,687,Importer,Medium,435,Fine_Dine_Meat,Beer,49.656552,3.0,148.97,98.11,0.6586,partially_compliant,50.86
INV584030,2025-02-15,2025 Q1,679,Importer,Large,440,Fine_Dine_Meat,Wine,23.810074,10.67,254.05,150.42,0.5921,partially_compliant,103.63
INV584031,2025-02-15,2025 Q1,692,Importer,Large,440,Fine_Dine_Meat,Beer,35.715111,3.0,107.15,70.06,0.6539,partially_compliant,37.08
INV587901,2025-02-15,2025 Q1,686,Importer,Small,447,Fine_Dine_Vegetarian,Wine,36.332589,10.67,387.67,38.77,0.1,non_compliant,348.9
INV588454,2025-02-15,2025 Q1,679,Importer,Large,448,Fine_Dine_Vegetarian,Wine,68.673648,10.67,732.75,433.84,0.5921,partially_compliant,298.91
INV589007,2025-02-15,2025 Q1,692,Importer,Large,449,Fine_Dine_Vegetarian,Wine,60.241349,10.67,642.78,420.3,0.6539,partially_compliant,222.47
INV589560,2025-02-15,2025 Q1,680,Importer,Medium,450,Fine_Dine_Vegetarian,Wine,91.600536,10.67,977.38,928.51,0.95,compliant,48.87
INV591219,2025-02-15,2025 Q1,682,Importer,Small,453,Fine_Dine_Vegetarian,Wine,58.308603,10.67,622.15,340.55,0.5474,partially_compliant,281.61
INV592878,2025-02-15,2025 Q1,675,Importer,Small,456,Fine_Dine_Vegetarian,Wine,27.699866,10.67,295.56,287.19,0.9717,compliant,8.37
INV594537,2025-02-15,2025 Q1,673,Importer,Medium,459,Fine_Dine_Vegetarian,Wine,22.623812,10.67,241.4,241.4,1.0,compliant,0.0
INV596196,2025-02-15,2025 Q1,673,Importer,Medium,462,Fine_Dine_Vegetarian,Wine,24.862645,10.67,265.28,265.28,1.0,compliant,0.0
INV596749,2025-02-15,2025 Q1,690,Importer,Small,463,Fine_Dine_Vegetarian,Wine,58.164652,10.67,620.62,353.84,0.5701,partially_compliant,266.78
INV597302,2025-02-15,2025 Q1,677,Importer,Small,464,Fine_Dine_Vegetarian,Wine,28.916018,10.67,308.53,300.26,0.9732,compliant,8.27
INV600067,2025-02-15,2025 Q1,682,Importer,Small,469,Fine_Dine_Vegetarian,Wine,15.162073,10.67,161.78,88.55,0.5474,partially_compliant,73.23
INV601726,2025-02-15,2025 Q1,689,Importer,Small,472,Fine_Dine_Vegetarian,Wine,22.540161,10.67,240.5,237.98,0.9895,compliant,2.52
INV603938,2025-02-15,2025 Q1,692,Importer,Large,476,Fine_Dine_Vegetarian,Wine,29.792317,10.67,317.88,207.86,0.6539,partially_compliant,110.02
INV605597,2025-02-15,2025 Q1,673,Importer,Medium,479,Fine_Dine_Vegetarian,Wine,42.968201,10.67,458.47,458.47,1.0,compliant,0.0
INV607809,2025-02-15,2025 Q1,675,Importer,Small,483,Fine_Dine_Vegetarian,Wine,31.072817,10.67,331.55,322.16,0.9717,compliant,9.38
INV609468,2025-02-15,2025 Q1,692,Importer,Large,486,Fine_Dine_Vegetarian,Wine,46.496423,10.67,496.12,324.41,0.6539,partially_compliant,171.71
INV613892,2025-02-15,2025 Q1,686,Importer,Small,494,Fine_Dine_Vegetarian,Wine,17.762328,10.67,189.52,18.95,0.1,non_compliant,170.57
INV617210,2025-02-15,2025 Q1,673,Importer,Medium,500,Fine_Dine_Vegetarian,Wine,32.58805,10.67,347.71,347.71,1.0,compliant,0.0
INV402599,2025-02-22,2025 Q1,692,Importer,Large,203,Cafe,Coffee_Beans,25.916522,25.0,647.91,423.66,0.6539,partially_compliant,224.25
INV404337,2025-02-22,2025 Q1,680,Importer,Medium,205,Cafe,Coffee_Beans,4.742539,25.0,118.56,112.64,0.95,compliant,5.93
INV406075,2025-02-22,2025 Q1,684,Importer,Medium,207,Cafe,Coffee_Beans,6.517334,25.0,162.93,160.69,0.9862,compliant,2.24
INV415634,2025-02-22,2025 Q1,677,Importer,Small,218,Cafe,Coffee_Beans,15.905067,25.0,397.63,386.97,0.9732,compliant,10.66
INV420848,2025-02-22,2025 Q1,686,Importer,Small,224,Cafe,Coffee_Beans,10.548363,25.0,263.71,26.37,0.1,non_compliant,237.34
INV424324,2025-02-22,2025 Q1,677,Importer,Small,228,Cafe,Coffee_Beans,7.131615,25.0,178.29,173.51,0.9732,compliant,4.78
INV426062,2025-02-22,2025 Q1,682,Importer,Small,230,Cafe,Coffee_Beans,7.995466,25.0,199.89,109.41,0.5474,partially_compliant,90.47
INV426931,2025-02-22,2025 Q1,681,Importer,Small,231,Cafe,Coffee_Beans,7.074473,25.0,176.86,0.0,0.0,non_compliant,176.86
INV429538,2025-02-22,2025 Q1,673,Importer,Medium,234,Cafe,Coffee_Beans,6.107825,25.0,152.7,152.7,1.0,compliant,0.0
INV430407,2025-02-22,2025 Q1,673,Importer,Medium,235,Cafe,Coffee_Beans,28.945337,25.0,723.63,723.63,1.0,compliant,0.0
INV432145,2025-02-22,2025 Q1,683,Importer,Small,237,Cafe,Coffee_Beans,17.317028,25.0,432.93,258.33,0.5967,partially_compliant,174.6
INV438228,2025-02-22,2025 Q1,682,Importer,Small,244,Cafe,Coffee_Beans,7.95005,25.0,198.75,108.79,0.5474,partially_compliant,89.96
INV439966,2025-02-22,2025 Q1,688,Importer,Small,246,Cafe,Coffee_Beans,6.544213,25.0,163.61,157.03,0.9598,compliant,6.57
INV445180,2025-02-22,2025 Q1,675,Importer,Small,252,Cafe,Coffee_Beans,7.58303,25.0,189.58,184.21,0.9717,compliant,5.37
INV448656,2025-02-22,2025 Q1,678,Importer,Medium,256,Cafe,Coffee_Beans,9.437905,25.0,235.95,139.67,0.592,partially_compliant,96.28
INV449525,2025-02-22,2025 Q1,680,Importer,Medium,257,Cafe,Coffee_Beans,27.474434,25.0,686.86,652.52,0.95,compliant,34.34
INV454739,2025-02-22,2025 Q1,675,Importer,Small,263,Cafe,Coffee_Beans,6.583078,25.0,164.58,159.92,0.9717,compliant,4.66
INV459953,2025-02-22,2025 Q1,677,Importer,Small,269,Cafe,Coffee_Beans,6.167808,25.0,154.2,150.06,0.9732,compliant,4.13
INV464298,2025-02-22,2025 Q1,673,Importer,Medium,274,Cafe,Coffee_Beans,6.490604,25.0,162.27,162.27,1.0,compliant,0.0
INV465167,2025-02-22,2025 Q1,689,Importer,Small,275,Cafe,Coffee_Beans,8.030275,25.0,200.76,198.65,0.9895,compliant,2.1
INV466036,2025-02-22,2025 Q1,692,Importer,Large,276,Cafe,Coffee_Beans,6.791227,25.0,169.78,111.02,0.6539,partially_compliant,58.76
INV470381,2025-02-22,2025 Q1,689,Importer,Small,281,Cafe,Coffee_Beans,12.838255,25.0,320.96,317.59,0.9895,compliant,3.36
INV475595,2025-02-22,2025 Q1,680,Importer,Medium,287,Cafe,Coffee_Beans,7.57826,25.0,189.46,179.98,0.95,compliant,9.47
INV478202,2025-02-22,2025 Q1,675,Importer,Small,290,Cafe,Coffee_Beans,6.693025,25.0,167.33,162.59,0.9717,compliant,4.74
INV484285,2025-02-22,2025 Q1,689,Importer,Small,297,Cafe,Coffee_Beans,8.150554,25.0,203.76,201.63,0.9895,compliant,2.14
INV485154,2025-02-22,2025 Q1,674,Importer,Small,298,Cafe,Coffee_Beans,7.053634,25.0,176.34,170.33,0.9659,compliant,6.01
INV490368,2025-02-22,2025 Q1,682,Importer,Small,304,Cafe,Coffee_Beans,6.618772,25.0,165.47,90.57,0.5474,partially_compliant,74.9
INV491237,2025-02-22,2025 Q1,682,Importer,Small,305,Cafe,Coffee_Beans,3.049608,25.0,76.24,41.73,0.5474,partially_compliant,34.51
INV496451,2025-02-22,2025 Q1,680,Importer,Medium,311,Cafe,Coffee_Beans,7.833584,25.0,195.84,186.05,0.95,compliant,9.79
INV497320,2025-02-22,2025 Q1,689,Importer,Small,312,Cafe,Coffee_Beans,6.726072,25.0,168.15,166.39,0.9895,compliant,1.76
INV498189,2025-02-22,2025 Q1,682,Importer,Small,313,Cafe,Coffee_Beans,4.655934,25.0,116.4,63.71,0.5474,partially_compliant,52.69
INV502534,2025-02-22,2025 Q1,688,Importer,Small,318,Cafe,Coffee_Beans,24.663035,25.0,616.58,591.81,0.9598,compliant,24.77
INV507748,2025-02-22,2025 Q1,692,Importer,Large,324,Cafe,Coffee_Beans,6.424602,25.0,160.62,105.02,0.6539,partially_compliant,55.59
INV515569,2025-02-22,2025 Q1,678,Importer,Medium,333,Cafe,Coffee_Beans,5.671387,25.0,141.78,83.93,0.592,partially_compliant,57.85
INV518176,2025-02-22,2025 Q1,690,Importer,Small,336,Cafe,Coffee_Beans,6.903904,25.0,172.6,98.4,0.5701,partially_compliant,74.19
INV522521,2025-02-22,2025 Q1,690,Importer,Small,341,Cafe,Coffee_Beans,5.700945,25.0,142.52,81.26,0.5701,partially_compliant,61.27
INV523390,2025-02-22,2025 Q1,686,Importer,Small,342,Cafe,Coffee_Beans,4.033472,25.0,100.84,10.08,0.1,non_compliant,90.75
INV524259,2025-02-22,2025 Q1,690,Importer,Small,343,Cafe,Coffee_Beans,6.69388,25.0,167.35,95.41,0.5701,partially_compliant,71.94
INV532949,2025-02-22,2025 Q1,686,Importer,Small,353,Cafe,Coffee_Beans,11.743848,25.0,293.6,29.36,0.1,non_compliant,264.24
INV534687,2025-02-22,2025 Q1,678,Importer,Medium,355,Cafe,Coffee_Beans,19.720699,25.0,493.02,291.85,0.592,partially_compliant,201.17
INV537294,2025-02-22,2025 Q1,679,Importer,Large,358,Cafe,Coffee_Beans,7.173428,25.0,179.34,106.18,0.5921,partially_compliant,73.16
INV542563,2025-02-22,2025 Q1,673,Importer,Medium,365,Fine_Dine_Meat,Beer,32.882151,3.0,98.65,98.65,1.0,compliant,0.0
INV544774,2025-02-22,2025 Q1,692,Importer,Large,369,Fine_Dine_Meat,Wine,24.826639,10.67,264.9,173.22,0.6539,partially_compliant,91.68
INV547539,2025-02-22,2025 Q1,675,Importer,Small,374,Fine_Dine_Meat,Wine,28.999598,10.67,309.43,300.67,0.9717,compliant,8.76
INV547540,2025-02-22,2025 Q1,683,Importer,Small,374,Fine_Dine_Meat,Beer,43.499397,3.0,130.5,77.87,0.5967,partially_compliant,52.63
INV549752,2025-02-22,2025 Q1,679,Importer,Large,378,Fine_Dine_Meat,Beer,30.984172,3.0,92.95,55.03,0.5921,partially_compliant,37.92
INV550304,2025-02-22,2025 Q1,686,Importer,Small,379,Fine_Dine_Meat,Wine,54.496989,10.67,581.48,58.15,0.1,non_compliant,523.33
INV551963,2025-02-22,2025 Q1,677,Importer,Small,382,Fine_Dine_Meat,Wine,31.806699,10.67,339.38,330.28,0.9732,compliant,9.1
INV553069,2025-02-22,2025 Q1,682,Importer,Small,384,Fine_Dine_Meat,Wine,20.287741,10.67,216.47,118.49,0.5474,partially_compliant,97.98
INV553070,2025-02-22,2025 Q1,680,Importer,Medium,384,Fine_Dine_Meat,Beer,30.431611,3.0,91.29,86.73,0.95,compliant,4.56
INV555281,2025-02-22,2025 Q1,686,Importer,Small,388,Fine_Dine_Meat,Wine,10.28589,10.67,109.75,10.98,0.1,non_compliant,98.78
INV555282,2025-02-22,2025 Q1,680,Importer,Medium,388,Fine_Dine_Meat,Beer,15.428835,3.0,46.29,43.97,0.95,compliant,2.31
INV555834,2025-02-22,2025 Q1,680,Importer,Medium,389,Fine_Dine_Meat,Wine,21.879328,10.67,233.45,221.78,0.95,compliant,11.67
INV556940,2025-02-22,2025 Q1,692,Importer,Large,391,Fine_Dine_Meat,Wine,22.979285,10.67,245.19,160.33,0.6539,partially_compliant,84.86
INV557494,2025-02-22,2025 Q1,692,Importer,Large,392,Fine_Dine_Meat,Beer,27.565632,3.0,82.7,54.07,0.6539,partially_compliant,28.62
INV558599,2025-02-22,2025 Q1,679,Importer,Large,394,Fine_Dine_Meat,Wine,30.598598,10.67,326.49,193.31,0.5921,partially_compliant,133.18
INV559152,2025-02-22,2025 Q1,686,Importer,Small,395,Fine_Dine_Meat,Wine,33.529983,10.67,357.76,35.78,0.1,non_compliant,321.99
INV559706,2025-02-22,2025 Q1,685,Importer,Small,396,Fine_Dine_Meat,Beer,67.019246,3.0,201.06,191.0,0.95,compliant,10.05
INV560259,2025-02-22,2025 Q1,675,Importer,Small,397,Fine_Dine_Meat,Beer,32.12175,3.0,96.37,93.64,0.9717,compliant,2.73
INV561364,2025-02-22,2025 Q1,673,Importer,Medium,399,Fine_Dine_Meat,Wine,44.920247,10.67,479.3,479.3,1.0,compliant,0.0
INV566341,2025-02-22,2025 Q1,681,Importer,Small,408,Fine_Dine_Meat,Wine,53.176192,10.67,567.39,0.0,0.0,non_compliant,567.39
INV568000,2025-02-22,2025 Q1,673,Importer,Medium,411,Fine_Dine_Meat,Wine,18.155002,10.67,193.71,193.71,1.0,compliant,0.0
INV568001,2025-02-22,2025 Q1,673,Importer,Medium,411,Fine_Dine_Meat,Beer,27.232503,3.0,81.7,81.7,1.0,compliant,0.0
INV568553,2025-02-22,2025 Q1,680,Importer,Medium,412,Fine_Dine_Meat,Wine,47.047709,10.67,502.0,476.9,0.95,compliant,25.1
INV569659,2025-02-22,2025 Q1,689,Importer,Small,414,Fine_Dine_Meat,Wine,41.612569,10.67,444.01,439.35,0.9895,compliant,4.65
INV570765,2025-02-22,2025 Q1,680,Importer,Medium,416,Fine_Dine_Meat,Wine,26.982078,10.67,287.9,273.5,0.95,compliant,14.39
INV571871,2025-02-22,2025 Q1,675,Importer,Small,418,Fine_Dine_Meat,Wine,49.621446,10.67,529.46,514.48,0.9717,compliant,14.99
INV574083,2025-02-22,2025 Q1,673,Importer,Medium,422,Fine_Dine_Meat,Wine,27.998918,10.67,298.75,298.75,1.0,compliant,0.0
INV576848,2025-02-22,2025 Q1,678,Importer,Medium,427,Fine_Dine_Meat,Wine,22.892959,10.67,244.27,144.6,0.592,partially_compliant,99.67
INV577401,2025-02-22,2025 Q1,689,Importer,Small,428,Fine_Dine_Meat,Wine,21.753072,10.67,232.11,229.67,0.9895,compliant,2.43
INV578507,2025-02-22,2025 Q1,685,Importer,Small,430,Fine_Dine_Meat,Wine,43.772329,10.67,467.05,443.7,0.95,compliant,23.35
INV579060,2025-02-22,2025 Q1,692,Importer,Large,431,Fine_Dine_Meat,Wine,21.18336,10.67,226.03,147.8,0.6539,partially_compliant,78.23
INV579613,2025-02-22,2025 Q1,673,Importer,Medium,432,Fine_Dine_Meat,Wine,42.307104,10.67,451.42,451.42,1.0,compliant,0.0
INV580167,2025-02-22,2025 Q1,679,Importer,Large,433,Fine_Dine_Meat,Beer,26.747409,3.0,80.24,47.51,0.5921,partially_compliant,32.73
INV580720,2025-02-22,2025 Q1,692,Importer,Large,434,Fine_Dine_Meat,Beer,39.987301,3.0,119.96,78.44,0.6539,partially_compliant,41.52
INV581273,2025-02-22,2025 Q1,687,Importer,Medium,435,Fine_Dine_Meat,Beer,49.235661,3.0,147.71,97.27,0.6586,partially_compliant,50.43
INV584037,2025-02-22,2025 Q1,679,Importer,Large,440,Fine_Dine_Meat,Wine,24.615045,10.67,262.64,155.5,0.5921,partially_compliant,107.14
INV584038,2025-02-22,2025 Q1,692,Importer,Large,440,Fine_Dine_Meat,Beer,36.922568,3.0,110.77,72.43,0.6539,partially_compliant,38.34
INV587908,2025-02-22,2025 Q1,686,Importer,Small,447,Fine_Dine_Vegetarian,Wine,37.560923,10.67,400.78,40.08,0.1,non_compliant,360.7
INV588461,2025-02-22,2025 Q1,679,Importer,Large,448,Fine_Dine_Vegetarian,Wine,70.995368,10.67,757.52,448.51,0.5921,partially_compliant,309.01
INV589014,2025-02-22,2025 Q1,692,Importer,Large,449,Fine_Dine_Vegetarian,Wine,66.878141,10.67,713.59,466.61,0.6539,partially_compliant,246.98
INV589567,2025-02-22,2025 Q1,680,Importer,Medium,450,Fine_Dine_Vegetarian,Wine,94.697369,10.67,1010.42,959.9,0.95,compliant,50.52
INV591226,2025-02-22,2025 Q1,682,Importer,Small,453,Fine_Dine_Vegetarian,Wine,60.279902,10.67,643.19,352.06,0.5474,partially_compliant,291.13
INV592885,2025-02-22,2025 Q1,675,Importer,Small,456,Fine_Dine_Vegetarian,Wine,28.636344,10.67,305.55,296.9,0.9717,compliant,8.65
INV594544,2025-02-22,2025 Q1,673,Importer,Medium,459,Fine_Dine_Vegetarian,Wine,23.388678,10.67,249.56,249.56,1.0,compliant,0.0
INV596203,2025-02-22,2025 Q1,673,Importer,Medium,462,Fine_Dine_Vegetarian,Wine,25.703202,10.67,274.25,274.25,1.0,compliant,0.0
INV596756,2025-02-22,2025 Q1,690,Importer,Small,463,Fine_Dine_Vegetarian,Wine,60.131084,10.67,641.6,365.8,0.5701,partially_compliant,275.8
INV597309,2025-02-22,2025 Q1,677,Importer,Small,464,Fine_Dine_Vegetarian,Wine,29.893611,10.67,318.96,310.41,0.9732,compliant,8.55
INV600074,2025-02-22,2025 Q1,682,Importer,Small,469,Fine_Dine_Vegetarian,Wine,15.674672,10.67,167.25,91.55,0.5474,partially_compliant,75.7
INV601733,2025-02-22,2025 Q1,689,Importer,Small,472,Fine_Dine_Vegetarian,Wine,23.302199,10.67,248.63,246.03,0.9895,compliant,2.61
INV603945,2025-02-22,2025 Q1,692,Importer,Large,476,Fine_Dine_Vegetarian,Wine,30.799536,10.67,328.63,214.89,0.6539,partially_compliant,113.74
INV605604,2025-02-22,2025 Q1,673,Importer,Medium,479,Fine_Dine_Vegetarian,Wine,44.420871,10.67,473.97,473.97,1.0,compliant,0.0
INV607816,2025-02-22,2025 Q1,675,Importer,Small,483,Fine_Dine_Vegetarian,Wine,25.091114,10.67,267.72,260.14,0.9717,compliant,7.58
INV609475,2025-02-22,2025 Q1,692,Importer,Large,486,Fine_Dine_Vegetarian,Wine,48.068375,10.67,512.89,335.37,0.6539,partially_compliant,177.52
INV613899,2025-02-22,2025 Q1,686,Importer,Small,494,Fine_Dine_Vegetarian,Wine,17.054614,10.67,181.97,18.2,0.1,non_compliant,163.78
INV617217,2025-02-22,2025 Q1,673,Importer,Medium,500,Fine_Dine_Vegetarian,Wine,33.689788,10.67,359.47,359.47,1.0,compliant,0.0
INV402610,2025-02-28,2025 Q1,692,Importer,Large,203,Cafe,Coffee_Beans,27.581577,25.0,689.54,450.88,0.6539,partially_compliant,238.66
INV404348,2025-02-28,2025 Q1,680,Importer,Medium,205,Cafe,Coffee_Beans,4.995723,25.0,124.89,118.65,0.95,compliant,6.24
INV406086,2025-02-28,2025 Q1,684,Importer,Medium,207,Cafe,Coffee_Beans,6.972384,25.0,174.31,171.91,0.9862,compliant,2.4
INV415645,2025-02-28,2025 Q1,677,Importer,Small,218,Cafe,Coffee_Beans,17.157434,25.0,428.94,417.43,0.9732,compliant,11.5
INV420859,2025-02-28,2025 Q1,686,Importer,Small,224,Cafe,Coffee_Beans,11.227132,25.0,280.68,28.07,0.1,non_compliant,252.61
INV424335,2025-02-28,2025 Q1,677,Importer,Small,228,Cafe,Coffee_Beans,7.747947,25.0,193.7,188.51,0.9732,compliant,5.19
INV426073,2025-02-28,2025 Q1,682,Importer,Small,230,Cafe,Coffee_Beans,8.685213,25.0,217.13,118.85,0.5474,partially_compliant,98.28
INV426942,2025-02-28,2025 Q1,681,Importer,Small,231,Cafe,Coffee_Beans,7.683924,25.0,192.1,0.0,0.0,non_compliant,192.1
INV429549,2025-02-28,2025 Q1,673,Importer,Medium,234,Cafe,Coffee_Beans,6.572667,25.0,164.32,164.32,1.0,compliant,0.0
INV430418,2025-02-28,2025 Q1,673,Importer,Medium,235,Cafe,Coffee_Beans,31.166775,25.0,779.17,779.17,1.0,compliant,0.0
INV432156,2025-02-28,2025 Q1,683,Importer,Small,237,Cafe,Coffee_Beans,18.784768,25.0,469.62,280.22,0.5967,partially_compliant,189.4
INV438239,2025-02-28,2025 Q1,682,Importer,Small,244,Cafe,Coffee_Beans,8.602473,25.0,215.06,117.72,0.5474,partially_compliant,97.34
INV439977,2025-02-28,2025 Q1,688,Importer,Small,246,Cafe,Coffee_Beans,7.71193,25.0,192.8,185.05,0.9598,compliant,7.74
INV445191,2025-02-28,2025 Q1,675,Importer,Small,252,Cafe,Coffee_Beans,8.151966,25.0,203.8,198.03,0.9717,compliant,5.77
INV448667,2025-02-28,2025 Q1,678,Importer,Medium,256,Cafe,Coffee_Beans,9.931607,25.0,248.29,146.98,0.592,partially_compliant,101.31
INV449536,2025-02-28,2025 Q1,680,Importer,Medium,257,Cafe,Coffee_Beans,29.327344,25.0,733.18,696.52,0.95,compliant,36.66
INV454750,2025-02-28,2025 Q1,675,Importer,Small,263,Cafe,Coffee_Beans,7.164826,25.0,179.12,174.05,0.9717,compliant,5.07
INV459964,2025-02-28,2025 Q1,677,Importer,Small,269,Cafe,Coffee_Beans,6.687364,25.0,167.18,162.7,0.9732,compliant,4.48
INV464309,2025-02-28,2025 Q1,673,Importer,Medium,274,Cafe,Coffee_Beans,6.903765,25.0,172.59,172.59,1.0,compliant,0.0
INV465178,2025-02-28,2025 Q1,689,Importer,Small,275,Cafe,Coffee_Beans,8.702643,25.0,217.57,215.29,0.9895,compliant,2.28
INV466047,2025-02-28,2025 Q1,692,Importer,Large,276,Cafe,Coffee_Beans,7.340177,25.0,183.5,119.99,0.6539,partially_compliant,63.51
INV470392,2025-02-28,2025 Q1,689,Importer,Small,281,Cafe,Coffee_Beans,13.85054,25.0,346.26,342.63,0.9895,compliant,3.63
INV475606,2025-02-28,2025 Q1,680,Importer,Medium,287,Cafe,Coffee_Beans,8.299354,25.0,207.48,197.11,0.95,compliant,10.37
INV478213,2025-02-28,2025 Q1,675,Importer,Small,290,Cafe,Coffee_Beans,7.287619,25.0,182.19,177.03,0.9717,compliant,5.16
INV484296,2025-02-28,2025 Q1,689,Importer,Small,297,Cafe,Coffee_Beans,9.238922,25.0,230.97,228.55,0.9895,compliant,2.42
INV485165,2025-02-28,2025 Q1,674,Importer,Small,298,Cafe,Coffee_Beans,7.117313,25.0,177.93,171.87,0.9659,compliant,6.07
INV490379,2025-02-28,2025 Q1,682,Importer,Small,304,Cafe,Coffee_Beans,7.197602,25.0,179.94,98.49,0.5474,partially_compliant,81.45
INV491248,2025-02-28,2025 Q1,682,Importer,Small,305,Cafe,Coffee_Beans,3.253329,25.0,81.33,44.52,0.5474,partially_compliant,36.81
INV496462,2025-02-28,2025 Q1,680,Importer,Medium,311,Cafe,Coffee_Beans,8.488702,25.0,212.22,201.61,0.95,compliant,10.61
INV497331,2025-02-28,2025 Q1,689,Importer,Small,312,Cafe,Coffee_Beans,7.116066,25.0,177.9,176.04,0.9895,compliant,1.86
INV498200,2025-02-28,2025 Q1,682,Importer,Small,313,Cafe,Coffee_Beans,5.451643,25.0,136.29,74.6,0.5474,partially_compliant,61.69
INV502545,2025-02-28,2025 Q1,688,Importer,Small,318,Cafe,Coffee_Beans,23.510795,25.0,587.77,564.16,0.9598,compliant,23.61
INV507759,2025-02-28,2025 Q1,692,Importer,Large,324,Cafe,Coffee_Beans,6.805873,25.0,170.15,111.26,0.6539,partially_compliant,58.89
INV515580,2025-02-28,2025 Q1,678,Importer,Medium,333,Cafe,Coffee_Beans,6.037201,25.0,150.93,89.34,0.592,partially_compliant,61.59
INV518187,2025-02-28,2025 Q1,690,Importer,Small,336,Cafe,Coffee_Beans,6.635558,25.0,165.89,94.58,0.5701,partially_compliant,71.31
INV522532,2025-02-28,2025 Q1,690,Importer,Small,341,Cafe,Coffee_Beans,6.625423,25.0,165.64,94.44,0.5701,partially_compliant,71.2
INV523401,2025-02-28,2025 Q1,686,Importer,Small,342,Cafe,Coffee_Beans,4.246146,25.0,106.15,10.62,0.1,non_compliant,95.54
INV524270,2025-02-28,2025 Q1,690,Importer,Small,343,Cafe,Coffee_Beans,7.469196,25.0,186.73,106.46,0.5701,partially_compliant,80.27
INV532960,2025-02-28,2025 Q1,686,Importer,Small,353,Cafe,Coffee_Beans,12.419206,25.0,310.48,31.05,0.1,non_compliant,279.43
INV534698,2025-02-28,2025 Q1,678,Importer,Medium,355,Cafe,Coffee_Beans,21.135749,25.0,528.39,312.79,0.592,partially_compliant,215.6
INV537305,2025-02-28,2025 Q1,679,Importer,Large,358,Cafe,Coffee_Beans,7.75156,25.0,193.79,114.74,0.5921,partially_compliant,79.05
INV542570,2025-02-28,2025 Q1,673,Importer,Medium,365,Fine_Dine_Meat,Beer,31.174825,3.0,93.52,93.52,1.0,compliant,0.0
INV544781,2025-02-28,2025 Q1,692,Importer,Large,369,Fine_Dine_Meat,Wine,24.162859,10.67,257.82,168.58,0.6539,partially_compliant,89.23
INV547546,2025-02-28,2025 Q1,675,Importer,Small,374,Fine_Dine_Meat,Wine,28.281907,10.67,301.77,293.23,0.9717,compliant,8.54
INV547547,2025-02-28,2025 Q1,683,Importer,Small,374,Fine_Dine_Meat,Beer,42.42286,3.0,127.27,75.94,0.5967,partially_compliant,51.33
INV549759,2025-02-28,2025 Q1,679,Importer,Large,378,Fine_Dine_Meat,Beer,30.007267,3.0,90.02,53.3,0.5921,partially_compliant,36.72
INV550311,2025-02-28,2025 Q1,686,Importer,Small,379,Fine_Dine_Meat,Wine,52.754785,10.67,562.89,56.29,0.1,non_compliant,506.6
INV551970,2025-02-28,2025 Q1,677,Importer,Small,382,Fine_Dine_Meat,Wine,29.042232,10.67,309.88,301.57,0.9732,compliant,8.31
INV553076,2025-02-28,2025 Q1,682,Importer,Small,384,Fine_Dine_Meat,Wine,19.410159,10.67,207.11,113.36,0.5474,partially_compliant,93.74
INV553077,2025-02-28,2025 Q1,680,Importer,Medium,384,Fine_Dine_Meat,Beer,29.115238,3.0,87.35,82.98,0.95,compliant,4.37
INV555288,2025-02-28,2025 Q1,686,Importer,Small,388,Fine_Dine_Meat,Wine,9.849724,10.67,105.1,10.51,0.1,non_compliant,94.59
INV555289,2025-02-28,2025 Q1,680,Importer,Medium,388,Fine_Dine_Meat,Beer,14.774586,3.0,44.32,42.11,0.95,compliant,2.22
INV555841,2025-02-28,2025 Q1,680,Importer,Medium,389,Fine_Dine_Meat,Wine,20.775031,10.67,221.67,210.59,0.95,compliant,11.08
INV556947,2025-02-28,2025 Q1,692,Importer,Large,391,Fine_Dine_Meat,Wine,24.324505,10.67,259.54,169.71,0.6539,partially_compliant,89.83
INV557501,2025-02-28,2025 Q1,692,Importer,Large,392,Fine_Dine_Meat,Beer,28.132888,3.0,84.4,55.19,0.6539,partially_compliant,29.21
INV558606,2025-02-28,2025 Q1,679,Importer,Large,394,Fine_Dine_Meat,Wine,28.884324,10.67,308.2,182.48,0.5921,partially_compliant,125.72
INV559159,2025-02-28,2025 Q1,686,Importer,Small,395,Fine_Dine_Meat,Wine,33.004679,10.67,352.16,35.22,0.1,non_compliant,316.94
INV559713,2025-02-28,2025 Q1,685,Importer,Small,396,Fine_Dine_Meat,Beer,63.333464,3.0,190.0,180.5,0.95,compliant,9.5
INV560266,2025-02-28,2025 Q1,675,Importer,Small,397,Fine_Dine_Meat,Beer,34.186081,3.0,102.56,99.66,0.9717,compliant,2.9
INV561371,2025-02-28,2025 Q1,673,Importer,Medium,399,Fine_Dine_Meat,Wine,43.568157,10.67,464.87,464.87,1.0,compliant,0.0
INV566348,2025-02-28,2025 Q1,681,Importer,Small,408,Fine_Dine_Meat,Wine,51.762337,10.67,552.3,0.0,0.0,non_compliant,552.3
INV568007,2025-02-28,2025 Q1,673,Importer,Medium,411,Fine_Dine_Meat,Wine,17.144443,10.67,182.93,182.93,1.0,compliant,0.0
INV568008,2025-02-28,2025 Q1,673,Importer,Medium,411,Fine_Dine_Meat,Beer,25.716665,3.0,77.15,77.15,1.0,compliant,0.0
INV568560,2025-02-28,2025 Q1,680,Importer,Medium,412,Fine_Dine_Meat,Wine,45.400734,10.67,484.43,460.2,0.95,compliant,24.22
INV569666,2025-02-28,2025 Q1,689,Importer,Small,414,Fine_Dine_Meat,Wine,37.98498,10.67,405.3,401.05,0.9895,compliant,4.25
INV570772,2025-02-28,2025 Q1,680,Importer,Medium,416,Fine_Dine_Meat,Wine,26.074504,10.67,278.21,264.3,0.95,compliant,13.91
INV571878,2025-02-28,2025 Q1,675,Importer,Small,418,Fine_Dine_Meat,Wine,48.054233,10.67,512.74,498.23,0.9717,compliant,14.51
INV574090,2025-02-28,2025 Q1,673,Importer,Medium,422,Fine_Dine_Meat,Wine,27.088049,10.67,289.03,289.03,1.0,compliant,0.0
INV576855,2025-02-28,2025 Q1,678,Importer,Medium,427,Fine_Dine_Meat,Wine,23.36355,10.67,249.29,147.57,0.592,partially_compliant,101.72
INV577408,2025-02-28,2025 Q1,689,Importer,Small,428,Fine_Dine_Meat,Wine,21.144731,10.67,225.61,223.25,0.9895,compliant,2.36
INV578514,2025-02-28,2025 Q1,685,Importer,Small,430,Fine_Dine_Meat,Wine,41.194042,10.67,439.54,417.56,0.95,compliant,21.98
INV579067,2025-02-28,2025 Q1,692,Importer,Large,431,Fine_Dine_Meat,Wine,20.095485,10.67,214.42,140.21,0.6539,partially_compliant,74.21
INV579620,2025-02-28,2025 Q1,673,Importer,Medium,432,Fine_Dine_Meat,Wine,42.850802,10.67,457.22,457.22,1.0,compliant,0.0
INV580174,2025-02-28,2025 Q1,679,Importer,Large,433,Fine_Dine_Meat,Beer,27.083813,3.0,81.25,48.11,0.5921,partially_compliant,33.14
INV580727,2025-02-28,2025 Q1,692,Importer,Large,434,Fine_Dine_Meat,Beer,39.957105,3.0,119.87,78.38,0.6539,partially_compliant,41.49
INV581280,2025-02-28,2025 Q1,687,Importer,Medium,435,Fine_Dine_Meat,Beer,45.969172,3.0,137.91,90.82,0.6586,partially_compliant,47.09
INV584044,2025-02-28,2025 Q1,679,Importer,Large,440,Fine_Dine_Meat,Wine,23.783731,10.67,253.77,150.25,0.5921,partially_compliant,103.52
INV584045,2025-02-28,2025 Q1,692,Importer,Large,440,Fine_Dine_Meat,Beer,35.675597,3.0,107.03,69.98,0.6539,partially_compliant,37.04
INV587915,2025-02-28,2025 Q1,686,Importer,Small,447,Fine_Dine_Vegetarian,Wine,36.473438,10.67,389.17,38.92,0.1,non_compliant,350.25
INV588468,2025-02-28,2025 Q1,679,Importer,Large,448,Fine_Dine_Vegetarian,Wine,69.072384,10.67,737.0,436.36,0.5921,partially_compliant,300.64
INV589021,2025-02-28,2025 Q1,692,Importer,Large,449,Fine_Dine_Vegetarian,Wine,66.261128,10.67,707.01,462.3,0.6539,partially_compliant,244.7
INV589574,2025-02-28,2025 Q1,680,Importer,Medium,450,Fine_Dine_Vegetarian,Wine,91.576297,10.67,977.12,928.26,0.95,compliant,48.86
INV591233,2025-02-28,2025 Q1,682,Importer,Small,453,Fine_Dine_Vegetarian,Wine,58.081083,10.67,619.73,339.22,0.5474,partially_compliant,280.51
INV592892,2025-02-28,2025 Q1,675,Importer,Small,456,Fine_Dine_Vegetarian,Wine,27.794867,10.67,296.57,288.18,0.9717,compliant,8.39
INV594551,2025-02-28,2025 Q1,673,Importer,Medium,459,Fine_Dine_Vegetarian,Wine,21.986274,10.67,234.59,234.59,1.0,compliant,0.0
INV596210,2025-02-28,2025 Q1,673,Importer,Medium,462,Fine_Dine_Vegetarian,Wine,24.947305,10.67,266.19,266.19,1.0,compliant,0.0
INV596763,2025-02-28,2025 Q1,690,Importer,Small,463,Fine_Dine_Vegetarian,Wine,58.40129,10.67,623.14,355.28,0.5701,partially_compliant,267.86
INV597316,2025-02-28,2025 Q1,677,Importer,Small,464,Fine_Dine_Vegetarian,Wine,28.759617,10.67,306.87,298.64,0.9732,compliant,8.23
INV600081,2025-02-28,2025 Q1,682,Importer,Small,469,Fine_Dine_Vegetarian,Wine,15.01,10.67,160.16,87.66,0.5474,partially_compliant,72.49
INV601740,2025-02-28,2025 Q1,689,Importer,Small,472,Fine_Dine_Vegetarian,Wine,22.214273,10.67,237.03,234.54,0.9895,compliant,2.48
INV603952,2025-02-28,2025 Q1,692,Importer,Large,476,Fine_Dine_Vegetarian,Wine,29.977877,10.67,319.86,209.16,0.6539,partially_compliant,110.71
INV605611,2025-02-28,2025 Q1,673,Importer,Medium,479,Fine_Dine_Vegetarian,Wine,42.537237,10.67,453.87,453.87,1.0,compliant,0.0
INV607823,2025-02-28,2025 Q1,675,Importer,Small,483,Fine_Dine_Vegetarian,Wine,18.793018,10.67,200.52,194.85,0.9717,compliant,5.68
INV609482,2025-02-28,2025 Q1,692,Importer,Large,486,Fine_Dine_Vegetarian,Wine,46.504983,10.67,496.21,324.47,0.6539,partially_compliant,171.74
INV613906,2025-02-28,2025 Q1,686,Importer,Small,494,Fine_Dine_Vegetarian,Wine,15.406309,10.67,164.39,16.44,0.1,non_compliant,147.95
INV617224,2025-02-28,2025 Q1,673,Importer,Medium,500,Fine_Dine_Vegetarian,Wine,32.52609,10.67,347.05,347.05,1.0,compliant,0.0
INV402621,2025-03-07,2025 Q1,692,Importer,Large,203,Cafe,Coffee_Beans,25.017318,25.0,625.43,408.96,0.6539,partially_compliant,216.47
INV404359,2025-03-07,2025 Q1,680,Importer,Medium,205,Cafe,Coffee_Beans,4.523866,25.0,113.1,107.44,0.95,compliant,5.65
INV406097,2025-03-07,2025 Q1,684,Importer,Medium,207,Cafe,Coffee_Beans,6.329384,25.0,158.23,156.06,0.9862,compliant,2.18
INV415656,2025-03-07,2025 Q1,677,Importer,Small,218,Cafe,Coffee_Beans,15.595447,25.0,389.89,379.43,0.9732,compliant,10.45
INV420870,2025-03-07,2025 Q1,686,Importer,Small,224,Cafe,Coffee_Beans,9.648672,25.0,241.22,24.12,0.1,non_compliant,217.1
INV424346,2025-03-07,2025 Q1,677,Importer,Small,228,Cafe,Coffee_Beans,7.050356,25.0,176.26,171.53,0.9732,compliant,4.73
INV426084,2025-03-07,2025 Q1,682,Importer,Small,230,Cafe,Coffee_Beans,7.903059,25.0,197.58,108.15,0.5474,partially_compliant,89.43
INV426953,2025-03-07,2025 Q1,681,Importer,Small,231,Cafe,Coffee_Beans,6.991823,25.0,174.8,0.0,0.0,non_compliant,174.8
INV429560,2025-03-07,2025 Q1,673,Importer,Medium,234,Cafe,Coffee_Beans,5.972019,25.0,149.3,149.3,1.0,compliant,0.0
INV430429,2025-03-07,2025 Q1,673,Importer,Medium,235,Cafe,Coffee_Beans,28.321211,25.0,708.03,708.03,1.0,compliant,0.0
INV432167,2025-03-07,2025 Q1,683,Importer,Small,237,Cafe,Coffee_Beans,17.089408,25.0,427.24,254.93,0.5967,partially_compliant,172.31
INV438250,2025-03-07,2025 Q1,682,Importer,Small,244,Cafe,Coffee_Beans,7.823066,25.0,195.58,107.05,0.5474,partially_compliant,88.52
INV439988,2025-03-07,2025 Q1,688,Importer,Small,246,Cafe,Coffee_Beans,8.30464,25.0,207.62,199.28,0.9598,compliant,8.34
INV445202,2025-03-07,2025 Q1,675,Importer,Small,252,Cafe,Coffee_Beans,7.40583,25.0,185.15,179.91,0.9717,compliant,5.24
INV448678,2025-03-07,2025 Q1,678,Importer,Medium,256,Cafe,Coffee_Beans,8.992071,25.0,224.8,133.07,0.592,partially_compliant,91.73
INV449547,2025-03-07,2025 Q1,680,Importer,Medium,257,Cafe,Coffee_Beans,26.613398,25.0,665.33,632.07,0.95,compliant,33.27
INV454761,2025-03-07,2025 Q1,675,Importer,Small,263,Cafe,Coffee_Beans,6.521542,25.0,163.04,158.42,0.9717,compliant,4.61
INV459975,2025-03-07,2025 Q1,677,Importer,Small,269,Cafe,Coffee_Beans,6.083364,25.0,152.08,148.01,0.9732,compliant,4.08
INV464320,2025-03-07,2025 Q1,673,Importer,Medium,274,Cafe,Coffee_Beans,6.26137,25.0,156.53,156.53,1.0,compliant,0.0
INV465189,2025-03-07,2025 Q1,689,Importer,Small,275,Cafe,Coffee_Beans,7.916049,25.0,197.9,195.83,0.9895,compliant,2.07
INV466058,2025-03-07,2025 Q1,692,Importer,Large,276,Cafe,Coffee_Beans,6.673952,25.0,166.85,109.1,0.6539,partially_compliant,57.75
INV470403,2025-03-07,2025 Q1,689,Importer,Small,281,Cafe,Coffee_Beans,12.589806,25.0,314.75,311.45,0.9895,compliant,3.3
INV475617,2025-03-07,2025 Q1,680,Importer,Medium,287,Cafe,Coffee_Beans,7.950429,25.0,198.76,188.82,0.95,compliant,9.94
INV478224,2025-03-07,2025 Q1,675,Importer,Small,290,Cafe,Coffee_Beans,6.63375,25.0,165.84,161.15,0.9717,compliant,4.69
INV484307,2025-03-07,2025 Q1,689,Importer,Small,297,Cafe,Coffee_Beans,9.624482,25.0,240.61,238.09,0.9895,compliant,2.52
INV485176,2025-03-07,2025 Q1,674,Importer,Small,298,Cafe,Coffee_Beans,6.399623,25.0,159.99,154.54,0.9659,compliant,5.45
INV490390,2025-03-07,2025 Q1,682,Importer,Small,304,Cafe,Coffee_Beans,6.550521,25.0,163.76,89.64,0.5474,partially_compliant,74.12
INV491259,2025-03-07,2025 Q1,682,Importer,Small,305,Cafe,Coffee_Beans,2.957407,25.0,73.94,40.47,0.5474,partially_compliant,33.47
INV496473,2025-03-07,2025 Q1,680,Importer,Medium,311,Cafe,Coffee_Beans,7.721335,25.0,193.03,183.38,0.95,compliant,9.65
INV497342,2025-03-07,2025 Q1,689,Importer,Small,312,Cafe,Coffee_Beans,6.448428,25.0,161.21,159.52,0.9895,compliant,1.69
INV498211,2025-03-07,2025 Q1,682,Importer,Small,313,Cafe,Coffee_Beans,5.282808,25.0,132.07,72.29,0.5474,partially_compliant,59.78
INV502556,2025-03-07,2025 Q1,688,Importer,Small,318,Cafe,Coffee_Beans,18.233216,25.0,455.83,437.52,0.9598,compliant,18.31
INV507770,2025-03-07,2025 Q1,692,Importer,Large,324,Cafe,Coffee_Beans,6.168605,25.0,154.22,100.84,0.6539,partially_compliant,53.38
INV515591,2025-03-07,2025 Q1,678,Importer,Medium,333,Cafe,Coffee_Beans,5.476131,25.0,136.9,81.04,0.592,partially_compliant,55.86
INV518198,2025-03-07,2025 Q1,690,Importer,Small,336,Cafe,Coffee_Beans,5.144555,25.0,128.61,73.33,0.5701,partially_compliant,55.29
INV522543,2025-03-07,2025 Q1,690,Importer,Small,341,Cafe,Coffee_Beans,6.089705,25.0,152.24,86.8,0.5701,partially_compliant,65.44
INV523412,2025-03-07,2025 Q1,686,Importer,Small,342,Cafe,Coffee_Beans,3.844702,25.0,96.12,9.61,0.1,non_compliant,86.51
INV524281,2025-03-07,2025 Q1,690,Importer,Small,343,Cafe,Coffee_Beans,8.057652,25.0,201.44,114.85,0.5701,partially_compliant,86.59
INV532971,2025-03-07,2025 Q1,686,Importer,Small,353,Cafe,Coffee_Beans,11.253214,25.0,281.33,28.13,0.1,non_compliant,253.2
INV534709,2025-03-07,2025 Q1,678,Importer,Medium,355,Cafe,Coffee_Beans,19.192044,25.0,479.8,284.02,0.592,partially_compliant,195.78
INV537316,2025-03-07,2025 Q1,679,Importer,Large,358,Cafe,Coffee_Beans,7.047754,25.0,176.19,104.32,0.5921,partially_compliant,71.87
INV542577,2025-03-07,2025 Q1,673,Importer,Medium,365,Fine_Dine_Meat,Beer,28.296179,3.0,84.89,84.89,1.0,compliant,0.0
INV544788,2025-03-07,2025 Q1,692,Importer,Large,369,Fine_Dine_Meat,Wine,22.030497,10.67,235.07,153.71,0.6539,partially_compliant,81.36
INV547553,2025-03-07,2025 Q1,675,Importer,Small,374,Fine_Dine_Meat,Wine,25.794916,10.67,275.23,267.44,0.9717,compliant,7.79
INV547554,2025-03-07,2025 Q1,683,Importer,Small,374,Fine_Dine_Meat,Beer,38.692374,3.0,116.08,69.26,0.5967,partially_compliant,46.81
INV549766,2025-03-07,2025 Q1,679,Importer,Large,378,Fine_Dine_Meat,Beer,27.336281,3.0,82.01,48.56,0.5921,partially_compliant,33.45
INV550318,2025-03-07,2025 Q1,686,Importer,Small,379,Fine_Dine_Meat,Wine,48.055306,10.67,512.75,51.28,0.1,non_compliant,461.48
INV551977,2025-03-07,2025 Q1,677,Importer,Small,382,Fine_Dine_Meat,Wine,23.98407,10.67,255.91,249.05,0.9732,compliant,6.86
INV553083,2025-03-07,2025 Q1,682,Importer,Small,384,Fine_Dine_Meat,Wine,17.645629,10.67,188.28,103.06,0.5474,partially_compliant,85.22
INV553084,2025-03-07,2025 Q1,680,Importer,Medium,384,Fine_Dine_Meat,Beer,26.468443,3.0,79.41,75.44,0.95,compliant,3.97
INV555295,2025-03-07,2025 Q1,686,Importer,Small,388,Fine_Dine_Meat,Wine,9.289414,10.67,99.12,9.91,0.1,non_compliant,89.21
INV555296,2025-03-07,2025 Q1,680,Importer,Medium,388,Fine_Dine_Meat,Beer,13.934121,3.0,41.8,39.71,0.95,compliant,2.09
INV555848,2025-03-07,2025 Q1,680,Importer,Medium,389,Fine_Dine_Meat,Wine,18.861703,10.67,201.25,191.19,0.95,compliant,10.06
INV556954,2025-03-07,2025 Q1,692,Importer,Large,391,Fine_Dine_Meat,Wine,22.479525,10.67,239.86,156.84,0.6539,partially_compliant,83.02
INV557508,2025-03-07,2025 Q1,692,Importer,Large,392,Fine_Dine_Meat,Beer,27.520626,3.0,82.56,53.99,0.6539,partially_compliant,28.58
INV558613,2025-03-07,2025 Q1,679,Importer,Large,394,Fine_Dine_Meat,Wine,26.197345,10.67,279.53,165.5,0.5921,partially_compliant,114.03
INV559166,2025-03-07,2025 Q1,686,Importer,Small,395,Fine_Dine_Meat,Wine,30.149165,10.67,321.69,32.17,0.1,non_compliant,289.52
INV559720,2025-03-07,2025 Q1,685,Importer,Small,396,Fine_Dine_Meat,Beer,57.452778,3.0,172.36,163.74,0.95,compliant,8.62
INV560273,2025-03-07,2025 Q1,675,Importer,Small,397,Fine_Dine_Meat,Beer,36.887937,3.0,110.66,107.53,0.9717,compliant,3.13
INV561378,2025-03-07,2025 Q1,673,Importer,Medium,399,Fine_Dine_Meat,Wine,39.70003,10.67,423.6,423.6,1.0,compliant,0.0
INV566355,2025-03-07,2025 Q1,681,Importer,Small,408,Fine_Dine_Meat,Wine,47.195549,10.67,503.58,0.0,0.0,non_compliant,503.58
INV568014,2025-03-07,2025 Q1,673,Importer,Medium,411,Fine_Dine_Meat,Wine,15.550615,10.67,165.93,165.93,1.0,compliant,0.0
INV568015,2025-03-07,2025 Q1,673,Importer,Medium,411,Fine_Dine_Meat,Beer,23.325923,3.0,69.98,69.98,1.0,compliant,0.0
INV568567,2025-03-07,2025 Q1,680,Importer,Medium,412,Fine_Dine_Meat,Wine,41.334247,10.67,441.04,418.98,0.95,compliant,22.05
INV569673,2025-03-07,2025 Q1,689,Importer,Small,414,Fine_Dine_Meat,Wine,31.478674,10.67,335.88,332.36,0.9895,compliant,3.52
INV570779,2025-03-07,2025 Q1,680,Importer,Medium,416,Fine_Dine_Meat,Wine,23.744783,10.67,253.36,240.69,0.95,compliant,12.67
INV571885,2025-03-07,2025 Q1,675,Importer,Small,418,Fine_Dine_Meat,Wine,43.776446,10.67,467.09,453.87,0.9717,compliant,13.22
INV574097,2025-03-07,2025 Q1,673,Importer,Medium,422,Fine_Dine_Meat,Wine,24.672561,10.67,263.26,263.26,1.0,compliant,0.0
INV576862,2025-03-07,2025 Q1,678,Importer,Medium,427,Fine_Dine_Meat,Wine,21.468385,10.67,229.07,135.6,0.592,partially_compliant,93.47
INV577415,2025-03-07,2025 Q1,689,Importer,Small,428,Fine_Dine_Meat,Wine,19.274602,10.67,205.66,203.5,0.9895,compliant,2.16
INV578521,2025-03-07,2025 Q1,685,Importer,Small,430,Fine_Dine_Meat,Wine,37.379286,10.67,398.84,378.9,0.95,compliant,19.94
INV579074,2025-03-07,2025 Q1,692,Importer,Large,431,Fine_Dine_Meat,Wine,18.24179,10.67,194.64,127.27,0.6539,partially_compliant,67.37
INV579627,2025-03-07,2025 Q1,673,Importer,Medium,432,Fine_Dine_Meat,Wine,39.32705,10.67,419.62,419.62,1.0,compliant,0.0
INV580181,2025-03-07,2025 Q1,679,Importer,Large,433,Fine_Dine_Meat,Beer,25.512917,3.0,76.54,45.32,0.5921,partially_compliant,31.22
INV580734,2025-03-07,2025 Q1,692,Importer,Large,434,Fine_Dine_Meat,Beer,36.590833,3.0,109.77,71.78,0.6539,partially_compliant,37.99
INV581287,2025-03-07,2025 Q1,687,Importer,Medium,435,Fine_Dine_Meat,Beer,41.2804,3.0,123.84,81.56,0.6586,partially_compliant,42.28
INV584051,2025-03-07,2025 Q1,679,Importer,Large,440,Fine_Dine_Meat,Wine,21.658167,10.67,231.09,136.82,0.5921,partially_compliant,94.27
INV584052,2025-03-07,2025 Q1,692,Importer,Large,440,Fine_Dine_Meat,Beer,32.487251,3.0,97.46,63.73,0.6539,partially_compliant,33.73
INV587922,2025-03-07,2025 Q1,686,Importer,Small,447,Fine_Dine_Vegetarian,Wine,33.24186,10.67,354.69,35.47,0.1,non_compliant,319.22
INV588475,2025-03-07,2025 Q1,679,Importer,Large,448,Fine_Dine_Vegetarian,Wine,62.972957,10.67,671.92,397.83,0.5921,partially_compliant,274.09
INV589028,2025-03-07,2025 Q1,692,Importer,Large,449,Fine_Dine_Vegetarian,Wine,60.486633,10.67,645.39,422.02,0.6539,partially_compliant,223.38
INV589581,2025-03-07,2025 Q1,680,Importer,Medium,450,Fine_Dine_Vegetarian,Wine,83.404034,10.67,889.92,845.42,0.95,compliant,44.5
INV591240,2025-03-07,2025 Q1,682,Importer,Small,453,Fine_Dine_Vegetarian,Wine,52.865073,10.67,564.07,308.75,0.5474,partially_compliant,255.32
INV592899,2025-03-07,2025 Q1,675,Importer,Small,456,Fine_Dine_Vegetarian,Wine,25.330308,10.67,270.27,262.62,0.9717,compliant,7.65
INV594558,2025-03-07,2025 Q1,673,Importer,Medium,459,Fine_Dine_Vegetarian,Wine,19.926378,10.67,212.61,212.61,1.0,compliant,0.0
INV596217,2025-03-07,2025 Q1,673,Importer,Medium,462,Fine_Dine_Vegetarian,Wine,22.735144,10.67,242.58,242.58,1.0,compliant,0.0
INV596770,2025-03-07,2025 Q1,690,Importer,Small,463,Fine_Dine_Vegetarian,Wine,53.228607,10.67,567.95,323.81,0.5701,partially_compliant,244.14
INV597323,2025-03-07,2025 Q1,677,Importer,Small,464,Fine_Dine_Vegetarian,Wine,26.170066,10.67,279.23,271.75,0.9732,compliant,7.49
INV600088,2025-03-07,2025 Q1,682,Importer,Small,469,Fine_Dine_Vegetarian,Wine,13.64757,10.67,145.62,79.71,0.5474,partially_compliant,65.91
INV601747,2025-03-07,2025 Q1,689,Importer,Small,472,Fine_Dine_Vegetarian,Wine,20.182309,10.67,215.35,213.09,0.9895,compliant,2.26
INV603959,2025-03-07,2025 Q1,692,Importer,Large,476,Fine_Dine_Vegetarian,Wine,27.332621,10.67,291.64,190.7,0.6539,partially_compliant,100.94
INV605618,2025-03-07,2025 Q1,673,Importer,Medium,479,Fine_Dine_Vegetarian,Wine,38.303902,10.67,408.7,408.7,1.0,compliant,0.0
INV607830,2025-03-07,2025 Q1,675,Importer,Small,483,Fine_Dine_Vegetarian,Wine,13.329429,10.67,142.23,138.2,0.9717,compliant,4.03
INV609489,2025-03-07,2025 Q1,692,Importer,Large,486,Fine_Dine_Vegetarian,Wine,42.358113,10.67,451.96,295.53,0.6539,partially_compliant,156.43
INV613913,2025-03-07,2025 Q1,686,Importer,Small,494,Fine_Dine_Vegetarian,Wine,13.425458,10.67,143.25,14.32,0.1,non_compliant,128.92
INV617231,2025-03-07,2025 Q1,673,Importer,Medium,500,Fine_Dine_Vegetarian,Wine,29.6152,10.67,315.99,315.99,1.0,compliant,0.0
INV402632,2025-03-14,2025 Q1,692,Importer,Large,203,Cafe,Coffee_Beans,24.459177,25.0,611.48,399.84,0.6539,partially_compliant,211.64
INV404370,2025-03-14,2025 Q1,680,Importer,Medium,205,Cafe,Coffee_Beans,4.422937,25.0,110.57,105.04,0.95,compliant,5.53
INV406108,2025-03-14,2025 Q1,684,Importer,Medium,207,Cafe,Coffee_Beans,6.188175,25.0,154.7,152.57,0.9862,compliant,2.13
INV415667,2025-03-14,2025 Q1,677,Importer,Small,218,Cafe,Coffee_Beans,15.247509,25.0,381.19,370.97,0.9732,compliant,10.22
INV420881,2025-03-14,2025 Q1,686,Importer,Small,224,Cafe,Coffee_Beans,8.975973,25.0,224.4,22.44,0.1,non_compliant,201.96
INV424357,2025-03-14,2025 Q1,677,Importer,Small,228,Cafe,Coffee_Beans,6.893061,25.0,172.33,167.71,0.9732,compliant,4.62
INV426095,2025-03-14,2025 Q1,682,Importer,Small,230,Cafe,Coffee_Beans,7.726741,25.0,193.17,105.73,0.5474,partially_compliant,87.43
INV426964,2025-03-14,2025 Q1,681,Importer,Small,231,Cafe,Coffee_Beans,6.835835,25.0,170.9,0.0,0.0,non_compliant,170.9
INV429571,2025-03-14,2025 Q1,673,Importer,Medium,234,Cafe,Coffee_Beans,5.838782,25.0,145.97,145.97,1.0,compliant,0.0
INV430440,2025-03-14,2025 Q1,673,Importer,Medium,235,Cafe,Coffee_Beans,27.689359,25.0,692.23,692.23,1.0,compliant,0.0
INV432178,2025-03-14,2025 Q1,683,Importer,Small,237,Cafe,Coffee_Beans,16.70814,25.0,417.7,249.24,0.5967,partially_compliant,168.46
INV438261,2025-03-14,2025 Q1,682,Importer,Small,244,Cafe,Coffee_Beans,7.648532,25.0,191.21,104.66,0.5474,partially_compliant,86.55
INV439999,2025-03-14,2025 Q1,688,Importer,Small,246,Cafe,Coffee_Beans,9.231515,25.0,230.79,221.52,0.9598,compliant,9.27
INV445213,2025-03-14,2025 Q1,675,Importer,Small,252,Cafe,Coffee_Beans,7.240604,25.0,181.02,175.89,0.9717,compliant,5.12
INV448689,2025-03-14,2025 Q1,678,Importer,Medium,256,Cafe,Coffee_Beans,8.791456,25.0,219.79,130.11,0.592,partially_compliant,89.68
INV449558,2025-03-14,2025 Q1,680,Importer,Medium,257,Cafe,Coffee_Beans,26.019648,25.0,650.49,617.97,0.95,compliant,32.52
INV454772,2025-03-14,2025 Q1,675,Importer,Small,263,Cafe,Coffee_Beans,6.376045,25.0,159.4,154.89,0.9717,compliant,4.51
INV459986,2025-03-14,2025 Q1,677,Importer,Small,269,Cafe,Coffee_Beans,5.947643,25.0,148.69,144.7,0.9732,compliant,3.99
INV464331,2025-03-14,2025 Q1,673,Importer,Medium,274,Cafe,Coffee_Beans,6.121678,25.0,153.04,153.04,1.0,compliant,0.0
INV465200,2025-03-14,2025 Q1,689,Importer,Small,275,Cafe,Coffee_Beans,7.739441,25.0,193.49,191.46,0.9895,compliant,2.03
INV466069,2025-03-14,2025 Q1,692,Importer,Large,276,Cafe,Coffee_Beans,6.525055,25.0,163.13,106.67,0.6539,partially_compliant,56.46
INV470414,2025-03-14,2025 Q1,689,Importer,Small,281,Cafe,Coffee_Beans,12.308925,25.0,307.72,304.5,0.9895,compliant,3.22
INV475628,2025-03-14,2025 Q1,680,Importer,Medium,287,Cafe,Coffee_Beans,8.102493,25.0,202.56,192.43,0.95,compliant,10.13
INV478235,2025-03-14,2025 Q1,675,Importer,Small,290,Cafe,Coffee_Beans,6.48575,25.0,162.14,157.55,0.9717,compliant,4.59
INV484318,2025-03-14,2025 Q1,689,Importer,Small,297,Cafe,Coffee_Beans,10.264643,25.0,256.62,253.93,0.9895,compliant,2.69
INV485187,2025-03-14,2025 Q1,674,Importer,Small,298,Cafe,Coffee_Beans,6.256847,25.0,156.42,151.09,0.9659,compliant,5.33
INV490401,2025-03-14,2025 Q1,682,Importer,Small,304,Cafe,Coffee_Beans,6.404378,25.0,160.11,87.64,0.5474,partially_compliant,72.47
INV491270,2025-03-14,2025 Q1,682,Importer,Small,305,Cafe,Coffee_Beans,3.372448,25.0,84.31,46.15,0.5474,partially_compliant,38.16
INV496484,2025-03-14,2025 Q1,680,Importer,Medium,311,Cafe,Coffee_Beans,7.54907,25.0,188.73,179.29,0.95,compliant,9.44
INV497353,2025-03-14,2025 Q1,689,Importer,Small,312,Cafe,Coffee_Beans,6.304563,25.0,157.61,155.96,0.9895,compliant,1.65
INV498222,2025-03-14,2025 Q1,682,Importer,Small,313,Cafe,Coffee_Beans,5.435296,25.0,135.88,74.38,0.5474,partially_compliant,61.5
INV502567,2025-03-14,2025 Q1,688,Importer,Small,318,Cafe,Coffee_Beans,15.501574,25.0,387.54,371.97,0.9598,compliant,15.57
INV507781,2025-03-14,2025 Q1,692,Importer,Large,324,Cafe,Coffee_Beans,6.030982,25.0,150.77,98.59,0.6539,partially_compliant,52.18
INV515602,2025-03-14,2025 Q1,678,Importer,Medium,333,Cafe,Coffee_Beans,5.353957,25.0,133.85,79.23,0.592,partially_compliant,54.62
INV518209,2025-03-14,2025 Q1,690,Importer,Small,336,Cafe,Coffee_Beans,4.379218,25.0,109.48,62.42,0.5701,partially_compliant,47.06
INV522554,2025-03-14,2025 Q1,690,Importer,Small,341,Cafe,Coffee_Beans,5.953842,25.0,148.85,84.86,0.5701,partially_compliant,63.98
INV523423,2025-03-14,2025 Q1,686,Importer,Small,342,Cafe,Coffee_Beans,3.758926,25.0,93.97,9.4,0.1,non_compliant,84.58
INV524292,2025-03-14,2025 Q1,690,Importer,Small,343,Cafe,Coffee_Beans,8.836525,25.0,220.91,125.95,0.5701,partially_compliant,94.96
INV532982,2025-03-14,2025 Q1,686,Importer,Small,353,Cafe,Coffee_Beans,11.002153,25.0,275.05,27.51,0.1,non_compliant,247.55
INV534720,2025-03-14,2025 Q1,678,Importer,Medium,355,Cafe,Coffee_Beans,18.763865,25.0,469.1,277.69,0.592,partially_compliant,191.41
INV537327,2025-03-14,2025 Q1,679,Importer,Large,358,Cafe,Coffee_Beans,6.890518,25.0,172.26,101.99,0.5921,partially_compliant,70.27
INV542584,2025-03-14,2025 Q1,673,Importer,Medium,365,Fine_Dine_Meat,Beer,27.736275,3.0,83.21,83.21,1.0,compliant,0.0
INV544795,2025-03-14,2025 Q1,692,Importer,Large,369,Fine_Dine_Meat,Wine,21.594575,10.67,230.41,150.67,0.6539,partially_compliant,79.75
INV547560,2025-03-14,2025 Q1,675,Importer,Small,374,Fine_Dine_Meat,Wine,25.284506,10.67,269.79,262.15,0.9717,compliant,7.64
INV547561,2025-03-14,2025 Q1,683,Importer,Small,374,Fine_Dine_Meat,Beer,37.926759,3.0,113.78,67.89,0.5967,partially_compliant,45.89
INV549773,2025-03-14,2025 Q1,679,Importer,Large,378,Fine_Dine_Meat,Beer,26.795371,3.0,80.39,47.59,0.5921,partially_compliant,32.79
INV550325,2025-03-14,2025 Q1,686,Importer,Small,379,Fine_Dine_Meat,Wine,47.104424,10.67,502.6,50.26,0.1,non_compliant,452.34
INV551984,2025-03-14,2025 Q1,677,Importer,Small,382,Fine_Dine_Meat,Wine,21.603504,10.67,230.51,224.33,0.9732,compliant,6.18
INV553090,2025-03-14,2025 Q1,682,Importer,Small,384,Fine_Dine_Meat,Wine,17.296471,10.67,184.55,101.02,0.5474,partially_compliant,83.53
INV553091,2025-03-14,2025 Q1,680,Importer,Medium,384,Fine_Dine_Meat,Beer,25.944706,3.0,77.83,73.94,0.95,compliant,3.89
INV555302,2025-03-14,2025 Q1,686,Importer,Small,388,Fine_Dine_Meat,Wine,13.552471,10.67,144.6,14.46,0.1,non_compliant,130.14
INV555303,2025-03-14,2025 Q1,680,Importer,Medium,388,Fine_Dine_Meat,Beer,20.328706,3.0,60.99,57.94,0.95,compliant,3.05
INV555855,2025-03-14,2025 Q1,680,Importer,Medium,389,Fine_Dine_Meat,Wine,18.488482,10.67,197.27,187.41,0.95,compliant,9.86
INV556961,2025-03-14,2025 Q1,692,Importer,Large,391,Fine_Dine_Meat,Wine,22.034717,10.67,235.11,153.74,0.6539,partially_compliant,81.37
INV557515,2025-03-14,2025 Q1,692,Importer,Large,392,Fine_Dine_Meat,Beer,28.369044,3.0,85.11,55.65,0.6539,partially_compliant,29.46
INV558620,2025-03-14,2025 Q1,679,Importer,Large,394,Fine_Dine_Meat,Wine,25.678972,10.67,273.99,162.23,0.5921,partially_compliant,111.77
INV559173,2025-03-14,2025 Q1,686,Importer,Small,395,Fine_Dine_Meat,Wine,29.552597,10.67,315.33,31.53,0.1,non_compliant,283.79
INV559727,2025-03-14,2025 Q1,685,Importer,Small,396,Fine_Dine_Meat,Beer,56.315946,3.0,168.95,160.5,0.95,compliant,8.45
INV560280,2025-03-14,2025 Q1,675,Importer,Small,397,Fine_Dine_Meat,Beer,40.50388,3.0,121.51,118.07,0.9717,compliant,3.44
INV561385,2025-03-14,2025 Q1,673,Importer,Medium,399,Fine_Dine_Meat,Wine,38.914476,10.67,415.22,415.22,1.0,compliant,0.0
INV566362,2025-03-14,2025 Q1,681,Importer,Small,408,Fine_Dine_Meat,Wine,46.261679,10.67,493.61,0.0,0.0,non_compliant,493.61
INV568021,2025-03-14,2025 Q1,673,Importer,Medium,411,Fine_Dine_Meat,Wine,15.242911,10.67,162.64,162.64,1.0,compliant,0.0
INV568022,2025-03-14,2025 Q1,673,Importer,Medium,411,Fine_Dine_Meat,Beer,22.864367,3.0,68.59,68.59,1.0,compliant,0.0
INV568574,2025-03-14,2025 Q1,680,Importer,Medium,412,Fine_Dine_Meat,Wine,40.516356,10.67,432.31,410.69,0.95,compliant,21.62
INV569680,2025-03-14,2025 Q1,689,Importer,Small,414,Fine_Dine_Meat,Wine,28.321513,10.67,302.19,299.02,0.9895,compliant,3.17
INV570786,2025-03-14,2025 Q1,680,Importer,Medium,416,Fine_Dine_Meat,Wine,23.274939,10.67,248.34,235.93,0.95,compliant,12.42
INV571892,2025-03-14,2025 Q1,675,Importer,Small,418,Fine_Dine_Meat,Wine,42.910231,10.67,457.85,444.89,0.9717,compliant,12.96
INV574104,2025-03-14,2025 Q1,673,Importer,Medium,422,Fine_Dine_Meat,Wine,24.184359,10.67,258.05,258.05,1.0,compliant,0.0
INV576869,2025-03-14,2025 Q1,678,Importer,Medium,427,Fine_Dine_Meat,Wine,21.043585,10.67,224.54,132.92,0.592,partially_compliant,91.62
INV577422,2025-03-14,2025 Q1,689,Importer,Small,428,Fine_Dine_Meat,Wine,18.89321,10.67,201.59,199.48,0.9895,compliant,2.11
INV578528,2025-03-14,2025 Q1,685,Importer,Small,430,Fine_Dine_Meat,Wine,36.576822,10.67,390.27,370.76,0.95,compliant,19.51
INV579081,2025-03-14,2025 Q1,692,Importer,Large,431,Fine_Dine_Meat,Wine,17.880836,10.67,190.79,124.75,0.6539,partially_compliant,66.03
INV579634,2025-03-14,2025 Q1,673,Importer,Medium,432,Fine_Dine_Meat,Wine,38.548876,10.67,411.32,411.32,1.0,compliant,0.0
INV580188,2025-03-14,2025 Q1,679,Importer,Large,433,Fine_Dine_Meat,Beer,25.645724,3.0,76.94,45.55,0.5921,partially_compliant,31.38
INV580741,2025-03-14,2025 Q1,692,Importer,Large,434,Fine_Dine_Meat,Beer,35.866801,3.0,107.6,70.36,0.6539,partially_compliant,37.24
INV581294,2025-03-14,2025 Q1,687,Importer,Medium,435,Fine_Dine_Meat,Beer,40.106432,3.0,120.32,79.24,0.6586,partially_compliant,41.08
INV584058,2025-03-14,2025 Q1,679,Importer,Large,440,Fine_Dine_Meat,Wine,21.229612,10.67,226.52,134.12,0.5921,partially_compliant,92.4
INV584059,2025-03-14,2025 Q1,692,Importer,Large,440,Fine_Dine_Meat,Beer,31.844418,3.0,95.53,62.47,0.6539,partially_compliant,33.07
INV587929,2025-03-14,2025 Q1,686,Importer,Small,447,Fine_Dine_Vegetarian,Wine,32.584096,10.67,347.67,34.77,0.1,non_compliant,312.91
INV588482,2025-03-14,2025 Q1,679,Importer,Large,448,Fine_Dine_Vegetarian,Wine,61.726896,10.67,658.63,389.96,0.5921,partially_compliant,268.67
INV589035,2025-03-14,2025 Q1,692,Importer,Large,449,Fine_Dine_Vegetarian,Wine,59.472486,10.67,634.57,414.94,0.6539,partially_compliant,219.63
INV589588,2025-03-14,2025 Q1,680,Importer,Medium,450,Fine_Dine_Vegetarian,Wine,81.753698,10.67,872.31,828.7,0.95,compliant,43.62
INV591247,2025-03-14,2025 Q1,682,Importer,Small,453,Fine_Dine_Vegetarian,Wine,51.819019,10.67,552.91,302.65,0.5474,partially_compliant,250.26
INV592906,2025-03-14,2025 Q1,675,Importer,Small,456,Fine_Dine_Vegetarian,Wine,24.829091,10.67,264.93,257.43,0.9717,compliant,7.5
INV594565,2025-03-14,2025 Q1,673,Importer,Medium,459,Fine_Dine_Vegetarian,Wine,19.53209,10.67,208.41,208.41,1.0,compliant,0.0
INV596224,2025-03-14,2025 Q1,673,Importer,Medium,462,Fine_Dine_Vegetarian,Wine,22.285278,10.67,237.78,237.78,1.0,compliant,0.0
INV596777,2025-03-14,2025 Q1,690,Importer,Small,463,Fine_Dine_Vegetarian,Wine,52.17536,10.67,556.71,317.4,0.5701,partially_compliant,239.31
INV597330,2025-03-14,2025 Q1,677,Importer,Small,464,Fine_Dine_Vegetarian,Wine,25.652232,10.67,273.71,266.37,0.9732,compliant,7.34
INV600095,2025-03-14,2025 Q1,682,Importer,Small,469,Fine_Dine_Vegetarian,Wine,13.377522,10.67,142.74,78.13,0.5474,partially_compliant,64.61
INV601754,2025-03-14,2025 Q1,689,Importer,Small,472,Fine_Dine_Vegetarian,Wine,19.782956,10.67,211.08,208.87,0.9895,compliant,2.21
INV603966,2025-03-14,2025 Q1,692,Importer,Large,476,Fine_Dine_Vegetarian,Wine,26.791784,10.67,285.87,186.93,0.6539,partially_compliant,98.94
INV605625,2025-03-14,2025 Q1,673,Importer,Medium,479,Fine_Dine_Vegetarian,Wine,31.755323,10.67,338.83,338.83,1.0,compliant,0.0
INV607837,2025-03-14,2025 Q1,675,Importer,Small,483,Fine_Dine_Vegetarian,Wine,11.376652,10.67,121.39,117.95,0.9717,compliant,3.44
INV609496,2025-03-14,2025 Q1,692,Importer,Large,486,Fine_Dine_Vegetarian,Wine,41.519963,10.67,443.02,289.69,0.6539,partially_compliant,153.33
INV613920,2025-03-14,2025 Q1,686,Importer,Small,494,Fine_Dine_Vegetarian,Wine,12.677167,10.67,135.27,13.53,0.1,non_compliant,121.74
INV617238,2025-03-14,2025 Q1,673,Importer,Medium,500,Fine_Dine_Vegetarian,Wine,29.029197,10.67,309.74,309.74,1.0,compliant,0.0
INV402643,2025-03-21,2025 Q1,692,Importer,Large,203,Cafe,Coffee_Beans,26.604792,25.0,665.12,434.92,0.6539,partially_compliant,230.2
INV404381,2025-03-21,2025 Q1,680,Importer,Medium,205,Cafe,Coffee_Beans,4.810927,25.0,120.27,114.26,0.95,compliant,6.01
INV406119,2025-03-21,2025 Q1,684,Importer,Medium,207,Cafe,Coffee_Beans,6.731015,25.0,168.28,165.96,0.9862,compliant,2.32
INV415678,2025-03-21,2025 Q1,677,Importer,Small,218,Cafe,Coffee_Beans,16.585056,25.0,414.63,403.51,0.9732,compliant,11.12
INV420892,2025-03-21,2025 Q1,686,Importer,Small,224,Cafe,Coffee_Beans,9.333613,25.0,233.34,23.33,0.1,non_compliant,210.01
INV424368,2025-03-21,2025 Q1,677,Importer,Small,228,Cafe,Coffee_Beans,7.497736,25.0,187.44,182.42,0.9732,compliant,5.03
INV426106,2025-03-21,2025 Q1,682,Importer,Small,230,Cafe,Coffee_Beans,8.404548,25.0,210.11,115.01,0.5474,partially_compliant,95.1
INV426975,2025-03-21,2025 Q1,681,Importer,Small,231,Cafe,Coffee_Beans,7.43549,25.0,185.89,0.0,0.0,non_compliant,185.89
INV429582,2025-03-21,2025 Q1,673,Importer,Medium,234,Cafe,Coffee_Beans,6.350973,25.0,158.77,158.77,1.0,compliant,0.0
INV430451,2025-03-21,2025 Q1,673,Importer,Medium,235,Cafe,Coffee_Beans,30.118333,25.0,752.96,752.96,1.0,compliant,0.0
INV432189,2025-03-21,2025 Q1,683,Importer,Small,237,Cafe,Coffee_Beans,18.173816,25.0,454.35,271.11,0.5967,partially_compliant,183.24
INV438272,2025-03-21,2025 Q1,682,Importer,Small,244,Cafe,Coffee_Beans,8.319478,25.0,207.99,113.85,0.5474,partially_compliant,94.14
INV440010,2025-03-21,2025 Q1,688,Importer,Small,246,Cafe,Coffee_Beans,11.088038,25.0,277.2,266.07,0.9598,compliant,11.14
INV445224,2025-03-21,2025 Q1,675,Importer,Small,252,Cafe,Coffee_Beans,7.875767,25.0,196.89,191.32,0.9717,compliant,5.57
INV448700,2025-03-21,2025 Q1,678,Importer,Medium,256,Cafe,Coffee_Beans,9.562662,25.0,239.07,141.52,0.592,partially_compliant,97.55
INV449569,2025-03-21,2025 Q1,680,Importer,Medium,257,Cafe,Coffee_Beans,28.302151,25.0,707.55,672.18,0.95,compliant,35.38
INV454783,2025-03-21,2025 Q1,675,Importer,Small,263,Cafe,Coffee_Beans,6.935366,25.0,173.38,168.48,0.9717,compliant,4.91
INV459997,2025-03-21,2025 Q1,677,Importer,Small,269,Cafe,Coffee_Beans,6.469384,25.0,161.73,157.4,0.9732,compliant,4.34
INV464342,2025-03-21,2025 Q1,673,Importer,Medium,274,Cafe,Coffee_Beans,6.658685,25.0,166.47,166.47,1.0,compliant,0.0
INV465211,2025-03-21,2025 Q1,689,Importer,Small,275,Cafe,Coffee_Beans,8.418362,25.0,210.46,208.25,0.9895,compliant,2.21
INV466080,2025-03-21,2025 Q1,692,Importer,Large,276,Cafe,Coffee_Beans,7.097448,25.0,177.44,116.02,0.6539,partially_compliant,61.41
INV470425,2025-03-21,2025 Q1,689,Importer,Small,281,Cafe,Coffee_Beans,13.388692,25.0,334.72,331.21,0.9895,compliant,3.51
INV475639,2025-03-21,2025 Q1,680,Importer,Medium,287,Cafe,Coffee_Beans,9.099017,25.0,227.48,216.1,0.95,compliant,11.37
INV478246,2025-03-21,2025 Q1,675,Importer,Small,290,Cafe,Coffee_Beans,7.054695,25.0,176.37,171.38,0.9717,compliant,4.99
INV484329,2025-03-21,2025 Q1,689,Importer,Small,297,Cafe,Coffee_Beans,11.815142,25.0,295.38,292.28,0.9895,compliant,3.1
INV485198,2025-03-21,2025 Q1,674,Importer,Small,298,Cafe,Coffee_Beans,6.805711,25.0,170.14,164.34,0.9659,compliant,5.8
INV490412,2025-03-21,2025 Q1,682,Importer,Small,304,Cafe,Coffee_Beans,6.966185,25.0,174.15,95.33,0.5474,partially_compliant,78.83
INV491281,2025-03-21,2025 Q1,682,Importer,Small,305,Cafe,Coffee_Beans,4.440096,25.0,111.0,60.76,0.5474,partially_compliant,50.24
INV496495,2025-03-21,2025 Q1,680,Importer,Medium,311,Cafe,Coffee_Beans,8.211292,25.0,205.28,195.02,0.95,compliant,10.26
INV497364,2025-03-21,2025 Q1,689,Importer,Small,312,Cafe,Coffee_Beans,6.857613,25.0,171.44,169.64,0.9895,compliant,1.8
INV498233,2025-03-21,2025 Q1,682,Importer,Small,313,Cafe,Coffee_Beans,6.152491,25.0,153.81,84.19,0.5474,partially_compliant,69.62
INV502578,2025-03-21,2025 Q1,688,Importer,Small,318,Cafe,Coffee_Beans,14.961736,25.0,374.04,359.02,0.9598,compliant,15.03
INV507792,2025-03-21,2025 Q1,692,Importer,Large,324,Cafe,Coffee_Beans,6.560033,25.0,164.0,107.24,0.6539,partially_compliant,56.76
INV515613,2025-03-21,2025 Q1,678,Importer,Medium,333,Cafe,Coffee_Beans,5.823619,25.0,145.59,86.18,0.592,partially_compliant,59.41
INV518220,2025-03-21,2025 Q1,690,Importer,Small,336,Cafe,Coffee_Beans,4.229818,25.0,105.75,60.29,0.5701,partially_compliant,45.46
INV522565,2025-03-21,2025 Q1,690,Importer,Small,341,Cafe,Coffee_Beans,6.476127,25.0,161.9,92.31,0.5701,partially_compliant,69.6
INV523434,2025-03-21,2025 Q1,686,Importer,Small,342,Cafe,Coffee_Beans,4.088668,25.0,102.22,10.22,0.1,non_compliant,92.0
INV524303,2025-03-21,2025 Q1,690,Importer,Small,343,Cafe,Coffee_Beans,10.385644,25.0,259.64,148.03,0.5701,partially_compliant,111.61
INV532993,2025-03-21,2025 Q1,686,Importer,Small,353,Cafe,Coffee_Beans,11.967287,25.0,299.18,29.92,0.1,non_compliant,269.26
INV534731,2025-03-21,2025 Q1,678,Importer,Medium,355,Cafe,Coffee_Beans,20.409875,25.0,510.25,302.05,0.592,partially_compliant,208.2
INV537338,2025-03-21,2025 Q1,679,Importer,Large,358,Cafe,Coffee_Beans,7.49497,25.0,187.37,110.94,0.5921,partially_compliant,76.43
INV542591,2025-03-21,2025 Q1,673,Importer,Medium,365,Fine_Dine_Meat,Beer,29.508764,3.0,88.53,88.53,1.0,compliant,0.0
INV544802,2025-03-21,2025 Q1,692,Importer,Large,369,Fine_Dine_Meat,Wine,22.974578,10.67,245.14,160.29,0.6539,partially_compliant,84.84
INV547567,2025-03-21,2025 Q1,675,Importer,Small,374,Fine_Dine_Meat,Wine,26.900314,10.67,287.03,278.9,0.9717,compliant,8.12
INV547568,2025-03-21,2025 Q1,683,Importer,Small,374,Fine_Dine_Meat,Beer,40.350471,3.0,121.05,72.23,0.5967,partially_compliant,48.82
INV549780,2025-03-21,2025 Q1,679,Importer,Large,378,Fine_Dine_Meat,Beer,28.507732,3.0,85.52,50.64,0.5921,partially_compliant,34.89
INV550332,2025-03-21,2025 Q1,686,Importer,Small,379,Fine_Dine_Meat,Wine,50.114636,10.67,534.72,53.47,0.1,non_compliant,481.25
INV551991,2025-03-21,2025 Q1,677,Importer,Small,382,Fine_Dine_Meat,Wine,21.340664,10.67,227.7,221.6,0.9732,compliant,6.11
INV553097,2025-03-21,2025 Q1,682,Importer,Small,384,Fine_Dine_Meat,Wine,18.401803,10.67,196.35,107.47,0.5474,partially_compliant,88.87
INV553098,2025-03-21,2025 Q1,680,Importer,Medium,384,Fine_Dine_Meat,Beer,27.602705,3.0,82.81,78.67,0.95,compliant,4.14
INV555309,2025-03-21,2025 Q1,686,Importer,Small,388,Fine_Dine_Meat,Wine,19.364163,10.67,206.62,20.66,0.1,non_compliant,185.95
INV555310,2025-03-21,2025 Q1,680,Importer,Medium,388,Fine_Dine_Meat,Beer,29.046245,3.0,87.14,82.78,0.95,compliant,4.36
INV555862,2025-03-21,2025 Q1,680,Importer,Medium,389,Fine_Dine_Meat,Wine,19.66999,10.67,209.88,199.38,0.95,compliant,10.49
INV556968,2025-03-21,2025 Q1,692,Importer,Large,391,Fine_Dine_Meat,Wine,23.442847,10.67,250.14,163.56,0.6539,partially_compliant,86.57
INV557522,2025-03-21,2025 Q1,692,Importer,Large,392,Fine_Dine_Meat,Beer,31.27779,3.0,93.83,61.36,0.6539,partially_compliant,32.48
INV558627,2025-03-21,2025 Q1,679,Importer,Large,394,Fine_Dine_Meat,Wine,27.319989,10.67,291.5,172.59,0.5921,partially_compliant,118.91
INV559180,2025-03-21,2025 Q1,686,Importer,Small,395,Fine_Dine_Meat,Wine,31.441158,10.67,335.48,33.55,0.1,non_compliant,301.93
INV559734,2025-03-21,2025 Q1,685,Importer,Small,396,Fine_Dine_Meat,Beer,59.914822,3.0,179.74,170.76,0.95,compliant,8.99
INV560287,2025-03-21,2025 Q1,675,Importer,Small,397,Fine_Dine_Meat,Beer,46.658316,3.0,139.97,136.01,0.9717,compliant,3.96
INV561392,2025-03-21,2025 Q1,673,Importer,Medium,399,Fine_Dine_Meat,Wine,41.401309,10.67,441.75,441.75,1.0,compliant,0.0
INV566369,2025-03-21,2025 Q1,681,Importer,Small,408,Fine_Dine_Meat,Wine,49.218036,10.67,525.16,0.0,0.0,non_compliant,525.16
INV568028,2025-03-21,2025 Q1,673,Importer,Medium,411,Fine_Dine_Meat,Wine,16.217011,10.67,173.04,173.04,1.0,compliant,0.0
INV568029,2025-03-21,2025 Q1,673,Importer,Medium,411,Fine_Dine_Meat,Beer,24.325516,3.0,72.98,72.98,1.0,compliant,0.0
INV568581,2025-03-21,2025 Q1,680,Importer,Medium,412,Fine_Dine_Meat,Wine,43.105557,10.67,459.94,436.94,0.95,compliant,23.0
INV569687,2025-03-21,2025 Q1,689,Importer,Small,414,Fine_Dine_Meat,Wine,27.831242,10.67,296.96,293.85,0.9895,compliant,3.11
INV570793,2025-03-21,2025 Q1,680,Importer,Medium,416,Fine_Dine_Meat,Wine,24.762326,10.67,264.21,251.0,0.95,compliant,13.21
INV571899,2025-03-21,2025 Q1,675,Importer,Small,418,Fine_Dine_Meat,Wine,45.652413,10.67,487.11,473.32,0.9717,compliant,13.79
INV574111,2025-03-21,2025 Q1,673,Importer,Medium,422,Fine_Dine_Meat,Wine,25.729863,10.67,274.54,274.54,1.0,compliant,0.0
INV576876,2025-03-21,2025 Q1,678,Importer,Medium,427,Fine_Dine_Meat,Wine,22.388377,10.67,238.88,141.41,0.592,partially_compliant,97.47
INV577429,2025-03-21,2025 Q1,689,Importer,Small,428,Fine_Dine_Meat,Wine,20.100583,10.67,214.47,212.23,0.9895,compliant,2.25
INV578535,2025-03-21,2025 Q1,685,Importer,Small,430,Fine_Dine_Meat,Wine,38.857107,10.67,414.61,393.88,0.95,compliant,20.73
INV579088,2025-03-21,2025 Q1,692,Importer,Large,431,Fine_Dine_Meat,Wine,19.023512,10.67,202.98,132.73,0.6539,partially_compliant,70.25
INV579641,2025-03-21,2025 Q1,673,Importer,Medium,432,Fine_Dine_Meat,Wine,41.012345,10.67,437.6,437.6,1.0,compliant,0.0
INV580195,2025-03-21,2025 Q1,679,Importer,Large,433,Fine_Dine_Meat,Beer,27.786896,3.0,83.36,49.36,0.5921,partially_compliant,34.0
INV580748,2025-03-21,2025 Q1,692,Importer,Large,434,Fine_Dine_Meat,Beer,38.158872,3.0,114.48,74.86,0.6539,partially_compliant,39.62
INV581301,2025-03-21,2025 Q1,687,Importer,Medium,435,Fine_Dine_Meat,Beer,42.39849,3.0,127.2,83.77,0.6586,partially_compliant,43.43
INV584065,2025-03-21,2025 Q1,679,Importer,Large,440,Fine_Dine_Meat,Wine,22.586292,10.67,241.0,142.69,0.5921,partially_compliant,98.31
INV584066,2025-03-21,2025 Q1,692,Importer,Large,440,Fine_Dine_Meat,Beer,33.879438,3.0,101.64,66.46,0.6539,partially_compliant,35.18
INV587936,2025-03-21,2025 Q1,686,Importer,Small,447,Fine_Dine_Vegetarian,Wine,34.666385,10.67,369.89,36.99,0.1,non_compliant,332.9
INV588489,2025-03-21,2025 Q1,679,Importer,Large,448,Fine_Dine_Vegetarian,Wine,65.671559,10.67,700.72,414.88,0.5921,partially_compliant,285.84
INV589042,2025-03-21,2025 Q1,692,Importer,Large,449,Fine_Dine_Vegetarian,Wine,63.425591,10.67,676.75,442.52,0.6539,partially_compliant,234.23
INV589595,2025-03-21,2025 Q1,680,Importer,Medium,450,Fine_Dine_Vegetarian,Wine,86.978175,10.67,928.06,881.65,0.95,compliant,46.4
INV591254,2025-03-21,2025 Q1,682,Importer,Small,453,Fine_Dine_Vegetarian,Wine,55.130518,10.67,588.24,321.99,0.5474,partially_compliant,266.26
INV592913,2025-03-21,2025 Q1,675,Importer,Small,456,Fine_Dine_Vegetarian,Wine,26.415797,10.67,281.86,273.88,0.9717,compliant,7.98
INV594572,2025-03-21,2025 Q1,673,Importer,Medium,459,Fine_Dine_Vegetarian,Wine,20.78029,10.67,221.73,221.73,1.0,compliant,0.0
INV596231,2025-03-21,2025 Q1,673,Importer,Medium,462,Fine_Dine_Vegetarian,Wine,23.709421,10.67,252.98,252.98,1.0,compliant,0.0
INV596784,2025-03-21,2025 Q1,690,Importer,Small,463,Fine_Dine_Vegetarian,Wine,55.509631,10.67,592.29,337.69,0.5701,partially_compliant,254.6
INV597337,2025-03-21,2025 Q1,677,Importer,Small,464,Fine_Dine_Vegetarian,Wine,27.29154,10.67,291.2,283.39,0.9732,compliant,7.81
INV600102,2025-03-21,2025 Q1,682,Importer,Small,469,Fine_Dine_Vegetarian,Wine,14.232414,10.67,151.86,83.12,0.5474,partially_compliant,68.74
INV601761,2025-03-21,2025 Q1,689,Importer,Small,472,Fine_Dine_Vegetarian,Wine,21.047188,10.67,224.57,222.22,0.9895,compliant,2.35
INV603973,2025-03-21,2025 Q1,692,Importer,Large,476,Fine_Dine_Vegetarian,Wine,28.503916,10.67,304.14,198.87,0.6539,partially_compliant,105.26
INV605632,2025-03-21,2025 Q1,673,Importer,Medium,479,Fine_Dine_Vegetarian,Wine,27.083096,10.67,288.98,288.98,1.0,compliant,0.0
INV607844,2025-03-21,2025 Q1,675,Importer,Small,483,Fine_Dine_Vegetarian,Wine,12.103677,10.67,129.15,125.49,0.9717,compliant,3.66
INV609503,2025-03-21,2025 Q1,692,Importer,Large,486,Fine_Dine_Vegetarian,Wine,44.173299,10.67,471.33,308.2,0.6539,partially_compliant,163.13
INV613927,2025-03-21,2025 Q1,686,Importer,Small,494,Fine_Dine_Vegetarian,Wine,13.134579,10.67,140.15,14.01,0.1,non_compliant,126.13
INV617245,2025-03-21,2025 Q1,673,Importer,Medium,500,Fine_Dine_Vegetarian,Wine,30.88431,10.67,329.54,329.54,1.0,compliant,0.0
INV402654,2025-03-28,2025 Q1,692,Importer,Large,203,Cafe,Coffee_Beans,28.123727,25.0,703.09,459.75,0.6539,partially_compliant,243.35
INV404392,2025-03-28,2025 Q1,680,Importer,Medium,205,Cafe,Coffee_Beans,5.05271,25.0,126.32,120.0,0.95,compliant,6.32
INV406130,2025-03-28,2025 Q1,684,Importer,Medium,207,Cafe,Coffee_Beans,7.12169,25.0,178.04,175.59,0.9862,compliant,2.45
INV415689,2025-03-28,2025 Q1,677,Importer,Small,218,Cafe,Coffee_Beans,17.619271,25.0,440.48,428.67,0.9732,compliant,11.81
INV420903,2025-03-28,2025 Q1,686,Importer,Small,224,Cafe,Coffee_Beans,9.623364,25.0,240.58,24.06,0.1,non_compliant,216.53
INV424379,2025-03-28,2025 Q1,677,Importer,Small,228,Cafe,Coffee_Beans,7.989722,25.0,199.74,194.39,0.9732,compliant,5.36
INV426117,2025-03-28,2025 Q1,682,Importer,Small,230,Cafe,Coffee_Beans,8.955447,25.0,223.89,122.55,0.5474,partially_compliant,101.34
INV426986,2025-03-28,2025 Q1,681,Importer,Small,231,Cafe,Coffee_Beans,7.926758,25.0,198.17,0.0,0.0,non_compliant,198.17
INV429593,2025-03-28,2025 Q1,673,Importer,Medium,234,Cafe,Coffee_Beans,6.74027,25.0,168.51,168.51,1.0,compliant,0.0
INV430462,2025-03-28,2025 Q1,673,Importer,Medium,235,Cafe,Coffee_Beans,31.977075,25.0,799.43,799.43,1.0,compliant,0.0
INV432200,2025-03-28,2025 Q1,683,Importer,Small,237,Cafe,Coffee_Beans,19.35279,25.0,483.82,288.69,0.5967,partially_compliant,195.13
INV438283,2025-03-28,2025 Q1,682,Importer,Small,244,Cafe,Coffee_Beans,8.851295,25.0,221.28,121.12,0.5474,partially_compliant,100.16
INV440021,2025-03-28,2025 Q1,688,Importer,Small,246,Cafe,Coffee_Beans,12.496416,25.0,312.41,299.86,0.9598,compliant,12.55
INV445235,2025-03-28,2025 Q1,675,Importer,Small,252,Cafe,Coffee_Beans,8.35183,25.0,208.8,202.89,0.9717,compliant,5.91
INV448711,2025-03-28,2025 Q1,678,Importer,Medium,256,Cafe,Coffee_Beans,10.038259,25.0,250.96,148.56,0.592,partially_compliant,102.4
INV449580,2025-03-28,2025 Q1,680,Importer,Medium,257,Cafe,Coffee_Beans,29.814513,25.0,745.36,708.09,0.95,compliant,37.27
INV454794,2025-03-28,2025 Q1,675,Importer,Small,263,Cafe,Coffee_Beans,7.396618,25.0,184.92,179.68,0.9717,compliant,5.23
INV460008,2025-03-28,2025 Q1,677,Importer,Small,269,Cafe,Coffee_Beans,6.887609,25.0,172.19,167.57,0.9732,compliant,4.62
INV464353,2025-03-28,2025 Q1,673,Importer,Medium,274,Cafe,Coffee_Beans,7.026007,25.0,175.65,175.65,1.0,compliant,0.0
INV465222,2025-03-28,2025 Q1,689,Importer,Small,275,Cafe,Coffee_Beans,8.960574,25.0,224.01,221.67,0.9895,compliant,2.35
INV466091,2025-03-28,2025 Q1,692,Importer,Large,276,Cafe,Coffee_Beans,7.549915,25.0,188.75,123.42,0.6539,partially_compliant,65.33
INV470436,2025-03-28,2025 Q1,689,Importer,Small,281,Cafe,Coffee_Beans,14.221552,25.0,355.54,351.81,0.9895,compliant,3.73
INV475650,2025-03-28,2025 Q1,680,Importer,Medium,287,Cafe,Coffee_Beans,9.640132,25.0,241.0,228.95,0.95,compliant,12.05
INV478257,2025-03-28,2025 Q1,675,Importer,Small,290,Cafe,Coffee_Beans,7.52525,25.0,188.13,182.81,0.9717,compliant,5.32
INV484340,2025-03-28,2025 Q1,689,Importer,Small,297,Cafe,Coffee_Beans,12.939947,25.0,323.5,320.11,0.9895,compliant,3.39
INV485209,2025-03-28,2025 Q1,674,Importer,Small,298,Cafe,Coffee_Beans,6.987167,25.0,174.68,168.72,0.9659,compliant,5.95
INV490423,2025-03-28,2025 Q1,682,Importer,Small,304,Cafe,Coffee_Beans,7.426626,25.0,185.67,101.63,0.5474,partially_compliant,84.04
INV491292,2025-03-28,2025 Q1,682,Importer,Small,305,Cafe,Coffee_Beans,5.429304,25.0,135.73,74.3,0.5474,partially_compliant,61.44
INV496506,2025-03-28,2025 Q1,680,Importer,Medium,311,Cafe,Coffee_Beans,8.739844,25.0,218.5,207.57,0.95,compliant,10.92
INV497375,2025-03-28,2025 Q1,689,Importer,Small,312,Cafe,Coffee_Beans,7.217431,25.0,180.44,178.54,0.9895,compliant,1.89
INV498244,2025-03-28,2025 Q1,682,Importer,Small,313,Cafe,Coffee_Beans,7.015323,25.0,175.38,96.0,0.5474,partially_compliant,79.38
INV502589,2025-03-28,2025 Q1,688,Importer,Small,318,Cafe,Coffee_Beans,15.258921,25.0,381.47,366.15,0.9598,compliant,15.32
INV507803,2025-03-28,2025 Q1,692,Importer,Large,324,Cafe,Coffee_Beans,6.90846,25.0,172.71,112.93,0.6539,partially_compliant,59.78
INV515624,2025-03-28,2025 Q1,678,Importer,Medium,333,Cafe,Coffee_Beans,6.147096,25.0,153.68,90.97,0.592,partially_compliant,62.71
INV518231,2025-03-28,2025 Q1,690,Importer,Small,336,Cafe,Coffee_Beans,4.071961,25.0,101.8,58.04,0.5701,partially_compliant,43.76
INV522576,2025-03-28,2025 Q1,690,Importer,Small,341,Cafe,Coffee_Beans,7.087834,25.0,177.2,101.03,0.5701,partially_compliant,76.17
INV523445,2025-03-28,2025 Q1,686,Importer,Small,342,Cafe,Coffee_Beans,4.292844,25.0,107.32,10.73,0.1,non_compliant,96.59
INV524314,2025-03-28,2025 Q1,690,Importer,Small,343,Cafe,Coffee_Beans,11.490886,25.0,287.27,163.79,0.5701,partially_compliant,123.49
INV533004,2025-03-28,2025 Q1,686,Importer,Small,353,Cafe,Coffee_Beans,12.592506,25.0,314.81,31.48,0.1,non_compliant,283.33
INV534742,2025-03-28,2025 Q1,678,Importer,Medium,355,Cafe,Coffee_Beans,21.612558,25.0,540.31,319.85,0.592,partially_compliant,220.47
INV537349,2025-03-28,2025 Q1,679,Importer,Large,358,Cafe,Coffee_Beans,7.972391,25.0,199.31,118.01,0.5921,partially_compliant,81.3
INV542598,2025-03-28,2025 Q1,673,Importer,Medium,365,Fine_Dine_Meat,Beer,30.504422,3.0,91.51,91.51,1.0,compliant,0.0
INV544809,2025-03-28,2025 Q1,692,Importer,Large,369,Fine_Dine_Meat,Wine,24.069881,10.67,256.83,167.94,0.6539,partially_compliant,88.89
INV547574,2025-03-28,2025 Q1,675,Importer,Small,374,Fine_Dine_Meat,Wine,28.220287,10.67,301.11,292.59,0.9717,compliant,8.52
INV547575,2025-03-28,2025 Q1,683,Importer,Small,374,Fine_Dine_Meat,Beer,42.330431,3.0,126.99,75.78,0.5967,partially_compliant,51.22
INV549787,2025-03-28,2025 Q1,679,Importer,Large,378,Fine_Dine_Meat,Beer,29.800014,3.0,89.4,52.93,0.5921,partially_compliant,36.47
INV550339,2025-03-28,2025 Q1,686,Importer,Small,379,Fine_Dine_Meat,Wine,52.36688,10.67,558.75,55.88,0.1,non_compliant,502.88
INV551998,2025-03-28,2025 Q1,677,Importer,Small,382,Fine_Dine_Meat,Wine,21.956603,10.67,234.28,228.0,0.9732,compliant,6.28
INV553104,2025-03-28,2025 Q1,682,Importer,Small,384,Fine_Dine_Meat,Wine,19.113011,10.67,203.94,111.63,0.5474,partially_compliant,92.31
INV553105,2025-03-28,2025 Q1,680,Importer,Medium,384,Fine_Dine_Meat,Beer,28.669517,3.0,86.01,81.71,0.95,compliant,4.3
INV555316,2025-03-28,2025 Q1,686,Importer,Small,388,Fine_Dine_Meat,Wine,23.318291,10.67,248.81,24.88,0.1,non_compliant,223.93
INV555317,2025-03-28,2025 Q1,680,Importer,Medium,388,Fine_Dine_Meat,Beer,34.977436,3.0,104.93,99.69,0.95,compliant,5.25
INV555869,2025-03-28,2025 Q1,680,Importer,Medium,389,Fine_Dine_Meat,Wine,20.350319,10.67,217.14,206.28,0.95,compliant,10.86
INV556975,2025-03-28,2025 Q1,692,Importer,Large,391,Fine_Dine_Meat,Wine,24.904501,10.67,265.73,173.76,0.6539,partially_compliant,91.97
INV557529,2025-03-28,2025 Q1,692,Importer,Large,392,Fine_Dine_Meat,Beer,32.537848,3.0,97.61,63.83,0.6539,partially_compliant,33.79
INV558634,2025-03-28,2025 Q1,679,Importer,Large,394,Fine_Dine_Meat,Wine,28.17789,10.67,300.66,178.01,0.5921,partially_compliant,122.65
INV559187,2025-03-28,2025 Q1,686,Importer,Small,395,Fine_Dine_Meat,Wine,33.362863,10.67,355.98,35.6,0.1,non_compliant,320.38
INV559741,2025-03-28,2025 Q1,685,Importer,Small,396,Fine_Dine_Meat,Beer,61.831142,3.0,185.49,176.22,0.95,compliant,9.27
INV560294,2025-03-28,2025 Q1,675,Importer,Small,397,Fine_Dine_Meat,Beer,50.648104,3.0,151.94,147.64,0.9717,compliant,4.3
INV561399,2025-03-28,2025 Q1,673,Importer,Medium,399,Fine_Dine_Meat,Wine,43.310349,10.67,462.12,462.12,1.0,compliant,0.0
INV566376,2025-03-28,2025 Q1,681,Importer,Small,408,Fine_Dine_Meat,Wine,51.568071,10.67,550.23,0.0,0.0,non_compliant,550.23
INV568035,2025-03-28,2025 Q1,673,Importer,Medium,411,Fine_Dine_Meat,Wine,16.729575,10.67,178.5,178.5,1.0,compliant,0.0
INV568036,2025-03-28,2025 Q1,673,Importer,Medium,411,Fine_Dine_Meat,Beer,25.094362,3.0,75.28,75.28,1.0,compliant,0.0
INV568588,2025-03-28,2025 Q1,680,Importer,Medium,412,Fine_Dine_Meat,Wine,44.982465,10.67,479.96,455.96,0.95,compliant,24.0
INV569694,2025-03-28,2025 Q1,689,Importer,Small,414,Fine_Dine_Meat,Wine,27.231902,10.67,290.56,287.52,0.9895,compliant,3.04
INV570800,2025-03-28,2025 Q1,680,Importer,Medium,416,Fine_Dine_Meat,Wine,25.862726,10.67,275.96,262.16,0.95,compliant,13.8
INV571906,2025-03-28,2025 Q1,675,Importer,Small,418,Fine_Dine_Meat,Wine,47.727216,10.67,509.25,494.84,0.9717,compliant,14.41
INV574118,2025-03-28,2025 Q1,673,Importer,Medium,422,Fine_Dine_Meat,Wine,26.882101,10.67,286.83,286.83,1.0,compliant,0.0
INV576883,2025-03-28,2025 Q1,678,Importer,Medium,427,Fine_Dine_Meat,Wine,23.848658,10.67,254.47,150.63,0.592,partially_compliant,103.83
INV577436,2025-03-28,2025 Q1,689,Importer,Small,428,Fine_Dine_Meat,Wine,21.045583,10.67,224.56,222.2,0.9895,compliant,2.35
INV578542,2025-03-28,2025 Q1,685,Importer,Small,430,Fine_Dine_Meat,Wine,39.731571,10.67,423.94,402.74,0.95,compliant,21.2
INV579095,2025-03-28,2025 Q1,692,Importer,Large,431,Fine_Dine_Meat,Wine,19.671836,10.67,209.9,137.25,0.6539,partially_compliant,72.65
INV579648,2025-03-28,2025 Q1,673,Importer,Medium,432,Fine_Dine_Meat,Wine,43.758101,10.67,466.9,466.9,1.0,compliant,0.0
INV580202,2025-03-28,2025 Q1,679,Importer,Large,433,Fine_Dine_Meat,Beer,28.852818,3.0,86.56,51.25,0.5921,partially_compliant,35.31
INV580755,2025-03-28,2025 Q1,692,Importer,Large,434,Fine_Dine_Meat,Beer,40.151685,3.0,120.46,78.76,0.6539,partially_compliant,41.69
INV581308,2025-03-28,2025 Q1,687,Importer,Medium,435,Fine_Dine_Meat,Beer,43.650878,3.0,130.95,86.24,0.6586,partially_compliant,44.71
INV584072,2025-03-28,2025 Q1,679,Importer,Large,440,Fine_Dine_Meat,Wine,23.584251,10.67,251.64,148.99,0.5921,partially_compliant,102.65
INV584073,2025-03-28,2025 Q1,692,Importer,Large,440,Fine_Dine_Meat,Beer,35.376376,3.0,106.13,69.4,0.6539,partially_compliant,36.73
INV587943,2025-03-28,2025 Q1,686,Importer,Small,447,Fine_Dine_Vegetarian,Wine,36.277765,10.67,387.08,38.71,0.1,non_compliant,348.38
INV588496,2025-03-28,2025 Q1,679,Importer,Large,448,Fine_Dine_Vegetarian,Wine,68.790025,10.67,733.99,434.58,0.5921,partially_compliant,299.41
INV589049,2025-03-28,2025 Q1,692,Importer,Large,449,Fine_Dine_Vegetarian,Wine,66.056975,10.67,704.83,460.88,0.6539,partially_compliant,243.95
INV589602,2025-03-28,2025 Q1,680,Importer,Medium,450,Fine_Dine_Vegetarian,Wine,90.832008,10.67,969.18,920.72,0.95,compliant,48.46
INV591261,2025-03-28,2025 Q1,682,Importer,Small,453,Fine_Dine_Vegetarian,Wine,57.477201,10.67,613.28,335.69,0.5474,partially_compliant,277.59
INV592920,2025-03-28,2025 Q1,675,Importer,Small,456,Fine_Dine_Vegetarian,Wine,27.637429,10.67,294.89,286.55,0.9717,compliant,8.35
INV594579,2025-03-28,2025 Q1,673,Importer,Medium,459,Fine_Dine_Vegetarian,Wine,21.385277,10.67,228.18,228.18,1.0,compliant,0.0
INV596238,2025-03-28,2025 Q1,673,Importer,Medium,462,Fine_Dine_Vegetarian,Wine,24.805364,10.67,264.67,264.67,1.0,compliant,0.0
INV596791,2025-03-28,2025 Q1,690,Importer,Small,463,Fine_Dine_Vegetarian,Wine,58.094886,10.67,619.87,353.41,0.5701,partially_compliant,266.46
INV597344,2025-03-28,2025 Q1,677,Importer,Small,464,Fine_Dine_Vegetarian,Wine,28.426356,10.67,303.31,295.18,0.9732,compliant,8.13
INV600109,2025-03-28,2025 Q1,682,Importer,Small,469,Fine_Dine_Vegetarian,Wine,14.788916,10.67,157.8,86.37,0.5474,partially_compliant,71.42
INV601768,2025-03-28,2025 Q1,689,Importer,Small,472,Fine_Dine_Vegetarian,Wine,21.819889,10.67,232.82,230.38,0.9895,compliant,2.44
INV603980,2025-03-28,2025 Q1,692,Importer,Large,476,Fine_Dine_Vegetarian,Wine,29.870646,10.67,318.72,208.41,0.6539,partially_compliant,110.31
INV605639,2025-03-28,2025 Q1,673,Importer,Medium,479,Fine_Dine_Vegetarian,Wine,23.464631,10.67,250.37,250.37,1.0,compliant,0.0
INV607851,2025-03-28,2025 Q1,675,Importer,Small,483,Fine_Dine_Vegetarian,Wine,12.576944,10.67,134.2,130.4,0.9717,compliant,3.8
INV609510,2025-03-28,2025 Q1,692,Importer,Large,486,Fine_Dine_Vegetarian,Wine,46.162167,10.67,492.55,322.07,0.6539,partially_compliant,170.48
INV613934,2025-03-28,2025 Q1,686,Importer,Small,494,Fine_Dine_Vegetarian,Wine,13.625971,10.67,145.39,14.54,0.1,non_compliant,130.85
INV617252,2025-03-28,2025 Q1,673,Importer,Medium,500,Fine_Dine_Vegetarian,Wine,32.22626,10.67,343.85,343.85,1.0,compliant,0.0
INV676492,2025-03-31,2025 Q1,686,Importer,Small,494,Fine_Dine_Vegetarian,Wine,22.301276,10.67,237.95,23.8,0.1,non_compliant,214.16
INV676509,2025-03-31,2025 Q1,682,Importer,Small,313,Cafe,Coffee_Beans,3.334463,25.0,83.36,45.63,0.5474,partially_compliant,37.73
