CompanyId,VATPeriod,VATDate,Sector,OutputVAT,ExpectedOutputVAT,InputVAT,ExpectedInputVAT,TotalSales,CountSellerInvoices,TotalPurchases,CountBuyerInvoices,ReportedVATLiability,ExpectedVATLiability,Size,SizeCategory
2,2024 Q2,2024-06-30,Pizzeria,70018,70018,28979,28979,350090,91,144898,117,41039,41039,3182675,Large
2,2024 Q3,2024-09-30,Pizzeria,68796,68797,27493,27493,343985,92,137465,107,41303,41304,3182675,Large
2,2024 Q4,2024-12-31,Pizzeria,90018,90018,33654,33654,450092,92,168270,107,56364,56364,3182675,Large
2,2025 Q1,2025-03-31,Pizzeria,99708,99708,36536,36536,498543,91,182680,107,63172,63172,3182675,Large
3,2024 Q2,2024-06-30,Pizzeria,99376,99376,43046,43046,496880,91,216989,115,56330,56330,4064667,Large
3,2024 Q3,2024-09-30,Pizzeria,87945,87945,37502,37502,439726,92,189055,107,50443,50443,4064667,Large
3,2024 Q4,2024-12-31,Pizzeria,118521,118521,47747,47747,592609,92,240507,109,70774,70774,4064667,Large
3,2025 Q1,2025-03-31,Pizzeria,110018,110018,44642,44642,550092,91,224811,107,65376,65376,4064667,Large
4,2024 Q2,2024-06-30,Pizzeria,49810,49810,23126,23126,249051,91,115634,115,26684,26684,2428853,Large
4,2024 Q3,2024-09-30,Pizzeria,49354,49354,21749,21749,246772,92,108745,107,27605,27605,2428853,Large
4,2024 Q4,2024-12-31,Pizzeria,62267,62267,26172,26172,311339,92,130861,107,36095,36095,2428853,Large
4,2025 Q1,2025-03-31,Pizzeria,63849,63849,26995,26995,319248,91,134979,107,36854,36854,2428853,Large
5,2024 Q2,2024-06-30,Pizzeria,59026,59026,24733,24733,295134,91,124679,115,34293,34293,3004198,Large
5,2024 Q3,2024-09-30,Pizzeria,60383,60383,23820,23820,301919,92,120126,107,36563,36563,3004198,Large
5,2024 Q4,2024-12-31,Pizzeria,78334,78334,29821,29821,391671,92,150210,107,48513,48513,3004198,Large
5,2025 Q1,2025-03-31,Pizzeria,82360,82360,31473,31473,411801,91,158522,107,50887,50887,3004198,Large
6,2024 Q2,2024-06-30,Pizzeria,63585,63585,27429,27429,317927,91,142897,115,36156,36156,2820400,Large
6,2024 Q3,2024-09-30,Pizzeria,69063,69063,28275,28275,345315,92,147589,107,40788,40788,2820400,Large
6,2024 Q4,2024-12-31,Pizzeria,77692,77692,30869,30869,388462,92,160078,107,46823,46823,2820400,Large
6,2025 Q1,2025-03-31,Pizzeria,68157,68157,27749,27749,340785,91,143704,107,40408,40408,2820400,Large
7,2024 Q2,2024-06-30,Pizzeria,60146,60146,27191,27191,300732,91,135958,115,32955,32955,3016353,Large
7,2024 Q3,2024-09-30,Pizzeria,59504,59504,25464,25464,297520,92,127323,107,34040,34040,3016353,Large
7,2024 Q4,2024-12-31,Pizzeria,75881,75881,31318,31318,379407,92,156593,107,44563,44563,3016353,Large
7,2025 Q1,2025-03-31,Pizzeria,79592,79592,32990,32990,397960,91,164952,107,46602,46602,3016353,Large
8,2024 Q2,2024-06-30,Pizzeria,73036,73036,34348,34348,365182,91,173288,115,38688,38688,3878841,Large
8,2024 Q3,2024-09-30,Pizzeria,102148,102148,41198,41198,510742,92,208030,107,60950,60950,3878841,Large
8,2024 Q4,2024-12-31,Pizzeria,102591,102591,42236,42236,512955,92,212910,109,60355,60355,3878841,Large
8,2025 Q1,2025-03-31,Pizzeria,89006,89006,37783,37783,445034,91,190402,109,51223,51223,3878841,Large
9,2024 Q2,2024-06-30,Pizzeria,49834,49833,22241,22241,249169,91,115403,117,27593,27592,2086275,Large
9,2024 Q3,2024-09-30,Pizzeria,32399,32399,15024,15023,161996,92,77855,109,17375,17376,2086275,Large
9,2024 Q4,2024-12-31,Pizzeria,44351,44351,19709,19709,221755,92,101723,107,24642,24642,2086275,Large
9,2025 Q1,2025-03-31,Pizzeria,63433,63433,26632,26632,317166,91,137637,107,36801,36801,2086275,Large
10,2024 Q2,2024-06-30,Pizzeria,108215,108215,45766,45766,541078,91,228833,117,62449,62449,3875074,Large
10,2024 Q3,2024-09-30,Pizzeria,85504,85504,34934,34934,427521,92,174670,107,50570,50570,3875074,Large
10,2024 Q4,2024-12-31,Pizzeria,83686,83686,34922,34922,418432,92,174611,107,48764,48764,3875074,Large
10,2025 Q1,2025-03-31,Pizzeria,92461,92461,38351,38351,462309,91,191755,107,54110,54110,3875074,Large
11,2024 Q2,2024-06-30,Pizzeria,260203,260203,130123,130123,1301018,91,656333,115,130080,130080,12742933,Large
11,2024 Q3,2024-09-30,Pizzeria,253550,253550,119866,119866,1267754,92,604833,107,133684,133684,12742933,Large
11,2024 Q4,2024-12-31,Pizzeria,316509,316509,145653,145653,1582546,92,733988,107,170856,170856,12742933,Large
11,2025 Q1,2025-03-31,Pizzeria,322844,322844,149882,149882,1614223,91,755203,107,172962,172962,12742933,Large
12,2024 Q2,2024-06-30,Pizzeria,55233,55233,23747,23747,276165,91,123359,115,31486,31486,2569067,Large
12,2024 Q3,2024-09-30,Pizzeria,53852,53852,21994,21994,269264,92,114423,107,31858,31858,2569067,Large
12,2024 Q4,2024-12-31,Pizzeria,66933,66933,26413,26413,334665,92,136670,107,40520,40520,2569067,Large
12,2025 Q1,2025-03-31,Pizzeria,67659,67659,26938,26938,338295,91,139311,107,40721,40721,2569067,Large
13,2024 Q2,2024-06-30,Pizzeria,104613,104613,44949,44949,523067,91,226764,117,59664,59664,4858236,Large
13,2024 Q3,2024-09-30,Pizzeria,102341,102341,41735,41735,511707,92,210628,107,60606,60606,4858236,Large
13,2024 Q4,2024-12-31,Pizzeria,127587,127587,50075,50075,637936,92,252399,107,77512,77512,4858236,Large
13,2025 Q1,2025-03-31,Pizzeria,129338,129338,51165,51165,646693,91,257866,107,78173,78173,4858236,Large
14,2024 Q2,2024-06-30,Pizzeria,44368,44368,21829,21829,221843,91,109149,115,22539,22539,1896997,Large
14,2024 Q3,2024-09-30,Pizzeria,41152,41152,19520,19520,205760,92,97604,107,21632,21632,1896997,Large
14,2024 Q4,2024-12-31,Pizzeria,48716,48716,22239,22239,243580,92,111196,107,26477,26477,1896997,Large
14,2025 Q1,2025-03-31,Pizzeria,46905,46905,21785,21785,234528,91,108928,107,25120,25120,1896997,Large
15,2024 Q2,2024-06-30,Pizzeria,134524,134524,63793,63793,672621,91,318967,115,70731,70731,6314592,Large
15,2024 Q3,2024-09-30,Pizzeria,129735,129735,59010,59010,648677,92,295050,107,70725,70725,6314592,Large
15,2024 Q4,2024-12-31,Pizzeria,160284,160284,69304,69304,801422,92,346523,109,90980,90980,6314592,Large
15,2025 Q1,2025-03-31,Pizzeria,161992,161992,70507,70507,809962,91,352538,107,91485,91485,6314592,Large
16,2024 Q2,2024-06-30,Pizzeria,60912,60912,23371,23371,304560,91,121660,115,37541,37541,2868231,Large
16,2024 Q3,2024-09-30,Pizzeria,68906,68906,24443,24443,344531,92,127576,107,44463,44463,2868231,Large
16,2024 Q4,2024-12-31,Pizzeria,86706,86706,30507,30507,433532,92,158242,109,56199,56199,2868231,Large
16,2025 Q1,2025-03-31,Pizzeria,100035,100035,34456,34456,500177,91,178701,109,65579,65579,2868231,Large
17,2024 Q2,2024-06-30,Pizzeria,65765,65765,26164,26164,328825,91,137366,115,39601,39601,2737638,Large
17,2024 Q3,2024-09-30,Pizzeria,61645,61645,23302,23302,308226,92,122572,109,38343,38343,2737638,Large
17,2024 Q4,2024-12-31,Pizzeria,73746,73746,27414,27414,368733,92,143108,107,46332,46332,2737638,Large
17,2025 Q1,2025-03-31,Pizzeria,71769,71769,27092,27092,358846,91,141292,107,44677,44677,2737638,Large
18,2024 Q2,2024-06-30,Pizzeria,134477,134477,58418,58418,672385,91,306410,115,76059,76059,6317807,Large
18,2024 Q3,2024-09-30,Pizzeria,130325,130325,53877,53877,651625,92,283096,109,76448,76448,6317807,Large
18,2024 Q4,2024-12-31,Pizzeria,161897,161897,64478,64478,809488,92,336572,107,97419,97419,6317807,Large
18,2025 Q1,2025-03-31,Pizzeria,164582,164582,66088,66088,822913,91,344757,107,98494,98494,6317807,Large
19,2024 Q2,2024-06-30,Pizzeria,111284,111284,50327,50327,556424,91,251635,117,60957,60957,4447816,Large
19,2024 Q3,2024-09-30,Pizzeria,101589,101589,44117,44117,507946,92,220589,107,57472,57472,4447816,Large
19,2024 Q4,2024-12-31,Pizzeria,118238,118238,49995,49995,591192,92,249976,107,68243,68243,4447816,Large
19,2025 Q1,2025-03-31,Pizzeria,111751,111751,48150,48150,558757,91,240753,109,63601,63601,4447816,Large
20,2024 Q2,2024-06-30,Pizzeria,53867,53867,23841,23841,269336,91,119206,115,30026,30026,2374366,Large
20,2024 Q3,2024-09-30,Pizzeria,51708,51708,21724,21724,258544,92,108624,107,29984,29984,2374366,Large
20,2024 Q4,2024-12-31,Pizzeria,62909,62909,25647,25647,314547,92,128239,107,37262,37262,2374366,Large
20,2025 Q1,2025-03-31,Pizzeria,61378,61378,25381,25381,306893,91,126909,107,35997,35997,2374366,Large
21,2024 Q2,2024-06-30,Pizzeria,110010,110010,47783,47783,550054,91,250837,115,62227,62227,5011352,Large
21,2024 Q3,2024-09-30,Pizzeria,105960,105960,43538,43538,529803,92,229034,109,62422,62422,5011352,Large
21,2024 Q4,2024-12-31,Pizzeria,130207,130207,52472,52472,651038,92,273961,107,77735,77735,5011352,Large
21,2025 Q1,2025-03-31,Pizzeria,130197,130197,53092,53092,650988,91,276979,107,77105,77105,5011352,Large
22,2024 Q2,2024-06-30,Pizzeria,65116,65116,30344,30344,325583,91,151722,117,34772,34772,2978987,Large
22,2024 Q3,2024-09-30,Pizzeria,62676,62676,27680,27679,313382,92,138399,107,34996,34997,2978987,Large
22,2024 Q4,2024-12-31,Pizzeria,76945,76945,33191,33191,384726,92,165956,107,43754,43754,2978987,Large
22,2025 Q1,2025-03-31,Pizzeria,76845,76845,33480,33480,384227,91,167401,107,43365,43365,2978987,Large
23,2024 Q2,2024-06-30,Pizzeria,93904,93904,44898,44898,469522,91,224494,115,49006,49006,3383826,Large
23,2024 Q3,2024-09-30,Pizzeria,91050,91050,41752,41752,455252,92,208763,107,49298,49298,3383826,Large
23,2024 Q4,2024-12-31,Pizzeria,61053,61053,30407,30407,305269,92,152039,107,30646,30646,3383826,Large
23,2025 Q1,2025-03-31,Pizzeria,63240,63240,32555,32555,316204,91,162778,107,30685,30685,3383826,Large
24,2024 Q2,2024-06-30,Pizzeria,106783,106783,50131,50131,533915,91,250656,115,56652,56652,5081902,Large
24,2024 Q3,2024-09-30,Pizzeria,103935,103935,46382,46382,519678,92,231910,111,57553,57553,5081902,Large
24,2024 Q4,2024-12-31,Pizzeria,129452,129452,55784,55784,647261,92,278922,107,73668,73668,5081902,Large
24,2025 Q1,2025-03-31,Pizzeria,131608,131608,57120,57120,658044,91,285600,107,74488,74488,5081902,Large
25,2024 Q2,2024-06-30,Pizzeria,90277,90277,41674,41673,451389,91,215935,115,48603,48604,3785152,Large
25,2024 Q3,2024-09-30,Pizzeria,83340,83340,37116,37116,416704,92,192486,107,46224,46224,3785152,Large
25,2024 Q4,2024-12-31,Pizzeria,98187,98187,42403,42402,490936,92,218784,109,55784,55785,3785152,Large
25,2025 Q1,2025-03-31,Pizzeria,94064,94064,41442,41442,470322,91,213647,107,52622,52622,3785152,Large
26,2024 Q2,2024-06-30,Pizzeria,70148,70148,30416,30416,350743,91,158082,115,39732,39732,3334949,Large
26,2024 Q3,2024-09-30,Pizzeria,68293,68293,28112,28112,341467,92,146331,107,40181,40181,3334949,Large
26,2024 Q4,2024-12-31,Pizzeria,85315,85315,33870,33870,426576,92,175356,109,51445,51445,3334949,Large
26,2025 Q1,2025-03-31,Pizzeria,87331,87331,34917,34917,436656,91,180687,107,52414,52414,3334949,Large
27,2024 Q2,2024-06-30,Pizzeria,57029,57029,27508,27508,285146,91,137540,117,29521,29521,2928164,Large
27,2024 Q3,2024-09-30,Pizzeria,56536,56536,25839,25839,282683,92,129195,107,30697,30697,2928164,Large
27,2024 Q4,2024-12-31,Pizzeria,72244,72244,31725,31725,361223,92,158627,107,40519,40519,2928164,Large
27,2025 Q1,2025-03-31,Pizzeria,75908,75908,33435,33435,379544,91,167178,107,42473,42473,2928164,Large
28,2024 Q2,2024-06-30,Pizzeria,195362,195362,89793,89793,976812,91,448968,115,105569,105569,8982458,Large
28,2024 Q3,2024-09-30,Pizzeria,188145,188145,81895,81895,940729,92,409475,107,106250,106250,8982458,Large
28,2024 Q4,2024-12-31,Pizzeria,231685,231685,98266,98266,1158426,92,491331,107,133419,133419,8982458,Large
28,2025 Q1,2025-03-31,Pizzeria,232712,232712,99692,99692,1163561,91,498460,109,133020,133020,8982458,Large
29,2024 Q2,2024-06-30,Pizzeria,33594,33594,15820,15820,167973,91,81783,115,17774,17774,2148221,Large
29,2024 Q3,2024-09-30,Pizzeria,38203,38203,16791,16791,191018,92,87040,107,21412,21412,2148221,Large
29,2024 Q4,2024-12-31,Pizzeria,47959,47959,19838,19838,239796,92,102379,107,28121,28121,2148221,Large
29,2025 Q1,2025-03-31,Pizzeria,83391,83391,31412,31412,416958,91,162522,107,51979,51979,2148221,Large
30,2024 Q2,2024-06-30,Pizzeria,138135,138135,62022,62022,690675,91,310110,115,76113,76113,6270214,Large
30,2024 Q3,2024-09-30,Pizzeria,133159,133159,56933,56933,665795,92,284669,107,76226,76226,6270214,Large
30,2024 Q4,2024-12-31,Pizzeria,163727,163727,67461,67461,818636,92,337308,107,96266,96266,6270214,Large
30,2025 Q1,2025-03-31,Pizzeria,163779,163779,68149,68149,818899,91,340748,107,95630,95630,6270214,Large
31,2024 Q2,2024-06-30,Pizzeria,49019,49019,24622,24622,245096,91,123111,115,24397,24397,2369282,Large
31,2024 Q3,2024-09-30,Pizzeria,47850,47850,22878,22878,239250,92,114391,107,24972,24972,2369282,Large
31,2024 Q4,2024-12-31,Pizzeria,59534,59534,27277,27277,297670,92,136385,109,32257,32257,2369282,Large
31,2025 Q1,2025-03-31,Pizzeria,60237,60237,27812,27812,301186,91,139060,107,32425,32425,2369282,Large
32,2024 Q2,2024-06-30,Pizzeria,44796,44796,20879,20879,223984,91,104396,117,23917,23917,2180116,Large
32,2024 Q3,2024-09-30,Pizzeria,39303,39303,17894,17894,196517,92,89474,107,21409,21409,2180116,Large
32,2024 Q4,2024-12-31,Pizzeria,79259,79259,31773,31773,396299,92,158868,107,47486,47486,2180116,Large
32,2025 Q1,2025-03-31,Pizzeria,59649,59649,25283,25283,298245,91,126418,107,34366,34366,2180116,Large
33,2024 Q2,2024-06-30,Pizzeria,52203,52203,19852,19852,261017,91,100159,115,32351,32351,2185154,Large
33,2024 Q3,2024-09-30,Pizzeria,49514,49514,17947,17947,247572,92,90580,107,31567,31567,2185154,Large
33,2024 Q4,2024-12-31,Pizzeria,59951,59951,21068,21068,299756,92,106191,107,38883,38883,2185154,Large
33,2025 Q1,2025-03-31,Pizzeria,59079,59079,21008,21008,295396,91,105869,107,38071,38071,2185154,Large
34,2024 Q2,2024-06-30,Pizzeria,55578,55578,24094,24094,277890,91,120474,115,31484,31484,2180480,Large
34,2024 Q3,2024-09-30,Pizzeria,50634,50634,20943,20943,253172,92,104717,107,29691,29691,2180480,Large
34,2024 Q4,2024-12-31,Pizzeria,58824,58824,23747,23747,294120,92,118736,107,35077,35077,2180480,Large
34,2025 Q1,2025-03-31,Pizzeria,55500,55500,22830,22830,277504,91,114154,107,32670,32670,2180480,Large
35,2024 Q2,2024-06-30,Pizzeria,71624,71624,32636,32636,358120,91,164495,115,38988,38988,3421742,Large
35,2024 Q3,2024-09-30,Pizzeria,69865,69865,30359,30359,349326,92,153060,107,39506,39506,3421742,Large
35,2024 Q4,2024-12-31,Pizzeria,87412,87412,36236,36236,437063,92,182502,107,51176,51176,3421742,Large
35,2025 Q1,2025-03-31,Pizzeria,89458,89457,37297,37297,447289,91,187829,107,52161,52160,3421742,Large
36,2024 Q2,2024-06-30,Pizzeria,67147,67147,26461,26461,335736,91,137380,115,40686,40686,2713163,Large
36,2024 Q3,2024-09-30,Pizzeria,62319,62320,23287,23287,311600,92,121090,107,39032,39033,2713163,Large
36,2024 Q4,2024-12-31,Pizzeria,73820,73820,27248,27248,369104,92,140831,107,46572,46572,2713163,Large
36,2025 Q1,2025-03-31,Pizzeria,71120,71120,26672,26672,355604,91,137748,107,44448,44448,2713163,Large
37,2024 Q2,2024-06-30,Pizzeria,55635,55635,25313,25313,278179,91,131944,117,30322,30322,1953871,Large
37,2024 Q3,2024-09-30,Pizzeria,44656,44656,19321,19321,223280,92,100721,107,25335,25335,1953871,Large
37,2024 Q4,2024-12-31,Pizzeria,51353,51353,22127,22127,256769,92,114628,107,29226,29226,1953871,Large
37,2025 Q1,2025-03-31,Pizzeria,47010,47010,20610,20610,235053,91,106624,109,26400,26400,1953871,Large
38,2024 Q2,2024-06-30,Pizzeria,116753,116753,57907,57907,583767,91,289538,115,58846,58846,4864094,Large
38,2024 Q3,2024-09-30,Pizzeria,107145,107145,50845,50845,535726,92,254227,107,56300,56300,4864094,Large
38,2024 Q4,2024-12-31,Pizzeria,125409,125409,58102,58102,627047,92,290513,107,67307,67307,4864094,Large
38,2025 Q1,2025-03-31,Pizzeria,119262,119262,56201,56201,596313,91,281008,109,63061,63061,4864094,Large
39,2024 Q2,2024-06-30,Pizzeria,114530,114530,49730,49730,572654,91,258657,115,64800,64800,5259193,Large
39,2024 Q3,2024-09-30,Pizzeria,110900,110900,45761,45761,554500,92,238376,107,65139,65139,5259193,Large
39,2024 Q4,2024-12-31,Pizzeria,136917,136917,54744,54744,684588,92,283558,109,82173,82173,5259193,Large
39,2025 Q1,2025-03-31,Pizzeria,137487,137487,55500,55500,687439,91,287305,107,81987,81987,5259193,Large
40,2024 Q2,2024-06-30,Pizzeria,46157,46157,21049,21049,230785,91,105247,115,25108,25108,1784746,Large
40,2024 Q3,2024-09-30,Pizzeria,41482,41482,18403,18403,207414,92,92016,107,23079,23079,1784746,Large
40,2024 Q4,2024-12-31,Pizzeria,47476,47476,20371,20371,237380,92,101858,107,27105,27105,1784746,Large
40,2025 Q1,2025-03-31,Pizzeria,44042,44042,19416,19416,220214,91,97081,107,24626,24626,1784746,Large
41,2024 Q2,2024-06-30,Pizzeria,66726,66726,30602,30602,333630,91,153010,115,36124,36124,2188139,Large
41,2024 Q3,2024-09-30,Pizzeria,57274,57274,25251,25250,286370,92,126254,107,32023,32024,2188139,Large
41,2024 Q4,2024-12-31,Pizzeria,49642,49642,21594,21594,248213,92,107971,107,28048,28048,2188139,Large
41,2025 Q1,2025-03-31,Pizzeria,44614,44614,21168,21168,223070,91,105843,107,23446,23446,2188139,Large
42,2024 Q2,2024-06-30,Pizzeria,129562,129562,54514,54514,647812,91,285063,115,75048,75048,5704082,Large
42,2024 Q3,2024-09-30,Pizzeria,123640,123640,49637,49637,618201,92,259962,109,74003,74003,5704082,Large
42,2024 Q4,2024-12-31,Pizzeria,149606,149606,58566,58566,748031,92,304694,107,91040,91040,5704082,Large
42,2025 Q1,2025-03-31,Pizzeria,149578,149577,59115,59115,747889,91,307348,107,90463,90462,5704082,Large
43,2024 Q2,2024-06-30,Pizzeria,44772,44772,22015,22015,223864,91,110077,115,22757,22757,1676240,Large
43,2024 Q3,2024-09-30,Pizzeria,40374,40374,18791,18791,201874,92,93957,107,21583,21583,1676240,Large
43,2024 Q4,2024-12-31,Pizzeria,32673,32673,16379,16379,163369,92,81896,109,16294,16294,1676240,Large
43,2025 Q1,2025-03-31,Pizzeria,50921,50921,23225,23225,254605,91,116128,107,27696,27696,1676240,Large
44,2024 Q2,2024-06-30,Pizzeria,62546,62546,27933,27933,312734,91,140951,115,34613,34613,2212330,Large
44,2024 Q3,2024-09-30,Pizzeria,46717,46717,19505,19505,233587,92,98420,107,27212,27212,2212330,Large
44,2024 Q4,2024-12-31,Pizzeria,54732,54733,23771,23771,273665,92,119787,109,30961,30962,2212330,Large
44,2025 Q1,2025-03-31,Pizzeria,64746,64746,26557,26557,323731,91,133817,107,38189,38189,2212330,Large
45,2024 Q2,2024-06-30,Pizzeria,121398,121398,52337,52337,606993,91,263956,115,69061,69061,5438892,Large
45,2024 Q3,2024-09-30,Pizzeria,116818,116818,47790,47790,584094,92,241106,107,69028,69028,5438892,Large
45,2024 Q4,2024-12-31,Pizzeria,143405,143405,57039,57039,717029,92,287398,107,86366,86366,5438892,Large
45,2025 Q1,2025-03-31,Pizzeria,143239,143239,57599,57599,716195,91,290180,107,85640,85640,5438892,Large
46,2024 Q2,2024-06-30,Pizzeria,53073,53073,26584,26584,265368,91,132920,115,26489,26489,2905722,Large
46,2024 Q3,2024-09-30,Pizzeria,60131,60131,27946,27946,300657,92,139733,107,32185,32185,2905722,Large
46,2024 Q4,2024-12-31,Pizzeria,86267,86267,37572,37572,431336,92,187860,107,48695,48695,2905722,Large
46,2025 Q1,2025-03-31,Pizzeria,85580,85580,37487,37486,427903,91,187434,107,48093,48094,2905722,Large
47,2024 Q2,2024-06-30,Pizzeria,95759,95759,43193,43193,478796,91,215968,115,52566,52566,4388950,Large
47,2024 Q3,2024-09-30,Pizzeria,92618,92618,39745,39745,463090,92,198729,109,52873,52873,4388950,Large
47,2024 Q4,2024-12-31,Pizzeria,114274,114274,47177,47177,571374,92,235889,107,67097,67097,4388950,Large
47,2025 Q1,2025-03-31,Pizzeria,114730,114730,47817,47817,573654,91,239087,109,66913,66913,4388950,Large
48,2024 Q2,2024-06-30,Pizzeria,40601,40601,19133,19133,203006,91,99297,115,21468,21468,2060465,Large
48,2024 Q3,2024-09-30,Pizzeria,56637,56637,23847,23847,283189,92,124337,107,32790,32790,2060465,Large
48,2024 Q4,2024-12-31,Pizzeria,46298,46298,19723,19723,231491,92,101943,107,26575,26575,2060465,Large
48,2025 Q1,2025-03-31,Pizzeria,47478,47478,20774,20774,237392,91,107360,107,26704,26704,2060465,Large
49,2024 Q2,2024-06-30,Pizzeria,61889,61889,29980,29980,309449,91,149902,115,31909,31909,2832359,Large
49,2024 Q3,2024-09-30,Pizzeria,59632,59632,27315,27315,298163,92,136576,107,32317,32317,2832359,Large
49,2024 Q4,2024-12-31,Pizzeria,72246,72246,32283,32284,361232,92,161420,107,39963,39962,2832359,Large
49,2025 Q1,2025-03-31,Pizzeria,71521,71521,32332,32332,357609,91,161661,107,39189,39189,2832359,Large
50,2024 Q2,2024-06-30,Pizzeria,51146,51146,23573,23573,255733,91,118901,117,27573,27573,2396977,Large
50,2024 Q3,2024-09-30,Pizzeria,51810,51810,21296,21296,259052,92,107451,109,30514,30514,2396977,Large
50,2024 Q4,2024-12-31,Pizzeria,50698,50697,21647,21647,253489,92,109044,107,29051,29050,2396977,Large
50,2025 Q1,2025-03-31,Pizzeria,46718,46718,20539,20539,233590,91,103443,109,26179,26179,2396977,Large
51,2024 Q2,2024-06-30,Pizzeria,53713,53713,25052,25052,268566,91,129805,115,28661,28661,1924363,Large
51,2024 Q3,2024-09-30,Pizzeria,31224,31224,15234,15234,156122,92,78667,107,15990,15990,1924363,Large
51,2024 Q4,2024-12-31,Pizzeria,35874,35874,17482,17482,179372,92,89895,107,18392,18392,1924363,Large
51,2025 Q1,2025-03-31,Pizzeria,35559,35559,17524,17524,177796,91,90065,107,18035,18035,1924363,Large
52,2024 Q2,2024-06-30,Pizzeria,153265,153265,71244,71244,766328,91,359119,115,82021,82021,7456356,Large
52,2024 Q3,2024-09-30,Pizzeria,150912,150912,66786,66786,754563,92,336749,107,84126,84126,7456356,Large
52,2024 Q4,2024-12-31,Pizzeria,190006,190006,79652,79652,950031,92,401215,107,110354,110354,7456356,Large
52,2025 Q1,2025-03-31,Pizzeria,195036,195036,82128,82128,975182,91,413653,107,112908,112908,7456356,Large
53,2024 Q2,2024-06-30,Pizzeria,164169,164169,61524,61524,820845,91,318942,115,102645,102645,7448980,Large
53,2024 Q3,2024-09-30,Pizzeria,159278,159278,57139,57139,796392,92,296547,107,102139,102139,7448980,Large
53,2024 Q4,2024-12-31,Pizzeria,198460,198459,67486,67486,992299,92,348689,107,130974,130973,7448980,Large
53,2025 Q1,2025-03-31,Pizzeria,202941,202941,69393,69393,1014706,91,358401,107,133548,133548,7448980,Large
54,2024 Q2,2024-06-30,Pizzeria,57511,57511,25265,25264,287557,91,127454,115,32246,32247,2720101,Large
54,2024 Q3,2024-09-30,Pizzeria,55867,55868,23224,23224,279340,92,117207,107,32643,32644,2720101,Large
54,2024 Q4,2024-12-31,Pizzeria,69702,69702,28221,28221,348513,92,142233,107,41481,41481,2720101,Large
54,2025 Q1,2025-03-31,Pizzeria,71359,71359,29129,29129,356796,91,146794,109,42230,42230,2720101,Large
55,2024 Q2,2024-06-30,Pizzeria,46446,46446,19456,19456,232231,91,101869,115,26990,26990,2068807,Large
55,2024 Q3,2024-09-30,Pizzeria,44255,44255,17672,17672,221277,92,92681,107,26583,26583,2068807,Large
55,2024 Q4,2024-12-31,Pizzeria,54107,54107,20995,20995,270539,92,109375,107,33112,33112,2068807,Large
55,2025 Q1,2025-03-31,Pizzeria,54822,54822,21439,21439,274110,91,111617,107,33383,33383,2068807,Large
56,2024 Q2,2024-06-30,Pizzeria,127587,127587,59171,59171,637935,91,305857,115,68416,68416,5803627,Large
56,2024 Q3,2024-09-30,Pizzeria,121342,121342,54151,54151,606712,92,280165,109,67191,67191,5803627,Large
56,2024 Q4,2024-12-31,Pizzeria,148729,148729,63588,63588,743645,92,327534,107,85141,85141,5803627,Large
56,2025 Q1,2025-03-31,Pizzeria,148555,148555,64166,64166,742776,91,330345,107,84389,84389,5803627,Large
57,2024 Q2,2024-06-30,Pizzeria,44117,44117,20204,20204,220588,91,101023,117,23913,23913,1994767,Large
57,2024 Q3,2024-09-30,Pizzeria,42416,42416,18481,18481,212081,92,92408,107,23935,23935,1994767,Large
57,2024 Q4,2024-12-31,Pizzeria,51435,51435,21631,21631,257177,92,108158,107,29804,29804,1994767,Large
57,2025 Q1,2025-03-31,Pizzeria,52140,52140,22053,22053,260704,91,110266,107,30087,30087,1994767,Large
58,2024 Q2,2024-06-30,Pizzeria,57320,57320,27639,27639,286600,91,138197,115,29681,29681,2635468,Large
58,2024 Q3,2024-09-30,Pizzeria,54924,54924,25138,25138,274622,92,125692,107,29786,29786,2635468,Large
58,2024 Q4,2024-12-31,Pizzeria,68099,68099,30198,30198,340495,92,150990,107,37901,37901,2635468,Large
58,2025 Q1,2025-03-31,Pizzeria,67420,67420,30261,30261,337101,91,151305,107,37159,37159,2635468,Large
59,2024 Q2,2024-06-30,Pizzeria,48065,48065,20022,20022,240325,91,104034,115,28043,28043,2382359,Large
59,2024 Q3,2024-09-30,Pizzeria,48444,48444,18962,18962,242222,92,98713,109,29482,29482,2382359,Large
59,2024 Q4,2024-12-31,Pizzeria,62032,62032,23496,23496,310162,92,121639,107,38536,38536,2382359,Large
59,2025 Q1,2025-03-31,Pizzeria,64456,64456,24581,24581,322282,91,127195,107,39875,39875,2382359,Large
60,2024 Q2,2024-06-30,Pizzeria,96593,96593,45997,45997,482965,91,231822,115,50596,50596,4592153,Large
60,2024 Q3,2024-09-30,Pizzeria,93511,93511,42395,42395,467559,92,213733,107,51116,51116,4592153,Large
60,2024 Q4,2024-12-31,Pizzeria,116008,116008,50645,50645,580043,92,255043,109,65363,65363,4592153,Large
60,2025 Q1,2025-03-31,Pizzeria,117703,117703,51783,51783,588519,91,260745,107,65920,65920,4592153,Large
61,2024 Q2,2024-06-30,Pizzeria,62285,62285,32055,32055,311426,91,160278,115,30230,30230,3493322,Large
61,2024 Q3,2024-09-30,Pizzeria,65128,65128,31561,31561,325643,92,157809,107,33567,33567,3493322,Large
61,2024 Q4,2024-12-31,Pizzeria,86030,86030,38668,38668,430151,92,193341,107,47362,47362,3493322,Large
61,2025 Q1,2025-03-31,Pizzeria,91860,91860,41020,41020,459301,91,205100,109,50840,50840,3493322,Large
62,2024 Q2,2024-06-30,Pizzeria,251346,251346,88321,88321,1256731,91,465269,115,163025,163025,11840343,Large
62,2024 Q3,2024-09-30,Pizzeria,252269,252269,83473,83473,1261347,92,440810,107,168796,168796,11840343,Large
62,2024 Q4,2024-12-31,Pizzeria,321912,321912,103123,103123,1609560,92,540520,107,218789,218789,11840343,Large
62,2025 Q1,2025-03-31,Pizzeria,333513,333513,107454,107454,1667568,91,562885,107,226059,226059,11840343,Large
63,2024 Q2,2024-06-30,Pizzeria,49377,49377,20776,20776,246889,91,103880,115,28601,28601,2290104,Large
63,2024 Q3,2024-09-30,Pizzeria,48475,48475,19446,19447,242376,92,97235,109,29029,29028,2290104,Large
63,2024 Q4,2024-12-31,Pizzeria,60628,60628,23118,23118,303142,92,115590,107,37510,37510,2290104,Large
63,2025 Q1,2025-03-31,Pizzeria,61647,61647,23638,23638,308239,91,118192,107,38009,38009,2290104,Large
64,2024 Q2,2024-06-30,Pizzeria,75360,75360,28873,28873,376800,91,145745,117,46487,46487,3093706,Large
64,2024 Q3,2024-09-30,Pizzeria,80630,80630,28050,28050,403154,92,141677,107,52580,52580,3093706,Large
64,2024 Q4,2024-12-31,Pizzeria,91531,91531,31405,31405,457659,92,158368,109,60126,60126,3093706,Large
64,2025 Q1,2025-03-31,Pizzeria,88088,88088,30629,30629,440441,91,154418,107,57459,57459,3093706,Large
65,2024 Q2,2024-06-30,Pizzeria,51751,51751,21112,21112,258756,91,110648,115,30639,30639,2138370,Large
65,2024 Q3,2024-09-30,Pizzeria,48189,48189,18802,18802,240949,92,98691,107,29387,29387,2138370,Large
65,2024 Q4,2024-12-31,Pizzeria,57282,57282,21856,21856,286410,92,113909,107,35426,35426,2138370,Large
65,2025 Q1,2025-03-31,Pizzeria,55393,55393,21486,21486,276967,91,111876,107,33907,33907,2138370,Large
66,2024 Q2,2024-06-30,Pizzeria,55436,55436,25534,25534,277183,91,127672,115,29902,29902,2635297,Large
66,2024 Q3,2024-09-30,Pizzeria,53776,53776,23524,23524,268883,92,117624,107,30252,30252,2635297,Large
66,2024 Q4,2024-12-31,Pizzeria,66952,66952,28228,28228,334763,92,141141,107,38724,38724,2635297,Large
66,2025 Q1,2025-03-31,Pizzeria,68347,68347,29047,29047,341736,91,145236,107,39300,39300,2635297,Large
67,2024 Q2,2024-06-30,Pizzeria,79314,79314,37953,37953,396573,91,191150,115,41361,41361,3605334,Large
67,2024 Q3,2024-09-30,Pizzeria,86378,86378,37899,37899,431894,92,190972,107,48479,48479,3605334,Large
67,2024 Q4,2024-12-31,Pizzeria,104302,104302,43663,43663,521514,92,219783,107,60639,60639,3605334,Large
67,2025 Q1,2025-03-31,Pizzeria,101062,101062,43449,43449,505312,91,218680,107,57613,57613,3605334,Large
68,2024 Q2,2024-06-30,Pizzeria,85924,85924,34664,34664,429622,91,173323,115,51260,51260,2961229,Large
68,2024 Q3,2024-09-30,Pizzeria,80737,80737,30615,30615,403689,92,153076,107,50122,50122,2961229,Large
68,2024 Q4,2024-12-31,Pizzeria,77275,77275,29324,29324,386375,92,146623,107,47951,47951,2961229,Large
68,2025 Q1,2025-03-31,Pizzeria,58390,58390,23495,23495,291954,91,117477,107,34895,34895,2961229,Large
69,2024 Q2,2024-06-30,Pizzeria,55463,55463,25232,25232,277316,91,127184,115,30231,30231,2402837,Large
69,2024 Q3,2024-09-30,Pizzeria,52236,52237,22693,22693,261185,92,114420,107,29543,29544,2402837,Large
69,2024 Q4,2024-12-31,Pizzeria,62803,62803,26497,26497,314016,92,133441,107,36306,36306,2402837,Large
69,2025 Q1,2025-03-31,Pizzeria,61445,61445,26275,26275,307226,91,132302,109,35170,35170,2402837,Large
70,2024 Q2,2024-06-30,Pizzeria,95757,95757,38882,38882,478789,91,203704,115,56875,56875,3767927,Large
70,2024 Q3,2024-09-30,Pizzeria,87478,87478,34108,34108,437392,92,178930,109,53370,53370,3767927,Large
70,2024 Q4,2024-12-31,Pizzeria,101895,101895,39029,39029,509478,92,203279,107,62866,62866,3767927,Large
70,2025 Q1,2025-03-31,Pizzeria,96390,96390,37674,37674,481954,91,196007,107,58716,58716,3767927,Large
71,2024 Q2,2024-06-30,Pizzeria,127479,127479,60980,60980,637399,91,304904,115,66499,66499,6266314,Large
71,2024 Q3,2024-09-30,Pizzeria,126250,126250,57402,57402,631251,92,287013,107,68848,68848,6266314,Large
71,2024 Q4,2024-12-31,Pizzeria,159195,159195,69135,69135,795979,92,345677,107,90060,90060,6266314,Large
71,2025 Q1,2025-03-31,Pizzeria,163140,163141,71180,71180,815705,91,355904,109,91960,91961,6266314,Large
72,2024 Q2,2024-06-30,Pizzeria,69431,69431,31995,31995,347158,91,165854,115,37436,37436,3345253,Large
72,2024 Q3,2024-09-30,Pizzeria,67560,67560,29758,29758,337801,92,154440,109,37802,37802,3345253,Large
72,2024 Q4,2024-12-31,Pizzeria,84303,84303,35429,35429,421518,92,183015,109,48874,48874,3345253,Large
72,2025 Q1,2025-03-31,Pizzeria,86123,86123,36378,36378,430616,91,187843,107,49745,49745,3345253,Large
73,2024 Q2,2024-06-30,Pizzeria,52223,52223,21251,21251,261119,91,110821,115,30972,30972,2751808,Large
73,2024 Q3,2024-09-30,Pizzeria,60599,60599,22811,22811,302996,92,119315,107,37788,37788,2751808,Large
73,2024 Q4,2024-12-31,Pizzeria,89798,89798,31882,31882,448990,92,165835,107,57916,57916,2751808,Large
73,2025 Q1,2025-03-31,Pizzeria,82477,82477,29689,29689,412389,91,154244,107,52788,52788,2751808,Large
74,2024 Q2,2024-06-30,Pizzeria,230788,230787,97770,97770,1153939,91,488851,115,133018,133017,10059925,Large
74,2024 Q3,2024-09-30,Pizzeria,217811,217811,87766,87766,1089057,92,438834,107,130045,130045,10059925,Large
74,2024 Q4,2024-12-31,Pizzeria,269535,269535,105283,105283,1347679,92,526419,107,164252,164252,10059925,Large
74,2025 Q1,2025-03-31,Pizzeria,266984,266984,105531,105531,1334921,91,527659,107,161453,161453,10059925,Large
75,2024 Q2,2024-06-30,Pizzeria,126615,126615,53433,53433,633075,91,281629,117,73182,73182,5243633,Large
75,2024 Q3,2024-09-30,Pizzeria,103669,103669,42669,42669,518347,92,225003,107,61000,61000,5243633,Large
75,2024 Q4,2024-12-31,Pizzeria,150140,150140,58442,58442,750701,92,306146,107,91698,91698,5243633,Large
75,2025 Q1,2025-03-31,Pizzeria,146232,146232,57125,57125,731163,91,298914,107,89107,89107,5243633,Large
76,2024 Q2,2024-06-30,Pizzeria,57684,57684,25895,25895,288422,91,129477,115,31789,31789,2755467,Large
76,2024 Q3,2024-09-30,Pizzeria,56868,56868,24218,24218,284340,92,121091,107,32650,32650,2755467,Large
76,2024 Q4,2024-12-31,Pizzeria,71416,71416,29221,29221,357081,92,146106,107,42195,42195,2755467,Large
76,2025 Q1,2025-03-31,Pizzeria,72912,72912,30041,30041,364562,91,150208,107,42871,42871,2755467,Large
77,2024 Q2,2024-06-30,Pizzeria,66241,66241,25890,25890,331208,91,134582,117,40351,40351,2549332,Large
77,2024 Q3,2024-09-30,Pizzeria,60334,60334,22450,22450,301673,92,116871,107,37884,37884,2549332,Large
77,2024 Q4,2024-12-31,Pizzeria,70069,70069,25718,25718,350348,92,133057,107,44351,44351,2549332,Large
77,2025 Q1,2025-03-31,Pizzeria,66081,66081,24750,24750,330407,91,127931,107,41331,41331,2549332,Large
78,2024 Q2,2024-06-30,Pizzeria,63206,63206,28120,28120,316032,91,141848,115,35086,35086,3007468,Large
78,2024 Q3,2024-09-30,Pizzeria,61400,61400,25987,25987,307004,92,131132,107,35413,35413,3007468,Large
78,2024 Q4,2024-12-31,Pizzeria,76628,76628,31377,31377,383144,92,158132,107,45251,45251,3007468,Large
78,2025 Q1,2025-03-31,Pizzeria,78531,78531,32342,32342,392657,91,162977,109,46189,46189,3007468,Large
79,2024 Q2,2024-06-30,Pizzeria,52853,52853,23309,23309,264267,91,116546,115,29544,29544,2799109,Large
79,2024 Q3,2024-09-30,Pizzeria,71990,71990,29190,29190,359950,92,145951,107,42800,42800,2799109,Large
79,2024 Q4,2024-12-31,Pizzeria,74535,74535,29640,29640,372677,92,148203,107,44895,44895,2799109,Large
79,2025 Q1,2025-03-31,Pizzeria,61336,61336,25001,25001,306684,91,125006,107,36335,36335,2799109,Large
80,2024 Q2,2024-06-30,Pizzeria,98245,98245,44236,44236,491228,91,221183,117,54009,54009,4601118,Large
80,2024 Q3,2024-09-30,Pizzeria,95269,95269,40912,40912,476349,92,204564,107,54357,54357,4601118,Large
80,2024 Q4,2024-12-31,Pizzeria,118443,118443,48570,48570,592217,92,242853,107,69873,69873,4601118,Large
80,2025 Q1,2025-03-31,Pizzeria,120474,120474,49728,49728,602372,91,248643,107,70746,70746,4601118,Large
81,2024 Q2,2024-06-30,Pizzeria,54471,54471,25347,25347,272358,91,127780,115,29124,29124,2348701,Large
81,2024 Q3,2024-09-30,Pizzeria,55878,55878,24346,24346,279390,92,122778,107,31532,31532,2348701,Large
81,2024 Q4,2024-12-31,Pizzeria,60911,60911,26031,26031,304556,92,131101,107,34880,34880,2348701,Large
81,2025 Q1,2025-03-31,Pizzeria,52189,52189,23342,23342,260948,91,117522,107,28847,28847,2348701,Large
82,2024 Q2,2024-06-30,Pizzeria,62628,62628,29178,29178,313143,91,147126,115,33450,33450,2223582,Large
82,2024 Q3,2024-09-30,Pizzeria,44931,44931,21291,21291,224656,92,107341,107,23640,23640,2223582,Large
82,2024 Q4,2024-12-31,Pizzeria,43918,43918,20599,20599,219593,92,103703,107,23319,23319,2223582,Large
82,2025 Q1,2025-03-31,Pizzeria,55257,55257,26142,26142,276287,91,131648,107,29115,29115,2223582,Large
83,2024 Q2,2024-06-30,Pizzeria,65099,65099,31906,31906,325497,91,159532,115,33193,33193,3559253,Large
83,2024 Q3,2024-09-30,Pizzeria,67709,67709,31271,31271,338549,92,156355,107,36438,36438,3559253,Large
83,2024 Q4,2024-12-31,Pizzeria,89079,89079,38083,38083,445397,92,190419,107,50996,50996,3559253,Large
83,2025 Q1,2025-03-31,Pizzeria,94818,94818,40317,40317,474090,91,201586,107,54501,54501,3559253,Large
84,2024 Q2,2024-06-30,Pizzeria,62596,62596,27800,27800,312980,91,144732,115,34796,34796,3006459,Large
84,2024 Q3,2024-09-30,Pizzeria,60860,60859,25625,25625,304299,92,133632,107,35235,35234,3006459,Large
84,2024 Q4,2024-12-31,Pizzeria,76004,76004,31108,31108,380022,92,161267,107,44896,44896,3006459,Large
84,2025 Q1,2025-03-31,Pizzeria,77907,77907,32117,32117,389538,91,166414,107,45790,45790,3006459,Large
85,2024 Q2,2024-06-30,Pizzeria,207459,207459,88518,88518,1037296,91,464867,115,118941,118941,9473634,Large
85,2024 Q3,2024-09-30,Pizzeria,170410,170410,70195,70195,852053,92,368809,107,100215,100215,9473634,Large
85,2024 Q4,2024-12-31,Pizzeria,248648,248648,99657,99657,1243241,92,520654,107,148991,148991,9473634,Large
85,2025 Q1,2025-03-31,Pizzeria,285514,285514,109610,109610,1427574,91,572531,107,175904,175904,9473634,Large
86,2024 Q2,2024-06-30,Pizzeria,97214,97214,40425,40425,486074,91,210144,115,56789,56789,4541510,Large
86,2024 Q3,2024-09-30,Pizzeria,64945,64945,27674,27674,324727,92,143530,109,37271,37271,4541510,Large
86,2024 Q4,2024-12-31,Pizzeria,153597,153597,57681,57681,767985,92,298988,107,95916,95916,4541510,Large
86,2025 Q1,2025-03-31,Pizzeria,104413,104413,40177,40177,522068,91,207630,107,64236,64236,4541510,Large
87,2024 Q2,2024-06-30,Pizzeria,49792,49792,20528,20528,248964,91,106706,117,29264,29264,2287135,Large
87,2024 Q3,2024-09-30,Pizzeria,31608,31608,14385,14385,158043,92,74646,107,17223,17223,2287135,Large
87,2024 Q4,2024-12-31,Pizzeria,89486,89486,32550,32550,447433,92,168925,107,56936,56936,2287135,Large
87,2025 Q1,2025-03-31,Pizzeria,44522,44522,18448,18448,222612,91,95326,109,26074,26074,2287135,Large
88,2024 Q2,2024-06-30,Pizzeria,74251,74251,31443,31443,371259,91,164840,117,42808,42808,3617678,Large
88,2024 Q3,2024-09-30,Pizzeria,72879,72879,29356,29356,364396,92,154176,107,43523,43523,3617678,Large
88,2024 Q4,2024-12-31,Pizzeria,92108,92108,35426,35426,460540,92,184912,107,56682,56682,3617678,Large
88,2025 Q1,2025-03-31,Pizzeria,95708,95708,36931,36931,478544,91,192687,109,58777,58777,3617678,Large
89,2024 Q2,2024-06-30,Pizzeria,40354,40354,19526,19526,201772,91,98396,115,20828,20828,2409207,Large
89,2024 Q3,2024-09-30,Pizzeria,60608,60608,25491,25491,303043,92,128575,111,35117,35117,2409207,Large
89,2024 Q4,2024-12-31,Pizzeria,81729,81729,32172,32172,408645,92,162095,107,49557,49557,2409207,Large
89,2025 Q1,2025-03-31,Pizzeria,55445,55445,23406,23406,277226,91,117858,107,32039,32039,2409207,Large
90,2024 Q2,2024-06-30,Pizzeria,40146,40146,19599,19599,200734,91,98764,115,20547,20547,2391997,Large
90,2024 Q3,2024-09-30,Pizzeria,67640,67640,27420,27420,338200,92,138359,109,40220,40220,2391997,Large
90,2024 Q4,2024-12-31,Pizzeria,42939,42939,19423,19423,214697,92,97789,107,23516,23516,2391997,Large
90,2025 Q1,2025-03-31,Pizzeria,55204,55204,24404,24404,276022,91,122908,109,30800,30800,2391997,Large
91,2024 Q2,2024-06-30,Pizzeria,243694,243694,96355,96355,1218473,91,503102,115,147339,147339,10523190,Large
91,2024 Q3,2024-09-30,Pizzeria,232055,232055,86745,86745,1160278,92,453767,107,145310,145310,10523190,Large
91,2024 Q4,2024-12-31,Pizzeria,281591,281591,103358,103358,1407955,92,537047,107,178233,178233,10523190,Large
91,2025 Q1,2025-03-31,Pizzeria,281272,281272,104413,104413,1406364,91,542156,107,176859,176859,10523190,Large
92,2024 Q2,2024-06-30,Pizzeria,53400,53400,21070,21070,267000,91,110709,115,32330,32330,2483184,Large
92,2024 Q3,2024-09-30,Pizzeria,52187,52187,19544,19544,260936,92,102893,107,32643,32643,2483184,Large
92,2024 Q4,2024-12-31,Pizzeria,65341,65341,23577,23577,326707,92,123280,107,41764,41764,2483184,Large
92,2025 Q1,2025-03-31,Pizzeria,66872,66872,24294,24294,334360,91,126949,107,42578,42578,2483184,Large
93,2024 Q2,2024-06-30,Pizzeria,229819,229819,104804,104804,1149097,91,524021,115,125015,125015,10242542,Large
93,2024 Q3,2024-09-30,Pizzeria,218378,218378,94906,94905,1091893,92,474529,107,123472,123473,10242542,Large
93,2024 Q4,2024-12-31,Pizzeria,267201,267201,112362,112362,1336006,92,561811,107,154839,154839,10242542,Large
93,2025 Q1,2025-03-31,Pizzeria,264597,264597,112501,112501,1322988,91,562505,107,152096,152096,10242542,Large
94,2024 Q2,2024-06-30,Pizzeria,57611,57611,26276,26276,288058,91,132559,121,31335,31335,2633209,Large
94,2024 Q3,2024-09-30,Pizzeria,42809,42809,19321,19321,214045,92,97475,107,23488,23488,2633209,Large
94,2024 Q4,2024-12-31,Pizzeria,83943,83943,35784,35784,419718,92,180386,107,48159,48159,2633209,Large
94,2025 Q1,2025-03-31,Pizzeria,59886,59886,25319,25319,299432,91,127572,107,34567,34567,2633209,Large
95,2024 Q2,2024-06-30,Pizzeria,241130,241130,103774,103774,1205652,91,540208,115,137356,137356,10790372,Large
95,2024 Q3,2024-09-30,Pizzeria,230847,230847,94293,94293,1154236,92,491661,109,136554,136554,10790372,Large
95,2024 Q4,2024-12-31,Pizzeria,285341,285341,113742,113742,1426708,92,589442,107,171599,171599,10790372,Large
95,2025 Q1,2025-03-31,Pizzeria,281637,281637,113792,113792,1408187,91,589302,109,167845,167845,10790372,Large
96,2024 Q2,2024-06-30,Pizzeria,51462,51462,25144,25144,257310,91,130587,115,26318,26318,3067534,Large
96,2024 Q3,2024-09-30,Pizzeria,58419,58419,27389,27389,292096,92,142599,107,31030,31030,3067534,Large
96,2024 Q4,2024-12-31,Pizzeria,96999,96999,39098,39098,484996,92,202758,107,57901,57901,3067534,Large
96,2025 Q1,2025-03-31,Pizzeria,93742,93742,40370,40370,468713,91,209222,107,53372,53372,3067534,Large
97,2024 Q2,2024-06-30,Pizzeria,111885,111885,49731,49731,559427,91,248657,115,62154,62154,5326324,Large
97,2024 Q3,2024-09-30,Pizzeria,107010,107010,45878,45878,535054,92,229391,107,61132,61132,5326324,Large
97,2024 Q4,2024-12-31,Pizzeria,154852,154852,62004,62004,774263,92,310020,109,92848,92848,5326324,Large
97,2025 Q1,2025-03-31,Pizzeria,157921,157921,63173,63173,789605,91,315869,107,94748,94748,5326324,Large
98,2024 Q2,2024-06-30,Pizzeria,145585,145585,64786,64786,727929,91,323932,115,80799,80799,7464605,Large
98,2024 Q3,2024-09-30,Pizzeria,211689,211689,83623,83623,1058448,92,418115,109,128066,128066,7464605,Large
98,2024 Q4,2024-12-31,Pizzeria,184138,184138,76894,76894,920693,92,384470,107,107244,107244,7464605,Large
98,2025 Q1,2025-03-31,Pizzeria,198805,198805,78364,78364,994027,91,391822,107,120441,120441,7464605,Large
99,2024 Q2,2024-06-30,Pizzeria,61017,61017,33826,33826,305085,91,169133,119,27191,27191,3410266,Large
99,2024 Q3,2024-09-30,Pizzeria,89015,89015,39903,39903,445075,92,199517,107,49112,49112,3410266,Large
99,2024 Q4,2024-12-31,Pizzeria,101792,101792,46869,46869,508964,92,234346,107,54923,54923,3410266,Large
99,2025 Q1,2025-03-31,Pizzeria,74619,74619,35627,35627,373098,91,178137,107,38992,38992,3410266,Large
100,2024 Q2,2024-06-30,Pizzeria,88091,88091,45365,45365,440458,91,228806,117,42726,42726,4316539,Large
100,2024 Q3,2024-09-30,Pizzeria,86088,86088,42132,42132,430443,92,212574,107,43956,43956,4316539,Large
100,2024 Q4,2024-12-31,Pizzeria,107228,107228,50480,50480,536141,92,254385,107,56748,56748,4316539,Large
100,2025 Q1,2025-03-31,Pizzeria,108612,108612,51525,51525,543064,91,259622,107,57087,57087,4316539,Large
101,2024 Q2,2024-06-30,Pizzeria,150632,150632,72155,72155,753160,91,360777,115,78477,78477,6191311,Large
101,2024 Q3,2024-09-30,Pizzeria,116570,116570,56391,56391,582854,92,281958,107,60179,60179,6191311,Large
101,2024 Q4,2024-12-31,Pizzeria,145882,145882,67467,67467,729414,92,337337,109,78415,78415,6191311,Large
101,2025 Q1,2025-03-31,Pizzeria,176637,176637,78696,78696,883185,91,393483,109,97941,97941,6191311,Large
102,2024 Q2,2024-06-30,Pizzeria,101571,101571,45809,45809,507857,91,239507,115,55762,55762,4920064,Large
102,2024 Q3,2024-09-30,Pizzeria,123839,123839,50500,50500,619195,92,264950,107,73339,73339,4920064,Large
102,2024 Q4,2024-12-31,Pizzeria,149413,149413,59073,59073,747069,92,307751,107,90340,90340,4920064,Large
102,2025 Q1,2025-03-31,Pizzeria,116233,116233,48523,48523,581169,91,252147,107,67710,67710,4920064,Large
103,2024 Q2,2024-06-30,Pizzeria,215255,215255,89967,89967,1076275,91,467912,115,125288,125288,10410607,Large
103,2024 Q3,2024-09-30,Pizzeria,214330,214330,84493,84493,1071654,92,440235,107,129837,129837,10410607,Large
103,2024 Q4,2024-12-31,Pizzeria,271535,271535,103975,103975,1357676,92,538616,107,167560,167560,10410607,Large
103,2025 Q1,2025-03-31,Pizzeria,279438,279438,107766,107766,1397193,91,557976,107,171672,171672,10410607,Large
104,2024 Q2,2024-06-30,Pizzeria,59801,59801,25304,25304,299009,91,131722,115,34497,34497,2840592,Large
104,2024 Q3,2024-09-30,Pizzeria,58953,58953,23581,23581,294768,92,122967,107,35372,35372,2840592,Large
104,2024 Q4,2024-12-31,Pizzeria,74023,74023,28784,28784,370117,92,149209,107,45239,45239,2840592,Large
104,2025 Q1,2025-03-31,Pizzeria,75554,75554,29593,29593,377770,91,153329,107,45961,45961,2840592,Large
105,2024 Q2,2024-06-30,Pizzeria,58078,58079,26179,26179,290395,91,135818,115,31899,31900,3053975,Large
105,2024 Q3,2024-09-30,Pizzeria,59514,59514,25239,25239,297574,92,131174,107,34275,34275,3053975,Large
105,2024 Q4,2024-12-31,Pizzeria,77321,77321,31656,31656,386608,92,163660,109,45665,45665,3053975,Large
105,2025 Q1,2025-03-31,Pizzeria,81404,81404,33401,33401,407024,91,172632,107,48003,48003,3053975,Large
106,2024 Q2,2024-06-30,Pizzeria,129907,129907,58334,58334,649537,91,301775,115,71573,71573,5810724,Large
106,2024 Q3,2024-09-30,Pizzeria,122923,122923,53166,53166,614616,92,275295,107,69757,69757,5810724,Large
106,2024 Q4,2024-12-31,Pizzeria,151259,151259,62450,62450,756297,92,321933,107,88809,88809,5810724,Large
106,2025 Q1,2025-03-31,Pizzeria,148014,148014,62051,62051,740073,91,319657,107,85963,85963,5810724,Large
107,2024 Q2,2024-06-30,Pizzeria,57145,57145,23467,23467,285726,91,117335,115,33678,33678,2188338,Large
107,2024 Q3,2024-09-30,Pizzeria,51876,51876,20412,20412,259382,92,102062,107,31464,31464,2188338,Large
107,2024 Q4,2024-12-31,Pizzeria,60025,60025,23052,23052,300128,92,115260,107,36973,36973,2188338,Large
107,2025 Q1,2025-03-31,Pizzeria,56374,56374,22077,22077,281870,91,110388,107,34297,34297,2188338,Large
108,2024 Q2,2024-06-30,Pizzeria,56956,56956,25399,25399,284780,91,128124,115,31557,31557,2533093,Large
108,2024 Q3,2024-09-30,Pizzeria,54789,54789,23266,23266,273945,92,117408,107,31523,31523,2533093,Large
108,2024 Q4,2024-12-31,Pizzeria,66247,66247,27240,27240,331236,92,137283,107,39007,39007,2533093,Large
108,2025 Q1,2025-03-31,Pizzeria,65313,65313,27252,27252,326568,91,137320,109,38061,38061,2533093,Large
109,2024 Q2,2024-06-30,Pizzeria,68392,68392,28671,28671,341960,91,144559,115,39721,39721,2946307,Large
109,2024 Q3,2024-09-30,Pizzeria,64956,64956,25893,25893,324781,92,130596,107,39063,39063,2946307,Large
109,2024 Q4,2024-12-31,Pizzeria,78724,78724,30535,30535,393620,92,153814,107,48189,48189,2946307,Large
109,2025 Q1,2025-03-31,Pizzeria,77627,77628,30468,30469,388140,91,153459,107,47159,47159,2946307,Large
110,2024 Q2,2024-06-30,Pizzeria,54211,54211,26248,26248,271055,91,136415,115,27963,27963,2254528,Large
110,2024 Q3,2024-09-30,Pizzeria,59516,59516,25878,25878,297581,92,134762,107,33638,33638,2254528,Large
110,2024 Q4,2024-12-31,Pizzeria,42329,42329,19732,19732,211648,92,101830,109,22597,22597,2254528,Large
110,2025 Q1,2025-03-31,Pizzeria,61419,61419,27465,27465,307096,91,141996,107,33954,33954,2254528,Large
111,2024 Q2,2024-06-30,Pizzeria,65623,65623,27466,27466,328119,91,137330,115,38157,38157,3015255,Large
111,2024 Q3,2024-09-30,Pizzeria,63897,63897,25358,25358,319488,92,126790,107,38539,38539,3015255,Large
111,2024 Q4,2024-12-31,Pizzeria,79566,79565,30683,30683,397829,92,153415,107,48883,48882,3015255,Large
111,2025 Q1,2025-03-31,Pizzeria,80801,80801,31393,31393,404009,91,156965,107,49408,49408,3015255,Large
112,2024 Q2,2024-06-30,Pizzeria,63924,63924,25931,25931,319622,91,130775,115,37993,37993,1939760,Large
112,2024 Q3,2024-09-30,Pizzeria,40956,40956,16563,16563,204784,92,83526,107,24393,24393,1939760,Large
112,2024 Q4,2024-12-31,Pizzeria,47437,47437,19470,19470,237188,92,98053,107,27967,27967,1939760,Large
112,2025 Q1,2025-03-31,Pizzeria,54328,54328,21401,21401,271641,91,107780,107,32927,32927,1939760,Large
113,2024 Q2,2024-06-30,Pizzeria,116217,116217,51169,51169,581088,91,257969,115,65048,65048,4739181,Large
113,2024 Q3,2024-09-30,Pizzeria,107157,107157,45199,45199,535787,92,227926,107,61958,61958,4739181,Large
113,2024 Q4,2024-12-31,Pizzeria,126085,126085,51792,51792,630428,92,260854,109,74293,74293,4739181,Large
113,2025 Q1,2025-03-31,Pizzeria,120625,120625,50417,50417,603127,91,253882,107,70208,70208,4739181,Large
114,2024 Q2,2024-06-30,Pizzeria,49803,49803,21102,21102,249018,91,110858,115,28701,28701,2483973,Large
114,2024 Q3,2024-09-30,Pizzeria,50121,50121,19973,19973,250607,92,105179,107,30148,30148,2483973,Large
114,2024 Q4,2024-12-31,Pizzeria,64103,64103,24917,24917,320519,92,130242,107,39186,39186,2483973,Large
114,2025 Q1,2025-03-31,Pizzeria,66545,66545,26040,26040,332725,91,136030,107,40505,40505,2483973,Large
115,2024 Q2,2024-06-30,Pizzeria,43399,43399,20305,20305,216999,91,101529,115,23094,23094,1754546,Large
115,2024 Q3,2024-09-30,Pizzeria,36913,36913,17520,17520,184566,92,87601,107,19393,19393,1754546,Large
115,2024 Q4,2024-12-31,Pizzeria,54702,54702,23211,23211,273511,92,116057,107,31491,31491,1754546,Large
115,2025 Q1,2025-03-31,Pizzeria,40425,40425,18569,18569,202127,91,92847,107,21856,21856,1754546,Large
116,2024 Q2,2024-06-30,Pizzeria,39732,39732,19001,19001,198661,91,98641,115,20731,20731,2188889,Large
116,2024 Q3,2024-09-30,Pizzeria,55604,55604,24044,24044,278023,92,125356,107,31560,31560,2188889,Large
116,2024 Q4,2024-12-31,Pizzeria,72461,72461,29758,29758,362305,92,154292,107,42703,42703,2188889,Large
116,2025 Q1,2025-03-31,Pizzeria,49210,49210,21327,21327,246052,91,110236,109,27883,27883,2188889,Large
117,2024 Q2,2024-06-30,Pizzeria,64895,64895,27785,27785,324477,91,138928,115,37110,37110,2840483,Large
117,2024 Q3,2024-09-30,Pizzeria,62643,62643,25351,25351,313217,92,126758,109,37292,37292,2840483,Large
117,2024 Q4,2024-12-31,Pizzeria,75470,75470,29808,29808,377352,92,149044,107,45662,45662,2840483,Large
117,2025 Q1,2025-03-31,Pizzeria,74700,74700,29837,29837,373501,91,149189,107,44863,44863,2840483,Large
118,2024 Q2,2024-06-30,Pizzeria,70769,70769,33409,33409,353847,91,167045,115,37360,37360,3486445,Large
118,2024 Q3,2024-09-30,Pizzeria,69954,69954,31369,31369,349771,92,156849,107,38585,38585,3486445,Large
118,2024 Q4,2024-12-31,Pizzeria,88408,88408,37922,37922,442044,92,189613,107,50486,50486,3486445,Large
118,2025 Q1,2025-03-31,Pizzeria,91080,91079,39247,39247,455399,91,196236,107,51833,51832,3486445,Large
119,2024 Q2,2024-06-30,Pizzeria,45160,45160,22176,22176,225801,91,115141,115,22984,22984,2250098,Large
119,2024 Q3,2024-09-30,Pizzeria,44237,44237,20672,20672,221186,92,107486,107,23565,23565,2250098,Large
119,2024 Q4,2024-12-31,Pizzeria,55543,55543,24964,24964,277717,92,129132,109,30579,30579,2250098,Large
119,2025 Q1,2025-03-31,Pizzeria,57019,57019,25755,25755,285096,91,133172,107,31264,31264,2250098,Large
120,2024 Q2,2024-06-30,Pizzeria,120593,120593,47544,47544,602965,91,248099,117,73049,73049,4252552,Large
120,2024 Q3,2024-09-30,Pizzeria,97293,97293,37412,37412,486465,92,195116,107,59881,59881,4252552,Large
120,2024 Q4,2024-12-31,Pizzeria,101091,101091,39547,39547,505455,92,204855,107,61544,61544,4252552,Large
120,2025 Q1,2025-03-31,Pizzeria,97332,97332,39242,39242,486660,91,203162,107,58090,58090,4252552,Large
121,2024 Q2,2024-06-30,Pizzeria,53699,53699,21291,21291,268499,91,107471,115,32408,32408,2432862,Large
121,2024 Q3,2024-09-30,Pizzeria,62345,62345,22491,22491,311725,92,113602,107,39854,39854,2432862,Large
121,2024 Q4,2024-12-31,Pizzeria,63645,63645,22706,22706,318228,92,114500,107,40939,40939,2432862,Large
121,2025 Q1,2025-03-31,Pizzeria,53636,53636,20174,20174,268182,91,101694,107,33462,33462,2432862,Large
122,2024 Q2,2024-06-30,Pizzeria,48571,48571,22949,22949,242857,91,119399,117,25622,25622,2615582,Large
122,2024 Q3,2024-09-30,Pizzeria,49987,49987,22173,22173,249937,92,115591,109,27814,27814,2615582,Large
122,2024 Q4,2024-12-31,Pizzeria,65179,65179,27827,27827,325898,92,144261,107,37352,37352,2615582,Large
122,2025 Q1,2025-03-31,Pizzeria,68838,68838,29476,29476,344192,91,152757,107,39362,39362,2615582,Large
123,2024 Q2,2024-06-30,Pizzeria,59903,59903,26494,26494,299519,91,138670,115,33409,33409,2336679,Large
123,2024 Q3,2024-09-30,Pizzeria,53991,53991,22805,22805,269959,92,119549,109,31186,31186,2336679,Large
123,2024 Q4,2024-12-31,Pizzeria,62012,62012,25937,25937,310062,92,134965,107,36075,36075,2336679,Large
123,2025 Q1,2025-03-31,Pizzeria,57784,57784,24688,24688,288922,91,128323,107,33096,33096,2336679,Large
124,2024 Q2,2024-06-30,Pizzeria,61976,61976,24457,24457,309884,91,122288,115,37519,37519,3140869,Large
124,2024 Q3,2024-09-30,Pizzeria,63823,63823,23724,23724,319118,92,118623,107,40099,40099,3140869,Large
124,2024 Q4,2024-12-31,Pizzeria,83271,83271,29773,29773,416359,92,148867,107,53498,53498,3140869,Large
124,2025 Q1,2025-03-31,Pizzeria,88000,88000,31522,31522,440000,91,157611,107,56478,56478,3140869,Large
125,2024 Q2,2024-06-30,Pizzeria,69590,69590,34041,34041,347951,91,171499,115,35549,35549,3454723,Large
125,2024 Q3,2024-09-30,Pizzeria,68401,68401,31941,31941,342008,92,160962,109,36460,36460,3454723,Large
125,2024 Q4,2024-12-31,Pizzeria,86168,86168,38179,38179,430840,92,192212,107,47989,47989,3454723,Large
125,2025 Q1,2025-03-31,Pizzeria,88741,88741,39452,39452,443709,91,198608,107,49289,49289,3454723,Large
126,2024 Q2,2024-06-30,Pizzeria,30533,30533,16297,16297,152668,91,82069,117,14236,14236,1849928,Large
126,2024 Q3,2024-09-30,Pizzeria,27229,27229,14632,14632,136148,92,73693,109,12597,12597,1849928,Large
126,2024 Q4,2024-12-31,Pizzeria,34179,34179,16737,16737,170899,92,84221,107,17442,17442,1849928,Large
126,2025 Q1,2025-03-31,Pizzeria,37788,37788,18884,18884,188944,91,95045,107,18904,18904,1849928,Large
127,2024 Q2,2024-06-30,Pizzeria,34561,34561,16592,16592,172805,91,82963,115,17969,17969,2189519,Large
127,2024 Q3,2024-09-30,Pizzeria,34135,34135,15657,15657,170678,92,78288,109,18478,18478,2189519,Large
127,2024 Q4,2024-12-31,Pizzeria,36252,36252,16417,16417,181264,92,82089,107,19835,19835,2189519,Large
127,2025 Q1,2025-03-31,Pizzeria,66823,66823,28284,28284,334116,91,141420,111,38539,38539,2189519,Large
128,2024 Q2,2024-06-30,Pizzeria,63297,63297,28246,28246,316488,91,146838,115,35051,35051,2594093,Large
128,2024 Q3,2024-09-30,Pizzeria,50337,50337,22040,22040,251686,92,114609,107,28297,28297,2594093,Large
128,2024 Q4,2024-12-31,Pizzeria,54791,54791,23964,23964,273959,92,123853,107,30827,30827,2594093,Large
128,2025 Q1,2025-03-31,Pizzeria,62362,62362,27056,27056,311812,91,139866,107,35306,35306,2594093,Large
129,2024 Q2,2024-06-30,Pizzeria,43355,43355,22227,22227,216779,91,111139,115,21128,21128,2820839,Large
129,2024 Q3,2024-09-30,Pizzeria,40896,40896,19361,19361,204480,92,96807,107,21535,21535,2820839,Large
129,2024 Q4,2024-12-31,Pizzeria,57116,57116,26884,26884,285584,92,134420,107,30232,30232,2820839,Large
129,2025 Q1,2025-03-31,Pizzeria,128413,128413,53610,53610,642065,91,268050,107,74803,74803,2820839,Large
130,2024 Q2,2024-06-30,Pizzeria,141336,141336,57568,57568,706684,91,299775,115,83768,83768,7015724,Large
130,2024 Q3,2024-09-30,Pizzeria,142882,142882,54826,54826,714414,92,286037,109,88056,88056,7015724,Large
130,2024 Q4,2024-12-31,Pizzeria,183513,183513,67760,67760,917569,92,351528,107,115753,115753,7015724,Large
130,2025 Q1,2025-03-31,Pizzeria,191273,191273,70920,70920,956367,91,367775,107,120353,120353,7015724,Large
131,2024 Q2,2024-06-30,Pizzeria,51478,51478,22867,22867,257391,91,115349,115,28611,28611,2672040,Large
131,2024 Q3,2024-09-30,Pizzeria,64662,64662,26172,26172,323310,92,132110,107,38490,38490,2672040,Large
131,2024 Q4,2024-12-31,Pizzeria,82804,82804,32123,32123,414022,92,161930,107,50681,50681,2672040,Large
131,2025 Q1,2025-03-31,Pizzeria,64773,64773,26103,26103,323868,91,131532,109,38670,38670,2672040,Large
132,2024 Q2,2024-06-30,Pizzeria,48021,48021,21595,21595,240105,91,112631,117,26426,26426,2360927,Large
132,2024 Q3,2024-09-30,Pizzeria,47157,47157,20040,20040,235786,92,104714,109,27117,27117,2360927,Large
132,2024 Q4,2024-12-31,Pizzeria,59492,59492,24526,24526,297463,92,127374,107,34966,34966,2360927,Large
132,2025 Q1,2025-03-31,Pizzeria,61493,61493,25534,25534,307467,91,132538,107,35959,35959,2360927,Large
133,2024 Q2,2024-06-30,Pizzeria,32324,32324,16117,16117,161624,91,80586,115,16207,16207,2492952,Large
133,2024 Q3,2024-09-30,Pizzeria,56342,56342,25016,25016,281710,92,125082,107,31326,31326,2492952,Large
133,2024 Q4,2024-12-31,Pizzeria,92092,92092,36198,36198,460460,92,180993,107,55894,55894,2492952,Large
133,2025 Q1,2025-03-31,Pizzeria,50238,50238,21574,21574,251192,91,107873,109,28664,28664,2492952,Large
134,2024 Q2,2024-06-30,Pizzeria,46003,46004,21951,21951,230020,91,110721,115,24052,24053,2214152,Large
134,2024 Q3,2024-09-30,Pizzeria,45092,45092,20374,20374,225463,92,102804,109,24718,24718,2214152,Large
134,2024 Q4,2024-12-31,Pizzeria,56311,56311,24608,24608,281558,92,124012,107,31703,31703,2214152,Large
134,2025 Q1,2025-03-31,Pizzeria,57170,57170,25195,25195,285853,91,126953,109,31975,31975,2214152,Large
135,2024 Q2,2024-06-30,Pizzeria,42323,42323,20246,20246,211617,91,106196,117,22077,22077,2327778,Large
135,2024 Q3,2024-09-30,Pizzeria,69968,69968,27532,27532,349844,92,145340,107,42436,42436,2327778,Large
135,2024 Q4,2024-12-31,Pizzeria,55391,55391,23000,23000,276959,92,120026,107,32391,32391,2327778,Large
135,2025 Q1,2025-03-31,Pizzeria,49550,49550,22360,22360,247751,91,116614,109,27190,27190,2327778,Large
136,2024 Q2,2024-06-30,Pizzeria,94513,94513,48200,48200,472569,91,250556,117,46313,46313,4213181,Large
136,2024 Q3,2024-09-30,Pizzeria,88379,88379,42991,42991,441897,92,223789,107,45388,45388,4213181,Large
136,2024 Q4,2024-12-31,Pizzeria,105467,105467,50121,50121,527335,92,259376,107,55346,55346,4213181,Large
136,2025 Q1,2025-03-31,Pizzeria,102372,102371,49453,49453,511859,91,255720,109,52919,52918,4213181,Large
137,2024 Q2,2024-06-30,Pizzeria,94482,94482,47345,47345,472410,91,238481,117,47137,47137,4435383,Large
137,2024 Q3,2024-09-30,Pizzeria,90936,90936,43600,43600,454681,92,219668,107,47336,47336,4435383,Large
137,2024 Q4,2024-12-31,Pizzeria,111663,111663,51379,51379,558315,92,258601,107,60284,60284,4435383,Large
137,2025 Q1,2025-03-31,Pizzeria,111571,111570,51806,51806,557854,91,260720,109,59765,59764,4435383,Large
138,2024 Q2,2024-06-30,Pizzeria,104020,104020,41498,41498,520101,91,216555,117,62522,62522,5085693,Large
138,2024 Q3,2024-09-30,Pizzeria,97893,97893,37486,37486,489467,92,195958,107,60407,60407,5085693,Large
138,2024 Q4,2024-12-31,Pizzeria,145626,145626,52871,52871,728130,92,274912,107,92755,92755,5085693,Large
138,2025 Q1,2025-03-31,Pizzeria,161076,161076,58086,58086,805382,91,301930,107,102990,102990,5085693,Large
139,2024 Q2,2024-06-30,Pizzeria,54243,54243,25274,25274,271217,91,126374,115,28969,28969,2692686,Large
139,2024 Q3,2024-09-30,Pizzeria,53400,53400,23661,23661,267002,92,118305,107,29739,29739,2692686,Large
139,2024 Q4,2024-12-31,Pizzeria,67631,67631,28618,28618,338155,92,143091,107,39013,39013,2692686,Large
139,2025 Q1,2025-03-31,Pizzeria,70322,70322,29861,29861,351611,91,149305,107,40461,40461,2692686,Large
140,2024 Q2,2024-06-30,Pizzeria,57000,57000,26928,26928,285002,91,134643,115,30072,30072,3139541,Large
140,2024 Q3,2024-09-30,Pizzeria,59656,59656,26442,26442,298283,92,132213,109,33214,33214,3139541,Large
140,2024 Q4,2024-12-31,Pizzeria,78861,78861,33469,33469,394305,92,167349,107,45392,45392,3139541,Large
140,2025 Q1,2025-03-31,Pizzeria,84259,84259,35811,35811,421296,91,179058,107,48448,48448,3139541,Large
141,2024 Q2,2024-06-30,Pizzeria,62921,62921,29905,29905,314607,91,149527,117,33016,33016,3431138,Large
141,2024 Q3,2024-09-30,Pizzeria,54407,54407,27742,27742,272036,92,138710,107,26665,26665,3431138,Large
141,2024 Q4,2024-12-31,Pizzeria,102140,102140,40365,40365,510702,92,201825,107,61775,61775,3431138,Large
141,2025 Q1,2025-03-31,Pizzeria,62733,62733,29089,29089,313668,91,145447,107,33644,33644,3431138,Large
142,2024 Q2,2024-06-30,Pizzeria,61789,61789,28867,28867,308949,91,144337,115,32922,32922,2404641,Large
142,2024 Q3,2024-09-30,Pizzeria,38459,38459,18574,18574,192295,92,92871,107,19885,19885,2404641,Large
142,2024 Q4,2024-12-31,Pizzeria,44136,44136,21208,21208,220684,92,106042,107,22928,22928,2404641,Large
142,2025 Q1,2025-03-31,Pizzeria,66907,66907,30064,30064,334535,91,150322,107,36843,36843,2404641,Large
143,2024 Q2,2024-06-30,Pizzeria,75457,75457,32589,32589,377287,91,170230,115,42868,42868,3592436,Large
143,2024 Q3,2024-09-30,Pizzeria,73350,73350,30243,30243,366753,92,158211,109,43107,43107,3592436,Large
143,2024 Q4,2024-12-31,Pizzeria,91598,91598,36045,36045,457993,92,187500,107,55553,55553,3592436,Large
143,2025 Q1,2025-03-31,Pizzeria,93905,93905,37147,37147,469528,91,193143,107,56758,56758,3592436,Large
144,2024 Q2,2024-06-30,Pizzeria,46653,46653,24539,24540,233268,91,122700,115,22114,22113,2477322,Large
144,2024 Q3,2024-09-30,Pizzeria,47242,47242,23492,23492,236213,92,117463,107,23750,23750,2477322,Large
144,2024 Q4,2024-12-31,Pizzeria,60747,60747,28744,28744,303738,92,143721,107,32003,32003,2477322,Large
144,2025 Q1,2025-03-31,Pizzeria,63365,63365,30059,30059,316828,91,150297,107,33306,33306,2477322,Large
145,2024 Q2,2024-06-30,Pizzeria,70160,70160,26673,26673,350801,91,139961,115,43487,43487,2843185,Large
145,2024 Q3,2024-09-30,Pizzeria,65390,65390,23630,23630,326951,92,124226,109,41760,41760,2843185,Large
145,2024 Q4,2024-12-31,Pizzeria,77775,77775,27615,27615,388876,92,144094,109,50160,50160,2843185,Large
145,2025 Q1,2025-03-31,Pizzeria,75237,75237,27148,27148,376186,91,141516,109,48089,48089,2843185,Large
146,2024 Q2,2024-06-30,Pizzeria,53627,53627,22190,22190,268135,91,110952,117,31437,31437,2511578,Large
146,2024 Q3,2024-09-30,Pizzeria,52617,52617,20661,20661,263089,92,103308,107,31956,31956,2511578,Large
146,2024 Q4,2024-12-31,Pizzeria,66130,66130,24924,24925,330654,92,124625,107,41206,41205,2511578,Large
146,2025 Q1,2025-03-31,Pizzeria,67879,67879,25746,25746,339395,91,128731,107,42133,42133,2511578,Large
147,2024 Q2,2024-06-30,Pizzeria,105958,105958,50365,50365,529792,91,262878,115,55593,55593,5650270,Large
147,2024 Q3,2024-09-30,Pizzeria,108416,108416,48459,48459,542081,92,253457,107,59957,59957,5650270,Large
147,2024 Q4,2024-12-31,Pizzeria,140668,140668,60495,60495,703340,92,314528,107,80173,80173,5650270,Large
147,2025 Q1,2025-03-31,Pizzeria,147917,147917,63779,63779,739585,91,331482,107,84138,84138,5650270,Large
148,2024 Q2,2024-06-30,Pizzeria,52137,52137,22629,22629,260688,91,118250,115,29508,29508,3214698,Large
148,2024 Q3,2024-09-30,Pizzeria,54398,54398,22389,22389,271992,92,117219,109,32009,32009,3214698,Large
148,2024 Q4,2024-12-31,Pizzeria,127291,127291,45633,45633,636458,92,238393,109,81658,81658,3214698,Large
148,2025 Q1,2025-03-31,Pizzeria,104978,104978,38242,38242,524890,91,199378,109,66736,66736,3214698,Large
149,2024 Q2,2024-06-30,Pizzeria,61518,61518,34539,34539,307591,91,172697,115,26979,26979,3524479,Large
149,2024 Q3,2024-09-30,Pizzeria,64090,64090,33916,33916,320452,92,169584,107,30174,30174,3524479,Large
149,2024 Q4,2024-12-31,Pizzeria,84415,84415,41465,41465,422075,92,207327,109,42950,42950,3524479,Large
149,2025 Q1,2025-03-31,Pizzeria,89925,89925,43900,43900,449627,91,219500,107,46025,46025,3524479,Large
150,2024 Q2,2024-06-30,Pizzeria,47856,47856,23284,23284,239282,91,116424,115,24572,24572,1977980,Large
150,2024 Q3,2024-09-30,Pizzeria,43870,43870,20486,20486,219354,92,102433,107,23384,23384,1977980,Large
150,2024 Q4,2024-12-31,Pizzeria,51294,51294,23293,23293,256474,92,116469,107,28001,28001,1977980,Large
150,2025 Q1,2025-03-31,Pizzeria,48728,48728,22533,22533,243643,91,112666,107,26195,26195,1977980,Large
151,2024 Q2,2024-06-30,Pizzeria,46638,46638,22424,22424,233193,91,116596,115,24214,24214,2860119,Large
151,2024 Q3,2024-09-30,Pizzeria,90509,90509,37274,37274,452548,92,194836,107,53235,53235,2860119,Large
151,2024 Q4,2024-12-31,Pizzeria,94072,94072,38033,38033,470362,92,197261,107,56039,56039,2860119,Large
151,2025 Q1,2025-03-31,Pizzeria,61593,61593,27249,27249,307968,91,141064,107,34344,34344,2860119,Large
152,2024 Q2,2024-06-30,Pizzeria,63512,63512,25934,25934,317562,91,134944,115,37578,37578,2646173,Large
152,2024 Q3,2024-09-30,Pizzeria,81148,81148,28722,28722,405740,92,149877,107,52426,52426,2646173,Large
152,2024 Q4,2024-12-31,Pizzeria,74502,74502,26861,26861,372512,92,139068,107,47641,47641,2646173,Large
152,2025 Q1,2025-03-31,Pizzeria,63733,63733,24481,24481,318669,91,126566,107,39252,39252,2646173,Large
153,2024 Q2,2024-06-30,Pizzeria,130670,130670,61591,61591,653354,91,318923,115,69079,69079,6400458,Large
153,2024 Q3,2024-09-30,Pizzeria,127332,127332,57095,57095,636663,92,296035,107,70237,70237,6400458,Large
153,2024 Q4,2024-12-31,Pizzeria,159427,159427,68821,68821,797138,92,355111,107,90606,90606,6400458,Large
153,2025 Q1,2025-03-31,Pizzeria,163758,163757,71087,71087,818789,91,366663,107,92671,92670,6400458,Large
154,2024 Q2,2024-06-30,Pizzeria,123515,123515,47808,47808,617577,91,248943,117,75707,75707,5297430,Large
154,2024 Q3,2024-09-30,Pizzeria,117415,117415,43045,43045,587077,92,224529,109,74370,74370,5297430,Large
154,2024 Q4,2024-12-31,Pizzeria,142973,142973,51505,51505,714866,92,266955,107,91468,91468,5297430,Large
154,2025 Q1,2025-03-31,Pizzeria,141324,141325,51569,51569,706625,91,267100,107,89755,89756,5297430,Large
155,2024 Q2,2024-06-30,Pizzeria,145906,145906,59605,59605,729533,91,308786,115,86301,86301,5761715,Large
155,2024 Q3,2024-09-30,Pizzeria,133862,133862,52360,52360,669311,92,271423,107,81502,81502,5761715,Large
155,2024 Q4,2024-12-31,Pizzeria,146931,146931,57516,57516,734657,92,296481,109,89415,89415,5761715,Large
155,2025 Q1,2025-03-31,Pizzeria,122977,122977,51244,51244,614885,91,263707,107,71733,71733,5761715,Large
156,2024 Q2,2024-06-30,Pizzeria,241810,241810,98840,98840,1209052,91,515343,115,142970,142970,10503278,Large
156,2024 Q3,2024-09-30,Pizzeria,228166,228166,88936,88936,1140831,92,464412,107,139230,139230,10503278,Large
156,2024 Q4,2024-12-31,Pizzeria,278352,278352,105564,105564,1391762,92,547841,107,172788,172788,10503278,Large
156,2025 Q1,2025-03-31,Pizzeria,276145,276145,106017,106017,1380726,91,549803,109,170128,170128,10503278,Large
157,2024 Q2,2024-06-30,Pizzeria,68656,68656,27583,27583,343284,91,137918,115,41073,41073,2951737,Large
157,2024 Q3,2024-09-30,Pizzeria,65413,65413,25023,25023,327066,92,125119,107,40390,40390,2951737,Large
157,2024 Q4,2024-12-31,Pizzeria,79213,79213,29435,29435,396066,92,147176,107,49778,49778,2951737,Large
157,2025 Q1,2025-03-31,Pizzeria,79003,79003,29667,29667,395016,91,148338,107,49336,49336,2951737,Large
158,2024 Q2,2024-06-30,Pizzeria,57322,57322,22962,22962,286611,91,119200,115,34360,34360,2773914,Large
158,2024 Q3,2024-09-30,Pizzeria,57423,57423,21693,21693,287119,92,112808,107,35730,35730,2773914,Large
158,2024 Q4,2024-12-31,Pizzeria,73138,73138,26810,26810,365693,92,138651,107,46328,46328,2773914,Large
158,2025 Q1,2025-03-31,Pizzeria,75630,75630,27895,27895,378150,91,144201,107,47735,47735,2773914,Large
159,2024 Q2,2024-06-30,Pizzeria,87254,87254,39545,39545,436274,91,205029,115,47709,47709,5066529,Large
159,2024 Q3,2024-09-30,Pizzeria,104631,104631,42504,42504,523158,92,221107,107,62127,62127,5066529,Large
159,2024 Q4,2024-12-31,Pizzeria,120486,120486,48927,48927,602431,92,252915,107,71559,71559,5066529,Large
159,2025 Q1,2025-03-31,Pizzeria,133841,133841,54296,54296,669208,91,280720,107,79545,79545,5066529,Large
160,2024 Q2,2024-06-30,Pizzeria,51548,51548,24493,24493,257743,91,122465,115,27055,27055,2571765,Large
160,2024 Q3,2024-09-30,Pizzeria,47986,47986,22071,22071,239934,92,110359,107,25915,25915,2571765,Large
160,2024 Q4,2024-12-31,Pizzeria,75447,75447,32697,32697,377238,92,163487,109,42750,42750,2571765,Large
160,2025 Q1,2025-03-31,Pizzeria,78468,78468,33836,33836,392341,91,169183,107,44632,44632,2571765,Large
161,2024 Q2,2024-06-30,Pizzeria,55700,55700,23795,23795,278502,91,120014,117,31905,31905,2442057,Large
161,2024 Q3,2024-09-30,Pizzeria,40285,40285,17827,17827,201426,92,89887,107,22458,22458,2442057,Large
161,2024 Q4,2024-12-31,Pizzeria,54272,54272,22164,22164,271364,92,111655,107,32108,32108,2442057,Large
161,2025 Q1,2025-03-31,Pizzeria,79761,79761,31470,31470,398808,91,158588,107,48291,48291,2442057,Large
162,2024 Q2,2024-06-30,Pizzeria,48245,48245,22057,22057,241227,91,115688,115,26188,26188,2422937,Large
162,2024 Q3,2024-09-30,Pizzeria,48247,48247,20849,20849,241239,92,109581,107,27398,27398,2422937,Large
162,2024 Q4,2024-12-31,Pizzeria,61366,61366,25483,25483,306830,92,133064,107,35883,35883,2422937,Large
162,2025 Q1,2025-03-31,Pizzeria,63383,63383,26441,26441,316917,91,137996,107,36942,36942,2422937,Large
163,2024 Q2,2024-06-30,Pizzeria,48832,48832,22642,22642,244164,91,117675,115,26190,26190,2407034,Large
163,2024 Q3,2024-09-30,Pizzeria,47941,47941,21011,21011,239709,92,109381,107,26930,26930,2407034,Large
163,2024 Q4,2024-12-31,Pizzeria,60367,60367,25758,25758,301839,92,133326,109,34609,34609,2407034,Large
163,2025 Q1,2025-03-31,Pizzeria,62163,62163,26715,26715,310816,91,138213,107,35448,35448,2407034,Large
164,2024 Q2,2024-06-30,Pizzeria,40615,40615,20532,20532,203076,91,102663,115,20083,20083,2196351,Large
164,2024 Q3,2024-09-30,Pizzeria,43280,43280,20115,20115,216402,92,100577,107,23165,23165,2196351,Large
164,2024 Q4,2024-12-31,Pizzeria,72854,72854,30942,30942,364272,92,154712,107,41912,41912,2196351,Large
164,2025 Q1,2025-03-31,Pizzeria,70575,70575,29559,29559,352878,91,147797,107,41016,41016,2196351,Large
165,2024 Q2,2024-06-30,Pizzeria,62646,62646,26898,26898,313233,91,139986,117,35748,35748,2870759,Large
165,2024 Q3,2024-09-30,Pizzeria,60659,60659,24623,24623,303297,92,128371,107,36036,36036,2870759,Large
165,2024 Q4,2024-12-31,Pizzeria,74910,74910,29794,29794,374550,92,154373,107,45116,45116,2870759,Large
165,2025 Q1,2025-03-31,Pizzeria,75261,75261,30246,30246,376309,91,156618,107,45015,45015,2870759,Large
166,2024 Q2,2024-06-30,Pizzeria,53898,53898,22742,22742,269491,91,113711,115,31156,31156,2672858,Large
166,2024 Q3,2024-09-30,Pizzeria,54524,54524,21750,21750,272622,92,108752,107,32774,32774,2672858,Large
166,2024 Q4,2024-12-31,Pizzeria,70049,70049,26692,26692,350248,92,133463,107,43357,43357,2672858,Large
166,2025 Q1,2025-03-31,Pizzeria,73010,73010,27908,27908,365052,91,139540,107,45102,45102,2672858,Large
167,2024 Q2,2024-06-30,Pizzeria,97941,97941,47771,47771,489708,91,238859,115,50170,50170,4343898,Large
167,2024 Q3,2024-09-30,Pizzeria,92432,92432,43191,43191,462164,92,215956,107,49241,49241,4343898,Large
167,2024 Q4,2024-12-31,Pizzeria,111334,111334,50073,50073,556673,92,250368,107,61261,61261,4343898,Large
167,2025 Q1,2025-03-31,Pizzeria,109110,109110,49734,49734,545553,91,248671,107,59376,59376,4343898,Large
168,2024 Q2,2024-06-30,Pizzeria,50537,50537,20973,20973,252689,91,104866,115,29564,29564,2679324,Large
168,2024 Q3,2024-09-30,Pizzeria,52882,52882,20578,20578,264413,92,102892,107,32304,32304,2679324,Large
168,2024 Q4,2024-12-31,Pizzeria,69910,69910,25879,25879,349550,92,129398,107,44031,44031,2679324,Large
168,2025 Q1,2025-03-31,Pizzeria,74713,74713,27689,27689,373566,91,138445,107,47024,47024,2679324,Large
169,2024 Q2,2024-06-30,Pizzeria,51191,51191,21778,21778,255958,91,108890,115,29413,29413,2349670,Large
169,2024 Q3,2024-09-30,Pizzeria,49541,49542,20087,20087,247710,92,100437,107,29454,29455,2349670,Large
169,2024 Q4,2024-12-31,Pizzeria,61446,61446,23908,23908,307232,92,119544,109,37538,37538,2349670,Large
169,2025 Q1,2025-03-31,Pizzeria,62364,62364,24456,24456,311822,91,122280,107,37908,37908,2349670,Large
170,2024 Q2,2024-06-30,Pizzeria,92077,92077,42348,42348,460385,91,211743,115,49729,49729,4445973,Large
170,2024 Q3,2024-09-30,Pizzeria,90954,90954,39610,39610,454773,92,198051,107,51344,51344,4445973,Large
170,2024 Q4,2024-12-31,Pizzeria,114401,114401,47908,47907,572005,92,239539,107,66493,66494,4445973,Large
170,2025 Q1,2025-03-31,Pizzeria,116940,116940,49313,49314,584704,91,246570,107,67627,67626,4445973,Large
171,2024 Q2,2024-06-30,Pizzeria,116695,116695,55135,55135,583477,91,277752,115,61560,61560,5912741,Large
171,2024 Q3,2024-09-30,Pizzeria,114721,114721,52312,52312,573607,92,263598,107,62409,62409,5912741,Large
171,2024 Q4,2024-12-31,Pizzeria,171197,171197,69929,69929,855987,92,352171,107,101268,101268,5912741,Large
171,2025 Q1,2025-03-31,Pizzeria,179563,179563,72757,72757,897816,91,366392,107,106806,106806,5912741,Large
172,2024 Q2,2024-06-30,Pizzeria,53445,53445,22385,22385,267225,91,112852,119,31060,31060,2584910,Large
172,2024 Q3,2024-09-30,Pizzeria,52833,52833,20961,20961,264168,92,105710,109,31872,31872,2584910,Large
172,2024 Q4,2024-12-31,Pizzeria,67043,67043,25595,25595,335218,92,128932,107,41448,41448,2584910,Large
172,2025 Q1,2025-03-31,Pizzeria,69653,69653,26728,26729,348268,91,134630,109,42925,42924,2584910,Large
173,2024 Q2,2024-06-30,Pizzeria,60884,60884,24879,24879,304422,91,130786,115,36005,36005,2479257,Large
173,2024 Q3,2024-09-30,Pizzeria,48960,48960,19861,19861,244802,92,104471,109,29099,29099,2479257,Large
173,2024 Q4,2024-12-31,Pizzeria,44994,44994,18353,18353,224971,92,95666,107,26641,26641,2479257,Large
173,2025 Q1,2025-03-31,Pizzeria,55560,55560,22769,22769,277803,91,118789,107,32791,32791,2479257,Large
174,2024 Q2,2024-06-30,Pizzeria,51587,51587,22525,22525,257937,91,116721,115,29062,29062,2442639,Large
174,2024 Q3,2024-09-30,Pizzeria,52466,52466,22137,22137,262331,92,115041,107,30329,30329,2442639,Large
174,2024 Q4,2024-12-31,Pizzeria,41552,41552,18459,18459,207761,92,95116,109,23093,23093,2442639,Large
174,2025 Q1,2025-03-31,Pizzeria,58613,58613,24430,24430,293069,91,126104,109,34183,34183,2442639,Large
175,2024 Q2,2024-06-30,Pizzeria,48792,48792,21849,21849,243964,91,109247,115,26943,26943,2798539,Large
175,2024 Q3,2024-09-30,Pizzeria,53905,53905,20871,20871,269529,92,104357,107,33034,33034,2798539,Large
175,2024 Q4,2024-12-31,Pizzeria,48771,48771,20171,20171,243856,92,100857,107,28600,28600,2798539,Large
175,2025 Q1,2025-03-31,Pizzeria,84307,84308,33423,33423,421540,91,167118,109,50884,50885,2798539,Large
176,2024 Q2,2024-06-30,Pizzeria,62804,62804,27064,27064,314021,91,135321,117,35740,35740,2952257,Large
176,2024 Q3,2024-09-30,Pizzeria,45087,45087,19269,19270,225438,92,96350,107,25818,25817,2952257,Large
176,2024 Q4,2024-12-31,Pizzeria,59052,59052,24704,24703,295261,92,123519,109,34348,34349,2952257,Large
176,2025 Q1,2025-03-31,Pizzeria,112762,112762,43960,43960,563810,91,219804,107,68802,68802,2952257,Large
177,2024 Q2,2024-06-30,Pizzeria,133590,133590,64870,64870,667952,91,326922,115,68720,68720,6088888,Large
177,2024 Q3,2024-09-30,Pizzeria,126303,126303,58774,58774,631518,92,296276,107,67529,67529,6088888,Large
177,2024 Q4,2024-12-31,Pizzeria,154795,154795,69340,69340,773976,92,349156,109,85455,85455,6088888,Large
177,2025 Q1,2025-03-31,Pizzeria,156384,156384,70488,70488,781920,91,354895,107,85896,85896,6088888,Large
178,2024 Q2,2024-06-30,Pizzeria,49550,49550,19103,19103,247752,91,100504,115,30447,30447,3014854,Large
178,2024 Q3,2024-09-30,Pizzeria,46205,46205,17507,17507,231029,92,92274,107,28698,28698,3014854,Large
178,2024 Q4,2024-12-31,Pizzeria,87039,87039,30352,30352,435197,92,159327,107,56687,56687,3014854,Large
178,2025 Q1,2025-03-31,Pizzeria,116899,116899,37918,37918,584498,91,199008,109,78981,78981,3014854,Large
179,2024 Q2,2024-06-30,Pizzeria,46907,46907,28045,28045,234538,91,141188,115,18862,18862,3595249,Large
179,2024 Q3,2024-09-30,Pizzeria,43253,43253,25925,25925,216265,92,130530,107,17328,17328,3595249,Large
179,2024 Q4,2024-12-31,Pizzeria,113366,113366,53687,53687,566830,92,270425,109,59679,59679,3595249,Large
179,2025 Q1,2025-03-31,Pizzeria,105076,105076,48814,48814,525382,91,245811,109,56262,56262,3595249,Large
180,2024 Q2,2024-06-30,Pizzeria,38854,38854,17161,17160,194274,91,89810,115,21693,21694,2960093,Large
180,2024 Q3,2024-09-30,Pizzeria,53871,53871,20976,20976,269357,92,110300,107,32895,32895,2960093,Large
180,2024 Q4,2024-12-31,Pizzeria,116795,116795,42100,42100,583976,92,220354,107,74695,74695,2960093,Large
180,2025 Q1,2025-03-31,Pizzeria,60800,60800,22506,22506,304002,91,117270,107,38294,38294,2960093,Large
181,2024 Q2,2024-06-30,Pizzeria,49885,49885,23370,23370,249426,91,117797,115,26515,26515,2714630,Large
181,2024 Q3,2024-09-30,Pizzeria,51921,51921,22853,22853,259608,92,115242,107,29068,29068,2714630,Large
181,2024 Q4,2024-12-31,Pizzeria,68342,68342,28650,28650,341711,92,144319,107,39692,39692,2714630,Large
181,2025 Q1,2025-03-31,Pizzeria,72770,72770,30507,30507,363852,91,153665,107,42263,42263,2714630,Large
182,2024 Q2,2024-06-30,Pizzeria,51631,51631,23860,23860,258158,91,119302,115,27771,27771,2693370,Large
182,2024 Q3,2024-09-30,Pizzeria,49246,49246,22023,22023,246231,92,110119,107,27223,27223,2693370,Large
182,2024 Q4,2024-12-31,Pizzeria,73813,73813,30469,30469,369068,92,152347,107,43344,43344,2693370,Large
182,2025 Q1,2025-03-31,Pizzeria,83425,83425,33880,33880,417126,91,169403,107,49545,49545,2693370,Large
183,2024 Q2,2024-06-30,Pizzeria,71100,71100,28648,28648,355503,91,148898,115,42452,42452,2626207,Large
183,2024 Q3,2024-09-30,Pizzeria,48254,48254,19689,19689,241272,92,102249,107,28565,28565,2626207,Large
183,2024 Q4,2024-12-31,Pizzeria,54489,54489,22352,22352,272449,92,115417,107,32137,32137,2626207,Large
183,2025 Q1,2025-03-31,Pizzeria,77349,77349,29988,29988,386746,91,155080,109,47361,47361,2626207,Large
184,2024 Q2,2024-06-30,Pizzeria,49806,49806,21451,21451,249031,91,107255,115,28355,28355,2327715,Large
184,2024 Q3,2024-09-30,Pizzeria,48899,48899,19932,19932,244496,92,99664,107,28967,28967,2327715,Large
184,2024 Q4,2024-12-31,Pizzeria,61161,61161,24091,24091,305807,92,120456,107,37070,37070,2327715,Large
184,2025 Q1,2025-03-31,Pizzeria,62191,62191,24706,24706,310956,91,123532,107,37485,37485,2327715,Large
185,2024 Q2,2024-06-30,Pizzeria,52078,52078,22767,22767,260394,91,114889,115,29311,29311,2669573,Large
185,2024 Q3,2024-09-30,Pizzeria,53156,53156,21889,21889,265780,92,110508,107,31267,31267,2669573,Large
185,2024 Q4,2024-12-31,Pizzeria,68833,68833,27211,27211,344167,92,137200,111,41622,41622,2669573,Large
185,2025 Q1,2025-03-31,Pizzeria,72263,72263,28677,28677,361316,91,144580,107,43586,43586,2669573,Large
186,2024 Q2,2024-06-30,Pizzeria,116882,116882,55374,55374,584413,91,276873,115,61508,61508,5163100,Large
186,2024 Q3,2024-09-30,Pizzeria,110532,110532,49729,49729,552661,92,248649,107,60803,60803,5163100,Large
186,2024 Q4,2024-12-31,Pizzeria,133447,133447,58634,58634,667238,92,293171,107,74813,74813,5163100,Large
186,2025 Q1,2025-03-31,Pizzeria,131136,131136,58349,58349,655684,91,291749,107,72787,72787,5163100,Large
187,2024 Q2,2024-06-30,Pizzeria,97868,97868,35224,35224,489343,91,182815,117,62644,62644,4488562,Large
187,2024 Q3,2024-09-30,Pizzeria,116314,116314,38081,38081,581571,92,198189,107,78233,78233,4488562,Large
187,2024 Q4,2024-12-31,Pizzeria,142559,142559,45023,45023,712798,92,232989,107,97536,97536,4488562,Large
187,2025 Q1,2025-03-31,Pizzeria,116163,116163,38345,38345,580817,91,198075,107,77818,77818,4488562,Large
188,2024 Q2,2024-06-30,Pizzeria,70200,70200,29169,29169,351004,91,150941,115,41031,41031,3470000,Large
188,2024 Q3,2024-09-30,Pizzeria,47944,47944,21610,21610,239724,92,111621,107,26334,26334,3470000,Large
188,2024 Q4,2024-12-31,Pizzeria,139906,139906,49380,49380,699532,92,255419,109,90526,90526,3470000,Large
188,2025 Q1,2025-03-31,Pizzeria,126167,126167,45359,45359,630837,91,234369,107,80808,80808,3470000,Large
189,2024 Q2,2024-06-30,Pizzeria,62961,62961,25044,25044,314805,91,126418,115,37917,37917,2781596,Large
189,2024 Q3,2024-09-30,Pizzeria,60824,60824,22925,22925,304121,92,115767,111,37899,37899,2781596,Large
189,2024 Q4,2024-12-31,Pizzeria,74939,74939,27446,27446,374696,92,138399,107,47493,47493,2781596,Large
189,2025 Q1,2025-03-31,Pizzeria,75110,75110,27793,27793,375552,91,140129,107,47317,47317,2781596,Large
190,2024 Q2,2024-06-30,Pizzeria,66520,66520,26411,26411,332601,91,133303,115,40109,40109,2717313,Large
190,2024 Q3,2024-09-30,Pizzeria,62160,62160,23465,23465,310802,92,118475,109,38695,38695,2717313,Large
190,2024 Q4,2024-12-31,Pizzeria,74150,74150,27295,27295,370752,92,137620,107,46855,46855,2717313,Large
190,2025 Q1,2025-03-31,Pizzeria,71967,71967,26890,26890,359838,91,135553,107,45077,45077,2717313,Large
191,2024 Q2,2024-06-30,Pizzeria,43596,43596,21120,21120,217981,91,105601,115,22476,22476,2435135,Large
191,2024 Q3,2024-09-30,Pizzeria,81957,81957,32084,32084,409788,92,160424,107,49873,49873,2435135,Large
191,2024 Q4,2024-12-31,Pizzeria,82826,82826,32527,32527,414133,92,162636,107,50299,50299,2435135,Large
191,2025 Q1,2025-03-31,Pizzeria,52369,52369,21873,21873,261848,91,109367,107,30496,30496,2435135,Large
192,2024 Q2,2024-06-30,Pizzeria,102633,102633,46390,46390,513169,91,231953,119,56243,56243,5248708,Large
192,2024 Q3,2024-09-30,Pizzeria,104246,104246,44387,44387,521232,92,221939,109,59859,59859,5248708,Large
192,2024 Q4,2024-12-31,Pizzeria,134431,134431,55237,55237,672159,92,276189,107,79194,79194,5248708,Large
192,2025 Q1,2025-03-31,Pizzeria,140616,140616,58109,58109,703082,91,290545,107,82507,82507,5248708,Large
193,2024 Q2,2024-06-30,Pizzeria,106832,106832,55471,55471,534161,91,279207,115,51361,51361,5972183,Large
193,2024 Q3,2024-09-30,Pizzeria,134854,134854,62628,62628,674273,92,315448,107,72226,72226,5972183,Large
193,2024 Q4,2024-12-31,Pizzeria,186074,186074,79090,79090,930373,92,398064,107,106984,106984,5972183,Large
193,2025 Q1,2025-03-31,Pizzeria,145640,145640,65842,65842,728202,91,331224,107,79798,79798,5972183,Large
194,2024 Q2,2024-06-30,Pizzeria,53159,53159,25626,25626,265798,91,129189,115,27533,27533,2526239,Large
194,2024 Q3,2024-09-30,Pizzeria,51462,51462,23628,23627,257314,92,119153,107,27834,27835,2526239,Large
194,2024 Q4,2024-12-31,Pizzeria,63775,63774,28068,28068,318874,92,141388,107,35707,35706,2526239,Large
194,2025 Q1,2025-03-31,Pizzeria,64551,64551,28649,28649,322756,91,144297,107,35902,35902,2526239,Large
195,2024 Q2,2024-06-30,Pizzeria,117064,117064,62181,62181,585324,91,310907,117,54883,54883,6325821,Large
195,2024 Q3,2024-09-30,Pizzeria,119220,119220,59728,59728,596103,92,298642,109,59492,59492,6325821,Large
195,2024 Q4,2024-12-31,Pizzeria,154100,154100,74013,74013,770501,92,370069,107,80087,80087,6325821,Large
195,2025 Q1,2025-03-31,Pizzeria,161529,161529,77828,77828,807645,91,389140,109,83701,83701,6325821,Large
196,2024 Q2,2024-06-30,Pizzeria,79608,79607,34554,34554,398039,91,179720,115,45054,45053,2777625,Large
196,2024 Q3,2024-09-30,Pizzeria,65493,65493,26896,26896,327465,92,140070,109,38597,38597,2777625,Large
196,2024 Q4,2024-12-31,Pizzeria,61214,61214,25809,25809,306071,92,133396,107,35405,35405,2777625,Large
196,2025 Q1,2025-03-31,Pizzeria,60829,60829,25772,25772,304146,91,133099,109,35057,35057,2777625,Large
197,2024 Q2,2024-06-30,Pizzeria,140610,140610,64353,64353,703053,91,321767,115,76257,76257,6743554,Large
197,2024 Q3,2024-09-30,Pizzeria,138545,138545,60360,60360,692729,92,301803,107,78185,78185,6743554,Large
197,2024 Q4,2024-12-31,Pizzeria,173897,173897,72265,72265,869489,92,361325,107,101632,101632,6743554,Large
197,2025 Q1,2025-03-31,Pizzeria,177449,177449,74171,74171,887245,91,370856,109,103278,103278,6743554,Large
198,2024 Q2,2024-06-30,Pizzeria,53903,53903,23160,23160,269517,91,120171,115,30743,30743,2364947,Large
198,2024 Q3,2024-09-30,Pizzeria,56236,56236,22488,22488,281183,92,116898,109,33748,33748,2364947,Large
198,2024 Q4,2024-12-31,Pizzeria,60567,60567,23979,23979,302837,92,123876,107,36588,36588,2364947,Large
198,2025 Q1,2025-03-31,Pizzeria,53011,53011,21942,21942,265059,91,113200,107,31069,31069,2364947,Large
199,2024 Q2,2024-06-30,Pizzeria,56676,56676,25873,25873,283383,91,130486,115,30803,30803,2200383,Large
199,2024 Q3,2024-09-30,Pizzeria,39553,39553,18141,18141,197768,92,91480,109,21412,21412,2200383,Large
199,2024 Q4,2024-12-31,Pizzeria,50437,50437,21978,21978,252185,92,110710,109,28459,28459,2200383,Large
199,2025 Q1,2025-03-31,Pizzeria,41971,41971,19531,19531,209855,91,98353,109,22440,22440,2200383,Large
200,2024 Q2,2024-06-30,Pizzeria,46083,46083,18781,18781,230419,91,98241,115,27302,27302,2244911,Large
200,2024 Q3,2024-09-30,Pizzeria,49734,49734,19078,19078,248672,92,100041,107,30656,30656,2244911,Large
200,2024 Q4,2024-12-31,Pizzeria,49455,49455,18828,18828,247276,92,97938,107,30627,30627,2244911,Large
200,2025 Q1,2025-03-31,Pizzeria,62694,62694,23575,23575,313470,91,122762,107,39119,39119,2244911,Large
201,2024 Q2,2024-06-30,Pizzeria,103838,103838,43630,43630,519191,91,219948,115,60208,60208,4525928,Large
201,2024 Q3,2024-09-30,Pizzeria,99124,99124,39663,39663,495621,92,200007,107,59461,59461,4525928,Large
201,2024 Q4,2024-12-31,Pizzeria,119670,119670,46562,46562,598352,92,234516,107,73108,73108,4525928,Large
201,2025 Q1,2025-03-31,Pizzeria,120244,120244,47177,47177,601220,91,237585,107,73067,73067,4525928,Large
202,2024 Q2,2024-06-30,Pizzeria,131870,131870,60731,60731,659350,91,303656,115,71139,71139,5985595,Large
202,2024 Q3,2024-09-30,Pizzeria,111927,111927,51057,51057,559638,92,255288,107,60870,60870,5985595,Large
202,2024 Q4,2024-12-31,Pizzeria,171473,171473,72157,72157,857366,92,360789,107,99316,99316,5985595,Large
202,2025 Q1,2025-03-31,Pizzeria,175896,175896,73674,73674,879484,91,368372,107,102222,102222,5985595,Large
203,2024 Q2,2024-06-30,Cafe,469157,469157,153992,153992,2345786,91,817354,157,315165,315165,18450938,Large
203,2024 Q3,2024-09-30,Cafe,439179,439179,134951,134951,2195899,92,719823,146,304228,304228,18450938,Large
203,2024 Q4,2024-12-31,Cafe,479715,479715,147036,147036,2398575,92,782558,146,332679,332679,18450938,Large
203,2025 Q1,2025-03-31,Cafe,475243,475243,148286,148286,2376219,91,786198,146,326957,326957,18450938,Large
204,2024 Q2,2024-06-30,Cafe,96350,96351,37782,37782,481755,91,188911,157,58568,58569,4201828,Large
204,2024 Q3,2024-09-30,Cafe,93589,93589,34609,34609,467946,92,173049,146,58980,58980,4201828,Large
204,2024 Q4,2024-12-31,Cafe,104192,104192,38211,38211,520960,92,191058,146,65981,65981,4201828,Large
204,2025 Q1,2025-03-31,Cafe,106084,106084,39283,39283,530421,91,196418,146,66801,66801,4201828,Large
205,2024 Q2,2024-06-30,Cafe,100490,100490,32536,32536,502453,91,171610,157,67954,67954,3570317,Large
205,2024 Q3,2024-09-30,Cafe,91109,91109,27810,27810,455546,92,147286,146,63299,63299,3570317,Large
205,2024 Q4,2024-12-31,Cafe,94574,94574,28943,28943,472872,92,153029,146,65631,65631,3570317,Large
205,2025 Q1,2025-03-31,Cafe,89639,89639,28018,28018,448195,91,147592,146,61621,61621,3570317,Large
206,2024 Q2,2024-06-30,Cafe,98924,98924,36930,36930,494623,91,191318,157,61994,61994,4890680,Large
206,2024 Q3,2024-09-30,Cafe,101854,101854,35503,35503,509270,92,184364,148,66351,66351,4890680,Large
206,2024 Q4,2024-12-31,Cafe,119410,119410,41425,41425,597050,92,214043,146,77985,77985,4890680,Large
206,2025 Q1,2025-03-31,Cafe,127353,127353,44561,44561,636765,91,230058,146,82792,82792,4890680,Large
207,2024 Q2,2024-06-30,Cafe,113978,113978,35475,35475,569893,91,199518,157,78503,78503,4604614,Large
207,2024 Q3,2024-09-30,Cafe,108586,108586,31515,31515,542932,92,178832,146,77071,77071,4604614,Large
207,2024 Q4,2024-12-31,Cafe,118629,118629,34477,34476,593149,92,193616,146,84152,84153,4604614,Large
207,2025 Q1,2025-03-31,Cafe,118575,118575,35168,35168,592879,91,196367,146,83407,83407,4604614,Large
208,2024 Q2,2024-06-30,Cafe,105608,105608,37473,37473,528041,91,189901,157,68135,68135,4352835,Large
208,2024 Q3,2024-09-30,Cafe,101177,101177,33879,33879,505888,92,171821,146,67298,67298,4352835,Large
208,2024 Q4,2024-12-31,Cafe,111125,111125,36861,36861,555628,92,186599,148,74264,74264,4352835,Large
208,2025 Q1,2025-03-31,Cafe,111640,111640,37480,37480,558200,91,189669,146,74160,74160,4352835,Large
209,2024 Q2,2024-06-30,Cafe,482748,482748,167315,167315,2413741,91,875132,157,315433,315433,19527365,Large
209,2024 Q3,2024-09-30,Cafe,557145,557144,176046,176046,2785724,92,923915,146,381099,381098,19527365,Large
209,2024 Q4,2024-12-31,Cafe,496208,496208,158758,158758,2481041,92,827214,146,337450,337450,19527365,Large
209,2025 Q1,2025-03-31,Cafe,376433,376433,123347,123347,1882167,91,641360,146,253086,253086,19527365,Large
210,2024 Q2,2024-06-30,Cafe,88579,88579,32715,32715,442898,91,164511,157,55864,55864,4117250,Large
210,2024 Q3,2024-09-30,Cafe,89102,89102,30907,30907,445513,92,155470,148,58195,58195,4117250,Large
210,2024 Q4,2024-12-31,Cafe,102395,102395,35046,35046,511977,92,176158,146,67349,67349,4117250,Large
210,2025 Q1,2025-03-31,Cafe,107326,107327,37012,37012,536635,91,186017,146,70314,70315,4117250,Large
211,2024 Q2,2024-06-30,Cafe,105113,105114,38711,38711,525570,91,204361,157,66402,66403,3302151,Large
211,2024 Q3,2024-09-30,Cafe,70736,70736,24606,24606,353682,92,130168,146,46130,46130,3302151,Large
211,2024 Q4,2024-12-31,Cafe,53530,53530,20086,20086,267653,92,105201,148,33444,33444,3302151,Large
211,2025 Q1,2025-03-31,Cafe,81472,81472,30740,30740,407362,91,161190,146,50732,50732,3302151,Large
212,2024 Q2,2024-06-30,Cafe,259817,259817,94020,94020,1299087,91,472524,157,165797,165797,9257700,Large
212,2024 Q3,2024-09-30,Cafe,186741,186741,66696,66696,933707,92,335214,146,120045,120045,9257700,Large
212,2024 Q4,2024-12-31,Cafe,149698,149698,55862,55862,748492,92,280499,146,93836,93836,9257700,Large
212,2025 Q1,2025-03-31,Cafe,309667,309666,106854,106854,1548334,91,536790,146,202813,202812,9257700,Large
213,2024 Q2,2024-06-30,Cafe,171956,171956,65831,65831,859781,91,335560,159,106125,106125,6852712,Large
213,2024 Q3,2024-09-30,Cafe,129538,129538,47561,47561,647693,92,242579,148,81977,81977,6852712,Large
213,2024 Q4,2024-12-31,Cafe,128299,128299,49014,49014,641495,92,249307,148,79285,79285,6852712,Large
213,2025 Q1,2025-03-31,Cafe,210449,210449,74937,74937,1052246,91,381242,148,135512,135512,6852712,Large
214,2024 Q2,2024-06-30,Cafe,112345,112345,46109,46109,561728,91,231742,157,66236,66236,4475861,Large
214,2024 Q3,2024-09-30,Cafe,104544,104544,40374,40374,522720,92,202985,146,64170,64170,4475861,Large
214,2024 Q4,2024-12-31,Cafe,111542,111542,42898,42898,557710,92,215518,146,68644,68644,4475861,Large
214,2025 Q1,2025-03-31,Cafe,108851,108851,42516,42516,544259,91,213565,146,66335,66335,4475861,Large
215,2024 Q2,2024-06-30,Cafe,207237,207237,78967,78967,1036186,91,402677,157,128270,128270,7635057,Large
215,2024 Q3,2024-09-30,Cafe,188036,188036,67862,67862,940180,92,346426,148,120174,120174,7635057,Large
215,2024 Q4,2024-12-31,Cafe,195377,195377,70565,70565,976888,92,359193,146,124812,124812,7635057,Large
215,2025 Q1,2025-03-31,Cafe,185404,185404,68224,68224,927023,91,347061,146,117180,117180,7635057,Large
216,2024 Q2,2024-06-30,Cafe,79451,79451,31310,31310,397258,91,163553,157,48141,48141,4142592,Large
216,2024 Q3,2024-09-30,Cafe,66743,66743,26088,26088,333715,92,136528,150,40655,40655,4142592,Large
216,2024 Q4,2024-12-31,Cafe,130234,130234,46116,46116,651174,92,240398,148,84118,84118,4142592,Large
216,2025 Q1,2025-03-31,Cafe,86263,86263,33082,33082,431317,91,172039,146,53181,53181,4142592,Large
217,2024 Q2,2024-06-30,Cafe,106440,106440,39994,39994,532204,91,199971,157,66446,66446,4462257,Large
217,2024 Q3,2024-09-30,Cafe,101487,101487,35896,35896,507439,92,179483,146,65591,65591,4462257,Large
217,2024 Q4,2024-12-31,Cafe,111446,111446,39177,39177,557234,92,195885,148,72269,72269,4462257,Large
217,2025 Q1,2025-03-31,Cafe,112593,112593,40078,40078,562965,91,200393,146,72515,72515,4462257,Large
218,2024 Q2,2024-06-30,Cafe,282529,282529,90592,90592,1412649,91,482478,157,191937,191937,12012078,Large
218,2024 Q3,2024-09-30,Cafe,273858,273858,82268,82268,1369290,92,440356,146,191590,191590,12012078,Large
218,2024 Q4,2024-12-31,Cafe,305871,305871,90811,90811,1529357,92,484859,146,215060,215060,12012078,Large
218,2025 Q1,2025-03-31,Cafe,313980,313980,94634,94633,1569903,91,503428,146,219346,219347,12012078,Large
219,2024 Q2,2024-06-30,Cafe,89536,89536,36790,36790,447680,91,184948,159,52746,52746,3875722,Large
219,2024 Q3,2024-09-30,Cafe,86178,86178,33329,33329,430891,92,167605,146,52849,52849,3875722,Large
219,2024 Q4,2024-12-31,Cafe,95104,95104,36533,36533,475522,92,183575,148,58571,58571,3875722,Large
219,2025 Q1,2025-03-31,Cafe,96017,96017,37336,37336,480086,91,187583,148,58681,58681,3875722,Large
220,2024 Q2,2024-06-30,Cafe,119613,119613,46319,46319,598069,91,234547,157,73294,73294,5180135,Large
220,2024 Q3,2024-09-30,Cafe,114963,114963,42201,42201,574818,92,213840,146,72762,72762,5180135,Large
220,2024 Q4,2024-12-31,Cafe,127338,127338,46197,46197,636692,92,233691,146,81141,81141,5180135,Large
220,2025 Q1,2025-03-31,Cafe,129784,129784,47529,47529,648921,91,240357,146,82255,82255,5180135,Large
221,2024 Q2,2024-06-30,Cafe,147974,147974,57646,57646,739873,91,288232,157,90328,90328,4926972,Large
221,2024 Q3,2024-09-30,Cafe,63365,63365,24155,24155,316828,92,120776,146,39210,39210,4926972,Large
221,2024 Q4,2024-12-31,Cafe,121384,121384,46133,46133,606924,92,230669,146,75251,75251,4926972,Large
221,2025 Q1,2025-03-31,Cafe,127151,127151,46840,46840,635759,91,234203,146,80311,80311,4926972,Large
222,2024 Q2,2024-06-30,Cafe,198577,198577,81004,81004,992889,91,407157,157,117573,117573,8697500,Large
222,2024 Q3,2024-09-30,Cafe,190963,190963,73569,73569,954819,92,369895,146,117394,117394,8697500,Large
222,2024 Q4,2024-12-31,Cafe,211539,211539,80708,80708,1057696,92,405498,146,130831,130831,8697500,Large
222,2025 Q1,2025-03-31,Cafe,215460,215460,83047,83047,1077301,91,417198,146,132413,132413,8697500,Large
223,2024 Q2,2024-06-30,Cafe,94151,94151,39264,39264,470755,91,196323,157,54887,54887,5355282,Large
223,2024 Q3,2024-09-30,Cafe,108927,108927,43398,43398,544638,92,216990,146,65529,65529,5355282,Large
223,2024 Q4,2024-12-31,Cafe,171745,171744,61431,61431,858724,92,307157,146,110314,110313,5355282,Large
223,2025 Q1,2025-03-31,Cafe,130197,130197,49417,49417,650985,91,247088,146,80780,80780,5355282,Large
224,2024 Q2,2024-06-30,Cafe,65268,65268,25643,25643,326342,91,134002,157,39625,39625,5448769,Large
224,2024 Q3,2024-09-30,Cafe,128328,128328,43740,43740,641643,92,230765,146,84588,84588,5448769,Large
224,2024 Q4,2024-12-31,Cafe,173452,173452,54246,54246,867262,92,286140,148,119206,119206,5448769,Large
224,2025 Q1,2025-03-31,Cafe,153716,153716,51351,51351,768581,91,269841,146,102365,102365,5448769,Large
225,2024 Q2,2024-06-30,Cafe,111870,111870,37956,37956,559353,91,199760,159,73914,73914,4321927,Large
225,2024 Q3,2024-09-30,Cafe,104359,104359,33343,33343,521797,92,176018,146,71016,71016,4321927,Large
225,2024 Q4,2024-12-31,Cafe,111659,111659,35807,35807,558296,92,187611,148,75852,75852,4321927,Large
225,2025 Q1,2025-03-31,Cafe,109315,109315,35626,35626,546577,91,186388,146,73689,73689,4321927,Large
226,2024 Q2,2024-06-30,Cafe,120798,120798,49725,49725,603993,91,258209,161,71073,71073,5314851,Large
226,2024 Q3,2024-09-30,Cafe,146405,146405,53466,53466,732029,92,278390,146,92939,92939,5314851,Large
226,2024 Q4,2024-12-31,Cafe,120797,120797,46415,46415,603987,92,240092,146,74382,74382,5314851,Large
226,2025 Q1,2025-03-31,Cafe,153820,153820,57885,57885,769102,91,299417,146,95935,95935,5314851,Large
227,2024 Q2,2024-06-30,Cafe,165931,165931,61059,61059,829655,91,309218,157,104872,104872,6214776,Large
227,2024 Q3,2024-09-30,Cafe,165332,165332,55354,55354,826660,92,280545,148,109978,109978,6214776,Large
227,2024 Q4,2024-12-31,Cafe,159923,159923,56612,56612,799615,92,286338,146,103311,103311,6214776,Large
227,2025 Q1,2025-03-31,Cafe,195773,195773,66856,66856,978866,91,338128,148,128917,128917,6214776,Large
228,2024 Q2,2024-06-30,Cafe,97753,97753,34954,34954,488769,91,185167,157,62799,62799,4687847,Large
228,2024 Q3,2024-09-30,Cafe,99563,99563,33144,33144,497819,92,176473,146,66419,66419,4687847,Large
228,2024 Q4,2024-12-31,Cafe,115648,115648,37866,37866,578241,92,201340,148,77782,77782,4687847,Large
228,2025 Q1,2025-03-31,Cafe,122351,122351,40554,40554,611756,91,214886,146,81797,81797,4687847,Large
229,2024 Q2,2024-06-30,Cafe,116537,116537,47273,47273,582685,91,244917,157,69264,69264,5098650,Large
229,2024 Q3,2024-09-30,Cafe,112488,112488,42799,42799,562443,92,222237,148,69689,69689,5098650,Large
229,2024 Q4,2024-12-31,Cafe,124446,124446,47305,47305,622233,92,244381,146,77141,77141,5098650,Large
229,2025 Q1,2025-03-31,Cafe,125905,125905,48503,48503,629525,91,250330,146,77402,77402,5098650,Large
230,2024 Q2,2024-06-30,Cafe,119740,119740,40373,40373,598701,91,213676,157,79367,79367,5646209,Large
230,2024 Q3,2024-09-30,Cafe,121874,121874,38301,38301,609370,92,203713,152,83573,83573,5646209,Large
230,2024 Q4,2024-12-31,Cafe,141477,141477,43715,43715,707388,92,232202,146,97762,97762,5646209,Large
230,2025 Q1,2025-03-31,Cafe,149597,149597,46760,46760,747986,91,247538,146,102837,102837,5646209,Large
231,2024 Q2,2024-06-30,Cafe,105672,105672,37377,37377,528360,91,200151,157,68295,68295,4799111,Large
231,2024 Q3,2024-09-30,Cafe,103206,103206,34123,34123,516032,92,183756,148,69083,69083,4799111,Large
231,2024 Q4,2024-12-31,Cafe,116827,116827,38283,38283,584135,92,205548,146,78544,78544,4799111,Large
231,2025 Q1,2025-03-31,Cafe,122342,122342,40651,40651,611711,91,217425,146,81691,81691,4799111,Large
232,2024 Q2,2024-06-30,Cafe,79879,79879,34232,34232,399395,91,171161,157,45647,45647,3401324,Large
232,2024 Q3,2024-09-30,Cafe,76039,76039,30863,30863,380196,92,154316,146,45176,45176,3401324,Large
232,2024 Q4,2024-12-31,Cafe,82988,82988,33301,33301,414941,92,166506,146,49687,49687,3401324,Large
232,2025 Q1,2025-03-31,Cafe,82849,82849,33648,33648,414245,91,168241,146,49201,49201,3401324,Large
233,2024 Q2,2024-06-30,Cafe,186897,186897,61084,61084,934487,91,323204,159,125813,125813,6856078,Large
233,2024 Q3,2024-09-30,Cafe,203016,203016,61279,61279,1015083,92,325623,146,141737,141737,6856078,Large
233,2024 Q4,2024-12-31,Cafe,134605,134605,42979,42979,673025,92,225922,146,91626,91626,6856078,Large
233,2025 Q1,2025-03-31,Cafe,161975,161975,50720,50720,809875,91,266403,146,111255,111255,6856078,Large
234,2024 Q2,2024-06-30,Cafe,109670,109670,34627,34627,548352,91,185690,159,75043,75043,4535428,Large
234,2024 Q3,2024-09-30,Cafe,105049,105049,31061,31061,525246,92,167494,146,73988,73988,4535428,Large
234,2024 Q4,2024-12-31,Cafe,115959,115959,34000,34000,579795,92,182788,146,81959,81959,4535428,Large
234,2025 Q1,2025-03-31,Cafe,117813,117813,35133,35133,589066,91,188101,148,82680,82680,4535428,Large
235,2024 Q2,2024-06-30,Cafe,453323,453323,161766,161766,2266618,91,856324,157,291557,291557,19281339,Large
235,2024 Q3,2024-09-30,Cafe,433451,433451,144539,144539,2167257,92,768920,146,288912,288912,19281339,Large
235,2024 Q4,2024-12-31,Cafe,478030,478030,158796,158796,2390150,92,843554,146,319234,319234,19281339,Large
235,2025 Q1,2025-03-31,Cafe,486007,486007,164111,164111,2430036,91,868510,146,321896,321896,19281339,Large
236,2024 Q2,2024-06-30,Cafe,113389,113389,46644,46644,566949,91,243100,159,66745,66745,5171126,Large
236,2024 Q3,2024-09-30,Cafe,109455,109455,42422,42422,547276,92,221639,146,67033,67033,5171126,Large
236,2024 Q4,2024-12-31,Cafe,122273,122273,47161,47161,611365,92,244980,146,75112,75112,5171126,Large
236,2025 Q1,2025-03-31,Cafe,126370,126370,49222,49222,631851,91,255436,146,77148,77148,5171126,Large
237,2024 Q2,2024-06-30,Cafe,253906,253906,86898,86898,1269530,91,457478,157,167008,167008,11822522,Large
237,2024 Q3,2024-09-30,Cafe,256589,256589,81851,81851,1282945,92,432896,146,174738,174738,11822522,Large
237,2024 Q4,2024-12-31,Cafe,296038,296038,93067,93067,1480191,92,491842,146,202971,202971,11822522,Large
237,2025 Q1,2025-03-31,Cafe,311360,311360,99147,99147,1556804,91,522241,146,212213,212213,11822522,Large
238,2024 Q2,2024-06-30,Cafe,90394,90394,32220,32220,451970,91,169149,157,58174,58174,4136384,Large
238,2024 Q3,2024-09-30,Cafe,90234,90234,30143,30143,451174,92,158734,146,60091,60091,4136384,Large
238,2024 Q4,2024-12-31,Cafe,102988,102988,34128,34128,514942,92,178526,146,68860,68860,4136384,Large
238,2025 Q1,2025-03-31,Cafe,107280,107280,35886,35886,536402,91,187506,146,71394,71394,4136384,Large
239,2024 Q2,2024-06-30,Cafe,257396,257396,96534,96534,1286983,91,482672,157,160862,160862,11077244,Large
239,2024 Q3,2024-09-30,Cafe,248088,248088,88057,88057,1240440,92,440289,146,160031,160031,11077244,Large
239,2024 Q4,2024-12-31,Cafe,275556,275556,96596,96596,1377783,92,482982,146,178960,178960,11077244,Large
239,2025 Q1,2025-03-31,Cafe,281500,281500,99592,99591,1407504,91,497959,146,181908,181909,11077244,Large
240,2024 Q2,2024-06-30,Cafe,88386,88386,32148,32148,441933,91,169315,159,56238,56238,4365425,Large
240,2024 Q3,2024-09-30,Cafe,91066,91066,30833,30833,455334,92,162976,148,60233,60233,4365425,Large
240,2024 Q4,2024-12-31,Cafe,106828,106828,36058,36058,534141,92,189195,148,70770,70770,4365425,Large
240,2025 Q1,2025-03-31,Cafe,113996,113996,38901,38901,569983,91,203845,146,75095,75095,4365425,Large
241,2024 Q2,2024-06-30,Cafe,101739,101739,36892,36892,508699,91,187852,157,64847,64847,4668085,Large
241,2024 Q3,2024-09-30,Cafe,101840,101840,34601,34601,509202,92,176393,146,67239,67239,4668085,Large
241,2024 Q4,2024-12-31,Cafe,116502,116502,39224,39224,582512,92,199463,146,77278,77278,4668085,Large
241,2025 Q1,2025-03-31,Cafe,121592,121592,41351,41351,607962,91,210186,146,80241,80241,4668085,Large
242,2024 Q2,2024-06-30,Cafe,105057,105057,42534,42534,525285,91,212670,157,62523,62523,5091387,Large
242,2024 Q3,2024-09-30,Cafe,106642,106641,40639,40639,533209,92,203198,146,66003,66002,5091387,Large
242,2024 Q4,2024-12-31,Cafe,123546,123546,45994,45994,617734,92,229974,148,77552,77552,5091387,Large
242,2025 Q1,2025-03-31,Cafe,130446,130446,48748,48748,652233,91,243744,146,81698,81698,5091387,Large
243,2024 Q2,2024-06-30,Cafe,101587,101587,44439,44439,507939,91,229912,157,57148,57148,5256058,Large
243,2024 Q3,2024-09-30,Cafe,104772,104772,42953,42953,523863,92,222705,146,61819,61819,5256058,Large
243,2024 Q4,2024-12-31,Cafe,123056,123056,49397,49397,615281,92,255020,146,73659,73659,5256058,Large
243,2025 Q1,2025-03-31,Cafe,131498,131498,52881,52881,657490,91,272843,146,78617,78617,5256058,Large
244,2024 Q2,2024-06-30,Cafe,117753,117753,44599,44599,588766,91,237894,159,73154,73154,5349085,Large
244,2024 Q3,2024-09-30,Cafe,114956,114956,40854,40854,574783,92,219015,146,74102,74102,5349085,Large
244,2024 Q4,2024-12-31,Cafe,129540,129540,45461,45461,647704,92,243065,146,84079,84079,5349085,Large
244,2025 Q1,2025-03-31,Cafe,134346,134346,47744,47744,671734,91,254369,146,86602,86602,5349085,Large
245,2024 Q2,2024-06-30,Cafe,89520,89520,35790,35790,447602,91,182335,159,53730,53730,4036551,Large
245,2024 Q3,2024-09-30,Cafe,87851,87851,32941,32941,439256,92,168026,146,54910,54910,4036551,Large
245,2024 Q4,2024-12-31,Cafe,98734,98734,36832,36832,493671,92,187373,146,61902,61902,4036551,Large
245,2025 Q1,2025-03-31,Cafe,101414,101414,38269,38269,507072,91,194592,146,63145,63145,4036551,Large
246,2024 Q2,2024-06-30,Cafe,147974,147974,59017,59017,739874,91,312705,159,88957,88957,5723379,Large
246,2024 Q3,2024-09-30,Cafe,129803,129803,48231,48231,649016,92,256528,146,81572,81572,5723379,Large
246,2024 Q4,2024-12-31,Cafe,129058,129058,50953,50953,645292,92,270425,146,78105,78105,5723379,Large
246,2025 Q1,2025-03-31,Cafe,138562,138562,53137,53137,692811,91,280974,146,85425,85425,5723379,Large
247,2024 Q2,2024-06-30,Cafe,176507,176507,67973,67973,882537,91,344292,157,108534,108534,8420563,Large
247,2024 Q3,2024-09-30,Cafe,178655,178655,64748,64748,893278,92,328211,146,113907,113907,8420563,Large
247,2024 Q4,2024-12-31,Cafe,206462,206462,73426,73426,1032314,92,371581,146,133036,133036,8420563,Large
247,2025 Q1,2025-03-31,Cafe,217520,217520,77686,77686,1087602,91,393042,146,139834,139834,8420563,Large
248,2024 Q2,2024-06-30,Cafe,111678,111678,46847,46847,558393,91,242028,157,64831,64831,5327313,Large
248,2024 Q3,2024-09-30,Cafe,111555,111555,44059,44059,557779,92,228067,146,67496,67496,5327313,Large
248,2024 Q4,2024-12-31,Cafe,127417,127417,49548,49548,637089,92,255385,146,77869,77869,5327313,Large
248,2025 Q1,2025-03-31,Cafe,132837,132837,51969,51969,664185,91,267683,146,80868,80868,5327313,Large
249,2024 Q2,2024-06-30,Cafe,93993,93993,37406,37406,469965,91,193925,159,56587,56587,4700351,Large
249,2024 Q3,2024-09-30,Cafe,96530,96530,35850,35850,482653,92,186310,148,60680,60680,4700351,Large
249,2024 Q4,2024-12-31,Cafe,112947,112947,41453,41453,564736,92,214382,146,71494,71494,4700351,Large
249,2025 Q1,2025-03-31,Cafe,120278,120278,44530,44530,601394,91,230100,146,75748,75748,4700351,Large
250,2024 Q2,2024-06-30,Cafe,84071,84071,34076,34076,420358,91,176829,157,49995,49995,5273480,Large
250,2024 Q3,2024-09-30,Cafe,144406,144406,49010,49010,722032,92,255935,148,95396,95396,5273480,Large
250,2024 Q4,2024-12-31,Cafe,135249,135249,47684,47684,676245,92,247339,146,87565,87565,5273480,Large
250,2025 Q1,2025-03-31,Cafe,106690,106690,38939,38939,533453,91,201470,148,67751,67751,5273480,Large
251,2024 Q2,2024-06-30,Cafe,89012,89012,31595,31595,445062,91,160218,157,57417,57417,3661136,Large
251,2024 Q3,2024-09-30,Cafe,84947,84947,28541,28541,424736,92,144840,146,56406,56406,3661136,Large
251,2024 Q4,2024-12-31,Cafe,93137,93137,30940,30939,465687,92,156716,146,62197,62198,3661136,Large
251,2025 Q1,2025-03-31,Cafe,93611,93611,31477,31477,468055,91,159378,146,62134,62134,3661136,Large
252,2024 Q2,2024-06-30,Cafe,119156,119156,41009,41009,595780,91,224355,157,78147,78147,5126997,Large
252,2024 Q3,2024-09-30,Cafe,115674,115674,37228,37228,578372,92,205061,146,78446,78446,5126997,Large
252,2024 Q4,2024-12-31,Cafe,128678,128677,41255,41255,643389,92,225745,148,87423,87422,5126997,Large
252,2025 Q1,2025-03-31,Cafe,130885,130885,42644,42644,654426,91,232311,146,88241,88241,5126997,Large
253,2024 Q2,2024-06-30,Cafe,95146,95146,34491,34491,475730,91,181139,157,60655,60655,4314400,Large
253,2024 Q3,2024-09-30,Cafe,100435,100435,34047,34047,502176,92,179440,146,66388,66388,4314400,Large
253,2024 Q4,2024-12-31,Cafe,126705,126705,41949,41949,633525,92,219682,146,84756,84756,4314400,Large
253,2025 Q1,2025-03-31,Cafe,117434,117434,39529,39529,587170,91,206640,146,77905,77905,4314400,Large
254,2024 Q2,2024-06-30,Cafe,89790,89790,35287,35287,448952,91,176437,157,54503,54503,3938022,Large
254,2024 Q3,2024-09-30,Cafe,87482,87482,32394,32393,437413,92,161969,146,55088,55089,3938022,Large
254,2024 Q4,2024-12-31,Cafe,97632,97632,35668,35668,488161,92,178341,146,61964,61964,3938022,Large
254,2025 Q1,2025-03-31,Cafe,99595,99594,36776,36776,497974,91,183883,146,62819,62818,3938022,Large
255,2024 Q2,2024-06-30,Cafe,94415,94415,34756,34756,472075,91,174787,157,59659,59659,4623008,Large
255,2024 Q3,2024-09-30,Cafe,97271,97271,33475,33475,486355,92,168410,146,63796,63796,4623008,Large
255,2024 Q4,2024-12-31,Cafe,114111,114111,38835,38835,570556,92,195225,146,75276,75276,4623008,Large
255,2025 Q1,2025-03-31,Cafe,121784,121784,41825,41825,608924,91,210223,148,79959,79959,4623008,Large
256,2024 Q2,2024-06-30,Cafe,182012,182012,66644,66644,910064,91,353657,157,115368,115368,6648052,Large
256,2024 Q3,2024-09-30,Cafe,164578,164578,57081,57081,822893,92,304172,146,107497,107497,6648052,Large
256,2024 Q4,2024-12-31,Cafe,170329,170329,59163,59163,851647,92,314506,146,111166,111166,6648052,Large
256,2025 Q1,2025-03-31,Cafe,160902,160902,57180,57180,804512,91,302754,146,103722,103722,6648052,Large
257,2024 Q2,2024-06-30,Cafe,499966,499966,156678,156678,2499831,91,833969,157,343288,343288,19545631,Large
257,2024 Q3,2024-09-30,Cafe,472582,472582,138341,138341,2362910,92,740302,146,334241,334241,19545631,Large
257,2024 Q4,2024-12-31,Cafe,513699,513699,150276,150276,2568498,92,802118,150,363423,363423,19545631,Large
257,2025 Q1,2025-03-31,Cafe,506067,506067,150900,150900,2530338,91,802223,146,355167,355167,19545631,Large
258,2024 Q2,2024-06-30,Cafe,133708,133708,47788,47788,668544,91,248030,157,85920,85920,5652071,Large
258,2024 Q3,2024-09-30,Cafe,128463,128463,43477,43477,642318,92,226109,146,84986,84986,5652071,Large
258,2024 Q4,2024-12-31,Cafe,141932,141932,47600,47600,709663,92,246306,146,94332,94332,5652071,Large
258,2025 Q1,2025-03-31,Cafe,143884,143884,48782,48782,719423,91,252192,146,95102,95102,5652071,Large
259,2024 Q2,2024-06-30,Cafe,123899,123899,40994,40994,619497,91,216700,157,82905,82905,4542247,Large
259,2024 Q3,2024-09-30,Cafe,86478,86478,27963,27963,432392,92,148138,146,58515,58515,4542247,Large
259,2024 Q4,2024-12-31,Cafe,113256,113256,36535,36534,566283,92,192183,146,76721,76722,4542247,Large
259,2025 Q1,2025-03-31,Cafe,144525,144525,45769,45769,722626,91,240611,146,98756,98756,4542247,Large
260,2024 Q2,2024-06-30,Cafe,108117,108117,43715,43715,540585,91,218579,159,64402,64402,4631703,Large
260,2024 Q3,2024-09-30,Cafe,103063,103063,39227,39227,515317,92,196138,146,63836,63836,4631703,Large
260,2024 Q4,2024-12-31,Cafe,113196,113196,42711,42711,565983,92,213558,148,70485,70485,4631703,Large
260,2025 Q1,2025-03-31,Cafe,114480,114480,43727,43727,572400,91,218636,146,70753,70753,4631703,Large
261,2024 Q2,2024-06-30,Cafe,129864,129864,47012,47012,649323,91,236397,157,82852,82852,5459793,Large
261,2024 Q3,2024-09-30,Cafe,124724,124725,42706,42706,623625,92,214815,146,82018,82019,5459793,Large
261,2024 Q4,2024-12-31,Cafe,137818,137818,46531,46531,689090,92,233875,148,91287,91287,5459793,Large
261,2025 Q1,2025-03-31,Cafe,139758,139758,47697,47697,698794,91,239704,146,92061,92061,5459793,Large
262,2024 Q2,2024-06-30,Cafe,204519,204519,81889,81889,1022598,91,411515,157,122630,122630,8985310,Large
262,2024 Q3,2024-09-30,Cafe,198810,198810,75337,75337,994050,92,378696,146,123473,123473,8985310,Large
262,2024 Q4,2024-12-31,Cafe,221417,221417,82696,82696,1107086,92,415408,146,138721,138721,8985310,Large
262,2025 Q1,2025-03-31,Cafe,225442,225442,85007,85007,1127213,91,426965,146,140435,140435,8985310,Large
263,2024 Q2,2024-06-30,Cafe,88149,88150,32015,32015,440750,91,170418,157,56134,56135,4331276,Large
263,2024 Q3,2024-09-30,Cafe,90495,90495,30569,30569,452479,92,163605,146,59926,59926,4331276,Large
263,2024 Q4,2024-12-31,Cafe,105871,105871,35367,35367,529357,92,188783,146,70504,70504,4331276,Large
263,2025 Q1,2025-03-31,Cafe,112749,112749,38118,38118,563748,91,202764,146,74631,74631,4331276,Large
264,2024 Q2,2024-06-30,Cafe,208464,208464,81516,81516,1042320,91,423038,157,126948,126948,8370295,Large
264,2024 Q3,2024-09-30,Cafe,194908,194908,71957,71957,974540,92,374227,146,122951,122951,8370295,Large
264,2024 Q4,2024-12-31,Cafe,208937,208937,77039,77039,1044686,92,398534,148,131898,131898,8370295,Large
264,2025 Q1,2025-03-31,Cafe,204862,204862,76759,76759,1024311,91,396658,146,128103,128103,8370295,Large
265,2024 Q2,2024-06-30,Cafe,210675,210674,73567,73566,1053374,91,380644,159,137108,137108,7699038,Large
265,2024 Q3,2024-09-30,Cafe,178627,178627,60183,60184,893137,92,311735,148,118444,118443,7699038,Large
265,2024 Q4,2024-12-31,Cafe,173891,173891,59947,59947,869457,92,308888,148,113944,113944,7699038,Large
265,2025 Q1,2025-03-31,Cafe,197483,197483,67394,67394,987417,91,347212,146,130089,130089,7699038,Large
266,2024 Q2,2024-06-30,Cafe,103225,103225,34450,34450,516128,91,178708,157,68775,68775,4171478,Large
266,2024 Q3,2024-09-30,Cafe,98455,98455,30909,30909,492279,92,160697,146,67546,67546,4171478,Large
266,2024 Q4,2024-12-31,Cafe,107672,107672,33830,33831,538360,92,174952,146,73842,73841,4171478,Large
266,2025 Q1,2025-03-31,Cafe,107719,107719,34297,34297,538596,91,177188,148,73422,73422,4171478,Large
267,2024 Q2,2024-06-30,Cafe,86358,86358,33805,33805,431793,91,169903,159,52553,52553,3865518,Large
267,2024 Q3,2024-09-30,Cafe,84836,84836,31328,31328,424181,92,157499,146,53508,53508,3865518,Large
267,2024 Q4,2024-12-31,Cafe,95437,95437,34790,34790,477188,92,174785,148,60647,60647,3865518,Large
267,2025 Q1,2025-03-31,Cafe,98117,98117,36071,36071,490585,91,181197,146,62046,62046,3865518,Large
268,2024 Q2,2024-06-30,Cafe,115958,115958,50269,50269,579791,91,251349,157,65689,65689,5802638,Large
268,2024 Q3,2024-09-30,Cafe,118438,118438,48268,48268,592193,92,241343,146,70170,70170,5802638,Large
268,2024 Q4,2024-12-31,Cafe,137926,137926,54927,54927,689633,92,274639,148,82999,82999,5802638,Large
268,2025 Q1,2025-03-31,Cafe,146269,146269,58461,58461,731348,91,292305,146,87808,87808,5802638,Large
269,2024 Q2,2024-06-30,Cafe,100389,100389,31543,31543,501945,91,168380,157,68846,68846,4567646,Large
269,2024 Q3,2024-09-30,Cafe,101146,101146,29701,29701,505734,92,159395,148,71445,71445,4567646,Large
269,2024 Q4,2024-12-31,Cafe,116415,116415,33890,33890,582077,92,181339,148,82525,82525,4567646,Large
269,2025 Q1,2025-03-31,Cafe,122202,122202,35951,35951,611010,91,191695,150,86251,86251,4567646,Large
270,2024 Q2,2024-06-30,Cafe,103978,103978,34983,34983,519892,91,178245,159,68995,68995,3507116,Large
270,2024 Q3,2024-09-30,Cafe,85056,85056,26983,26983,425282,92,137612,146,58073,58073,3507116,Large
270,2024 Q4,2024-12-31,Cafe,68344,68344,22541,22541,341723,92,114593,146,45803,45803,3507116,Large
270,2025 Q1,2025-03-31,Cafe,77991,77991,25988,25988,389956,91,132087,146,52003,52003,3507116,Large
271,2024 Q2,2024-06-30,Cafe,94863,94863,35224,35224,474316,91,185149,157,59639,59639,4231417,Large
271,2024 Q3,2024-09-30,Cafe,93132,93132,32464,32464,465664,92,171167,146,60668,60668,4231417,Large
271,2024 Q4,2024-12-31,Cafe,104706,104706,36413,36413,523533,92,190638,146,68293,68293,4231417,Large
271,2025 Q1,2025-03-31,Cafe,107581,107581,37814,37814,537905,91,197729,146,69767,69767,4231417,Large
272,2024 Q2,2024-06-30,Cafe,136999,136999,45403,45403,684998,91,230188,157,91596,91596,4644615,Large
272,2024 Q3,2024-09-30,Cafe,125604,125604,37750,37750,628022,92,191571,146,87854,87854,4644615,Large
272,2024 Q4,2024-12-31,Cafe,119723,119723,37920,37920,598618,92,191992,148,81803,81803,4644615,Large
272,2025 Q1,2025-03-31,Cafe,70165,70165,22950,22949,350825,91,116086,146,47215,47216,4644615,Large
273,2024 Q2,2024-06-30,Cafe,89876,89876,32306,32306,449381,91,162417,157,57570,57570,4200882,Large
273,2024 Q3,2024-09-30,Cafe,90919,90919,30679,30679,454598,92,154287,146,60240,60240,4200882,Large
273,2024 Q4,2024-12-31,Cafe,105014,105014,34929,34929,525070,92,175533,146,70085,70085,4200882,Large
273,2025 Q1,2025-03-31,Cafe,110579,110579,37039,37039,552898,91,186114,150,73540,73540,4200882,Large
274,2024 Q2,2024-06-30,Cafe,122910,122910,41115,41115,614551,91,218370,157,81795,81795,4746236,Large
274,2024 Q3,2024-09-30,Cafe,114697,114697,36056,36056,573488,92,192410,152,78641,78641,4746236,Large
274,2024 Q4,2024-12-31,Cafe,122763,122763,38570,38570,613815,92,205344,146,84193,84193,4746236,Large
274,2025 Q1,2025-03-31,Cafe,120227,120227,38485,38485,601137,91,204102,146,81742,81742,4746236,Large
275,2024 Q2,2024-06-30,Cafe,111965,111965,43293,43293,559829,91,230406,157,68672,68672,5345492,Large
275,2024 Q3,2024-09-30,Cafe,112636,112636,40733,40733,563180,92,217876,148,71903,71903,5345492,Large
275,2024 Q4,2024-12-31,Cafe,129433,129433,46192,46192,647169,92,246440,146,83241,83241,5345492,Large
275,2025 Q1,2025-03-31,Cafe,135647,135647,48929,48929,678237,91,260178,146,86718,86718,5345492,Large
276,2024 Q2,2024-06-30,Cafe,105889,105889,38438,38438,529448,91,205234,157,67451,67451,4649929,Large
276,2024 Q3,2024-09-30,Cafe,101945,101945,34677,34677,509727,92,186118,146,67268,67268,4649929,Large
276,2024 Q4,2024-12-31,Cafe,113452,113452,38323,38323,567264,92,205076,146,75129,75129,4649929,Large
276,2025 Q1,2025-03-31,Cafe,116690,116690,40004,40004,583453,91,213278,146,76686,76686,4649929,Large
277,2024 Q2,2024-06-30,Cafe,166421,166422,64872,64872,832110,91,330529,157,101549,101550,6814143,Large
277,2024 Q3,2024-09-30,Cafe,155631,155631,57453,57453,778156,92,293026,148,98178,98178,6814143,Large
277,2024 Q4,2024-12-31,Cafe,170378,170378,62817,62817,851894,92,319524,146,107561,107561,6814143,Large
277,2025 Q1,2025-03-31,Cafe,170528,170528,63572,63572,852644,91,323212,146,106956,106956,6814143,Large
278,2024 Q2,2024-06-30,Cafe,121818,121818,43141,43141,609090,91,218757,157,78677,78677,3910599,Large
278,2024 Q3,2024-09-30,Cafe,58341,58341,20904,20903,291707,92,106000,146,37437,37438,3910599,Large
278,2024 Q4,2024-12-31,Cafe,102908,102908,35708,35708,514543,92,180849,146,67200,67200,3910599,Large
278,2025 Q1,2025-03-31,Cafe,134668,134668,46010,46010,673340,91,233004,146,88658,88658,3910599,Large
279,2024 Q2,2024-06-30,Cafe,84994,84994,31513,31513,424973,91,166911,157,53481,53481,4446526,Large
279,2024 Q3,2024-09-30,Cafe,110888,110888,37632,37632,554442,92,200314,146,73256,73256,4446526,Large
279,2024 Q4,2024-12-31,Cafe,148672,148672,49162,49162,743360,92,259672,146,99510,99510,4446526,Large
279,2025 Q1,2025-03-31,Cafe,125983,125983,42396,42396,629919,91,223415,146,83587,83587,4446526,Large
280,2024 Q2,2024-06-30,Cafe,214947,214947,86744,86744,1074738,91,441952,157,128203,128203,10260057,Large
280,2024 Q3,2024-09-30,Cafe,216205,216205,81962,81962,1081026,92,418070,148,134243,134243,10260057,Large
280,2024 Q4,2024-12-31,Cafe,248449,248449,92856,92856,1242248,92,472461,146,155593,155593,10260057,Large
280,2025 Q1,2025-03-31,Cafe,260407,260407,98009,98009,1302038,91,498474,146,162398,162398,10260057,Large
281,2024 Q2,2024-06-30,Cafe,194333,194333,72871,72871,971669,91,387567,159,121462,121462,8778311,Large
281,2024 Q3,2024-09-30,Cafe,191361,191360,67403,67403,956804,92,360185,150,123958,123957,8778311,Large
281,2024 Q4,2024-12-31,Cafe,215761,215761,75128,75128,1078808,92,400445,146,140633,140633,8778311,Large
281,2025 Q1,2025-03-31,Cafe,222302,222302,78309,78309,1111514,91,416002,146,143993,143993,8778311,Large
282,2024 Q2,2024-06-30,Cafe,228355,228355,89647,89647,1141775,91,450636,157,138708,138708,10645329,Large
282,2024 Q3,2024-09-30,Cafe,228530,228530,84478,84478,1142651,92,424791,146,144052,144052,10645329,Large
282,2024 Q4,2024-12-31,Cafe,261387,261387,94595,94595,1306936,92,475340,148,166792,166792,10645329,Large
282,2025 Q1,2025-03-31,Cafe,272772,272772,99357,99357,1363861,91,499212,148,173415,173415,10645329,Large
283,2024 Q2,2024-06-30,Cafe,76299,76299,28090,28090,381495,91,140453,159,48209,48209,3850575,Large
283,2024 Q3,2024-09-30,Cafe,103426,103426,34722,34722,517134,92,173612,146,68704,68704,3850575,Large
283,2024 Q4,2024-12-31,Cafe,132744,132744,43149,43149,663722,92,215746,146,89595,89595,3850575,Large
283,2025 Q1,2025-03-31,Cafe,109649,109649,36309,36309,548246,91,181545,148,73340,73340,3850575,Large
284,2024 Q2,2024-06-30,Cafe,86000,86000,32207,32207,430002,91,168521,157,53793,53793,3583052,Large
284,2024 Q3,2024-09-30,Cafe,81974,81974,28821,28821,409874,92,151234,146,53153,53153,3583052,Large
284,2024 Q4,2024-12-31,Cafe,89603,89603,31469,31469,448018,92,164058,148,58134,58134,3583052,Large
284,2025 Q1,2025-03-31,Cafe,89609,89609,31928,31928,448049,91,166240,148,57681,57681,3583052,Large
285,2024 Q2,2024-06-30,Cafe,118956,118956,49744,49744,594784,91,248723,157,69212,69212,4209604,Large
285,2024 Q3,2024-09-30,Cafe,135014,135014,51370,51370,675072,92,256854,146,83644,83644,4209604,Large
285,2024 Q4,2024-12-31,Cafe,80576,80576,33021,33021,402881,92,165105,146,47555,47555,4209604,Large
285,2025 Q1,2025-03-31,Cafe,68885,68885,28686,28686,344427,91,143431,148,40199,40199,4209604,Large
286,2024 Q2,2024-06-30,Cafe,105767,105767,36980,36980,528837,91,191735,157,68787,68787,4002527,Large
286,2024 Q3,2024-09-30,Cafe,97693,97693,32249,32249,488469,92,167558,146,65444,65444,4002527,Large
286,2024 Q4,2024-12-31,Cafe,103456,103456,34243,34243,517283,92,176971,150,69213,69213,4002527,Large
286,2025 Q1,2025-03-31,Cafe,100201,100201,33729,33729,501005,91,174130,146,66472,66472,4002527,Large
287,2024 Q2,2024-06-30,Cafe,155263,155263,52410,52411,776319,91,281171,157,102853,102852,4426110,Large
287,2024 Q3,2024-09-30,Cafe,85517,85517,27228,27228,427589,92,146355,146,58289,58289,4426110,Large
287,2024 Q4,2024-12-31,Cafe,81671,81671,27303,27303,408356,92,146150,148,54368,54368,4426110,Large
287,2025 Q1,2025-03-31,Cafe,120637,120637,40596,40596,603185,91,216979,146,80041,80041,4426110,Large
288,2024 Q2,2024-06-30,Cafe,157508,157508,57316,57316,787540,91,288159,157,100192,100192,5294515,Large
288,2024 Q3,2024-09-30,Cafe,108269,108269,40230,40230,541348,92,202286,146,68039,68039,5294515,Large
288,2024 Q4,2024-12-31,Cafe,102061,102061,37740,37740,510309,92,189618,146,64321,64321,5294515,Large
288,2025 Q1,2025-03-31,Cafe,146118,146118,51261,51261,730591,91,257561,148,94857,94857,5294515,Large
289,2024 Q2,2024-06-30,Cafe,170521,170521,57252,57252,852606,91,296675,157,113269,113269,7036501,Large
289,2024 Q3,2024-09-30,Cafe,160910,160910,50262,50262,804552,92,261017,146,110648,110648,7036501,Large
289,2024 Q4,2024-12-31,Cafe,169048,169048,54136,54136,845242,92,279664,146,114912,114912,7036501,Large
289,2025 Q1,2025-03-31,Cafe,173000,173000,54550,54550,865000,91,281531,148,118450,118450,7036501,Large
290,2024 Q2,2024-06-30,Cafe,86090,86090,31475,31474,430452,91,171887,157,54615,54616,4293006,Large
290,2024 Q3,2024-09-30,Cafe,88686,88686,30117,30117,443432,92,165672,146,58569,58569,4293006,Large
290,2024 Q4,2024-12-31,Cafe,104021,104021,35027,35027,520108,92,191497,148,68994,68994,4293006,Large
290,2025 Q1,2025-03-31,Cafe,110989,110989,37782,37782,554946,91,205731,146,73207,73207,4293006,Large
291,2024 Q2,2024-06-30,Cafe,98612,98612,36368,36368,493060,91,184379,157,62244,62244,4144769,Large
291,2024 Q3,2024-09-30,Cafe,73536,73536,26188,26188,367681,92,132822,148,47348,47348,4144769,Large
291,2024 Q4,2024-12-31,Cafe,123425,123425,41179,41179,617126,92,208555,148,82246,82246,4144769,Large
291,2025 Q1,2025-03-31,Cafe,102470,102470,36625,36625,512354,91,185409,146,65845,65845,4144769,Large
292,2024 Q2,2024-06-30,Cafe,80924,80924,32379,32379,404622,91,161895,157,48545,48545,4268469,Large
292,2024 Q3,2024-09-30,Cafe,76242,76242,30329,30329,381211,92,151645,146,45913,45913,4268469,Large
292,2024 Q4,2024-12-31,Cafe,107954,107954,39218,39218,539773,92,196091,146,68736,68736,4268469,Large
292,2025 Q1,2025-03-31,Cafe,114881,114881,43351,43351,574407,91,216756,146,71530,71530,4268469,Large
293,2024 Q2,2024-06-30,Cafe,109136,109136,35760,35760,545684,91,181452,159,73376,73376,4576253,Large
293,2024 Q3,2024-09-30,Cafe,104992,104992,32342,32342,524962,92,164260,146,72650,72650,4576253,Large
293,2024 Q4,2024-12-31,Cafe,116599,116599,35777,35777,582995,92,181327,148,80822,80822,4576253,Large
293,2025 Q1,2025-03-31,Cafe,119442,119442,37069,37069,597213,91,187805,146,82373,82373,4576253,Large
294,2024 Q2,2024-06-30,Cafe,74370,74370,27065,27065,371851,91,140452,159,47305,47305,4874082,Large
294,2024 Q3,2024-09-30,Cafe,132401,132401,41137,41137,662007,92,214438,146,91264,91264,4874082,Large
294,2024 Q4,2024-12-31,Cafe,109773,109773,36286,36285,548866,92,187953,146,73487,73488,4874082,Large
294,2025 Q1,2025-03-31,Cafe,159450,159450,50166,50166,797253,91,259773,148,109284,109284,4874082,Large
295,2024 Q2,2024-06-30,Cafe,137994,137994,50486,50486,689970,91,266736,157,87508,87508,4792628,Large
295,2024 Q3,2024-09-30,Cafe,114092,114092,38639,38639,570463,92,204844,148,75453,75453,4792628,Large
295,2024 Q4,2024-12-31,Cafe,86648,86648,30836,30836,433244,92,161920,146,55812,55812,4792628,Large
295,2025 Q1,2025-03-31,Cafe,112041,112041,40208,40209,560205,91,211012,148,71833,71832,4792628,Large
296,2024 Q2,2024-06-30,Cafe,245162,245162,95864,95864,1225813,91,481900,157,149298,149298,11676030,Large
296,2024 Q3,2024-09-30,Cafe,247744,247744,90880,90880,1238723,92,457002,148,156864,156864,11676030,Large
296,2024 Q4,2024-12-31,Cafe,285850,285850,103058,103058,1429250,92,517879,146,182792,182792,11676030,Large
296,2025 Q1,2025-03-31,Cafe,300685,300685,109240,109240,1503427,91,548877,146,191445,191445,11676030,Large
297,2024 Q2,2024-06-30,Cafe,189607,189607,68481,68481,948035,91,362040,157,121126,121126,7280116,Large
297,2024 Q3,2024-09-30,Cafe,162880,162880,57882,57882,814401,92,307143,146,104998,104998,7280116,Large
297,2024 Q4,2024-12-31,Cafe,201991,201991,68104,68104,1009959,92,361082,146,133887,133887,7280116,Large
297,2025 Q1,2025-03-31,Cafe,174869,174869,61634,61634,874346,91,325275,146,113235,113235,7280116,Large
298,2024 Q2,2024-06-30,Cafe,92366,92366,32562,32562,461833,91,182300,159,59804,59804,4202588,Large
298,2024 Q3,2024-09-30,Cafe,93531,93531,30825,30825,467658,92,174210,146,62706,62706,4202588,Large
298,2024 Q4,2024-12-31,Cafe,121209,121209,39233,39233,606045,92,219860,146,81976,81976,4202588,Large
298,2025 Q1,2025-03-31,Cafe,115848,115848,38112,38112,579243,91,212283,148,77736,77736,4202588,Large
299,2024 Q2,2024-06-30,Cafe,205615,205616,73468,73468,1028080,91,386845,157,132147,132148,7705490,Large
299,2024 Q3,2024-09-30,Cafe,188471,188471,63470,63470,942355,92,335219,146,125001,125001,7705490,Large
299,2024 Q4,2024-12-31,Cafe,197993,197993,66925,66925,989969,92,350797,146,131068,131068,7705490,Large
299,2025 Q1,2025-03-31,Cafe,190149,190149,65520,65520,950746,91,342875,148,124629,124629,7705490,Large
300,2024 Q2,2024-06-30,Cafe,108824,108824,46920,46920,544122,91,234600,157,61904,61904,4498461,Large
300,2024 Q3,2024-09-30,Cafe,130731,130731,50095,50095,653655,92,250477,146,80636,80636,4498461,Large
300,2024 Q4,2024-12-31,Cafe,103797,103797,40777,40777,518985,92,203887,146,63020,63020,4498461,Large
300,2025 Q1,2025-03-31,Cafe,127108,127108,49163,49162,635544,91,245814,146,77945,77946,4498461,Large
301,2024 Q2,2024-06-30,Cafe,84926,84926,31947,31947,424632,91,160611,157,52979,52979,4039155,Large
301,2024 Q3,2024-09-30,Cafe,86122,86122,30342,30342,430611,92,152597,146,55780,55780,4039155,Large
301,2024 Q4,2024-12-31,Cafe,99680,99680,34705,34705,498403,92,174408,146,64975,64975,4039155,Large
301,2025 Q1,2025-03-31,Cafe,105152,105152,36936,36936,525762,91,185596,146,68216,68216,4039155,Large
302,2024 Q2,2024-06-30,Cafe,123682,123682,46511,46511,618412,91,245232,157,77171,77171,4401072,Large
302,2024 Q3,2024-09-30,Cafe,109139,109139,37367,37367,545697,92,197667,146,71772,71772,4401072,Large
302,2024 Q4,2024-12-31,Cafe,131647,131647,46752,46752,658235,92,245407,146,84895,84895,4401072,Large
302,2025 Q1,2025-03-31,Cafe,80862,80862,29945,29945,404310,91,156621,146,50917,50917,4401072,Large
303,2024 Q2,2024-06-30,Cafe,432320,432320,170160,170160,2161602,91,862174,157,262160,262160,18560398,Large
303,2024 Q3,2024-09-30,Cafe,414707,414707,153105,153105,2073539,92,776425,148,261602,261602,18560398,Large
303,2024 Q4,2024-12-31,Cafe,457537,457537,168351,168351,2287687,92,852116,148,289186,289186,18560398,Large
303,2025 Q1,2025-03-31,Cafe,463259,463259,172675,172675,2316295,91,873693,150,290584,290584,18560398,Large
304,2024 Q2,2024-06-30,Cafe,96936,96936,30958,30958,484680,91,172647,157,65978,65978,4619823,Large
304,2024 Q3,2024-09-30,Cafe,99082,99082,29406,29406,495411,92,165419,146,69676,69676,4619823,Large
304,2024 Q4,2024-12-31,Cafe,115485,115485,34172,34172,577425,92,190497,148,81313,81313,4619823,Large
304,2025 Q1,2025-03-31,Cafe,122590,122590,36672,36672,612952,91,203491,146,85918,85918,4619823,Large
305,2024 Q2,2024-06-30,Cafe,93633,93633,29817,29817,468166,91,157998,157,63816,63816,3367854,Large
305,2024 Q3,2024-09-30,Cafe,116457,116457,35077,35076,582289,92,187202,146,81380,81381,3367854,Large
305,2024 Q4,2024-12-31,Cafe,68376,68376,21062,21062,341883,92,111533,146,47314,47314,3367854,Large
305,2025 Q1,2025-03-31,Cafe,76332,76332,24409,24409,381663,91,129014,146,51923,51923,3367854,Large
306,2024 Q2,2024-06-30,Cafe,88382,88382,34820,34820,441914,91,176486,157,53562,53562,3901802,Large
306,2024 Q3,2024-09-30,Cafe,85208,85208,31627,31627,426042,92,160433,146,53581,53581,3901802,Large
306,2024 Q4,2024-12-31,Cafe,94829,94829,35019,35019,474148,92,177303,146,59810,59810,3901802,Large
306,2025 Q1,2025-03-31,Cafe,97316,97316,36299,36299,486581,91,183719,146,61017,61017,3901802,Large
307,2024 Q2,2024-06-30,Cafe,114951,114951,49508,49508,574757,91,250703,157,65443,65443,5825043,Large
307,2024 Q3,2024-09-30,Cafe,117976,117976,47631,47631,589884,92,241392,150,70345,70345,5825043,Large
307,2024 Q4,2024-12-31,Cafe,137956,137956,54666,54666,689782,92,276592,146,83290,83290,5825043,Large
307,2025 Q1,2025-03-31,Cafe,146827,146827,58466,58466,734136,91,295743,148,88361,88361,5825043,Large
308,2024 Q2,2024-06-30,Cafe,140941,140941,51505,51505,704708,91,268228,157,89436,89436,5266377,Large
308,2024 Q3,2024-09-30,Cafe,106165,106165,38198,38198,530828,92,199088,146,67967,67967,5266377,Large
308,2024 Q4,2024-12-31,Cafe,113110,113110,41026,41026,565552,92,212657,146,72084,72084,5266377,Large
308,2025 Q1,2025-03-31,Cafe,140549,140549,49792,49792,702748,91,258141,148,90757,90757,5266377,Large
309,2024 Q2,2024-06-30,Cafe,104535,104535,39265,39265,522679,91,197419,157,65270,65270,3838521,Large
309,2024 Q3,2024-09-30,Cafe,90797,90797,32221,32221,453988,92,162049,146,58576,58576,3838521,Large
309,2024 Q4,2024-12-31,Cafe,83052,83052,30090,30090,415261,92,151201,146,52962,52962,3838521,Large
309,2025 Q1,2025-03-31,Cafe,94434,94434,34308,34308,472172,91,172380,146,60126,60126,3838521,Large
310,2024 Q2,2024-06-30,Cafe,78101,78100,27796,27796,390504,91,146926,157,50305,50304,3629564,Large
310,2024 Q3,2024-09-30,Cafe,67855,67855,23393,23393,339278,92,124097,146,44462,44462,3629564,Large
310,2024 Q4,2024-12-31,Cafe,97205,97205,32179,32179,486027,92,169632,146,65026,65026,3629564,Large
310,2025 Q1,2025-03-31,Cafe,62500,62500,22565,22565,312500,91,118437,146,39935,39935,3629564,Large
311,2024 Q2,2024-06-30,Cafe,108312,108312,40061,40062,541560,91,219959,157,68251,68250,5141809,Large
311,2024 Q3,2024-09-30,Cafe,108867,108867,37564,37564,544339,92,207750,146,71303,71303,5141809,Large
311,2024 Q4,2024-12-31,Cafe,125025,125025,42645,42645,625129,92,234357,148,82380,82380,5141809,Large
311,2025 Q1,2025-03-31,Cafe,130970,130970,45190,45190,654854,91,247293,146,85780,85780,5141809,Large
312,2024 Q2,2024-06-30,Cafe,112993,112993,44376,44376,564965,91,235082,157,68617,68617,4364899,Large
312,2024 Q3,2024-09-30,Cafe,103705,103705,38261,38261,518526,92,203613,146,65444,65444,4364899,Large
312,2024 Q4,2024-12-31,Cafe,109086,109086,40229,40229,545434,92,213590,146,68857,68857,4364899,Large
312,2025 Q1,2025-03-31,Cafe,104902,104902,39506,39506,524512,91,208957,148,65396,65396,4364899,Large
313,2024 Q2,2024-06-30,Cafe,104815,104815,37031,37031,524076,91,202539,157,67784,67784,4444246,Large
313,2024 Q3,2024-09-30,Cafe,106003,106003,35506,35506,530015,92,195900,146,70497,70497,4444246,Large
313,2024 Q4,2024-12-31,Cafe,71245,71245,25738,25738,356227,92,140245,146,45507,45507,4444246,Large
313,2025 Q1,2025-03-31,Cafe,77213,77213,27972,27972,386067,91,151849,150,49241,49241,4444246,Large
314,2024 Q2,2024-06-30,Cafe,112135,112135,41390,41390,560679,91,214809,157,70745,70745,4321051,Large
314,2024 Q3,2024-09-30,Cafe,103722,103722,36127,36127,518612,92,187901,146,67595,67595,4321051,Large
314,2024 Q4,2024-12-31,Cafe,110005,110005,38466,38466,550027,92,198968,146,71539,71539,4321051,Large
314,2025 Q1,2025-03-31,Cafe,106714,106714,37924,37924,533570,91,195952,146,68790,68790,4321051,Large
315,2024 Q2,2024-06-30,Cafe,92807,92807,33520,33520,464036,91,174643,157,59287,59287,3937782,Large
315,2024 Q3,2024-09-30,Cafe,88701,88701,30150,30150,443509,92,157474,146,58551,58551,3937782,Large
315,2024 Q4,2024-12-31,Cafe,97770,97770,33191,33191,488850,92,172342,146,64579,64579,3937782,Large
315,2025 Q1,2025-03-31,Cafe,99325,99325,34127,34127,496625,91,177018,146,65198,65198,3937782,Large
316,2024 Q2,2024-06-30,Cafe,110797,110797,44652,44652,553988,91,223260,157,66145,66145,3799838,Large
316,2024 Q3,2024-09-30,Cafe,52142,52142,22433,22433,260713,92,112166,146,29709,29709,3799838,Large
316,2024 Q4,2024-12-31,Cafe,59396,59396,25205,25205,296980,92,126025,146,34191,34191,3799838,Large
316,2025 Q1,2025-03-31,Cafe,164643,164643,64059,64059,823219,91,320297,148,100584,100584,3799838,Large
317,2024 Q2,2024-06-30,Cafe,121395,121395,44924,44924,606977,91,237218,157,76471,76471,5452221,Large
317,2024 Q3,2024-09-30,Cafe,84835,84835,31318,31318,424178,92,165382,146,53517,53517,5452221,Large
317,2024 Q4,2024-12-31,Cafe,145646,145646,52050,52050,728232,92,274144,146,93596,93596,5452221,Large
317,2025 Q1,2025-03-31,Cafe,218316,218316,70870,70870,1091581,91,373401,146,147446,147446,5452221,Large
318,2024 Q2,2024-06-30,Cafe,307981,307981,116484,116484,1539906,91,614548,157,191497,191497,15533413,Large
318,2024 Q3,2024-09-30,Cafe,318369,318369,113095,113095,1591847,92,599550,148,205274,205274,15533413,Large
318,2024 Q4,2024-12-31,Cafe,486542,486542,167463,167463,2432714,92,888333,146,319079,319079,15533413,Large
318,2025 Q1,2025-03-31,Cafe,446951,446951,151694,151694,2234757,91,801537,146,295257,295257,15533413,Large
319,2024 Q2,2024-06-30,Cafe,221510,221510,88702,88702,1107550,91,443514,157,132808,132808,8409403,Large
319,2024 Q3,2024-09-30,Cafe,202549,202549,77595,77595,1012749,92,387976,146,124954,124954,8409403,Large
319,2024 Q4,2024-12-31,Cafe,212196,212196,80869,80869,1060982,92,404346,146,131327,131327,8409403,Large
319,2025 Q1,2025-03-31,Cafe,203145,203145,78817,78817,1015729,91,394089,146,124328,124328,8409403,Large
320,2024 Q2,2024-06-30,Cafe,96061,96061,36500,36500,480305,91,189564,157,59561,59561,3610262,Large
320,2024 Q3,2024-09-30,Cafe,87713,87713,31455,31455,438566,92,163724,146,56258,56258,3610262,Large
320,2024 Q4,2024-12-31,Cafe,91758,91758,33036,33036,458791,92,170990,146,58722,58722,3610262,Large
320,2025 Q1,2025-03-31,Cafe,87716,87716,32165,32165,438581,91,166288,146,55551,55551,3610262,Large
321,2024 Q2,2024-06-30,Cafe,82376,82376,35369,35369,411881,91,176848,157,47007,47007,3524531,Large
321,2024 Q3,2024-09-30,Cafe,78549,78548,31891,31891,392744,92,159456,146,46658,46657,3524531,Large
321,2024 Q4,2024-12-31,Cafe,85881,85881,34490,34490,429405,92,172452,146,51391,51391,3524531,Large
321,2025 Q1,2025-03-31,Cafe,85900,85900,34934,34934,429500,91,174674,148,50966,50966,3524531,Large
322,2024 Q2,2024-06-30,Cafe,189697,189697,67981,67981,948485,91,357047,157,121716,121716,8272217,Large
322,2024 Q3,2024-09-30,Cafe,185246,185246,62661,62661,926232,92,330023,146,122585,122585,8272217,Large
322,2024 Q4,2024-12-31,Cafe,207185,207185,69632,69632,1035926,92,364271,146,137553,137553,8272217,Large
322,2025 Q1,2025-03-31,Cafe,211783,211783,71827,71827,1058916,91,375324,148,139956,139956,8272217,Large
323,2024 Q2,2024-06-30,Cafe,120157,120157,43048,43048,600786,91,215241,157,77109,77109,4416793,Large
323,2024 Q3,2024-09-30,Cafe,160851,160851,49777,49777,804259,92,248886,148,111074,111074,4416793,Large
323,2024 Q4,2024-12-31,Cafe,60573,60573,20920,20920,302865,92,104603,146,39653,39653,4416793,Large
323,2025 Q1,2025-03-31,Cafe,122074,122074,40883,40883,610373,91,204418,146,81191,81191,4416793,Large
324,2024 Q2,2024-06-30,Cafe,118953,118953,39636,39636,594769,91,212625,157,79317,79317,4452120,Large
324,2024 Q3,2024-09-30,Cafe,109635,109635,34132,34132,548177,92,184156,146,75503,75503,4452120,Large
324,2024 Q4,2024-12-31,Cafe,115822,115822,36095,36095,579112,92,194017,150,79727,79727,4452120,Large
324,2025 Q1,2025-03-31,Cafe,111875,111875,35610,35610,559378,91,190577,146,76265,76265,4452120,Large
325,2024 Q2,2024-06-30,Cafe,172554,172554,59932,59932,862773,91,304021,157,112622,112622,4436764,Large
325,2024 Q3,2024-09-30,Cafe,80144,80144,26159,26159,400720,92,132679,146,53985,53985,4436764,Large
325,2024 Q4,2024-12-31,Cafe,95895,95895,34201,34201,479479,92,173177,146,61694,61694,4436764,Large
325,2025 Q1,2025-03-31,Cafe,138063,138063,46106,46106,690318,91,233451,148,91957,91957,4436764,Large
326,2024 Q2,2024-06-30,Cafe,72221,72221,23902,23902,361106,91,126149,157,48319,48319,3532156,Large
326,2024 Q3,2024-09-30,Cafe,94651,94651,28484,28484,473258,92,151064,146,66167,66167,3532156,Large
326,2024 Q4,2024-12-31,Cafe,118697,118697,34823,34823,593487,92,183325,146,83874,83874,3532156,Large
326,2025 Q1,2025-03-31,Cafe,92647,92647,28011,28011,463237,91,147069,146,64636,64636,3532156,Large
327,2024 Q2,2024-06-30,Cafe,89790,89789,31935,31935,448949,91,165693,157,57855,57854,4115142,Large
327,2024 Q3,2024-09-30,Cafe,89804,89804,29909,29909,449021,92,155555,146,59895,59895,4115142,Large
327,2024 Q4,2024-12-31,Cafe,102685,102685,33965,33965,513429,92,175748,148,68720,68720,4115142,Large
327,2025 Q1,2025-03-31,Cafe,107155,107155,35795,35795,535778,91,185048,146,71360,71360,4115142,Large
328,2024 Q2,2024-06-30,Cafe,108088,108088,42355,42355,540443,91,211779,157,65733,65733,5247186,Large
328,2024 Q3,2024-09-30,Cafe,110278,110278,40596,40596,551392,92,202983,146,69682,69682,5247186,Large
328,2024 Q4,2024-12-31,Cafe,128304,128304,46126,46126,641521,92,230634,146,82178,82178,5247186,Large
328,2025 Q1,2025-03-31,Cafe,135957,135957,49086,49086,679788,91,245432,146,86871,86871,5247186,Large
329,2024 Q2,2024-06-30,Cafe,113149,113149,46675,46675,565745,91,241512,157,66474,66474,5143622,Large
329,2024 Q3,2024-09-30,Cafe,110880,110880,43219,43219,554403,92,224055,146,67661,67661,5143622,Large
329,2024 Q4,2024-12-31,Cafe,124411,124411,47746,47746,622057,92,246426,146,76665,76665,5143622,Large
329,2025 Q1,2025-03-31,Cafe,127551,127551,49380,49380,637759,91,254659,146,78171,78171,5143622,Large
330,2024 Q2,2024-06-30,Cafe,83417,83417,35986,35986,417087,91,186747,157,47431,47431,3913858,Large
330,2024 Q3,2024-09-30,Cafe,81466,81466,33009,33009,407331,92,171696,146,48457,48457,3913858,Large
330,2024 Q4,2024-12-31,Cafe,91862,91862,37201,37201,459313,92,192469,146,54661,54661,3913858,Large
330,2025 Q1,2025-03-31,Cafe,95357,95357,38998,38998,476789,91,201590,146,56359,56359,3913858,Large
331,2024 Q2,2024-06-30,Cafe,107192,107192,35937,35937,535963,91,187639,157,71255,71255,4770530,Large
331,2024 Q3,2024-09-30,Cafe,104534,104534,32804,32804,522674,92,171770,146,71730,71730,4770530,Large
331,2024 Q4,2024-12-31,Cafe,118243,118243,37063,37063,591218,92,192873,146,81180,81180,4770530,Large
331,2025 Q1,2025-03-31,Cafe,123873,123873,39285,39285,619365,91,204212,146,84588,84588,4770530,Large
332,2024 Q2,2024-06-30,Cafe,166252,166252,64496,64496,831263,91,326747,157,101756,101756,7075077,Large
332,2024 Q3,2024-09-30,Cafe,159091,159091,58360,58360,795457,92,295879,146,100731,100731,7075077,Large
332,2024 Q4,2024-12-31,Cafe,175105,175105,63688,63688,875527,92,322305,146,111417,111417,7075077,Large
332,2025 Q1,2025-03-31,Cafe,176918,176918,65075,65075,884592,91,329215,146,111843,111843,7075077,Large
333,2024 Q2,2024-06-30,Cafe,88725,88725,32009,32009,443626,91,179529,157,56716,56716,3570714,Large
333,2024 Q3,2024-09-30,Cafe,83092,83092,27935,27935,415463,92,158075,150,55157,55157,3570714,Large
333,2024 Q4,2024-12-31,Cafe,89227,89227,30148,30148,446139,92,168896,148,59079,59079,3570714,Large
333,2025 Q1,2025-03-31,Cafe,87647,87647,30265,30265,438236,91,168555,148,57382,57382,3570714,Large
334,2024 Q2,2024-06-30,Cafe,84010,84010,32262,32262,420053,91,164345,157,51748,51748,3132892,Large
334,2024 Q3,2024-09-30,Cafe,76553,76553,27852,27851,382768,92,142024,146,48701,48702,3132892,Large
334,2024 Q4,2024-12-31,Cafe,79892,79892,29096,29096,399463,92,147967,148,50796,50796,3132892,Large
334,2025 Q1,2025-03-31,Cafe,76159,76159,28217,28217,380796,91,143415,146,47942,47942,3132892,Large
335,2024 Q2,2024-06-30,Cafe,125444,125444,44287,44287,627223,91,229402,157,81157,81157,3952682,Large
335,2024 Q3,2024-09-30,Cafe,72322,72322,25159,25159,361612,92,130327,146,47163,47163,3952682,Large
335,2024 Q4,2024-12-31,Cafe,73505,73505,27106,27106,367529,92,139701,146,46399,46399,3952682,Large
335,2025 Q1,2025-03-31,Cafe,159390,159390,53488,53488,796953,91,276124,146,105902,105902,3952682,Large
336,2024 Q2,2024-06-30,Cafe,104613,104613,37011,37011,523068,91,195456,159,67602,67602,3670102,Large
336,2024 Q3,2024-09-30,Cafe,59572,59572,21142,21142,297862,92,111714,146,38430,38430,3670102,Large
336,2024 Q4,2024-12-31,Cafe,105424,105424,35826,35826,527123,92,189835,148,69598,69598,3670102,Large
336,2025 Q1,2025-03-31,Cafe,123902,123902,40460,40460,619510,91,213826,146,83442,83442,3670102,Large
337,2024 Q2,2024-06-30,Cafe,133513,133513,55024,55024,667565,91,275122,157,78489,78489,5923061,Large
337,2024 Q3,2024-09-30,Cafe,128567,128567,50279,50279,642837,92,251396,146,78288,78288,5923061,Large
337,2024 Q4,2024-12-31,Cafe,142878,142878,55171,55171,714390,92,275857,146,87707,87707,5923061,Large
337,2025 Q1,2025-03-31,Cafe,146373,146373,56988,56988,731866,91,284943,146,89385,89385,5923061,Large
338,2024 Q2,2024-06-30,Cafe,94970,94970,36351,36351,474852,91,188850,159,58619,58619,4145264,Large
338,2024 Q3,2024-09-30,Cafe,91546,91546,32898,32898,457730,92,171320,146,58648,58648,4145264,Large
338,2024 Q4,2024-12-31,Cafe,101646,101646,36442,36442,508231,92,188745,146,65204,65204,4145264,Large
338,2025 Q1,2025-03-31,Cafe,103743,103743,37646,37646,518718,91,194789,146,66097,66097,4145264,Large
339,2024 Q2,2024-06-30,Cafe,108905,108905,37935,37935,544525,91,193326,163,70970,70970,4500513,Large
339,2024 Q3,2024-09-30,Cafe,104581,104581,34343,34343,522906,92,175218,146,70238,70238,4500513,Large
339,2024 Q4,2024-12-31,Cafe,115129,115129,37599,37599,575646,92,191316,146,77530,77530,4500513,Large
339,2025 Q1,2025-03-31,Cafe,115927,115927,38310,38310,579635,91,194838,146,77617,77617,4500513,Large
340,2024 Q2,2024-06-30,Cafe,90037,90037,32295,32295,450187,91,163767,157,57742,57742,3976891,Large
340,2024 Q3,2024-09-30,Cafe,88729,88729,29961,29961,443648,92,152061,146,58768,58768,3976891,Large
340,2024 Q4,2024-12-31,Cafe,100113,100113,33427,33427,500569,92,169329,146,66686,66686,3976891,Large
340,2025 Q1,2025-03-31,Cafe,103213,103213,34784,34784,516069,91,176144,146,68429,68429,3976891,Large
341,2024 Q2,2024-06-30,Cafe,130095,130095,42698,42698,650477,91,227003,157,87397,87397,4505059,Large
341,2024 Q3,2024-09-30,Cafe,100605,100605,31497,31497,503025,92,168040,148,69108,69108,4505059,Large
341,2024 Q4,2024-12-31,Cafe,89570,89570,28872,28872,447851,92,153523,146,60698,60698,4505059,Large
341,2025 Q1,2025-03-31,Cafe,104779,104779,33904,33904,523897,91,179817,146,70875,70875,4505059,Large
342,2024 Q2,2024-06-30,Cafe,80862,80862,28899,28899,404311,91,151682,157,51963,51963,2932111,Large
342,2024 Q3,2024-09-30,Cafe,73193,73193,24729,24729,365965,92,130264,148,48464,48464,2932111,Large
342,2024 Q4,2024-12-31,Cafe,75838,75838,25653,25653,379192,92,134936,148,50185,50185,2932111,Large
342,2025 Q1,2025-03-31,Cafe,71734,71734,24821,24821,358670,91,130111,148,46913,46913,2932111,Large
343,2024 Q2,2024-06-30,Cafe,239635,239635,77175,77175,1198177,91,425442,157,162460,162460,7177554,Large
343,2024 Q3,2024-09-30,Cafe,180844,180844,53790,53790,904224,92,297688,146,127054,127054,7177554,Large
343,2024 Q4,2024-12-31,Cafe,174632,174632,54760,54760,873162,92,300641,146,119872,119872,7177554,Large
343,2025 Q1,2025-03-31,Cafe,162850,162850,52549,52549,814251,91,286840,146,110301,110301,7177554,Large
344,2024 Q2,2024-06-30,Cafe,85280,85280,33400,33400,426400,91,174279,157,51880,51880,4180015,Large
344,2024 Q3,2024-09-30,Cafe,86858,86858,31852,31852,434293,92,166657,146,55006,55006,4180015,Large
344,2024 Q4,2024-12-31,Cafe,100924,100924,36674,36674,504623,92,190771,146,64250,64250,4180015,Large
344,2025 Q1,2025-03-31,Cafe,106840,106840,39085,39085,534200,91,203127,146,67755,67755,4180015,Large
345,2024 Q2,2024-06-30,Cafe,92049,92049,33526,33526,460249,91,167634,157,58523,58523,3185786,Large
345,2024 Q3,2024-09-30,Cafe,82052,82052,28533,28533,410260,92,142666,146,53519,53519,3185786,Large
345,2024 Q4,2024-12-31,Cafe,83590,83590,29026,29026,417950,92,145130,146,54564,54564,3185786,Large
345,2025 Q1,2025-03-31,Cafe,77585,77585,27533,27533,387925,91,137666,148,50052,50052,3185786,Large
346,2024 Q2,2024-06-30,Cafe,84925,84925,31576,31576,424627,91,158679,157,53349,53349,3793242,Large
346,2024 Q3,2024-09-30,Cafe,93506,93505,32716,32716,467529,92,164482,146,60790,60789,3793242,Large
346,2024 Q4,2024-12-31,Cafe,84698,84698,30202,30202,423492,92,151721,146,54496,54496,3793242,Large
346,2025 Q1,2025-03-31,Cafe,78464,78464,27976,27976,392323,91,140508,146,50488,50488,3793242,Large
347,2024 Q2,2024-06-30,Cafe,65232,65232,24732,24732,326161,91,130434,157,40500,40500,3569796,Large
347,2024 Q3,2024-09-30,Cafe,92683,92683,32326,32326,463418,92,171534,148,60357,60357,3569796,Large
347,2024 Q4,2024-12-31,Cafe,73005,73005,25535,25535,365026,92,134173,146,47470,47470,3569796,Large
347,2025 Q1,2025-03-31,Cafe,62092,62092,22538,22538,310460,91,118144,146,39554,39554,3569796,Large
348,2024 Q2,2024-06-30,Cafe,114216,114216,43507,43507,571082,91,217539,159,70709,70709,4012319,Large
348,2024 Q3,2024-09-30,Cafe,102029,102029,36719,36719,510146,92,183599,146,65310,65310,4012319,Large
348,2024 Q4,2024-12-31,Cafe,104209,104209,37365,37365,521048,92,186829,146,66844,66844,4012319,Large
348,2025 Q1,2025-03-31,Cafe,97024,97024,35463,35463,485123,91,177315,146,61561,61561,4012319,Large
349,2024 Q2,2024-06-30,Cafe,119427,119427,46793,46793,597138,91,233965,159,72634,72634,5103861,Large
349,2024 Q3,2024-09-30,Cafe,115085,115085,42820,42820,575427,92,214103,146,72265,72265,5103861,Large
349,2024 Q4,2024-12-31,Cafe,127105,127105,46449,46449,635526,92,232249,146,80656,80656,5103861,Large
349,2025 Q1,2025-03-31,Cafe,128376,128376,47378,47378,641882,91,236890,148,80998,80998,5103861,Large
350,2024 Q2,2024-06-30,Cafe,72738,72738,28529,28529,363692,91,148979,159,44209,44209,3679894,Large
350,2024 Q3,2024-09-30,Cafe,78546,78546,29168,29168,392730,92,152816,146,49378,49378,3679894,Large
350,2024 Q4,2024-12-31,Cafe,119111,119111,42095,42095,595557,92,219452,146,77016,77016,3679894,Large
350,2025 Q1,2025-03-31,Cafe,102575,102575,36735,36735,512879,91,191165,148,65840,65840,3679894,Large
351,2024 Q2,2024-06-30,Cafe,156307,156307,65516,65516,781539,91,327580,159,90791,90791,7110736,Large
351,2024 Q3,2024-09-30,Cafe,153491,153491,60568,60568,767455,92,302840,146,92923,92923,7110736,Large
351,2024 Q4,2024-12-31,Cafe,172570,172570,67446,67446,862851,92,337232,146,105124,105124,7110736,Large
351,2025 Q1,2025-03-31,Cafe,177279,177279,69948,69948,886398,91,349743,146,107331,107331,7110736,Large
352,2024 Q2,2024-06-30,Cafe,246217,246217,97983,97983,1231085,91,489917,157,148234,148234,11740639,Large
352,2024 Q3,2024-09-30,Cafe,248425,248425,92890,92890,1242127,92,464451,148,155535,155535,11740639,Large
352,2024 Q4,2024-12-31,Cafe,286310,286310,105513,105513,1431550,92,527569,148,180797,180797,11740639,Large
352,2025 Q1,2025-03-31,Cafe,300928,300928,111696,111696,1504642,91,558483,146,189232,189232,11740639,Large
353,2024 Q2,2024-06-30,Cafe,213562,213563,74093,74093,1067815,91,411626,157,139469,139470,8063130,Large
353,2024 Q3,2024-09-30,Cafe,195736,195736,64057,64057,978680,92,358319,146,131679,131679,8063130,Large
353,2024 Q4,2024-12-31,Cafe,205594,205594,67844,67844,1027970,92,375824,146,137750,137750,8063130,Large
353,2025 Q1,2025-03-31,Cafe,197405,197405,66690,66690,987027,91,367430,146,130715,130715,8063130,Large
354,2024 Q2,2024-06-30,Cafe,178654,178654,68789,68789,893273,91,348551,157,109865,109865,6468740,Large
354,2024 Q3,2024-09-30,Cafe,160948,160948,58892,58892,804742,92,298606,146,102056,102056,6468740,Large
354,2024 Q4,2024-12-31,Cafe,165897,165897,60682,60682,829487,92,307092,148,105215,105215,6468740,Large
354,2025 Q1,2025-03-31,Cafe,156008,156008,58247,58247,780044,91,294638,148,97761,97761,6468740,Large
355,2024 Q2,2024-06-30,Cafe,350727,350727,107230,107230,1753639,91,593938,157,243497,243497,14296467,Large
355,2024 Q3,2024-09-30,Cafe,336627,336627,96267,96267,1683139,92,537316,146,240360,240360,14296467,Large
355,2024 Q4,2024-12-31,Cafe,370343,370343,105594,105594,1851719,92,584873,148,264749,264749,14296467,Large
355,2025 Q1,2025-03-31,Cafe,372628,372628,108195,108195,1863140,91,596190,148,264433,264433,14296467,Large
356,2024 Q2,2024-06-30,Cafe,61289,61289,25052,25052,306448,91,129761,157,36237,36237,3556707,Large
356,2024 Q3,2024-09-30,Cafe,100484,100484,37154,37154,502420,92,193338,146,63330,63330,3556707,Large
356,2024 Q4,2024-12-31,Cafe,101362,101362,36159,36159,506814,92,187083,146,65203,65203,3556707,Large
356,2025 Q1,2025-03-31,Cafe,88166,88166,33189,33189,440830,91,171490,146,54977,54977,3556707,Large
357,2024 Q2,2024-06-30,Cafe,105801,105801,38097,38097,529008,91,192939,157,67704,67704,3741047,Large
357,2024 Q3,2024-09-30,Cafe,95118,95118,32453,32453,475593,92,164470,146,62665,62665,3741047,Large
357,2024 Q4,2024-12-31,Cafe,97839,97839,33434,33434,489199,92,169124,146,64405,64405,3741047,Large
357,2025 Q1,2025-03-31,Cafe,91814,91814,31966,31965,459073,91,161631,152,59848,59849,3741047,Large
358,2024 Q2,2024-06-30,Cafe,114134,114134,38601,38601,570671,91,214302,159,75533,75533,4951477,Large
358,2024 Q3,2024-09-30,Cafe,109648,109648,34512,34512,548242,92,193194,146,75136,75136,4951477,Large
358,2024 Q4,2024-12-31,Cafe,121781,121781,38483,38483,608906,92,213442,146,83298,83298,4951477,Large
358,2025 Q1,2025-03-31,Cafe,125080,125079,40235,40235,625399,91,222052,148,84845,84844,4951477,Large
359,2024 Q2,2024-06-30,Cafe,83616,83616,30859,30859,418080,91,154298,157,52757,52757,3666702,Large
359,2024 Q3,2024-09-30,Cafe,82004,82004,28507,28507,410021,92,142535,146,53497,53497,3666702,Large
359,2024 Q4,2024-12-31,Cafe,92109,92110,31685,31685,460550,92,158425,146,60424,60425,3666702,Large
359,2025 Q1,2025-03-31,Cafe,94561,94561,32837,32837,472809,91,164188,146,61724,61724,3666702,Large
360,2024 Q2,2024-06-30,Cafe,121508,121508,49471,49471,607544,91,247356,157,72037,72037,5217356,Large
360,2024 Q3,2024-09-30,Cafe,116509,116509,45071,45071,582545,92,225355,146,71438,71438,5217356,Large
360,2024 Q4,2024-12-31,Cafe,128310,128310,48926,48926,641553,92,244631,146,79384,79384,5217356,Large
360,2025 Q1,2025-03-31,Cafe,129457,129457,49870,49870,647286,91,249350,146,79587,79587,5217356,Large
361,2024 Q2,2024-06-30,Cafe,103303,103303,37986,37986,516516,91,197581,157,65317,65317,4866039,Large
361,2024 Q3,2024-09-30,Cafe,104179,104179,35843,35843,520898,92,186914,146,68336,68336,4866039,Large
361,2024 Q4,2024-12-31,Cafe,120006,120006,40853,40853,600034,92,211905,148,79153,79153,4866039,Large
361,2025 Q1,2025-03-31,Cafe,126068,126068,43315,43315,630342,91,224465,146,82753,82753,4866039,Large
362,2024 Q2,2024-06-30,Cafe,108253,108253,39249,39249,541265,91,196246,157,69004,69004,4249379,Large
362,2024 Q3,2024-09-30,Cafe,93963,93963,33363,33363,469817,92,166818,146,60600,60600,4249379,Large
362,2024 Q4,2024-12-31,Cafe,87039,87039,30542,30542,435199,92,152714,146,56497,56497,4249379,Large
362,2025 Q1,2025-03-31,Cafe,106012,106012,38011,38011,530060,91,190055,146,68001,68001,4249379,Large
363,2024 Q2,2024-06-30,Fine_Dine_Meat,398234,398235,102425,102425,1991175,91,512128,101,295809,295810,16814412,Large
363,2024 Q3,2024-09-30,Fine_Dine_Meat,387466,387465,94867,94867,1937329,92,474335,94,292599,292598,16814412,Large
363,2024 Q4,2024-12-31,Fine_Dine_Meat,528649,528648,123376,123376,2643244,92,616880,96,405273,405272,16814412,Large
363,2025 Q1,2025-03-31,Fine_Dine_Meat,519449,519449,122346,122346,2597246,91,611731,94,397103,397103,16814412,Large
364,2024 Q2,2024-06-30,Fine_Dine_Meat,199801,199801,46928,46928,999007,91,234640,103,152873,152873,7702148,Large
364,2024 Q3,2024-09-30,Fine_Dine_Meat,189875,189875,42247,42247,949375,92,211238,94,147628,147628,7702148,Large
364,2024 Q4,2024-12-31,Fine_Dine_Meat,251807,251807,54609,54609,1259037,92,273047,94,197198,197198,7702148,Large
364,2025 Q1,2025-03-31,Fine_Dine_Meat,239433,239433,52581,52581,1197167,91,262906,94,186852,186852,7702148,Large
365,2024 Q2,2024-06-30,Fine_Dine_Meat,180847,180847,44597,44597,904235,91,235516,101,136250,136250,6668856,Large
365,2024 Q3,2024-09-30,Fine_Dine_Meat,167387,167387,39349,39349,836938,92,208179,94,128038,128038,6668856,Large
365,2024 Q4,2024-12-31,Fine_Dine_Meat,216096,216096,50002,50002,1080483,92,260854,94,166094,166094,6668856,Large
365,2025 Q1,2025-03-31,Fine_Dine_Meat,200059,200059,47223,47223,1000299,91,245338,94,152836,152836,6668856,Large
366,2024 Q2,2024-06-30,Fine_Dine_Meat,207839,207839,52724,52724,1039198,91,263622,101,155115,155115,6693132,Large
366,2024 Q3,2024-09-30,Fine_Dine_Meat,144831,144831,35760,35760,724157,92,178801,94,109071,109071,6693132,Large
366,2024 Q4,2024-12-31,Fine_Dine_Meat,146002,146002,36667,36667,730014,92,183337,94,109335,109335,6693132,Large
366,2025 Q1,2025-03-31,Fine_Dine_Meat,169642,169642,42686,42686,848212,91,213431,94,126956,126956,6693132,Large
367,2024 Q2,2024-06-30,Fine_Dine_Meat,178121,178121,40371,40371,890608,91,201856,101,137750,137750,6021426,Large
367,2024 Q3,2024-09-30,Fine_Dine_Meat,160980,160981,34894,34895,804905,92,174475,94,126086,126086,6021426,Large
367,2024 Q4,2024-12-31,Fine_Dine_Meat,202590,202590,42675,42675,1012954,92,213375,94,159915,159915,6021426,Large
367,2025 Q1,2025-03-31,Fine_Dine_Meat,182620,182620,39195,39195,913104,91,195979,94,143425,143425,6021426,Large
368,2024 Q2,2024-06-30,Fine_Dine_Meat,217092,217092,50011,50011,1085461,91,250056,101,167081,167081,7643225,Large
368,2024 Q3,2024-09-30,Fine_Dine_Meat,140869,140869,32256,32256,704348,92,161282,94,108613,108613,7643225,Large
368,2024 Q4,2024-12-31,Fine_Dine_Meat,181059,181059,40983,40983,905298,92,204917,94,140076,140076,7643225,Large
368,2025 Q1,2025-03-31,Fine_Dine_Meat,250445,250445,55217,55217,1252228,91,276088,96,195228,195228,7643225,Large
369,2024 Q2,2024-06-30,Fine_Dine_Meat,174637,174637,35368,35368,873186,91,197623,101,139269,139269,7939168,Large
369,2024 Q3,2024-09-30,Fine_Dine_Meat,178881,178881,33921,33921,894409,92,190843,94,144960,144960,7939168,Large
369,2024 Q4,2024-12-31,Fine_Dine_Meat,254319,254319,46462,46462,1271595,92,258961,94,207857,207857,7939168,Large
369,2025 Q1,2025-03-31,Fine_Dine_Meat,257622,257622,48348,48348,1288111,91,264674,94,209274,209274,7939168,Large
370,2024 Q2,2024-06-30,Fine_Dine_Meat,189632,189632,52316,52317,948164,91,261585,101,137316,137315,8756204,Large
370,2024 Q3,2024-09-30,Fine_Dine_Meat,192425,192425,50273,50273,962129,92,251367,94,142152,142152,8756204,Large
370,2024 Q4,2024-12-31,Fine_Dine_Meat,271343,271343,66905,66905,1356715,92,334528,94,204438,204438,8756204,Large
370,2025 Q1,2025-03-31,Fine_Dine_Meat,272940,272940,67751,67751,1364700,91,338759,94,205189,205189,8756204,Large
371,2024 Q2,2024-06-30,Fine_Dine_Meat,177046,177046,41471,41471,885230,91,207358,101,135575,135575,5429882,Large
371,2024 Q3,2024-09-30,Fine_Dine_Meat,174829,174829,39047,39047,874148,92,195239,94,135782,135782,5429882,Large
371,2024 Q4,2024-12-31,Fine_Dine_Meat,199390,199390,41795,41795,996951,92,208976,94,157595,157595,5429882,Large
371,2025 Q1,2025-03-31,Fine_Dine_Meat,149021,149021,33375,33375,745108,91,166878,94,115646,115646,5429882,Large
372,2024 Q2,2024-06-30,Fine_Dine_Meat,171779,171779,41018,41018,858895,91,205092,101,130761,130761,8194399,Large
372,2024 Q3,2024-09-30,Fine_Dine_Meat,146581,146581,34097,34097,732906,92,170487,94,112484,112484,8194399,Large
372,2024 Q4,2024-12-31,Fine_Dine_Meat,249791,249791,55206,55206,1248956,92,276031,94,194585,194585,8194399,Large
372,2025 Q1,2025-03-31,Fine_Dine_Meat,305479,305480,66724,66724,1527400,91,333624,94,238755,238756,8194399,Large
373,2024 Q2,2024-06-30,Fine_Dine_Meat,347289,347289,87634,87634,1736445,91,438171,103,259655,259655,12758432,Large
373,2024 Q3,2024-09-30,Fine_Dine_Meat,321620,321620,77439,77439,1608104,92,387198,94,244181,244181,12758432,Large
373,2024 Q4,2024-12-31,Fine_Dine_Meat,415627,415627,97061,97061,2078136,92,485308,94,318566,318566,12758432,Large
373,2025 Q1,2025-03-31,Fine_Dine_Meat,385331,385331,91384,91384,1926659,91,456920,94,293947,293947,12758432,Large
374,2024 Q2,2024-06-30,Fine_Dine_Meat,184717,184717,38867,38867,923589,91,229859,107,145850,145850,8386179,Large
374,2024 Q3,2024-09-30,Fine_Dine_Meat,184968,184968,36334,36334,924840,92,217012,94,148634,148634,8386179,Large
374,2024 Q4,2024-12-31,Fine_Dine_Meat,260631,260631,51154,51154,1303156,92,297317,94,209477,209477,8386179,Large
374,2025 Q1,2025-03-31,Fine_Dine_Meat,264453,264453,53763,53763,1322268,91,305489,94,210690,210690,8386179,Large
375,2024 Q2,2024-06-30,Fine_Dine_Meat,162019,162019,38541,38541,810099,91,192706,101,123478,123478,7351664,Large
375,2024 Q3,2024-09-30,Fine_Dine_Meat,165179,165179,37109,37109,825898,92,185546,94,128070,128070,7351664,Large
375,2024 Q4,2024-12-31,Fine_Dine_Meat,233847,233847,50150,50150,1169237,92,250754,94,183697,183697,7351664,Large
375,2025 Q1,2025-03-31,Fine_Dine_Meat,235998,235998,50892,50892,1179993,91,254463,94,185106,185106,7351664,Large
376,2024 Q2,2024-06-30,Fine_Dine_Meat,169369,169369,45992,45992,846849,91,229962,101,123377,123377,6156790,Large
376,2024 Q3,2024-09-30,Fine_Dine_Meat,167686,167686,42790,42790,838430,92,213954,94,124896,124896,6156790,Large
376,2024 Q4,2024-12-31,Fine_Dine_Meat,188848,188848,47225,47225,944240,92,236127,94,141623,141623,6156790,Large
376,2025 Q1,2025-03-31,Fine_Dine_Meat,153142,153142,39883,39883,765712,91,199417,94,113259,113259,6156790,Large
377,2024 Q2,2024-06-30,Fine_Dine_Meat,168537,168537,45578,45578,842686,91,227893,101,122959,122959,6676104,Large
377,2024 Q3,2024-09-30,Fine_Dine_Meat,160180,160180,41130,41130,800902,92,205654,96,119050,119050,6676104,Large
377,2024 Q4,2024-12-31,Fine_Dine_Meat,212463,212463,52704,52704,1062319,92,263523,94,159759,159759,6676104,Large
377,2025 Q1,2025-03-31,Fine_Dine_Meat,202070,202070,50623,50623,1010350,91,253115,94,151447,151447,6676104,Large
378,2024 Q2,2024-06-30,Fine_Dine_Meat,141570,141570,35353,35353,707854,91,185733,101,106217,106217,6142864,Large
378,2024 Q3,2024-09-30,Fine_Dine_Meat,139216,139216,33011,33011,696081,92,173729,94,106205,106205,6142864,Large
378,2024 Q4,2024-12-31,Fine_Dine_Meat,191957,191956,43809,43809,959784,92,227847,94,148148,148147,6142864,Large
378,2025 Q1,2025-03-31,Fine_Dine_Meat,190336,190336,43941,43941,951684,91,227719,94,146395,146395,6142864,Large
379,2024 Q2,2024-06-30,Fine_Dine_Meat,315108,315108,82956,82956,1575541,91,461550,103,232152,232152,14080139,Large
379,2024 Q3,2024-09-30,Fine_Dine_Meat,311583,311583,76953,76953,1557916,92,430957,94,234630,234630,14080139,Large
379,2024 Q4,2024-12-31,Fine_Dine_Meat,430952,430952,104586,104586,2154762,92,579312,94,326366,326366,14080139,Large
379,2025 Q1,2025-03-31,Fine_Dine_Meat,427451,427451,106945,106945,2137257,91,582246,94,320506,320506,14080139,Large
380,2024 Q2,2024-06-30,Fine_Dine_Meat,371403,371403,94331,94331,1857015,91,471657,101,277072,277072,13735120,Large
380,2024 Q3,2024-09-30,Fine_Dine_Meat,333039,333039,80208,80208,1665199,92,401042,94,252831,252831,13735120,Large
380,2024 Q4,2024-12-31,Fine_Dine_Meat,390869,390869,92901,92901,1954349,92,464508,94,297968,297968,13735120,Large
380,2025 Q1,2025-03-31,Fine_Dine_Meat,401800,401800,96518,96519,2009001,91,482595,94,305282,305281,13735120,Large
381,2024 Q2,2024-06-30,Fine_Dine_Meat,534299,534299,130063,130063,2671498,91,650316,101,404236,404236,21228713,Large
381,2024 Q3,2024-09-30,Fine_Dine_Meat,514153,514153,118731,118731,2570765,92,593656,94,395422,395422,21228713,Large
381,2024 Q4,2024-12-31,Fine_Dine_Meat,687529,687529,153563,153563,3437646,92,767817,96,533966,533966,21228713,Large
381,2025 Q1,2025-03-31,Fine_Dine_Meat,662668,662668,149492,149492,3313341,91,747460,94,513176,513176,21228713,Large
382,2024 Q2,2024-06-30,Fine_Dine_Meat,98766,98766,23568,23568,493834,91,130867,103,75198,75198,5809463,Large
382,2024 Q3,2024-09-30,Fine_Dine_Meat,92933,92933,21144,21144,464668,92,118222,94,71789,71789,5809463,Large
382,2024 Q4,2024-12-31,Fine_Dine_Meat,174611,174611,37690,37690,873055,92,209655,94,136921,136921,5809463,Large
382,2025 Q1,2025-03-31,Fine_Dine_Meat,263308,263308,55359,55359,1316543,91,303182,94,207949,207949,5809463,Large
383,2024 Q2,2024-06-30,Fine_Dine_Meat,133875,133875,34420,34420,669379,91,172102,101,99455,99455,5385956,Large
383,2024 Q3,2024-09-30,Fine_Dine_Meat,128548,128548,31616,31616,642743,92,158084,94,96932,96932,5385956,Large
383,2024 Q4,2024-12-31,Fine_Dine_Meat,174865,174866,40578,40578,874330,92,202891,94,134287,134288,5385956,Large
383,2025 Q1,2025-03-31,Fine_Dine_Meat,168494,168495,39506,39506,842475,91,197533,94,128988,128989,5385956,Large
384,2024 Q2,2024-06-30,Fine_Dine_Meat,132843,132843,32744,32744,664219,91,194457,101,100099,100099,5391664,Large
384,2024 Q3,2024-09-30,Fine_Dine_Meat,126543,126543,29308,29308,632717,92,175665,94,97235,97235,5391664,Large
384,2024 Q4,2024-12-31,Fine_Dine_Meat,168287,168287,39144,39144,841437,92,228016,94,129143,129143,5391664,Large
384,2025 Q1,2025-03-31,Fine_Dine_Meat,160515,160515,38912,38912,802577,91,221349,94,121603,121603,5391664,Large
385,2024 Q2,2024-06-30,Fine_Dine_Meat,202645,202645,52597,52597,1013226,91,262985,101,150048,150048,9021185,Large
385,2024 Q3,2024-09-30,Fine_Dine_Meat,203450,203450,50110,50110,1017250,92,250554,94,153340,153340,9021185,Large
385,2024 Q4,2024-12-31,Fine_Dine_Meat,284092,284092,66065,66065,1420460,92,330325,96,218027,218027,9021185,Large
385,2025 Q1,2025-03-31,Fine_Dine_Meat,283247,283247,66303,66303,1416238,91,331516,94,216944,216944,9021185,Large
386,2024 Q2,2024-06-30,Fine_Dine_Meat,710259,710259,189098,189098,3551297,91,945494,103,521161,521161,30164026,Large
386,2024 Q3,2024-09-30,Fine_Dine_Meat,693887,693887,174236,174236,3469438,92,871182,94,519651,519651,30164026,Large
386,2024 Q4,2024-12-31,Fine_Dine_Meat,947793,947793,232782,232782,4738967,92,1163913,94,715011,715011,30164026,Large
386,2025 Q1,2025-03-31,Fine_Dine_Meat,928616,928616,230450,230450,4643083,91,1152250,96,698166,698166,30164026,Large
387,2024 Q2,2024-06-30,Fine_Dine_Meat,150396,150396,40030,40030,751981,91,200151,101,110366,110366,6328928,Large
387,2024 Q3,2024-09-30,Fine_Dine_Meat,146500,146500,36974,36974,732502,92,184874,94,109526,109526,6328928,Large
387,2024 Q4,2024-12-31,Fine_Dine_Meat,199420,199420,48512,48512,997102,92,242563,94,150908,150908,6328928,Large
387,2025 Q1,2025-03-31,Fine_Dine_Meat,194669,194669,47878,47878,973348,91,239392,94,146791,146791,6328928,Large
388,2024 Q2,2024-06-30,Fine_Dine_Meat,150671,150671,32017,32017,753355,91,190409,101,118654,118654,5569358,Large
388,2024 Q3,2024-09-30,Fine_Dine_Meat,210622,210622,39197,39197,1053113,92,237940,94,171425,171425,5569358,Large
388,2024 Q4,2024-12-31,Fine_Dine_Meat,237669,237669,44494,44494,1188346,92,260318,94,193175,193175,5569358,Large
388,2025 Q1,2025-03-31,Fine_Dine_Meat,110653,110653,25818,25818,553267,91,145583,94,84835,84835,5569358,Large
389,2024 Q2,2024-06-30,Fine_Dine_Meat,192808,192808,39681,39681,964040,91,222500,103,153127,153127,7019312,Large
389,2024 Q3,2024-09-30,Fine_Dine_Meat,179117,179117,34720,34720,895589,92,195995,94,144397,144397,7019312,Large
389,2024 Q4,2024-12-31,Fine_Dine_Meat,232226,232226,44676,44676,1161131,92,248976,94,187550,187550,7019312,Large
389,2025 Q1,2025-03-31,Fine_Dine_Meat,216009,216009,43142,43142,1080045,91,235944,94,172867,172867,7019312,Large
390,2024 Q2,2024-06-30,Fine_Dine_Meat,199007,199007,49628,49628,995037,91,248141,101,149379,149379,5478748,Large
390,2024 Q3,2024-09-30,Fine_Dine_Meat,209125,209125,47624,47624,1045628,92,238124,94,161501,161501,5478748,Large
390,2024 Q4,2024-12-31,Fine_Dine_Meat,113702,113702,27925,27925,568514,92,139628,94,85777,85777,5478748,Large
390,2025 Q1,2025-03-31,Fine_Dine_Meat,144923,144923,35342,35342,724618,91,176710,96,109581,109581,5478748,Large
391,2024 Q2,2024-06-30,Fine_Dine_Meat,211218,211218,41117,41117,1056094,91,232064,101,170101,170101,6480533,Large
391,2024 Q3,2024-09-30,Fine_Dine_Meat,144243,144243,27158,27158,721216,92,153843,94,117085,117085,6480533,Large
391,2024 Q4,2024-12-31,Fine_Dine_Meat,151655,151655,29712,29712,758277,92,165726,94,121943,121943,6480533,Large
391,2025 Q1,2025-03-31,Fine_Dine_Meat,219596,219596,42295,42295,1097984,91,232589,94,177301,177301,6480533,Large
392,2024 Q2,2024-06-30,Fine_Dine_Meat,213113,213113,50735,50735,1065569,91,267599,105,162378,162378,6326374,Large
392,2024 Q3,2024-09-30,Fine_Dine_Meat,144409,144409,31529,31529,722046,92,166013,94,112880,112880,6326374,Large
392,2024 Q4,2024-12-31,Fine_Dine_Meat,182339,182339,41555,41555,911699,92,215946,94,140784,140784,6326374,Large
392,2025 Q1,2025-03-31,Fine_Dine_Meat,164770,164770,39074,39074,823852,91,202384,94,125696,125696,6326374,Large
393,2024 Q2,2024-06-30,Fine_Dine_Meat,299548,299548,73908,73908,1497740,91,369542,101,225640,225640,12521604,Large
393,2024 Q3,2024-09-30,Fine_Dine_Meat,292383,292383,68426,68426,1461915,92,342132,94,223957,223957,12521604,Large
393,2024 Q4,2024-12-31,Fine_Dine_Meat,399244,399244,89868,89868,1996221,92,449342,94,309376,309376,12521604,Large
393,2025 Q1,2025-03-31,Fine_Dine_Meat,391267,391268,88990,88990,1956340,91,444954,94,302277,302278,12521604,Large
394,2024 Q2,2024-06-30,Fine_Dine_Meat,266467,266467,61091,61091,1332336,91,339618,105,205376,205376,9474355,Large
394,2024 Q3,2024-09-30,Fine_Dine_Meat,243413,243413,53045,53045,1217066,92,296457,94,190368,190368,9474355,Large
394,2024 Q4,2024-12-31,Fine_Dine_Meat,309952,309952,66418,66418,1549760,92,367142,94,243534,243534,9474355,Large
394,2025 Q1,2025-03-31,Fine_Dine_Meat,282946,282946,63160,63160,1414731,91,342992,96,219786,219786,9474355,Large
395,2024 Q2,2024-06-30,Fine_Dine_Meat,309352,309352,73909,73909,1546761,91,410990,101,235443,235443,11015325,Large
395,2024 Q3,2024-09-30,Fine_Dine_Meat,273720,273720,62009,62009,1368600,92,346618,96,211711,211711,11015325,Large
395,2024 Q4,2024-12-31,Fine_Dine_Meat,315653,315653,71669,71669,1578266,92,395541,94,243984,243984,11015325,Large
395,2025 Q1,2025-03-31,Fine_Dine_Meat,292310,292310,69414,69414,1461550,91,376568,96,222896,222896,11015325,Large
396,2024 Q2,2024-06-30,Fine_Dine_Meat,374558,374558,92121,92121,1872790,91,485537,101,282437,282437,13470617,Large
396,2024 Q3,2024-09-30,Fine_Dine_Meat,343358,343358,80548,80548,1716790,92,425275,94,262810,262810,13470617,Large
396,2024 Q4,2024-12-31,Fine_Dine_Meat,438790,438790,101495,101495,2193952,92,528632,94,337295,337295,13470617,Large
396,2025 Q1,2025-03-31,Fine_Dine_Meat,401997,401997,94956,94956,2009989,91,492580,94,307041,307041,13470617,Large
397,2024 Q2,2024-06-30,Fine_Dine_Meat,121841,121841,32877,32877,609206,91,173135,101,88964,88964,5601158,Large
397,2024 Q3,2024-09-30,Fine_Dine_Meat,105978,105978,25962,25962,529894,92,136774,94,80016,80016,5601158,Large
397,2024 Q4,2024-12-31,Fine_Dine_Meat,147988,147988,35904,35904,739941,92,186800,94,112084,112084,5601158,Large
397,2025 Q1,2025-03-31,Fine_Dine_Meat,180432,180432,45304,45304,902162,91,235202,94,135128,135128,5601158,Large
398,2024 Q2,2024-06-30,Fine_Dine_Meat,190372,190372,52755,52755,951861,91,263778,101,137617,137617,9428701,Large
398,2024 Q3,2024-09-30,Fine_Dine_Meat,199687,199687,52105,52105,998435,92,260528,94,147582,147582,9428701,Large
398,2024 Q4,2024-12-31,Fine_Dine_Meat,289515,289515,70844,70844,1447575,92,354224,94,218671,218671,9428701,Large
398,2025 Q1,2025-03-31,Fine_Dine_Meat,297999,297999,73098,73098,1489998,91,365491,96,224901,224901,9428701,Large
399,2024 Q2,2024-06-30,Fine_Dine_Meat,297343,297343,71234,71234,1486719,91,398814,101,226109,226109,13092131,Large
399,2024 Q3,2024-09-30,Fine_Dine_Meat,293228,293228,66189,66189,1466142,92,372956,94,227039,227039,13092131,Large
399,2024 Q4,2024-12-31,Fine_Dine_Meat,405982,405982,88555,88555,2029910,92,494114,94,317427,317427,13092131,Large
399,2025 Q1,2025-03-31,Fine_Dine_Meat,404484,404484,90838,90838,2022421,91,497658,94,313646,313646,13092131,Large
400,2024 Q2,2024-06-30,Fine_Dine_Meat,202341,202341,54464,54464,1011708,91,272323,101,147877,147877,9649936,Large
400,2024 Q3,2024-09-30,Fine_Dine_Meat,209128,209128,53229,53229,1045644,92,266147,94,155899,155899,9649936,Large
400,2024 Q4,2024-12-31,Fine_Dine_Meat,299532,299533,70706,70706,1497665,92,353532,94,228826,228827,9649936,Large
400,2025 Q1,2025-03-31,Fine_Dine_Meat,305257,305257,72242,72242,1526287,91,361212,94,233015,233015,9649936,Large
401,2024 Q2,2024-06-30,Fine_Dine_Meat,537757,537757,132369,132369,2688786,91,661846,103,405388,405388,23361456,Large
401,2024 Q3,2024-09-30,Fine_Dine_Meat,560252,560252,129976,129976,2801261,92,649884,96,430276,430276,23361456,Large
401,2024 Q4,2024-12-31,Fine_Dine_Meat,815701,815700,180855,180855,4078504,92,904276,94,634846,634845,23361456,Large
401,2025 Q1,2025-03-31,Fine_Dine_Meat,777599,777598,174058,174058,3887994,91,870294,96,603541,603540,23361456,Large
402,2024 Q2,2024-06-30,Fine_Dine_Meat,276276,276276,75127,75127,1381381,91,375637,101,201149,201149,11156208,Large
402,2024 Q3,2024-09-30,Fine_Dine_Meat,264205,264205,68470,68470,1321027,92,342352,94,195735,195735,11156208,Large
402,2024 Q4,2024-12-31,Fine_Dine_Meat,356110,356110,88677,88677,1780553,92,443389,94,267433,267433,11156208,Large
402,2025 Q1,2025-03-31,Fine_Dine_Meat,337969,337969,85460,85460,1689847,91,427303,94,252509,252509,11156208,Large
403,2024 Q2,2024-06-30,Fine_Dine_Meat,319911,319911,83385,83384,1599555,91,416924,103,236526,236527,13667258,Large
403,2024 Q3,2024-09-30,Fine_Dine_Meat,311519,311519,76879,76879,1557597,92,384396,94,234640,234640,13667258,Large
403,2024 Q4,2024-12-31,Fine_Dine_Meat,426037,426037,102022,102022,2130187,92,510114,94,324015,324015,13667258,Large
403,2025 Q1,2025-03-31,Fine_Dine_Meat,420426,420426,101685,101685,2102132,91,508427,94,318741,318741,13667258,Large
404,2024 Q2,2024-06-30,Fine_Dine_Meat,199786,199786,50776,50776,998930,91,253881,101,149010,149010,8362472,Large
404,2024 Q3,2024-09-30,Fine_Dine_Meat,194172,194172,46793,46793,970860,92,233968,96,147379,147379,8362472,Large
404,2024 Q4,2024-12-31,Fine_Dine_Meat,264384,264384,61559,61559,1321920,92,307798,94,202825,202825,8362472,Large
404,2025 Q1,2025-03-31,Fine_Dine_Meat,258917,258917,60839,60839,1294587,91,304196,94,198078,198078,8362472,Large
405,2024 Q2,2024-06-30,Fine_Dine_Meat,715404,715404,163589,163589,3577020,91,817946,101,551815,551815,28213686,Large
405,2024 Q3,2024-09-30,Fine_Dine_Meat,764003,764003,163322,163322,3820018,92,816612,96,600681,600681,28213686,Large
405,2024 Q4,2024-12-31,Fine_Dine_Meat,1001619,1001619,206942,206942,5008099,92,1034710,94,794677,794677,28213686,Large
405,2025 Q1,2025-03-31,Fine_Dine_Meat,851444,851444,179842,179842,4257223,91,899211,94,671602,671602,28213686,Large
406,2024 Q2,2024-06-30,Fine_Dine_Meat,414187,414187,106791,106791,2070939,91,533957,101,307396,307396,14981830,Large
406,2024 Q3,2024-09-30,Fine_Dine_Meat,430779,430779,103833,103832,2153899,92,519164,94,326946,326947,14981830,Large
406,2024 Q4,2024-12-31,Fine_Dine_Meat,507204,507204,118933,118933,2536020,92,594669,94,388271,388271,14981830,Large
406,2025 Q1,2025-03-31,Fine_Dine_Meat,392404,392404,96661,96661,1962021,91,483308,94,295743,295743,14981830,Large
407,2024 Q2,2024-06-30,Fine_Dine_Meat,206416,206416,46753,46753,1032082,91,233765,101,159663,159663,6217727,Large
407,2024 Q3,2024-09-30,Fine_Dine_Meat,187469,187469,40231,40231,937346,92,201155,94,147238,147238,6217727,Large
407,2024 Q4,2024-12-31,Fine_Dine_Meat,181906,181906,39032,39032,909533,92,195163,96,142874,142874,6217727,Large
407,2025 Q1,2025-03-31,Fine_Dine_Meat,132877,132877,30588,30588,664385,91,152940,94,102289,102289,6217727,Large
408,2024 Q2,2024-06-30,Fine_Dine_Meat,309544,309544,79052,79052,1547724,91,440875,101,230492,230492,14716960,Large
408,2024 Q3,2024-09-30,Fine_Dine_Meat,317462,317462,75962,75962,1587310,92,426480,94,241500,241500,14716960,Large
408,2024 Q4,2024-12-31,Fine_Dine_Meat,451754,451754,102928,102928,2258774,92,573259,96,348826,348826,14716960,Large
408,2025 Q1,2025-03-31,Fine_Dine_Meat,457919,457919,107093,107093,2289597,91,585942,94,350826,350826,14716960,Large
409,2024 Q2,2024-06-30,Fine_Dine_Meat,189494,189494,45997,45997,947473,91,229986,101,143497,143497,5836690,Large
409,2024 Q3,2024-09-30,Fine_Dine_Meat,138082,138082,32499,32499,690412,92,162498,94,105583,105583,5836690,Large
409,2024 Q4,2024-12-31,Fine_Dine_Meat,147457,147457,34745,34745,737288,92,173726,94,112712,112712,5836690,Large
409,2025 Q1,2025-03-31,Fine_Dine_Meat,167125,167125,39240,39240,835628,91,196203,94,127885,127885,5836690,Large
410,2024 Q2,2024-06-30,Fine_Dine_Meat,144670,144670,35725,35725,723352,91,178626,101,108945,108945,5981070,Large
410,2024 Q3,2024-09-30,Fine_Dine_Meat,140079,140079,32890,32890,700399,92,164450,94,107189,107189,5981070,Large
410,2024 Q4,2024-12-31,Fine_Dine_Meat,190095,190095,42878,42878,950476,92,214394,96,147217,147217,5981070,Large
410,2025 Q1,2025-03-31,Fine_Dine_Meat,185735,185735,42306,42306,928678,91,211532,94,143429,143429,5981070,Large
411,2024 Q2,2024-06-30,Fine_Dine_Meat,160168,160168,32973,32973,800840,91,197572,101,127195,127195,5674691,Large
411,2024 Q3,2024-09-30,Fine_Dine_Meat,146492,146492,28521,28521,732463,92,172397,94,117971,117971,5674691,Large
411,2024 Q4,2024-12-31,Fine_Dine_Meat,186773,186774,36537,36537,933870,92,214345,94,150236,150237,5674691,Large
411,2025 Q1,2025-03-31,Fine_Dine_Meat,170716,170716,35017,35017,853580,91,200244,96,135699,135699,5674691,Large
412,2024 Q2,2024-06-30,Fine_Dine_Meat,342682,342682,75195,75195,1713410,91,421155,101,267487,267487,14191884,Large
412,2024 Q3,2024-09-30,Fine_Dine_Meat,331912,331912,68507,68507,1659564,92,386271,94,263405,263405,14191884,Large
412,2024 Q4,2024-12-31,Fine_Dine_Meat,450747,450747,91251,91251,2253737,92,508662,96,359496,359496,14191884,Large
412,2025 Q1,2025-03-31,Fine_Dine_Meat,440936,440936,92223,92223,2204682,91,504691,94,348713,348713,14191884,Large
413,2024 Q2,2024-06-30,Fine_Dine_Meat,345587,345587,91253,91253,1727937,91,456269,101,254334,254334,16257048,Large
413,2024 Q3,2024-09-30,Fine_Dine_Meat,355090,355090,88506,88506,1775454,92,442532,94,266584,266584,16257048,Large
413,2024 Q4,2024-12-31,Fine_Dine_Meat,506135,506135,119528,119528,2530676,92,597640,94,386607,386607,16257048,Large
413,2025 Q1,2025-03-31,Fine_Dine_Meat,513777,513777,121818,121818,2568889,91,609093,94,391959,391959,16257048,Large
414,2024 Q2,2024-06-30,Fine_Dine_Meat,267012,267012,58780,58780,1335061,91,327804,101,208232,208232,10881480,Large
414,2024 Q3,2024-09-30,Fine_Dine_Meat,205419,205419,46666,46666,1027099,92,260832,96,158753,158753,10881480,Large
414,2024 Q4,2024-12-31,Fine_Dine_Meat,421230,421230,84014,84014,2106150,92,468501,98,337216,337216,10881480,Large
414,2025 Q1,2025-03-31,Fine_Dine_Meat,363492,363492,75863,75863,1817461,91,414584,96,287629,287629,10881480,Large
415,2024 Q2,2024-06-30,Fine_Dine_Meat,121723,121723,31684,31684,608619,91,158422,101,90039,90039,6154393,Large
415,2024 Q3,2024-09-30,Fine_Dine_Meat,136784,136784,33818,33818,683924,92,169094,94,102966,102966,6154393,Large
415,2024 Q4,2024-12-31,Fine_Dine_Meat,254579,254579,57795,57795,1272898,92,288979,94,196784,196784,6154393,Large
415,2025 Q1,2025-03-31,Fine_Dine_Meat,176476,176476,40903,40903,882381,91,204517,94,135573,135573,6154393,Large
416,2024 Q2,2024-06-30,Fine_Dine_Meat,194937,194937,41463,41463,974686,91,233044,101,153474,153474,8097995,Large
416,2024 Q3,2024-09-30,Fine_Dine_Meat,189068,189068,37723,37723,945341,92,213560,94,151345,151345,8097995,Large
416,2024 Q4,2024-12-31,Fine_Dine_Meat,257331,257331,50861,50861,1286657,92,284260,94,206470,206470,8097995,Large
416,2025 Q1,2025-03-31,Fine_Dine_Meat,252615,252615,51540,51540,1263075,91,282695,94,201075,201075,8097995,Large
417,2024 Q2,2024-06-30,Fine_Dine_Meat,280522,280522,72771,72771,1402612,91,363857,101,207751,207751,11304199,Large
417,2024 Q3,2024-09-30,Fine_Dine_Meat,325694,325694,76551,76551,1628473,92,382755,94,249143,249143,11304199,Large
417,2024 Q4,2024-12-31,Fine_Dine_Meat,374245,374245,86594,86594,1871227,92,432970,94,287651,287651,11304199,Large
417,2025 Q1,2025-03-31,Fine_Dine_Meat,333739,333739,80236,80236,1668698,91,401184,94,253503,253503,11304199,Large
418,2024 Q2,2024-06-30,Fine_Dine_Meat,334571,334571,82221,82221,1672856,91,454616,101,252350,252350,14529157,Large
418,2024 Q3,2024-09-30,Fine_Dine_Meat,327439,327439,76019,76019,1637195,92,422647,96,251420,251420,14529157,Large
418,2024 Q4,2024-12-31,Fine_Dine_Meat,449828,449828,100765,100765,2249144,92,555414,96,349063,349063,14529157,Large
418,2025 Q1,2025-03-31,Fine_Dine_Meat,445249,445249,102723,102723,2226246,91,557014,94,342526,342526,14529157,Large
419,2024 Q2,2024-06-30,Fine_Dine_Meat,240088,240088,59784,59784,1200442,91,298922,101,180304,180304,6303812,Large
419,2024 Q3,2024-09-30,Fine_Dine_Meat,188236,188236,43337,43337,941182,92,216685,94,144899,144899,6303812,Large
419,2024 Q4,2024-12-31,Fine_Dine_Meat,151468,151468,36605,36605,757341,92,183026,96,114863,114863,6303812,Large
419,2025 Q1,2025-03-31,Fine_Dine_Meat,167197,167197,40581,40581,835986,91,202909,94,126616,126616,6303812,Large
420,2024 Q2,2024-06-30,Fine_Dine_Meat,147113,147113,36825,36825,735566,91,184127,101,110288,110288,5107788,Large
420,2024 Q3,2024-09-30,Fine_Dine_Meat,133398,133398,31797,31797,666991,92,158986,94,101601,101601,5107788,Large
420,2024 Q4,2024-12-31,Fine_Dine_Meat,168482,168482,39276,39276,842414,92,196381,94,129206,129206,5107788,Large
420,2025 Q1,2025-03-31,Fine_Dine_Meat,152454,152454,36235,36235,762271,91,181176,96,116219,116219,5107788,Large
421,2024 Q2,2024-06-30,Fine_Dine_Meat,199955,199955,57038,57038,999777,91,285192,101,142917,142917,8717344,Large
421,2024 Q3,2024-09-30,Fine_Dine_Meat,196335,196335,53404,53404,981676,92,267020,94,142931,142931,8717344,Large
421,2024 Q4,2024-12-31,Fine_Dine_Meat,269681,269681,69066,69066,1348407,92,345331,94,200615,200615,8717344,Large
421,2025 Q1,2025-03-31,Fine_Dine_Meat,265758,265758,68826,68826,1328790,91,344132,96,196932,196932,8717344,Large
422,2024 Q2,2024-06-30,Fine_Dine_Meat,191951,191951,42313,42313,959755,91,238678,103,149638,149638,8193203,Large
422,2024 Q3,2024-09-30,Fine_Dine_Meat,188393,188393,39046,39046,941965,92,221816,96,149347,149347,8193203,Large
422,2024 Q4,2024-12-31,Fine_Dine_Meat,259022,259022,52388,52388,1295112,92,294193,96,206634,206634,8193203,Large
422,2025 Q1,2025-03-31,Fine_Dine_Meat,255979,255979,53360,53360,1279897,91,293891,94,202619,202619,8193203,Large
423,2024 Q2,2024-06-30,Fine_Dine_Meat,367071,367071,92060,92060,1835357,91,460301,103,275011,275011,14388227,Large
423,2024 Q3,2024-09-30,Fine_Dine_Meat,349399,349399,83576,83576,1746995,92,417880,94,265823,265823,14388227,Large
423,2024 Q4,2024-12-31,Fine_Dine_Meat,464186,464186,106471,106471,2320934,92,532359,94,357715,357715,14388227,Large
423,2025 Q1,2025-03-31,Fine_Dine_Meat,442205,442204,102917,102917,2211024,91,514587,96,339288,339287,14388227,Large
424,2024 Q2,2024-06-30,Fine_Dine_Meat,121312,121312,31745,31745,606562,91,158728,101,89567,89567,5279556,Large
424,2024 Q3,2024-09-30,Fine_Dine_Meat,130661,130661,31584,31584,653306,92,157924,94,99077,99077,5279556,Large
424,2024 Q4,2024-12-31,Fine_Dine_Meat,197646,197646,47027,47027,988230,92,235139,94,150619,150619,5279556,Large
424,2025 Q1,2025-03-31,Fine_Dine_Meat,124734,124734,30104,30104,623670,91,150524,94,94630,94630,5279556,Large
425,2024 Q2,2024-06-30,Fine_Dine_Meat,151800,151800,39089,39089,759002,91,195449,101,112711,112711,6131593,Large
425,2024 Q3,2024-09-30,Fine_Dine_Meat,151620,151620,36707,36707,758104,92,183538,94,114913,114913,6131593,Large
425,2024 Q4,2024-12-31,Fine_Dine_Meat,226588,226588,51633,51633,1132941,92,258168,94,174955,174955,6131593,Large
425,2025 Q1,2025-03-31,Fine_Dine_Meat,155853,155853,38201,38201,779266,91,191007,94,117652,117652,6131593,Large
426,2024 Q2,2024-06-30,Fine_Dine_Meat,792538,792538,185468,185468,3962693,91,927342,101,607070,607070,34391340,Large
426,2024 Q3,2024-09-30,Fine_Dine_Meat,792490,792490,175254,175254,3962453,92,876272,94,617236,617236,34391340,Large
426,2024 Q4,2024-12-31,Fine_Dine_Meat,1103074,1103074,235465,235465,5515372,92,1177328,94,867609,867609,34391340,Large
426,2025 Q1,2025-03-31,Fine_Dine_Meat,1097099,1097099,235993,235993,5485496,91,1179966,94,861106,861106,34391340,Large
427,2024 Q2,2024-06-30,Fine_Dine_Meat,213881,213881,40250,40250,1069407,91,226525,101,173631,173631,7645170,Large
427,2024 Q3,2024-09-30,Fine_Dine_Meat,163682,163682,29737,29737,818412,92,168168,94,133945,133945,7645170,Large
427,2024 Q4,2024-12-31,Fine_Dine_Meat,208736,208736,37934,37934,1043681,92,211807,96,170802,170802,7645170,Large
427,2025 Q1,2025-03-31,Fine_Dine_Meat,243291,243291,44889,44889,1216459,91,246415,94,198402,198402,7645170,Large
428,2024 Q2,2024-06-30,Fine_Dine_Meat,136232,136232,33373,33373,681161,91,184939,101,102859,102859,6317742,Large
428,2024 Q3,2024-09-30,Fine_Dine_Meat,138686,138686,31885,31885,693432,92,177781,94,106801,106801,6317742,Large
428,2024 Q4,2024-12-31,Fine_Dine_Meat,196119,196119,43166,43166,980599,92,238741,96,152953,152953,6317742,Large
428,2025 Q1,2025-03-31,Fine_Dine_Meat,197758,197758,44695,44695,988791,91,243102,94,153063,153063,6317742,Large
429,2024 Q2,2024-06-30,Fine_Dine_Meat,119044,119044,31207,31207,595223,91,156038,101,87837,87837,4828450,Large
429,2024 Q3,2024-09-30,Fine_Dine_Meat,113447,113447,27373,27373,567235,92,136867,94,86074,86074,4828450,Large
429,2024 Q4,2024-12-31,Fine_Dine_Meat,133859,133859,32190,32190,669298,92,160952,94,101669,101669,4828450,Large
429,2025 Q1,2025-03-31,Fine_Dine_Meat,162223,162223,38856,38856,811115,91,194282,94,123367,123367,4828450,Large
430,2024 Q2,2024-06-30,Fine_Dine_Meat,371786,371786,83456,83456,1858932,91,464896,101,288330,288330,11561075,Large
430,2024 Q3,2024-09-30,Fine_Dine_Meat,230527,230527,51260,51260,1152638,92,285095,94,179267,179267,11561075,Large
430,2024 Q4,2024-12-31,Fine_Dine_Meat,289279,289279,64682,64682,1446396,92,356041,96,224597,224597,11561075,Large
430,2025 Q1,2025-03-31,Fine_Dine_Meat,402202,402202,88766,88766,2011011,91,482948,94,313436,313436,11561075,Large
431,2024 Q2,2024-06-30,Fine_Dine_Meat,186025,186025,39869,39869,930126,91,222796,101,146156,146156,6772707,Large
431,2024 Q3,2024-09-30,Fine_Dine_Meat,172364,172364,34890,34890,861821,92,196191,96,137474,137474,6772707,Large
431,2024 Q4,2024-12-31,Fine_Dine_Meat,222838,222838,44570,44570,1114193,92,247628,94,178268,178268,6772707,Large
431,2025 Q1,2025-03-31,Fine_Dine_Meat,206662,206662,42915,42915,1033313,91,234104,94,163747,163747,6772707,Large
432,2024 Q2,2024-06-30,Fine_Dine_Meat,387902,387902,80814,80814,1939513,91,453987,101,307088,307088,14126943,Large
432,2024 Q3,2024-09-30,Fine_Dine_Meat,308661,308661,63554,63554,1543305,92,357711,94,245107,245107,14126943,Large
432,2024 Q4,2024-12-31,Fine_Dine_Meat,384887,384887,77209,77209,1924435,92,430266,94,307678,307678,14126943,Large
432,2025 Q1,2025-03-31,Fine_Dine_Meat,419718,419718,85310,85309,2098592,91,467705,94,334408,334409,14126943,Large
433,2024 Q2,2024-06-30,Fine_Dine_Meat,99087,99087,22977,22977,495439,91,120507,101,76110,76110,5402071,Large
433,2024 Q3,2024-09-30,Fine_Dine_Meat,104143,104143,22788,22788,520719,92,120004,96,81355,81355,5402071,Large
433,2024 Q4,2024-12-31,Fine_Dine_Meat,200425,200425,40298,40298,1002126,92,209902,94,160127,160127,5402071,Large
433,2025 Q1,2025-03-31,Fine_Dine_Meat,159060,159060,33270,33270,795304,91,172534,94,125790,125790,5402071,Large
434,2024 Q2,2024-06-30,Fine_Dine_Meat,156158,156158,37780,37780,780792,91,198782,101,118378,118378,7186116,Large
434,2024 Q3,2024-09-30,Fine_Dine_Meat,133394,133393,31455,31455,666969,92,165712,94,101939,101938,7186116,Large
434,2024 Q4,2024-12-31,Fine_Dine_Meat,209999,209999,47656,47656,1049996,92,248128,94,162343,162343,7186116,Large
434,2025 Q1,2025-03-31,Fine_Dine_Meat,249551,249551,56094,56094,1247755,91,291175,94,193457,193457,7186116,Large
435,2024 Q2,2024-06-30,Fine_Dine_Meat,258140,258140,60118,60118,1290700,91,315442,101,198022,198022,11540028,Large
435,2024 Q3,2024-09-30,Fine_Dine_Meat,266967,266967,60252,60252,1334839,92,316879,94,206715,206715,11540028,Large
435,2024 Q4,2024-12-31,Fine_Dine_Meat,330109,330109,72701,72701,1650546,92,377713,94,257408,257408,11540028,Large
435,2025 Q1,2025-03-31,Fine_Dine_Meat,350625,350625,76982,76982,1753126,91,398470,94,273643,273643,11540028,Large
436,2024 Q2,2024-06-30,Fine_Dine_Meat,195612,195612,49023,49023,978064,91,245119,101,146589,146589,8330017,Large
436,2024 Q3,2024-09-30,Fine_Dine_Meat,190847,190847,45285,45285,954235,92,226429,94,145562,145562,8330017,Large
436,2024 Q4,2024-12-31,Fine_Dine_Meat,261542,261542,60322,60322,1307711,92,301612,94,201220,201220,8330017,Large
436,2025 Q1,2025-03-31,Fine_Dine_Meat,258559,258559,60098,60098,1292796,91,300493,96,198461,198461,8330017,Large
437,2024 Q2,2024-06-30,Fine_Dine_Meat,164949,164949,42391,42391,824749,91,211955,103,122558,122558,7321140,Large
437,2024 Q3,2024-09-30,Fine_Dine_Meat,165317,165317,40156,40156,826588,92,200784,96,125161,125161,7321140,Large
437,2024 Q4,2024-12-31,Fine_Dine_Meat,230572,230573,54095,54095,1152865,92,270477,94,176477,176478,7321140,Large
437,2025 Q1,2025-03-31,Fine_Dine_Meat,229726,229726,54294,54294,1148631,91,271474,94,175432,175432,7321140,Large
438,2024 Q2,2024-06-30,Fine_Dine_Meat,199658,199658,48624,48624,998291,91,243123,101,151034,151034,7149773,Large
438,2024 Q3,2024-09-30,Fine_Dine_Meat,160350,160350,37709,37709,801754,92,188549,94,122641,122641,7149773,Large
438,2024 Q4,2024-12-31,Fine_Dine_Meat,211034,211034,48637,48637,1055170,92,243186,94,162397,162397,7149773,Large
438,2025 Q1,2025-03-31,Fine_Dine_Meat,244139,244139,55506,55506,1220698,91,277531,94,188633,188633,7149773,Large
439,2024 Q2,2024-06-30,Fine_Dine_Meat,219760,219760,53564,53564,1098801,91,267822,101,166196,166196,7932773,Large
439,2024 Q3,2024-09-30,Fine_Dine_Meat,147675,147675,36270,36270,738376,92,181353,94,111405,111405,7932773,Large
439,2024 Q4,2024-12-31,Fine_Dine_Meat,165224,165224,38353,38353,826124,92,191767,94,126871,126871,7932773,Large
439,2025 Q1,2025-03-31,Fine_Dine_Meat,345568,345568,80680,80680,1727843,91,403402,94,264888,264888,7932773,Large
440,2024 Q2,2024-06-30,Fine_Dine_Meat,167159,167159,36749,36749,835798,91,217500,103,130410,130410,7092028,Large
440,2024 Q3,2024-09-30,Fine_Dine_Meat,162835,162836,33516,33516,814180,92,200269,94,129319,129320,7092028,Large
440,2024 Q4,2024-12-31,Fine_Dine_Meat,222375,222375,45802,45802,1111875,92,266212,94,176573,176573,7092028,Large
440,2025 Q1,2025-03-31,Fine_Dine_Meat,218591,218591,46782,46782,1092955,91,265730,94,171809,171809,7092028,Large
441,2024 Q2,2024-06-30,Fine_Dine_Meat,140859,140859,38504,38504,704297,91,192523,105,102355,102355,8528325,Large
441,2024 Q3,2024-09-30,Fine_Dine_Meat,147984,147983,37305,37305,739919,92,186525,94,110679,110678,8528325,Large
441,2024 Q4,2024-12-31,Fine_Dine_Meat,283338,283338,69215,69215,1416693,92,346077,94,214123,214123,8528325,Large
441,2025 Q1,2025-03-31,Fine_Dine_Meat,434347,434347,98404,98404,2171739,91,492022,94,335943,335943,8528325,Large
442,2024 Q2,2024-06-30,Fine_Dine_Meat,146675,146675,41937,41937,733379,91,209685,101,104738,104738,8248858,Large
442,2024 Q3,2024-09-30,Fine_Dine_Meat,124997,124997,32386,32386,624985,92,161931,94,92611,92611,8248858,Large
442,2024 Q4,2024-12-31,Fine_Dine_Meat,378993,378993,95578,95578,1894968,92,477893,94,283415,283415,8248858,Large
442,2025 Q1,2025-03-31,Fine_Dine_Meat,346810,346810,84762,84762,1734051,91,423811,94,262048,262048,8248858,Large
443,2024 Q2,2024-06-30,Fine_Dine_Vegetarian,307600,307600,79902,79902,1538001,91,399513,101,227698,227698,10901387,Large
443,2024 Q3,2024-09-30,Fine_Dine_Vegetarian,280558,280558,69703,69703,1402794,92,348518,94,210855,210855,10901387,Large
443,2024 Q4,2024-12-31,Fine_Dine_Vegetarian,347077,347077,84788,84788,1735387,92,423944,94,262289,262289,10901387,Large
443,2025 Q1,2025-03-31,Fine_Dine_Vegetarian,317467,317467,79376,79376,1587338,91,396881,94,238091,238091,10901387,Large
444,2024 Q2,2024-06-30,Fine_Dine_Vegetarian,242928,242928,54730,54730,1214643,91,273653,101,188198,188198,11062834,Large
444,2024 Q3,2024-09-30,Fine_Dine_Vegetarian,277023,277023,61690,61690,1385116,92,308453,94,215333,215333,11062834,Large
444,2024 Q4,2024-12-31,Fine_Dine_Vegetarian,512244,512244,100374,100374,2561222,92,501872,94,411870,411870,11062834,Large
444,2025 Q1,2025-03-31,Fine_Dine_Vegetarian,355196,355196,72858,72858,1775980,91,364292,94,282338,282338,11062834,Large
445,2024 Q2,2024-06-30,Fine_Dine_Vegetarian,203503,203503,46994,46994,1017519,91,245048,103,156509,156509,10553120,Large
445,2024 Q3,2024-09-30,Fine_Dine_Vegetarian,344348,344348,69578,69578,1721743,92,365007,94,274770,274770,10553120,Large
445,2024 Q4,2024-12-31,Fine_Dine_Vegetarian,391436,391435,75942,75942,1957179,92,396226,94,315494,315493,10553120,Large
445,2025 Q1,2025-03-31,Fine_Dine_Vegetarian,290390,290390,59272,59272,1451954,91,308760,94,231118,231118,10553120,Large
446,2024 Q2,2024-06-30,Fine_Dine_Vegetarian,167536,167536,37701,37701,837683,91,188508,101,129835,129835,7724604,Large
446,2024 Q3,2024-09-30,Fine_Dine_Vegetarian,173110,173110,36706,36706,865550,92,183533,94,136404,136404,7724604,Large
446,2024 Q4,2024-12-31,Fine_Dine_Vegetarian,241195,241195,49487,49487,1205978,92,247437,94,191708,191708,7724604,Large
446,2025 Q1,2025-03-31,Fine_Dine_Vegetarian,246598,246598,50830,50830,1232991,91,254154,94,195768,195768,7724604,Large
447,2024 Q2,2024-06-30,Fine_Dine_Vegetarian,170651,170651,32641,32641,853259,91,193752,101,138010,138010,7466280,Large
447,2024 Q3,2024-09-30,Fine_Dine_Vegetarian,171960,171960,30521,30521,859803,92,183491,94,141439,141439,7466280,Large
447,2024 Q4,2024-12-31,Fine_Dine_Vegetarian,234481,234481,41303,41303,1172408,92,244895,94,193178,193178,7466280,Large
447,2025 Q1,2025-03-31,Fine_Dine_Vegetarian,235394,235394,43442,43442,1176973,91,249968,96,191952,191952,7466280,Large
448,2024 Q2,2024-06-30,Fine_Dine_Vegetarian,321143,321143,65895,65895,1605718,91,403805,101,255248,255248,14573598,Large
448,2024 Q3,2024-09-30,Fine_Dine_Vegetarian,326638,326638,62396,62396,1633193,92,387319,94,264242,264242,14573598,Large
448,2024 Q4,2024-12-31,Fine_Dine_Vegetarian,449045,449045,82596,82596,2245228,92,506621,94,366449,366449,14573598,Large
448,2025 Q1,2025-03-31,Fine_Dine_Vegetarian,453967,453967,87043,87043,2269835,91,519213,94,366924,366924,14573598,Large
449,2024 Q2,2024-06-30,Fine_Dine_Vegetarian,477838,477838,78883,78883,2389192,91,499126,101,398955,398955,13829670,Large
449,2024 Q3,2024-09-30,Fine_Dine_Vegetarian,392948,392948,63997,63997,1964740,92,405374,94,328951,328951,13829670,Large
449,2024 Q4,2024-12-31,Fine_Dine_Vegetarian,296003,296003,53282,53282,1480018,92,322368,94,242721,242721,13829670,Large
449,2025 Q1,2025-03-31,Fine_Dine_Vegetarian,392725,392725,69889,69889,1963629,91,419646,94,322836,322836,13829670,Large
450,2024 Q2,2024-06-30,Fine_Dine_Vegetarian,460158,460158,80165,80165,2300791,91,512243,101,379993,379993,19236962,Large
450,2024 Q3,2024-09-30,Fine_Dine_Vegetarian,455207,455207,73668,73668,2276037,92,478219,96,381539,381539,19236962,Large
450,2024 Q4,2024-12-31,Fine_Dine_Vegetarian,610431,610431,98237,98237,3052158,92,624384,94,512194,512194,19236962,Large
450,2025 Q1,2025-03-31,Fine_Dine_Vegetarian,603800,603800,102065,102065,3019004,91,627325,94,501735,501735,19236962,Large
451,2024 Q2,2024-06-30,Fine_Dine_Vegetarian,158030,158030,31354,31354,790151,91,164403,101,126676,126676,6205735,Large
451,2024 Q3,2024-09-30,Fine_Dine_Vegetarian,151843,151843,28610,28610,759219,92,150196,94,123233,123233,6205735,Large
451,2024 Q4,2024-12-31,Fine_Dine_Vegetarian,198949,198949,36644,36644,994748,92,191452,98,162305,162305,6205735,Large
451,2025 Q1,2025-03-31,Fine_Dine_Vegetarian,193669,193669,36134,36134,968345,91,188874,94,157535,157535,6205735,Large
452,2024 Q2,2024-06-30,Fine_Dine_Vegetarian,192446,192446,38334,38334,962231,91,202036,101,154112,154112,6703162,Large
452,2024 Q3,2024-09-30,Fine_Dine_Vegetarian,116533,116533,22416,22416,582668,92,117766,94,94117,94117,6703162,Large
452,2024 Q4,2024-12-31,Fine_Dine_Vegetarian,229706,229706,43152,43152,1148530,92,226349,94,186554,186554,6703162,Large
452,2025 Q1,2025-03-31,Fine_Dine_Vegetarian,271562,271562,49738,49738,1357811,91,261295,94,221824,221824,6703162,Large
453,2024 Q2,2024-06-30,Fine_Dine_Vegetarian,320569,320569,57231,57231,1602845,91,343692,101,263338,263338,12699231,Large
453,2024 Q3,2024-09-30,Fine_Dine_Vegetarian,309312,309312,51621,51621,1546560,92,313868,94,257691,257691,12699231,Large
453,2024 Q4,2024-12-31,Fine_Dine_Vegetarian,406480,406480,66839,66839,2032403,92,400968,94,339641,339641,12699231,Large
453,2025 Q1,2025-03-31,Fine_Dine_Vegetarian,395994,395994,68471,68471,1979972,91,397686,94,327523,327523,12699231,Large
454,2024 Q2,2024-06-30,Fine_Dine_Vegetarian,181746,181746,39326,39326,908731,91,205903,101,142420,142420,7230317,Large
454,2024 Q3,2024-09-30,Fine_Dine_Vegetarian,175671,175671,36088,36088,878358,92,189172,94,139583,139583,7230317,Large
454,2024 Q4,2024-12-31,Fine_Dine_Vegetarian,230560,230560,46268,46268,1152800,92,241415,94,184292,184292,7230317,Large
454,2025 Q1,2025-03-31,Fine_Dine_Vegetarian,223650,223650,45395,45395,1118250,91,236977,94,178255,178255,7230317,Large
455,2024 Q2,2024-06-30,Fine_Dine_Vegetarian,553644,553644,124518,124519,2768221,91,622595,101,429126,429125,22636315,Large
455,2024 Q3,2024-09-30,Fine_Dine_Vegetarian,541890,541890,115451,115451,2709453,92,577255,94,426439,426439,22636315,Large
455,2024 Q4,2024-12-31,Fine_Dine_Vegetarian,719580,719580,149548,149548,3597904,92,747743,94,570032,570032,22636315,Large
455,2025 Q1,2025-03-31,Fine_Dine_Vegetarian,705501,705501,147927,147927,3527509,91,739639,94,557574,557574,22636315,Large
456,2024 Q2,2024-06-30,Fine_Dine_Vegetarian,152288,152288,26675,26675,761442,91,156852,101,125613,125613,6519811,Large
456,2024 Q3,2024-09-30,Fine_Dine_Vegetarian,153165,153165,25020,25020,765826,92,148789,94,128145,128145,6519811,Large
456,2024 Q4,2024-12-31,Fine_Dine_Vegetarian,208488,208488,33202,33202,1042443,92,195399,94,175286,175286,6519811,Large
456,2025 Q1,2025-03-31,Fine_Dine_Vegetarian,208970,208970,34781,34781,1044854,91,198950,94,174189,174189,6519811,Large
457,2024 Q2,2024-06-30,Fine_Dine_Vegetarian,185470,185470,37644,37644,927350,91,188223,101,147826,147826,7724895,Large
457,2024 Q3,2024-09-30,Fine_Dine_Vegetarian,184386,184386,35262,35261,921931,92,176309,94,149124,149125,7724895,Large
457,2024 Q4,2024-12-31,Fine_Dine_Vegetarian,248382,248382,46542,46542,1241914,92,232710,94,201840,201840,7724895,Large
457,2025 Q1,2025-03-31,Fine_Dine_Vegetarian,246680,246680,46817,46817,1233401,91,234087,94,199863,199863,7724895,Large
458,2024 Q2,2024-06-30,Fine_Dine_Vegetarian,165514,165514,31894,31894,827572,91,166919,103,133620,133620,5724486,Large
458,2024 Q3,2024-09-30,Fine_Dine_Vegetarian,181410,181410,32285,32285,907053,92,169293,94,149125,149125,5724486,Large
458,2024 Q4,2024-12-31,Fine_Dine_Vegetarian,161076,161076,29053,29053,805381,92,151238,94,132023,132023,5724486,Large
458,2025 Q1,2025-03-31,Fine_Dine_Vegetarian,164648,164648,30871,30871,823241,91,160861,94,133777,133777,5724486,Large
459,2024 Q2,2024-06-30,Fine_Dine_Vegetarian,168705,168705,29403,29403,843525,91,176417,101,139302,139302,5538938,Large
459,2024 Q3,2024-09-30,Fine_Dine_Vegetarian,151699,151699,25056,25056,758497,92,151871,96,126643,126643,5538938,Large
459,2024 Q4,2024-12-31,Fine_Dine_Vegetarian,184782,184782,30389,30389,923911,92,181424,94,154393,154393,5538938,Large
459,2025 Q1,2025-03-31,Fine_Dine_Vegetarian,166258,166258,29113,29114,831291,91,168142,96,137145,137144,5538938,Large
460,2024 Q2,2024-06-30,Fine_Dine_Vegetarian,183495,183495,36325,36325,917478,91,190786,101,147170,147170,6179069,Large
460,2024 Q3,2024-09-30,Fine_Dine_Vegetarian,174385,174385,32449,32449,871925,92,170666,94,141936,141936,6179069,Large
460,2024 Q4,2024-12-31,Fine_Dine_Vegetarian,195064,195064,36359,36359,975323,92,190076,96,158705,158705,6179069,Large
460,2025 Q1,2025-03-31,Fine_Dine_Vegetarian,163832,163832,31581,31581,819163,91,165055,94,132251,132251,6179069,Large
461,2024 Q2,2024-06-30,Fine_Dine_Vegetarian,152702,152702,33882,33882,763512,91,177722,101,118820,118820,6021383,Large
461,2024 Q3,2024-09-30,Fine_Dine_Vegetarian,146818,146818,30898,30898,734091,92,162272,94,115920,115920,6021383,Large
461,2024 Q4,2024-12-31,Fine_Dine_Vegetarian,191636,191636,39521,39521,958184,92,206534,94,152115,152115,6021383,Large
461,2025 Q1,2025-03-31,Fine_Dine_Vegetarian,184872,184872,38554,38554,924362,91,201587,94,146318,146318,6021383,Large
462,2024 Q2,2024-06-30,Fine_Dine_Vegetarian,131175,131175,20338,20338,655877,91,131479,101,110837,110837,5594710,Large
462,2024 Q3,2024-09-30,Fine_Dine_Vegetarian,132000,132000,18960,18960,660000,92,124683,94,113040,113040,5594710,Large
462,2024 Q4,2024-12-31,Fine_Dine_Vegetarian,179725,179725,25428,25428,898625,92,163936,94,154297,154297,5594710,Large
462,2025 Q1,2025-03-31,Fine_Dine_Vegetarian,180148,180148,26727,26727,900741,91,166321,96,153421,153421,5594710,Large
463,2024 Q2,2024-06-30,Fine_Dine_Vegetarian,274376,274376,54615,54615,1371880,91,326417,101,219761,219761,12129302,Large
463,2024 Q3,2024-09-30,Fine_Dine_Vegetarian,276907,276906,51321,51321,1384534,92,310616,96,225586,225585,12129302,Large
463,2024 Q4,2024-12-31,Fine_Dine_Vegetarian,378021,378021,68604,68604,1890107,92,410214,94,309417,309417,12129302,Large
463,2025 Q1,2025-03-31,Fine_Dine_Vegetarian,379805,379805,72067,72067,1899026,91,417733,94,307738,307738,12129302,Large
464,2024 Q2,2024-06-30,Fine_Dine_Vegetarian,162272,162272,28710,28710,811362,91,179777,101,133562,133562,6455176,Large
464,2024 Q3,2024-09-30,Fine_Dine_Vegetarian,157161,157161,26005,26005,785808,92,165025,94,131156,131156,6455176,Large
464,2024 Q4,2024-12-31,Fine_Dine_Vegetarian,206615,206615,33813,33813,1033075,92,210666,94,172802,172802,6455176,Large
464,2025 Q1,2025-03-31,Fine_Dine_Vegetarian,200697,200697,34572,34572,1003488,91,208712,94,166125,166125,6455176,Large
465,2024 Q2,2024-06-30,Fine_Dine_Vegetarian,696542,696542,139611,139611,3482713,91,735501,101,556931,556931,26458135,Large
465,2024 Q3,2024-09-30,Fine_Dine_Vegetarian,664904,664904,125729,125729,3324523,92,663427,94,539175,539175,26458135,Large
465,2024 Q4,2024-12-31,Fine_Dine_Vegetarian,860590,860590,160831,160831,4302954,92,843785,96,699759,699759,26458135,Large
465,2025 Q1,2025-03-31,Fine_Dine_Vegetarian,820755,820754,154691,154691,4103774,91,812114,96,666064,666063,26458135,Large
466,2024 Q2,2024-06-30,Fine_Dine_Vegetarian,150031,150031,33470,33470,750158,91,175656,101,116561,116561,5515910,Large
466,2024 Q3,2024-09-30,Fine_Dine_Vegetarian,98481,98481,22809,22809,492405,92,119457,94,75672,75672,5515910,Large
466,2024 Q4,2024-12-31,Fine_Dine_Vegetarian,164473,164473,35492,35492,822369,92,185513,96,128981,128981,5515910,Large
466,2025 Q1,2025-03-31,Fine_Dine_Vegetarian,215900,215900,44566,44566,1079500,91,233508,94,171334,171334,5515910,Large
467,2024 Q2,2024-06-30,Fine_Dine_Vegetarian,295454,295454,69169,69169,1477273,91,345849,101,226285,226285,11661439,Large
467,2024 Q3,2024-09-30,Fine_Dine_Vegetarian,284045,284045,63497,63497,1420225,92,317488,96,220548,220548,11661439,Large
467,2024 Q4,2024-12-31,Fine_Dine_Vegetarian,370754,370754,79793,79793,1853773,92,398966,94,290961,290961,11661439,Large
467,2025 Q1,2025-03-31,Fine_Dine_Vegetarian,357696,357696,77969,77969,1788483,91,389846,94,279727,279727,11661439,Large
468,2024 Q2,2024-06-30,Fine_Dine_Vegetarian,137049,137049,33203,33203,685245,91,166016,101,103846,103846,5957963,Large
468,2024 Q3,2024-09-30,Fine_Dine_Vegetarian,137092,137092,31358,31358,685460,92,156793,94,105734,105734,5957963,Large
468,2024 Q4,2024-12-31,Fine_Dine_Vegetarian,185645,185645,41200,41200,928229,92,206001,94,144445,144445,5957963,Large
468,2025 Q1,2025-03-31,Fine_Dine_Vegetarian,185177,185177,41504,41503,925889,91,207519,94,143673,143674,5957963,Large
469,2024 Q2,2024-06-30,Fine_Dine_Vegetarian,126089,126089,23604,23604,630445,91,139391,101,102485,102485,5758541,Large
469,2024 Q3,2024-09-30,Fine_Dine_Vegetarian,171952,171952,29655,29655,859760,92,179078,94,142297,142297,5758541,Large
469,2024 Q4,2024-12-31,Fine_Dine_Vegetarian,134487,134487,23192,23192,672438,92,136181,94,111295,111295,5758541,Large
469,2025 Q1,2025-03-31,Fine_Dine_Vegetarian,127396,127396,23939,23939,636981,91,136766,94,103457,103457,5758541,Large
470,2024 Q2,2024-06-30,Fine_Dine_Vegetarian,161054,161054,42454,42454,805272,91,212272,101,118600,118600,7675782,Large
470,2024 Q3,2024-09-30,Fine_Dine_Vegetarian,166705,166704,41256,41256,833524,92,206283,94,125449,125448,7675782,Large
470,2024 Q4,2024-12-31,Fine_Dine_Vegetarian,232555,232555,56287,56287,1162777,92,281437,94,176268,176268,7675782,Large
470,2025 Q1,2025-03-31,Fine_Dine_Vegetarian,237953,237953,58190,58189,1189768,91,290949,94,179763,179764,7675782,Large
471,2024 Q2,2024-06-30,Fine_Dine_Vegetarian,308972,308972,70578,70578,1544864,91,352894,101,238394,238394,11866241,Large
471,2024 Q3,2024-09-30,Fine_Dine_Vegetarian,292552,292553,63669,63669,1462765,92,318348,94,228883,228884,11866241,Large
471,2024 Q4,2024-12-31,Fine_Dine_Vegetarian,378453,378453,80023,80023,1892268,92,400116,94,298430,298430,11866241,Large
471,2025 Q1,2025-03-31,Fine_Dine_Vegetarian,363512,363512,77922,77922,1817562,91,389611,94,285590,285590,11866241,Large
472,2024 Q2,2024-06-30,Fine_Dine_Vegetarian,150389,150389,27037,27037,751945,91,159203,101,123352,123352,5488572,Large
472,2024 Q3,2024-09-30,Fine_Dine_Vegetarian,140891,140891,23856,23856,704458,92,141895,96,117035,117035,5488572,Large
472,2024 Q4,2024-12-31,Fine_Dine_Vegetarian,179278,179278,30166,30166,896393,92,177034,96,149112,149112,5488572,Large
472,2025 Q1,2025-03-31,Fine_Dine_Vegetarian,168790,168790,29968,29968,843953,91,170834,94,138822,138822,5488572,Large
473,2024 Q2,2024-06-30,Fine_Dine_Vegetarian,566384,566384,135339,135339,2831923,91,709702,103,431045,431045,21665641,Large
473,2024 Q3,2024-09-30,Fine_Dine_Vegetarian,471731,471731,110347,110347,2358657,92,578780,94,361384,361384,21665641,Large
473,2024 Q4,2024-12-31,Fine_Dine_Vegetarian,693559,693559,156187,156187,3467795,92,816011,94,537372,537372,21665641,Large
473,2025 Q1,2025-03-31,Fine_Dine_Vegetarian,735992,735992,164582,164582,3679962,91,860725,94,571410,571410,21665641,Large
474,2024 Q2,2024-06-30,Fine_Dine_Vegetarian,142259,142259,31605,31605,711298,91,165363,103,110654,110654,6668449,Large
474,2024 Q3,2024-09-30,Fine_Dine_Vegetarian,147907,147907,30875,30875,739536,92,161804,94,117032,117032,6668449,Large
474,2024 Q4,2024-12-31,Fine_Dine_Vegetarian,207122,207122,41223,41223,1035611,92,215249,96,165899,165899,6668449,Large
474,2025 Q1,2025-03-31,Fine_Dine_Vegetarian,212620,212620,42357,42357,1063102,91,221386,96,170263,170263,6668449,Large
475,2024 Q2,2024-06-30,Fine_Dine_Vegetarian,587831,587831,137948,137948,2939158,91,689740,101,449883,449883,25003263,Large
475,2024 Q3,2024-09-30,Fine_Dine_Vegetarian,583356,583356,129272,129272,2916781,92,646360,94,454084,454084,25003263,Large
475,2024 Q4,2024-12-31,Fine_Dine_Vegetarian,784588,784588,170580,170580,3922940,92,852902,94,614008,614008,25003263,Large
475,2025 Q1,2025-03-31,Fine_Dine_Vegetarian,778146,778146,170633,170633,3890732,91,853165,94,607513,607513,25003263,Large
476,2024 Q2,2024-06-30,Fine_Dine_Vegetarian,142641,142641,29071,29071,713209,91,172222,101,113570,113570,6258543,Large
476,2024 Q3,2024-09-30,Fine_Dine_Vegetarian,141721,141721,27039,27039,708606,92,162001,94,114682,114682,6258543,Large
476,2024 Q4,2024-12-31,Fine_Dine_Vegetarian,192532,192532,35883,35883,962664,92,212613,94,156649,156649,6258543,Large
476,2025 Q1,2025-03-31,Fine_Dine_Vegetarian,194083,194083,37745,37745,970418,91,217182,94,156338,156338,6258543,Large
477,2024 Q2,2024-06-30,Fine_Dine_Vegetarian,321607,321607,66071,66071,1608039,91,330359,101,255536,255536,12606106,Large
477,2024 Q3,2024-09-30,Fine_Dine_Vegetarian,311294,311294,60711,60711,1556470,92,303558,94,250583,250583,12606106,Large
477,2024 Q4,2024-12-31,Fine_Dine_Vegetarian,408976,408976,76995,76995,2044880,92,384979,94,331981,331981,12606106,Large
477,2025 Q1,2025-03-31,Fine_Dine_Vegetarian,396982,396982,75610,75610,1984912,91,378052,94,321372,321372,12606106,Large
478,2024 Q2,2024-06-30,Fine_Dine_Vegetarian,189875,189875,44427,44427,949378,91,222137,101,145448,145448,7977944,Large
478,2024 Q3,2024-09-30,Fine_Dine_Vegetarian,186150,186150,41243,41243,930752,92,206217,96,144907,144907,7977944,Large
478,2024 Q4,2024-12-31,Fine_Dine_Vegetarian,248938,248938,53543,53543,1244692,92,267717,94,195395,195395,7977944,Large
478,2025 Q1,2025-03-31,Fine_Dine_Vegetarian,246912,246912,53778,53778,1234563,91,268894,94,193134,193134,7977944,Large
479,2024 Q2,2024-06-30,Fine_Dine_Vegetarian,82063,82063,16720,16720,410316,91,102040,101,65343,65343,6533808,Large
479,2024 Q3,2024-09-30,Fine_Dine_Vegetarian,196557,196557,30948,30948,982786,92,200418,96,165609,165609,6533808,Large
479,2024 Q4,2024-12-31,Fine_Dine_Vegetarian,222044,222044,33065,33065,1110221,92,208367,94,188979,188979,6533808,Large
479,2025 Q1,2025-03-31,Fine_Dine_Vegetarian,265575,265575,42053,42053,1327876,91,258602,96,223522,223522,6533808,Large
480,2024 Q2,2024-06-30,Fine_Dine_Vegetarian,327443,327443,69219,69219,1637215,91,363611,101,258224,258224,13488189,Large
480,2024 Q3,2024-09-30,Fine_Dine_Vegetarian,321956,321956,64256,64256,1609783,92,338051,94,257700,257700,13488189,Large
480,2024 Q4,2024-12-31,Fine_Dine_Vegetarian,429270,429270,83720,83720,2146350,92,438251,94,345550,345550,13488189,Large
480,2025 Q1,2025-03-31,Fine_Dine_Vegetarian,422360,422360,83422,83422,2111804,91,436904,94,338938,338938,13488189,Large
481,2024 Q2,2024-06-30,Fine_Dine_Vegetarian,140030,140030,35195,35195,700153,91,185136,101,104835,104835,6329994,Large
481,2024 Q3,2024-09-30,Fine_Dine_Vegetarian,141473,141473,33477,33477,707365,92,176398,94,107996,107996,6329994,Large
481,2024 Q4,2024-12-31,Fine_Dine_Vegetarian,193288,193288,44654,44654,966442,92,234087,94,148634,148634,6329994,Large
481,2025 Q1,2025-03-31,Fine_Dine_Vegetarian,194313,194313,45186,45186,971566,91,237064,94,149127,149127,6329994,Large
482,2024 Q2,2024-06-30,Fine_Dine_Vegetarian,435850,435850,93707,93707,2179254,91,491468,101,342143,342143,14754548,Large
482,2024 Q3,2024-09-30,Fine_Dine_Vegetarian,323926,323926,66546,66546,1619633,92,348597,94,257380,257380,14754548,Large
482,2024 Q4,2024-12-31,Fine_Dine_Vegetarian,523702,523702,105067,105067,2618512,92,548778,94,418635,418635,14754548,Large
482,2025 Q1,2025-03-31,Fine_Dine_Vegetarian,470786,470786,96125,96125,2353933,91,502074,94,374661,374661,14754548,Large
483,2024 Q2,2024-06-30,Fine_Dine_Vegetarian,196302,196302,37890,37890,981511,91,226358,101,158412,158412,6044789,Large
483,2024 Q3,2024-09-30,Fine_Dine_Vegetarian,118749,118749,24418,24418,593748,92,144861,94,94331,94331,6044789,Large
483,2024 Q4,2024-12-31,Fine_Dine_Vegetarian,218331,218331,39713,39713,1091657,92,235793,94,178618,178618,6044789,Large
483,2025 Q1,2025-03-31,Fine_Dine_Vegetarian,186372,186372,35934,35934,931862,91,206401,94,150438,150438,6044789,Large
484,2024 Q2,2024-06-30,Fine_Dine_Vegetarian,439389,439389,99448,99448,2196948,91,497242,101,339941,339941,15829057,Large
484,2024 Q3,2024-09-30,Fine_Dine_Vegetarian,398881,398881,90449,90449,1994408,92,452247,94,308432,308432,15829057,Large
484,2024 Q4,2024-12-31,Fine_Dine_Vegetarian,586232,586232,121085,121085,2931163,92,605428,94,465147,465147,15829057,Large
484,2025 Q1,2025-03-31,Fine_Dine_Vegetarian,406604,406604,88263,88263,2033020,91,441319,96,318341,318341,15829057,Large
485,2024 Q2,2024-06-30,Fine_Dine_Vegetarian,276301,276301,66842,66842,1381507,91,334210,101,209459,209459,13733800,Large
485,2024 Q3,2024-09-30,Fine_Dine_Vegetarian,417219,417219,91773,91773,2086098,92,458867,96,325446,325446,13733800,Large
485,2024 Q4,2024-12-31,Fine_Dine_Vegetarian,531353,531353,112837,112837,2656769,92,564186,94,418516,418516,13733800,Large
485,2025 Q1,2025-03-31,Fine_Dine_Vegetarian,296771,296771,68665,68665,1483855,91,343326,94,228106,228106,13733800,Large
486,2024 Q2,2024-06-30,Fine_Dine_Vegetarian,257774,257774,42700,42700,1288871,91,272765,101,215074,215074,10407368,Large
486,2024 Q3,2024-09-30,Fine_Dine_Vegetarian,249596,249596,38711,38711,1247980,92,250789,94,210885,210885,10407368,Large
486,2024 Q4,2024-12-31,Fine_Dine_Vegetarian,330269,330269,50238,50238,1651346,92,319643,94,280031,280031,10407368,Large
486,2025 Q1,2025-03-31,Fine_Dine_Vegetarian,325243,325243,51973,51973,1626217,91,319853,94,273270,273270,10407368,Large
487,2024 Q2,2024-06-30,Fine_Dine_Vegetarian,135240,135240,29103,29103,676200,91,152274,101,106137,106137,5384241,Large
487,2024 Q3,2024-09-30,Fine_Dine_Vegetarian,130905,130905,26728,26728,654529,92,140010,96,104177,104177,5384241,Large
487,2024 Q4,2024-12-31,Fine_Dine_Vegetarian,171970,171970,34193,34193,859850,92,178319,94,137777,137777,5384241,Large
487,2025 Q1,2025-03-31,Fine_Dine_Vegetarian,166900,166900,33583,33583,834501,91,175221,94,133317,133317,5384241,Large
488,2024 Q2,2024-06-30,Fine_Dine_Vegetarian,227749,227749,62879,62879,1138745,91,314398,101,164870,164870,9804370,Large
488,2024 Q3,2024-09-30,Fine_Dine_Vegetarian,224275,224275,59016,59016,1121376,92,295083,94,165259,165259,9804370,Large
488,2024 Q4,2024-12-31,Fine_Dine_Vegetarian,299485,299485,75181,75181,1497427,92,375907,94,224304,224304,9804370,Large
488,2025 Q1,2025-03-31,Fine_Dine_Vegetarian,295100,295100,74786,74786,1475502,91,373934,94,220314,220314,9804370,Large
489,2024 Q2,2024-06-30,Fine_Dine_Vegetarian,246965,246965,55907,55907,1234827,91,292167,101,191058,191058,9153200,Large
489,2024 Q3,2024-09-30,Fine_Dine_Vegetarian,230970,230970,50374,50375,1154852,92,263376,94,180596,180595,9153200,Large
489,2024 Q4,2024-12-31,Fine_Dine_Vegetarian,293364,293365,61464,61464,1466825,92,320167,94,231900,231901,9153200,Large
489,2025 Q1,2025-03-31,Fine_Dine_Vegetarian,275687,275687,58894,58894,1378436,91,306831,94,216793,216793,9153200,Large
490,2024 Q2,2024-06-30,Fine_Dine_Vegetarian,165266,165266,39540,39540,826333,91,197702,101,125726,125726,7515325,Large
490,2024 Q3,2024-09-30,Fine_Dine_Vegetarian,168819,168819,38043,38043,844095,92,190217,94,130776,130776,7515325,Large
490,2024 Q4,2024-12-31,Fine_Dine_Vegetarian,232866,232866,51347,51347,1164331,92,256735,94,181519,181519,7515325,Large
490,2025 Q1,2025-03-31,Fine_Dine_Vegetarian,236021,236021,52413,52413,1180105,91,262066,94,183608,183608,7515325,Large
491,2024 Q2,2024-06-30,Fine_Dine_Vegetarian,133229,133229,33786,33786,666149,91,168934,101,99443,99443,5412602,Large
491,2024 Q3,2024-09-30,Fine_Dine_Vegetarian,128868,128868,31171,31171,644340,92,155858,94,97697,97697,5412602,Large
491,2024 Q4,2024-12-31,Fine_Dine_Vegetarian,169184,169185,39360,39360,845925,92,196802,94,129824,129825,5412602,Large
491,2025 Q1,2025-03-31,Fine_Dine_Vegetarian,164106,164106,38645,38645,820531,91,193229,94,125461,125461,5412602,Large
492,2024 Q2,2024-06-30,Fine_Dine_Vegetarian,145187,145187,34889,34889,725937,91,174446,103,110298,110298,6662514,Large
492,2024 Q3,2024-09-30,Fine_Dine_Vegetarian,148930,148930,33750,33750,744653,92,168754,94,115180,115180,6662514,Large
492,2024 Q4,2024-12-31,Fine_Dine_Vegetarian,206215,206215,44999,44999,1031076,92,224995,94,161216,161216,6662514,Large
492,2025 Q1,2025-03-31,Fine_Dine_Vegetarian,209722,209722,45972,45972,1048610,91,229860,94,163750,163750,6662514,Large
493,2024 Q2,2024-06-30,Fine_Dine_Vegetarian,166130,166130,36261,36261,830651,91,189911,101,129869,129869,6959058,Large
493,2024 Q3,2024-09-30,Fine_Dine_Vegetarian,162823,162823,33673,33673,814116,92,176584,94,129150,129150,6959058,Large
493,2024 Q4,2024-12-31,Fine_Dine_Vegetarian,217912,217912,43794,43794,1089561,92,228634,94,174118,174118,6959058,Large
493,2025 Q1,2025-03-31,Fine_Dine_Vegetarian,216424,216424,43847,43847,1082123,91,229065,94,172577,172577,6959058,Large
494,2024 Q2,2024-06-30,Fine_Dine_Vegetarian,97010,97010,19270,19270,485054,91,112893,103,77740,77740,4621137,Large
494,2024 Q3,2024-09-30,Fine_Dine_Vegetarian,172797,172797,28940,28940,863989,92,174344,96,143857,143857,4621137,Large
494,2024 Q4,2024-12-31,Fine_Dine_Vegetarian,178158,178158,29553,29553,890791,92,174746,96,148605,148605,4621137,Large
494,2025 Q1,2025-03-31,Fine_Dine_Vegetarian,128072,128072,23584,23584,640364,91,134460,96,104488,104488,4621137,Large
495,2024 Q2,2024-06-30,Fine_Dine_Vegetarian,317652,317652,77910,77910,1588263,91,389552,103,239742,239742,12247826,Large
495,2024 Q3,2024-09-30,Fine_Dine_Vegetarian,394206,394206,87786,87786,1971034,92,438933,96,306420,306420,12247826,Large
495,2024 Q4,2024-12-31,Fine_Dine_Vegetarian,400616,400616,89950,89950,2003080,92,449753,94,310666,310666,12247826,Large
495,2025 Q1,2025-03-31,Fine_Dine_Vegetarian,311860,311860,72796,72796,1559300,91,363981,94,239064,239064,12247826,Large
496,2024 Q2,2024-06-30,Fine_Dine_Vegetarian,154336,154336,32832,32832,771682,91,171952,103,121504,121504,6450690,Large
496,2024 Q3,2024-09-30,Fine_Dine_Vegetarian,151494,151494,30598,30598,757473,92,160444,94,120896,120896,6450690,Large
496,2024 Q4,2024-12-31,Fine_Dine_Vegetarian,202883,202883,39601,39601,1014418,92,206777,94,163282,163282,6450690,Large
496,2025 Q1,2025-03-31,Fine_Dine_Vegetarian,201550,201550,39617,39617,1007751,91,207010,94,161933,161933,6450690,Large
497,2024 Q2,2024-06-30,Fine_Dine_Vegetarian,302855,302855,72741,72741,1514277,91,363707,103,230114,230114,11619071,Large
497,2024 Q3,2024-09-30,Fine_Dine_Vegetarian,285348,285348,65275,65275,1426740,92,326378,94,220073,220073,11619071,Large
497,2024 Q4,2024-12-31,Fine_Dine_Vegetarian,367574,367574,82043,82043,1837874,92,410216,94,285531,285531,11619071,Large
497,2025 Q1,2025-03-31,Fine_Dine_Vegetarian,352523,352523,79645,79645,1762615,91,398227,94,272878,272878,11619071,Large
498,2024 Q2,2024-06-30,Fine_Dine_Vegetarian,170466,170466,35758,35758,852333,91,178794,103,134708,134708,7355064,Large
498,2024 Q3,2024-09-30,Fine_Dine_Vegetarian,171865,171865,33987,33987,859329,92,169938,94,137878,137878,7355064,Large
498,2024 Q4,2024-12-31,Fine_Dine_Vegetarian,234376,234376,44892,44892,1171884,92,224464,94,189484,189484,7355064,Large
498,2025 Q1,2025-03-31,Fine_Dine_Vegetarian,235233,235233,45507,45507,1176168,91,227536,94,189726,189726,7355064,Large
499,2024 Q2,2024-06-30,Fine_Dine_Vegetarian,141662,141662,33007,33007,708313,91,165037,101,108655,108655,5991603,Large
499,2024 Q3,2024-09-30,Fine_Dine_Vegetarian,140393,140393,31091,31091,701968,92,155455,94,109302,109302,5991603,Large
499,2024 Q4,2024-12-31,Fine_Dine_Vegetarian,188593,188593,40010,40010,942965,92,200054,96,148583,148583,5991603,Large
499,2025 Q1,2025-03-31,Fine_Dine_Vegetarian,186844,186844,39981,39981,934221,91,199905,96,146863,146863,5991603,Large
500,2024 Q2,2024-06-30,Fine_Dine_Vegetarian,164732,164732,29635,29635,823660,91,180738,101,135097,135097,6757193,Large
500,2024 Q3,2024-09-30,Fine_Dine_Vegetarian,161760,161760,27061,27061,808803,92,167409,94,134699,134699,6757193,Large
500,2024 Q4,2024-12-31,Fine_Dine_Vegetarian,215477,215477,35685,35685,1077386,92,217389,94,179792,179792,6757193,Large
500,2025 Q1,2025-03-31,Fine_Dine_Vegetarian,211883,211883,36877,36877,1059417,91,216967,94,175006,175006,6757193,Large
501,2024 Q2,2024-06-30,Fine_Dine_Vegetarian,161013,161013,38291,38291,805067,91,191455,101,122722,122722,6429172,Large
501,2024 Q3,2024-09-30,Fine_Dine_Vegetarian,123838,123838,28974,28974,619194,92,144874,94,94864,94864,6429172,Large
501,2024 Q4,2024-12-31,Fine_Dine_Vegetarian,180284,180284,40162,40162,901423,92,200814,94,140122,140122,6429172,Large
501,2025 Q1,2025-03-31,Fine_Dine_Vegetarian,172102,172102,39196,39196,860514,91,195981,94,132906,132906,6429172,Large
502,2024 Q2,2024-06-30,Fine_Dine_Vegetarian,146884,146884,37580,37580,734423,91,187901,101,109304,109304,6021007,Large
502,2024 Q3,2024-09-30,Fine_Dine_Vegetarian,141986,141986,34515,34515,709934,92,172579,94,107471,107471,6021007,Large
502,2024 Q4,2024-12-31,Fine_Dine_Vegetarian,186853,186853,43852,43852,934268,92,219262,98,143001,143001,6021007,Large
502,2025 Q1,2025-03-31,Fine_Dine_Vegetarian,182155,182155,43224,43224,910777,91,216123,94,138931,138931,6021007,Large
546,2024 Q2,2024-06-30,Distributors,387608,387608,287132,287132,1938043,1058,1435663,165,100476,100476,20703208,Large
546,2024 Q3,2024-09-30,Distributors,358387,358387,265252,265252,1791936,980,1326262,150,93135,93135,20703208,Large
546,2024 Q4,2024-12-31,Distributors,433595,433594,322690,322690,2167974,982,1613453,154,110905,110904,20703208,Large
546,2025 Q1,2025-03-31,Distributors,439322,439322,328359,328359,2196612,980,1641798,150,110963,110963,20703208,Large
568,2024 Q2,2024-06-30,Distributors,678205,678205,454362,454362,3391029,1990,2271813,165,223843,223843,34218878,Large
568,2024 Q3,2024-09-30,Distributors,607369,607369,395702,395702,3036846,1848,1978514,150,211667,211667,34218878,Large
568,2024 Q4,2024-12-31,Distributors,730398,730397,481086,481086,3651989,1850,2405432,150,249312,249311,34218878,Large
568,2025 Q1,2025-03-31,Distributors,755373,755373,510336,510336,3776867,1848,2551684,152,245037,245037,34218878,Large
534,2024 Q2,2024-06-30,Distributors,863793,863793,608096,608096,4318965,2242,3040480,157,255697,255697,42293421,Large
534,2024 Q3,2024-09-30,Distributors,761685,761685,531744,531744,3808427,2082,2658722,148,229941,229941,42293421,Large
534,2024 Q4,2024-12-31,Distributors,886155,886155,616284,616284,4430776,2082,3081422,146,269871,269871,42293421,Large
534,2025 Q1,2025-03-31,Distributors,875103,875103,620892,620892,4375516,2082,3104461,148,254211,254211,42293421,Large
551,2024 Q2,2024-06-30,Distributors,748499,748499,498354,498354,3742495,2102,2491770,161,250145,250145,37923991,Large
551,2024 Q3,2024-09-30,Distributors,658991,658991,440479,440479,3294958,1954,2202397,148,218512,218512,37923991,Large
551,2024 Q4,2024-12-31,Distributors,813531,813531,548766,548766,4067656,1952,2743834,150,264765,264765,37923991,Large
551,2025 Q1,2025-03-31,Distributors,856650,856650,588137,588137,4283251,1954,2940686,148,268513,268513,37923991,Large
552,2024 Q2,2024-06-30,Distributors,308916,308916,231173,231173,1544584,914,1155865,149,77743,77743,16354969,Large
552,2024 Q3,2024-09-30,Distributors,287077,287077,212255,212255,1435389,849,1061275,141,74822,74822,16354969,Large
552,2024 Q4,2024-12-31,Distributors,327373,327373,243509,243509,1636867,849,1217549,137,83864,83864,16354969,Large
552,2025 Q1,2025-03-31,Distributors,347052,347052,261913,261913,1735263,847,1309567,139,85139,85139,16354969,Large
564,2024 Q2,2024-06-30,Distributors,574756,574756,428841,428841,2873784,1918,2144208,157,145915,145915,30815920,Large
564,2024 Q3,2024-09-30,Distributors,519124,519124,388420,388420,2595620,1779,1942102,148,130704,130704,30815920,Large
564,2024 Q4,2024-12-31,Distributors,635231,635232,490064,490064,3176160,1779,2450322,146,145167,145168,30815920,Large
564,2025 Q1,2025-03-31,Distributors,657866,657866,506190,506190,3289332,1781,2530951,146,151676,151676,30815920,Large
547,2024 Q2,2024-06-30,Distributors,616016,616016,400873,400873,3080084,1982,2004365,157,215143,215143,30449448,Large
547,2024 Q3,2024-09-30,Distributors,552165,552165,353607,353607,2760828,1840,1768039,148,198558,198558,30449448,Large
547,2024 Q4,2024-12-31,Distributors,654033,654033,427916,427916,3270169,1840,2139582,146,226117,226117,30449448,Large
547,2025 Q1,2025-03-31,Distributors,669567,669567,442525,442525,3347838,1838,2212625,146,227042,227042,30449448,Large
553,2024 Q2,2024-06-30,Distributors,392871,392871,256091,256091,1964358,1066,1280459,161,136780,136780,20622388,Large
553,2024 Q3,2024-09-30,Distributors,354868,354868,230993,230993,1774342,990,1154967,152,123875,123875,20622388,Large
553,2024 Q4,2024-12-31,Distributors,445944,445944,292741,292741,2229720,990,1463706,156,153203,153203,20622388,Large
553,2025 Q1,2025-03-31,Distributors,471441,471441,311279,311279,2357205,990,1556397,150,160162,160162,20622388,Large
557,2024 Q2,2024-06-30,Distributors,793438,793438,576752,576752,3967191,2182,2883763,167,216686,216686,42066665,Large
557,2024 Q3,2024-09-30,Distributors,714681,714681,518514,518514,3573406,2023,2592570,156,196167,196167,42066665,Large
557,2024 Q4,2024-12-31,Distributors,904042,904042,658051,658051,4520214,2023,3290256,156,245991,245991,42066665,Large
557,2025 Q1,2025-03-31,Distributors,915326,915326,671291,671291,4576631,2023,3356458,154,244035,244035,42066665,Large
572,2024 Q2,2024-06-30,Distributors,696563,696564,453886,453886,3482820,1690,2269432,161,242677,242678,35323248,Large
572,2024 Q3,2024-09-30,Distributors,606817,606817,392408,392408,3034086,1568,1962044,146,214409,214409,35323248,Large
572,2024 Q4,2024-12-31,Distributors,800599,800598,530338,530338,4002994,1568,2651693,150,270261,270260,35323248,Large
572,2025 Q1,2025-03-31,Distributors,798866,798866,537094,537094,3994331,1570,2685473,150,261772,261772,35323248,Large
569,2024 Q2,2024-06-30,Distributors,628828,628828,459391,459391,3144144,1840,2296958,159,169437,169437,33153947,Large
569,2024 Q3,2024-09-30,Distributors,571102,571101,414058,414058,2855509,1708,2070293,148,157044,157043,33153947,Large
569,2024 Q4,2024-12-31,Distributors,709860,709860,520318,520318,3549301,1710,2601594,148,189542,189542,33153947,Large
569,2025 Q1,2025-03-31,Distributors,711180,711180,534643,534643,3555903,1708,2673215,156,176537,176537,33153947,Large
548,2024 Q2,2024-06-30,Distributors,707125,707125,511216,511216,3535628,2086,2556083,161,195909,195909,36796887,Large
548,2024 Q3,2024-09-30,Distributors,642033,642033,465869,465869,3210169,1935,2329347,148,176164,176164,36796887,Large
548,2024 Q4,2024-12-31,Distributors,764746,764746,563013,563013,3823733,1935,2815066,148,201733,201733,36796887,Large
548,2025 Q1,2025-03-31,Distributors,772856,772855,579232,579232,3864279,1938,2896162,150,193624,193623,36796887,Large
684,2024 Q2,2024-06-30,Importer,0,0,0,0,1040500,178,0,0,0,0,6076030,Large
684,2024 Q3,2024-09-30,Importer,0,0,0,0,904790,166,0,0,0,0,6076030,Large
684,2024 Q4,2024-12-31,Importer,0,0,0,0,1082235,164,0,0,0,0,6076030,Large
684,2025 Q1,2025-03-31,Importer,0,0,0,0,1094471,166,0,0,0,0,6076030,Large
541,2024 Q2,2024-06-30,Distributors,852790,852790,620264,620264,4263950,2206,3101322,157,232526,232526,45296818,Large
541,2024 Q3,2024-09-30,Distributors,774921,774921,561173,561173,3874606,2048,2805865,146,213748,213748,45296818,Large
541,2024 Q4,2024-12-31,Distributors,962865,962865,705013,705013,4814326,2048,3525068,150,257852,257852,45296818,Large
541,2025 Q1,2025-03-31,Distributors,964260,964260,713871,713870,4821300,2048,3569354,146,250389,250390,45296818,Large
550,2024 Q2,2024-06-30,Distributors,615655,615655,455673,455673,3078279,1374,2278369,159,159982,159982,33347518,Large
550,2024 Q3,2024-09-30,Distributors,563840,563840,413306,413306,2819201,1278,2066531,148,150534,150534,33347518,Large
550,2024 Q4,2024-12-31,Distributors,704415,704415,519796,519796,3522075,1276,2598984,150,184619,184619,33347518,Large
550,2025 Q1,2025-03-31,Distributors,716336,716336,537635,537635,3581683,1278,2688175,148,178701,178701,33347518,Large
539,2024 Q2,2024-06-30,Distributors,579026,579026,393994,393994,2895131,1086,1969972,147,185032,185032,29086939,Large
539,2024 Q3,2024-09-30,Distributors,510415,510415,344703,344703,2552079,1008,1723515,135,165712,165712,29086939,Large
539,2024 Q4,2024-12-31,Distributors,642231,642231,436832,436832,3211158,1008,2184161,137,205399,205399,29086939,Large
539,2025 Q1,2025-03-31,Distributors,648081,648081,446256,446256,3240406,1006,2231283,137,201825,201825,29086939,Large
560,2024 Q2,2024-06-30,Distributors,315128,315128,229280,229281,1575643,898,1146405,149,85848,85847,16376447,Large
560,2024 Q3,2024-09-30,Distributors,282479,282479,206142,206142,1412397,834,1030713,137,76337,76337,16376447,Large
560,2024 Q4,2024-12-31,Distributors,340317,340317,250236,250236,1701588,836,1251183,133,90081,90081,16376447,Large
560,2025 Q1,2025-03-31,Distributors,349297,349297,256849,256849,1746488,834,1284248,135,92448,92448,16376447,Large
571,2024 Q2,2024-06-30,Distributors,766950,766950,599759,599759,3834753,2232,2998797,157,167191,167191,41710043,Large
571,2024 Q3,2024-09-30,Distributors,685198,685198,535464,535464,3425992,2072,2677323,150,149734,149734,41710043,Large
571,2024 Q4,2024-12-31,Distributors,896376,896376,710431,710431,4481880,2074,3552158,148,185945,185945,41710043,Large
571,2025 Q1,2025-03-31,Distributors,870547,870547,691280,691280,4352739,2072,3456401,146,179267,179267,41710043,Large
540,2024 Q2,2024-06-30,Distributors,323661,323661,264349,264349,1618306,982,1321749,159,59312,59312,18139130,Large
540,2024 Q3,2024-09-30,Distributors,296997,296997,242356,242356,1484988,914,1211782,150,54641,54641,18139130,Large
540,2024 Q4,2024-12-31,Distributors,370563,370563,302157,302157,1852815,914,1510786,150,68406,68406,18139130,Large
540,2025 Q1,2025-03-31,Distributors,376358,376358,306253,306253,1881791,912,1531268,148,70105,70105,18139130,Large
558,2024 Q2,2024-06-30,Distributors,601489,601489,452570,452570,3007446,1920,2262852,159,148919,148919,31818141,Large
558,2024 Q3,2024-09-30,Distributors,543438,543438,407689,407689,2717192,1783,2038449,150,135749,135749,31818141,Large
558,2024 Q4,2024-12-31,Distributors,653496,653496,493641,493641,3267483,1783,2468206,150,159855,159855,31818141,Large
558,2025 Q1,2025-03-31,Distributors,662799,662799,505432,505432,3313999,1783,2527164,148,157367,157367,31818141,Large
686,2024 Q2,2024-06-30,Importer,0,0,0,0,740324,570,0,0,0,0,4439711,Large
686,2024 Q3,2024-09-30,Importer,0,0,0,0,711537,530,0,0,0,0,4439711,Large
686,2024 Q4,2024-12-31,Importer,0,0,0,0,796393,528,0,0,0,0,4439711,Large
686,2025 Q1,2025-03-31,Importer,0,0,0,0,758911,530,0,0,0,0,4439711,Large
538,2024 Q2,2024-06-30,Distributors,630583,630583,464943,464943,3152917,2006,2324718,157,165640,165640,34196125,Large
538,2024 Q3,2024-09-30,Distributors,572126,572126,418046,418046,2860630,1860,2090230,146,154080,154080,34196125,Large
538,2024 Q4,2024-12-31,Distributors,708480,708480,528899,528899,3542403,1860,2644497,146,179581,179581,34196125,Large
538,2025 Q1,2025-03-31,Distributors,734764,734764,556259,556259,3673820,1860,2781297,146,178505,178505,34196125,Large
545,2024 Q2,2024-06-30,Distributors,624571,624571,402903,402903,3122858,1874,2014515,143,221668,221668,31069236,Large
545,2024 Q3,2024-09-30,Distributors,572711,572711,365156,365156,2863556,1737,1825782,133,207555,207555,31069236,Large
545,2024 Q4,2024-12-31,Distributors,692884,692883,444272,444272,3464419,1737,2221362,137,248612,248611,31069236,Large
545,2025 Q1,2025-03-31,Distributors,672431,672431,443281,443281,3362156,1739,2216408,133,229150,229150,31069236,Large
565,2024 Q2,2024-06-30,Distributors,636934,636934,503052,503052,3184674,1896,2515261,161,133882,133882,34216680,Large
565,2024 Q3,2024-09-30,Distributors,567285,567285,447033,447033,2836429,1760,2235168,150,120252,120252,34216680,Large
565,2024 Q4,2024-12-31,Distributors,688540,688540,548558,548558,3442700,1760,2742790,148,139982,139982,34216680,Large
565,2025 Q1,2025-03-31,Distributors,720189,720189,578267,578267,3600946,1760,2891338,148,141922,141922,34216680,Large
689,2024 Q2,2024-06-30,Importer,0,0,0,0,744332,424,0,0,0,0,4664748,Large
689,2024 Q3,2024-09-30,Importer,0,0,0,0,705580,391,0,0,0,0,4664748,Large
689,2024 Q4,2024-12-31,Importer,0,0,0,0,915115,391,0,0,0,0,4664748,Large
689,2025 Q1,2025-03-31,Importer,0,0,0,0,877386,391,0,0,0,0,4664748,Large
567,2024 Q2,2024-06-30,Distributors,740506,740505,519255,519255,3702529,1846,2596279,157,221251,221250,38715819,Large
567,2024 Q3,2024-09-30,Distributors,673121,673121,472491,472491,3365605,1713,2362459,148,200630,200630,38715819,Large
567,2024 Q4,2024-12-31,Distributors,831027,831027,583037,583037,4155137,1711,2915185,146,247990,247990,38715819,Large
567,2025 Q1,2025-03-31,Distributors,833451,833451,593741,593741,4167255,1711,2968705,148,239710,239710,38715819,Large
536,2024 Q2,2024-06-30,Distributors,330515,330515,202153,202153,1652577,1052,1010768,159,128362,128362,15644508,Large
536,2024 Q3,2024-09-30,Distributors,283938,283938,165055,165055,1419692,975,825278,150,118883,118883,15644508,Large
536,2024 Q4,2024-12-31,Distributors,344383,344383,206948,206948,1721916,973,1034740,148,137435,137435,15644508,Large
536,2025 Q1,2025-03-31,Distributors,356092,356092,225451,225451,1780461,973,1127256,148,130641,130641,15644508,Large
563,2024 Q2,2024-06-30,Distributors,315009,315009,268124,268124,1575048,942,1340623,147,46885,46885,17282609,Large
563,2024 Q3,2024-09-30,Distributors,279456,279456,237815,237815,1397280,873,1189077,135,41641,41641,17282609,Large
563,2024 Q4,2024-12-31,Distributors,328434,328434,281483,281484,1642173,873,1407420,135,46951,46950,17282609,Large
563,2025 Q1,2025-03-31,Distributors,336844,336844,288874,288874,1684223,873,1444370,137,47970,47970,17282609,Large
543,2024 Q2,2024-06-30,Distributors,451929,451929,326034,326034,2259647,1150,1630172,147,125895,125895,23464878,Large
543,2024 Q3,2024-09-30,Distributors,423049,423049,304548,304548,2115249,1070,1522741,139,118501,118501,23464878,Large
543,2024 Q4,2024-12-31,Distributors,488047,488047,356736,356736,2440235,1068,1783684,137,131311,131311,23464878,Large
543,2025 Q1,2025-03-31,Distributors,494113,494114,363448,363448,2470570,1068,1817242,135,130665,130666,23464878,Large
544,2024 Q2,2024-06-30,Distributors,145385,145385,102068,102068,726925,450,510344,145,43317,43317,7702185,Large
544,2024 Q3,2024-09-30,Distributors,127072,127072,87473,87473,635364,420,437369,137,39599,39599,7702185,Large
544,2024 Q4,2024-12-31,Distributors,180709,180709,125991,125991,903549,420,629959,137,54718,54718,7702185,Large
544,2025 Q1,2025-03-31,Distributors,174811,174811,125263,125263,874056,420,626318,137,49548,49548,7702185,Large
673,2024 Q2,2024-06-30,Importer,0,0,0,0,1601121,584,0,0,0,0,8929547,Large
673,2024 Q3,2024-09-30,Importer,0,0,0,0,1367570,543,0,0,0,0,8929547,Large
673,2024 Q4,2024-12-31,Importer,0,0,0,0,1424144,541,0,0,0,0,8929547,Large
673,2025 Q1,2025-03-31,Importer,0,0,0,0,1521641,541,0,0,0,0,8929547,Large
675,2024 Q2,2024-06-30,Importer,0,0,0,0,645532,512,0,0,0,0,3928603,Large
675,2024 Q3,2024-09-30,Importer,0,0,0,0,575520,473,0,0,0,0,3928603,Large
675,2024 Q4,2024-12-31,Importer,0,0,0,0,694927,475,0,0,0,0,3928603,Large
675,2025 Q1,2025-03-31,Importer,0,0,0,0,700665,475,0,0,0,0,3928603,Large
570,2024 Q2,2024-06-30,Distributors,621516,621516,399959,399959,3107581,1896,1999798,163,221557,221557,30588712,Large
570,2024 Q3,2024-09-30,Distributors,548242,548242,347402,347402,2741211,1760,1737012,150,200840,200840,30588712,Large
570,2024 Q4,2024-12-31,Distributors,668751,668751,432159,432159,3343756,1760,2160797,152,236592,236592,30588712,Large
570,2025 Q1,2025-03-31,Distributors,676367,676367,447357,447357,3381839,1763,2236785,150,229010,229010,30588712,Large
566,2024 Q2,2024-06-30,Distributors,255896,255896,177493,177493,1279481,790,887469,157,78403,78403,13294047,Large
566,2024 Q3,2024-09-30,Distributors,225373,225373,154688,154688,1126865,733,773441,146,70685,70685,13294047,Large
566,2024 Q4,2024-12-31,Distributors,275936,275936,192272,192272,1379681,733,961360,148,83664,83664,13294047,Large
566,2025 Q1,2025-03-31,Distributors,292935,292935,206809,206809,1464679,733,1034046,146,86126,86126,13294047,Large
549,2024 Q2,2024-06-30,Distributors,185506,185506,163504,163504,927530,580,817520,131,22002,22002,10683660,Large
549,2024 Q3,2024-09-30,Distributors,153420,153420,135130,135130,767103,540,675650,122,18290,18290,10683660,Large
549,2024 Q4,2024-12-31,Distributors,208205,208205,182114,182114,1041026,538,910573,122,26091,26091,10683660,Large
549,2025 Q1,2025-03-31,Distributors,224889,224889,198018,198017,1124448,540,990089,124,26871,26872,10683660,Large
533,2024 Q2,2024-06-30,Distributors,651920,651920,423731,423731,3259601,1814,2118655,161,228189,228189,32582198,Large
533,2024 Q3,2024-09-30,Distributors,587949,587949,377701,377701,2939747,1682,1888505,148,210248,210248,32582198,Large
533,2024 Q4,2024-12-31,Distributors,715268,715268,467529,467529,3576342,1682,2337649,150,247739,247739,32582198,Large
533,2025 Q1,2025-03-31,Distributors,719019,719019,476080,476080,3595095,1682,2380401,152,242939,242939,32582198,Large
692,2024 Q2,2024-06-30,Importer,0,0,0,0,6135081,716,0,0,0,0,38383660,Large
692,2024 Q3,2024-09-30,Importer,0,0,0,0,5663947,667,0,0,0,0,38383660,Large
692,2024 Q4,2024-12-31,Importer,0,0,0,0,7235941,665,0,0,0,0,38383660,Large
692,2025 Q1,2025-03-31,Importer,0,0,0,0,7284633,665,0,0,0,0,38383660,Large
555,2024 Q2,2024-06-30,Distributors,249160,249160,171316,171316,1245803,540,856584,135,77844,77844,13105090,Large
555,2024 Q3,2024-09-30,Distributors,218398,218398,148360,148360,1091992,499,741802,120,70038,70038,13105090,Large
555,2024 Q4,2024-12-31,Distributors,288279,288279,199883,199883,1441399,499,999416,122,88396,88396,13105090,Large
555,2025 Q1,2025-03-31,Distributors,302952,302952,215351,215351,1514763,504,1076757,122,87601,87601,13105090,Large
554,2024 Q2,2024-06-30,Distributors,353104,353104,230319,230319,1765521,1014,1151596,157,122785,122785,18120271,Large
554,2024 Q3,2024-09-30,Distributors,318255,318255,209387,209387,1591277,941,1046938,150,108868,108868,18120271,Large
554,2024 Q4,2024-12-31,Distributors,391201,391201,257931,257931,1956006,943,1289657,150,133270,133270,18120271,Large
554,2025 Q1,2025-03-31,Distributors,415559,415559,275030,275030,2077795,941,1375154,146,140529,140529,18120271,Large
682,2024 Q2,2024-06-30,Importer,0,0,0,0,988416,574,0,0,0,0,6011973,Large
682,2024 Q3,2024-09-30,Importer,0,0,0,0,916898,531,0,0,0,0,6011973,Large
682,2024 Q4,2024-12-31,Importer,0,0,0,0,1074822,533,0,0,0,0,6011973,Large
682,2025 Q1,2025-03-31,Importer,0,0,0,0,1053210,533,0,0,0,0,6011973,Large
537,2024 Q2,2024-06-30,Distributors,606495,606495,460859,460859,3032478,962,2304297,143,145636,145636,33443540,Large
537,2024 Q3,2024-09-30,Distributors,541160,541160,409979,409979,2705801,894,2049899,133,131181,131181,33443540,Large
537,2024 Q4,2024-12-31,Distributors,718481,718482,549562,549562,3592410,892,2747810,133,168919,168920,33443540,Large
537,2025 Q1,2025-03-31,Distributors,726229,726228,561182,561182,3631144,892,2805911,133,165047,165046,33443540,Large
556,2024 Q2,2024-06-30,Distributors,292362,292362,234949,234949,1461812,940,1174748,163,57413,57413,15958715,Large
556,2024 Q3,2024-09-30,Distributors,260218,260218,208261,208261,1301091,875,1041307,148,51957,51957,15958715,Large
556,2024 Q4,2024-12-31,Distributors,328751,328751,259773,259773,1643755,873,1298867,150,68978,68978,15958715,Large
556,2025 Q1,2025-03-31,Distributors,334302,334302,263574,263574,1671510,873,1317872,150,70728,70728,15958715,Large
542,2024 Q2,2024-06-30,Distributors,197815,197815,136876,136876,989078,482,684382,143,60939,60939,9611509,Large
542,2024 Q3,2024-09-30,Distributors,174520,174520,121456,121456,872603,449,607282,135,53064,53064,9611509,Large
542,2024 Q4,2024-12-31,Distributors,205380,205380,145036,145036,1026902,447,725184,135,60344,60344,9611509,Large
542,2025 Q1,2025-03-31,Distributors,207492,207492,146255,146255,1037462,449,731276,137,61237,61237,9611509,Large
559,2024 Q2,2024-06-30,Distributors,338034,338034,255816,255816,1690171,800,1279082,159,82218,82218,17305055,Large
559,2024 Q3,2024-09-30,Distributors,305664,305665,232352,232352,1528325,743,1161764,148,73312,73313,17305055,Large
559,2024 Q4,2024-12-31,Distributors,349256,349256,265405,265406,1746281,743,1327030,148,83851,83850,17305055,Large
559,2025 Q1,2025-03-31,Distributors,344608,344608,262003,262003,1723044,743,1310018,150,82605,82605,17305055,Large
677,2024 Q2,2024-06-30,Importer,0,0,0,0,363842,464,0,0,0,0,2257841,Large
677,2024 Q3,2024-09-30,Importer,0,0,0,0,335503,433,0,0,0,0,2257841,Large
677,2024 Q4,2024-12-31,Importer,0,0,0,0,403621,431,0,0,0,0,2257841,Large
677,2025 Q1,2025-03-31,Importer,0,0,0,0,399911,431,0,0,0,0,2257841,Large
676,2024 Q2,2024-06-30,Importer,0,0,0,0,49782,100,0,0,0,0,315724,Medium
676,2024 Q3,2024-09-30,Importer,0,0,0,0,51355,95,0,0,0,0,315724,Medium
676,2024 Q4,2024-12-31,Importer,0,0,0,0,52418,93,0,0,0,0,315724,Medium
676,2025 Q1,2025-03-31,Importer,0,0,0,0,54868,95,0,0,0,0,315724,Medium
678,2024 Q2,2024-06-30,Importer,0,0,0,0,1033089,318,0,0,0,0,6021280,Large
678,2024 Q3,2024-09-30,Importer,0,0,0,0,892511,294,0,0,0,0,6021280,Large
678,2024 Q4,2024-12-31,Importer,0,0,0,0,1017048,296,0,0,0,0,6021280,Large
678,2025 Q1,2025-03-31,Importer,0,0,0,0,1083936,294,0,0,0,0,6021280,Large
683,2024 Q2,2024-06-30,Importer,0,0,0,0,710027,256,0,0,0,0,4305067,Large
683,2024 Q3,2024-09-30,Importer,0,0,0,0,651897,238,0,0,0,0,4305067,Large
683,2024 Q4,2024-12-31,Importer,0,0,0,0,778567,236,0,0,0,0,4305067,Large
683,2025 Q1,2025-03-31,Importer,0,0,0,0,757038,236,0,0,0,0,4305067,Large
561,2024 Q2,2024-06-30,Distributors,469670,469670,368168,368168,2348352,996,1840844,145,101502,101502,24385841,Large
561,2024 Q3,2024-09-30,Distributors,401582,401582,314562,314563,2007912,925,1572815,137,87020,87019,24385841,Large
561,2024 Q4,2024-12-31,Distributors,505461,505461,397741,397741,2527309,925,1988709,135,107720,107720,24385841,Large
561,2025 Q1,2025-03-31,Distributors,500434,500434,394949,394949,2502170,925,1974749,137,105485,105485,24385841,Large
679,2024 Q2,2024-06-30,Importer,0,0,0,0,5652273,356,0,0,0,0,35189945,Large
679,2024 Q3,2024-09-30,Importer,0,0,0,0,5098376,330,0,0,0,0,35189945,Large
679,2024 Q4,2024-12-31,Importer,0,0,0,0,6786477,330,0,0,0,0,35189945,Large
679,2025 Q1,2025-03-31,Importer,0,0,0,0,6794124,330,0,0,0,0,35189945,Large
535,2024 Q2,2024-06-30,Distributors,159941,159941,105882,105882,799706,522,529410,131,54059,54059,8093544,Large
535,2024 Q3,2024-09-30,Distributors,149812,149812,98570,98570,749060,483,492851,122,51242,51242,8093544,Large
535,2024 Q4,2024-12-31,Distributors,171260,171260,113998,113998,856301,485,569993,122,57262,57262,8093544,Large
535,2025 Q1,2025-03-31,Distributors,170933,170933,115165,115164,854665,483,575824,126,55768,55769,8093544,Large
680,2024 Q2,2024-06-30,Importer,0,0,0,0,1421675,604,0,0,0,0,8628674,Large
680,2024 Q3,2024-09-30,Importer,0,0,0,0,1295920,561,0,0,0,0,8628674,Large
680,2024 Q4,2024-12-31,Importer,0,0,0,0,1562962,561,0,0,0,0,8628674,Large
680,2025 Q1,2025-03-31,Importer,0,0,0,0,1527339,561,0,0,0,0,8628674,Large
691,2024 Q2,2024-06-30,Importer,0,0,0,0,2593126,408,0,0,0,0,15919689,Large
691,2024 Q3,2024-09-30,Importer,0,0,0,0,2363006,379,0,0,0,0,15919689,Large
691,2024 Q4,2024-12-31,Importer,0,0,0,0,2896535,379,0,0,0,0,15919689,Large
691,2025 Q1,2025-03-31,Importer,0,0,0,0,2993857,379,0,0,0,0,15919689,Large
562,2024 Q2,2024-06-30,Distributors,236193,236193,180663,180663,1180966,506,903317,161,55530,55530,12363968,Large
562,2024 Q3,2024-09-30,Distributors,205423,205423,155841,155841,1027117,470,779205,148,49582,49582,12363968,Large
562,2024 Q4,2024-12-31,Distributors,272288,272288,207761,207761,1361441,472,1038805,150,64527,64527,12363968,Large
562,2025 Q1,2025-03-31,Distributors,268795,268795,206169,206169,1343979,470,1030849,150,62626,62626,12363968,Large
681,2024 Q2,2024-06-30,Importer,0,0,0,0,184864,244,0,0,0,0,1154243,Large
681,2024 Q3,2024-09-30,Importer,0,0,0,0,165708,228,0,0,0,0,1154243,Large
681,2024 Q4,2024-12-31,Importer,0,0,0,0,222845,226,0,0,0,0,1154243,Large
681,2025 Q1,2025-03-31,Importer,0,0,0,0,208703,226,0,0,0,0,1154243,Large
674,2024 Q2,2024-06-30,Importer,0,0,0,0,166745,204,0,0,0,0,1016588,Large
674,2024 Q3,2024-09-30,Importer,0,0,0,0,155449,187,0,0,0,0,1016588,Large
674,2024 Q4,2024-12-31,Importer,0,0,0,0,183881,189,0,0,0,0,1016588,Large
674,2025 Q1,2025-03-31,Importer,0,0,0,0,176689,187,0,0,0,0,1016588,Large
685,2024 Q2,2024-06-30,Importer,0,0,0,0,670282,350,0,0,0,0,3926002,Large
685,2024 Q3,2024-09-30,Importer,0,0,0,0,577992,325,0,0,0,0,3926002,Large
685,2024 Q4,2024-12-31,Importer,0,0,0,0,689511,323,0,0,0,0,3926002,Large
685,2025 Q1,2025-03-31,Importer,0,0,0,0,699256,323,0,0,0,0,3926002,Large
690,2024 Q2,2024-06-30,Importer,0,0,0,0,359274,282,0,0,0,0,2171219,Large
690,2024 Q3,2024-09-30,Importer,0,0,0,0,325235,264,0,0,0,0,2171219,Large
690,2024 Q4,2024-12-31,Importer,0,0,0,0,392553,262,0,0,0,0,2171219,Large
690,2025 Q1,2025-03-31,Importer,0,0,0,0,377517,262,0,0,0,0,2171219,Large
687,2024 Q2,2024-06-30,Importer,0,0,0,0,1123049,200,0,0,0,0,6925955,Large
687,2024 Q3,2024-09-30,Importer,0,0,0,0,988620,184,0,0,0,0,6925955,Large
687,2024 Q4,2024-12-31,Importer,0,0,0,0,1305712,184,0,0,0,0,6925955,Large
687,2025 Q1,2025-03-31,Importer,0,0,0,0,1382496,184,0,0,0,0,6925955,Large
688,2024 Q2,2024-06-30,Importer,0,0,0,0,222472,162,0,0,0,0,1404644,Large
688,2024 Q3,2024-09-30,Importer,0,0,0,0,207176,150,0,0,0,0,1404644,Large
688,2024 Q4,2024-12-31,Importer,0,0,0,0,273612,148,0,0,0,0,1404644,Large
688,2025 Q1,2025-03-31,Importer,0,0,0,0,255259,148,0,0,0,0,1404644,Large
590,2024 Q2,2024-06-30,Food_Processors,2206639,2206639,1647336,1647336,11033195,744,8236681,75,559303,559303,118338450,Large
590,2024 Q3,2024-09-30,Food_Processors,1972609,1972609,1491210,1491210,9863045,691,7456051,70,481399,481399,118338450,Large
590,2024 Q4,2024-12-31,Food_Processors,2450137,2450137,1874256,1874256,12250687,691,9371283,76,575881,575881,118338450,Large
590,2025 Q1,2025-03-31,Food_Processors,2538715,2538715,1927407,1927407,12693576,691,9637036,72,611308,611308,118338450,Large
586,2024 Q2,2024-06-30,Meat_Processors,961430,961430,806670,806670,4807150,578,4033350,51,154760,154760,55267814,Large
586,2024 Q3,2024-09-30,Meat_Processors,871518,871518,733963,733963,4357594,535,3669819,48,137555,137555,55267814,Large
586,2024 Q4,2024-12-31,Meat_Processors,1165066,1165066,971455,971455,5825334,535,4857277,44,193611,193611,55267814,Large
586,2025 Q1,2025-03-31,Meat_Processors,1177968,1177968,982862,982862,5889841,535,4914313,44,195106,195106,55267814,Large
589,2024 Q2,2024-06-30,Food_Processors,1524859,1524859,996926,996926,7624299,646,4984632,83,527933,527933,77011074,Large
589,2024 Q3,2024-09-30,Food_Processors,1376432,1376432,912545,912545,6882164,600,4562729,80,463887,463887,77011074,Large
589,2024 Q4,2024-12-31,Food_Processors,1662916,1662916,1106736,1106736,8314581,600,5533684,74,556180,556180,77011074,Large
589,2025 Q1,2025-03-31,Food_Processors,1732427,1732428,1145254,1145254,8662140,602,5726272,76,587173,587174,77011074,Large
594,2024 Q2,2024-06-30,Food_Processors,2521863,2521863,1750873,1750873,12609315,1108,8754368,81,770990,770990,126469322,Large
594,2024 Q3,2024-09-30,Food_Processors,2182351,2182352,1539478,1539478,10911760,1029,7697394,76,642873,642874,126469322,Large
594,2024 Q4,2024-12-31,Food_Processors,2577282,2577282,1855701,1855701,12886414,1031,9278507,76,721581,721581,126469322,Large
594,2025 Q1,2025-03-31,Food_Processors,2743628,2743628,1947316,1947316,13718142,1029,9736582,74,796312,796312,126469322,Large
573,2024 Q2,2024-06-30,Meat_Processors,389432,389432,350449,350449,1947163,170,1752249,47,38983,38983,22822739,Large
573,2024 Q3,2024-09-30,Meat_Processors,339410,339410,309292,309292,1697051,158,1546461,42,30118,30118,22822739,Large
573,2024 Q4,2024-12-31,Meat_Processors,468496,468496,415178,415178,2342481,158,2075894,44,53318,53318,22822739,Large
573,2025 Q1,2025-03-31,Meat_Processors,470606,470606,417317,417317,2353032,158,2086586,42,53289,53289,22822739,Large
604,2024 Q2,2024-06-30,Food_Processors,5372,5372,4428,4428,26860,16,22144,21,944,944,267418,Medium
604,2024 Q3,2024-09-30,Food_Processors,3827,3827,3346,3346,19136,15,16731,18,481,481,267418,Medium
604,2024 Q4,2024-12-31,Food_Processors,4543,4543,3848,3848,22719,17,19242,18,695,695,267418,Medium
604,2025 Q1,2025-03-31,Food_Processors,5521,5521,4533,4533,27605,17,22666,20,988,988,267418,Medium
627,2024 Q2,2024-06-30,Livestock_Farmers,2486095,2486095,21521,21521,12430476,170,5754436,31,2464574,2464574,114897861,Large
627,2024 Q3,2024-09-30,Livestock_Farmers,2292005,2292005,21521,21521,11460028,158,5313655,29,2270484,2270484,114897861,Large
627,2024 Q4,2024-12-31,Livestock_Farmers,2986491,2986491,21521,21521,14932459,158,6891225,29,2964970,2964970,114897861,Large
627,2025 Q1,2025-03-31,Livestock_Farmers,3019309,3019309,21521,21521,15096547,158,6965851,29,2997788,2997788,114897861,Large
583,2024 Q2,2024-06-30,Meat_Processors,1189998,1189998,981971,981971,5949990,492,4909859,45,208027,208027,69062995,Large
583,2024 Q3,2024-09-30,Meat_Processors,1070268,1070268,886161,886161,5351340,457,4430806,46,184107,184107,69062995,Large
583,2024 Q4,2024-12-31,Meat_Processors,1503144,1503144,1232754,1232754,7515724,457,6163772,42,270390,270390,69062995,Large
583,2025 Q1,2025-03-31,Meat_Processors,1492365,1492364,1224490,1224490,7461824,457,6122454,42,267875,267874,69062995,Large
609,2024 Q2,2024-06-30,Food_Processors,3564235,3564235,2148442,2148442,17821179,1068,10742214,83,1415793,1415793,171720733,Large
609,2024 Q3,2024-09-30,Food_Processors,3155443,3155443,1917628,1917628,15777215,990,9588142,80,1237815,1237815,171720733,Large
609,2024 Q4,2024-12-31,Food_Processors,3865385,3865385,2369667,2369667,19326925,992,11848337,78,1495718,1495718,171720733,Large
609,2025 Q1,2025-03-31,Food_Processors,3945681,3945681,2409258,2409258,19728408,992,12046291,82,1536423,1536423,171720733,Large
633,2024 Q2,2024-06-30,Livestock_Farmers,465155,465155,24278,24278,2325775,100,1232431,45,440877,440877,22426513,Large
633,2024 Q3,2024-09-30,Livestock_Farmers,417852,417852,24278,24278,2089263,93,1119967,42,393574,393574,22426513,Large
633,2024 Q4,2024-12-31,Livestock_Farmers,573065,573065,24278,24278,2865329,93,1489380,42,548787,548787,22426513,Large
633,2025 Q1,2025-03-31,Livestock_Farmers,595327,595327,24278,24278,2976636,93,1541218,44,571049,571049,22426513,Large
592,2024 Q2,2024-06-30,Food_Processors,28385,28385,19498,19498,141929,16,97490,21,8887,8887,1415876,Large
592,2024 Q3,2024-09-30,Food_Processors,23589,23589,16443,16443,117945,15,82218,20,7146,7146,1415876,Large
592,2024 Q4,2024-12-31,Food_Processors,25477,25477,17645,17645,127386,15,88229,18,7832,7832,1415876,Large
592,2025 Q1,2025-03-31,Food_Processors,28173,28173,19362,19362,140868,15,96814,20,8811,8811,1415876,Large
625,2024 Q2,2024-06-30,Livestock_Farmers,60357,60357,11770,11770,301788,128,219461,31,48587,48587,3190219,Large
625,2024 Q3,2024-09-30,Livestock_Farmers,55832,55832,11770,11770,279160,119,207418,29,44062,44062,3190219,Large
625,2024 Q4,2024-12-31,Livestock_Farmers,70732,70732,11770,11770,353660,121,247041,29,58962,58962,3190219,Large
625,2025 Q1,2025-03-31,Livestock_Farmers,67709,67709,11770,11770,338547,119,239005,31,55939,55939,3190219,Large
574,2024 Q2,2024-06-30,Meat_Processors,38513,38513,30619,30619,192565,16,153099,17,7894,7894,1981487,Large
574,2024 Q3,2024-09-30,Meat_Processors,25222,25222,20466,20466,126114,17,102331,16,4756,4756,1981487,Large
574,2024 Q4,2024-12-31,Meat_Processors,35227,35227,28110,28110,176139,15,140550,16,7117,7117,1981487,Large
574,2025 Q1,2025-03-31,Meat_Processors,46419,46419,36660,36660,232095,15,183301,16,9759,9759,1981487,Large
634,2024 Q2,2024-06-30,Livestock_Farmers,2386826,2386826,21521,21521,11934131,86,5586234,31,2365305,2365305,109188778,Large
634,2024 Q3,2024-09-30,Livestock_Farmers,2147967,2147967,21521,21521,10739836,82,5037899,29,2126446,2126446,109188778,Large
634,2024 Q4,2024-12-31,Livestock_Farmers,2874066,2874066,21521,21521,14370333,80,6704679,29,2852545,2852545,109188778,Large
634,2025 Q1,2025-03-31,Livestock_Farmers,2890500,2890500,21521,21521,14452504,80,6742425,29,2868979,2868979,109188778,Large
620,2024 Q2,2024-06-30,Livestock_Farmers,251498,251498,13633,13633,1257491,100,704633,31,237865,237865,12230552,Large
620,2024 Q3,2024-09-30,Livestock_Farmers,230839,230839,13633,13633,1154195,93,652361,29,217206,217206,12230552,Large
620,2024 Q4,2024-12-31,Livestock_Farmers,300529,300529,13633,13633,1502649,95,828561,29,286896,286896,12230552,Large
620,2025 Q1,2025-03-31,Livestock_Farmers,289601,289601,13633,13633,1448007,95,800972,29,275968,275968,12230552,Large
607,2024 Q2,2024-06-30,Food_Processors,10972,10972,2022,2022,54864,16,10114,17,8950,8950,377381,Medium
607,2024 Q3,2024-09-30,Food_Processors,9481,9481,1985,1985,47407,15,9927,18,7496,7496,377381,Medium
607,2024 Q4,2024-12-31,Food_Processors,11560,11560,2429,2429,57803,15,12146,18,9131,9131,377381,Medium
607,2025 Q1,2025-03-31,Food_Processors,11860,11860,2303,2303,59300,15,11515,16,9557,9557,377381,Medium
588,2024 Q2,2024-06-30,Meat_Processors,150573,150573,139821,139821,752869,86,699109,47,10752,10752,8906751,Large
588,2024 Q3,2024-09-30,Meat_Processors,134486,134486,127245,127245,672433,80,636229,44,7241,7241,8906751,Large
588,2024 Q4,2024-12-31,Meat_Processors,179959,179959,163345,163345,899797,82,816729,44,16614,16614,8906751,Large
588,2025 Q1,2025-03-31,Meat_Processors,182226,182226,165026,165026,911133,80,825132,42,17200,17200,8906751,Large
617,2024 Q2,2024-06-30,Livestock_Farmers,365787,365787,24278,24278,1828936,74,1081453,33,341509,341509,18483343,Large
617,2024 Q3,2024-09-30,Livestock_Farmers,344316,344316,24278,24278,1721583,67,1025166,29,320038,320038,18483343,Large
617,2024 Q4,2024-12-31,Livestock_Farmers,452710,452710,24278,24278,2263554,67,1310079,29,428432,428432,18483343,Large
617,2025 Q1,2025-03-31,Livestock_Farmers,440835,440835,24278,24278,2204176,69,1278919,31,416557,416557,18483343,Large
585,2024 Q2,2024-06-30,Meat_Processors,263298,263298,247822,247822,1316493,128,1239114,49,15476,15476,16455818,Large
585,2024 Q3,2024-09-30,Meat_Processors,246877,246877,233167,233167,1234389,119,1165837,42,13710,13710,16455818,Large
585,2024 Q4,2024-12-31,Meat_Processors,340007,340007,312385,312384,1700039,121,1561924,42,27622,27623,16455818,Large
585,2025 Q1,2025-03-31,Meat_Processors,332978,332978,306499,306499,1664894,119,1532496,42,26479,26479,16455818,Large
578,2024 Q2,2024-06-30,Meat_Processors,20281,20281,16562,16562,101408,18,82814,19,3719,3719,1138156,Large
578,2024 Q3,2024-09-30,Meat_Processors,20238,20238,16529,16529,101191,17,82649,16,3709,3709,1138156,Large
578,2024 Q4,2024-12-31,Meat_Processors,23320,23320,18869,18869,116601,15,94345,16,4451,4451,1138156,Large
578,2025 Q1,2025-03-31,Meat_Processors,21925,21925,17810,17810,109625,15,89050,18,4115,4115,1138156,Large
575,2024 Q2,2024-06-30,Meat_Processors,21893,21893,16093,16093,109467,16,80468,21,5800,5800,1242933,Large
575,2024 Q3,2024-09-30,Meat_Processors,16672,16672,12433,12433,83362,17,62166,18,4239,4239,1242933,Large
575,2024 Q4,2024-12-31,Meat_Processors,34732,34732,25094,25094,173662,15,125474,20,9638,9638,1242933,Large
575,2025 Q1,2025-03-31,Meat_Processors,31116,31116,22559,22559,155582,15,112799,18,8557,8557,1242933,Large
622,2024 Q2,2024-06-30,Livestock_Farmers,220564,220564,13371,13371,1102824,32,599304,31,207193,207193,10590554,Large
622,2024 Q3,2024-09-30,Livestock_Farmers,202634,202634,13371,13371,1013174,30,556088,33,189263,189263,10590554,Large
622,2024 Q4,2024-12-31,Livestock_Farmers,272022,272022,13371,13371,1360113,28,723509,31,258651,258651,10590554,Large
622,2025 Q1,2025-03-31,Livestock_Farmers,262836,262836,13371,13371,1314181,30,701295,29,249465,249465,10590554,Large
606,2024 Q2,2024-06-30,Food_Processors,15112,15112,11523,11523,75560,18,57616,21,3589,3589,704703,Medium
606,2024 Q3,2024-09-30,Food_Processors,11542,11542,9036,9036,57710,15,45182,18,2506,2506,704703,Medium
606,2024 Q4,2024-12-31,Food_Processors,12716,12716,9854,9854,63581,15,49272,18,2862,2862,704703,Medium
606,2025 Q1,2025-03-31,Food_Processors,14174,14174,10870,10870,70874,15,54352,20,3304,3304,704703,Medium
596,2024 Q2,2024-06-30,Food_Processors,22429,22429,16166,16166,112149,18,80833,19,6263,6263,1139985,Large
596,2024 Q3,2024-09-30,Food_Processors,20261,20261,14698,14698,101307,15,73490,18,5563,5563,1139985,Large
596,2024 Q4,2024-12-31,Food_Processors,23781,23781,17082,17082,118908,17,85412,20,6699,6699,1139985,Large
596,2025 Q1,2025-03-31,Food_Processors,23638,23638,16985,16985,118191,15,84926,18,6653,6653,1139985,Large
598,2024 Q2,2024-06-30,Food_Processors,235981,235981,172572,172572,1179908,18,862863,19,63409,63409,13224553,Large
598,2024 Q3,2024-09-30,Food_Processors,224901,224901,165384,165384,1124505,15,826921,16,59517,59517,13224553,Large
598,2024 Q4,2024-12-31,Food_Processors,291071,291071,208311,208311,1455355,15,1041558,16,82760,82760,13224553,Large
598,2025 Q1,2025-03-31,Food_Processors,298136,298136,212895,212895,1490684,15,1064478,18,85241,85241,13224553,Large
587,2024 Q2,2024-06-30,Meat_Processors,6192,6192,6625,6625,30961,16,33126,19,-433,-433,429747,Medium
587,2024 Q3,2024-09-30,Meat_Processors,5713,5713,6175,6175,28566,15,30877,20,-462,-462,429747,Medium
587,2024 Q4,2024-12-31,Meat_Processors,8415,8415,8713,8713,42077,15,43567,18,-298,-298,429747,Medium
587,2025 Q1,2025-03-31,Meat_Processors,8276,8276,8582,8582,41380,15,42912,18,-306,-306,429747,Medium
612,2024 Q2,2024-06-30,Food_Processors,3820,3820,3539,3539,19103,16,17695,21,281,281,254661,Medium
612,2024 Q3,2024-09-30,Food_Processors,4005,4005,3673,3673,20029,15,18365,18,332,332,254661,Medium
612,2024 Q4,2024-12-31,Food_Processors,5760,5760,4942,4942,28803,15,24712,18,818,818,254661,Medium
612,2025 Q1,2025-03-31,Food_Processors,5314,5314,4619,4619,26570,15,23097,18,695,695,254661,Medium
628,2024 Q2,2024-06-30,Livestock_Farmers,273733,273733,13664,13664,1368668,44,744216,31,260069,260069,13329869,Large
628,2024 Q3,2024-09-30,Livestock_Farmers,247714,247714,13664,13664,1238570,41,679974,29,234050,234050,13329869,Large
628,2024 Q4,2024-12-31,Livestock_Farmers,335157,335157,13664,13664,1675787,41,895903,31,321493,321493,13329869,Large
628,2025 Q1,2025-03-31,Livestock_Farmers,329014,329014,13664,13664,1645071,41,880733,29,315350,315350,13329869,Large
600,2024 Q2,2024-06-30,Food_Processors,26496,26496,19350,19350,132480,16,96751,19,7146,7146,1279090,Large
600,2024 Q3,2024-09-30,Food_Processors,20400,20400,15357,15357,102002,15,76786,18,5043,5043,1279090,Large
600,2024 Q4,2024-12-31,Food_Processors,23753,23753,17553,17553,118768,15,87769,18,6200,6200,1279090,Large
600,2025 Q1,2025-03-31,Food_Processors,28019,28019,20348,20348,140095,15,101740,20,7671,7671,1279090,Large
577,2024 Q2,2024-06-30,Meat_Processors,23132,23132,19422,19423,115661,18,97115,17,3710,3709,1151901,Large
577,2024 Q3,2024-09-30,Meat_Processors,19133,19133,16261,16261,95668,17,81307,16,2872,2872,1151901,Large
577,2024 Q4,2024-12-31,Meat_Processors,23355,23355,19599,19599,116776,15,97997,16,3756,3756,1151901,Large
577,2025 Q1,2025-03-31,Meat_Processors,21542,21542,18166,18166,107714,15,90831,16,3376,3376,1151901,Large
580,2024 Q2,2024-06-30,Meat_Processors,12265,12265,10639,10639,61329,16,53195,17,1626,1626,716725,Medium
580,2024 Q3,2024-09-30,Meat_Processors,10420,10420,9218,9218,52103,17,46093,18,1202,1202,716725,Medium
580,2024 Q4,2024-12-31,Meat_Processors,13613,13613,11676,11676,68068,15,58383,18,1937,1937,716725,Medium
580,2025 Q1,2025-03-31,Meat_Processors,17343,17343,14548,14548,86719,15,72742,18,2795,2795,716725,Medium
602,2024 Q2,2024-06-30,Food_Processors,94549,94549,78586,78586,472747,16,392934,19,15963,15963,5591281,Large
602,2024 Q3,2024-09-30,Food_Processors,84306,84306,71534,71534,421530,15,357671,18,12772,12772,5591281,Large
602,2024 Q4,2024-12-31,Food_Processors,109083,109083,88594,88594,545418,15,442970,18,20489,20489,5591281,Large
602,2025 Q1,2025-03-31,Food_Processors,119592,119592,95829,95829,597960,15,479147,20,23763,23763,5591281,Large
603,2024 Q2,2024-06-30,Food_Processors,23472,23472,16052,16052,117362,16,80261,21,7420,7420,1163421,Large
603,2024 Q3,2024-09-30,Food_Processors,20162,20162,15946,15946,100811,15,79734,18,4216,4216,1163421,Large
603,2024 Q4,2024-12-31,Food_Processors,21941,21941,16602,16602,109709,17,83014,18,5339,5339,1163421,Large
603,2025 Q1,2025-03-31,Food_Processors,23401,23401,16442,16442,117009,15,82210,18,6959,6959,1163421,Large
595,2024 Q2,2024-06-30,Food_Processors,5160,5160,4712,4712,25803,16,23562,17,448,448,281375,Medium
595,2024 Q3,2024-09-30,Food_Processors,3974,3974,3781,3781,19870,15,18908,16,193,193,281375,Medium
595,2024 Q4,2024-12-31,Food_Processors,4833,4833,4456,4456,24169,17,22280,18,377,377,281375,Medium
595,2025 Q1,2025-03-31,Food_Processors,4991,4991,4579,4579,24958,15,22899,18,412,412,281375,Medium
581,2024 Q2,2024-06-30,Meat_Processors,74239,74239,57238,57238,371199,18,286194,17,17001,17001,4148280,Large
581,2024 Q3,2024-09-30,Meat_Processors,67200,67200,52026,52026,336001,15,260131,18,15174,15174,4148280,Large
581,2024 Q4,2024-12-31,Meat_Processors,92276,92276,70594,70594,461383,15,352973,20,21682,21682,4148280,Large
581,2025 Q1,2025-03-31,Meat_Processors,89064,89064,68216,68216,445323,15,341081,16,20848,20848,4148280,Large
591,2024 Q2,2024-06-30,Food_Processors,6134,6134,5467,5467,30670,16,27339,19,667,667,372198,Medium
591,2024 Q3,2024-09-30,Food_Processors,5428,5428,4916,4916,27143,17,24583,20,512,512,372198,Medium
591,2024 Q4,2024-12-31,Food_Processors,7708,7708,6698,6698,38542,15,33491,20,1010,1010,372198,Medium
591,2025 Q1,2025-03-31,Food_Processors,7451,7451,6497,6497,37256,15,32486,20,954,954,372198,Medium
637,2024 Q2,2024-06-30,Livestock_Farmers,31519,31519,5885,5885,157597,46,109210,17,25634,25634,1662704,Large
637,2024 Q3,2024-09-30,Livestock_Farmers,29072,29072,5885,5885,145364,43,103017,16,23187,23187,1662704,Large
637,2024 Q4,2024-12-31,Livestock_Farmers,36391,36391,5885,5885,181957,43,121542,16,30506,30506,1662704,Large
637,2025 Q1,2025-03-31,Livestock_Farmers,35613,35613,5885,5885,178069,43,119574,18,29728,29728,1662704,Large
601,2024 Q2,2024-06-30,Food_Processors,17721,17721,13410,13410,88609,16,67053,17,4311,4311,829030,Medium
601,2024 Q3,2024-09-30,Food_Processors,13979,13979,10731,10731,69897,17,53658,18,3248,3248,829030,Medium
601,2024 Q4,2024-12-31,Food_Processors,15078,15078,11518,11518,75392,15,57591,20,3560,3560,829030,Medium
601,2025 Q1,2025-03-31,Food_Processors,16491,16491,12529,12529,82456,15,62648,16,3962,3962,829030,Medium
599,2024 Q2,2024-06-30,Food_Processors,17808,17808,12707,12707,89040,16,63537,21,5101,5101,804751,Medium
599,2024 Q3,2024-09-30,Food_Processors,13642,13642,9903,9903,68211,15,49518,18,3739,3739,804751,Medium
599,2024 Q4,2024-12-31,Food_Processors,16004,16004,11493,11493,80023,17,57468,18,4511,4511,804751,Medium
599,2025 Q1,2025-03-31,Food_Processors,17304,17304,12368,12368,86524,15,61843,18,4936,4936,804751,Medium
582,2024 Q2,2024-06-30,Meat_Processors,6994,6994,6243,6243,34970,16,31217,19,751,751,422743,Medium
582,2024 Q3,2024-09-30,Meat_Processors,7120,7120,6341,6341,35601,15,31706,18,779,779,422743,Medium
582,2024 Q4,2024-12-31,Meat_Processors,8406,8406,7338,7338,42030,15,36693,18,1068,1068,422743,Medium
582,2025 Q1,2025-03-31,Meat_Processors,8085,8085,7089,7089,40426,15,35449,18,996,996,422743,Medium
584,2024 Q2,2024-06-30,Meat_Processors,7896,7896,7610,7610,39483,16,38052,17,286,286,371287,Medium
584,2024 Q3,2024-09-30,Meat_Processors,5441,5441,5615,5615,27205,17,28078,18,-174,-174,371287,Medium
584,2024 Q4,2024-12-31,Meat_Processors,6703,6703,6640,6641,33516,15,33205,16,63,62,371287,Medium
584,2025 Q1,2025-03-31,Meat_Processors,6813,6813,6730,6730,34068,17,33653,16,83,83,371287,Medium
610,2024 Q2,2024-06-30,Food_Processors,823,823,1245,1245,4116,16,6225,21,-422,-422,55209,Small
610,2024 Q3,2024-09-30,Food_Processors,723,723,1175,1175,3615,15,5878,20,-452,-452,55209,Small
610,2024 Q4,2024-12-31,Food_Processors,703,703,1162,1162,3517,15,5810,18,-459,-459,55209,Small
610,2025 Q1,2025-03-31,Food_Processors,732,732,1182,1182,3661,17,5910,20,-450,-450,55209,Small
579,2024 Q2,2024-06-30,Meat_Processors,48034,48034,40205,40205,240172,18,201027,19,7829,7829,2559156,Large
579,2024 Q3,2024-09-30,Meat_Processors,42262,42262,35524,35524,211314,17,177622,16,6738,6738,2559156,Large
579,2024 Q4,2024-12-31,Meat_Processors,54070,54070,45100,45100,270350,15,225501,16,8970,8970,2559156,Large
579,2025 Q1,2025-03-31,Meat_Processors,52616,52616,43921,43921,263083,15,219608,16,8695,8695,2559156,Large
632,2024 Q2,2024-06-30,Livestock_Farmers,36623,36623,6262,6262,183116,30,109047,17,30361,30361,1799847,Large
632,2024 Q3,2024-09-30,Livestock_Farmers,33763,33763,6262,6262,168817,28,102977,16,27501,27501,1799847,Large
632,2024 Q4,2024-12-31,Livestock_Farmers,42357,42357,6262,6262,211785,30,121217,16,36095,36095,1799847,Large
632,2025 Q1,2025-03-31,Livestock_Farmers,39750,39750,6262,6262,198753,28,115684,16,33488,33488,1799847,Large
611,2024 Q2,2024-06-30,Food_Processors,6218,6218,4934,4934,31091,16,24672,19,1284,1284,319303,Medium
611,2024 Q3,2024-09-30,Food_Processors,5366,5366,4363,4363,26833,15,21817,16,1003,1003,319303,Medium
611,2024 Q4,2024-12-31,Food_Processors,5275,5275,4302,4302,26377,15,21511,16,973,973,319303,Medium
611,2025 Q1,2025-03-31,Food_Processors,6446,6446,5087,5087,32231,15,25437,18,1359,1359,319303,Medium
597,2024 Q2,2024-06-30,Food_Processors,6235,6235,5210,5210,31179,18,26054,19,1025,1025,351326,Medium
597,2024 Q3,2024-09-30,Food_Processors,5586,5586,4743,4743,27933,15,23716,18,843,843,351326,Medium
597,2024 Q4,2024-12-31,Food_Processors,7417,7417,6062,6062,37089,15,30311,18,1355,1355,351326,Medium
597,2025 Q1,2025-03-31,Food_Processors,7826,7826,6356,6356,39133,17,31783,18,1470,1470,351326,Medium
593,2024 Q2,2024-06-30,Food_Processors,28138,28138,4663,4663,140691,16,23315,17,23475,23475,874429,Medium
593,2024 Q3,2024-09-30,Food_Processors,23963,23963,4513,4513,119815,15,22567,16,19450,19450,874429,Medium
593,2024 Q4,2024-12-31,Food_Processors,24515,24515,5060,5060,122575,15,25300,16,19455,19455,874429,Medium
593,2025 Q1,2025-03-31,Food_Processors,25331,25331,4795,4795,126657,17,23976,18,20536,20536,874429,Medium
605,2024 Q2,2024-06-30,Food_Processors,6073,6073,5403,5403,30365,16,27018,19,670,670,288421,Medium
605,2024 Q3,2024-09-30,Food_Processors,4885,4885,4488,4488,24425,15,22441,20,397,397,288421,Medium
605,2024 Q4,2024-12-31,Food_Processors,4383,4383,4101,4101,21918,15,20509,18,282,282,288421,Medium
605,2025 Q1,2025-03-31,Food_Processors,4939,4939,4530,4530,24698,15,22651,16,409,409,288421,Medium
576,2024 Q2,2024-06-30,Meat_Processors,20864,20864,20238,20238,104323,16,101194,19,626,626,1253135,Large
576,2024 Q3,2024-09-30,Meat_Processors,18616,18616,18151,18151,93084,15,90757,18,465,465,1253135,Large
576,2024 Q4,2024-12-31,Meat_Processors,23033,23033,22252,22252,115168,17,111263,20,781,781,1253135,Large
576,2025 Q1,2025-03-31,Meat_Processors,23356,23356,22552,22552,116780,15,112760,18,804,804,1253135,Large
639,2024 Q2,2024-06-30,Livestock_Farmers,937808,937808,22721,22721,4689043,60,2348944,33,915087,915087,44048302,Large
639,2024 Q3,2024-09-30,Livestock_Farmers,869387,869387,22721,22721,4346937,56,2185888,29,846666,846666,44048302,Large
639,2024 Q4,2024-12-31,Livestock_Farmers,1101602,1101602,22721,22721,5508012,54,2739086,29,1078881,1078881,44048302,Large
639,2025 Q1,2025-03-31,Livestock_Farmers,1124345,1124345,22721,22721,5621729,54,2792861,29,1101624,1101624,44048302,Large
615,2024 Q2,2024-06-30,Livestock_Farmers,102505,102505,15584,15584,512527,58,314228,47,86921,86921,5047220,Large
615,2024 Q3,2024-09-30,Livestock_Farmers,86956,86956,15584,15584,434783,54,278724,42,71372,71372,5047220,Large
615,2024 Q4,2024-12-31,Livestock_Farmers,116054,116054,15584,15584,580273,56,346048,42,100470,100470,5047220,Large
615,2025 Q1,2025-03-31,Livestock_Farmers,120902,120902,15584,15584,604514,56,356714,42,105318,105318,5047220,Large
640,2024 Q2,2024-06-30,Livestock_Farmers,15349,15349,6117,6117,76746,16,80086,17,9232,9232,1011042,Large
640,2024 Q3,2024-09-30,Livestock_Farmers,11688,11688,6117,6117,58444,15,68282,16,5571,5571,1011042,Large
640,2024 Q4,2024-12-31,Livestock_Farmers,24350,24350,6117,6117,121752,17,109114,16,18233,18233,1011042,Large
640,2025 Q1,2025-03-31,Livestock_Farmers,21815,21815,6117,6117,109077,15,100939,16,15698,15698,1011042,Large
629,2024 Q2,2024-06-30,Livestock_Farmers,19373,19373,5455,5455,96865,16,81148,17,13918,13918,1083086,Large
629,2024 Q3,2024-09-30,Livestock_Farmers,17285,17285,5455,5455,86429,15,75344,16,11830,11830,1083086,Large
629,2024 Q4,2024-12-31,Livestock_Farmers,21386,21386,5455,5455,106934,17,86748,16,15931,15931,1083086,Large
629,2025 Q1,2025-03-31,Livestock_Farmers,21686,21686,5455,5455,108431,15,87580,16,16231,16231,1083086,Large
621,2024 Q2,2024-06-30,Livestock_Farmers,172430,172430,15584,15584,862152,44,479424,45,156846,156846,8533102,Large
621,2024 Q3,2024-09-30,Livestock_Farmers,162042,162042,15584,15584,810214,41,455560,42,146458,146458,8533102,Large
621,2024 Q4,2024-12-31,Livestock_Farmers,208752,208752,15584,15584,1043760,41,564578,42,193168,193168,8533102,Large
621,2025 Q1,2025-03-31,Livestock_Farmers,211776,211776,15584,15584,1058884,41,571892,42,196192,196192,8533102,Large
619,2024 Q2,2024-06-30,Livestock_Farmers,54814,54814,8323,8323,274074,44,159285,45,46491,46491,2501905,Large
619,2024 Q3,2024-09-30,Livestock_Farmers,46718,46718,8323,8323,233593,43,141983,42,38395,38395,2501905,Large
619,2024 Q4,2024-12-31,Livestock_Farmers,59777,59777,8323,8323,298889,41,170027,42,51454,51454,2501905,Large
619,2025 Q1,2025-03-31,Livestock_Farmers,61560,61560,8323,8323,307803,41,173552,42,53237,53237,2501905,Large
613,2024 Q2,2024-06-30,Livestock_Farmers,5425,5425,611,611,27125,16,21186,19,4814,4814,308541,Medium
613,2024 Q3,2024-09-30,Livestock_Farmers,5523,5522,611,611,27614,15,21514,16,4912,4911,308541,Medium
613,2024 Q4,2024-12-31,Livestock_Farmers,6520,6520,611,611,32601,15,24846,16,5909,5909,308541,Medium
613,2025 Q1,2025-03-31,Livestock_Farmers,6271,6271,611,611,31357,15,24015,16,5660,5660,308541,Medium
638,2024 Q2,2024-06-30,Livestock_Farmers,5816,5816,5312,5312,29080,16,42410,17,504,504,462778,Medium
638,2024 Q3,2024-09-30,Livestock_Farmers,5366,5366,5312,5312,26830,17,41183,16,54,54,462778,Medium
638,2024 Q4,2024-12-31,Livestock_Farmers,7904,7904,5312,5312,39521,15,48100,16,2592,2592,462778,Medium
638,2025 Q1,2025-03-31,Livestock_Farmers,7773,7773,5312,5312,38866,15,47743,16,2461,2461,462778,Medium
663,2024 Q2,2024-06-30,Crop_Farmers,119090,119090,15780,15780,595453,18,292606,31,103310,103310,4857705,Large
663,2024 Q3,2024-09-30,Crop_Farmers,99405,99405,15780,15780,497026,15,257434,29,83625,83625,4857705,Large
663,2024 Q4,2024-12-31,Crop_Farmers,98053,98053,15780,15780,490269,15,255003,29,82273,82273,4857705,Large
663,2025 Q1,2025-03-31,Crop_Farmers,108693,108693,15780,15780,543469,15,274043,29,92913,92913,4857705,Large
667,2024 Q2,2024-06-30,Crop_Farmers,49679,49679,8275,8275,248397,18,152496,31,41404,41404,2253921,Large
667,2024 Q3,2024-09-30,Crop_Farmers,40873,40873,8275,8275,204369,17,132698,29,32598,32598,2253921,Large
667,2024 Q4,2024-12-31,Crop_Farmers,44301,44301,8275,8275,221508,15,140360,29,36026,36026,2253921,Large
667,2025 Q1,2025-03-31,Crop_Farmers,48685,48685,8275,8275,243425,15,150203,29,40410,40410,2253921,Large
656,2024 Q2,2024-06-30,Crop_Farmers,26797,26797,8393,8393,133989,16,98516,31,18404,18404,1304275,Large
656,2024 Q3,2024-09-30,Crop_Farmers,21766,21766,8393,8393,108832,15,87962,29,13373,13373,1304275,Large
656,2024 Q4,2024-12-31,Crop_Farmers,23433,23433,8393,8393,117169,15,91484,29,15040,15040,1304275,Large
656,2025 Q1,2025-03-31,Crop_Farmers,25670,25670,8393,8393,128350,15,96178,29,17277,17277,1304275,Large
657,2024 Q2,2024-06-30,Crop_Farmers,327039,327039,14485,14485,1635199,30,753469,31,312554,312554,13182663,Large
657,2024 Q3,2024-09-30,Crop_Farmers,265164,265164,14485,14485,1325824,28,623132,29,250679,250679,13182663,Large
657,2024 Q4,2024-12-31,Crop_Farmers,272989,272989,14485,14485,1364948,28,639305,29,258504,258504,13182663,Large
657,2025 Q1,2025-03-31,Crop_Farmers,312581,312581,14485,14485,1562905,28,722270,29,298096,298096,13182663,Large
664,2024 Q2,2024-06-30,Crop_Farmers,509332,509332,14485,14485,2546661,30,1150795,31,494847,494847,19862017,Large
664,2024 Q3,2024-09-30,Crop_Farmers,407287,407287,14485,14485,2036437,28,934744,29,392802,392802,19862017,Large
664,2024 Q4,2024-12-31,Crop_Farmers,412204,412204,14485,14485,2061021,30,945153,29,397719,397719,19862017,Large
664,2025 Q1,2025-03-31,Crop_Farmers,472715,472715,14485,14485,2363576,28,1073269,31,458230,458230,19862017,Large
630,2024 Q2,2024-06-30,Livestock_Farmers,4793,4793,539,539,23967,16,16326,17,4254,4254,258371,Medium
630,2024 Q3,2024-09-30,Livestock_Farmers,4242,4242,539,539,21211,17,14759,16,3703,3703,258371,Medium
630,2024 Q4,2024-12-31,Livestock_Farmers,6023,6023,539,539,30119,17,19824,16,5484,5484,258371,Medium
630,2025 Q1,2025-03-31,Livestock_Farmers,5822,5822,539,539,29114,17,19252,16,5283,5283,258371,Medium
652,2024 Q2,2024-06-30,Crop_Farmers,18074,18074,7399,7399,90374,18,79835,31,10675,10675,1009512,Large
652,2024 Q3,2024-09-30,Crop_Farmers,15020,15020,7399,7399,75102,15,72619,29,7621,7621,1009512,Large
652,2024 Q4,2024-12-31,Crop_Farmers,16222,16222,7399,7399,81114,15,75470,29,8823,8823,1009512,Large
652,2025 Q1,2025-03-31,Crop_Farmers,17939,17939,7399,7399,89699,17,79530,29,10540,10540,1009512,Large
668,2024 Q2,2024-06-30,Crop_Farmers,70749,70749,7503,7503,353746,18,187164,31,63246,63246,2995956,Large
668,2024 Q3,2024-09-30,Crop_Farmers,57143,57143,7503,7503,285716,15,158151,33,49640,49640,2995956,Large
668,2024 Q4,2024-12-31,Crop_Farmers,64751,64751,7503,7503,323756,17,174218,29,57248,57248,2995956,Large
668,2025 Q1,2025-03-31,Crop_Farmers,70814,70814,7503,7503,354072,17,187131,31,63311,63311,2995956,Large
661,2024 Q2,2024-06-30,Crop_Farmers,31769,31769,8141,8141,158845,16,107842,31,23628,23628,1476560,Large
661,2024 Q3,2024-09-30,Crop_Farmers,26523,26523,8141,8141,132618,15,96835,31,18382,18382,1476560,Large
661,2024 Q4,2024-12-31,Crop_Farmers,28067,28067,8141,8141,140338,17,100101,31,19926,19926,1476560,Large
661,2025 Q1,2025-03-31,Crop_Farmers,30655,30655,8141,8141,153278,15,105541,29,22514,22514,1476560,Large
651,2024 Q2,2024-06-30,Crop_Farmers,8727,8727,3689,3689,43638,30,37737,31,5038,5038,443846,Medium
651,2024 Q3,2024-09-30,Crop_Farmers,6881,6881,3689,3689,34407,28,33672,29,3192,3192,443846,Medium
651,2024 Q4,2024-12-31,Crop_Farmers,7169,7169,3689,3689,35847,30,34309,29,3480,3480,443846,Medium
651,2025 Q1,2025-03-31,Crop_Farmers,7721,7721,3689,3689,38608,28,35523,29,4032,4032,443846,Medium
636,2024 Q2,2024-06-30,Livestock_Farmers,15192,15192,8323,8323,75963,16,75805,19,6869,6869,900124,Medium
636,2024 Q3,2024-09-30,Livestock_Farmers,13723,13724,8323,8323,68620,15,72500,16,5400,5401,900124,Medium
636,2024 Q4,2024-12-31,Livestock_Farmers,16108,16108,8323,8323,80542,17,77866,16,7785,7785,900124,Medium
636,2025 Q1,2025-03-31,Livestock_Farmers,16011,16011,8323,8323,80056,15,77647,16,7688,7688,900124,Medium
614,2024 Q2,2024-06-30,Livestock_Farmers,4492,4492,575,575,22460,16,16369,17,3917,3917,238283,Small
614,2024 Q3,2024-09-30,Livestock_Farmers,4024,4024,575,575,20121,15,14964,16,3449,3449,238283,Small
614,2024 Q4,2024-12-31,Livestock_Farmers,5343,5343,575,575,26717,15,18926,16,4768,4768,238283,Small
614,2025 Q1,2025-03-31,Livestock_Farmers,5637,5637,575,575,28189,15,19811,16,5062,5062,238283,Small
655,2024 Q2,2024-06-30,Crop_Farmers,11986,11986,3976,3976,59930,16,50123,31,8010,8010,593310,Medium
655,2024 Q3,2024-09-30,Crop_Farmers,9182,9182,3976,3976,45910,15,43051,31,5206,5206,593310,Medium
655,2024 Q4,2024-12-31,Crop_Farmers,10772,10772,3976,3976,53861,15,47063,29,6796,6796,593310,Medium
655,2025 Q1,2025-03-31,Crop_Farmers,11647,11647,3976,3976,58236,15,49270,29,7671,7671,593310,Medium
660,2024 Q2,2024-06-30,Crop_Farmers,17357,17357,10130,10130,86786,16,81003,31,7227,7227,955420,Medium
660,2024 Q3,2024-09-30,Crop_Farmers,13364,13364,10130,10130,66820,15,74053,29,3234,3234,955420,Medium
660,2024 Q4,2024-12-31,Crop_Farmers,15560,15560,10130,10130,77803,15,77899,29,5430,5430,955420,Medium
660,2025 Q1,2025-03-31,Crop_Farmers,18355,18355,10130,10130,91775,17,82775,29,8225,8225,955420,Medium
672,2024 Q2,2024-06-30,Crop_Farmers,16855,16855,3976,3976,84279,30,56310,31,12879,12879,771945,Medium
672,2024 Q3,2024-09-30,Crop_Farmers,13606,13606,3976,3976,68030,28,49257,31,9630,9630,771945,Medium
672,2024 Q4,2024-12-31,Crop_Farmers,14331,14331,3976,3976,71657,28,50823,29,10355,10355,771945,Medium
672,2025 Q1,2025-03-31,Crop_Farmers,16128,16128,3976,3976,80640,28,54717,29,12152,12152,771945,Medium
624,2024 Q2,2024-06-30,Livestock_Farmers,65099,65099,10911,10911,325498,16,244984,17,54188,54188,3679607,Large
624,2024 Q3,2024-09-30,Livestock_Farmers,58046,58046,10911,10911,290234,15,224353,16,47135,47135,3679607,Large
624,2024 Q4,2024-12-31,Livestock_Farmers,75106,75106,10911,10911,375534,15,274256,16,64195,64195,3679607,Large
624,2025 Q1,2025-03-31,Livestock_Farmers,82342,82342,10911,10911,411710,17,295421,18,71431,71431,3679607,Large
642,2024 Q2,2024-06-30,Livestock_Farmers,2413,2413,626,626,12066,18,10302,17,1787,1787,142310,Small
642,2024 Q3,2024-09-30,Livestock_Farmers,2307,2307,626,626,11538,15,9989,16,1681,1681,142310,Small
642,2024 Q4,2024-12-31,Livestock_Farmers,2963,2963,626,626,14818,15,11939,18,2337,2337,142310,Small
642,2025 Q1,2025-03-31,Livestock_Farmers,2803,2803,626,626,14015,15,11461,16,2177,2177,142310,Small
654,2024 Q2,2024-06-30,Crop_Farmers,3764,3764,345,345,18824,18,10292,31,3419,3419,158802,Small
654,2024 Q3,2024-09-30,Crop_Farmers,2682,2682,345,345,13411,15,7843,31,2337,2337,158802,Small
654,2024 Q4,2024-12-31,Crop_Farmers,3184,3184,345,345,15922,15,8988,31,2839,2839,158802,Small
654,2025 Q1,2025-03-31,Crop_Farmers,3869,3869,345,345,19346,17,10541,29,3524,3524,158802,Small
666,2024 Q2,2024-06-30,Crop_Farmers,10526,10526,5182,5182,52633,18,45044,31,5344,5344,533191,Medium
666,2024 Q3,2024-09-30,Crop_Farmers,8039,8039,5182,5182,40199,15,40511,29,2857,2857,533191,Medium
666,2024 Q4,2024-12-31,Crop_Farmers,8857,8857,5182,5182,44289,15,41997,29,3675,3675,533191,Medium
666,2025 Q1,2025-03-31,Crop_Farmers,9873,9873,5182,5182,49369,17,43848,29,4691,4691,533191,Medium
643,2024 Q2,2024-06-30,Crop_Farmers,30843,30843,8393,8393,154219,16,101960,31,22450,22450,1423615,Large
643,2024 Q3,2024-09-30,Crop_Farmers,25432,25432,8393,8393,127161,15,91477,29,17039,17039,1423615,Large
643,2024 Q4,2024-12-31,Crop_Farmers,26107,26107,8393,8393,130537,15,92791,29,17714,17714,1423615,Large
643,2025 Q1,2025-03-31,Crop_Farmers,29091,29091,8393,8393,145455,17,98578,31,20698,20698,1423615,Large
649,2024 Q2,2024-06-30,Crop_Farmers,85041,85041,14496,14496,425206,18,240165,31,70545,70545,3756673,Large
649,2024 Q3,2024-09-30,Crop_Farmers,68662,68662,14496,14496,343312,15,207845,29,54166,54166,3756673,Large
649,2024 Q4,2024-12-31,Crop_Farmers,76263,76263,14496,14496,381315,15,222829,29,61767,61767,3756673,Large
649,2025 Q1,2025-03-31,Crop_Farmers,86461,86461,14496,14496,432307,17,242947,29,71965,71965,3756673,Large
644,2024 Q2,2024-06-30,Crop_Farmers,336154,336154,15780,15780,1680770,16,757670,31,320374,320374,13462591,Large
644,2024 Q3,2024-09-30,Crop_Farmers,276594,276594,15780,15780,1382971,17,637540,29,260814,260814,13462591,Large
644,2024 Q4,2024-12-31,Crop_Farmers,284561,284561,15780,15780,1422808,15,653628,29,268781,268781,13462591,Large
644,2025 Q1,2025-03-31,Crop_Farmers,310278,310278,15780,15780,1551392,15,705507,29,294498,294498,13462591,Large
669,2024 Q2,2024-06-30,Crop_Farmers,570,570,350,350,2853,18,3170,31,220,220,31957,Small
669,2024 Q3,2024-09-30,Crop_Farmers,501,501,350,350,2506,15,3000,29,151,151,31957,Small
669,2024 Q4,2024-12-31,Crop_Farmers,487,487,350,350,2438,15,2966,29,137,137,31957,Small
669,2025 Q1,2025-03-31,Crop_Farmers,507,507,350,350,2538,15,3015,29,157,157,31957,Small
626,2024 Q2,2024-06-30,Livestock_Farmers,2764,2764,545,545,13820,18,10113,17,2219,2219,165413,Small
626,2024 Q3,2024-09-30,Livestock_Farmers,2897,2897,545,545,14489,15,10471,16,2352,2352,165413,Small
626,2024 Q4,2024-12-31,Livestock_Farmers,4167,4167,545,545,20837,15,13863,16,3622,3622,165413,Small
626,2025 Q1,2025-03-31,Livestock_Farmers,3844,3844,545,545,19222,15,13000,16,3299,3299,165413,Small
523,2024 Q2,2024-06-30,Cleaning_Services,416994,416994,2826,2826,2084973,158,27246,8,414168,414168,12632648,Large
523,2024 Q3,2024-09-30,Cleaning_Services,416994,416994,2119,2119,2084973,158,20434,6,414875,414875,12632648,Large
523,2024 Q4,2024-12-31,Cleaning_Services,416994,416994,2155,2155,2084973,158,20775,6,414839,414839,12632648,Large
523,2025 Q1,2025-03-31,Cleaning_Services,416994,416994,2105,2105,2084973,158,20298,6,414889,414889,12632648,Large
504,2024 Q2,2024-06-30,Cleaning_Services,490792,490792,5156,5156,2453963,188,41745,8,485636,485636,14911944,Large
504,2024 Q3,2024-09-30,Cleaning_Services,490792,490792,3867,3867,2453963,188,31309,6,486925,486925,14911944,Large
504,2024 Q4,2024-12-31,Cleaning_Services,490792,490792,3931,3931,2453963,188,31831,6,486861,486861,14911944,Large
504,2025 Q1,2025-03-31,Cleaning_Services,490792,490792,3841,3841,2453963,190,31100,6,486951,486951,14911944,Large
509,2024 Q2,2024-06-30,Cleaning_Services,131450,131450,2874,2873,657252,56,14369,8,128576,128577,4008281,Large
509,2024 Q3,2024-09-30,Cleaning_Services,131450,131450,2155,2155,657252,56,10777,6,129295,129295,4008281,Large
509,2024 Q4,2024-12-31,Cleaning_Services,131450,131450,2191,2191,657252,56,10957,6,129259,129259,4008281,Large
509,2025 Q1,2025-03-31,Cleaning_Services,131450,131450,2141,2141,657252,56,10705,6,129309,129309,4008281,Large
530,2024 Q2,2024-06-30,Cleaning_Services,40871,40871,2575,2575,204358,32,12875,8,38296,38296,1284181,Large
530,2024 Q3,2024-09-30,Cleaning_Services,40871,40871,1931,1931,204358,32,9656,6,38940,38940,1284181,Large
530,2024 Q4,2024-12-31,Cleaning_Services,40871,40871,1963,1963,204358,32,9817,6,38908,38908,1284181,Large
530,2025 Q1,2025-03-31,Cleaning_Services,40871,40871,1918,1918,204358,34,9592,6,38953,38953,1284181,Large
521,2024 Q2,2024-06-30,Cleaning_Services,132661,132661,1074,1074,663305,46,9251,8,131587,131587,4021528,Large
521,2024 Q3,2024-09-30,Cleaning_Services,132661,132661,805,805,663305,44,6938,6,131856,131856,4021528,Large
521,2024 Q4,2024-12-31,Cleaning_Services,132661,132661,819,819,663305,44,7054,6,131842,131842,4021528,Large
521,2025 Q1,2025-03-31,Cleaning_Services,132661,132661,800,800,663305,44,6892,6,131861,131861,4021528,Large
528,2024 Q2,2024-06-30,Cleaning_Services,144665,144665,4365,4365,723326,68,21828,8,140300,140300,4438346,Large
528,2024 Q3,2024-09-30,Cleaning_Services,144665,144665,3274,3274,723326,68,16371,6,141391,141391,4438346,Large
528,2024 Q4,2024-12-31,Cleaning_Services,144665,144665,3328,3328,723326,68,16644,6,141337,141337,4438346,Large
528,2025 Q1,2025-03-31,Cleaning_Services,144665,144665,3252,3252,723326,70,16262,6,141413,141413,4438346,Large
506,2024 Q2,2024-06-30,Cleaning_Services,405092,405092,4816,4816,2025461,172,40794,8,400276,400276,12336643,Large
506,2024 Q3,2024-09-30,Cleaning_Services,405092,405092,3612,3612,2025461,170,30595,6,401480,401480,12336643,Large
506,2024 Q4,2024-12-31,Cleaning_Services,405092,405092,3672,3672,2025461,170,31105,6,401420,401420,12336643,Large
506,2025 Q1,2025-03-31,Cleaning_Services,405092,405092,3588,3588,2025461,172,30391,6,401504,401504,12336643,Large
514,2024 Q2,2024-06-30,Cleaning_Services,133888,133888,1198,1198,669442,59,11696,8,132690,132690,4069372,Large
514,2024 Q3,2024-09-30,Cleaning_Services,133888,133888,899,899,669442,59,8772,6,132989,132989,4069372,Large
514,2024 Q4,2024-12-31,Cleaning_Services,133888,133888,914,914,669442,59,8918,6,132974,132974,4069372,Large
514,2025 Q1,2025-03-31,Cleaning_Services,133888,133888,893,893,669442,59,8714,6,132995,132995,4069372,Large
522,2024 Q2,2024-06-30,Cleaning_Services,106269,106269,1190,1190,531349,44,9797,8,105079,105079,3232251,Large
522,2024 Q3,2024-09-30,Cleaning_Services,106269,106269,893,893,531349,44,7347,6,105376,105376,3232251,Large
522,2024 Q4,2024-12-31,Cleaning_Services,106269,106269,907,907,531349,44,7470,6,105362,105362,3232251,Large
522,2025 Q1,2025-03-31,Cleaning_Services,106269,106269,887,887,531349,46,7298,6,105382,105382,3232251,Large
532,2024 Q2,2024-06-30,Cleaning_Services,110074,110074,1314,1314,550373,50,12641,8,108760,108760,3359217,Large
532,2024 Q3,2024-09-30,Cleaning_Services,110074,110074,985,985,550373,50,9481,6,109089,109089,3359217,Large
532,2024 Q4,2024-12-31,Cleaning_Services,110074,110074,1002,1002,550373,50,9639,6,109072,109072,3359217,Large
532,2025 Q1,2025-03-31,Cleaning_Services,110074,110074,979,979,550373,52,9417,6,109095,109095,3359217,Large
517,2024 Q2,2024-06-30,Cleaning_Services,29002,29002,2784,2784,145012,19,13921,8,26218,26218,932821,Medium
517,2024 Q3,2024-09-30,Cleaning_Services,29002,29002,2088,2088,145012,17,10441,6,26914,26914,932821,Medium
517,2024 Q4,2024-12-31,Cleaning_Services,29002,29002,2123,2123,145012,17,10615,6,26879,26879,932821,Medium
517,2025 Q1,2025-03-31,Cleaning_Services,29002,29002,2074,2074,145012,17,10371,6,26928,26928,932821,Medium
510,2024 Q2,2024-06-30,Cleaning_Services,190251,190251,1215,1215,951256,62,12152,8,189036,189036,5753227,Large
510,2024 Q3,2024-09-30,Cleaning_Services,190251,190251,911,911,951256,62,9114,6,189340,189340,5753227,Large
510,2024 Q4,2024-12-31,Cleaning_Services,190251,190251,926,926,951256,64,9265,6,189325,189325,5753227,Large
510,2025 Q1,2025-03-31,Cleaning_Services,190251,190251,0,0,951256,64,4527,9,190251,190251,5753227,Large
520,2024 Q2,2024-06-30,Cleaning_Services,92542,92542,5714,5714,462714,61,28573,8,86828,86828,2905077,Large
520,2024 Q3,2024-09-30,Cleaning_Services,92542,92542,4286,4286,462714,59,21430,6,88256,88256,2905077,Large
520,2024 Q4,2024-12-31,Cleaning_Services,92542,92542,4357,4357,462714,59,21787,6,88185,88185,2905077,Large
520,2025 Q1,2025-03-31,Cleaning_Services,92542,92542,4257,4257,462714,59,21287,6,88285,88285,2905077,Large
511,2024 Q2,2024-06-30,Cleaning_Services,65710,65710,2768,2768,328551,50,26156,8,62942,62942,2089204,Large
511,2024 Q3,2024-09-30,Cleaning_Services,65710,65710,2076,2076,328551,52,19617,6,63634,63634,2089204,Large
511,2024 Q4,2024-12-31,Cleaning_Services,65710,65710,2110,2110,328551,52,19944,6,63600,63600,2089204,Large
511,2025 Q1,2025-03-31,Cleaning_Services,65710,65710,2062,2062,328551,50,19486,6,63648,63648,2089204,Large
505,2024 Q2,2024-06-30,Cleaning_Services,310382,310382,1934,1934,1551911,100,18138,8,308448,308448,9378766,Large
505,2024 Q3,2024-09-30,Cleaning_Services,310382,310382,1450,1450,1551911,100,13604,6,308932,308932,9378766,Large
505,2024 Q4,2024-12-31,Cleaning_Services,310382,310382,1474,1474,1551911,98,13830,6,308908,308908,9378766,Large
505,2025 Q1,2025-03-31,Cleaning_Services,310382,310382,0,0,1551911,100,6308,9,310382,310382,9378766,Large
507,2024 Q2,2024-06-30,Cleaning_Services,25308,25308,0,0,126544,23,11400,8,25308,25308,810650,Medium
507,2024 Q3,2024-09-30,Cleaning_Services,25308,25308,0,0,126544,23,8550,6,25308,25308,810650,Medium
507,2024 Q4,2024-12-31,Cleaning_Services,25308,25308,0,0,126544,23,8693,6,25308,25308,810650,Medium
507,2025 Q1,2025-03-31,Cleaning_Services,25308,25308,0,0,126544,25,8493,6,25308,25308,810650,Medium
525,2024 Q2,2024-06-30,Cleaning_Services,96319,96319,2556,2556,481598,59,12783,8,93763,93763,2947207,Large
525,2024 Q3,2024-09-30,Cleaning_Services,96319,96319,1917,1917,481598,61,9587,6,94402,94402,2947207,Large
525,2024 Q4,2024-12-31,Cleaning_Services,96319,96319,1949,1949,481598,59,9747,6,94370,94370,2947207,Large
525,2025 Q1,2025-03-31,Cleaning_Services,96319,96319,1904,1904,481598,59,9524,6,94415,94415,2947207,Large
526,2024 Q2,2024-06-30,Cleaning_Services,360408,360408,2647,2647,1802042,119,21410,8,357761,357761,10908758,Large
526,2024 Q3,2024-09-30,Cleaning_Services,360408,360408,1985,1985,1802042,119,16058,6,358423,358423,10908758,Large
526,2024 Q4,2024-12-31,Cleaning_Services,360408,360408,2018,2018,1802042,121,16325,6,358390,358390,10908758,Large
526,2025 Q1,2025-03-31,Cleaning_Services,360408,360408,1972,1972,1802042,119,15950,6,358436,358436,10908758,Large
527,2024 Q2,2024-06-30,Cleaning_Services,118139,118139,2440,2440,590697,71,23623,8,115699,115699,3650661,Large
527,2024 Q3,2024-09-30,Cleaning_Services,118139,118139,1830,1830,590697,71,17717,6,116309,116309,3650661,Large
527,2024 Q4,2024-12-31,Cleaning_Services,118139,118139,1860,1860,590697,73,18012,6,116279,116279,3650661,Large
527,2025 Q1,2025-03-31,Cleaning_Services,118139,118139,1818,1818,590697,71,17599,6,116321,116321,3650661,Large
508,2024 Q2,2024-06-30,Cleaning_Services,240570,240570,2885,2885,1202850,110,23643,8,237685,237685,7323670,Large
508,2024 Q3,2024-09-30,Cleaning_Services,240570,240570,2164,2164,1202850,110,17732,6,238406,238406,7323670,Large
508,2024 Q4,2024-12-31,Cleaning_Services,240570,240570,2200,2200,1202850,110,18028,6,238370,238370,7323670,Large
508,2025 Q1,2025-03-31,Cleaning_Services,240570,240570,2150,2150,1202850,110,17614,6,238420,238420,7323670,Large
515,2024 Q2,2024-06-30,Cleaning_Services,191651,191651,1337,1337,958258,62,13075,8,190314,190314,5808481,Large
515,2024 Q3,2024-09-30,Cleaning_Services,191651,191651,1002,1002,958258,62,9806,6,190649,190649,5808481,Large
515,2024 Q4,2024-12-31,Cleaning_Services,191651,191651,1019,1019,958258,62,9969,6,190632,190632,5808481,Large
515,2025 Q1,2025-03-31,Cleaning_Services,191651,191651,996,996,958258,64,9740,6,190655,190655,5808481,Large
524,2024 Q2,2024-06-30,Cleaning_Services,115708,115708,3983,3983,578542,74,38792,8,111725,111725,3646107,Large
524,2024 Q3,2024-09-30,Cleaning_Services,115708,115708,2987,2987,578542,74,29094,6,112721,112721,3646107,Large
524,2024 Q4,2024-12-31,Cleaning_Services,115708,115708,3037,3037,578542,76,29579,6,112671,112671,3646107,Large
524,2025 Q1,2025-03-31,Cleaning_Services,115708,115708,2967,2967,578542,74,28900,6,112741,112741,3646107,Large
516,2024 Q2,2024-06-30,Cleaning_Services,177233,177233,2619,2619,886165,76,13095,8,174614,174614,5376015,Large
516,2024 Q3,2024-09-30,Cleaning_Services,177233,177233,1964,1964,886165,74,9821,6,175269,175269,5376015,Large
516,2024 Q4,2024-12-31,Cleaning_Services,177233,177233,1997,1997,886165,74,9985,6,175236,175236,5376015,Large
516,2025 Q1,2025-03-31,Cleaning_Services,177233,177233,1951,1951,886165,74,9756,6,175282,175282,5376015,Large
518,2024 Q2,2024-06-30,Cleaning_Services,41701,41701,2399,2399,208509,26,11997,8,39302,39302,1305131,Large
518,2024 Q3,2024-09-30,Cleaning_Services,41701,41701,1799,1799,208509,26,8998,6,39902,39902,1305131,Large
518,2024 Q4,2024-12-31,Cleaning_Services,41701,41701,1829,1829,208509,28,9148,6,39872,39872,1305131,Large
518,2025 Q1,2025-03-31,Cleaning_Services,41701,41701,1787,1787,208509,26,8938,6,39914,39914,1305131,Large
513,2024 Q2,2024-06-30,Cleaning_Services,74162,74162,1319,1319,370813,38,10757,8,72843,72843,2273365,Large
513,2024 Q3,2024-09-30,Cleaning_Services,74162,74162,989,989,370813,38,8068,6,73173,73173,2273365,Large
513,2024 Q4,2024-12-31,Cleaning_Services,74162,74162,1006,1006,370813,40,8202,6,73156,73156,2273365,Large
513,2025 Q1,2025-03-31,Cleaning_Services,74162,74162,982,982,370813,40,8014,6,73180,73180,2273365,Large
529,2024 Q2,2024-06-30,Cleaning_Services,40589,40589,1200,1200,202945,23,11269,8,39389,39389,1268466,Large
529,2024 Q3,2024-09-30,Cleaning_Services,40589,40589,900,900,202945,25,8452,6,39689,39689,1268466,Large
529,2024 Q4,2024-12-31,Cleaning_Services,40589,40589,915,915,202945,23,8593,6,39674,39674,1268466,Large
529,2025 Q1,2025-03-31,Cleaning_Services,40589,40589,894,894,202945,25,8396,6,39695,39695,1268466,Large
519,2024 Q2,2024-06-30,Cleaning_Services,27336,27336,0,0,136683,14,10998,8,27336,27336,869670,Medium
519,2024 Q3,2024-09-30,Cleaning_Services,27336,27336,0,0,136683,14,8248,6,27336,27336,869670,Medium
519,2024 Q4,2024-12-31,Cleaning_Services,27336,27336,0,0,136683,14,8386,6,27336,27336,869670,Medium
519,2025 Q1,2025-03-31,Cleaning_Services,27336,27336,0,0,136683,16,8193,6,27336,27336,869670,Medium
503,2024 Q2,2024-06-30,Cleaning_Services,45537,45537,2685,2685,227687,34,13425,8,42852,42852,1426632,Large
503,2024 Q3,2024-09-30,Cleaning_Services,45537,45537,2013,2013,227687,32,10068,6,43524,43524,1426632,Large
503,2024 Q4,2024-12-31,Cleaning_Services,45537,45537,2047,2047,227687,32,10236,6,43490,43490,1426632,Large
503,2025 Q1,2025-03-31,Cleaning_Services,45537,45537,2000,2000,227687,32,10001,6,43537,43537,1426632,Large
512,2024 Q2,2024-06-30,Cleaning_Services,33884,33884,1042,1042,169424,20,10181,8,32842,32842,1054641,Large
512,2024 Q3,2024-09-30,Cleaning_Services,33884,33884,781,781,169424,20,7636,6,33103,33103,1054641,Large
512,2024 Q4,2024-12-31,Cleaning_Services,33884,33884,794,794,169424,18,7763,6,33090,33090,1054641,Large
512,2025 Q1,2025-03-31,Cleaning_Services,33884,33884,0,0,169424,20,3701,9,33884,33884,1054641,Large
531,2024 Q2,2024-06-30,Cleaning_Services,41080,41080,1361,1361,205402,26,11210,8,39719,39719,1282939,Large
531,2024 Q3,2024-09-30,Cleaning_Services,41080,41080,1021,1021,205402,26,8407,6,40059,40059,1282939,Large
531,2024 Q4,2024-12-31,Cleaning_Services,41080,41080,1038,1038,205402,26,8547,6,40042,40042,1282939,Large
531,2025 Q1,2025-03-31,Cleaning_Services,41080,41080,1014,1014,205402,26,8351,6,40066,40066,1282939,Large
1,2024 Q2,2024-06-30,Customer,0,0,72230083,72230083,0,0,361150418,45591,-72230083,-72230083,2325187478,Large
1,2024 Q3,2024-09-30,Customer,0,0,69631889,69631888,0,0,348159442,46092,-69631889,-69631888,2325187478,Large
1,2024 Q4,2024-12-31,Customer,0,0,86372156,86372158,0,0,431860790,46092,-86372156,-86372158,2325187478,Large
1,2025 Q1,2025-03-31,Customer,0,0,85932256,85932255,0,0,429661279,45591,-85932256,-85932255,2325187478,Large
