CompanyId,VATPeriod,VATDate,Sector,OutputVAT,ExpectedOutputVAT,InputVAT,ExpectedInputVAT,TotalSales,CountSellerInvoices,TotalPurchases,CountBuyerInvoices,ReportedVATLiability,ExpectedVATLiability,Size,SizeCategory
2,2027 Q2,2027-06-30,Pizzeria,70018.0,70018.0,29079.69,29079.69,350090.0,91.0,145397.44,116.0,40938.31,40938.31,495487.44,Small
2,2027 Q3,2027-09-30,Pizzeria,67903.0,68797.0,27493.0,27493.0,343985.0,92.0,137466.0,107.0,40410.0,41304.0,481451.0,Small
2,2027 Q4,2027-12-31,Pizzeria,89029.0,90019.0,33654.0,33654.0,450093.0,92.0,168271.0,107.0,55375.0,56365.0,618364.0,Small
2,2028 Q1,2028-03-31,Pizzeria,99709.0,99709.0,36536.0,36536.0,498544.0,91.0,182681.0,107.0,63173.0,63173.0,681225.0,Small
2,2028 Q2,2028-06-30,Pizzeria,69024.0,70075.0,27826.0,27826.0,350377.0,91.0,139131.0,107.0,41198.0,42249.0,489508.0,Small
2,2028 Q3,2028-09-30,Pizzeria,59781.0,59781.0,23648.0,23648.0,298906.0,92.0,118241.0,107.0,36133.0,36133.0,417147.0,Small
3,2027 Q2,2027-06-30,Pizzeria,67178.0,99376.0,43047.0,43047.0,496880.0,91.0,216990.0,115.0,24131.0,56329.0,713870.0,Medium
3,2027 Q3,2027-09-30,Pizzeria,55142.0,87945.0,37502.0,37502.0,439727.0,92.0,189056.0,107.0,17640.0,50443.0,628783.0,Medium
3,2027 Q4,2027-12-31,Pizzeria,60209.0,118522.0,47747.0,47747.0,592610.0,92.0,240678.83,108.0,12462.0,70775.0,833288.83,Medium
3,2028 Q1,2028-03-31,Pizzeria,72282.0,110019.0,44642.0,44642.0,550093.0,91.0,224811.0,107.0,27640.0,65377.0,774904.0,Medium
3,2028 Q2,2028-06-30,Pizzeria,51941.0,77990.0,34256.0,34256.0,389948.0,91.0,172570.0,107.0,17685.0,43734.0,562518.0,Medium
3,2028 Q3,2028-09-30,Pizzeria,50886.0,76636.0,33397.0,33397.0,383180.0,92.0,168303.0,107.0,17489.0,43239.0,551483.0,Medium
4,2027 Q2,2027-06-30,Pizzeria,49810.0,49810.0,23127.0,23127.0,249051.0,91.0,115635.0,115.0,26683.0,26683.0,364686.0,Small
4,2027 Q3,2027-09-30,Pizzeria,49354.0,49354.0,21749.0,21749.0,246772.0,92.0,108746.0,107.0,27605.0,27605.0,355518.0,Small
4,2027 Q4,2027-12-31,Pizzeria,62268.0,62268.0,26172.0,26172.0,311339.0,92.0,130861.0,107.0,36096.0,36096.0,442200.0,Small
4,2028 Q1,2028-03-31,Pizzeria,63850.0,63850.0,26996.0,26996.0,319248.0,91.0,134980.0,107.0,36854.0,36854.0,454228.0,Small
4,2028 Q2,2028-06-30,Pizzeria,57301.0,57301.0,24743.0,24743.0,286505.0,91.0,123714.0,107.0,32558.0,32558.0,410219.0,Small
4,2028 Q3,2028-09-30,Pizzeria,56661.0,56661.0,23741.0,23741.0,283305.0,92.0,118703.0,107.0,32920.0,32920.0,402008.0,Small
5,2027 Q2,2027-06-30,Pizzeria,59027.0,59027.0,24733.0,24733.0,295134.0,91.0,124680.0,115.0,34294.0,34294.0,419814.0,Small
5,2027 Q3,2027-09-30,Pizzeria,59720.0,60384.0,23821.0,23821.0,301919.0,92.0,120126.0,107.0,35899.0,36563.0,422045.0,Small
5,2027 Q4,2027-12-31,Pizzeria,78334.0,78334.0,29821.0,29821.0,391672.0,92.0,150210.0,107.0,48513.0,48513.0,541882.0,Small
5,2028 Q1,2028-03-31,Pizzeria,82360.0,82360.0,31474.0,31474.0,411802.0,91.0,158522.0,107.0,50886.0,50886.0,570324.0,Small
5,2028 Q2,2028-06-30,Pizzeria,75614.0,75614.0,29137.0,29137.0,378070.0,91.0,146907.0,107.0,46477.0,46477.0,524977.0,Small
5,2028 Q3,2028-09-30,Pizzeria,76385.0,76385.0,28396.0,28396.0,381924.0,92.0,143237.0,107.0,47989.0,47989.0,525161.0,Small
6,2027 Q2,2027-06-30,Pizzeria,63585.0,63585.0,27430.0,27430.0,317927.0,91.0,142897.0,115.0,36155.0,36155.0,460824.0,Small
6,2027 Q3,2027-09-30,Pizzeria,69063.0,69063.0,28275.0,28275.0,345316.0,92.0,147590.0,107.0,40788.0,40788.0,492906.0,Small
6,2027 Q4,2027-12-31,Pizzeria,76761.0,77693.0,30870.0,30870.0,388463.0,92.0,160079.0,107.0,45891.0,46823.0,548542.0,Small
6,2028 Q1,2028-03-31,Pizzeria,68157.0,68157.0,27749.0,27749.0,340786.0,91.0,143704.0,107.0,40408.0,40408.0,484490.0,Small
6,2028 Q2,2028-06-30,Pizzeria,59642.0,60428.0,25172.0,25172.0,302142.0,91.0,131465.51,108.0,34470.0,35256.0,433607.51,Small
6,2028 Q3,2028-09-30,Pizzeria,56426.0,56426.0,22692.0,22692.0,282129.0,92.0,118327.0,107.0,33734.0,33734.0,400456.0,Small
7,2027 Q2,2027-06-30,Pizzeria,60146.0,60147.0,27192.0,27192.0,300733.0,91.0,135959.0,115.0,32954.0,32955.0,436692.0,Small
7,2027 Q3,2027-09-30,Pizzeria,59504.0,59504.0,25465.0,25465.0,297521.0,92.0,127324.0,107.0,34039.0,34039.0,424845.0,Small
7,2027 Q4,2027-12-31,Pizzeria,75881.0,75881.0,31319.0,31319.0,379407.0,92.0,156593.0,107.0,44562.0,44562.0,536000.0,Small
7,2028 Q1,2028-03-31,Pizzeria,79592.0,79592.0,32990.0,32990.0,397961.0,91.0,164952.0,107.0,46602.0,46602.0,562913.0,Small
7,2028 Q2,2028-06-30,Pizzeria,73788.0,73788.0,30922.0,30922.0,368941.0,91.0,154610.0,107.0,42866.0,42866.0,523551.0,Small
7,2028 Q3,2028-09-30,Pizzeria,75873.0,75873.0,30598.0,30598.0,379367.0,92.0,152992.0,107.0,45275.0,45275.0,532359.0,Small
8,2027 Q2,2027-06-30,Pizzeria,43456.0,73036.0,34349.0,34349.0,365182.0,91.0,173288.0,115.0,9107.0,38687.0,538470.0,Medium
8,2027 Q3,2027-09-30,Pizzeria,60676.0,102148.0,41199.0,41199.0,510742.0,92.0,208031.0,107.0,19477.0,60949.0,718773.0,Medium
8,2027 Q4,2027-12-31,Pizzeria,61042.0,102591.0,44418.26,44418.26,512956.0,92.0,223821.28,108.0,16623.739999999998,58172.74,736777.28,Medium
8,2028 Q1,2028-03-31,Pizzeria,52870.0,89007.0,37921.74,37921.74,445034.0,91.0,191091.69,108.0,14948.260000000002,51085.26,636125.69,Medium
8,2028 Q2,2028-06-30,Pizzeria,49813.0,83860.0,35831.0,35831.0,419299.0,91.0,180757.0,107.0,13982.0,48029.0,600056.0,Medium
8,2028 Q3,2028-09-30,Pizzeria,55289.0,93393.0,38287.0,38287.0,466966.0,92.0,193279.0,107.0,17002.0,55106.0,660245.0,Medium
9,2027 Q2,2027-06-30,Pizzeria,25116.0,49834.0,22431.7,22431.7,249170.0,91.0,116351.5,116.0,2684.2999999999993,27402.3,365521.5,Small
9,2027 Q3,2027-09-30,Pizzeria,17690.0,32399.0,15089.19,15089.19,161997.0,92.0,78181.94,108.0,2600.8099999999995,17309.809999999998,240178.94,Small
9,2027 Q4,2027-12-31,Pizzeria,30026.0,44351.0,19709.0,19709.0,221755.0,92.0,101724.0,107.0,10317.0,24642.0,323479.0,Small
9,2028 Q1,2028-03-31,Pizzeria,50429.0,63433.0,26632.0,26632.0,317167.0,91.0,137638.0,107.0,23797.0,36801.0,454805.0,Small
9,2028 Q2,2028-06-30,Pizzeria,43200.0,57987.0,24211.0,24211.0,289937.0,91.0,125700.0,107.0,18989.0,33776.0,415637.0,Small
9,2028 Q3,2028-09-30,Pizzeria,25055.0,39707.0,17222.0,17222.0,198537.0,92.0,89398.0,107.0,7833.0,22485.0,287935.0,Small
10,2027 Q2,2027-06-30,Pizzeria,78457.0,108216.0,48121.08,48121.08,541078.0,91.0,240604.42,116.0,30335.92,60094.92,781682.42,Medium
10,2027 Q3,2027-09-30,Pizzeria,66522.0,85504.0,34934.0,34934.0,427521.0,92.0,174671.0,107.0,31588.0,50570.0,602192.0,Medium
10,2027 Q4,2027-12-31,Pizzeria,48873.0,83686.0,34922.0,34922.0,418432.0,92.0,174612.0,107.0,13951.0,48764.0,593044.0,Medium
10,2028 Q1,2028-03-31,Pizzeria,47156.0,92462.0,38351.0,38351.0,462309.0,91.0,191756.0,107.0,8805.0,54111.0,654065.0,Medium
10,2028 Q2,2028-06-30,Pizzeria,60218.0,82603.0,35861.27,35861.27,413013.0,91.0,179307.35,108.0,24356.730000000003,46741.73,592320.35,Medium
10,2028 Q3,2028-09-30,Pizzeria,74180.0,95225.0,40194.08,40194.08,476126.0,92.0,200972.42,108.0,33985.92,55030.92,677098.42,Medium
11,2027 Q2,2027-06-30,Pizzeria,229240.0,260204.0,130123.0,130123.0,1301018.0,91.0,656333.0,115.0,99117.0,130081.0,1957351.0,Large
11,2027 Q3,2027-09-30,Pizzeria,224139.0,253551.0,119866.0,119866.0,1267755.0,92.0,604834.0,107.0,104273.0,133685.0,1872589.0,Large
11,2027 Q4,2027-12-31,Pizzeria,243395.0,316509.0,145654.0,145654.0,1582546.0,92.0,733988.0,107.0,97741.0,170855.0,2316534.0,Large
11,2028 Q1,2028-03-31,Pizzeria,284104.0,322845.0,149882.0,149882.0,1614224.0,91.0,755203.0,107.0,134222.0,172963.0,2369427.0,Large
11,2028 Q2,2028-06-30,Pizzeria,253329.0,289519.0,140976.69,140976.69,1447594.0,91.0,710890.47,108.0,112352.31,148542.31,2158484.4699999997,Large
11,2028 Q3,2028-09-30,Pizzeria,256012.0,287009.0,130365.0,130365.0,1435043.0,92.0,657898.0,107.0,125647.0,156644.0,2092941.0,Large
12,2027 Q2,2027-06-30,Pizzeria,54460.0,55233.0,23748.0,23748.0,276166.0,91.0,123359.0,115.0,30712.0,31485.0,399525.0,Small
12,2027 Q3,2027-09-30,Pizzeria,53853.0,53853.0,21995.0,21995.0,269265.0,92.0,114424.0,107.0,31858.0,31858.0,383689.0,Small
12,2027 Q4,2027-12-31,Pizzeria,66197.0,66933.0,26413.0,26413.0,334666.0,92.0,136670.0,107.0,39784.0,40520.0,471336.0,Small
12,2028 Q1,2028-03-31,Pizzeria,67659.0,67659.0,26938.0,26938.0,338295.0,91.0,139312.0,107.0,40721.0,40721.0,477607.0,Small
12,2028 Q2,2028-06-30,Pizzeria,59890.0,59890.0,24230.0,24230.0,299451.0,91.0,125879.0,107.0,35660.0,35660.0,425330.0,Small
12,2028 Q3,2028-09-30,Pizzeria,57542.0,58418.0,22959.0,22959.0,292088.0,92.0,119499.0,107.0,34583.0,35459.0,411587.0,Small
13,2027 Q2,2027-06-30,Pizzeria,89027.0,104614.0,47625.26,47625.26,523068.0,91.0,240145.3,116.0,41401.74,56988.74,763213.3,Medium
13,2027 Q3,2027-09-30,Pizzeria,87399.0,102341.0,41736.0,41736.0,511707.0,92.0,210628.0,107.0,45663.0,60605.0,722335.0,Medium
13,2027 Q4,2027-12-31,Pizzeria,108832.0,127587.0,50075.0,50075.0,637936.0,92.0,252399.0,107.0,58757.0,77512.0,890335.0,Medium
13,2028 Q1,2028-03-31,Pizzeria,112137.0,129339.0,51166.0,51166.0,646693.0,91.0,257866.0,107.0,60971.0,78173.0,904559.0,Medium
13,2028 Q2,2028-06-30,Pizzeria,98838.0,114795.0,49153.96,49153.96,573974.0,91.0,247862.81,109.0,49684.04,65641.04000000001,821836.81,Medium
13,2028 Q3,2028-09-30,Pizzeria,96322.0,112263.0,44009.0,44009.0,561314.0,92.0,222133.0,107.0,52313.0,68254.0,783447.0,Medium
14,2027 Q2,2027-06-30,Pizzeria,44369.0,44369.0,21830.0,21830.0,221844.0,91.0,109149.0,115.0,22539.0,22539.0,330993.0,Small
14,2027 Q3,2027-09-30,Pizzeria,41152.0,41152.0,19521.0,19521.0,205760.0,92.0,97605.0,107.0,21631.0,21631.0,303365.0,Small
14,2027 Q4,2027-12-31,Pizzeria,48180.0,48716.0,22239.0,22239.0,243580.0,92.0,111196.0,107.0,25941.0,26477.0,354776.0,Small
14,2028 Q1,2028-03-31,Pizzeria,46906.0,46906.0,21786.0,21786.0,234529.0,91.0,108929.0,107.0,25120.0,25120.0,343458.0,Small
14,2028 Q2,2028-06-30,Pizzeria,39536.0,39536.0,19128.0,19128.0,197679.0,91.0,95639.0,107.0,20408.0,20408.0,293318.0,Small
14,2028 Q3,2028-09-30,Pizzeria,36649.0,36649.0,17569.0,17569.0,183247.0,92.0,87845.0,107.0,19080.0,19080.0,271092.0,Small
15,2027 Q2,2027-06-30,Pizzeria,134524.0,134524.0,63793.0,63793.0,672621.0,91.0,318967.0,115.0,70731.0,70731.0,991588.0,Large
15,2027 Q3,2027-09-30,Pizzeria,129736.0,129736.0,59010.0,59010.0,648678.0,92.0,295051.0,107.0,70726.0,70726.0,943729.0,Large
15,2027 Q4,2027-12-31,Pizzeria,160284.0,160284.0,74383.42,74383.42,801422.0,92.0,371915.1,108.0,85900.58,85900.58,1173337.1,Large
15,2028 Q1,2028-03-31,Pizzeria,161992.0,161992.0,70508.0,70508.0,809962.0,91.0,352539.0,107.0,91484.0,91484.0,1162501.0,Large
15,2028 Q2,2028-06-30,Pizzeria,144330.0,144330.0,64532.0,64532.0,721648.0,91.0,322659.0,107.0,79798.0,79798.0,1044307.0,Large
15,2028 Q3,2028-09-30,Pizzeria,140620.0,142761.0,62361.21,62361.21,713805.0,92.0,311808.05,108.0,78258.79000000001,80399.79000000001,1025613.05,Large
16,2027 Q2,2027-06-30,Pizzeria,60912.0,60912.0,23371.0,23371.0,304560.0,91.0,121661.0,115.0,37541.0,37541.0,426221.0,Small
16,2027 Q3,2027-09-30,Pizzeria,68906.0,68906.0,24444.0,24444.0,344532.0,92.0,127577.0,107.0,44462.0,44462.0,472109.0,Small
16,2027 Q4,2027-12-31,Pizzeria,86707.0,86707.0,31539.21,31539.21,433533.0,92.0,163398.05,108.0,55167.79,55167.79,596931.05,Small
16,2028 Q1,2028-03-31,Pizzeria,100036.0,100036.0,35651.98,35651.98,500178.0,91.0,184681.89,108.0,64384.02,64384.02,684859.89,Small
16,2028 Q2,2028-06-30,Pizzeria,69122.0,69123.0,24068.0,24068.0,345613.0,91.0,125217.0,107.0,45054.0,45055.0,470830.0,Small
16,2028 Q3,2028-09-30,Pizzeria,32149.0,32149.0,14244.98,14244.98,160744.0,92.0,73660.89,108.0,17904.02,17904.02,234404.89,Small
17,2027 Q2,2027-06-30,Pizzeria,65765.0,65765.0,26164.0,26164.0,328825.0,91.0,137367.0,115.0,39601.0,39601.0,466192.0,Small
17,2027 Q3,2027-09-30,Pizzeria,61645.0,61645.0,24593.3,24593.3,308226.0,92.0,129028.49,108.0,37051.7,37051.7,437254.49,Small
17,2027 Q4,2027-12-31,Pizzeria,73747.0,73747.0,27414.0,27414.0,368733.0,92.0,143109.0,107.0,46333.0,46333.0,511842.0,Small
17,2028 Q1,2028-03-31,Pizzeria,71769.0,71769.0,27092.0,27092.0,358846.0,91.0,141292.0,107.0,44677.0,44677.0,500138.0,Small
17,2028 Q2,2028-06-30,Pizzeria,61159.0,61159.0,23476.0,23476.0,305797.0,91.0,123123.0,107.0,37683.0,37683.0,428920.0,Small
17,2028 Q3,2028-09-30,Pizzeria,57356.0,57356.0,21492.0,21492.0,286781.0,92.0,112970.0,107.0,35864.0,35864.0,399751.0,Small
18,2027 Q2,2027-06-30,Pizzeria,132460.0,134477.0,58418.0,58418.0,672386.0,91.0,306411.0,115.0,74042.0,76059.0,978797.0,Large
18,2027 Q3,2027-09-30,Pizzeria,127328.0,130325.0,53877.0,53877.0,651626.0,92.0,283284.63,108.0,73451.0,76448.0,934910.63,Large
18,2027 Q4,2027-12-31,Pizzeria,156555.0,161898.0,64478.0,64478.0,809488.0,92.0,336572.0,107.0,92077.0,97420.0,1146060.0,Large
18,2028 Q1,2028-03-31,Pizzeria,160633.0,164583.0,66088.0,66088.0,822914.0,91.0,344758.0,107.0,94545.0,98495.0,1167672.0,Large
18,2028 Q2,2028-06-30,Pizzeria,147485.0,147485.0,60160.0,60160.0,737427.0,91.0,315640.0,107.0,87325.0,87325.0,1053067.0,Large
18,2028 Q3,2028-09-30,Pizzeria,143582.0,146662.0,57828.0,57828.0,733312.0,92.0,304183.0,107.0,85754.0,88834.0,1037495.0,Large
19,2027 Q2,2027-06-30,Pizzeria,96039.0,111285.0,53059.93,53059.93,556424.0,91.0,265299.67,116.0,42979.07,58225.07,821723.6699999999,Medium
19,2027 Q3,2027-09-30,Pizzeria,90211.0,101589.0,44118.0,44118.0,507947.0,92.0,220590.0,107.0,46093.0,57471.0,728537.0,Medium
19,2027 Q4,2027-12-31,Pizzeria,88206.0,118238.0,49995.0,49995.0,591192.0,92.0,249977.0,107.0,38211.0,68243.0,841169.0,Medium
19,2028 Q1,2028-03-31,Pizzeria,92084.0,111752.0,48340.07,48340.07,558758.0,91.0,241699.36,108.0,43743.93,63411.93,800457.36,Medium
19,2028 Q2,2028-06-30,Pizzeria,81488.0,92285.0,41220.0,41220.0,461426.0,91.0,206101.0,107.0,40268.0,51065.0,667527.0,Medium
19,2028 Q3,2028-09-30,Pizzeria,73626.0,83571.0,37032.0,37032.0,417857.0,92.0,185161.0,107.0,36594.0,46539.0,603018.0,Medium
20,2027 Q2,2027-06-30,Pizzeria,53867.0,53867.0,23841.0,23841.0,269336.0,91.0,119206.0,115.0,30026.0,30026.0,388542.0,Small
20,2027 Q3,2027-09-30,Pizzeria,51709.0,51709.0,21725.0,21725.0,258544.0,92.0,108625.0,107.0,29984.0,29984.0,367169.0,Small
20,2027 Q4,2027-12-31,Pizzeria,62909.0,62910.0,25648.0,25648.0,314548.0,92.0,128239.0,107.0,37261.0,37262.0,442787.0,Small
20,2028 Q1,2028-03-31,Pizzeria,61379.0,61379.0,25382.0,25382.0,306894.0,91.0,126910.0,107.0,35997.0,35997.0,433804.0,Small
20,2028 Q2,2028-06-30,Pizzeria,53613.0,53613.0,22625.0,22625.0,268065.0,91.0,113125.0,107.0,30988.0,30988.0,381190.0,Small
20,2028 Q3,2028-09-30,Pizzeria,51114.0,51113.0,22221.2,22222.2,255567.0,92.0,111109.0,108.0,28892.8,28890.8,366676.0,Small
21,2027 Q2,2027-06-30,Pizzeria,108801.0,110011.0,47783.0,47784.0,550055.0,91.0,250837.0,115.0,61018.0,62227.0,800892.0,Medium
21,2027 Q3,2027-09-30,Pizzeria,104795.0,105961.0,43539.0,43539.0,529804.0,92.0,229197.32,108.0,61256.0,62422.0,759001.3200000001,Medium
21,2027 Q4,2027-12-31,Pizzeria,128646.0,130208.0,52472.0,52472.0,651038.0,92.0,273961.0,107.0,76174.0,77736.0,924999.0,Medium
21,2028 Q1,2028-03-31,Pizzeria,128766.0,130198.0,53093.0,53093.0,650989.0,91.0,276980.0,107.0,75673.0,77105.0,927969.0,Medium
21,2028 Q2,2028-06-30,Pizzeria,112568.0,114051.0,46983.0,46983.0,570255.0,91.0,246577.0,107.0,65585.0,67068.0,816832.0,Medium
21,2028 Q3,2028-09-30,Pizzeria,108780.0,110101.0,43965.0,43965.0,550506.0,92.0,231322.0,107.0,64815.0,66136.0,781828.0,Medium
22,2027 Q2,2027-06-30,Pizzeria,56652.0,65117.0,30572.48,30572.48,325584.0,91.0,152864.38,116.0,26079.52,34544.520000000004,478448.38,Small
22,2027 Q3,2027-09-30,Pizzeria,55594.0,62676.0,27680.0,27680.0,313382.0,92.0,138400.0,107.0,27914.0,34996.0,451782.0,Small
22,2027 Q4,2027-12-31,Pizzeria,58555.0,76945.0,33191.0,33191.0,384727.0,92.0,165956.0,107.0,25364.0,43754.0,550683.0,Small
22,2028 Q1,2028-03-31,Pizzeria,66779.0,76846.0,33480.0,33480.0,384228.0,91.0,167402.0,107.0,33299.0,43366.0,551630.0,Small
22,2028 Q2,2028-06-30,Pizzeria,59687.0,67215.0,29702.0,29702.0,336077.0,91.0,148512.0,107.0,29985.0,37513.0,484589.0,Small
22,2028 Q3,2028-09-30,Pizzeria,56998.0,64770.0,27831.0,27831.0,323850.0,92.0,139155.0,107.0,29167.0,36939.0,463005.0,Small
23,2027 Q2,2027-06-30,Pizzeria,93905.0,93905.0,44899.0,44899.0,469523.0,91.0,224495.0,115.0,49006.0,49006.0,694018.0,Medium
23,2027 Q3,2027-09-30,Pizzeria,89411.0,91050.0,41753.0,41753.0,455252.0,92.0,208764.0,107.0,47658.0,49297.0,664016.0,Medium
23,2027 Q4,2027-12-31,Pizzeria,60016.0,61054.0,30408.0,30408.0,305269.0,92.0,152040.0,107.0,29608.0,30646.0,457309.0,Medium
23,2028 Q1,2028-03-31,Pizzeria,62229.0,63241.0,32556.0,32556.0,316204.0,91.0,162779.0,107.0,29673.0,30685.0,478983.0,Medium
23,2028 Q2,2028-06-30,Pizzeria,54345.0,55229.0,30094.59,30094.59,276146.0,91.0,150472.93,108.0,24250.41,25134.41,426618.93,Medium
23,2028 Q3,2028-09-30,Pizzeria,90554.0,91747.0,41374.0,41374.0,458737.0,92.0,206868.0,107.0,49180.0,50373.0,665605.0,Medium
24,2027 Q2,2027-06-30,Pizzeria,69943.0,106783.0,50131.0,50131.0,533916.0,91.0,250657.0,115.0,19812.0,56652.0,784573.0,Medium
24,2027 Q3,2027-09-30,Pizzeria,64648.0,103936.0,49304.91,49304.91,519679.0,92.0,246524.56,109.0,15343.089999999997,54631.09,766203.56,Medium
24,2027 Q4,2027-12-31,Pizzeria,82849.0,129452.0,55784.0,55784.0,647261.0,92.0,278922.0,107.0,27065.0,73668.0,926183.0,Medium
24,2028 Q1,2028-03-31,Pizzeria,84361.0,131609.0,57120.0,57120.0,658044.0,91.0,285601.0,107.0,27241.0,74489.0,943645.0,Medium
24,2028 Q2,2028-06-30,Pizzeria,74647.0,117555.0,51864.0,51864.0,587776.0,91.0,259322.0,107.0,22783.0,65691.0,847098.0,Medium
24,2028 Q3,2028-09-30,Pizzeria,74512.0,116062.0,50034.29,50034.29,580310.0,92.0,250173.46,108.0,24477.71,66027.70999999999,830483.46,Medium
25,2027 Q2,2027-06-30,Pizzeria,66445.0,90278.0,41674.0,41674.0,451390.0,91.0,215936.0,115.0,24771.0,48604.0,667326.0,Medium
25,2027 Q3,2027-09-30,Pizzeria,61672.0,83341.0,37117.0,37117.0,416704.0,92.0,192486.0,107.0,24555.0,46224.0,609190.0,Medium
25,2027 Q4,2027-12-31,Pizzeria,72560.0,98187.0,42403.0,42403.0,490937.0,92.0,219311.61,108.0,30157.0,55784.0,710248.61,Medium
25,2028 Q1,2028-03-31,Pizzeria,68949.0,94065.0,41442.0,41442.0,470323.0,91.0,213647.0,107.0,27507.0,52623.0,683970.0,Medium
25,2028 Q2,2028-06-30,Pizzeria,57571.0,78865.0,36049.0,36049.0,394325.0,91.0,186483.0,107.0,21522.0,42816.0,580808.0,Medium
25,2028 Q3,2028-09-30,Pizzeria,53059.0,72684.0,32968.0,32968.0,363421.0,92.0,170721.0,107.0,20091.0,39716.0,534142.0,Medium
26,2027 Q2,2027-06-30,Pizzeria,65379.0,70149.0,30416.0,30416.0,350743.0,91.0,158082.0,115.0,34963.0,39733.0,508825.0,Medium
26,2027 Q3,2027-09-30,Pizzeria,64060.0,68294.0,28112.0,28112.0,341468.0,92.0,146332.0,107.0,35948.0,40182.0,487800.0,Medium
26,2027 Q4,2027-12-31,Pizzeria,79343.0,85315.0,35856.02,35856.02,426576.0,92.0,185282.08,108.0,43486.98,49458.98,611858.08,Medium
26,2028 Q1,2028-03-31,Pizzeria,81218.0,87331.0,34917.0,34917.0,436657.0,91.0,180688.0,107.0,46301.0,52414.0,617345.0,Medium
26,2028 Q2,2028-06-30,Pizzeria,72922.0,78921.0,32005.0,32005.0,394603.0,91.0,166405.0,107.0,40917.0,46916.0,561008.0,Medium
26,2028 Q3,2028-09-30,Pizzeria,73832.0,79304.0,30999.0,30999.0,396518.0,92.0,161529.0,107.0,42833.0,48305.0,558047.0,Medium
27,2027 Q2,2027-06-30,Pizzeria,50186.0,57029.0,27718.33,27718.33,285147.0,91.0,138592.63,116.0,22467.67,29310.67,423739.63,Small
27,2027 Q3,2027-09-30,Pizzeria,50827.0,56537.0,25839.0,25839.0,282684.0,92.0,129196.0,107.0,24988.0,30698.0,411880.0,Small
27,2027 Q4,2027-12-31,Pizzeria,62781.0,72245.0,31725.0,31725.0,361223.0,92.0,158627.0,107.0,31056.0,40520.0,519850.0,Small
27,2028 Q1,2028-03-31,Pizzeria,66344.0,75909.0,33436.0,33436.0,379544.0,91.0,167179.0,107.0,32908.0,42473.0,546723.0,Small
27,2028 Q2,2028-06-30,Pizzeria,60729.0,70451.0,31403.0,31403.0,352253.0,91.0,157017.0,107.0,29326.0,39048.0,509270.0,Small
27,2028 Q3,2028-09-30,Pizzeria,63765.0,72460.0,31092.0,31092.0,362301.0,92.0,155458.0,107.0,32673.0,41368.0,517759.0,Small
28,2027 Q2,2027-06-30,Pizzeria,106668.0,195362.0,89794.0,89794.0,976812.0,91.0,448968.0,115.0,16874.0,105568.0,1425780.0,Large
28,2027 Q3,2027-09-30,Pizzeria,105174.0,188146.0,81895.0,81895.0,940729.0,92.0,409475.0,107.0,23279.0,106251.0,1350204.0,Large
28,2027 Q4,2027-12-31,Pizzeria,124647.0,231685.0,98266.0,98266.0,1158426.0,92.0,491331.0,107.0,26381.0,133419.0,1649757.0,Large
28,2028 Q1,2028-03-31,Pizzeria,128690.0,232712.0,100069.19,100069.19,1163561.0,91.0,500346.96,108.0,28620.809999999998,132642.81,1663907.96,Large
28,2028 Q2,2028-06-30,Pizzeria,115357.0,205261.0,89301.0,89301.0,1026307.0,91.0,446507.0,107.0,26056.0,115960.0,1472814.0,Large
28,2028 Q3,2028-09-30,Pizzeria,108195.0,199991.0,84386.0,84386.0,999954.0,92.0,421931.0,107.0,23809.0,115605.0,1421885.0,Large
29,2027 Q2,2027-06-30,Pizzeria,33225.0,33595.0,15820.0,15820.0,167974.0,91.0,81783.0,115.0,17405.0,17775.0,249757.0,Small
29,2027 Q3,2027-09-30,Pizzeria,38204.0,38204.0,16791.0,16791.0,191019.0,92.0,87041.0,107.0,21413.0,21413.0,278060.0,Small
29,2027 Q4,2027-12-31,Pizzeria,47959.0,47959.0,19838.0,19838.0,239797.0,92.0,102379.0,107.0,28121.0,28121.0,342176.0,Small
29,2028 Q1,2028-03-31,Pizzeria,83392.0,83392.0,31412.0,31412.0,416958.0,91.0,162522.0,107.0,51980.0,51980.0,579480.0,Small
29,2028 Q2,2028-06-30,Pizzeria,52434.0,52434.0,21474.0,21474.0,262170.0,91.0,111425.0,107.0,30960.0,30960.0,373595.0,Small
29,2028 Q3,2028-09-30,Pizzeria,45837.0,45837.0,18492.0,18492.0,229185.0,92.0,95974.0,107.0,27345.0,27345.0,325159.0,Small
30,2027 Q2,2027-06-30,Pizzeria,91445.0,138135.0,62022.0,62022.0,690676.0,91.0,310111.0,115.0,29423.0,76113.0,1000787.0,Large
30,2027 Q3,2027-09-30,Pizzeria,82026.0,133159.0,56934.0,56934.0,665796.0,92.0,284669.0,107.0,25092.0,76225.0,950465.0,Large
30,2027 Q4,2027-12-31,Pizzeria,82355.0,163727.0,67462.0,67462.0,818636.0,92.0,337309.0,107.0,14893.0,96265.0,1155945.0,Large
30,2028 Q1,2028-03-31,Pizzeria,111370.0,163780.0,68150.0,68150.0,818899.0,91.0,340749.0,107.0,43220.0,95630.0,1159648.0,Large
30,2028 Q2,2028-06-30,Pizzeria,101597.0,143498.0,61111.0,61111.0,717492.0,91.0,305554.0,107.0,40486.0,82387.0,1023046.0,Large
30,2028 Q3,2028-09-30,Pizzeria,87137.0,138532.0,61130.6,61130.6,692658.0,92.0,305655.02,108.0,26006.4,77401.4,998313.02,Large
31,2027 Q2,2027-06-30,Pizzeria,48186.0,49019.0,24622.0,24622.0,245096.0,91.0,123111.0,115.0,23564.0,24397.0,368207.0,Small
31,2027 Q3,2027-09-30,Pizzeria,47850.0,47850.0,22878.0,22878.0,239250.0,92.0,114391.0,107.0,24972.0,24972.0,353641.0,Small
31,2027 Q4,2027-12-31,Pizzeria,58641.0,59534.0,27389.83,27389.83,297671.0,92.0,136949.15,108.0,31251.17,32144.17,434620.15,Small
31,2028 Q1,2028-03-31,Pizzeria,59213.0,60237.0,27812.0,27812.0,301186.0,91.0,139061.0,107.0,31401.0,32425.0,440247.0,Small
31,2028 Q2,2028-06-30,Pizzeria,52780.0,53367.0,25204.0,25204.0,266837.0,91.0,126020.0,107.0,27576.0,28163.0,392857.0,Small
31,2028 Q3,2028-09-30,Pizzeria,51369.0,52098.0,23957.0,23957.0,260492.0,92.0,119786.0,107.0,27412.0,28141.0,380278.0,Small
32,2027 Q2,2027-06-30,Pizzeria,44035.0,44797.0,22216.11,22216.11,223984.0,91.0,111082.53,116.0,21818.89,22580.89,335066.53,Small
32,2027 Q3,2027-09-30,Pizzeria,38636.0,39304.0,17895.0,17895.0,196518.0,92.0,89475.0,107.0,20741.0,21409.0,285993.0,Small
32,2027 Q4,2027-12-31,Pizzeria,78150.0,79260.0,31774.0,31774.0,396300.0,92.0,158868.0,107.0,46376.0,47486.0,555168.0,Small
32,2028 Q1,2028-03-31,Pizzeria,58993.0,59649.0,25284.0,25284.0,298245.0,91.0,126419.0,107.0,33709.0,34365.0,424664.0,Small
32,2028 Q2,2028-06-30,Pizzeria,46789.0,47453.0,20906.0,20906.0,237263.0,91.0,104529.0,107.0,25883.0,26547.0,341792.0,Small
32,2028 Q3,2028-09-30,Pizzeria,33173.0,33576.0,15249.0,15249.0,167882.0,92.0,76245.0,107.0,17924.0,18327.0,244127.0,Small
33,2027 Q2,2027-06-30,Pizzeria,47139.0,52203.0,19852.0,19852.0,261017.0,91.0,100159.0,115.0,27287.0,32351.0,361176.0,Small
33,2027 Q3,2027-09-30,Pizzeria,42632.0,49515.0,17948.0,17948.0,247573.0,92.0,90580.0,107.0,24684.0,31567.0,338153.0,Small
33,2027 Q4,2027-12-31,Pizzeria,45023.0,59951.0,21069.0,21069.0,299757.0,92.0,106191.0,107.0,23954.0,38882.0,405948.0,Small
33,2028 Q1,2028-03-31,Pizzeria,48268.0,59079.0,21008.0,21008.0,295396.0,91.0,105870.0,107.0,27260.0,38071.0,401266.0,Small
33,2028 Q2,2028-06-30,Pizzeria,45501.0,51010.0,18585.0,18585.0,255050.0,91.0,93752.0,107.0,26916.0,32425.0,348802.0,Small
33,2028 Q3,2028-09-30,Pizzeria,40952.0,48521.0,17281.0,17281.0,242606.0,92.0,87268.19,108.0,23671.0,31240.0,329874.19,Small
34,2027 Q2,2027-06-30,Pizzeria,54855.0,55578.0,24095.0,24095.0,277891.0,91.0,120474.0,115.0,30760.0,31483.0,398365.0,Small
34,2027 Q3,2027-09-30,Pizzeria,50635.0,50635.0,20943.0,20943.0,253173.0,92.0,104717.0,107.0,29692.0,29692.0,357890.0,Small
34,2027 Q4,2027-12-31,Pizzeria,58059.0,58824.0,23747.0,23747.0,294121.0,92.0,118736.0,107.0,34312.0,35077.0,412857.0,Small
34,2028 Q1,2028-03-31,Pizzeria,54557.0,55501.0,22831.0,22831.0,277504.0,91.0,114154.0,107.0,31726.0,32670.0,391658.0,Small
34,2028 Q2,2028-06-30,Pizzeria,45760.0,45760.0,19459.0,19459.0,228798.0,91.0,97297.0,107.0,26301.0,26301.0,326095.0,Small
34,2028 Q3,2028-09-30,Pizzeria,40798.0,41377.0,17347.0,17347.0,206883.0,92.0,86736.0,107.0,23451.0,24030.0,293619.0,Small
35,2027 Q2,2027-06-30,Pizzeria,71624.0,71624.0,32636.0,32637.0,358120.0,91.0,164496.0,115.0,38988.0,38987.0,522616.0,Medium
35,2027 Q3,2027-09-30,Pizzeria,69865.0,69865.0,30359.0,30359.0,349327.0,92.0,153060.0,107.0,39506.0,39506.0,502387.0,Medium
35,2027 Q4,2027-12-31,Pizzeria,87413.0,87413.0,36237.0,36237.0,437063.0,92.0,182502.0,107.0,51176.0,51176.0,619565.0,Medium
35,2028 Q1,2028-03-31,Pizzeria,89458.0,89458.0,37298.0,37298.0,447290.0,91.0,187829.0,107.0,52160.0,52160.0,635119.0,Medium
35,2028 Q2,2028-06-30,Pizzeria,80513.0,80513.0,34504.35,34504.35,402567.0,91.0,173917.73,108.0,46008.65,46008.65,576484.73,Medium
35,2028 Q3,2028-09-30,Pizzeria,79159.0,80039.0,33036.0,33036.0,400193.0,92.0,166595.0,107.0,46123.0,47003.0,566788.0,Medium
36,2027 Q2,2027-06-30,Pizzeria,67147.0,67147.0,26462.0,26462.0,335737.0,91.0,137381.0,115.0,40685.0,40685.0,473118.0,Small
36,2027 Q3,2027-09-30,Pizzeria,61572.0,62320.0,23288.0,23288.0,311600.0,92.0,121090.0,107.0,38284.0,39032.0,432690.0,Small
36,2027 Q4,2027-12-31,Pizzeria,73821.0,73821.0,27249.0,27249.0,369105.0,92.0,140831.0,107.0,46572.0,46572.0,509936.0,Small
36,2028 Q1,2028-03-31,Pizzeria,71121.0,71121.0,26672.0,26672.0,355605.0,91.0,137748.0,107.0,44449.0,44449.0,493353.0,Small
36,2028 Q2,2028-06-30,Pizzeria,59982.0,59982.0,22846.0,22846.0,299909.0,91.0,118820.32,108.0,37136.0,37136.0,418729.32,Small
36,2028 Q3,2028-09-30,Pizzeria,55636.0,55636.0,20810.94,20811.94,278178.0,92.0,108114.7,108.0,34825.06,34824.06,386292.7,Small
37,2027 Q2,2027-06-30,Pizzeria,38444.0,55636.0,26391.98,26391.98,278179.0,91.0,137338.91,116.0,12052.02,29244.02,415517.91000000003,Small
37,2027 Q3,2027-09-30,Pizzeria,28669.0,44656.0,19322.0,19322.0,223280.0,92.0,100721.0,107.0,9347.0,25334.0,324001.0,Small
37,2027 Q4,2027-12-31,Pizzeria,25985.0,51354.0,22127.0,22127.0,256769.0,92.0,114628.0,107.0,3858.0,29227.0,371397.0,Small
37,2028 Q1,2028-03-31,Pizzeria,31732.0,47011.0,20680.15,20680.15,235054.0,91.0,106970.76,108.0,11051.849999999999,26330.85,342024.76,Small
37,2028 Q2,2028-06-30,Pizzeria,19461.0,28001.0,13754.0,13754.0,140005.0,91.0,71312.0,107.0,5707.0,14247.0,211317.0,Small
37,2028 Q3,2028-09-30,Pizzeria,27416.0,40556.0,17762.0,17762.0,202780.0,92.0,92579.0,107.0,9654.0,22794.0,295359.0,Small
38,2027 Q2,2027-06-30,Pizzeria,116754.0,116754.0,57908.0,57908.0,583768.0,91.0,289538.0,115.0,58846.0,58846.0,873306.0,Medium
38,2027 Q3,2027-09-30,Pizzeria,107145.0,107145.0,50846.0,50846.0,535727.0,92.0,254228.0,107.0,56299.0,56299.0,789955.0,Medium
38,2027 Q4,2027-12-31,Pizzeria,125410.0,125410.0,58103.0,58103.0,627048.0,92.0,290514.0,107.0,67307.0,67307.0,917562.0,Medium
38,2028 Q1,2028-03-31,Pizzeria,119263.0,119263.0,56339.26,56339.26,596313.0,91.0,281694.29,108.0,62923.74,62923.74,878007.29,Medium
38,2028 Q2,2028-06-30,Pizzeria,99162.0,99163.0,48145.0,48145.0,495813.0,91.0,240727.0,107.0,51017.0,51018.0,736540.0,Medium
38,2028 Q3,2028-09-30,Pizzeria,90506.0,90506.0,43377.0,43377.0,452531.0,92.0,216887.0,107.0,47129.0,47129.0,669418.0,Medium
39,2027 Q2,2027-06-30,Pizzeria,114531.0,114531.0,49731.0,49730.0,572654.0,91.0,258658.0,115.0,64800.0,64801.0,831312.0,Medium
39,2027 Q3,2027-09-30,Pizzeria,110900.0,110900.0,45762.0,45762.0,554501.0,92.0,238376.0,107.0,65138.0,65138.0,792877.0,Medium
39,2027 Q4,2027-12-31,Pizzeria,136918.0,136918.0,57861.97,57861.97,684589.0,92.0,299143.84,108.0,79056.03,79056.03,983732.8400000001,Medium
39,2028 Q1,2028-03-31,Pizzeria,137488.0,137488.0,55501.0,55501.0,687440.0,91.0,287306.0,107.0,81987.0,81987.0,974746.0,Medium
39,2028 Q2,2028-06-30,Pizzeria,120898.0,120898.0,49655.0,49655.0,604491.0,91.0,258244.0,107.0,71243.0,71243.0,862735.0,Medium
39,2028 Q3,2028-09-30,Pizzeria,117123.0,117123.0,49899.97,49899.97,585614.0,92.0,259355.84,108.0,67223.03,67223.03,844969.84,Medium
40,2027 Q2,2027-06-30,Pizzeria,44172.0,46157.0,21050.0,21050.0,230786.0,91.0,105248.0,115.0,23122.0,25107.0,336034.0,Small
40,2027 Q3,2027-09-30,Pizzeria,39575.0,41483.0,18403.0,18403.0,207415.0,92.0,92017.0,107.0,21172.0,23080.0,299432.0,Small
40,2027 Q4,2027-12-31,Pizzeria,45387.0,47476.0,20372.0,20372.0,237381.0,92.0,101858.0,107.0,25015.0,27104.0,339239.0,Small
40,2028 Q1,2028-03-31,Pizzeria,42017.0,44043.0,19416.0,19416.0,220214.0,91.0,97082.0,107.0,22601.0,24627.0,317296.0,Small
40,2028 Q2,2028-06-30,Pizzeria,33980.0,35617.0,16615.0,16615.0,178087.0,91.0,83077.0,107.0,17365.0,19002.0,261164.0,Small
40,2028 Q3,2028-09-30,Pizzeria,30025.0,31473.0,14845.0,14845.0,157366.0,92.0,74223.0,107.0,15180.0,16628.0,231589.0,Small
41,2027 Q2,2027-06-30,Pizzeria,42905.0,66726.0,30602.0,30602.0,333630.0,91.0,153011.0,115.0,12303.0,36124.0,486641.0,Small
41,2027 Q3,2027-09-30,Pizzeria,34651.0,57274.0,25251.0,25251.0,286370.0,92.0,126255.0,107.0,9400.0,32023.0,412625.0,Small
41,2027 Q4,2027-12-31,Pizzeria,24126.0,49643.0,21594.0,21594.0,248213.0,92.0,107972.0,107.0,2532.0,28049.0,356185.0,Small
41,2028 Q1,2028-03-31,Pizzeria,29490.0,44614.0,21169.0,21169.0,223070.0,91.0,105844.0,107.0,8321.0,23445.0,328914.0,Small
41,2028 Q2,2028-06-30,Pizzeria,33333.0,48661.0,21874.0,21874.0,243305.0,91.0,109368.0,107.0,11459.0,26787.0,352673.0,Small
41,2028 Q3,2028-09-30,Pizzeria,21178.0,33939.0,16283.0,16283.0,169693.0,92.0,81416.0,107.0,4895.0,17656.0,251109.0,Small
42,2027 Q2,2027-06-30,Pizzeria,63745.0,129563.0,54515.0,54515.0,647813.0,91.0,285064.0,115.0,9230.0,75048.0,932877.0,Large
42,2027 Q3,2027-09-30,Pizzeria,62933.0,123640.0,49769.94,49769.94,618201.0,92.0,260621.68,108.0,13163.059999999998,73870.06,878822.6799999999,Large
42,2027 Q4,2027-12-31,Pizzeria,72858.0,149606.0,58566.0,58566.0,748031.0,92.0,304695.0,107.0,14292.0,91040.0,1052726.0,Large
42,2028 Q1,2028-03-31,Pizzeria,70900.0,149578.0,59116.0,59116.0,747890.0,91.0,307348.0,107.0,11784.0,90462.0,1055238.0,Large
42,2028 Q2,2028-06-30,Pizzeria,65300.0,128543.0,51814.0,51814.0,642713.0,91.0,270775.0,107.0,13486.0,76729.0,913488.0,Large
42,2028 Q3,2028-09-30,Pizzeria,62097.0,123454.0,48569.0,48569.0,617272.0,92.0,254323.0,107.0,13528.0,74885.0,871595.0,Large
43,2027 Q2,2027-06-30,Pizzeria,39624.0,44773.0,22016.0,22015.0,223865.0,91.0,110077.0,115.0,17608.0,22758.0,333942.0,Small
43,2027 Q3,2027-09-30,Pizzeria,35974.0,40375.0,18792.0,18792.0,201875.0,92.0,93958.0,107.0,17182.0,21583.0,295833.0,Small
43,2027 Q4,2027-12-31,Pizzeria,28753.0,32674.0,16435.48,16435.48,163369.0,92.0,82178.39,108.0,12317.52,16238.52,245547.39,Small
43,2028 Q1,2028-03-31,Pizzeria,44912.0,50921.0,23226.0,23226.0,254606.0,91.0,116129.0,107.0,21686.0,27695.0,370735.0,Small
43,2028 Q2,2028-06-30,Pizzeria,25321.0,28741.0,15032.0,15032.0,143703.0,91.0,75161.0,107.0,10289.0,13709.0,218864.0,Small
43,2028 Q3,2028-09-30,Pizzeria,25092.0,28098.0,14223.0,14223.0,140491.0,92.0,71117.0,107.0,10869.0,13875.0,211608.0,Small
44,2027 Q2,2027-06-30,Pizzeria,62547.0,62547.0,27934.0,27934.0,312735.0,91.0,140952.0,115.0,34613.0,34613.0,453687.0,Small
44,2027 Q3,2027-09-30,Pizzeria,46717.0,46717.0,19506.0,19506.0,233587.0,92.0,98420.0,107.0,27211.0,27211.0,332007.0,Small
44,2027 Q4,2027-12-31,Pizzeria,54733.0,54733.0,24926.38,24926.38,273665.0,92.0,125558.88,108.0,29806.62,29806.62,399223.88,Small
44,2028 Q1,2028-03-31,Pizzeria,64746.0,64746.0,26558.0,26558.0,323732.0,91.0,133818.0,107.0,38188.0,38188.0,457550.0,Small
44,2028 Q2,2028-06-30,Pizzeria,41235.0,41235.0,18497.0,18497.0,206176.0,91.0,93265.0,107.0,22738.0,22738.0,299441.0,Small
44,2028 Q3,2028-09-30,Pizzeria,38234.0,38234.0,16858.0,16858.0,191170.0,92.0,85029.0,107.0,21376.0,21376.0,276199.0,Small
45,2027 Q2,2027-06-30,Pizzeria,121399.0,121399.0,52338.0,52338.0,606994.0,91.0,263957.0,115.0,69061.0,69061.0,870951.0,Medium
45,2027 Q3,2027-09-30,Pizzeria,116819.0,116819.0,47790.0,47790.0,584094.0,92.0,241107.0,107.0,69029.0,69029.0,825201.0,Medium
45,2027 Q4,2027-12-31,Pizzeria,143406.0,143406.0,57039.0,57039.0,717029.0,92.0,287398.0,107.0,86367.0,86367.0,1004427.0,Medium
45,2028 Q1,2028-03-31,Pizzeria,143239.0,143239.0,57599.0,57599.0,716195.0,91.0,290181.0,107.0,85640.0,85640.0,1006376.0,Medium
45,2028 Q2,2028-06-30,Pizzeria,123949.0,125328.0,53837.7,53837.7,626641.0,91.0,271399.52,108.0,70111.3,71490.3,898040.52,Medium
45,2028 Q3,2028-09-30,Pizzeria,120831.0,120831.0,48079.0,48079.0,604155.0,92.0,242571.0,107.0,72752.0,72752.0,846726.0,Medium
46,2027 Q2,2027-06-30,Pizzeria,52119.0,53074.0,26584.0,26584.0,265368.0,91.0,132920.0,115.0,25535.0,26490.0,398288.0,Small
46,2027 Q3,2027-09-30,Pizzeria,59110.0,60131.0,27947.0,27947.0,300657.0,92.0,139734.0,107.0,31163.0,32184.0,440391.0,Small
46,2027 Q4,2027-12-31,Pizzeria,82816.0,86267.0,37572.0,37572.0,431337.0,92.0,187860.0,107.0,45244.0,48695.0,619197.0,Small
46,2028 Q1,2028-03-31,Pizzeria,83527.0,85581.0,37487.0,37487.0,427903.0,91.0,187435.0,107.0,46040.0,48094.0,615338.0,Small
46,2028 Q2,2028-06-30,Pizzeria,62035.0,63172.0,28990.0,28990.0,315860.0,91.0,144952.0,107.0,33045.0,34182.0,460812.0,Small
46,2028 Q3,2028-09-30,Pizzeria,49948.0,50709.0,23632.0,23632.0,253544.0,92.0,118158.0,107.0,26316.0,27077.0,371702.0,Small
47,2027 Q2,2027-06-30,Pizzeria,95759.0,95759.0,43194.0,43194.0,478796.0,91.0,215969.0,115.0,52565.0,52565.0,694765.0,Medium
47,2027 Q3,2027-09-30,Pizzeria,92618.0,92618.0,40086.99,40086.99,463090.0,92.0,200434.95,108.0,52531.01,52531.01,663524.95,Medium
47,2027 Q4,2027-12-31,Pizzeria,114275.0,114275.0,47178.0,47178.0,571375.0,92.0,235890.0,107.0,67097.0,67097.0,807265.0,Medium
47,2028 Q1,2028-03-31,Pizzeria,114731.0,114731.0,50323.08,50323.08,573655.0,91.0,251613.4,108.0,64407.92,64407.92,825268.4,Medium
47,2028 Q2,2028-06-30,Pizzeria,100913.0,100913.0,43067.0,43067.0,504567.0,91.0,215333.0,107.0,57846.0,57846.0,719900.0,Medium
47,2028 Q3,2028-09-30,Pizzeria,97832.0,97832.0,40771.54,40771.54,489158.0,92.0,203856.7,108.0,57060.46,57060.46,693014.7,Medium
48,2027 Q2,2027-06-30,Pizzeria,39870.0,40601.0,19133.0,19133.0,203007.0,91.0,99298.0,115.0,20737.0,21468.0,302305.0,Small
48,2027 Q3,2027-09-30,Pizzeria,55449.0,56638.0,23847.0,23847.0,283189.0,92.0,124337.0,107.0,31602.0,32791.0,407526.0,Small
48,2027 Q4,2027-12-31,Pizzeria,44585.0,46298.0,19723.0,19723.0,231492.0,92.0,101943.0,107.0,24862.0,26575.0,333435.0,Small
48,2028 Q1,2028-03-31,Pizzeria,46577.0,47479.0,20775.0,20775.0,237393.0,91.0,107361.0,107.0,25802.0,26704.0,344754.0,Small
48,2028 Q2,2028-06-30,Pizzeria,42236.0,42966.0,19353.0,19353.0,214829.0,91.0,100484.0,107.0,22883.0,23613.0,315313.0,Small
48,2028 Q3,2028-09-30,Pizzeria,48932.0,49829.0,20740.0,20740.0,249144.0,92.0,107994.0,107.0,28192.0,29089.0,357138.0,Small
49,2027 Q2,2027-06-30,Pizzeria,61890.0,61890.0,29980.0,29981.0,309449.0,91.0,149903.0,115.0,31910.0,31909.0,459352.0,Small
49,2027 Q3,2027-09-30,Pizzeria,58977.0,59633.0,27315.0,27315.0,298164.0,92.0,136577.0,107.0,31662.0,32318.0,434741.0,Small
49,2027 Q4,2027-12-31,Pizzeria,72246.0,72246.0,32284.0,32284.0,361232.0,92.0,161420.0,107.0,39962.0,39962.0,522652.0,Small
49,2028 Q1,2028-03-31,Pizzeria,71522.0,71522.0,32332.0,32332.0,357609.0,91.0,161662.0,107.0,39190.0,39190.0,519271.0,Small
49,2028 Q2,2028-06-30,Pizzeria,62408.0,62408.0,28760.0,28760.0,312040.0,91.0,143800.0,107.0,33648.0,33648.0,455840.0,Small
49,2028 Q3,2028-09-30,Pizzeria,60887.0,60887.0,27215.0,27215.0,304436.0,92.0,136073.0,107.0,33672.0,33672.0,440509.0,Small
50,2027 Q2,2027-06-30,Pizzeria,51147.0,51147.0,23574.0,23574.0,255734.0,91.0,118957.45,116.0,27573.0,27573.0,374691.45,Small
50,2027 Q3,2027-09-30,Pizzeria,51810.0,51810.0,21296.0,21296.0,259052.0,92.0,107563.8,108.0,30514.0,30514.0,366615.8,Small
50,2027 Q4,2027-12-31,Pizzeria,50698.0,50698.0,21647.0,21647.0,253490.0,92.0,109044.0,107.0,29051.0,29051.0,362534.0,Small
50,2028 Q1,2028-03-31,Pizzeria,45877.0,46718.0,20623.23,20623.23,233590.0,91.0,103860.15,108.0,25253.77,26094.77,337450.15,Small
50,2028 Q2,2028-06-30,Pizzeria,52652.0,52652.0,22906.0,22906.0,263260.0,91.0,115522.0,107.0,29746.0,29746.0,378782.0,Small
50,2028 Q3,2028-09-30,Pizzeria,81518.0,83012.0,32180.0,32180.0,415059.0,92.0,162435.0,107.0,49338.0,50832.0,577494.0,Small
51,2027 Q2,2027-06-30,Pizzeria,46247.0,53713.0,25052.0,25052.0,268566.0,91.0,129806.0,115.0,21195.0,28661.0,398372.0,Small
51,2027 Q3,2027-09-30,Pizzeria,26884.0,31225.0,15235.0,15234.0,156123.0,92.0,78668.0,107.0,11649.0,15991.0,234791.0,Small
51,2027 Q4,2027-12-31,Pizzeria,26726.0,35875.0,17483.0,17483.0,179373.0,92.0,89896.0,107.0,9243.0,18392.0,269269.0,Small
51,2028 Q1,2028-03-31,Pizzeria,30616.0,35559.0,17525.0,17525.0,177797.0,91.0,90066.0,107.0,13091.0,18034.0,267863.0,Small
51,2028 Q2,2028-06-30,Pizzeria,29263.0,33558.0,17236.64,17236.64,167792.0,91.0,88853.22,108.0,12026.36,16321.36,256645.22,Small
51,2028 Q3,2028-09-30,Pizzeria,61219.0,69726.0,29150.0,29150.0,348631.0,92.0,151513.0,107.0,32069.0,40576.0,500144.0,Small
52,2027 Q2,2027-06-30,Pizzeria,100849.0,153266.0,71245.0,71245.0,766329.0,91.0,359120.0,115.0,29604.0,82021.0,1125449.0,Large
52,2027 Q3,2027-09-30,Pizzeria,98244.0,150913.0,66786.0,66786.0,754564.0,92.0,336749.0,107.0,31458.0,84127.0,1091313.0,Large
52,2027 Q4,2027-12-31,Pizzeria,123124.0,190006.0,79652.0,79652.0,950031.0,92.0,401215.0,107.0,43472.0,110354.0,1351246.0,Large
52,2028 Q1,2028-03-31,Pizzeria,127554.0,195036.0,82129.0,82129.0,975182.0,91.0,413654.0,107.0,45425.0,112907.0,1388836.0,Large
52,2028 Q2,2028-06-30,Pizzeria,113943.0,175567.0,75800.0,75800.0,877836.0,91.0,382135.0,107.0,38143.0,99767.0,1259971.0,Large
52,2028 Q3,2028-09-30,Pizzeria,114336.0,174293.0,72982.0,72982.0,871466.0,92.0,368080.0,107.0,41354.0,101311.0,1239546.0,Large
53,2027 Q2,2027-06-30,Pizzeria,164169.0,164169.0,61525.0,61525.0,820846.0,91.0,318942.0,115.0,102644.0,102644.0,1139788.0,Large
53,2027 Q3,2027-09-30,Pizzeria,159278.0,159279.0,57140.0,57140.0,796393.0,92.0,296547.0,107.0,102138.0,102139.0,1092940.0,Large
53,2027 Q4,2027-12-31,Pizzeria,198460.0,198460.0,67487.0,67487.0,992300.0,92.0,348689.0,107.0,130973.0,130973.0,1340989.0,Large
53,2028 Q1,2028-03-31,Pizzeria,202941.0,202941.0,69394.0,69394.0,1014706.0,91.0,358402.0,107.0,133547.0,133547.0,1373108.0,Large
53,2028 Q2,2028-06-30,Pizzeria,183634.0,183634.0,66307.55,66307.55,918168.0,91.0,343504.73,108.0,117326.45,117326.45,1261672.73,Large
53,2028 Q3,2028-09-30,Pizzeria,183043.0,185266.0,62502.0,62502.0,926330.0,92.0,324815.0,107.0,120541.0,122764.0,1251145.0,Large
54,2027 Q2,2027-06-30,Pizzeria,56878.0,57511.0,25265.0,25265.0,287557.0,91.0,127454.0,115.0,31613.0,32246.0,415011.0,Small
54,2027 Q3,2027-09-30,Pizzeria,55198.0,55868.0,23225.0,23225.0,279340.0,92.0,117207.0,107.0,31973.0,32643.0,396547.0,Small
54,2027 Q4,2027-12-31,Pizzeria,69703.0,69703.0,28221.0,28221.0,348514.0,92.0,142233.0,107.0,41482.0,41482.0,490747.0,Small
54,2028 Q1,2028-03-31,Pizzeria,71359.0,71359.0,29218.77,29218.77,356797.0,91.0,147238.84,108.0,42140.229999999996,42140.229999999996,504035.83999999997,Small
54,2028 Q2,2028-06-30,Pizzeria,64610.0,64610.0,26662.0,26662.0,323052.0,91.0,134508.0,107.0,37948.0,37948.0,457560.0,Small
54,2028 Q3,2028-09-30,Pizzeria,65157.0,65157.0,25927.0,25927.0,325783.0,92.0,130865.0,107.0,39230.0,39230.0,456648.0,Small
55,2027 Q2,2027-06-30,Pizzeria,37993.0,46446.0,19456.0,19456.0,232231.0,91.0,101869.0,115.0,18537.0,26990.0,334100.0,Small
55,2027 Q3,2027-09-30,Pizzeria,36113.0,44256.0,17673.0,17673.0,221278.0,92.0,92681.0,107.0,18440.0,26583.0,313959.0,Small
55,2027 Q4,2027-12-31,Pizzeria,44585.0,54108.0,20996.0,20996.0,270540.0,92.0,109376.0,107.0,23589.0,33112.0,379916.0,Small
55,2028 Q1,2028-03-31,Pizzeria,45173.0,54822.0,21440.0,21440.0,274111.0,91.0,111618.0,107.0,23733.0,33382.0,385729.0,Small
55,2028 Q2,2028-06-30,Pizzeria,39090.0,47439.0,18995.83,18995.83,237197.0,91.0,99398.14,108.0,20094.17,28443.17,336595.14,Small
55,2028 Q3,2028-09-30,Pizzeria,37597.0,45298.0,17622.0,17622.0,226492.0,92.0,92421.0,107.0,19975.0,27676.0,318913.0,Small
56,2027 Q2,2027-06-30,Pizzeria,125290.0,127587.0,59171.0,59171.0,637936.0,91.0,305857.0,115.0,66119.0,68416.0,943793.0,Large
56,2027 Q3,2027-09-30,Pizzeria,119158.0,121342.0,59007.62,59007.62,606712.0,92.0,304444.11,108.0,60150.38,62334.38,911156.11,Large
56,2027 Q4,2027-12-31,Pizzeria,142780.0,148729.0,63589.0,63589.0,743646.0,92.0,327535.0,107.0,79191.0,85140.0,1071181.0,Large
56,2028 Q1,2028-03-31,Pizzeria,145584.0,148555.0,64167.0,64167.0,742777.0,91.0,330346.0,107.0,81417.0,84388.0,1073123.0,Large
56,2028 Q2,2028-06-30,Pizzeria,126747.0,128547.0,57093.0,57093.0,642733.0,91.0,294984.0,107.0,69654.0,71454.0,937717.0,Large
56,2028 Q3,2028-09-30,Pizzeria,120692.0,122779.0,53553.0,53553.0,613894.0,92.0,277048.0,107.0,67139.0,69226.0,890942.0,Large
57,2027 Q2,2027-06-30,Pizzeria,25809.0,44118.0,20279.76,20279.76,220589.0,91.0,101396.82,116.0,5529.240000000002,23838.24,321985.82,Small
57,2027 Q3,2027-09-30,Pizzeria,24686.0,42416.0,18482.0,18482.0,212081.0,92.0,92409.0,107.0,6204.0,23934.0,304490.0,Small
57,2027 Q4,2027-12-31,Pizzeria,30244.0,51436.0,21632.0,21632.0,257178.0,92.0,108158.0,107.0,8612.0,29804.0,365336.0,Small
57,2028 Q1,2028-03-31,Pizzeria,30502.0,52141.0,22053.0,22053.0,260704.0,91.0,110267.0,107.0,8449.0,30088.0,370971.0,Small
57,2028 Q2,2028-06-30,Pizzeria,26481.0,45190.0,19678.0,19678.0,225948.0,91.0,98392.0,107.0,6803.0,25512.0,324340.0,Small
57,2028 Q3,2028-09-30,Pizzeria,25237.0,43214.0,19614.47,19614.47,216070.0,92.0,98070.33,108.0,5622.529999999999,23599.53,314140.33,Small
58,2027 Q2,2027-06-30,Pizzeria,35997.0,57320.0,27640.0,27640.0,286601.0,91.0,138198.0,115.0,8357.0,29680.0,424799.0,Small
58,2027 Q3,2027-09-30,Pizzeria,33504.0,54924.0,25139.0,25139.0,274622.0,92.0,125693.0,107.0,8365.0,29785.0,400315.0,Small
58,2027 Q4,2027-12-31,Pizzeria,43039.0,68099.0,30198.0,30198.0,340495.0,92.0,150990.0,107.0,12841.0,37901.0,491485.0,Small
58,2028 Q1,2028-03-31,Pizzeria,41868.0,67420.0,30261.0,30261.0,337102.0,91.0,151305.0,107.0,11607.0,37159.0,488407.0,Small
58,2028 Q2,2028-06-30,Pizzeria,35731.0,58480.0,26783.0,26783.0,292402.0,91.0,133916.0,107.0,8948.0,31697.0,426318.0,Small
58,2028 Q3,2028-09-30,Pizzeria,34323.0,55900.0,24931.0,24931.0,279498.0,92.0,124653.0,107.0,9392.0,30969.0,404151.0,Small
59,2027 Q2,2027-06-30,Pizzeria,33357.0,48065.0,20023.0,20023.0,240326.0,91.0,104035.0,115.0,13334.0,28042.0,344361.0,Small
59,2027 Q3,2027-09-30,Pizzeria,32749.0,48444.0,19044.44,19044.44,242222.0,92.0,99120.22,108.0,13704.560000000001,29399.56,341342.22,Small
59,2027 Q4,2027-12-31,Pizzeria,42740.0,62033.0,23496.0,23496.0,310163.0,92.0,121639.0,107.0,19244.0,38537.0,431802.0,Small
59,2028 Q1,2028-03-31,Pizzeria,44088.0,64456.0,24581.0,24581.0,322282.0,91.0,127196.0,107.0,19507.0,39875.0,449478.0,Small
59,2028 Q2,2028-06-30,Pizzeria,41505.0,58540.0,22564.0,22564.0,292701.0,91.0,117323.0,107.0,18941.0,35976.0,410024.0,Small
59,2028 Q3,2028-09-30,Pizzeria,41675.0,58532.0,21702.0,21702.0,292661.0,92.0,113102.0,107.0,19973.0,36830.0,405763.0,Small
60,2027 Q2,2027-06-30,Pizzeria,89542.0,96593.0,45997.0,45997.0,482965.0,91.0,231823.0,115.0,43545.0,50596.0,714788.0,Medium
60,2027 Q3,2027-09-30,Pizzeria,83974.0,93512.0,42395.0,42395.0,467560.0,92.0,213733.0,107.0,41579.0,51117.0,681293.0,Medium
60,2027 Q4,2027-12-31,Pizzeria,89791.0,116009.0,50830.5,50830.5,580044.0,92.0,255965.49,108.0,38960.5,65178.5,836009.49,Medium
60,2028 Q1,2028-03-31,Pizzeria,93928.0,117704.0,51783.0,51783.0,588519.0,91.0,260746.0,107.0,42145.0,65921.0,849265.0,Medium
60,2028 Q2,2028-06-30,Pizzeria,99481.0,105160.0,47129.0,47129.0,525801.0,91.0,237536.0,107.0,52352.0,58031.0,763337.0,Medium
60,2028 Q3,2028-09-30,Pizzeria,93449.0,104063.0,45233.0,45233.0,520317.0,92.0,228072.0,107.0,48216.0,58830.0,748389.0,Medium
61,2027 Q2,2027-06-30,Pizzeria,43101.0,62285.0,32056.0,32056.0,311426.0,91.0,160279.0,115.0,11045.0,30229.0,471705.0,Medium
61,2027 Q3,2027-09-30,Pizzeria,43506.0,65129.0,31562.0,31562.0,325644.0,92.0,157809.0,107.0,11944.0,33567.0,483453.0,Medium
61,2027 Q4,2027-12-31,Pizzeria,48091.0,86030.0,38668.0,38668.0,430152.0,92.0,193341.0,107.0,9423.0,47362.0,623493.0,Medium
61,2028 Q1,2028-03-31,Pizzeria,58790.0,91860.0,41174.36,41174.36,459302.0,91.0,205872.8,108.0,17615.64,50685.64,665174.8,Medium
61,2028 Q2,2028-06-30,Pizzeria,60174.0,85475.0,38845.0,38845.0,427373.0,91.0,194224.0,107.0,21329.0,46630.0,621597.0,Medium
61,2028 Q3,2028-09-30,Pizzeria,58380.0,87395.0,38340.0,38340.0,436975.0,92.0,191702.0,107.0,20040.0,49055.0,628677.0,Medium
62,2027 Q2,2027-06-30,Pizzeria,248079.0,251346.0,88321.0,88321.0,1256732.0,91.0,465270.0,115.0,159758.0,163025.0,1722002.0,Large
62,2027 Q3,2027-09-30,Pizzeria,248990.0,252270.0,83473.0,83473.0,1261348.0,92.0,440811.0,107.0,165517.0,168797.0,1702159.0,Large
62,2027 Q4,2027-12-31,Pizzeria,318371.0,321912.0,103124.0,103124.0,1609560.0,92.0,540520.0,107.0,215247.0,218788.0,2150080.0,Large
62,2028 Q1,2028-03-31,Pizzeria,333514.0,333514.0,107454.0,107454.0,1667568.0,91.0,562886.0,107.0,226060.0,226060.0,2230454.0,Large
62,2028 Q2,2028-06-30,Pizzeria,302152.0,302152.0,98250.0,98250.0,1510762.0,91.0,518086.0,107.0,203902.0,203902.0,2028848.0,Large
62,2028 Q3,2028-09-30,Pizzeria,301464.0,301464.0,94439.0,94439.0,1507321.0,92.0,499486.0,107.0,207025.0,207025.0,2006807.0,Large
63,2027 Q2,2027-06-30,Pizzeria,49378.0,49378.0,20776.0,20776.0,246889.0,91.0,103881.0,115.0,28602.0,28602.0,350770.0,Small
63,2027 Q3,2027-09-30,Pizzeria,48475.0,48475.0,19512.83,19512.83,242377.0,92.0,97564.15,108.0,28962.17,28962.17,339941.15,Small
63,2027 Q4,2027-12-31,Pizzeria,60629.0,60629.0,23118.0,23118.0,303143.0,92.0,115590.0,107.0,37511.0,37511.0,418733.0,Small
63,2028 Q1,2028-03-31,Pizzeria,61648.0,61648.0,23639.0,23639.0,308240.0,91.0,118193.0,107.0,38009.0,38009.0,426433.0,Small
63,2028 Q2,2028-06-30,Pizzeria,54874.0,54874.0,21607.81,21607.81,274369.0,91.0,108041.04,108.0,33266.19,33266.19,382410.04,Small
63,2028 Q3,2028-09-30,Pizzeria,53816.0,53816.0,20632.0,20632.0,269078.0,92.0,103159.0,107.0,33184.0,33184.0,372237.0,Small
64,2027 Q2,2027-06-30,Pizzeria,50491.0,75360.0,28950.23,28950.23,376801.0,91.0,146131.16,116.0,21540.77,46409.770000000004,522932.16000000003,Small
64,2027 Q3,2027-09-30,Pizzeria,54184.0,80631.0,28051.0,28051.0,403155.0,92.0,141678.0,107.0,26133.0,52580.0,544833.0,Small
64,2027 Q4,2027-12-31,Pizzeria,61510.0,91532.0,32484.98,32484.98,457659.0,92.0,163763.91,108.0,29025.02,59047.020000000004,621422.91,Small
64,2028 Q1,2028-03-31,Pizzeria,60252.0,88088.0,30630.0,30630.0,440441.0,91.0,154419.0,107.0,29622.0,57458.0,594860.0,Small
64,2028 Q2,2028-06-30,Pizzeria,50787.0,75129.0,27030.0,27030.0,375646.0,91.0,136426.0,107.0,23757.0,48099.0,512072.0,Small
64,2028 Q3,2028-09-30,Pizzeria,28980.0,44109.0,16416.0,16416.0,220543.0,92.0,82832.0,107.0,12564.0,27693.0,303375.0,Small
65,2027 Q2,2027-06-30,Pizzeria,51751.0,51751.0,21113.0,21113.0,258757.0,91.0,110649.0,115.0,30638.0,30638.0,369406.0,Small
65,2027 Q3,2027-09-30,Pizzeria,47564.0,48190.0,18803.0,18803.0,240950.0,92.0,98692.0,107.0,28761.0,29387.0,339642.0,Small
65,2027 Q4,2027-12-31,Pizzeria,57282.0,57282.0,21856.0,21856.0,286410.0,92.0,113910.0,107.0,35426.0,35426.0,400320.0,Small
65,2028 Q1,2028-03-31,Pizzeria,55394.0,55394.0,21487.0,21487.0,276968.0,91.0,111877.0,107.0,33907.0,33907.0,388845.0,Small
65,2028 Q2,2028-06-30,Pizzeria,46344.0,46907.0,18649.0,18649.0,234534.0,91.0,97595.0,107.0,27695.0,28258.0,332129.0,Small
65,2028 Q3,2028-09-30,Pizzeria,43705.0,43705.0,17074.0,17074.0,218524.0,92.0,89513.0,107.0,26631.0,26631.0,308037.0,Small
66,2027 Q2,2027-06-30,Pizzeria,55437.0,55437.0,25534.0,25534.0,277184.0,91.0,127672.0,115.0,29903.0,29903.0,404856.0,Small
66,2027 Q3,2027-09-30,Pizzeria,53777.0,53777.0,23525.0,23525.0,268883.0,92.0,117624.0,107.0,30252.0,30252.0,386507.0,Small
66,2027 Q4,2027-12-31,Pizzeria,66953.0,66953.0,28228.0,28228.0,334763.0,92.0,141142.0,107.0,38725.0,38725.0,475905.0,Small
66,2028 Q1,2028-03-31,Pizzeria,68347.0,68347.0,29047.0,29047.0,341737.0,91.0,145237.0,107.0,39300.0,39300.0,486974.0,Small
66,2028 Q2,2028-06-30,Pizzeria,61670.0,61670.0,26671.0,26671.0,308350.0,91.0,133356.0,107.0,34999.0,34999.0,441706.0,Small
66,2028 Q3,2028-09-30,Pizzeria,61974.0,61974.0,25897.0,25897.0,309870.0,92.0,129486.0,107.0,36077.0,36077.0,439356.0,Small
67,2027 Q2,2027-06-30,Pizzeria,78205.0,79315.0,37954.0,37954.0,396574.0,91.0,191151.0,115.0,40251.0,41361.0,587725.0,Medium
67,2027 Q3,2027-09-30,Pizzeria,85429.0,86379.0,37900.0,37900.0,431894.0,92.0,190972.0,107.0,47529.0,48479.0,622866.0,Medium
67,2027 Q4,2027-12-31,Pizzeria,102321.0,104303.0,43663.0,43663.0,521515.0,92.0,219783.0,107.0,58658.0,60640.0,741298.0,Medium
67,2028 Q1,2028-03-31,Pizzeria,99748.0,101062.0,43450.0,43450.0,505312.0,91.0,218681.0,107.0,56298.0,57612.0,723993.0,Medium
67,2028 Q2,2028-06-30,Pizzeria,46288.0,47233.0,25174.0,25174.0,236165.0,91.0,126625.0,107.0,21114.0,22059.0,362790.0,Medium
67,2028 Q3,2028-09-30,Pizzeria,76627.0,77952.0,35291.42,35291.42,389761.0,92.0,177769.11,108.0,41335.58,42660.58,567530.11,Medium
68,2027 Q2,2027-06-30,Pizzeria,85924.0,85924.0,34665.0,34665.0,429622.0,91.0,173323.0,115.0,51259.0,51259.0,602945.0,Small
68,2027 Q3,2027-09-30,Pizzeria,80738.0,80738.0,30615.0,30615.0,403690.0,92.0,153076.0,107.0,50123.0,50123.0,556766.0,Small
68,2027 Q4,2027-12-31,Pizzeria,76348.0,77275.0,29325.0,29325.0,386375.0,92.0,146623.0,107.0,47023.0,47950.0,532998.0,Small
68,2028 Q1,2028-03-31,Pizzeria,58391.0,58391.0,23495.0,23495.0,291955.0,91.0,117477.0,107.0,34896.0,34896.0,409432.0,Small
68,2028 Q2,2028-06-30,Pizzeria,53383.0,53383.0,22125.0,22125.0,266914.0,91.0,110623.0,107.0,31258.0,31258.0,377537.0,Small
68,2028 Q3,2028-09-30,Pizzeria,69685.0,69685.0,26626.0,26627.0,348424.0,92.0,133133.0,107.0,43059.0,43058.0,481557.0,Small
69,2027 Q2,2027-06-30,Pizzeria,43261.0,55463.0,25232.0,25233.0,277317.0,91.0,127184.0,115.0,18029.0,30230.0,404501.0,Small
69,2027 Q3,2027-09-30,Pizzeria,41215.0,52237.0,22694.0,22694.0,261185.0,92.0,114421.0,107.0,18521.0,29543.0,375606.0,Small
69,2027 Q4,2027-12-31,Pizzeria,48735.0,62803.0,26498.0,26498.0,314017.0,92.0,133441.0,107.0,22237.0,36305.0,447458.0,Small
69,2028 Q1,2028-03-31,Pizzeria,47927.0,61445.0,27674.29,27674.29,307226.0,91.0,139294.44,108.0,20252.71,33770.71,446520.44,Small
69,2028 Q2,2028-06-30,Pizzeria,41550.0,52661.0,23082.0,23082.0,263305.0,91.0,116324.0,107.0,18468.0,29579.0,379629.0,Small
69,2028 Q3,2028-09-30,Pizzeria,38616.0,49699.0,21348.0,21348.0,248496.0,92.0,107624.0,107.0,17268.0,28351.0,356120.0,Small
70,2027 Q2,2027-06-30,Pizzeria,84267.0,95758.0,38883.0,38883.0,478789.0,91.0,203705.0,115.0,45384.0,56875.0,682494.0,Medium
70,2027 Q3,2027-09-30,Pizzeria,77069.0,87479.0,36463.08,36463.08,437393.0,92.0,190701.42,108.0,40605.92,51015.92,628094.42,Medium
70,2027 Q4,2027-12-31,Pizzeria,89057.0,101896.0,39029.0,39029.0,509479.0,92.0,203280.0,107.0,50028.0,62867.0,712759.0,Medium
70,2028 Q1,2028-03-31,Pizzeria,85595.0,96391.0,37674.0,37674.0,481954.0,91.0,196007.0,107.0,47921.0,58717.0,677961.0,Medium
70,2028 Q2,2028-06-30,Pizzeria,69800.0,79680.0,32093.0,32093.0,398400.0,91.0,167757.0,107.0,37707.0,47587.0,566157.0,Medium
70,2028 Q3,2028-09-30,Pizzeria,63644.0,72241.0,28853.0,28853.0,361205.0,92.0,151035.0,107.0,34791.0,43388.0,512240.0,Medium
71,2027 Q2,2027-06-30,Pizzeria,125950.0,127480.0,60981.0,60981.0,637399.0,91.0,304904.0,115.0,64969.0,66499.0,942303.0,Large
71,2027 Q3,2027-09-30,Pizzeria,124609.0,126250.0,57403.0,57403.0,631252.0,92.0,287014.0,107.0,67206.0,68847.0,918266.0,Large
71,2027 Q4,2027-12-31,Pizzeria,156967.0,159196.0,69135.0,69135.0,795979.0,92.0,345677.0,107.0,87832.0,90061.0,1141656.0,Large
71,2028 Q1,2028-03-31,Pizzeria,161020.0,163141.0,75354.53,75354.53,815705.0,91.0,376771.65,108.0,85665.47,87786.47,1192476.65,Large
71,2028 Q2,2028-06-30,Pizzeria,144118.0,146313.0,65100.0,65100.0,731564.0,91.0,325501.0,107.0,79018.0,81213.0,1057065.0,Large
71,2028 Q3,2028-09-30,Pizzeria,142115.0,144573.0,62511.0,62511.0,722867.0,92.0,312553.0,107.0,79604.0,82062.0,1035420.0,Large
72,2027 Q2,2027-06-30,Pizzeria,57143.0,69432.0,31996.0,31996.0,347159.0,91.0,165854.0,115.0,25147.0,37436.0,513013.0,Medium
72,2027 Q3,2027-09-30,Pizzeria,52629.0,67560.0,29829.71,29829.71,337801.0,92.0,154794.57,108.0,22799.29,37730.29,492595.57,Medium
72,2027 Q4,2027-12-31,Pizzeria,53196.0,84304.0,35430.0,35430.0,421518.0,92.0,183472.79,108.0,17766.0,48874.0,604990.79,Medium
72,2028 Q1,2028-03-31,Pizzeria,44268.0,86123.0,36378.0,36378.0,430617.0,91.0,187844.0,107.0,7890.0,49745.0,618461.0,Medium
72,2028 Q2,2028-06-30,Pizzeria,41896.0,77586.0,33375.0,33375.0,387931.0,91.0,173592.66,108.0,8521.0,44211.0,561523.66,Medium
72,2028 Q3,2028-09-30,Pizzeria,52308.0,77609.0,32326.0,32326.0,388046.0,92.0,167953.0,107.0,19982.0,45283.0,555999.0,Medium
73,2027 Q2,2027-06-30,Pizzeria,34781.0,52224.0,21251.0,21251.0,261120.0,91.0,110822.0,115.0,13530.0,30973.0,371942.0,Small
73,2027 Q3,2027-09-30,Pizzeria,43692.0,60599.0,22812.0,22812.0,302996.0,92.0,119315.0,107.0,20880.0,37787.0,422311.0,Small
73,2027 Q4,2027-12-31,Pizzeria,60524.0,89798.0,31882.0,31882.0,448991.0,92.0,165836.0,107.0,28642.0,57916.0,614827.0,Small
73,2028 Q1,2028-03-31,Pizzeria,57075.0,82478.0,29689.0,29689.0,412389.0,91.0,154245.0,107.0,27386.0,52789.0,566634.0,Small
73,2028 Q2,2028-06-30,Pizzeria,38196.0,56420.0,21465.0,21465.0,282101.0,91.0,111926.0,107.0,16731.0,34955.0,394027.0,Small
73,2028 Q3,2028-09-30,Pizzeria,38886.0,55080.0,21636.47,21636.47,275398.0,92.0,112794.33,108.0,17249.53,33443.53,388192.33,Small
74,2027 Q2,2027-06-30,Pizzeria,230788.0,230788.0,97770.0,97770.0,1153940.0,91.0,488852.0,115.0,133018.0,133018.0,1642792.0,Large
74,2027 Q3,2027-09-30,Pizzeria,217811.0,217811.0,87767.0,87767.0,1089057.0,92.0,438835.0,107.0,130044.0,130044.0,1527892.0,Large
74,2027 Q4,2027-12-31,Pizzeria,269536.0,269536.0,105284.0,105284.0,1347679.0,92.0,526420.0,107.0,164252.0,164252.0,1874099.0,Large
74,2028 Q1,2028-03-31,Pizzeria,263780.0,266984.0,105532.0,105532.0,1334922.0,91.0,527660.0,107.0,158248.0,161452.0,1862582.0,Large
74,2028 Q2,2028-06-30,Pizzeria,231197.0,231197.0,93256.0,93256.0,1155984.0,91.0,466281.0,107.0,137941.0,137941.0,1622265.0,Large
74,2028 Q3,2028-09-30,Pizzeria,219666.0,219666.0,86395.0,86395.0,1098330.0,92.0,431974.0,107.0,133271.0,133271.0,1530304.0,Large
75,2027 Q2,2027-06-30,Pizzeria,124336.0,126615.0,56015.6,56015.6,633076.0,91.0,294542.98,116.0,68320.4,70599.4,927618.98,Medium
75,2027 Q3,2027-09-30,Pizzeria,102426.0,103670.0,42669.0,42669.0,518348.0,92.0,225004.0,107.0,59757.0,61001.0,743352.0,Medium
75,2027 Q4,2027-12-31,Pizzeria,143834.0,150140.0,58442.0,58442.0,750701.0,92.0,306147.0,107.0,85392.0,91698.0,1056848.0,Medium
75,2028 Q1,2028-03-31,Pizzeria,142870.0,146233.0,57125.0,57125.0,731164.0,91.0,298915.0,107.0,85745.0,89108.0,1030079.0,Medium
75,2028 Q2,2028-06-30,Pizzeria,112642.0,114241.0,46519.96,46519.96,571203.0,91.0,244612.82,108.0,66122.04000000001,67721.04000000001,815815.8200000001,Medium
75,2028 Q3,2028-09-30,Pizzeria,93865.0,95586.0,39142.0,39142.0,477929.0,92.0,206166.0,107.0,54723.0,56444.0,684095.0,Medium
76,2027 Q2,2027-06-30,Pizzeria,50070.0,57684.0,25896.0,25895.0,288422.0,91.0,129477.0,115.0,24174.0,31789.0,417899.0,Small
76,2027 Q3,2027-09-30,Pizzeria,50726.0,56868.0,24218.0,24218.0,284341.0,92.0,121091.0,107.0,26508.0,32650.0,405432.0,Small
76,2027 Q4,2027-12-31,Pizzeria,53990.0,71416.0,29221.0,29221.0,357081.0,92.0,146106.0,107.0,24769.0,42195.0,503187.0,Small
76,2028 Q1,2028-03-31,Pizzeria,61246.0,72912.0,30042.0,30042.0,364562.0,91.0,150208.0,107.0,31204.0,42870.0,514770.0,Small
76,2028 Q2,2028-06-30,Pizzeria,58844.0,65165.0,28963.24,28963.24,325825.0,91.0,144818.2,109.0,29880.76,36201.759999999995,470643.2,Small
76,2028 Q3,2028-09-30,Pizzeria,56092.0,64178.0,26323.55,26323.55,320889.0,92.0,131618.76,108.0,29768.45,37854.45,452507.76,Small
77,2027 Q2,2027-06-30,Pizzeria,58690.0,66242.0,27050.2,27050.2,331209.0,91.0,140379.0,116.0,31639.8,39191.8,471588.0,Small
77,2027 Q3,2027-09-30,Pizzeria,53155.0,60335.0,22451.0,22451.0,301674.0,92.0,116871.0,107.0,30704.0,37884.0,418545.0,Small
77,2027 Q4,2027-12-31,Pizzeria,62783.0,70070.0,25718.0,25719.0,350348.0,92.0,133057.0,107.0,37065.0,44351.0,483405.0,Small
77,2028 Q1,2028-03-31,Pizzeria,59276.0,66081.0,24751.0,24751.0,330407.0,91.0,127931.0,107.0,34525.0,41330.0,458338.0,Small
77,2028 Q2,2028-06-30,Pizzeria,48408.0,54452.0,20895.0,20895.0,272259.0,91.0,108452.0,107.0,27513.0,33557.0,380711.0,Small
77,2028 Q3,2028-09-30,Pizzeria,43394.0,49199.0,18574.0,18574.0,245996.0,92.0,96552.0,107.0,24820.0,30625.0,342548.0,Small
78,2027 Q2,2027-06-30,Pizzeria,63206.0,63207.0,28120.0,28120.0,316033.0,91.0,141849.0,115.0,35086.0,35087.0,457882.0,Small
78,2027 Q3,2027-09-30,Pizzeria,60603.0,61401.0,25987.0,25987.0,307004.0,92.0,131132.0,107.0,34616.0,35414.0,438136.0,Small
78,2027 Q4,2027-12-31,Pizzeria,75709.0,76629.0,31378.0,31378.0,383144.0,92.0,158132.0,107.0,44331.0,45251.0,541276.0,Small
78,2028 Q1,2028-03-31,Pizzeria,78532.0,78531.0,32533.61,32533.61,392657.0,91.0,163935.07,108.0,45998.39,45997.39,556592.0700000001,Small
78,2028 Q2,2028-06-30,Pizzeria,70430.0,71285.0,29709.0,29709.0,356425.0,91.0,149874.0,107.0,40721.0,41576.0,506299.0,Small
78,2028 Q3,2028-09-30,Pizzeria,71408.0,72275.0,29100.0,29099.0,361374.0,92.0,146871.0,107.0,42308.0,43176.0,508245.0,Small
79,2027 Q2,2027-06-30,Pizzeria,46246.0,52853.0,23309.0,23309.0,264267.0,91.0,116547.0,115.0,22937.0,29544.0,380814.0,Small
79,2027 Q3,2027-09-30,Pizzeria,61983.0,71990.0,29190.0,29190.0,359950.0,92.0,145951.0,107.0,32793.0,42800.0,505901.0,Small
79,2027 Q4,2027-12-31,Pizzeria,64399.0,74536.0,29641.0,29641.0,372678.0,92.0,148203.0,107.0,34758.0,44895.0,520881.0,Small
79,2028 Q1,2028-03-31,Pizzeria,53302.0,61337.0,25001.0,25001.0,306685.0,91.0,125007.0,107.0,28301.0,36336.0,431692.0,Small
79,2028 Q2,2028-06-30,Pizzeria,56564.0,64867.0,27428.82,27428.82,324334.0,91.0,137146.11,108.0,29135.18,37438.18,461480.11,Small
79,2028 Q3,2028-09-30,Pizzeria,62624.0,71982.0,27865.0,27865.0,359909.0,92.0,139326.0,107.0,34759.0,44117.0,499235.0,Small
80,2027 Q2,2027-06-30,Pizzeria,96969.0,98246.0,47258.79,47258.79,491229.0,91.0,236291.96,116.0,49710.21,50987.21,727520.96,Medium
80,2027 Q3,2027-09-30,Pizzeria,95270.0,95270.0,40913.0,40913.0,476349.0,92.0,204564.0,107.0,54357.0,54357.0,680913.0,Medium
80,2027 Q4,2027-12-31,Pizzeria,116904.0,118444.0,48571.0,48571.0,592218.0,92.0,242853.0,107.0,68333.0,69873.0,835071.0,Medium
80,2028 Q1,2028-03-31,Pizzeria,120474.0,120474.0,49729.0,49729.0,602372.0,91.0,248643.0,107.0,70745.0,70745.0,851015.0,Medium
80,2028 Q2,2028-06-30,Pizzeria,107897.0,107897.0,45614.0,45614.0,539484.0,91.0,228071.0,107.0,62283.0,62283.0,767555.0,Medium
80,2028 Q3,2028-09-30,Pizzeria,106957.0,106957.0,43874.0,43874.0,534787.0,92.0,219369.0,107.0,63083.0,63083.0,754156.0,Medium
81,2027 Q2,2027-06-30,Pizzeria,54472.0,54472.0,25348.0,25348.0,272358.0,91.0,127780.0,115.0,29124.0,29124.0,400138.0,Small
81,2027 Q3,2027-09-30,Pizzeria,55878.0,55878.0,24346.0,24346.0,279391.0,92.0,122778.0,107.0,31532.0,31532.0,402169.0,Small
81,2027 Q4,2027-12-31,Pizzeria,60911.0,60911.0,26031.0,26031.0,304556.0,92.0,131101.0,107.0,34880.0,34880.0,435657.0,Small
81,2028 Q1,2028-03-31,Pizzeria,51459.0,52190.0,23343.0,23343.0,260949.0,91.0,117522.0,107.0,28116.0,28847.0,378471.0,Small
81,2028 Q2,2028-06-30,Pizzeria,47549.0,47549.0,23488.65,23488.65,237744.0,91.0,118304.25,108.0,24060.35,24060.35,356048.25,Small
81,2028 Q3,2028-09-30,Pizzeria,52926.0,53569.0,23144.0,23144.0,267845.0,92.0,116699.0,107.0,29782.0,30425.0,384544.0,Small
82,2027 Q2,2027-06-30,Pizzeria,61877.0,62629.0,29179.0,29179.0,313143.0,91.0,147127.0,115.0,32698.0,33450.0,460270.0,Small
82,2027 Q3,2027-09-30,Pizzeria,44167.0,44931.0,21292.0,21292.0,224657.0,92.0,107342.0,107.0,22875.0,23639.0,331999.0,Small
82,2027 Q4,2027-12-31,Pizzeria,42206.0,43919.0,20599.0,20599.0,219593.0,92.0,103703.0,107.0,21607.0,23320.0,323296.0,Small
82,2028 Q1,2028-03-31,Pizzeria,54152.0,55257.0,26142.0,26142.0,276287.0,91.0,131648.0,107.0,28010.0,29115.0,407935.0,Small
82,2028 Q2,2028-06-30,Pizzeria,58573.0,59344.0,26271.0,26271.0,296720.0,91.0,132429.0,107.0,32302.0,33073.0,429149.0,Small
82,2028 Q3,2028-09-30,Pizzeria,35643.0,36370.0,17680.0,17680.0,181850.0,92.0,89088.0,107.0,17963.0,18690.0,270938.0,Small
83,2027 Q2,2027-06-30,Pizzeria,58395.0,65100.0,31906.0,31906.0,325498.0,91.0,159532.0,115.0,26489.0,33194.0,485030.0,Medium
83,2027 Q3,2027-09-30,Pizzeria,60736.0,67710.0,31271.0,31271.0,338549.0,92.0,156355.0,107.0,29465.0,36439.0,494904.0,Medium
83,2027 Q4,2027-12-31,Pizzeria,79726.0,89080.0,38084.0,38084.0,445398.0,92.0,190420.0,107.0,41642.0,50996.0,635818.0,Medium
83,2028 Q1,2028-03-31,Pizzeria,84104.0,94818.0,40317.0,40317.0,474090.0,91.0,201586.0,107.0,43787.0,54501.0,675676.0,Medium
83,2028 Q2,2028-06-30,Pizzeria,77715.0,88012.0,38161.0,38161.0,440058.0,91.0,190804.0,107.0,39554.0,49851.0,630862.0,Medium
83,2028 Q3,2028-09-30,Pizzeria,79936.0,89816.0,37577.0,37577.0,449082.0,92.0,187884.0,107.0,42359.0,52239.0,636966.0,Medium
84,2027 Q2,2027-06-30,Pizzeria,46196.0,62596.0,27801.0,27801.0,312981.0,91.0,144733.0,115.0,18395.0,34795.0,457714.0,Small
84,2027 Q3,2027-09-30,Pizzeria,45097.0,60860.0,25626.0,25626.0,304300.0,92.0,133632.0,107.0,19471.0,35234.0,437932.0,Small
84,2027 Q4,2027-12-31,Pizzeria,57003.0,76005.0,31109.0,31109.0,380023.0,92.0,161267.0,107.0,25894.0,44896.0,541290.0,Small
84,2028 Q1,2028-03-31,Pizzeria,58509.0,77908.0,32118.0,32118.0,389539.0,91.0,166414.0,107.0,26391.0,45790.0,555953.0,Small
84,2028 Q2,2028-06-30,Pizzeria,53218.0,70674.0,29395.0,29396.0,353372.0,91.0,153093.0,107.0,23823.0,41278.0,506465.0,Small
84,2028 Q3,2028-09-30,Pizzeria,63938.0,71519.0,28642.0,28642.0,357594.0,92.0,149516.0,107.0,35296.0,42877.0,507110.0,Small
85,2027 Q2,2027-06-30,Pizzeria,203932.0,207459.0,88518.0,88518.0,1037296.0,91.0,464868.0,115.0,115414.0,118941.0,1502164.0,Large
85,2027 Q3,2027-09-30,Pizzeria,166492.0,170411.0,70195.0,70195.0,852053.0,92.0,368809.0,107.0,96297.0,100216.0,1220862.0,Large
85,2027 Q4,2027-12-31,Pizzeria,245664.0,248648.0,99658.0,99658.0,1243241.0,92.0,520655.0,107.0,146006.0,148990.0,1763896.0,Large
85,2028 Q1,2028-03-31,Pizzeria,277235.0,285515.0,109611.0,109611.0,1427574.0,91.0,572532.0,107.0,167624.0,175904.0,2000106.0,Large
85,2028 Q2,2028-06-30,Pizzeria,173783.0,178973.0,74676.0,74676.0,894867.0,91.0,391507.0,107.0,99107.0,104297.0,1286374.0,Large
85,2028 Q3,2028-09-30,Pizzeria,235398.0,242179.0,92932.0,92932.0,1210897.0,92.0,489340.0,107.0,142466.0,149247.0,1700237.0,Large
86,2027 Q2,2027-06-30,Pizzeria,96048.0,97215.0,40425.0,40425.0,486075.0,91.0,210144.0,115.0,55623.0,56790.0,696219.0,Medium
86,2027 Q3,2027-09-30,Pizzeria,64946.0,64946.0,27851.46,27851.46,324728.0,92.0,144417.3,108.0,37094.54,37094.54,469145.3,Medium
86,2027 Q4,2027-12-31,Pizzeria,153597.0,153597.0,57681.0,57681.0,767986.0,92.0,298988.0,107.0,95916.0,95916.0,1066974.0,Medium
86,2028 Q1,2028-03-31,Pizzeria,104414.0,104414.0,40177.0,40177.0,522068.0,91.0,207631.0,107.0,64237.0,64237.0,729699.0,Medium
86,2028 Q2,2028-06-30,Pizzeria,79923.0,80812.0,33483.0,33483.0,404058.0,91.0,173667.0,107.0,46440.0,47329.0,577725.0,Medium
86,2028 Q3,2028-09-30,Pizzeria,143597.0,145194.0,52971.0,52971.0,725971.0,92.0,276672.0,107.0,90626.0,92223.0,1002643.0,Medium
87,2027 Q2,2027-06-30,Pizzeria,49793.0,49793.0,21802.13,21802.13,248964.0,91.0,113072.64,116.0,27990.87,27990.87,362036.64,Small
87,2027 Q3,2027-09-30,Pizzeria,31135.0,31609.0,14385.0,14385.0,158044.0,92.0,74646.0,107.0,16750.0,17224.0,232690.0,Small
87,2027 Q4,2027-12-31,Pizzeria,87697.0,89487.0,32550.0,32550.0,447433.0,92.0,168925.0,107.0,55147.0,56937.0,616358.0,Small
87,2028 Q1,2028-03-31,Pizzeria,43765.0,44522.0,19722.13,19722.13,222612.0,91.0,101691.64,108.0,24042.87,24799.87,324303.64,Small
87,2028 Q2,2028-06-30,Pizzeria,47527.0,48251.0,19910.0,19910.0,241255.0,91.0,103549.0,107.0,27617.0,28341.0,344804.0,Small
87,2028 Q3,2028-09-30,Pizzeria,59915.0,60581.0,22364.0,22364.0,302904.0,92.0,116776.0,107.0,37551.0,38217.0,419680.0,Small
88,2027 Q2,2027-06-30,Pizzeria,58139.0,74252.0,31520.83,31520.83,371259.0,91.0,165229.14,116.0,26618.17,42731.17,536488.14,Medium
88,2027 Q3,2027-09-30,Pizzeria,44966.0,72879.0,29357.0,29357.0,364396.0,92.0,154177.0,107.0,15609.0,43522.0,518573.0,Medium
88,2027 Q4,2027-12-31,Pizzeria,45686.0,92108.0,35426.0,35426.0,460540.0,92.0,184913.0,107.0,10260.0,56682.0,645453.0,Medium
88,2028 Q1,2028-03-31,Pizzeria,50247.0,95709.0,36931.0,36931.0,478545.0,91.0,192790.64,108.0,13316.0,58778.0,671335.64,Medium
88,2028 Q2,2028-06-30,Pizzeria,59721.0,87954.0,34354.0,34354.0,439771.0,91.0,180309.0,107.0,25367.0,53600.0,620080.0,Medium
88,2028 Q3,2028-09-30,Pizzeria,72722.0,89780.0,33694.0,33694.0,448898.0,92.0,177347.0,107.0,39028.0,56086.0,626245.0,Medium
89,2027 Q2,2027-06-30,Pizzeria,29863.0,40355.0,19526.0,19526.0,201773.0,91.0,98396.0,115.0,10337.0,20829.0,300169.0,Small
89,2027 Q3,2027-09-30,Pizzeria,40366.0,60609.0,28007.739999999998,28007.739999999998,303043.0,92.0,141159.67,109.0,12358.260000000002,32601.260000000002,444202.67000000004,Small
89,2027 Q4,2027-12-31,Pizzeria,43398.0,81729.0,32172.0,32172.0,408646.0,92.0,162095.0,107.0,11226.0,49557.0,570741.0,Small
89,2028 Q1,2028-03-31,Pizzeria,33766.0,55445.0,23407.0,23407.0,277226.0,91.0,117858.0,107.0,10359.0,32038.0,395084.0,Small
89,2028 Q2,2028-06-30,Pizzeria,28863.0,39701.0,18420.0,18420.0,198504.0,91.0,92806.0,107.0,10443.0,21281.0,291310.0,Small
89,2028 Q3,2028-09-30,Pizzeria,41226.0,59489.0,24357.0,24357.0,297447.0,92.0,122844.0,107.0,16869.0,35132.0,420291.0,Small
90,2027 Q2,2027-06-30,Pizzeria,34005.0,40147.0,19599.0,19599.0,200735.0,91.0,98765.0,115.0,14406.0,20548.0,299500.0,Small
90,2027 Q3,2027-09-30,Pizzeria,57223.0,67640.0,27511.14,27511.14,338201.0,92.0,138814.69,108.0,29711.86,40128.86,477015.69,Small
90,2027 Q4,2027-12-31,Pizzeria,32291.0,42940.0,19424.0,19424.0,214698.0,92.0,97790.0,107.0,12867.0,23516.0,312488.0,Small
90,2028 Q1,2028-03-31,Pizzeria,45434.0,55205.0,24405.0,24405.0,276023.0,91.0,122976.75,108.0,21029.0,30800.0,398999.75,Small
90,2028 Q2,2028-06-30,Pizzeria,56771.0,64512.0,26054.0,26054.0,322562.0,91.0,131351.0,107.0,30717.0,38458.0,453913.0,Small
90,2028 Q3,2028-09-30,Pizzeria,54594.0,63779.0,26113.0,26113.0,318893.0,92.0,131720.0,107.0,28481.0,37666.0,450613.0,Small
91,2027 Q2,2027-06-30,Pizzeria,214208.0,243695.0,96355.0,96355.0,1218474.0,91.0,503102.0,115.0,117853.0,147340.0,1721576.0,Large
91,2027 Q3,2027-09-30,Pizzeria,206994.0,232056.0,86746.0,86746.0,1160278.0,92.0,453767.0,107.0,120248.0,145310.0,1614045.0,Large
91,2027 Q4,2027-12-31,Pizzeria,248645.0,281591.0,103358.0,103358.0,1407955.0,92.0,537047.0,107.0,145287.0,178233.0,1945002.0,Large
91,2028 Q1,2028-03-31,Pizzeria,250896.0,281273.0,104413.0,104413.0,1406365.0,91.0,542157.0,107.0,146483.0,176860.0,1948522.0,Large
91,2028 Q2,2028-06-30,Pizzeria,214200.0,241761.0,95548.33,95548.33,1208806.0,91.0,497719.63,108.0,118651.67,146212.66999999998,1706525.63,Large
91,2028 Q3,2028-09-30,Pizzeria,205786.0,232790.0,85092.0,85092.0,1163950.0,92.0,445094.0,107.0,120694.0,147698.0,1609044.0,Large
92,2027 Q2,2027-06-30,Pizzeria,45123.0,53400.0,21070.0,21070.0,267001.0,91.0,110710.0,115.0,24053.0,32330.0,377711.0,Small
92,2027 Q3,2027-09-30,Pizzeria,44516.0,52187.0,19544.0,19544.0,260936.0,92.0,102894.0,107.0,24972.0,32643.0,363830.0,Small
92,2027 Q4,2027-12-31,Pizzeria,55737.0,65342.0,23578.0,23578.0,326708.0,92.0,123280.0,107.0,32159.0,41764.0,449988.0,Small
92,2028 Q1,2028-03-31,Pizzeria,56306.0,66872.0,24294.0,24294.0,334360.0,91.0,126950.0,107.0,32012.0,42578.0,461310.0,Small
92,2028 Q2,2028-06-30,Pizzeria,51120.0,60212.0,22189.0,22189.0,301061.0,91.0,116650.0,107.0,28931.0,38023.0,417711.0,Small
92,2028 Q3,2028-09-30,Pizzeria,51195.0,60017.0,21352.0,21352.0,300085.0,92.0,112556.0,107.0,29843.0,38665.0,412641.0,Small
93,2027 Q2,2027-06-30,Pizzeria,199943.0,229819.0,104804.0,104804.0,1149097.0,91.0,524022.0,115.0,95139.0,125015.0,1673119.0,Large
93,2027 Q3,2027-09-30,Pizzeria,188461.0,218379.0,94906.0,94906.0,1091894.0,92.0,474530.0,107.0,93555.0,123473.0,1566424.0,Large
93,2027 Q4,2027-12-31,Pizzeria,231396.0,267201.0,112362.0,112362.0,1336007.0,92.0,561811.0,107.0,119034.0,154839.0,1897818.0,Large
93,2028 Q1,2028-03-31,Pizzeria,229142.0,264598.0,112501.0,112501.0,1322989.0,91.0,562506.0,107.0,116641.0,152097.0,1885495.0,Large
93,2028 Q2,2028-06-30,Pizzeria,200988.0,230755.0,100343.0,100343.0,1153777.0,91.0,501715.0,107.0,100645.0,130412.0,1655492.0,Large
93,2028 Q3,2028-09-30,Pizzeria,189244.0,219541.0,93299.0,93299.0,1097705.0,92.0,466497.0,107.0,95945.0,126242.0,1564202.0,Large
94,2027 Q2,2027-06-30,Pizzeria,51966.0,57612.0,27367.13,27367.13,288058.0,91.0,138177.02,118.0,24598.87,30244.87,426235.02,Small
94,2027 Q3,2027-09-30,Pizzeria,38699.0,42809.0,19322.0,19322.0,214046.0,92.0,97476.0,107.0,19377.0,23487.0,311522.0,Small
94,2027 Q4,2027-12-31,Pizzeria,75046.0,83944.0,35785.0,35785.0,419718.0,92.0,180387.0,107.0,39261.0,48159.0,600105.0,Small
94,2028 Q1,2028-03-31,Pizzeria,54137.0,59886.0,25319.0,25319.0,299432.0,91.0,127573.0,107.0,28818.0,34567.0,427005.0,Small
94,2028 Q2,2028-06-30,Pizzeria,67932.0,75988.0,32066.0,32066.0,379938.0,91.0,161796.0,107.0,35866.0,43922.0,541734.0,Small
94,2028 Q3,2028-09-30,Pizzeria,40947.0,46060.0,20201.0,20201.0,230299.0,92.0,102006.96,108.0,20746.0,25859.0,332305.96,Small
95,2027 Q2,2027-06-30,Pizzeria,211231.0,241131.0,103775.0,103775.0,1205653.0,91.0,540208.0,115.0,107456.0,137356.0,1745861.0,Large
95,2027 Q3,2027-09-30,Pizzeria,192988.0,230847.0,95044.07,95044.07,1154237.0,92.0,495417.36,108.0,97943.93,135802.93,1649654.3599999999,Large
95,2027 Q4,2027-12-31,Pizzeria,221140.0,285342.0,113743.0,113743.0,1426708.0,92.0,589443.0,107.0,107397.0,171599.0,2016151.0,Large
95,2028 Q1,2028-03-31,Pizzeria,242490.0,281638.0,114685.27,114685.27,1408188.0,91.0,593768.33,108.0,127804.73,166952.72999999998,2001956.33,Large
95,2028 Q2,2028-06-30,Pizzeria,218390.0,242925.0,99537.0,99537.0,1214625.0,91.0,517956.0,107.0,118853.0,143388.0,1732581.0,Large
95,2028 Q3,2028-09-30,Pizzeria,201022.0,233475.0,93410.92,93410.92,1167373.0,92.0,486952.58,108.0,107611.08,140064.08000000002,1654325.58,Large
96,2027 Q2,2027-06-30,Pizzeria,42250.0,51462.0,25145.0,25145.0,257311.0,91.0,130588.0,115.0,17105.0,26317.0,387899.0,Small
96,2027 Q3,2027-09-30,Pizzeria,48254.0,58419.0,27390.0,27390.0,292096.0,92.0,142600.0,107.0,20864.0,31029.0,434696.0,Small
96,2027 Q4,2027-12-31,Pizzeria,80024.0,96999.0,39099.0,39099.0,484996.0,92.0,202758.0,107.0,40925.0,57900.0,687754.0,Small
96,2028 Q1,2028-03-31,Pizzeria,77807.0,93743.0,40370.0,40370.0,468713.0,91.0,209223.0,107.0,37437.0,53373.0,677936.0,Small
96,2028 Q2,2028-06-30,Pizzeria,47601.0,56939.0,25524.0,25524.0,284693.0,91.0,132606.0,107.0,22077.0,31415.0,417299.0,Small
96,2028 Q3,2028-09-30,Pizzeria,53135.0,63788.0,27457.0,27457.0,318941.0,92.0,143015.0,107.0,25678.0,36331.0,461956.0,Small
97,2027 Q2,2027-06-30,Pizzeria,107411.0,111886.0,49732.0,49732.0,559428.0,91.0,248658.0,115.0,57679.0,62154.0,808086.0,Medium
97,2027 Q3,2027-09-30,Pizzeria,102517.0,107011.0,45878.0,45878.0,535055.0,92.0,229392.0,107.0,56639.0,61133.0,764447.0,Medium
97,2027 Q4,2027-12-31,Pizzeria,148349.0,154853.0,62341.37,62341.37,774264.0,92.0,311706.84,108.0,86007.63,92511.63,1085970.84,Medium
97,2028 Q1,2028-03-31,Pizzeria,151446.0,157921.0,63174.0,63174.0,789606.0,91.0,315870.0,107.0,88272.0,94747.0,1105476.0,Medium
97,2028 Q2,2028-06-30,Pizzeria,111990.0,116778.0,49069.0,49069.0,583888.0,91.0,245345.0,107.0,62921.0,67709.0,829233.0,Medium
97,2028 Q3,2028-09-30,Pizzeria,99034.0,103484.0,43477.0,43477.0,517421.0,92.0,217385.0,107.0,55557.0,60007.0,734806.0,Medium
98,2027 Q2,2027-06-30,Pizzeria,128116.0,145586.0,64786.0,64786.0,727930.0,91.0,323932.0,115.0,63330.0,80800.0,1051862.0,Large
98,2027 Q3,2027-09-30,Pizzeria,167447.0,211690.0,83685.83,83685.83,1058449.0,92.0,418429.13,108.0,83761.17,128004.17,1476878.13,Large
98,2027 Q4,2027-12-31,Pizzeria,139946.0,184139.0,76894.0,76894.0,920693.0,92.0,384470.0,107.0,63052.0,107245.0,1305163.0,Large
98,2028 Q1,2028-03-31,Pizzeria,160833.0,198805.0,78365.0,78365.0,994027.0,91.0,391823.0,107.0,82468.0,120440.0,1385850.0,Large
98,2028 Q2,2028-06-30,Pizzeria,138748.0,149998.0,65162.0,65162.0,749989.0,91.0,325808.0,107.0,73586.0,84836.0,1075797.0,Large
98,2028 Q3,2028-09-30,Pizzeria,154752.0,166579.0,67295.0,67295.0,832896.0,92.0,336477.0,107.0,87457.0,99284.0,1169373.0,Large
99,2027 Q2,2027-06-30,Pizzeria,50888.0,61017.0,33913.72,33913.72,305085.0,91.0,169567.58,117.0,16974.28,27103.28,474652.57999999996,Medium
99,2027 Q3,2027-09-30,Pizzeria,74149.0,89015.0,39903.0,39903.0,445075.0,92.0,199517.0,107.0,34246.0,49112.0,644592.0,Medium
99,2027 Q4,2027-12-31,Pizzeria,84081.0,101793.0,46869.0,46869.0,508964.0,92.0,234347.0,107.0,37212.0,54924.0,743311.0,Medium
99,2028 Q1,2028-03-31,Pizzeria,61562.0,74620.0,35628.0,35628.0,373099.0,91.0,178138.0,107.0,25934.0,38992.0,551237.0,Medium
99,2028 Q2,2028-06-30,Pizzeria,56071.0,67883.0,33865.0,33865.0,339417.0,91.0,169323.0,107.0,22206.0,34018.0,508740.0,Medium
99,2028 Q3,2028-09-30,Pizzeria,55167.0,65753.0,32102.2,32102.2,328765.0,92.0,160509.0,108.0,23064.8,33650.8,489274.0,Medium
100,2027 Q2,2027-06-30,Pizzeria,88092.0,88092.0,45515.77,45515.77,440458.0,91.0,229560.86,116.0,42576.23,42576.23,670018.86,Medium
100,2027 Q3,2027-09-30,Pizzeria,86089.0,86089.0,42132.0,42132.0,430444.0,92.0,212575.0,107.0,43957.0,43957.0,643019.0,Medium
100,2027 Q4,2027-12-31,Pizzeria,107228.0,107228.0,50481.0,50480.0,536141.0,92.0,254385.0,107.0,56747.0,56748.0,790526.0,Medium
100,2028 Q1,2028-03-31,Pizzeria,108613.0,108613.0,51526.0,51526.0,543064.0,91.0,259622.0,107.0,57087.0,57087.0,802686.0,Medium
100,2028 Q2,2028-06-30,Pizzeria,96330.0,96330.0,46618.0,46618.0,481652.0,91.0,235137.0,107.0,49712.0,49712.0,716789.0,Medium
100,2028 Q3,2028-09-30,Pizzeria,93014.0,94144.0,44299.0,44299.0,470722.0,92.0,223536.0,107.0,48715.0,49845.0,694258.0,Medium
101,2027 Q2,2027-06-30,Pizzeria,148222.0,150632.0,72155.0,72156.0,753160.0,91.0,360778.0,115.0,76067.0,78476.0,1113938.0,Large
101,2027 Q3,2027-09-30,Pizzeria,116571.0,116571.0,56392.0,56392.0,582854.0,92.0,281958.0,107.0,60179.0,60179.0,864812.0,Large
101,2027 Q4,2027-12-31,Pizzeria,145883.0,145883.0,69735.35,69735.35,729415.0,92.0,348678.76,108.0,76147.65,76147.65,1078093.76,Large
101,2028 Q1,2028-03-31,Pizzeria,176637.0,176637.0,83775.42,83775.42,883185.0,91.0,418876.1,108.0,92861.58,92861.58,1302061.1,Large
101,2028 Q2,2028-06-30,Pizzeria,140214.0,140214.0,65259.0,65259.0,701068.0,91.0,326297.0,107.0,74955.0,74955.0,1027365.0,Large
101,2028 Q3,2028-09-30,Pizzeria,113751.0,113751.0,54808.83,54808.83,568754.0,92.0,274043.15,108.0,58942.17,58942.17,842797.15,Large
102,2027 Q2,2027-06-30,Pizzeria,97611.0,101572.0,45809.0,45809.0,507858.0,91.0,239508.0,115.0,51802.0,55763.0,747366.0,Medium
102,2027 Q3,2027-09-30,Pizzeria,118762.0,123839.0,50500.0,50500.0,619196.0,92.0,264951.0,107.0,68262.0,73339.0,884147.0,Medium
102,2027 Q4,2027-12-31,Pizzeria,147023.0,149414.0,59074.0,59074.0,747069.0,92.0,307752.0,107.0,87949.0,90340.0,1054821.0,Medium
102,2028 Q1,2028-03-31,Pizzeria,114955.0,116234.0,48523.0,48523.0,581169.0,91.0,252148.0,107.0,66432.0,67711.0,833317.0,Medium
102,2028 Q2,2028-06-30,Pizzeria,86589.0,88086.0,39078.0,39078.0,440432.0,91.0,203876.0,107.0,47511.0,49008.0,644308.0,Medium
102,2028 Q3,2028-09-30,Pizzeria,104294.0,105668.0,43490.0,43490.0,528338.0,92.0,227775.0,107.0,60804.0,62178.0,756113.0,Medium
103,2027 Q2,2027-06-30,Pizzeria,215255.0,215255.0,89967.0,89967.0,1076275.0,91.0,467912.0,115.0,125288.0,125288.0,1544187.0,Large
103,2027 Q3,2027-09-30,Pizzeria,210259.0,214331.0,84493.0,84493.0,1071655.0,92.0,440235.0,107.0,125766.0,129838.0,1511890.0,Large
103,2027 Q4,2027-12-31,Pizzeria,266647.0,271535.0,103976.0,103976.0,1357677.0,92.0,538617.0,107.0,162671.0,167559.0,1896294.0,Large
103,2028 Q1,2028-03-31,Pizzeria,279439.0,279439.0,107766.0,107766.0,1397194.0,91.0,557976.0,107.0,171673.0,171673.0,1955170.0,Large
103,2028 Q2,2028-06-30,Pizzeria,251567.0,251567.0,97966.34,97966.34,1257837.0,91.0,509765.71,108.0,153600.66,153600.66,1767602.71,Large
103,2028 Q3,2028-09-30,Pizzeria,249454.0,249454.0,93700.0,93700.0,1247271.0,92.0,488649.0,107.0,155754.0,155754.0,1735920.0,Large
104,2027 Q2,2027-06-30,Pizzeria,59802.0,59802.0,25305.0,25305.0,299010.0,91.0,131723.0,115.0,34497.0,34497.0,430733.0,Small
104,2027 Q3,2027-09-30,Pizzeria,58954.0,58954.0,23581.0,23581.0,294768.0,92.0,122967.0,107.0,35373.0,35373.0,417735.0,Small
104,2027 Q4,2027-12-31,Pizzeria,74023.0,74023.0,28784.0,28784.0,370117.0,92.0,149210.0,107.0,45239.0,45239.0,519327.0,Small
104,2028 Q1,2028-03-31,Pizzeria,75554.0,75554.0,29594.0,29594.0,377770.0,91.0,153329.0,107.0,45960.0,45960.0,531099.0,Small
104,2028 Q2,2028-06-30,Pizzeria,67501.0,67501.0,26724.0,26724.0,337506.0,91.0,139157.0,107.0,40777.0,40777.0,476663.0,Small
104,2028 Q3,2028-09-30,Pizzeria,66447.0,66447.0,25449.0,25449.0,332234.0,92.0,132806.0,107.0,40998.0,40998.0,465040.0,Small
105,2027 Q2,2027-06-30,Pizzeria,57440.0,58079.0,26179.0,26179.0,290395.0,91.0,135818.0,115.0,31261.0,31900.0,426213.0,Small
105,2027 Q3,2027-09-30,Pizzeria,58384.0,59515.0,25240.0,25240.0,297575.0,92.0,131174.0,107.0,33144.0,34275.0,428749.0,Small
105,2027 Q4,2027-12-31,Pizzeria,76471.0,77322.0,31789.2,31789.2,386608.0,92.0,164326.99,108.0,44681.8,45532.8,550934.99,Small
105,2028 Q1,2028-03-31,Pizzeria,80265.0,81405.0,33402.0,33402.0,407024.0,91.0,172633.0,107.0,46863.0,48003.0,579657.0,Small
105,2028 Q2,2028-06-30,Pizzeria,73033.0,74829.0,30835.0,30835.0,374145.0,91.0,160154.0,107.0,42198.0,43994.0,534299.0,Small
105,2028 Q3,2028-09-30,Pizzeria,74394.0,75681.0,30046.0,30046.0,378404.0,92.0,156388.0,107.0,44348.0,45635.0,534792.0,Small
106,2027 Q2,2027-06-30,Pizzeria,127049.0,129907.0,58335.0,58335.0,649537.0,91.0,301775.0,115.0,68714.0,71572.0,951312.0,Large
106,2027 Q3,2027-09-30,Pizzeria,120956.0,122923.0,53166.0,53166.0,614616.0,92.0,275295.0,107.0,67790.0,69757.0,889911.0,Large
106,2027 Q4,2027-12-31,Pizzeria,146419.0,151260.0,62451.0,62451.0,756298.0,92.0,321934.0,107.0,83968.0,88809.0,1078232.0,Large
106,2028 Q1,2028-03-31,Pizzeria,145499.0,148015.0,62051.0,62051.0,740074.0,91.0,319657.0,107.0,83448.0,85964.0,1059731.0,Large
106,2028 Q2,2028-06-30,Pizzeria,127307.0,130038.0,56009.0,56009.0,650189.0,91.0,289597.0,107.0,71298.0,74029.0,939786.0,Large
106,2028 Q3,2028-09-30,Pizzeria,122293.0,124029.0,52460.0,52460.0,620145.0,92.0,271611.0,107.0,69833.0,71569.0,891756.0,Large
107,2027 Q2,2027-06-30,Pizzeria,57145.0,57145.0,23467.0,23467.0,285726.0,91.0,117335.0,115.0,33678.0,33678.0,403061.0,Small
107,2027 Q3,2027-09-30,Pizzeria,51203.0,51877.0,20413.0,20412.0,259383.0,92.0,102062.0,107.0,30790.0,31465.0,361445.0,Small
107,2027 Q4,2027-12-31,Pizzeria,60026.0,60026.0,23052.0,23052.0,300128.0,92.0,115261.0,107.0,36974.0,36974.0,415389.0,Small
107,2028 Q1,2028-03-31,Pizzeria,56374.0,56374.0,22078.0,22078.0,281870.0,91.0,110389.0,107.0,34296.0,34296.0,392259.0,Small
107,2028 Q2,2028-06-30,Pizzeria,46232.0,46232.0,18759.0,18759.0,231162.0,91.0,93797.0,107.0,27473.0,27473.0,324959.0,Small
107,2028 Q3,2028-09-30,Pizzeria,41537.0,41537.0,16709.0,16709.0,207687.0,92.0,83544.0,107.0,24828.0,24828.0,291231.0,Small
108,2027 Q2,2027-06-30,Pizzeria,56956.0,56956.0,25399.0,25399.0,284780.0,91.0,128124.0,115.0,31557.0,31557.0,412904.0,Small
108,2027 Q3,2027-09-30,Pizzeria,54789.0,54789.0,23267.0,23267.0,273946.0,92.0,117408.0,107.0,31522.0,31522.0,391354.0,Small
108,2027 Q4,2027-12-31,Pizzeria,66247.0,66247.0,27241.0,27241.0,331237.0,92.0,137284.0,107.0,39006.0,39006.0,468521.0,Small
108,2028 Q1,2028-03-31,Pizzeria,64596.0,65314.0,27357.37,27357.37,326568.0,91.0,137846.86,108.0,37238.630000000005,37956.630000000005,464414.86,Small
108,2028 Q2,2028-06-30,Pizzeria,57497.0,57497.0,24427.0,24427.0,287486.0,91.0,123211.0,107.0,33070.0,33070.0,410697.0,Small
108,2028 Q3,2028-09-30,Pizzeria,54339.0,54339.0,22599.0,22599.0,271697.0,92.0,114036.0,107.0,31740.0,31740.0,385733.0,Small
109,2027 Q2,2027-06-30,Pizzeria,41377.0,68392.0,28671.0,28671.0,341961.0,91.0,144560.0,115.0,12706.0,39721.0,486521.0,Small
109,2027 Q3,2027-09-30,Pizzeria,39298.0,64956.0,25894.0,25894.0,324781.0,92.0,130596.0,107.0,13404.0,39062.0,455377.0,Small
109,2027 Q4,2027-12-31,Pizzeria,47471.0,78724.0,30535.0,30535.0,393621.0,92.0,153815.0,107.0,16936.0,48189.0,547436.0,Small
109,2028 Q1,2028-03-31,Pizzeria,46577.0,77628.0,30469.0,30469.0,388140.0,91.0,153460.0,107.0,16108.0,47159.0,541600.0,Small
109,2028 Q2,2028-06-30,Pizzeria,40227.0,67045.0,26875.0,26875.0,335227.0,91.0,135488.0,107.0,13352.0,40170.0,470715.0,Small
109,2028 Q3,2028-09-30,Pizzeria,38008.0,63771.0,24946.0,24946.0,318856.0,92.0,125810.0,107.0,13062.0,38825.0,444666.0,Small
110,2027 Q2,2027-06-30,Pizzeria,36863.0,54211.0,26248.0,26248.0,271055.0,91.0,136415.0,115.0,10615.0,27963.0,407470.0,Small
110,2027 Q3,2027-09-30,Pizzeria,42078.0,59516.0,25879.0,25879.0,297581.0,92.0,134762.0,107.0,16199.0,33637.0,432343.0,Small
110,2027 Q4,2027-12-31,Pizzeria,23112.0,42330.0,21243.9,21243.9,211649.0,92.0,109384.48,108.0,1868.0999999999985,21086.1,321033.48,Small
110,2028 Q1,2028-03-31,Pizzeria,39431.0,61419.0,27466.0,27466.0,307097.0,91.0,141996.0,107.0,11965.0,33953.0,449093.0,Small
110,2028 Q2,2028-06-30,Pizzeria,33884.0,50422.0,23183.0,23183.0,252108.0,91.0,120317.0,107.0,10701.0,27239.0,372425.0,Small
110,2028 Q3,2028-09-30,Pizzeria,26390.0,37593.0,17685.0,17685.0,187965.0,92.0,91756.0,107.0,8705.0,19908.0,279721.0,Small
111,2027 Q2,2027-06-30,Pizzeria,65624.0,65624.0,27466.0,27466.0,328120.0,91.0,137330.0,115.0,38158.0,38158.0,465450.0,Small
111,2027 Q3,2027-09-30,Pizzeria,63898.0,63898.0,25358.0,25358.0,319488.0,92.0,126791.0,107.0,38540.0,38540.0,446279.0,Small
111,2027 Q4,2027-12-31,Pizzeria,79566.0,79566.0,30683.0,30683.0,397830.0,92.0,153415.0,107.0,48883.0,48883.0,551245.0,Small
111,2028 Q1,2028-03-31,Pizzeria,80802.0,80802.0,31393.0,31393.0,404010.0,91.0,156965.0,107.0,49409.0,49409.0,560975.0,Small
111,2028 Q2,2028-06-30,Pizzeria,72010.0,72010.0,28362.0,28362.0,360052.0,91.0,141811.0,107.0,43648.0,43648.0,501863.0,Small
111,2028 Q3,2028-09-30,Pizzeria,70828.0,70828.0,27062.0,27062.0,354140.0,92.0,135309.0,107.0,43766.0,43766.0,489449.0,Small
112,2027 Q2,2027-06-30,Pizzeria,63925.0,63925.0,25932.0,25932.0,319623.0,91.0,130776.0,115.0,37993.0,37993.0,450399.0,Small
112,2027 Q3,2027-09-30,Pizzeria,40957.0,40957.0,16564.0,16564.0,204784.0,92.0,83526.0,107.0,24393.0,24393.0,288310.0,Small
112,2027 Q4,2027-12-31,Pizzeria,47438.0,47438.0,19470.0,19470.0,237189.0,92.0,98053.0,107.0,27968.0,27968.0,335242.0,Small
112,2028 Q1,2028-03-31,Pizzeria,54328.0,54328.0,21402.0,21402.0,271641.0,91.0,107780.0,107.0,32926.0,32926.0,379421.0,Small
112,2028 Q2,2028-06-30,Pizzeria,37703.0,37703.0,16000.0,16000.0,188513.0,91.0,80628.0,107.0,21703.0,21703.0,269141.0,Small
112,2028 Q3,2028-09-30,Pizzeria,30247.0,30246.0,14178.98,14178.98,151232.0,92.0,71413.91,108.0,16068.02,16067.02,222645.91,Small
113,2027 Q2,2027-06-30,Pizzeria,116218.0,116218.0,51170.0,51170.0,581089.0,91.0,257969.0,115.0,65048.0,65048.0,839058.0,Medium
113,2027 Q3,2027-09-30,Pizzeria,107158.0,107158.0,45199.0,45199.0,535788.0,92.0,227926.0,107.0,61959.0,61959.0,763714.0,Medium
113,2027 Q4,2027-12-31,Pizzeria,126086.0,126086.0,51793.0,51793.0,630428.0,92.0,260999.57,108.0,74293.0,74293.0,891427.5700000001,Medium
113,2028 Q1,2028-03-31,Pizzeria,120625.0,120625.0,50417.0,50417.0,603127.0,91.0,253883.0,107.0,70208.0,70208.0,857010.0,Medium
113,2028 Q2,2028-06-30,Pizzeria,100983.0,100983.0,43533.0,43533.0,504915.0,91.0,219403.0,107.0,57450.0,57450.0,724318.0,Medium
113,2028 Q3,2028-09-30,Pizzeria,91612.0,92913.0,39521.0,39521.0,464563.0,92.0,199242.0,107.0,52091.0,53392.0,663805.0,Medium
114,2027 Q2,2027-06-30,Pizzeria,49804.0,49804.0,21102.0,21102.0,249019.0,91.0,110858.0,115.0,28702.0,28702.0,359877.0,Small
114,2027 Q3,2027-09-30,Pizzeria,50122.0,50122.0,19974.0,19974.0,250608.0,92.0,105179.0,107.0,30148.0,30148.0,355787.0,Small
114,2027 Q4,2027-12-31,Pizzeria,64104.0,64104.0,24918.0,24918.0,320520.0,92.0,130243.0,107.0,39186.0,39186.0,450763.0,Small
114,2028 Q1,2028-03-31,Pizzeria,66545.0,66545.0,26041.0,26041.0,332726.0,91.0,136031.0,107.0,40504.0,40504.0,468757.0,Small
114,2028 Q2,2028-06-30,Pizzeria,60391.0,60391.0,23812.38,23812.38,301957.0,91.0,125259.51,109.0,36578.619999999995,36578.619999999995,427216.51,Small
114,2028 Q3,2028-09-30,Pizzeria,60347.0,60347.0,22830.0,22830.0,301733.0,92.0,120375.0,107.0,37517.0,37517.0,422108.0,Small
115,2027 Q2,2027-06-30,Pizzeria,42923.0,43400.0,20306.0,20306.0,216999.0,91.0,101529.0,115.0,22617.0,23094.0,318528.0,Small
115,2027 Q3,2027-09-30,Pizzeria,36913.0,36913.0,17520.0,17520.0,184566.0,92.0,87601.0,107.0,19393.0,19393.0,272167.0,Small
115,2027 Q4,2027-12-31,Pizzeria,54702.0,54702.0,23212.0,23212.0,273511.0,92.0,116058.0,107.0,31490.0,31490.0,389569.0,Small
115,2028 Q1,2028-03-31,Pizzeria,39980.0,40425.0,18570.0,18570.0,202127.0,91.0,92848.0,107.0,21410.0,21855.0,294975.0,Small
115,2028 Q2,2028-06-30,Pizzeria,29051.0,29405.0,14535.0,14535.0,147023.0,91.0,72676.0,107.0,14516.0,14870.0,219699.0,Small
115,2028 Q3,2028-09-30,Pizzeria,35551.0,35551.0,16371.0,16371.0,177757.0,92.0,81854.0,107.0,19180.0,19180.0,259611.0,Small
116,2027 Q2,2027-06-30,Pizzeria,22687.0,39732.0,19001.0,19001.0,198662.0,91.0,98642.0,115.0,3686.0,20731.0,297304.0,Small
116,2027 Q3,2027-09-30,Pizzeria,27691.0,55605.0,24044.0,24044.0,278023.0,92.0,125357.0,107.0,3647.0,31561.0,403380.0,Small
116,2027 Q4,2027-12-31,Pizzeria,54346.0,72461.0,29758.0,29758.0,362306.0,92.0,154293.0,107.0,24588.0,42703.0,516599.0,Small
116,2028 Q1,2028-03-31,Pizzeria,38827.0,49211.0,22665.13,22665.13,246053.0,91.0,116927.65,108.0,16161.869999999999,26545.87,362980.65,Small
116,2028 Q2,2028-06-30,Pizzeria,21012.0,38483.0,17763.0,17763.0,192414.0,91.0,92152.0,107.0,3249.0,20720.0,284566.0,Small
116,2028 Q3,2028-09-30,Pizzeria,23208.0,45595.0,19808.56,19808.56,227973.0,92.0,103132.79,108.0,3399.4399999999987,25786.44,331105.79,Small
117,2027 Q2,2027-06-30,Pizzeria,64182.0,64896.0,27786.0,27786.0,324478.0,91.0,138929.0,115.0,36396.0,37110.0,463407.0,Small
117,2027 Q3,2027-09-30,Pizzeria,62644.0,62644.0,25556.41,25556.41,313218.0,92.0,127780.05,108.0,37087.59,37087.59,440998.05,Small
117,2027 Q4,2027-12-31,Pizzeria,74565.0,75470.0,29809.0,29809.0,377352.0,92.0,149044.0,107.0,44756.0,45661.0,526396.0,Small
117,2028 Q1,2028-03-31,Pizzeria,74700.0,74700.0,29838.0,29838.0,373502.0,91.0,149189.0,107.0,44862.0,44862.0,522691.0,Small
117,2028 Q2,2028-06-30,Pizzeria,63798.0,64770.0,26502.28,26502.28,323848.0,91.0,132512.39,108.0,37295.72,38267.72,456360.39,Small
117,2028 Q3,2028-09-30,Pizzeria,61872.0,61872.0,24544.0,24544.0,309359.0,92.0,122721.0,107.0,37328.0,37328.0,432080.0,Small
118,2027 Q2,2027-06-30,Pizzeria,63693.0,70770.0,33409.0,33409.0,353848.0,91.0,167046.0,115.0,30284.0,37361.0,520894.0,Medium
118,2027 Q3,2027-09-30,Pizzeria,63029.0,69954.0,31370.0,31370.0,349772.0,92.0,156849.0,107.0,31659.0,38584.0,506621.0,Medium
118,2027 Q4,2027-12-31,Pizzeria,79833.0,88409.0,37923.0,37923.0,442045.0,92.0,189613.0,107.0,41910.0,50486.0,631658.0,Medium
118,2028 Q1,2028-03-31,Pizzeria,81243.0,91080.0,39247.0,39247.0,455400.0,91.0,196236.0,107.0,41996.0,51833.0,651636.0,Medium
118,2028 Q2,2028-06-30,Pizzeria,73466.0,82269.0,36086.0,36086.0,411345.0,91.0,180431.0,107.0,37380.0,46183.0,591776.0,Medium
118,2028 Q3,2028-09-30,Pizzeria,72841.0,81936.0,34837.0,34837.0,409680.0,92.0,174186.0,107.0,38004.0,47099.0,583866.0,Medium
119,2027 Q2,2027-06-30,Pizzeria,33373.0,45160.0,22176.0,22176.0,225802.0,91.0,115142.0,115.0,11197.0,22984.0,340944.0,Small
119,2027 Q3,2027-09-30,Pizzeria,32470.0,44237.0,20673.0,20673.0,221186.0,92.0,107486.0,107.0,11797.0,23564.0,328672.0,Small
119,2027 Q4,2027-12-31,Pizzeria,40547.0,55544.0,25100.41,25100.41,277718.0,92.0,129809.05,108.0,15446.59,30443.59,407527.05,Small
119,2028 Q1,2028-03-31,Pizzeria,42251.0,57019.0,25756.0,25756.0,285096.0,91.0,133172.0,107.0,16495.0,31263.0,418268.0,Small
119,2028 Q2,2028-06-30,Pizzeria,44486.0,51489.0,23546.0,23546.0,257443.0,91.0,122319.0,107.0,20940.0,27943.0,379762.0,Small
119,2028 Q3,2028-09-30,Pizzeria,44590.0,51430.0,22757.0,22757.0,257150.0,92.0,118458.0,107.0,21833.0,28673.0,375608.0,Small
120,2027 Q2,2027-06-30,Pizzeria,120593.0,120593.0,47545.0,47545.0,602965.0,91.0,248732.56,116.0,73048.0,73048.0,851697.56,Medium
120,2027 Q3,2027-09-30,Pizzeria,97293.0,97293.0,37412.0,37412.0,486465.0,92.0,195117.0,107.0,59881.0,59881.0,681582.0,Medium
120,2027 Q4,2027-12-31,Pizzeria,101091.0,101091.0,39548.0,39548.0,505455.0,92.0,204856.0,107.0,61543.0,61543.0,710311.0,Medium
120,2028 Q1,2028-03-31,Pizzeria,96164.0,97332.0,39242.0,39242.0,486660.0,91.0,203162.0,107.0,56922.0,58090.0,689822.0,Medium
120,2028 Q2,2028-06-30,Pizzeria,92495.0,92495.0,39839.0,39839.0,462475.0,91.0,206545.99,108.0,52656.0,52656.0,669020.99,Medium
120,2028 Q3,2028-09-30,Pizzeria,94009.0,95055.0,36737.0,36737.0,475274.0,92.0,191427.0,107.0,57272.0,58318.0,666701.0,Medium
121,2027 Q2,2027-06-30,Pizzeria,45645.0,53700.0,21291.0,21291.0,268499.0,91.0,107472.0,115.0,24354.0,32409.0,375971.0,Small
121,2027 Q3,2027-09-30,Pizzeria,55487.0,62345.0,22492.0,22492.0,311726.0,92.0,113603.0,107.0,32995.0,39853.0,425329.0,Small
121,2027 Q4,2027-12-31,Pizzeria,48816.0,63646.0,22707.0,22707.0,318228.0,92.0,114500.0,107.0,26109.0,40939.0,432728.0,Small
121,2028 Q1,2028-03-31,Pizzeria,46610.0,53636.0,20175.0,20175.0,268182.0,91.0,101695.0,107.0,26435.0,33461.0,369877.0,Small
121,2028 Q2,2028-06-30,Pizzeria,49846.0,59341.0,22045.0,22045.0,296707.0,91.0,111280.0,107.0,27801.0,37296.0,407987.0,Small
121,2028 Q3,2028-09-30,Pizzeria,54709.0,62028.0,21944.0,21944.0,310141.0,92.0,110836.0,107.0,32765.0,40084.0,420977.0,Small
122,2027 Q2,2027-06-30,Pizzeria,48571.0,48571.0,22950.0,22950.0,242857.0,91.0,119727.07,116.0,25621.0,25621.0,362584.07,Small
122,2027 Q3,2027-09-30,Pizzeria,49987.0,49987.0,22174.0,22174.0,249937.0,92.0,115977.22,108.0,27813.0,27813.0,365914.22,Small
122,2027 Q4,2027-12-31,Pizzeria,65180.0,65180.0,27827.0,27827.0,325898.0,92.0,144261.0,107.0,37353.0,37353.0,470159.0,Small
122,2028 Q1,2028-03-31,Pizzeria,68839.0,68839.0,29477.0,29477.0,344193.0,91.0,152758.0,107.0,39362.0,39362.0,496951.0,Small
122,2028 Q2,2028-06-30,Pizzeria,63454.0,63454.0,27600.34,27600.34,317271.0,91.0,143729.69,108.0,35853.66,35853.66,461000.69,Small
122,2028 Q3,2028-09-30,Pizzeria,64340.0,64340.0,26665.0,26665.0,321702.0,92.0,139737.41,108.0,37675.0,37675.0,461439.41000000003,Small
123,2027 Q2,2027-06-30,Pizzeria,59904.0,59904.0,26494.0,26494.0,299519.0,91.0,138670.0,115.0,33410.0,33410.0,438189.0,Small
123,2027 Q3,2027-09-30,Pizzeria,53992.0,53992.0,23002.62,23002.62,269959.0,92.0,120537.08,108.0,30989.38,30989.38,390496.08,Small
123,2027 Q4,2027-12-31,Pizzeria,62012.0,62012.0,25937.0,25937.0,310062.0,92.0,134966.0,107.0,36075.0,36075.0,445028.0,Small
123,2028 Q1,2028-03-31,Pizzeria,57785.0,57785.0,24688.0,24688.0,288923.0,91.0,128324.0,107.0,33097.0,33097.0,417247.0,Small
123,2028 Q2,2028-06-30,Pizzeria,46991.0,46991.0,20616.0,20616.0,234954.0,91.0,107666.0,107.0,26375.0,26375.0,342620.0,Small
123,2028 Q3,2028-09-30,Pizzeria,41822.0,41822.0,18159.0,18159.0,209110.0,92.0,94981.0,107.0,23663.0,23663.0,304091.0,Small
124,2027 Q2,2027-06-30,Pizzeria,61977.0,61977.0,24458.0,24458.0,309885.0,91.0,122288.0,115.0,37519.0,37519.0,432173.0,Small
124,2027 Q3,2027-09-30,Pizzeria,63824.0,63824.0,23725.0,23725.0,319119.0,92.0,118624.0,107.0,40099.0,40099.0,437743.0,Small
124,2027 Q4,2027-12-31,Pizzeria,83272.0,83272.0,29773.0,29773.0,416359.0,92.0,148867.0,107.0,53499.0,53499.0,565226.0,Small
124,2028 Q1,2028-03-31,Pizzeria,87032.0,88000.0,31522.0,31522.0,440001.0,91.0,157612.0,107.0,55510.0,56478.0,597613.0,Small
124,2028 Q2,2028-06-30,Pizzeria,81167.0,81167.0,29351.0,29351.0,405834.0,91.0,146753.0,107.0,51816.0,51816.0,552587.0,Small
124,2028 Q3,2028-09-30,Pizzeria,81446.0,82353.0,28754.0,28754.0,411763.0,92.0,143772.0,107.0,52692.0,53599.0,555535.0,Small
125,2027 Q2,2027-06-30,Pizzeria,69590.0,69590.0,34042.0,34042.0,347952.0,91.0,171499.0,115.0,35548.0,35548.0,519451.0,Medium
125,2027 Q3,2027-09-30,Pizzeria,68402.0,68402.0,31942.0,31942.0,342008.0,92.0,161058.45,108.0,36460.0,36460.0,503066.45,Medium
125,2027 Q4,2027-12-31,Pizzeria,86168.0,86168.0,38179.0,38179.0,430840.0,92.0,192212.0,107.0,47989.0,47989.0,623052.0,Medium
125,2028 Q1,2028-03-31,Pizzeria,88742.0,88742.0,39453.0,39453.0,443709.0,91.0,198608.0,107.0,49289.0,49289.0,642317.0,Medium
125,2028 Q2,2028-06-30,Pizzeria,80389.0,80389.0,36445.0,36445.0,401947.0,91.0,183633.0,107.0,43944.0,43944.0,585580.0,Medium
125,2028 Q3,2028-09-30,Pizzeria,80572.0,80572.0,35412.0,35412.0,402858.0,92.0,178499.0,107.0,45160.0,45160.0,581357.0,Medium
126,2027 Q2,2027-06-30,Pizzeria,30137.0,30534.0,16702.03,16702.03,152668.0,91.0,84095.17,116.0,13434.970000000001,13831.970000000001,236763.16999999998,Small
126,2027 Q3,2027-09-30,Pizzeria,26849.0,27230.0,14676.26,14676.26,136149.0,92.0,73909.32,108.0,12172.74,12553.74,210058.32,Small
126,2027 Q4,2027-12-31,Pizzeria,33667.0,34180.0,16737.0,16737.0,170899.0,92.0,84222.0,107.0,16930.0,17443.0,255121.0,Small
126,2028 Q1,2028-03-31,Pizzeria,37789.0,37789.0,18884.0,18884.0,188944.0,91.0,95046.0,107.0,18905.0,18905.0,283990.0,Small
126,2028 Q2,2028-06-30,Pizzeria,73627.0,74672.0,31716.0,31716.0,373362.0,91.0,159945.0,107.0,41911.0,42956.0,533307.0,Small
126,2028 Q3,2028-09-30,Pizzeria,45867.0,45867.0,20548.0,20548.0,229335.0,92.0,103600.0,107.0,25319.0,25319.0,332935.0,Small
127,2027 Q2,2027-06-30,Pizzeria,34561.0,34561.0,16593.0,16593.0,172806.0,91.0,82963.0,115.0,17968.0,17968.0,255769.0,Small
127,2027 Q3,2027-09-30,Pizzeria,34136.0,34136.0,16946.54,16946.54,170678.0,92.0,84730.72,108.0,17189.46,17189.46,255408.72,Small
127,2027 Q4,2027-12-31,Pizzeria,36253.0,36253.0,16418.0,16418.0,181265.0,92.0,82090.0,107.0,19835.0,19835.0,263355.0,Small
127,2028 Q1,2028-03-31,Pizzeria,66823.0,66823.0,29707.86,29707.86,334116.0,91.0,148540.33,109.0,37115.14,37115.14,482656.32999999996,Small
127,2028 Q2,2028-06-30,Pizzeria,90626.0,90626.0,35151.0,35151.0,453128.0,91.0,175754.0,107.0,55475.0,55475.0,628882.0,Small
127,2028 Q3,2028-09-30,Pizzeria,43966.0,44681.0,18722.0,18722.0,223407.0,92.0,93608.0,107.0,25244.0,25959.0,317015.0,Small
128,2027 Q2,2027-06-30,Pizzeria,63298.0,63298.0,28247.0,28247.0,316488.0,91.0,146839.0,115.0,35051.0,35051.0,463327.0,Small
128,2027 Q3,2027-09-30,Pizzeria,50337.0,50337.0,22040.0,22040.0,251686.0,92.0,114609.0,107.0,28297.0,28297.0,366295.0,Small
128,2027 Q4,2027-12-31,Pizzeria,54792.0,54792.0,23965.0,23965.0,273960.0,92.0,123853.0,107.0,30827.0,30827.0,397813.0,Small
128,2028 Q1,2028-03-31,Pizzeria,62362.0,62363.0,27057.0,27057.0,311813.0,91.0,139866.0,107.0,35305.0,35306.0,451679.0,Small
128,2028 Q2,2028-06-30,Pizzeria,64874.0,64874.0,27734.39,27734.39,324370.0,91.0,144158.97,108.0,37139.61,37139.61,468528.97,Small
128,2028 Q3,2028-09-30,Pizzeria,62416.0,62416.0,25824.0,25824.0,312079.0,92.0,134492.0,107.0,36592.0,36592.0,446571.0,Small
129,2027 Q2,2027-06-30,Pizzeria,43356.0,43356.0,22228.0,22228.0,216779.0,91.0,111140.0,115.0,21128.0,21128.0,327919.0,Small
129,2027 Q3,2027-09-30,Pizzeria,40896.0,40896.0,19362.0,19362.0,204481.0,92.0,96808.0,107.0,21534.0,21534.0,301289.0,Small
129,2027 Q4,2027-12-31,Pizzeria,56317.0,57117.0,26884.0,26884.0,285585.0,92.0,134421.0,107.0,29433.0,30233.0,420006.0,Small
129,2028 Q1,2028-03-31,Pizzeria,126102.0,128413.0,53610.0,53610.0,642066.0,91.0,268050.0,107.0,72492.0,74803.0,910116.0,Small
129,2028 Q2,2028-06-30,Pizzeria,66148.0,67019.0,29559.0,29559.0,335096.0,91.0,147797.0,107.0,36589.0,37460.0,482893.0,Small
129,2028 Q3,2028-09-30,Pizzeria,52017.0,52017.0,23708.0,23708.0,260083.0,92.0,118541.0,107.0,28309.0,28309.0,378624.0,Small
130,2027 Q2,2027-06-30,Pizzeria,141337.0,141337.0,57569.0,57569.0,706684.0,91.0,299776.0,115.0,83768.0,83768.0,1006460.0,Large
130,2027 Q3,2027-09-30,Pizzeria,142883.0,142883.0,58463.09,58463.09,714415.0,92.0,304222.46,108.0,84419.91,84419.91,1018637.46,Large
130,2027 Q4,2027-12-31,Pizzeria,183514.0,183514.0,67760.0,67760.0,917569.0,92.0,351528.0,107.0,115754.0,115754.0,1269097.0,Large
130,2028 Q1,2028-03-31,Pizzeria,189170.0,191273.0,70921.0,70921.0,956367.0,91.0,367776.0,107.0,118249.0,120352.0,1324143.0,Large
130,2028 Q2,2028-06-30,Pizzeria,172001.0,174266.0,65292.0,65293.0,871329.0,91.0,340340.0,107.0,106709.0,108973.0,1211669.0,Large
130,2028 Q3,2028-09-30,Pizzeria,174821.0,174821.0,63123.0,63123.0,874105.0,92.0,329802.0,107.0,111698.0,111698.0,1203907.0,Large
131,2027 Q2,2027-06-30,Pizzeria,35571.0,51478.0,22867.0,22867.0,257392.0,91.0,115349.0,115.0,12704.0,28611.0,372741.0,Small
131,2027 Q3,2027-09-30,Pizzeria,43841.0,64662.0,26173.0,26173.0,323310.0,92.0,132110.0,107.0,17668.0,38489.0,455420.0,Small
131,2027 Q4,2027-12-31,Pizzeria,42147.0,82804.0,32123.0,32123.0,414022.0,92.0,161931.0,107.0,10024.0,50681.0,575953.0,Small
131,2028 Q1,2028-03-31,Pizzeria,42492.0,64774.0,27238.32,27238.32,323869.0,91.0,137209.62,108.0,15253.68,37535.68,461078.62,Small
131,2028 Q2,2028-06-30,Pizzeria,34592.0,51323.0,21696.0,21696.0,256613.0,91.0,109429.0,107.0,12896.0,29627.0,366042.0,Small
131,2028 Q3,2028-09-30,Pizzeria,43629.0,63879.0,25180.0,25180.0,319394.0,92.0,127095.0,107.0,18449.0,38699.0,446489.0,Small
132,2027 Q2,2027-06-30,Pizzeria,48021.0,48021.0,21596.0,21596.0,240106.0,91.0,112976.19,116.0,26425.0,26425.0,353082.19,Small
132,2027 Q3,2027-09-30,Pizzeria,47157.0,47157.0,20040.0,20040.0,235786.0,92.0,105040.01,108.0,27117.0,27117.0,340826.01,Small
132,2027 Q4,2027-12-31,Pizzeria,58660.0,59493.0,24527.0,24527.0,297463.0,92.0,127374.0,107.0,34133.0,34966.0,424837.0,Small
132,2028 Q1,2028-03-31,Pizzeria,61493.0,61494.0,25534.0,25534.0,307468.0,91.0,132539.0,107.0,35959.0,35960.0,440007.0,Small
132,2028 Q2,2028-06-30,Pizzeria,55191.0,55974.0,23460.0,23460.0,279872.0,91.0,122424.0,107.0,31731.0,32514.0,402296.0,Small
132,2028 Q3,2028-09-30,Pizzeria,56340.0,56340.0,22720.0,22720.0,281701.0,92.0,118855.0,107.0,33620.0,33620.0,400556.0,Small
133,2027 Q2,2027-06-30,Pizzeria,31905.0,32325.0,16117.0,16117.0,161624.0,91.0,80586.0,115.0,15788.0,16208.0,242210.0,Small
133,2027 Q3,2027-09-30,Pizzeria,55610.0,56342.0,25016.0,25017.0,281710.0,92.0,125083.0,107.0,30594.0,31325.0,406793.0,Small
133,2027 Q4,2027-12-31,Pizzeria,92092.0,92092.0,36199.0,36199.0,460461.0,92.0,180993.0,107.0,55893.0,55893.0,641454.0,Small
133,2028 Q1,2028-03-31,Pizzeria,49484.0,50238.0,21639.8,21639.8,251192.0,91.0,108198.02,108.0,27844.2,28598.2,359390.02,Small
133,2028 Q2,2028-06-30,Pizzeria,65572.0,65572.0,29705.13,29705.13,327862.0,91.0,148525.64,108.0,35866.869999999995,35866.869999999995,476387.64,Small
133,2028 Q3,2028-09-30,Pizzeria,52942.0,52942.0,21740.0,21740.0,264710.0,92.0,108701.0,107.0,31202.0,31202.0,373411.0,Small
134,2027 Q2,2027-06-30,Pizzeria,44992.0,46004.0,21952.0,21952.0,230020.0,91.0,110722.0,115.0,23040.0,24052.0,340742.0,Small
134,2027 Q3,2027-09-30,Pizzeria,44191.0,45093.0,20430.62,20430.62,225464.0,92.0,103087.09,108.0,23760.38,24662.38,328551.08999999997,Small
134,2027 Q4,2027-12-31,Pizzeria,55186.0,56312.0,24609.0,24609.0,281558.0,92.0,124012.0,107.0,30577.0,31703.0,405570.0,Small
134,2028 Q1,2028-03-31,Pizzeria,56199.0,57171.0,26333.44,26333.44,285853.0,91.0,132645.18,108.0,29865.56,30837.56,418498.18,Small
134,2028 Q2,2028-06-30,Pizzeria,49946.0,50810.0,23909.44,23909.44,254050.0,91.0,120553.18,108.0,26036.56,26900.56,374603.18,Small
134,2028 Q3,2028-09-30,Pizzeria,48755.0,49750.0,21715.78,21715.78,248749.0,92.0,109578.88,108.0,27039.22,28034.22,358327.88,Small
135,2027 Q2,2027-06-30,Pizzeria,42324.0,42324.0,20349.74,20349.74,211618.0,91.0,106715.71,116.0,21974.26,21974.26,318333.71,Small
135,2027 Q3,2027-09-30,Pizzeria,69969.0,69969.0,27532.0,27532.0,349844.0,92.0,145340.0,107.0,42437.0,42437.0,495184.0,Small
135,2027 Q4,2027-12-31,Pizzeria,55392.0,55392.0,23000.0,23000.0,276960.0,92.0,120026.0,107.0,32392.0,32392.0,396986.0,Small
135,2028 Q1,2028-03-31,Pizzeria,49550.0,49550.0,22360.0,22360.0,247751.0,91.0,116718.9,108.0,27190.0,27190.0,364469.9,Small
135,2028 Q2,2028-06-30,Pizzeria,65082.0,65082.0,26042.0,26042.0,325408.0,91.0,136840.0,107.0,39040.0,39040.0,462248.0,Small
135,2028 Q3,2028-09-30,Pizzeria,39406.0,39885.0,17492.0,17492.0,199426.0,92.0,91760.0,107.0,21914.0,22393.0,291186.0,Small
136,2027 Q2,2027-06-30,Pizzeria,94514.0,94514.0,50932.93,50932.93,472569.0,91.0,264220.67,116.0,43581.07,43581.07,736789.6699999999,Medium
136,2027 Q3,2027-09-30,Pizzeria,88379.0,88380.0,42992.0,42992.0,441898.0,92.0,223789.0,107.0,45387.0,45388.0,665687.0,Medium
136,2027 Q4,2027-12-31,Pizzeria,104201.0,105467.0,50121.0,50121.0,527335.0,92.0,259376.0,107.0,54080.0,55346.0,786711.0,Medium
136,2028 Q1,2028-03-31,Pizzeria,102372.0,102372.0,49454.0,49454.0,511860.0,91.0,256368.61,108.0,52918.0,52918.0,768228.61,Medium
136,2028 Q2,2028-06-30,Pizzeria,85954.0,86998.0,43015.0,43015.0,434988.0,91.0,223377.0,107.0,42939.0,43983.0,658365.0,Medium
136,2028 Q3,2028-09-30,Pizzeria,81342.0,81342.0,39414.0,39414.0,406711.0,92.0,205008.0,107.0,41928.0,41928.0,611719.0,Medium
137,2027 Q2,2027-06-30,Pizzeria,94482.0,94482.0,47458.43,47458.43,472410.0,91.0,239043.14,116.0,47023.57,47023.57,711453.14,Medium
137,2027 Q3,2027-09-30,Pizzeria,90936.0,90936.0,43600.0,43600.0,454682.0,92.0,219669.0,107.0,47336.0,47336.0,674351.0,Medium
137,2027 Q4,2027-12-31,Pizzeria,111663.0,111663.0,51380.0,51380.0,558315.0,92.0,258602.0,107.0,60283.0,60283.0,816917.0,Medium
137,2028 Q1,2028-03-31,Pizzeria,111571.0,111571.0,52200.44,52200.44,557855.0,91.0,262692.22,108.0,59370.56,59370.56,820547.22,Medium
137,2028 Q2,2028-06-30,Pizzeria,97660.0,97660.0,46498.0,46498.0,488298.0,91.0,234199.0,107.0,51162.0,51162.0,722497.0,Medium
137,2028 Q3,2028-09-30,Pizzeria,94201.0,94201.0,43893.0,43893.0,471007.0,92.0,221151.0,107.0,50308.0,50308.0,692158.0,Medium
138,2027 Q2,2027-06-30,Pizzeria,102564.0,104020.0,41499.0,41499.0,520101.0,91.0,217192.96,116.0,61065.0,62521.0,737293.96,Medium
138,2027 Q3,2027-09-30,Pizzeria,97893.0,97893.0,37487.0,37487.0,489467.0,92.0,195959.0,107.0,60406.0,60406.0,685426.0,Medium
138,2027 Q4,2027-12-31,Pizzeria,145626.0,145626.0,52872.0,52872.0,728130.0,92.0,274912.0,107.0,92754.0,92754.0,1003042.0,Medium
138,2028 Q1,2028-03-31,Pizzeria,158822.0,161077.0,58086.0,58086.0,805383.0,91.0,301930.0,107.0,100736.0,102991.0,1107313.0,Medium
138,2028 Q2,2028-06-30,Pizzeria,126070.0,126070.0,46448.0,46448.0,630350.0,91.0,242558.0,107.0,79622.0,79622.0,872908.0,Medium
138,2028 Q3,2028-09-30,Pizzeria,98026.0,98026.0,36389.0,36389.0,490129.0,92.0,190222.0,107.0,61637.0,61637.0,680351.0,Medium
139,2027 Q2,2027-06-30,Pizzeria,43449.0,54244.0,25275.0,25275.0,271218.0,91.0,126374.0,115.0,18174.0,28969.0,397592.0,Small
139,2027 Q3,2027-09-30,Pizzeria,42721.0,53401.0,23661.0,23661.0,267003.0,92.0,118305.0,107.0,19060.0,29740.0,385308.0,Small
139,2027 Q4,2027-12-31,Pizzeria,53767.0,67631.0,28618.0,28618.0,338156.0,92.0,143091.0,107.0,25149.0,39013.0,481247.0,Small
139,2028 Q1,2028-03-31,Pizzeria,56539.0,70322.0,29861.0,29861.0,351612.0,91.0,149305.0,107.0,26678.0,40461.0,500917.0,Small
139,2028 Q2,2028-06-30,Pizzeria,51457.0,64563.0,27845.0,27845.0,322817.0,91.0,139223.0,107.0,23612.0,36718.0,462040.0,Small
139,2028 Q3,2028-09-30,Pizzeria,52410.0,65759.0,27359.0,27359.0,328795.0,92.0,136794.0,107.0,25051.0,38400.0,465589.0,Small
140,2027 Q2,2027-06-30,Pizzeria,56202.0,57001.0,26929.0,26929.0,285003.0,91.0,134644.0,115.0,29273.0,30072.0,419647.0,Small
140,2027 Q3,2027-09-30,Pizzeria,59657.0,59657.0,27953.9,27953.9,298284.0,92.0,139767.48,108.0,31703.1,31703.1,438051.48,Small
140,2027 Q4,2027-12-31,Pizzeria,77757.0,78861.0,33470.0,33470.0,394306.0,92.0,167349.0,107.0,44287.0,45391.0,561655.0,Small
140,2028 Q1,2028-03-31,Pizzeria,82995.0,84259.0,35812.0,35812.0,421297.0,91.0,179059.0,107.0,47183.0,48447.0,600356.0,Small
140,2028 Q2,2028-06-30,Pizzeria,78446.0,78446.0,33648.0,33648.0,392230.0,91.0,168240.0,107.0,44798.0,44798.0,560470.0,Small
140,2028 Q3,2028-09-30,Pizzeria,80249.0,80249.0,33135.0,33135.0,401247.0,92.0,165676.0,107.0,47114.0,47114.0,566923.0,Small
141,2027 Q2,2027-06-30,Pizzeria,37564.0,62922.0,30766.3,30766.3,314608.0,91.0,153833.52,116.0,6797.700000000001,32155.7,468441.52,Medium
141,2027 Q3,2027-09-30,Pizzeria,28455.0,54407.0,27742.0,27742.0,272036.0,92.0,138711.0,107.0,713.0,26665.0,410747.0,Medium
141,2027 Q4,2027-12-31,Pizzeria,71804.0,102140.0,40365.0,40365.0,510702.0,92.0,201825.0,107.0,31439.0,61775.0,712527.0,Medium
141,2028 Q1,2028-03-31,Pizzeria,48556.0,62734.0,29089.0,29089.0,313668.0,91.0,145447.0,107.0,19467.0,33645.0,459115.0,Medium
141,2028 Q2,2028-06-30,Pizzeria,60213.0,98227.0,41158.68,41158.68,491136.0,91.0,205795.42,108.0,19054.32,57068.32,696931.42,Medium
141,2028 Q3,2028-09-30,Pizzeria,51506.0,98482.0,39241.0,39241.0,492412.0,92.0,196206.0,107.0,12265.0,59241.0,688618.0,Medium
142,2027 Q2,2027-06-30,Pizzeria,61790.0,61790.0,28868.0,28868.0,308950.0,91.0,144338.0,115.0,32922.0,32922.0,453288.0,Small
142,2027 Q3,2027-09-30,Pizzeria,38036.0,38459.0,18574.0,18574.0,192296.0,92.0,92871.0,107.0,19462.0,19885.0,285167.0,Small
142,2027 Q4,2027-12-31,Pizzeria,44137.0,44137.0,21208.0,21208.0,220684.0,92.0,106042.0,107.0,22929.0,22929.0,326726.0,Small
142,2028 Q1,2028-03-31,Pizzeria,66907.0,66907.0,30065.0,30065.0,334535.0,91.0,150323.0,107.0,36842.0,36842.0,484858.0,Small
142,2028 Q2,2028-06-30,Pizzeria,68575.0,68575.0,31749.69,31749.69,342875.0,91.0,158747.43,108.0,36825.31,36825.31,501622.43,Small
142,2028 Q3,2028-09-30,Pizzeria,49625.0,49625.0,22428.0,22428.0,248127.0,92.0,112142.0,107.0,27197.0,27197.0,360269.0,Small
143,2027 Q2,2027-06-30,Pizzeria,58253.0,75457.0,32589.0,32589.0,377287.0,91.0,170230.0,115.0,25664.0,42868.0,547517.0,Medium
143,2027 Q3,2027-09-30,Pizzeria,55747.0,73351.0,30323.94,30323.94,366753.0,92.0,158616.72,108.0,25423.06,43027.06,525369.72,Medium
143,2027 Q4,2027-12-31,Pizzeria,70165.0,91599.0,36045.0,36045.0,457994.0,92.0,187500.0,107.0,34120.0,55554.0,645494.0,Medium
143,2028 Q1,2028-03-31,Pizzeria,69584.0,93906.0,37147.0,37147.0,469528.0,91.0,193143.0,107.0,32437.0,56759.0,662671.0,Medium
143,2028 Q2,2028-06-30,Pizzeria,62377.0,85215.0,34280.0,34280.0,426073.0,91.0,179180.0,107.0,28097.0,50935.0,605253.0,Medium
143,2028 Q3,2028-09-30,Pizzeria,63749.0,86264.0,33440.0,33440.0,431321.0,92.0,175219.0,107.0,30309.0,52824.0,606540.0,Medium
144,2027 Q2,2027-06-30,Pizzeria,45768.0,46654.0,24540.0,24540.0,233269.0,91.0,122700.0,115.0,21228.0,22114.0,355969.0,Small
144,2027 Q3,2027-09-30,Pizzeria,46062.0,47243.0,23493.0,23493.0,236214.0,92.0,117464.0,107.0,22569.0,23750.0,353678.0,Small
144,2027 Q4,2027-12-31,Pizzeria,58683.0,60748.0,28744.0,28744.0,303738.0,92.0,143721.0,107.0,29939.0,32004.0,447459.0,Small
144,2028 Q1,2028-03-31,Pizzeria,62035.0,63366.0,30060.0,30060.0,316828.0,91.0,150298.0,107.0,31975.0,33306.0,467126.0,Small
144,2028 Q2,2028-06-30,Pizzeria,56949.0,57758.0,27864.0,27864.0,288788.0,91.0,139321.0,107.0,29085.0,29894.0,428109.0,Small
144,2028 Q3,2028-09-30,Pizzeria,56735.0,57952.0,27046.0,27046.0,289759.0,92.0,135228.0,107.0,29689.0,30906.0,424987.0,Small
145,2027 Q2,2027-06-30,Pizzeria,40973.0,70160.0,26673.0,26673.0,350802.0,91.0,139962.0,115.0,14300.0,43487.0,490764.0,Small
145,2027 Q3,2027-09-30,Pizzeria,38711.0,65390.0,23630.0,23630.0,326951.0,92.0,124319.41,108.0,15081.0,41760.0,451270.41000000003,Small
145,2027 Q4,2027-12-31,Pizzeria,45576.0,77775.0,27768.18,27768.18,388877.0,92.0,144855.88,108.0,17807.82,50006.82,533732.88,Small
145,2028 Q1,2028-03-31,Pizzeria,44164.0,75237.0,27271.77,27271.77,376187.0,91.0,142134.85,108.0,16892.23,47965.229999999996,518321.85,Small
145,2028 Q2,2028-06-30,Pizzeria,37400.0,63714.0,23472.0,23472.0,318572.0,91.0,123013.0,107.0,13928.0,40242.0,441585.0,Small
145,2028 Q3,2028-09-30,Pizzeria,34542.0,59350.0,22051.81,22051.81,296748.0,92.0,115647.04,108.0,12490.189999999999,37298.19,412395.04,Small
146,2027 Q2,2027-06-30,Pizzeria,53627.0,53627.0,22273.04,22273.04,268136.0,91.0,111363.22,116.0,31353.96,31353.96,379499.22,Small
146,2027 Q3,2027-09-30,Pizzeria,52618.0,52618.0,20662.0,20662.0,263090.0,92.0,103308.0,107.0,31956.0,31956.0,366398.0,Small
146,2027 Q4,2027-12-31,Pizzeria,66131.0,66131.0,24925.0,24925.0,330654.0,92.0,124625.0,107.0,41206.0,41206.0,455279.0,Small
146,2028 Q1,2028-03-31,Pizzeria,67879.0,67879.0,25746.0,25746.0,339396.0,91.0,128731.0,107.0,42133.0,42133.0,468127.0,Small
146,2028 Q2,2028-06-30,Pizzeria,61192.0,61192.0,23654.0,23654.0,305960.0,91.0,118270.0,107.0,37538.0,37538.0,424230.0,Small
146,2028 Q3,2028-09-30,Pizzeria,60898.0,60898.0,22815.47,22815.47,304491.0,92.0,114076.34,108.0,38082.53,38082.53,418567.33999999997,Small
147,2027 Q2,2027-06-30,Pizzeria,105958.0,105958.0,50365.0,50365.0,529792.0,91.0,262879.0,115.0,55593.0,55593.0,792671.0,Medium
147,2027 Q3,2027-09-30,Pizzeria,108416.0,108416.0,48459.0,48459.0,542082.0,92.0,253457.0,107.0,59957.0,59957.0,795539.0,Medium
147,2027 Q4,2027-12-31,Pizzeria,138980.0,140668.0,60495.0,60495.0,703341.0,92.0,314528.0,107.0,78485.0,80173.0,1017869.0,Medium
147,2028 Q1,2028-03-31,Pizzeria,145550.0,147917.0,63780.0,63780.0,739585.0,91.0,331482.0,107.0,81770.0,84137.0,1071067.0,Medium
147,2028 Q2,2028-06-30,Pizzeria,135815.0,135815.0,58902.0,58902.0,679075.0,91.0,307873.0,107.0,76913.0,76913.0,986948.0,Medium
147,2028 Q3,2028-09-30,Pizzeria,137211.0,137211.0,57275.0,57275.0,686057.0,92.0,301059.65,108.0,79936.0,79936.0,987116.65,Medium
148,2027 Q2,2027-06-30,Pizzeria,51043.0,52138.0,22629.0,22629.0,260689.0,91.0,118250.0,115.0,28414.0,29509.0,378939.0,Small
148,2027 Q3,2027-09-30,Pizzeria,53148.0,54399.0,22532.33,22532.33,271993.0,92.0,117936.64,108.0,30615.67,31866.67,389929.64,Small
148,2027 Q4,2027-12-31,Pizzeria,125764.0,127292.0,45856.74,45856.74,636458.0,92.0,239512.7,108.0,79907.26000000001,81435.26000000001,875970.7,Small
148,2028 Q1,2028-03-31,Pizzeria,102983.0,104978.0,38242.0,38242.0,524890.0,91.0,199741.17,108.0,64741.0,66736.0,724631.17,Small
148,2028 Q2,2028-06-30,Pizzeria,62831.0,63723.0,25716.0,25716.0,318614.0,91.0,134596.0,107.0,37115.0,38007.0,453210.0,Small
148,2028 Q3,2028-09-30,Pizzeria,55124.0,56077.0,21735.0,21735.0,280387.0,92.0,113835.0,107.0,33389.0,34342.0,394222.0,Small
149,2027 Q2,2027-06-30,Pizzeria,56104.0,61518.0,34540.0,34540.0,307592.0,91.0,172698.0,115.0,21564.0,26978.0,480290.0,Medium
149,2027 Q3,2027-09-30,Pizzeria,53643.0,64090.0,33917.0,33917.0,320452.0,92.0,169584.0,107.0,19726.0,30173.0,490036.0,Medium
149,2027 Q4,2027-12-31,Pizzeria,63818.0,84415.0,42772.58,42772.58,422076.0,92.0,213864.89,108.0,21045.42,41642.42,635940.89,Medium
149,2028 Q1,2028-03-31,Pizzeria,70052.0,89925.0,43900.0,43900.0,449627.0,91.0,219500.0,107.0,26152.0,46025.0,669127.0,Medium
149,2028 Q2,2028-06-30,Pizzeria,72908.0,83514.0,41474.0,41474.0,417572.0,91.0,207371.0,107.0,31434.0,42040.0,624943.0,Medium
149,2028 Q3,2028-09-30,Pizzeria,79371.0,85253.0,40884.0,40884.0,426265.0,92.0,204420.0,107.0,38487.0,44369.0,630685.0,Medium
150,2027 Q2,2027-06-30,Pizzeria,47139.0,47857.0,23285.0,23285.0,239283.0,91.0,116424.0,115.0,23854.0,24572.0,355707.0,Small
150,2027 Q3,2027-09-30,Pizzeria,43871.0,43871.0,20487.0,20487.0,219354.0,92.0,102434.0,107.0,23384.0,23384.0,321788.0,Small
150,2027 Q4,2027-12-31,Pizzeria,51295.0,51295.0,23294.0,23294.0,256474.0,92.0,116470.0,107.0,28001.0,28001.0,372944.0,Small
150,2028 Q1,2028-03-31,Pizzeria,48729.0,48729.0,22533.0,22533.0,243644.0,91.0,112667.0,107.0,26196.0,26196.0,356311.0,Small
150,2028 Q2,2028-06-30,Pizzeria,39784.0,40473.0,19381.0,19381.0,202363.0,91.0,96903.0,107.0,20403.0,21092.0,299266.0,Small
150,2028 Q3,2028-09-30,Pizzeria,36898.0,36898.0,18769.13,18769.13,184489.0,92.0,93846.64,108.0,18128.87,18128.87,278335.64,Small
151,2027 Q2,2027-06-30,Pizzeria,45799.0,46639.0,22425.0,22425.0,233193.0,91.0,116596.0,115.0,23374.0,24214.0,349789.0,Small
151,2027 Q3,2027-09-30,Pizzeria,88971.0,90510.0,37275.0,37275.0,452549.0,92.0,194836.0,107.0,51696.0,53235.0,647385.0,Small
151,2027 Q4,2027-12-31,Pizzeria,94072.0,94073.0,38034.0,38034.0,470363.0,92.0,197261.0,107.0,56038.0,56039.0,667624.0,Small
151,2028 Q1,2028-03-31,Pizzeria,60670.0,61594.0,27250.0,27250.0,307968.0,91.0,141065.0,107.0,33420.0,34344.0,449033.0,Small
151,2028 Q2,2028-06-30,Pizzeria,49885.0,49885.0,21859.0,21859.0,249426.0,91.0,113570.0,107.0,28026.0,28026.0,362996.0,Small
151,2028 Q3,2028-09-30,Pizzeria,52346.0,53089.0,22609.0,22609.0,265444.0,92.0,117854.0,107.0,29737.0,30480.0,383298.0,Small
152,2027 Q2,2027-06-30,Pizzeria,43252.0,63512.0,25934.0,25934.0,317562.0,91.0,134944.0,115.0,17318.0,37578.0,452506.0,Small
152,2027 Q3,2027-09-30,Pizzeria,56560.0,81148.0,28722.0,28722.0,405741.0,92.0,149877.0,107.0,27838.0,52426.0,555618.0,Small
152,2027 Q4,2027-12-31,Pizzeria,52077.0,74502.0,26862.0,26862.0,372512.0,92.0,139068.0,107.0,25215.0,47640.0,511580.0,Small
152,2028 Q1,2028-03-31,Pizzeria,44741.0,63734.0,24481.0,24481.0,318669.0,91.0,126566.0,107.0,20260.0,39253.0,445235.0,Small
152,2028 Q2,2028-06-30,Pizzeria,33719.0,46509.0,19080.0,19080.0,232545.0,91.0,98990.0,107.0,14639.0,27429.0,331535.0,Small
152,2028 Q3,2028-09-30,Pizzeria,34507.0,50083.0,19112.0,19112.0,250417.0,92.0,99287.0,107.0,15395.0,30971.0,349704.0,Small
153,2027 Q2,2027-06-30,Pizzeria,66642.0,130671.0,61592.0,61592.0,653354.0,91.0,318923.0,115.0,5050.0,69079.0,972277.0,Large
153,2027 Q3,2027-09-30,Pizzeria,65576.0,127333.0,57096.0,57096.0,636663.0,92.0,296035.0,107.0,8480.0,70237.0,932698.0,Large
153,2027 Q4,2027-12-31,Pizzeria,77960.0,159428.0,68821.0,68821.0,797138.0,92.0,355111.0,107.0,9139.0,90607.0,1152249.0,Large
153,2028 Q1,2028-03-31,Pizzeria,116759.0,163758.0,71087.0,71087.0,818790.0,91.0,366663.0,107.0,45672.0,92671.0,1185453.0,Large
153,2028 Q2,2028-06-30,Pizzeria,104269.0,148531.0,65298.0,65298.0,742654.0,91.0,338270.0,107.0,38971.0,83233.0,1080924.0,Large
153,2028 Q3,2028-09-30,Pizzeria,105568.0,149531.0,63425.0,63425.0,747653.0,92.0,329207.0,107.0,42143.0,86106.0,1076860.0,Large
154,2027 Q2,2027-06-30,Pizzeria,108200.0,123516.0,47809.0,47809.0,617578.0,91.0,249651.24,116.0,60391.0,75707.0,867229.24,Medium
154,2027 Q3,2027-09-30,Pizzeria,103326.0,117416.0,43046.0,43046.0,587078.0,92.0,225272.76,108.0,60280.0,74370.0,812350.76,Medium
154,2027 Q4,2027-12-31,Pizzeria,109946.0,142973.0,51505.0,51505.0,714867.0,92.0,266956.0,107.0,58441.0,91468.0,981823.0,Medium
154,2028 Q1,2028-03-31,Pizzeria,121681.0,141325.0,51569.0,51569.0,706625.0,91.0,267101.0,107.0,70112.0,89756.0,973726.0,Medium
154,2028 Q2,2028-06-30,Pizzeria,106249.0,123116.0,45436.0,45436.0,615579.0,91.0,236499.0,107.0,60813.0,77680.0,852078.0,Medium
154,2028 Q3,2028-09-30,Pizzeria,104470.0,118179.0,42331.0,42331.0,590894.0,92.0,220788.0,107.0,62139.0,75848.0,811682.0,Medium
155,2027 Q2,2027-06-30,Pizzeria,145907.0,145907.0,59606.0,59606.0,729534.0,91.0,308787.0,115.0,86301.0,86301.0,1038321.0,Large
155,2027 Q3,2027-09-30,Pizzeria,130783.0,133862.0,52361.0,52361.0,669311.0,92.0,271424.0,107.0,78422.0,81501.0,940735.0,Large
155,2027 Q4,2027-12-31,Pizzeria,141348.0,146931.0,57517.0,57517.0,734657.0,92.0,297329.79,108.0,83831.0,89414.0,1031986.79,Large
155,2028 Q1,2028-03-31,Pizzeria,120640.0,122977.0,51244.0,51244.0,614886.0,91.0,263707.0,107.0,69396.0,71733.0,878593.0,Large
155,2028 Q2,2028-06-30,Pizzeria,116921.0,118341.0,49299.0,49299.0,591705.0,91.0,254737.0,107.0,67622.0,69042.0,846442.0,Large
155,2028 Q3,2028-09-30,Pizzeria,144394.0,147341.0,55882.0,55882.0,736707.0,92.0,289784.0,107.0,88512.0,91459.0,1026491.0,Large
156,2027 Q2,2027-06-30,Pizzeria,147262.0,241810.0,98840.0,98840.0,1209052.0,91.0,515344.0,115.0,48422.0,142970.0,1724396.0,Large
156,2027 Q3,2027-09-30,Pizzeria,137812.0,228166.0,88936.0,88936.0,1140831.0,92.0,464413.0,107.0,48876.0,139230.0,1605244.0,Large
156,2027 Q4,2027-12-31,Pizzeria,168682.0,278353.0,105564.0,105564.0,1391763.0,92.0,547842.0,107.0,63118.0,172789.0,1939605.0,Large
156,2028 Q1,2028-03-31,Pizzeria,168448.0,276145.0,109590.1,109590.1,1380726.0,91.0,567668.5,108.0,58857.899999999994,166554.9,1948394.5,Large
156,2028 Q2,2028-06-30,Pizzeria,146975.0,240549.0,94024.0,94024.0,1202745.0,91.0,489983.0,107.0,52951.0,146525.0,1692728.0,Large
156,2028 Q3,2028-09-30,Pizzeria,140628.0,230538.0,88040.98,88041.98,1152692.0,92.0,459653.92,108.0,52587.020000000004,142496.02000000002,1612345.92,Large
157,2027 Q2,2027-06-30,Pizzeria,68657.0,68657.0,27584.0,27584.0,343284.0,91.0,137919.0,115.0,41073.0,41073.0,481203.0,Small
157,2027 Q3,2027-09-30,Pizzeria,64693.0,65413.0,25024.0,25024.0,327067.0,92.0,125119.0,107.0,39669.0,40389.0,452186.0,Small
157,2027 Q4,2027-12-31,Pizzeria,79213.0,79213.0,29435.0,29435.0,396067.0,92.0,147176.0,107.0,49778.0,49778.0,543243.0,Small
157,2028 Q1,2028-03-31,Pizzeria,79003.0,79003.0,29668.0,29668.0,395016.0,91.0,148339.0,107.0,49335.0,49335.0,543355.0,Small
157,2028 Q2,2028-06-30,Pizzeria,68965.0,68965.0,26443.24,26443.24,344826.0,91.0,132217.22,108.0,42521.759999999995,42521.759999999995,477043.22,Small
157,2028 Q3,2028-09-30,Pizzeria,66234.0,66234.0,24816.89,24816.89,331170.0,92.0,124082.46,108.0,41417.11,41417.11,455252.46,Small
158,2027 Q2,2027-06-30,Pizzeria,57322.0,57322.0,22962.0,22962.0,286612.0,91.0,119200.0,115.0,34360.0,34360.0,405812.0,Small
158,2027 Q3,2027-09-30,Pizzeria,57424.0,57424.0,21694.0,21694.0,287120.0,92.0,112808.0,107.0,35730.0,35730.0,399928.0,Small
158,2027 Q4,2027-12-31,Pizzeria,73139.0,73139.0,26810.0,26810.0,365694.0,92.0,138651.0,107.0,46329.0,46329.0,504345.0,Small
158,2028 Q1,2028-03-31,Pizzeria,75630.0,75630.0,27896.0,27896.0,378150.0,91.0,144201.0,107.0,47734.0,47734.0,522351.0,Small
158,2028 Q2,2028-06-30,Pizzeria,68385.0,68385.0,25408.0,25408.0,341927.0,91.0,131980.0,107.0,42977.0,42977.0,473907.0,Small
158,2028 Q3,2028-09-30,Pizzeria,68091.0,68091.0,24422.0,24422.0,340453.0,92.0,127123.0,107.0,43669.0,43669.0,467576.0,Small
159,2027 Q2,2027-06-30,Pizzeria,75214.0,87255.0,39546.0,39546.0,436275.0,91.0,205029.0,115.0,35668.0,47709.0,641304.0,Medium
159,2027 Q3,2027-09-30,Pizzeria,93122.0,104632.0,42504.0,42504.0,523159.0,92.0,221107.0,107.0,50618.0,62128.0,744266.0,Medium
159,2027 Q4,2027-12-31,Pizzeria,94100.0,120486.0,48928.0,48928.0,602431.0,92.0,252915.0,107.0,45172.0,71558.0,855346.0,Medium
159,2028 Q1,2028-03-31,Pizzeria,111223.0,133842.0,54297.0,54297.0,669208.0,91.0,280721.0,107.0,56926.0,79545.0,949929.0,Medium
159,2028 Q2,2028-06-30,Pizzeria,124430.0,148662.0,58611.0,58611.0,743309.0,91.0,304833.0,107.0,65819.0,90051.0,1048142.0,Medium
159,2028 Q3,2028-09-30,Pizzeria,104088.0,117613.0,48791.58,48791.58,588064.0,92.0,253464.88,108.0,55296.42,68821.42,841528.88,Medium
160,2027 Q2,2027-06-30,Pizzeria,50621.0,51549.0,24493.0,24493.0,257743.0,91.0,122466.0,115.0,26128.0,27056.0,380209.0,Small
160,2027 Q3,2027-09-30,Pizzeria,47267.0,47987.0,22072.0,22072.0,239935.0,92.0,110359.0,107.0,25195.0,25915.0,350294.0,Small
160,2027 Q4,2027-12-31,Pizzeria,74618.0,75448.0,33760.44,33760.44,377238.0,92.0,168800.19,108.0,40857.56,41687.56,546038.19,Small
160,2028 Q1,2028-03-31,Pizzeria,77526.0,78468.0,33837.0,33837.0,392342.0,91.0,169184.0,107.0,43689.0,44631.0,561526.0,Small
160,2028 Q2,2028-06-30,Pizzeria,53628.0,54389.0,24377.0,24377.0,271946.0,91.0,121883.0,107.0,29251.0,30012.0,393829.0,Small
160,2028 Q3,2028-09-30,Pizzeria,45703.0,47757.0,21376.01,21376.01,238784.0,92.0,106882.05,108.0,24326.99,26380.99,345666.05,Small
161,2027 Q2,2027-06-30,Pizzeria,55032.0,55700.0,25078.35,25078.35,278502.0,91.0,126426.76,116.0,29953.65,30621.65,404928.76,Small
161,2027 Q3,2027-09-30,Pizzeria,39681.0,40285.0,17827.0,17827.0,201426.0,92.0,89887.0,107.0,21854.0,22458.0,291313.0,Small
161,2027 Q4,2027-12-31,Pizzeria,53676.0,54273.0,22164.0,22164.0,271364.0,92.0,111655.0,107.0,31512.0,32109.0,383019.0,Small
161,2028 Q1,2028-03-31,Pizzeria,78486.0,79762.0,31470.0,31470.0,398809.0,91.0,158589.0,107.0,47016.0,48292.0,557398.0,Small
161,2028 Q2,2028-06-30,Pizzeria,71604.0,71604.0,27801.0,27801.0,358020.0,91.0,140235.0,107.0,43803.0,43803.0,498255.0,Small
161,2028 Q3,2028-09-30,Pizzeria,43540.0,44113.0,18441.0,18441.0,220563.0,92.0,92998.0,107.0,25099.0,25672.0,313561.0,Small
162,2027 Q2,2027-06-30,Pizzeria,48245.0,48245.0,22057.0,22057.0,241227.0,91.0,115689.0,115.0,26188.0,26188.0,356916.0,Small
162,2027 Q3,2027-09-30,Pizzeria,48248.0,48248.0,20850.0,20850.0,241240.0,92.0,109582.0,107.0,27398.0,27398.0,350822.0,Small
162,2027 Q4,2027-12-31,Pizzeria,61366.0,61366.0,25484.0,25484.0,306830.0,92.0,133065.0,107.0,35882.0,35882.0,439895.0,Small
162,2028 Q1,2028-03-31,Pizzeria,63383.0,63384.0,26441.0,26441.0,316918.0,91.0,137997.0,107.0,36942.0,36943.0,454915.0,Small
162,2028 Q2,2028-06-30,Pizzeria,57258.0,57258.0,24178.0,24178.0,286290.0,91.0,126940.0,107.0,33080.0,33080.0,413230.0,Small
162,2028 Q3,2028-09-30,Pizzeria,56340.0,56967.0,23240.0,23240.0,284834.0,92.0,122335.0,107.0,33100.0,33727.0,407169.0,Small
163,2027 Q2,2027-06-30,Pizzeria,48833.0,48833.0,22643.0,22643.0,244165.0,91.0,117676.0,115.0,26190.0,26190.0,361841.0,Small
163,2027 Q3,2027-09-30,Pizzeria,47942.0,47942.0,21011.0,21011.0,239709.0,92.0,109381.0,107.0,26931.0,26931.0,349090.0,Small
163,2027 Q4,2027-12-31,Pizzeria,60368.0,60368.0,25914.98,25914.98,301839.0,92.0,134110.89,108.0,34453.020000000004,34453.020000000004,435949.89,Small
163,2028 Q1,2028-03-31,Pizzeria,62163.0,62163.0,26715.0,26715.0,310816.0,91.0,138213.0,107.0,35448.0,35448.0,449029.0,Small
163,2028 Q2,2028-06-30,Pizzeria,56278.0,56278.0,24372.0,24372.0,281390.0,91.0,126714.0,107.0,31906.0,31906.0,408104.0,Small
163,2028 Q3,2028-09-30,Pizzeria,56278.0,56278.0,23494.0,23494.0,281392.0,92.0,122418.0,107.0,32784.0,32784.0,403810.0,Small
164,2027 Q2,2027-06-30,Pizzeria,40615.0,40615.0,20533.0,20533.0,203077.0,91.0,102663.0,115.0,20082.0,20082.0,305740.0,Small
164,2027 Q3,2027-09-30,Pizzeria,43281.0,43281.0,20116.0,20116.0,216403.0,92.0,100578.0,107.0,23165.0,23165.0,316981.0,Small
164,2027 Q4,2027-12-31,Pizzeria,72854.0,72855.0,30942.0,30942.0,364273.0,92.0,154712.0,107.0,41912.0,41913.0,518985.0,Small
164,2028 Q1,2028-03-31,Pizzeria,70576.0,70576.0,29560.0,29560.0,352879.0,91.0,147798.0,107.0,41016.0,41016.0,500677.0,Small
164,2028 Q2,2028-06-30,Pizzeria,43535.0,43535.0,20499.0,20499.0,217674.0,91.0,102494.0,107.0,23036.0,23036.0,320168.0,Small
164,2028 Q3,2028-09-30,Pizzeria,31308.0,31308.0,15454.0,15454.0,156539.0,92.0,77269.0,107.0,15854.0,15854.0,233808.0,Small
165,2027 Q2,2027-06-30,Pizzeria,48802.0,62647.0,28151.06,28151.06,313233.0,91.0,146246.29,116.0,20650.94,34495.94,459479.29000000004,Small
165,2027 Q3,2027-09-30,Pizzeria,47861.0,60659.0,24624.0,24624.0,303297.0,92.0,128371.0,107.0,23237.0,36035.0,431668.0,Small
165,2027 Q4,2027-12-31,Pizzeria,48542.0,74910.0,29795.0,29795.0,374551.0,92.0,154373.0,107.0,18747.0,45115.0,528924.0,Small
165,2028 Q1,2028-03-31,Pizzeria,40491.0,75262.0,30247.0,30247.0,376309.0,91.0,156618.0,107.0,10244.0,45015.0,532927.0,Small
165,2028 Q2,2028-06-30,Pizzeria,32586.0,66232.0,28145.06,28145.06,331162.0,91.0,146203.29,108.0,4440.939999999999,38086.94,477365.29000000004,Small
165,2028 Q3,2028-09-30,Pizzeria,40146.0,64233.0,25266.0,25266.0,321164.0,92.0,131754.0,107.0,14880.0,38967.0,452918.0,Small
166,2027 Q2,2027-06-30,Pizzeria,48454.0,53898.0,22742.0,22742.0,269492.0,91.0,113711.0,115.0,25712.0,31156.0,383203.0,Small
166,2027 Q3,2027-09-30,Pizzeria,50163.0,54525.0,21750.0,21750.0,272623.0,92.0,108752.0,107.0,28413.0,32775.0,381375.0,Small
166,2027 Q4,2027-12-31,Pizzeria,62975.0,70050.0,26693.0,26693.0,350248.0,92.0,133463.0,107.0,36282.0,43357.0,483711.0,Small
166,2028 Q1,2028-03-31,Pizzeria,68191.0,73010.0,27908.0,27908.0,365052.0,91.0,139540.0,107.0,40283.0,45102.0,504592.0,Small
166,2028 Q2,2028-06-30,Pizzeria,60648.0,66500.0,25794.0,25794.0,332501.0,91.0,128968.0,107.0,34854.0,40706.0,461469.0,Small
166,2028 Q3,2028-09-30,Pizzeria,60409.0,66677.0,25025.0,25025.0,333386.0,92.0,125125.0,107.0,35384.0,41652.0,458511.0,Small
167,2027 Q2,2027-06-30,Pizzeria,97942.0,97942.0,47772.0,47772.0,489709.0,91.0,238859.0,115.0,50170.0,50170.0,728568.0,Medium
167,2027 Q3,2027-09-30,Pizzeria,92433.0,92433.0,43191.0,43191.0,462165.0,92.0,215956.0,107.0,49242.0,49242.0,678121.0,Medium
167,2027 Q4,2027-12-31,Pizzeria,111335.0,111335.0,50074.0,50074.0,556674.0,92.0,250368.0,107.0,61261.0,61261.0,807042.0,Medium
167,2028 Q1,2028-03-31,Pizzeria,107583.0,109111.0,49734.0,49734.0,545553.0,91.0,248672.0,107.0,57849.0,59377.0,794225.0,Medium
167,2028 Q2,2028-06-30,Pizzeria,93656.0,93656.0,44089.0,44089.0,468278.0,91.0,220447.0,107.0,49567.0,49567.0,688725.0,Medium
167,2028 Q3,2028-09-30,Pizzeria,88513.0,88513.0,40932.0,40931.0,442567.0,92.0,204657.0,107.0,47581.0,47582.0,647224.0,Medium
168,2027 Q2,2027-06-30,Pizzeria,34669.0,50538.0,20973.0,20973.0,252689.0,91.0,104867.0,115.0,13696.0,29565.0,357556.0,Small
168,2027 Q3,2027-09-30,Pizzeria,36648.0,52883.0,20578.0,20579.0,264414.0,92.0,102893.0,107.0,16070.0,32304.0,367307.0,Small
168,2027 Q4,2027-12-31,Pizzeria,46490.0,69910.0,25880.0,25880.0,349551.0,92.0,129399.0,107.0,20610.0,44030.0,478950.0,Small
168,2028 Q1,2028-03-31,Pizzeria,51029.0,74713.0,27689.0,27689.0,373566.0,91.0,138446.0,107.0,23340.0,47024.0,512012.0,Small
168,2028 Q2,2028-06-30,Pizzeria,49475.0,69585.0,26151.0,26151.0,347926.0,91.0,130753.0,107.0,23324.0,43434.0,478679.0,Small
168,2028 Q3,2028-09-30,Pizzeria,50781.0,71222.0,25744.0,25744.0,356110.0,92.0,128719.0,107.0,25037.0,45478.0,484829.0,Small
169,2027 Q2,2027-06-30,Pizzeria,51192.0,51192.0,21778.0,21778.0,255958.0,91.0,108890.0,115.0,29414.0,29414.0,364848.0,Small
169,2027 Q3,2027-09-30,Pizzeria,49542.0,49542.0,20088.0,20088.0,247710.0,92.0,100438.0,107.0,29454.0,29454.0,348148.0,Small
169,2027 Q4,2027-12-31,Pizzeria,61447.0,61447.0,24058.58,24058.58,307233.0,92.0,120292.88,108.0,37388.42,37388.42,427525.88,Small
169,2028 Q1,2028-03-31,Pizzeria,62365.0,62365.0,24456.0,24456.0,311823.0,91.0,122280.0,107.0,37909.0,37909.0,434103.0,Small
169,2028 Q2,2028-06-30,Pizzeria,55813.0,55813.0,22339.0,22339.0,279063.0,91.0,111695.0,107.0,33474.0,33474.0,390758.0,Small
169,2028 Q3,2028-09-30,Pizzeria,55476.0,55476.0,21532.0,21532.0,277379.0,92.0,107662.0,107.0,33944.0,33944.0,385041.0,Small
170,2027 Q2,2027-06-30,Pizzeria,61692.0,92077.0,42349.0,42349.0,460386.0,91.0,211743.0,115.0,19343.0,49728.0,672129.0,Medium
170,2027 Q3,2027-09-30,Pizzeria,58120.0,90955.0,39610.0,39610.0,454773.0,92.0,198051.0,107.0,18510.0,51345.0,652824.0,Medium
170,2027 Q4,2027-12-31,Pizzeria,55141.0,114401.0,47908.0,47908.0,572006.0,92.0,239540.0,107.0,7233.0,66493.0,811546.0,Medium
170,2028 Q1,2028-03-31,Pizzeria,70866.0,116941.0,49314.0,49314.0,584705.0,91.0,246570.0,107.0,21552.0,67627.0,831275.0,Medium
170,2028 Q2,2028-06-30,Pizzeria,71450.0,104612.0,44971.0,44971.0,523061.0,91.0,224854.0,107.0,26479.0,59641.0,747915.0,Medium
170,2028 Q3,2028-09-30,Pizzeria,67012.0,103096.0,42962.0,42962.0,515480.0,92.0,214808.0,107.0,24050.0,60134.0,730288.0,Medium
171,2027 Q2,2027-06-30,Pizzeria,116696.0,116696.0,55136.0,55136.0,583478.0,91.0,277752.0,115.0,61560.0,61560.0,861230.0,Large
171,2027 Q3,2027-09-30,Pizzeria,114722.0,114722.0,52312.0,52312.0,573608.0,92.0,263598.0,107.0,62410.0,62410.0,837206.0,Large
171,2027 Q4,2027-12-31,Pizzeria,171198.0,171198.0,69930.0,69930.0,855988.0,92.0,352171.0,107.0,101268.0,101268.0,1208159.0,Large
171,2028 Q1,2028-03-31,Pizzeria,179563.0,179563.0,72758.0,72758.0,897817.0,91.0,366393.0,107.0,106805.0,106805.0,1264210.0,Large
171,2028 Q2,2028-06-30,Pizzeria,132847.0,132847.0,57882.0,57882.0,664235.0,91.0,291621.0,107.0,74965.0,74965.0,955856.0,Large
171,2028 Q3,2028-09-30,Pizzeria,107940.0,107940.0,49212.8,49212.8,539702.0,92.0,247920.0,108.0,58727.2,58727.2,787622.0,Large
172,2027 Q2,2027-06-30,Pizzeria,52804.0,53445.0,23744.23,23743.23,267226.0,91.0,119644.17,117.0,29059.77,29701.77,386870.17,Small
172,2027 Q3,2027-09-30,Pizzeria,52834.0,52834.0,22249.54,22249.54,264169.0,92.0,112153.72,108.0,30584.46,30584.46,376322.72,Small
172,2027 Q4,2027-12-31,Pizzeria,67044.0,67044.0,25596.0,25596.0,335219.0,92.0,128932.0,107.0,41448.0,41448.0,464151.0,Small
172,2028 Q1,2028-03-31,Pizzeria,69654.0,69654.0,28017.54,28017.54,348268.0,91.0,141072.72,108.0,41636.46,41636.46,489340.72,Small
172,2028 Q2,2028-06-30,Pizzeria,62887.0,63715.0,24759.0,24759.0,318575.0,91.0,124836.0,107.0,38128.0,38956.0,443411.0,Small
172,2028 Q3,2028-09-30,Pizzeria,64514.0,64514.0,24171.0,24171.0,322569.0,92.0,121929.0,107.0,40343.0,40343.0,444498.0,Small
173,2027 Q2,2027-06-30,Pizzeria,59971.0,60884.0,24880.0,24880.0,304422.0,91.0,130786.0,115.0,35091.0,36004.0,435208.0,Small
173,2027 Q3,2027-09-30,Pizzeria,48177.0,48960.0,19913.65,19913.65,244802.0,92.0,104730.25,108.0,28263.35,29046.35,349532.25,Small
173,2027 Q4,2027-12-31,Pizzeria,44994.0,44994.0,18353.0,18353.0,224972.0,92.0,95667.0,107.0,26641.0,26641.0,320639.0,Small
173,2028 Q1,2028-03-31,Pizzeria,54839.0,55561.0,22770.0,22770.0,277803.0,91.0,118789.0,107.0,32069.0,32791.0,396592.0,Small
173,2028 Q2,2028-06-30,Pizzeria,76869.0,77881.0,30406.0,30406.0,389406.0,91.0,160140.0,107.0,46463.0,47475.0,549546.0,Small
173,2028 Q3,2028-09-30,Pizzeria,60390.0,61310.0,23028.0,23028.0,306548.0,92.0,121456.0,107.0,37362.0,38282.0,428004.0,Small
174,2027 Q2,2027-06-30,Pizzeria,50505.0,51588.0,22525.0,22525.0,257938.0,91.0,116721.0,115.0,27980.0,29063.0,374659.0,Small
174,2027 Q3,2027-09-30,Pizzeria,52466.0,52466.0,22137.0,22137.0,262332.0,92.0,115042.0,107.0,30329.0,30329.0,377374.0,Small
174,2027 Q4,2027-12-31,Pizzeria,41552.0,41552.0,18459.0,18459.0,207761.0,92.0,95302.77,108.0,23093.0,23093.0,303063.77,Small
174,2028 Q1,2028-03-31,Pizzeria,57969.0,58614.0,24430.0,24430.0,293070.0,91.0,126412.08,108.0,33539.0,34184.0,419482.08,Small
174,2028 Q2,2028-06-30,Pizzeria,95335.0,95335.0,36890.0,36890.0,476675.0,91.0,191955.0,107.0,58445.0,58445.0,668630.0,Small
174,2028 Q3,2028-09-30,Pizzeria,41122.0,41833.0,17511.0,17511.0,209167.0,92.0,90762.0,107.0,23611.0,24322.0,299929.0,Small
175,2027 Q2,2027-06-30,Pizzeria,34985.0,48793.0,21849.0,21849.0,243965.0,91.0,109247.0,115.0,13136.0,26944.0,353212.0,Small
175,2027 Q3,2027-09-30,Pizzeria,37788.0,53906.0,20871.0,20871.0,269529.0,92.0,104357.0,107.0,16917.0,33035.0,373886.0,Small
175,2027 Q4,2027-12-31,Pizzeria,34969.0,48771.0,20172.0,20172.0,243857.0,92.0,100858.0,107.0,14797.0,28599.0,344715.0,Small
175,2028 Q1,2028-03-31,Pizzeria,56908.0,84308.0,34583.2,34583.2,421540.0,91.0,172915.0,108.0,22324.800000000003,49724.8,594455.0,Small
175,2028 Q2,2028-06-30,Pizzeria,79901.0,116985.0,42627.0,42627.0,584924.0,91.0,213137.0,107.0,37274.0,74358.0,798061.0,Small
175,2028 Q3,2028-09-30,Pizzeria,33036.0,48511.0,19491.0,19491.0,242555.0,92.0,97457.0,107.0,13545.0,29020.0,340012.0,Small
176,2027 Q2,2027-06-30,Pizzeria,62804.0,62804.0,27122.2,27122.2,314021.0,91.0,135613.02,116.0,35681.8,35681.8,449634.02,Small
176,2027 Q3,2027-09-30,Pizzeria,45088.0,45088.0,19270.0,19270.0,225438.0,92.0,96350.0,107.0,25818.0,25818.0,321788.0,Small
176,2027 Q4,2027-12-31,Pizzeria,59052.0,59052.0,24763.11,24763.11,295261.0,92.0,123815.55,108.0,34288.89,34288.89,419076.55,Small
176,2028 Q1,2028-03-31,Pizzeria,112762.0,112762.0,43961.0,43961.0,563811.0,91.0,219805.0,107.0,68801.0,68801.0,783616.0,Small
176,2028 Q2,2028-06-30,Pizzeria,91211.0,91211.0,34850.0,34850.0,456055.0,91.0,174250.0,107.0,56361.0,56361.0,630305.0,Small
176,2028 Q3,2028-09-30,Pizzeria,49256.0,49256.0,21886.69,21886.69,246281.0,92.0,109432.43,108.0,27369.31,27369.31,355713.43,Small
177,2027 Q2,2027-06-30,Pizzeria,131853.0,133590.0,64871.0,64871.0,667952.0,91.0,326923.0,115.0,66982.0,68719.0,994875.0,Large
177,2027 Q3,2027-09-30,Pizzeria,123904.0,126304.0,58775.0,58775.0,631519.0,92.0,296276.0,107.0,65129.0,67529.0,927795.0,Large
177,2027 Q4,2027-12-31,Pizzeria,148448.0,154795.0,73516.13,73516.13,773977.0,92.0,370031.66,108.0,74931.87,81278.87,1144008.66,Large
177,2028 Q1,2028-03-31,Pizzeria,152005.0,156384.0,70489.0,70489.0,781920.0,91.0,354895.0,107.0,81516.0,85895.0,1136815.0,Large
177,2028 Q2,2028-06-30,Pizzeria,130180.0,131761.0,61403.0,61403.0,658805.0,91.0,309411.0,107.0,68777.0,70358.0,968216.0,Large
177,2028 Q3,2028-09-30,Pizzeria,125738.0,128698.0,58436.0,58436.0,643491.0,92.0,294762.31,108.0,67302.0,70262.0,938253.31,Large
178,2027 Q2,2027-06-30,Pizzeria,48658.0,49550.0,19104.0,19104.0,247752.0,91.0,100504.0,115.0,29554.0,30446.0,348256.0,Small
178,2027 Q3,2027-09-30,Pizzeria,45328.0,46206.0,17507.0,17507.0,231029.0,92.0,92275.0,107.0,27821.0,28699.0,323304.0,Small
178,2027 Q4,2027-12-31,Pizzeria,83732.0,87039.0,30353.0,30353.0,435197.0,92.0,159327.0,107.0,53379.0,56686.0,594524.0,Small
178,2028 Q1,2028-03-31,Pizzeria,114211.0,116900.0,37919.0,37919.0,584499.0,91.0,199157.21,108.0,76292.0,78981.0,783656.21,Small
178,2028 Q2,2028-06-30,Pizzeria,45006.0,45599.0,17283.0,17283.0,227997.0,91.0,90795.0,107.0,27723.0,28316.0,318792.0,Small
178,2028 Q3,2028-09-30,Pizzeria,94549.0,95697.0,31681.0,31681.0,478486.0,92.0,168638.96,108.0,62868.0,64016.0,647124.96,Small
179,2027 Q2,2027-06-30,Pizzeria,46111.0,46908.0,28046.0,28046.0,234538.0,91.0,141188.0,115.0,18065.0,18862.0,375726.0,Medium
179,2027 Q3,2027-09-30,Pizzeria,42258.0,43253.0,25926.0,25926.0,216265.0,92.0,130531.0,107.0,16332.0,17327.0,346796.0,Medium
179,2027 Q4,2027-12-31,Pizzeria,109398.0,113366.0,54045.69,54045.69,566831.0,92.0,272218.47,108.0,55352.31,59320.31,839049.47,Medium
179,2028 Q1,2028-03-31,Pizzeria,103605.0,105077.0,49085.42,49085.42,525383.0,91.0,247168.11,108.0,54519.58,55991.58,772551.11,Medium
179,2028 Q2,2028-06-30,Pizzeria,48706.0,49649.0,28718.0,28719.0,248245.0,91.0,144606.0,107.0,19988.0,20930.0,392851.0,Medium
179,2028 Q3,2028-09-30,Pizzeria,117039.0,120040.0,53763.0,53763.0,600198.0,92.0,271414.17,108.0,63276.0,66277.0,871612.1699999999,Medium
180,2027 Q2,2027-06-30,Pizzeria,38855.0,38855.0,17161.0,17161.0,194274.0,91.0,89810.0,115.0,21694.0,21694.0,284084.0,Small
180,2027 Q3,2027-09-30,Pizzeria,53872.0,53872.0,20976.0,20976.0,269358.0,92.0,110301.0,107.0,32896.0,32896.0,379659.0,Small
180,2027 Q4,2027-12-31,Pizzeria,116795.0,116795.0,42100.0,42100.0,583977.0,92.0,220355.0,107.0,74695.0,74695.0,804332.0,Small
180,2028 Q1,2028-03-31,Pizzeria,60801.0,60801.0,22506.0,22506.0,304003.0,91.0,117270.0,107.0,38295.0,38295.0,421273.0,Small
180,2028 Q2,2028-06-30,Pizzeria,64480.0,64480.0,25389.0,25389.0,322401.0,91.0,133457.0,107.0,39091.0,39091.0,455858.0,Small
180,2028 Q3,2028-09-30,Pizzeria,89796.0,89796.0,31435.0,31435.0,448978.0,92.0,165914.0,107.0,58361.0,58361.0,614892.0,Small
181,2027 Q2,2027-06-30,Pizzeria,49286.0,49885.0,23370.0,23370.0,249426.0,91.0,117798.0,115.0,25916.0,26515.0,367224.0,Small
181,2027 Q3,2027-09-30,Pizzeria,51922.0,51922.0,22854.0,22854.0,259608.0,92.0,115242.0,107.0,29068.0,29068.0,374850.0,Small
181,2027 Q4,2027-12-31,Pizzeria,68342.0,68342.0,28651.0,28651.0,341712.0,92.0,144319.0,107.0,39691.0,39691.0,486031.0,Small
181,2028 Q1,2028-03-31,Pizzeria,72771.0,72771.0,30508.0,30508.0,363853.0,91.0,153665.0,107.0,42263.0,42263.0,517518.0,Small
181,2028 Q2,2028-06-30,Pizzeria,67563.0,67563.0,28636.0,28636.0,337815.0,91.0,144389.0,107.0,38927.0,38927.0,482204.0,Small
181,2028 Q3,2028-09-30,Pizzeria,68958.0,68959.0,28152.0,28152.0,344793.0,92.0,142016.0,107.0,40806.0,40807.0,486809.0,Small
182,2027 Q2,2027-06-30,Pizzeria,48018.0,51632.0,23861.0,23861.0,258159.0,91.0,119303.0,115.0,24157.0,27771.0,377462.0,Small
182,2027 Q3,2027-09-30,Pizzeria,45799.0,49246.0,22024.0,22024.0,246232.0,92.0,110120.0,107.0,23775.0,27222.0,356352.0,Small
182,2027 Q4,2027-12-31,Pizzeria,68721.0,73814.0,30470.0,30470.0,369069.0,92.0,152348.0,107.0,38251.0,43344.0,521417.0,Small
182,2028 Q1,2028-03-31,Pizzeria,76751.0,83425.0,33881.0,33881.0,417127.0,91.0,169404.0,107.0,42870.0,49544.0,586531.0,Small
182,2028 Q2,2028-06-30,Pizzeria,62939.0,67531.0,28351.0,28351.0,337656.0,91.0,141752.99,108.0,34588.0,39180.0,479408.99,Small
182,2028 Q3,2028-09-30,Pizzeria,48485.0,52191.0,22371.0,22371.0,260956.0,92.0,111854.0,107.0,26114.0,29820.0,372810.0,Small
183,2027 Q2,2027-06-30,Pizzeria,46002.0,71101.0,28649.0,28649.0,355504.0,91.0,148899.0,115.0,17353.0,42452.0,504403.0,Small
183,2027 Q3,2027-09-30,Pizzeria,31221.0,48255.0,19689.0,19689.0,241273.0,92.0,102249.0,107.0,11532.0,28566.0,343522.0,Small
183,2027 Q4,2027-12-31,Pizzeria,34819.0,54490.0,22352.0,22352.0,272450.0,92.0,115418.0,107.0,12467.0,32138.0,387868.0,Small
183,2028 Q1,2028-03-31,Pizzeria,49890.0,77349.0,31499.9,31499.9,386747.0,91.0,162634.48,108.0,18390.1,45849.1,549381.48,Small
183,2028 Q2,2028-06-30,Pizzeria,46202.0,71743.0,27579.0,27579.0,358715.0,91.0,143293.0,107.0,18623.0,44164.0,502008.0,Small
183,2028 Q3,2028-09-30,Pizzeria,31100.0,48900.0,19657.0,19657.0,244501.0,92.0,102086.0,107.0,11443.0,29243.0,346587.0,Small
184,2027 Q2,2027-06-30,Pizzeria,43032.0,49806.0,21451.0,21451.0,249031.0,91.0,107256.0,115.0,21581.0,28355.0,356287.0,Small
184,2027 Q3,2027-09-30,Pizzeria,42884.0,48899.0,19933.0,19933.0,244497.0,92.0,99665.0,107.0,22951.0,28966.0,344162.0,Small
184,2027 Q4,2027-12-31,Pizzeria,54495.0,61162.0,24091.0,24091.0,305808.0,92.0,120457.0,107.0,30404.0,37071.0,426265.0,Small
184,2028 Q1,2028-03-31,Pizzeria,53857.0,62191.0,24706.0,24706.0,310957.0,91.0,123532.0,107.0,29151.0,37485.0,434489.0,Small
184,2028 Q2,2028-06-30,Pizzeria,48328.0,55358.0,22379.0,22379.0,276790.0,91.0,111896.0,107.0,25949.0,32979.0,388686.0,Small
184,2028 Q3,2028-09-30,Pizzeria,46798.0,54290.0,21447.15,21447.15,271448.0,92.0,107236.75,108.0,25350.85,32842.85,378684.75,Small
185,2027 Q2,2027-06-30,Pizzeria,52079.0,52079.0,22768.0,22768.0,260395.0,91.0,114890.0,115.0,29311.0,29311.0,375285.0,Small
185,2027 Q3,2027-09-30,Pizzeria,53156.0,53156.0,21890.0,21890.0,265781.0,92.0,110509.0,107.0,31266.0,31266.0,376290.0,Small
185,2027 Q4,2027-12-31,Pizzeria,68833.0,68833.0,28580.98,28580.98,344167.0,92.0,144044.88,109.0,40252.020000000004,40252.020000000004,488211.88,Small
185,2028 Q1,2028-03-31,Pizzeria,72263.0,72263.0,28678.0,28678.0,361317.0,91.0,144581.0,107.0,43585.0,43585.0,505898.0,Small
185,2028 Q2,2028-06-30,Pizzeria,66262.0,66262.0,26603.0,26603.0,331312.0,91.0,134279.0,107.0,39659.0,39659.0,465591.0,Small
185,2028 Q3,2028-09-30,Pizzeria,66868.0,66868.0,25902.0,25902.0,334341.0,92.0,130809.0,107.0,40966.0,40966.0,465150.0,Small
186,2027 Q2,2027-06-30,Pizzeria,115364.0,116883.0,55375.0,55375.0,584414.0,91.0,276873.0,115.0,59989.0,61508.0,861287.0,Medium
186,2027 Q3,2027-09-30,Pizzeria,110532.0,110532.0,49730.0,49730.0,552662.0,92.0,248649.0,107.0,60802.0,60802.0,801311.0,Medium
186,2027 Q4,2027-12-31,Pizzeria,131446.0,133448.0,58634.0,58634.0,667239.0,92.0,293171.0,107.0,72812.0,74814.0,960410.0,Medium
186,2028 Q1,2028-03-31,Pizzeria,131137.0,131137.0,58350.0,58350.0,655684.0,91.0,291750.0,107.0,72787.0,72787.0,947434.0,Medium
186,2028 Q2,2028-06-30,Pizzeria,111105.0,112912.0,51180.0,51180.0,564558.0,91.0,255901.0,107.0,59925.0,61732.0,820459.0,Medium
186,2028 Q3,2028-09-30,Pizzeria,107100.0,107100.0,47342.0,47341.0,535498.0,92.0,236707.0,107.0,59758.0,59759.0,772205.0,Medium
187,2027 Q2,2027-06-30,Pizzeria,56079.0,97869.0,35225.0,35225.0,489344.0,91.0,183399.88,116.0,20854.0,62644.0,672743.88,Medium
187,2027 Q3,2027-09-30,Pizzeria,60483.0,116314.0,38082.0,38082.0,581572.0,92.0,198190.0,107.0,22401.0,78232.0,779762.0,Medium
187,2027 Q4,2027-12-31,Pizzeria,106065.0,142560.0,45024.0,45024.0,712799.0,92.0,232989.0,107.0,61041.0,97536.0,945788.0,Medium
187,2028 Q1,2028-03-31,Pizzeria,93512.0,116164.0,38345.0,38345.0,580818.0,91.0,198076.0,107.0,55167.0,77819.0,778894.0,Medium
187,2028 Q2,2028-06-30,Pizzeria,51550.0,90281.0,31484.0,31484.0,451406.0,91.0,163199.0,107.0,20066.0,58797.0,614605.0,Medium
187,2028 Q3,2028-09-30,Pizzeria,54650.0,104095.0,34024.0,34024.0,520477.0,92.0,176886.0,107.0,20626.0,70071.0,697363.0,Medium
188,2027 Q2,2027-06-30,Pizzeria,70201.0,70201.0,29169.0,29170.0,351005.0,91.0,150941.0,115.0,41032.0,41031.0,501946.0,Medium
188,2027 Q3,2027-09-30,Pizzeria,47945.0,47945.0,21611.0,21610.0,239724.0,92.0,111621.0,107.0,26334.0,26335.0,351345.0,Medium
188,2027 Q4,2027-12-31,Pizzeria,139907.0,139907.0,49380.0,49380.0,699533.0,92.0,256082.47,108.0,90527.0,90527.0,955615.47,Medium
188,2028 Q1,2028-03-31,Pizzeria,124779.0,126167.0,45359.0,45359.0,630837.0,91.0,234369.0,107.0,79420.0,80808.0,865206.0,Medium
188,2028 Q2,2028-06-30,Pizzeria,63412.0,63412.0,25135.0,25135.0,317058.0,91.0,129879.0,107.0,38277.0,38277.0,446937.0,Medium
188,2028 Q3,2028-09-30,Pizzeria,48447.0,48447.0,20791.0,20791.0,242233.0,92.0,107386.0,107.0,27656.0,27656.0,349619.0,Medium
189,2027 Q2,2027-06-30,Pizzeria,62268.0,62961.0,25045.0,25045.0,314805.0,91.0,126418.0,115.0,37223.0,37916.0,441223.0,Small
189,2027 Q3,2027-09-30,Pizzeria,60824.0,60824.0,22926.0,22926.0,304121.0,92.0,115950.31,109.0,37898.0,37898.0,420071.31,Small
189,2027 Q4,2027-12-31,Pizzeria,74939.0,74939.0,27446.0,27446.0,374696.0,92.0,138400.0,107.0,47493.0,47493.0,513096.0,Small
189,2028 Q1,2028-03-31,Pizzeria,75110.0,75110.0,27793.0,27793.0,375552.0,91.0,140129.0,107.0,47317.0,47317.0,515681.0,Small
189,2028 Q2,2028-06-30,Pizzeria,65935.0,65935.0,24832.0,24832.0,329673.0,91.0,125341.0,107.0,41103.0,41103.0,455014.0,Small
189,2028 Q3,2028-09-30,Pizzeria,63072.0,63774.0,23332.0,23332.0,318870.0,92.0,117827.0,107.0,39740.0,40442.0,436697.0,Small
190,2027 Q2,2027-06-30,Pizzeria,41974.0,66520.0,26412.0,26412.0,332601.0,91.0,133303.0,115.0,15562.0,40108.0,465904.0,Small
190,2027 Q3,2027-09-30,Pizzeria,43140.0,62161.0,23465.0,23465.0,310803.0,92.0,118565.2,108.0,19675.0,38696.0,429368.2,Small
190,2027 Q4,2027-12-31,Pizzeria,38706.0,74150.0,27296.0,27296.0,370752.0,92.0,137621.0,107.0,11410.0,46854.0,508373.0,Small
190,2028 Q1,2028-03-31,Pizzeria,47067.0,71968.0,26891.0,26891.0,359839.0,91.0,135553.0,107.0,20176.0,45077.0,495392.0,Small
190,2028 Q2,2028-06-30,Pizzeria,39457.0,61173.0,23427.0,23427.0,305863.0,91.0,118214.0,107.0,16030.0,37746.0,424077.0,Small
190,2028 Q3,2028-09-30,Pizzeria,39946.0,57229.0,21424.0,21424.0,286143.0,92.0,108151.0,107.0,18522.0,35805.0,394294.0,Small
191,2027 Q2,2027-06-30,Pizzeria,30386.0,43596.0,21120.0,21120.0,217982.0,91.0,105601.0,115.0,9266.0,22476.0,323583.0,Small
191,2027 Q3,2027-09-30,Pizzeria,57043.0,81958.0,32085.0,32085.0,409788.0,92.0,160424.0,107.0,24958.0,49873.0,570212.0,Small
191,2027 Q4,2027-12-31,Pizzeria,58310.0,82827.0,32527.0,32527.0,414133.0,92.0,162637.0,107.0,25783.0,50300.0,576770.0,Small
191,2028 Q1,2028-03-31,Pizzeria,37026.0,52370.0,21874.0,21874.0,261848.0,91.0,109368.0,107.0,15152.0,30496.0,371216.0,Small
191,2028 Q2,2028-06-30,Pizzeria,32498.0,45966.0,20414.0,20414.0,229832.0,91.0,102070.0,107.0,12084.0,25552.0,331902.0,Small
191,2028 Q3,2028-09-30,Pizzeria,25268.0,36097.0,16194.0,16194.0,180486.0,92.0,80970.0,107.0,9074.0,19903.0,261456.0,Small
192,2027 Q2,2027-06-30,Pizzeria,102634.0,102634.0,46748.55,46748.55,513169.0,91.0,233740.75,117.0,55885.45,55885.45,746909.75,Medium
192,2027 Q3,2027-09-30,Pizzeria,104246.0,104246.0,44506.93,44506.93,521232.0,92.0,222533.67,108.0,59739.07,59739.07,743765.67,Medium
192,2027 Q4,2027-12-31,Pizzeria,134432.0,134432.0,55238.0,55238.0,672160.0,92.0,276189.0,107.0,79194.0,79194.0,948349.0,Medium
192,2028 Q1,2028-03-31,Pizzeria,140616.0,140616.0,58109.0,58109.0,703082.0,91.0,290546.0,107.0,82507.0,82507.0,993628.0,Medium
192,2028 Q2,2028-06-30,Pizzeria,128521.0,128521.0,53701.0,53701.0,642607.0,91.0,268506.0,107.0,74820.0,74820.0,911113.0,Medium
192,2028 Q3,2028-09-30,Pizzeria,129310.0,129310.0,52156.0,52156.0,646550.0,92.0,260779.0,107.0,77154.0,77154.0,907329.0,Medium
193,2027 Q2,2027-06-30,Pizzeria,95187.0,106832.0,55471.0,55471.0,534161.0,91.0,279208.0,115.0,39716.0,51361.0,813369.0,Large
193,2027 Q3,2027-09-30,Pizzeria,116650.0,134855.0,62629.0,62629.0,674274.0,92.0,315448.0,107.0,54021.0,72226.0,989722.0,Large
193,2027 Q4,2027-12-31,Pizzeria,166351.0,186075.0,79091.0,79091.0,930374.0,92.0,398064.0,107.0,87260.0,106984.0,1328438.0,Large
193,2028 Q1,2028-03-31,Pizzeria,128018.0,145641.0,65842.0,65842.0,728203.0,91.0,331224.0,107.0,62176.0,79799.0,1059427.0,Large
193,2028 Q2,2028-06-30,Pizzeria,94347.0,106487.0,53148.0,53148.0,532437.0,91.0,267479.0,107.0,41199.0,53339.0,799916.0,Large
193,2028 Q3,2028-09-30,Pizzeria,100317.0,134835.0,60983.0,60983.0,674176.0,92.0,307142.0,107.0,39334.0,73852.0,981318.0,Large
194,2027 Q2,2027-06-30,Pizzeria,33119.0,53160.0,25626.0,25626.0,265799.0,91.0,129190.0,115.0,7493.0,27534.0,394989.0,Small
194,2027 Q3,2027-09-30,Pizzeria,32113.0,51463.0,23628.0,23628.0,257314.0,92.0,119153.0,107.0,8485.0,27835.0,376467.0,Small
194,2027 Q4,2027-12-31,Pizzeria,39923.0,63775.0,28069.0,28069.0,318875.0,92.0,141388.0,107.0,11854.0,35706.0,460263.0,Small
194,2028 Q1,2028-03-31,Pizzeria,40473.0,64551.0,28649.0,28649.0,322756.0,91.0,144298.0,107.0,11824.0,35902.0,467054.0,Small
194,2028 Q2,2028-06-30,Pizzeria,35679.0,57454.0,26090.0,26090.0,287272.0,91.0,131532.0,107.0,9589.0,31364.0,418804.0,Small
194,2028 Q3,2028-09-30,Pizzeria,35361.0,56578.0,26603.65,26603.65,282888.0,92.0,134104.25,108.0,8757.349999999999,29974.35,416992.25,Small
195,2027 Q2,2027-06-30,Pizzeria,117065.0,117065.0,62551.77,62551.77,585325.0,91.0,312756.87,116.0,54513.23,54513.23,898081.87,Large
195,2027 Q3,2027-09-30,Pizzeria,119221.0,119221.0,63269.46,63269.46,596104.0,92.0,316349.31,108.0,55951.54,55951.54,912453.31,Large
195,2027 Q4,2027-12-31,Pizzeria,154100.0,154100.0,74014.0,74014.0,770502.0,92.0,370069.0,107.0,80086.0,80086.0,1140571.0,Large
195,2028 Q1,2028-03-31,Pizzeria,158460.0,161529.0,78167.83,78167.83,807645.0,91.0,390840.17,108.0,80292.17,83361.17,1198485.17,Large
195,2028 Q2,2028-06-30,Pizzeria,145849.0,147920.0,72191.0,72191.0,739599.0,91.0,360957.0,107.0,73658.0,75729.0,1100556.0,Large
195,2028 Q3,2028-09-30,Pizzeria,147311.0,149100.0,70288.0,70288.0,745499.0,92.0,351438.0,107.0,77023.0,78812.0,1096937.0,Large
196,2027 Q2,2027-06-30,Pizzeria,79608.0,79608.0,34554.0,34554.0,398040.0,91.0,179720.0,115.0,45054.0,45054.0,577760.0,Small
196,2027 Q3,2027-09-30,Pizzeria,65493.0,65493.0,27202.95,27202.95,327466.0,92.0,141604.75,108.0,38290.05,38290.05,469070.75,Small
196,2027 Q4,2027-12-31,Pizzeria,61214.0,61214.0,25809.0,25809.0,306071.0,92.0,133396.0,107.0,35405.0,35405.0,439467.0,Small
196,2028 Q1,2028-03-31,Pizzeria,60829.0,60829.0,25772.0,25772.0,304146.0,91.0,133483.25,108.0,35057.0,35057.0,437629.25,Small
196,2028 Q2,2028-06-30,Pizzeria,47772.0,47772.0,21406.0,21406.0,238858.0,91.0,111017.0,107.0,26366.0,26366.0,349875.0,Small
196,2028 Q3,2028-09-30,Pizzeria,71129.0,71129.0,29716.59,29716.59,355646.0,92.0,154587.97,108.0,41412.41,41412.41,510233.97,Small
197,2027 Q2,2027-06-30,Pizzeria,140611.0,140611.0,64353.0,64353.0,703054.0,91.0,321767.0,115.0,76258.0,76258.0,1024821.0,Large
197,2027 Q3,2027-09-30,Pizzeria,137022.0,138546.0,60361.0,60361.0,692730.0,92.0,301804.0,107.0,76661.0,78185.0,994534.0,Large
197,2027 Q4,2027-12-31,Pizzeria,173898.0,173898.0,72265.0,72265.0,869489.0,92.0,361325.0,107.0,101633.0,101633.0,1230814.0,Large
197,2028 Q1,2028-03-31,Pizzeria,177449.0,177449.0,74512.97,74512.97,887245.0,91.0,372566.87,108.0,102936.03,102936.03,1259811.87,Large
197,2028 Q2,2028-06-30,Pizzeria,158512.0,158512.0,72233.4,72233.4,792562.0,91.0,361164.98,108.0,86278.6,86278.6,1153726.98,Large
197,2028 Q3,2028-09-30,Pizzeria,156028.0,156028.0,64828.0,64828.0,780140.0,92.0,324142.0,107.0,91200.0,91200.0,1104282.0,Large
198,2027 Q2,2027-06-30,Pizzeria,53904.0,53904.0,23161.0,23160.0,269518.0,91.0,120171.0,115.0,30743.0,30744.0,389689.0,Small
198,2027 Q3,2027-09-30,Pizzeria,56237.0,56237.0,22488.0,22488.0,281183.0,92.0,117226.84,108.0,33749.0,33749.0,398409.83999999997,Small
198,2027 Q4,2027-12-31,Pizzeria,60567.0,60568.0,23979.0,23979.0,302838.0,92.0,123877.0,107.0,36588.0,36589.0,426715.0,Small
198,2028 Q1,2028-03-31,Pizzeria,52429.0,53012.0,21943.0,21943.0,265059.0,91.0,113200.0,107.0,30486.0,31069.0,378259.0,Small
198,2028 Q2,2028-06-30,Pizzeria,50987.0,51555.0,21433.0,21433.0,257773.0,91.0,111117.0,107.0,29554.0,30122.0,368890.0,Small
198,2028 Q3,2028-09-30,Pizzeria,57336.0,57336.0,22438.0,22438.0,286682.0,92.0,116636.0,107.0,34898.0,34898.0,403318.0,Small
199,2027 Q2,2027-06-30,Pizzeria,39787.0,56677.0,25874.0,25874.0,283384.0,91.0,130487.0,115.0,13913.0,30803.0,413871.0,Small
199,2027 Q3,2027-09-30,Pizzeria,27609.0,39554.0,18142.0,18142.0,197768.0,92.0,91532.54,108.0,9467.0,21412.0,289300.54,Small
199,2027 Q4,2027-12-31,Pizzeria,36062.0,50437.0,21978.0,21978.0,252185.0,92.0,110761.84,108.0,14084.0,28459.0,362946.83999999997,Small
199,2028 Q1,2028-03-31,Pizzeria,28037.0,41971.0,20814.35,20814.35,209855.0,91.0,104765.76,108.0,7222.6500000000015,21156.65,314620.76,Small
199,2028 Q2,2028-06-30,Pizzeria,30635.0,66309.0,28560.0,28560.0,331545.0,91.0,144065.0,107.0,2075.0,37749.0,475610.0,Small
199,2028 Q3,2028-09-30,Pizzeria,23764.0,48898.0,21025.0,21025.0,244489.0,92.0,106068.0,107.0,2739.0,27873.0,350557.0,Small
200,2027 Q2,2027-06-30,Pizzeria,33457.0,46084.0,18782.0,18782.0,230419.0,91.0,98241.0,115.0,14675.0,27302.0,328660.0,Small
200,2027 Q3,2027-09-30,Pizzeria,35958.0,49734.0,19078.0,19078.0,248672.0,92.0,100042.0,107.0,16880.0,30656.0,348714.0,Small
200,2027 Q4,2027-12-31,Pizzeria,35459.0,49455.0,18828.0,18828.0,247276.0,92.0,97938.0,107.0,16631.0,30627.0,345214.0,Small
200,2028 Q1,2028-03-31,Pizzeria,44638.0,62694.0,23576.0,23576.0,313471.0,91.0,122763.0,107.0,21062.0,39118.0,436234.0,Small
200,2028 Q2,2028-06-30,Pizzeria,46879.0,64839.0,23640.0,23640.0,324197.0,91.0,123880.0,107.0,23239.0,41199.0,448077.0,Small
200,2028 Q3,2028-09-30,Pizzeria,34866.0,48627.0,18099.0,18099.0,243133.0,92.0,94884.0,107.0,16767.0,30528.0,338017.0,Small
201,2027 Q2,2027-06-30,Pizzeria,102696.0,103838.0,43630.0,43630.0,519192.0,91.0,219948.0,115.0,59066.0,60208.0,739140.0,Medium
201,2027 Q3,2027-09-30,Pizzeria,99124.0,99124.0,39663.0,39663.0,495621.0,92.0,200007.0,107.0,59461.0,59461.0,695628.0,Medium
201,2027 Q4,2027-12-31,Pizzeria,119671.0,119671.0,46563.0,46563.0,598353.0,92.0,234516.0,107.0,73108.0,73108.0,832869.0,Medium
201,2028 Q1,2028-03-31,Pizzeria,120244.0,120244.0,47178.0,47178.0,601221.0,91.0,237586.0,107.0,73066.0,73066.0,838807.0,Medium
201,2028 Q2,2028-06-30,Pizzeria,104066.0,104066.0,41719.0,41719.0,520331.0,91.0,210291.0,107.0,62347.0,62347.0,730622.0,Medium
201,2028 Q3,2028-09-30,Pizzeria,98698.0,98698.0,41251.08,41251.08,493491.0,92.0,207902.4,108.0,57446.92,57446.92,701393.4,Medium
202,2027 Q2,2027-06-30,Pizzeria,118024.0,131870.0,60731.0,60731.0,659350.0,91.0,303657.0,115.0,57293.0,71139.0,963007.0,Large
202,2027 Q3,2027-09-30,Pizzeria,100623.0,111928.0,51058.0,51058.0,559638.0,92.0,255289.0,107.0,49565.0,60870.0,814927.0,Large
202,2027 Q4,2027-12-31,Pizzeria,149867.0,171473.0,72158.0,72158.0,857367.0,92.0,360789.0,107.0,77709.0,99315.0,1218156.0,Large
202,2028 Q1,2028-03-31,Pizzeria,154262.0,175897.0,73675.0,73675.0,879485.0,91.0,368373.0,107.0,80587.0,102222.0,1247858.0,Large
202,2028 Q2,2028-06-30,Pizzeria,105928.0,121199.0,54328.0,54328.0,605995.0,91.0,271641.0,107.0,51600.0,66871.0,877636.0,Large
202,2028 Q3,2028-09-30,Pizzeria,104814.0,120200.0,52603.0,52603.0,601000.0,92.0,263016.0,107.0,52211.0,67597.0,864016.0,Large
203,2027 Q2,2027-06-30,Cafe,462589.0,469157.0,153992.0,153992.0,2345787.0,91.0,817355.0,157.0,308597.0,315165.0,3163142.0,Large
203,2027 Q3,2027-09-30,Cafe,433910.0,439180.0,134951.0,134951.0,2195899.0,92.0,719824.0,146.0,298959.0,304229.0,2915723.0,Large
203,2027 Q4,2027-12-31,Cafe,471560.0,479715.0,147037.0,147037.0,2398576.0,92.0,782558.0,146.0,324523.0,332678.0,3181134.0,Large
203,2028 Q1,2028-03-31,Cafe,468115.0,475244.0,148286.0,148286.0,2376220.0,91.0,786198.0,146.0,319829.0,326958.0,3162418.0,Large
203,2028 Q2,2028-06-30,Cafe,461995.0,469031.0,146855.0,146855.0,2345153.0,91.0,779310.0,146.0,315140.0,322176.0,3124463.0,Large
203,2028 Q3,2028-09-30,Cafe,434716.0,439551.0,132427.0,132427.0,2197754.0,92.0,706312.0,146.0,302289.0,307124.0,2904066.0,Large
204,2027 Q2,2027-06-30,Cafe,83055.0,96351.0,37782.0,37782.0,481755.0,91.0,188911.0,157.0,45273.0,58569.0,670666.0,Small
204,2027 Q3,2027-09-30,Cafe,82452.0,93589.0,34610.0,34610.0,467947.0,92.0,173050.0,146.0,47842.0,58979.0,640997.0,Small
204,2027 Q4,2027-12-31,Cafe,92002.0,104192.0,38212.0,38212.0,520960.0,92.0,191058.0,146.0,53790.0,65980.0,712018.0,Small
204,2028 Q1,2028-03-31,Cafe,94097.0,106084.0,39284.0,39284.0,530421.0,91.0,196419.0,146.0,54813.0,66800.0,726840.0,Small
204,2028 Q2,2028-06-30,Cafe,95290.0,108038.0,40031.0,40031.0,540191.0,91.0,200155.0,146.0,55259.0,68007.0,740346.0,Small
204,2028 Q3,2028-09-30,Cafe,76826.0,104668.0,37525.0,37525.0,523341.0,92.0,187624.0,146.0,39301.0,67143.0,710965.0,Small
205,2027 Q2,2027-06-30,Cafe,99285.0,100491.0,32537.0,32537.0,502454.0,91.0,171611.0,157.0,66748.0,67954.0,674065.0,Small
205,2027 Q3,2027-09-30,Cafe,89013.0,91109.0,27811.0,27811.0,455546.0,92.0,147286.0,146.0,61202.0,63298.0,602832.0,Small
205,2027 Q4,2027-12-31,Cafe,91169.0,94575.0,28943.0,28943.0,472873.0,92.0,153029.0,146.0,62226.0,65632.0,625902.0,Small
205,2028 Q1,2028-03-31,Cafe,87667.0,89639.0,28019.0,28019.0,448196.0,91.0,147592.0,146.0,59648.0,61620.0,595788.0,Small
205,2028 Q2,2028-06-30,Cafe,83621.0,84981.0,26699.0,26699.0,424907.0,91.0,140673.0,146.0,56922.0,58282.0,565580.0,Small
205,2028 Q3,2028-09-30,Cafe,74575.0,76487.0,23388.0,23388.0,382436.0,92.0,123720.0,146.0,51187.0,53099.0,506156.0,Small
206,2027 Q2,2027-06-30,Cafe,98925.0,98925.0,36931.0,36930.0,494624.0,91.0,191319.0,157.0,61994.0,61995.0,685943.0,Small
206,2027 Q3,2027-09-30,Cafe,101854.0,101854.0,35558.28,35558.28,509271.0,92.0,184636.42,147.0,66295.72,66295.72,693907.42,Small
206,2027 Q4,2027-12-31,Cafe,119410.0,119410.0,41426.0,41426.0,597050.0,92.0,214044.0,146.0,77984.0,77984.0,811094.0,Small
206,2028 Q1,2028-03-31,Cafe,127353.0,127353.0,44562.0,44562.0,636766.0,91.0,230059.0,146.0,82791.0,82791.0,866825.0,Small
206,2028 Q2,2028-06-30,Cafe,135114.0,135114.0,48012.79,48012.79,675569.0,91.0,248683.93,147.0,87101.20999999999,87101.20999999999,924252.9299999999,Small
206,2028 Q3,2028-09-30,Cafe,135856.0,135856.0,46293.79,46293.79,679282.0,92.0,240393.93,147.0,89562.20999999999,89562.20999999999,919675.9299999999,Small
207,2027 Q2,2027-06-30,Cafe,113979.0,113979.0,35475.0,35475.0,569894.0,91.0,199518.0,157.0,78504.0,78504.0,769412.0,Small
207,2027 Q3,2027-09-30,Cafe,108586.0,108587.0,31515.0,31515.0,542933.0,92.0,178832.0,146.0,77071.0,77072.0,721765.0,Small
207,2027 Q4,2027-12-31,Cafe,118630.0,118630.0,34477.0,34477.0,593149.0,92.0,193617.0,146.0,84153.0,84153.0,786766.0,Small
207,2028 Q1,2028-03-31,Cafe,116916.0,118576.0,35168.0,35168.0,592879.0,91.0,196367.0,146.0,81748.0,83408.0,789246.0,Small
207,2028 Q2,2028-06-30,Cafe,118650.0,118650.0,35242.12,35242.12,593248.0,91.0,198092.59,147.0,83407.88,83407.88,791340.59,Small
207,2028 Q3,2028-09-30,Cafe,112978.0,112978.0,32006.0,32006.0,564892.0,92.0,181689.0,146.0,80972.0,80972.0,746581.0,Small
208,2027 Q2,2027-06-30,Cafe,75404.0,105608.0,37474.0,37474.0,528042.0,91.0,189901.0,157.0,37930.0,68134.0,717943.0,Small
208,2027 Q3,2027-09-30,Cafe,71735.0,101178.0,33880.0,33880.0,505888.0,92.0,171821.0,146.0,37855.0,67298.0,677709.0,Small
208,2027 Q4,2027-12-31,Cafe,78010.0,111126.0,38248.21,38248.21,555628.0,92.0,193535.04,147.0,39761.79,72877.79000000001,749163.04,Small
208,2028 Q1,2028-03-31,Cafe,79041.0,111640.0,37481.0,37481.0,558200.0,91.0,189669.0,146.0,41560.0,74159.0,747869.0,Small
208,2028 Q2,2028-06-30,Cafe,79576.0,112238.0,37806.0,37806.0,561188.0,91.0,191583.0,146.0,41770.0,74432.0,752771.0,Small
208,2028 Q3,2028-09-30,Cafe,75685.0,107354.0,35006.0,35006.0,536770.0,92.0,177549.0,146.0,40679.0,72348.0,714319.0,Small
209,2027 Q2,2027-06-30,Cafe,469231.0,482748.0,167315.0,167315.0,2413742.0,91.0,875132.0,157.0,301916.0,315433.0,3288874.0,Large
209,2027 Q3,2027-09-30,Cafe,544888.0,557145.0,176047.0,176047.0,2785725.0,92.0,923915.0,146.0,368841.0,381098.0,3709640.0,Large
209,2027 Q4,2027-12-31,Cafe,488269.0,496208.0,158759.0,158759.0,2481042.0,92.0,827215.0,146.0,329510.0,337449.0,3308257.0,Large
209,2028 Q1,2028-03-31,Cafe,371916.0,376433.0,123347.0,123347.0,1882167.0,91.0,641360.0,146.0,248569.0,253086.0,2523527.0,Large
209,2028 Q2,2028-06-30,Cafe,589945.0,600149.0,198114.0,198114.0,3000743.0,91.0,1036838.0,146.0,391831.0,402035.0,4037581.0,Large
209,2028 Q3,2028-09-30,Cafe,394791.0,401210.0,124651.0,124651.0,2006052.0,92.0,653440.0,146.0,270140.0,276559.0,2659492.0,Large
210,2027 Q2,2027-06-30,Cafe,88580.0,88580.0,32716.0,32716.0,442899.0,91.0,164511.0,157.0,55864.0,55864.0,607410.0,Small
210,2027 Q3,2027-09-30,Cafe,89103.0,89103.0,31192.42,31192.42,445514.0,92.0,156898.1,147.0,57910.58,57910.58,602412.1,Small
210,2027 Q4,2027-12-31,Cafe,102395.0,102395.0,35047.0,35047.0,511977.0,92.0,176159.0,146.0,67348.0,67348.0,688136.0,Small
210,2028 Q1,2028-03-31,Cafe,107327.0,107327.0,37013.0,37013.0,536635.0,91.0,186017.0,146.0,70314.0,70314.0,722652.0,Small
210,2028 Q2,2028-06-30,Cafe,112187.0,112187.0,38677.0,38677.0,560935.0,91.0,194504.0,146.0,73510.0,73510.0,755439.0,Small
210,2028 Q3,2028-09-30,Cafe,111330.0,111330.0,36969.0,36969.0,556648.0,92.0,185987.0,146.0,74361.0,74361.0,742635.0,Small
211,2027 Q2,2027-06-30,Cafe,101225.0,105114.0,38711.0,38711.0,525570.0,91.0,204361.0,157.0,62514.0,66403.0,729931.0,Small
211,2027 Q3,2027-09-30,Cafe,62461.0,70736.0,24607.0,24607.0,353682.0,92.0,130168.0,146.0,37854.0,46129.0,483850.0,Small
211,2027 Q4,2027-12-31,Cafe,40898.0,53531.0,20087.0,20087.0,267654.0,92.0,105428.74,147.0,20811.0,33444.0,373082.74,Small
211,2028 Q1,2028-03-31,Cafe,59801.0,81472.0,30740.0,30740.0,407362.0,91.0,161190.0,146.0,29061.0,50732.0,568552.0,Small
211,2028 Q2,2028-06-30,Cafe,74829.0,90155.0,31064.0,31064.0,450776.0,91.0,163616.0,146.0,43765.0,59091.0,614392.0,Small
211,2028 Q3,2028-09-30,Cafe,72519.0,77643.0,27309.0,27309.0,388213.0,92.0,144361.0,146.0,45210.0,50334.0,532574.0,Small
212,2027 Q2,2027-06-30,Cafe,259817.0,259818.0,94020.0,94020.0,1299088.0,91.0,472525.0,157.0,165797.0,165798.0,1771613.0,Large
212,2027 Q3,2027-09-30,Cafe,186741.0,186741.0,66696.0,66696.0,933707.0,92.0,335215.0,146.0,120045.0,120045.0,1268922.0,Large
212,2027 Q4,2027-12-31,Cafe,149698.0,149698.0,55863.0,55863.0,748492.0,92.0,280500.0,146.0,93835.0,93835.0,1028992.0,Large
212,2028 Q1,2028-03-31,Cafe,309667.0,309667.0,106855.0,106855.0,1548335.0,91.0,536790.0,146.0,202812.0,202812.0,2085125.0,Large
212,2028 Q2,2028-06-30,Cafe,176539.0,176539.0,64120.81,64120.81,882694.0,91.0,322116.01,148.0,112418.19,112418.19,1204810.01,Large
212,2028 Q3,2028-09-30,Cafe,284552.0,284552.0,95062.0,95062.0,1422761.0,92.0,477932.0,146.0,189490.0,189490.0,1900693.0,Large
213,2027 Q2,2027-06-30,Cafe,171956.0,171956.0,67825.3,67825.3,859781.0,91.0,345526.48,158.0,104130.7,104130.7,1205307.48,Medium
213,2027 Q3,2027-09-30,Cafe,129539.0,129539.0,49555.3,49555.3,647693.0,92.0,252545.48,147.0,79983.7,79983.7,900238.48,Medium
213,2027 Q4,2027-12-31,Cafe,128299.0,128299.0,49234.34,49234.34,641495.0,92.0,250409.69,147.0,79064.66,79064.66,891904.69,Medium
213,2028 Q1,2028-03-31,Cafe,210449.0,210449.0,75602.53,75602.53,1052246.0,91.0,384569.64,147.0,134846.47,134846.47,1436815.6400000001,Medium
213,2028 Q2,2028-06-30,Cafe,147434.0,147434.0,57847.3,57847.3,737172.0,91.0,294595.48,147.0,89586.7,89586.7,1031767.48,Medium
213,2028 Q3,2028-09-30,Cafe,209466.0,209466.0,73192.0,73192.0,1047331.0,92.0,373681.0,146.0,136274.0,136274.0,1421012.0,Medium
214,2027 Q2,2027-06-30,Cafe,110661.0,112346.0,46109.0,46109.0,561728.0,91.0,231743.0,157.0,64552.0,66237.0,793471.0,Small
214,2027 Q3,2027-09-30,Cafe,104544.0,104544.0,40374.0,40374.0,522721.0,92.0,202985.0,146.0,64170.0,64170.0,725706.0,Small
214,2027 Q4,2027-12-31,Cafe,111542.0,111542.0,42899.0,42899.0,557711.0,92.0,215518.0,146.0,68643.0,68643.0,773229.0,Small
214,2028 Q1,2028-03-31,Cafe,108852.0,108852.0,42517.0,42517.0,544260.0,91.0,213565.0,146.0,66335.0,66335.0,757825.0,Small
214,2028 Q2,2028-06-30,Cafe,106371.0,106371.0,41813.0,41813.0,531856.0,91.0,210139.0,146.0,64558.0,64558.0,741995.0,Small
214,2028 Q3,2028-09-30,Cafe,98886.0,98886.0,37636.0,37636.0,494429.0,92.0,189213.0,146.0,61250.0,61250.0,683642.0,Small
215,2027 Q2,2027-06-30,Cafe,172836.0,207237.0,78967.0,78967.0,1036187.0,91.0,402678.0,157.0,93869.0,128270.0,1438865.0,Medium
215,2027 Q3,2027-09-30,Cafe,160771.0,188036.0,67863.0,67863.0,940180.0,92.0,346596.0,147.0,92908.0,120173.0,1286776.0,Medium
215,2027 Q4,2027-12-31,Cafe,148683.0,195378.0,70566.0,70565.0,976888.0,92.0,359194.0,146.0,78117.0,124813.0,1336082.0,Medium
215,2028 Q1,2028-03-31,Cafe,162229.0,185405.0,68224.0,68224.0,927024.0,91.0,347061.0,146.0,94005.0,117181.0,1274085.0,Medium
215,2028 Q2,2028-06-30,Cafe,150323.0,176022.0,65236.0,65236.0,880110.0,91.0,332492.0,146.0,85087.0,110786.0,1212602.0,Medium
215,2028 Q3,2028-09-30,Cafe,137911.0,158701.0,57485.0,57485.0,793506.0,92.0,293455.13,147.0,80426.0,101216.0,1086961.13,Medium
216,2027 Q2,2027-06-30,Cafe,78578.0,79452.0,31311.0,31311.0,397259.0,91.0,163554.0,157.0,47267.0,48141.0,560813.0,Small
216,2027 Q3,2027-09-30,Cafe,65875.0,66743.0,26088.0,26088.0,333716.0,92.0,137396.86,148.0,39787.0,40655.0,471112.86,Small
216,2027 Q4,2027-12-31,Cafe,128412.0,130235.0,46117.0,46117.0,651175.0,92.0,240447.39,147.0,82295.0,84118.0,891622.39,Small
216,2028 Q1,2028-03-31,Cafe,86263.0,86263.0,33082.0,33082.0,431317.0,91.0,172040.0,146.0,53181.0,53181.0,603357.0,Small
216,2028 Q2,2028-06-30,Cafe,134241.0,134241.0,48971.0,48971.0,671207.0,91.0,256249.0,146.0,85270.0,85270.0,927456.0,Small
216,2028 Q3,2028-09-30,Cafe,100596.0,100596.0,35494.0,35494.0,502979.0,92.0,186178.0,146.0,65102.0,65102.0,689157.0,Small
217,2027 Q2,2027-06-30,Cafe,101864.0,106441.0,39994.0,39994.0,532205.0,91.0,199971.0,157.0,61870.0,66447.0,732176.0,Small
217,2027 Q3,2027-09-30,Cafe,97327.0,101488.0,35897.0,35897.0,507440.0,92.0,179484.0,146.0,61430.0,65591.0,686924.0,Small
217,2027 Q4,2027-12-31,Cafe,106989.0,111447.0,40210.47,40210.47,557234.0,92.0,201052.36,147.0,66778.53,71236.53,758286.36,Small
217,2028 Q1,2028-03-31,Cafe,107977.0,112593.0,40079.0,40079.0,562966.0,91.0,200394.0,146.0,67898.0,72514.0,763360.0,Small
217,2028 Q2,2028-06-30,Cafe,112482.0,114544.0,40856.0,40856.0,572720.0,91.0,204279.0,146.0,71626.0,73688.0,776999.0,Small
217,2028 Q3,2028-09-30,Cafe,109553.0,111561.0,38376.0,38376.0,557805.0,92.0,191882.0,146.0,71177.0,73185.0,749687.0,Small
218,2027 Q2,2027-06-30,Cafe,243541.0,282530.0,90592.0,90592.0,1412650.0,91.0,482478.0,157.0,152949.0,191938.0,1895128.0,Large
218,2027 Q3,2027-09-30,Cafe,237983.0,273858.0,82268.0,82269.0,1369291.0,92.0,440357.0,146.0,155715.0,191589.0,1809648.0,Large
218,2027 Q4,2027-12-31,Cafe,267025.0,305871.0,90811.0,90811.0,1529357.0,92.0,484859.0,146.0,176214.0,215060.0,2014216.0,Large
218,2028 Q1,2028-03-31,Cafe,275361.0,313981.0,94634.0,94634.0,1569904.0,91.0,503429.0,146.0,180727.0,219347.0,2073333.0,Large
218,2028 Q2,2028-06-30,Cafe,278902.0,323552.0,97632.0,97632.0,1617761.0,91.0,520301.0,146.0,181270.0,225920.0,2138062.0,Large
218,2028 Q3,2028-09-30,Cafe,277219.0,317912.0,91837.0,91837.0,1589560.0,92.0,492137.0,146.0,185382.0,226075.0,2081697.0,Large
219,2027 Q2,2027-06-30,Cafe,43873.0,89536.0,36921.09,36921.09,447681.0,91.0,185599.45,158.0,6951.9100000000035,52614.91,633280.45,Small
219,2027 Q3,2027-09-30,Cafe,45157.0,86178.0,33330.0,33330.0,430892.0,92.0,167606.0,146.0,11827.0,52848.0,598498.0,Small
219,2027 Q4,2027-12-31,Cafe,49074.0,95105.0,36925.43,36925.43,475523.0,92.0,185538.16,147.0,12148.57,58179.57,661061.16,Small
219,2028 Q1,2028-03-31,Cafe,49353.0,96017.0,38287.07,38287.07,480086.0,91.0,192338.37,147.0,11065.93,57729.93,672424.37,Small
219,2028 Q2,2028-06-30,Cafe,49088.0,97011.0,37788.0,37788.0,485056.0,91.0,189960.0,146.0,11300.0,59223.0,675016.0,Small
219,2028 Q3,2028-09-30,Cafe,45141.0,93266.0,35095.0,35095.0,466329.0,92.0,176489.0,146.0,10046.0,58171.0,642818.0,Small
220,2027 Q2,2027-06-30,Cafe,97366.0,119614.0,46320.0,46320.0,598069.0,91.0,234547.0,157.0,51046.0,73294.0,832616.0,Medium
220,2027 Q3,2027-09-30,Cafe,86108.0,114964.0,42202.0,42202.0,574818.0,92.0,213840.0,146.0,43906.0,72762.0,788658.0,Medium
220,2027 Q4,2027-12-31,Cafe,109638.0,127339.0,46198.0,46198.0,636693.0,92.0,233692.0,146.0,63440.0,81141.0,870385.0,Medium
220,2028 Q1,2028-03-31,Cafe,122257.0,129784.0,47530.0,47530.0,648922.0,91.0,240357.0,146.0,74727.0,82254.0,889279.0,Medium
220,2028 Q2,2028-06-30,Cafe,109032.0,133128.0,49192.35,49192.35,665639.0,91.0,249073.74,147.0,59839.65,83935.65,914712.74,Medium
220,2028 Q3,2028-09-30,Cafe,99181.0,130673.0,46158.0,46158.0,653365.0,92.0,233941.0,146.0,53023.0,84515.0,887306.0,Medium
221,2027 Q2,2027-06-30,Cafe,126963.0,147975.0,57646.0,57646.0,739874.0,91.0,288232.0,157.0,69317.0,90329.0,1028106.0,Small
221,2027 Q3,2027-09-30,Cafe,54115.0,63366.0,24155.0,24155.0,316828.0,92.0,120777.0,146.0,29960.0,39211.0,437605.0,Small
221,2027 Q4,2027-12-31,Cafe,102570.0,121385.0,46134.0,46134.0,606924.0,92.0,230670.0,146.0,56436.0,75251.0,837594.0,Small
221,2028 Q1,2028-03-31,Cafe,107825.0,127152.0,46841.0,46841.0,635759.0,91.0,234204.0,146.0,60984.0,80311.0,869963.0,Small
221,2028 Q2,2028-06-30,Cafe,102625.0,120452.0,46296.0,46296.0,602261.0,91.0,231480.0,146.0,56329.0,74156.0,833741.0,Small
221,2028 Q3,2028-09-30,Cafe,114080.0,135006.0,48988.0,48988.0,675031.0,92.0,244938.0,146.0,65092.0,86018.0,919969.0,Small
222,2027 Q2,2027-06-30,Cafe,198578.0,198578.0,81005.0,81005.0,992889.0,91.0,407158.0,157.0,117573.0,117573.0,1400047.0,Large
222,2027 Q3,2027-09-30,Cafe,190964.0,190964.0,73569.0,73569.0,954820.0,92.0,369896.0,146.0,117395.0,117395.0,1324716.0,Large
222,2027 Q4,2027-12-31,Cafe,211539.0,211539.0,80708.0,80708.0,1057697.0,92.0,405498.0,146.0,130831.0,130831.0,1463195.0,Large
222,2028 Q1,2028-03-31,Cafe,213090.0,215460.0,83048.0,83048.0,1077302.0,91.0,417199.0,146.0,130042.0,132412.0,1494501.0,Large
222,2028 Q2,2028-06-30,Cafe,220644.0,220644.0,85084.0,85084.0,1103220.0,91.0,427669.0,146.0,135560.0,135560.0,1530889.0,Large
222,2028 Q3,2028-09-30,Cafe,215945.0,215945.0,80433.0,80433.0,1079723.0,92.0,404436.0,146.0,135512.0,135512.0,1484159.0,Large
223,2027 Q2,2027-06-30,Cafe,94151.0,94151.0,39265.0,39265.0,470755.0,91.0,196324.0,157.0,54886.0,54886.0,667079.0,Medium
223,2027 Q3,2027-09-30,Cafe,108928.0,108928.0,43398.0,43398.0,544638.0,92.0,216990.0,146.0,65530.0,65530.0,761628.0,Medium
223,2027 Q4,2027-12-31,Cafe,171745.0,171745.0,61432.0,61432.0,858725.0,92.0,307158.0,146.0,110313.0,110313.0,1165883.0,Medium
223,2028 Q1,2028-03-31,Cafe,130197.0,130197.0,49418.0,49418.0,650986.0,91.0,247089.0,146.0,80779.0,80779.0,898075.0,Medium
223,2028 Q2,2028-06-30,Cafe,165031.0,165031.0,60833.0,60833.0,825156.0,91.0,304164.0,146.0,104198.0,104198.0,1129320.0,Medium
223,2028 Q3,2028-09-30,Cafe,106722.0,106722.0,39938.0,39938.0,533612.0,92.0,199691.0,146.0,66784.0,66784.0,733303.0,Medium
224,2027 Q2,2027-06-30,Cafe,64224.0,65269.0,25644.0,25644.0,326343.0,91.0,134003.0,157.0,38580.0,39625.0,460346.0,Medium
224,2027 Q3,2027-09-30,Cafe,126019.0,128329.0,43740.0,43740.0,641644.0,92.0,230765.0,146.0,82279.0,84589.0,872409.0,Medium
224,2027 Q4,2027-12-31,Cafe,170503.0,173452.0,54288.16,54288.16,867262.0,92.0,286350.81,147.0,116214.84,119163.84,1153612.81,Medium
224,2028 Q1,2028-03-31,Cafe,153716.0,153716.0,51352.0,51352.0,768582.0,91.0,269841.0,146.0,102364.0,102364.0,1038423.0,Medium
224,2028 Q2,2028-06-30,Cafe,193223.0,193223.0,62272.0,62271.0,966113.0,91.0,327660.0,146.0,130951.0,130952.0,1293773.0,Medium
224,2028 Q3,2028-09-30,Cafe,92075.0,93288.0,31180.0,31180.0,466441.0,92.0,163982.0,146.0,60895.0,62108.0,630423.0,Medium
225,2027 Q2,2027-06-30,Cafe,111871.0,111871.0,37957.0,37956.0,559353.0,91.0,200271.92,158.0,73914.0,73915.0,759624.92,Small
225,2027 Q3,2027-09-30,Cafe,104359.0,104359.0,33343.0,33343.0,521797.0,92.0,176018.0,146.0,71016.0,71016.0,697815.0,Small
225,2027 Q4,2027-12-31,Cafe,111659.0,111659.0,35807.0,35807.0,558297.0,92.0,187808.23,147.0,75852.0,75852.0,746105.23,Small
225,2028 Q1,2028-03-31,Cafe,109315.0,109315.0,35627.0,35627.0,546577.0,91.0,186388.0,146.0,73688.0,73688.0,732965.0,Small
225,2028 Q2,2028-06-30,Cafe,107200.0,107200.0,34897.0,34897.0,535999.0,91.0,183548.0,146.0,72303.0,72303.0,719547.0,Small
225,2028 Q3,2028-09-30,Cafe,100047.0,100047.0,31521.0,31521.0,500236.0,92.0,166498.65,147.0,68526.0,68526.0,666734.65,Small
226,2027 Q2,2027-06-30,Cafe,120799.0,120799.0,49743.73,49743.73,603994.0,91.0,258838.63,159.0,71055.26999999999,71055.26999999999,862832.63,Medium
226,2027 Q3,2027-09-30,Cafe,146406.0,146406.0,53466.0,53466.0,732030.0,92.0,278390.0,146.0,92940.0,92940.0,1010420.0,Medium
226,2027 Q4,2027-12-31,Cafe,120798.0,120798.0,46416.0,46416.0,603988.0,92.0,240092.0,146.0,74382.0,74382.0,844080.0,Medium
226,2028 Q1,2028-03-31,Cafe,153820.0,153820.0,57886.0,57886.0,769102.0,91.0,299418.0,146.0,95934.0,95934.0,1068520.0,Medium
226,2028 Q2,2028-06-30,Cafe,96206.0,96206.0,37499.0,37499.0,481028.0,91.0,194202.0,146.0,58707.0,58707.0,675230.0,Medium
226,2028 Q3,2028-09-30,Cafe,122876.0,122876.0,46134.0,46134.0,614380.0,92.0,240024.0,146.0,76742.0,76742.0,854404.0,Medium
227,2027 Q2,2027-06-30,Cafe,151329.0,165931.0,61060.0,61060.0,829656.0,91.0,309218.0,157.0,90269.0,104871.0,1138874.0,Medium
227,2027 Q3,2027-09-30,Cafe,139871.0,165332.0,55635.01,55635.01,826661.0,92.0,281946.04,147.0,84235.98999999999,109696.98999999999,1108607.04,Medium
227,2027 Q4,2027-12-31,Cafe,121541.0,159923.0,56613.0,56613.0,799615.0,92.0,286338.0,146.0,64928.0,103310.0,1085953.0,Medium
227,2028 Q1,2028-03-31,Cafe,167386.0,195773.0,67561.05,67561.05,978866.0,91.0,341649.25,147.0,99824.95,128211.95,1320515.25,Medium
227,2028 Q2,2028-06-30,Cafe,91149.0,100054.0,38174.0,38174.0,500271.0,91.0,193107.0,146.0,52975.0,61880.0,693378.0,Medium
227,2028 Q3,2028-09-30,Cafe,108626.0,129010.0,44881.0,44881.0,645048.0,92.0,227509.34,147.0,63745.0,84129.0,872557.34,Medium
228,2027 Q2,2027-06-30,Cafe,97754.0,97754.0,34955.0,34955.0,488770.0,91.0,185167.0,157.0,62799.0,62799.0,673937.0,Small
228,2027 Q3,2027-09-30,Cafe,99564.0,99564.0,33144.0,33144.0,497819.0,92.0,176474.0,146.0,66420.0,66420.0,674293.0,Small
228,2027 Q4,2027-12-31,Cafe,115648.0,115648.0,38943.19,38943.19,578241.0,92.0,206726.93,147.0,76704.81,76704.81,784967.9299999999,Small
228,2028 Q1,2028-03-31,Cafe,122351.0,122351.0,40555.0,40555.0,611756.0,91.0,214887.0,146.0,81796.0,81796.0,826643.0,Small
228,2028 Q2,2028-06-30,Cafe,128912.0,128912.0,42792.0,42792.0,644562.0,91.0,226980.0,146.0,86120.0,86120.0,871542.0,Small
228,2028 Q3,2028-09-30,Cafe,128827.0,128827.0,40827.0,40827.0,644133.0,92.0,217722.0,146.0,88000.0,88000.0,861855.0,Small
229,2027 Q2,2027-06-30,Cafe,116537.0,116537.0,47274.0,47274.0,582686.0,91.0,244917.0,157.0,69263.0,69263.0,827603.0,Small
229,2027 Q3,2027-09-30,Cafe,111139.0,112489.0,43017.51,43016.51,562444.0,92.0,223325.55,147.0,68121.48999999999,69472.48999999999,785769.55,Small
229,2027 Q4,2027-12-31,Cafe,124447.0,124447.0,47305.0,47305.0,622234.0,92.0,244381.0,146.0,77142.0,77142.0,866615.0,Small
229,2028 Q1,2028-03-31,Cafe,125905.0,125905.0,48503.0,48503.0,629525.0,91.0,250331.0,146.0,77402.0,77402.0,879856.0,Small
229,2028 Q2,2028-06-30,Cafe,127426.0,127426.0,48969.0,48969.0,637131.0,91.0,253701.0,146.0,78457.0,78457.0,890832.0,Small
229,2028 Q3,2028-09-30,Cafe,122677.0,122677.0,45377.0,45377.0,613383.0,92.0,235685.0,146.0,77300.0,77300.0,849068.0,Small
230,2027 Q2,2027-06-30,Cafe,117824.0,119740.0,40374.0,40374.0,598702.0,91.0,213677.0,157.0,77450.0,79366.0,812379.0,Medium
230,2027 Q3,2027-09-30,Cafe,120046.0,121874.0,40103.15,40103.15,609371.0,92.0,212812.72,149.0,79942.85,81770.85,822183.72,Medium
230,2027 Q4,2027-12-31,Cafe,141478.0,141478.0,43715.0,43715.0,707388.0,92.0,232203.0,146.0,97763.0,97763.0,939591.0,Medium
230,2028 Q1,2028-03-31,Cafe,147203.0,149597.0,46760.0,46760.0,747986.0,91.0,247538.0,146.0,100443.0,102837.0,995524.0,Medium
230,2028 Q2,2028-06-30,Cafe,155339.0,157545.0,49208.0,49208.0,787724.0,91.0,260796.0,146.0,106131.0,108337.0,1048520.0,Medium
230,2028 Q3,2028-09-30,Cafe,157372.0,157372.0,46973.0,46973.0,786859.0,92.0,250259.0,146.0,110399.0,110399.0,1037118.0,Medium
231,2027 Q2,2027-06-30,Cafe,105672.0,105672.0,37377.0,37377.0,528361.0,91.0,200151.0,157.0,68295.0,68295.0,728512.0,Small
231,2027 Q3,2027-09-30,Cafe,103207.0,103207.0,34123.0,34123.0,516033.0,92.0,184575.1,147.0,69084.0,69084.0,700608.1,Small
231,2027 Q4,2027-12-31,Cafe,115308.0,116827.0,38283.0,38283.0,584136.0,92.0,205549.0,146.0,77025.0,78544.0,789685.0,Small
231,2028 Q1,2028-03-31,Cafe,122342.0,122342.0,40652.0,40652.0,611711.0,91.0,217425.0,146.0,81690.0,81690.0,829136.0,Small
231,2028 Q2,2028-06-30,Cafe,129260.0,129260.0,43091.9,43091.9,646301.0,91.0,230901.52,147.0,86168.1,86168.1,877202.52,Small
231,2028 Q3,2028-09-30,Cafe,130613.0,130613.0,41410.98,41410.98,653063.0,92.0,223319.89,147.0,89202.01999999999,89202.01999999999,876382.89,Small
232,2027 Q2,2027-06-30,Cafe,79879.0,79879.0,34232.0,34232.0,399395.0,91.0,171162.0,157.0,45647.0,45647.0,570557.0,Small
232,2027 Q3,2027-09-30,Cafe,76039.0,76039.0,30863.0,30863.0,380196.0,92.0,154316.0,146.0,45176.0,45176.0,534512.0,Small
232,2027 Q4,2027-12-31,Cafe,82988.0,82988.0,33301.0,33301.0,414942.0,92.0,166506.0,146.0,49687.0,49687.0,581448.0,Small
232,2028 Q1,2028-03-31,Cafe,82849.0,82849.0,33648.0,33648.0,414245.0,91.0,168241.0,146.0,49201.0,49201.0,582486.0,Small
232,2028 Q2,2028-06-30,Cafe,82785.0,82785.0,33777.0,33777.0,413923.0,91.0,168883.0,146.0,49008.0,49008.0,582806.0,Small
232,2028 Q3,2028-09-30,Cafe,78701.0,78701.0,31203.0,31203.0,393506.0,92.0,156013.0,146.0,47498.0,47498.0,549519.0,Small
233,2027 Q2,2027-06-30,Cafe,128211.0,186897.0,61473.84,61473.84,934487.0,91.0,325149.21,158.0,66737.16,125423.16,1259636.21,Medium
233,2027 Q3,2027-09-30,Cafe,138052.0,203017.0,61279.0,61279.0,1015083.0,92.0,325623.0,146.0,76773.0,141738.0,1340706.0,Medium
233,2027 Q4,2027-12-31,Cafe,67168.0,134605.0,42980.0,42980.0,673025.0,92.0,225922.0,146.0,24188.0,91625.0,898947.0,Medium
233,2028 Q1,2028-03-31,Cafe,97023.0,161975.0,50720.0,50720.0,809876.0,91.0,266404.0,146.0,46303.0,111255.0,1076280.0,Medium
233,2028 Q2,2028-06-30,Cafe,109273.0,158138.0,50996.0,50996.0,790689.0,91.0,269566.0,146.0,58277.0,107142.0,1060255.0,Medium
233,2028 Q3,2028-09-30,Cafe,120084.0,185602.0,55400.0,55400.0,928008.0,92.0,294195.0,146.0,64684.0,130202.0,1222203.0,Medium
234,2027 Q2,2027-06-30,Cafe,98704.0,109671.0,34716.86,34716.86,548353.0,91.0,186134.28,158.0,63987.14,74954.14,734487.28,Small
234,2027 Q3,2027-09-30,Cafe,90972.0,105049.0,31061.0,31061.0,525246.0,92.0,167495.0,146.0,59911.0,73988.0,692741.0,Small
234,2027 Q4,2027-12-31,Cafe,86273.0,115959.0,34000.0,34000.0,579795.0,92.0,182788.0,146.0,52273.0,81959.0,762583.0,Small
234,2028 Q1,2028-03-31,Cafe,96607.0,117813.0,36018.15,36018.15,589067.0,91.0,192527.74,147.0,60588.85,81794.85,781594.74,Small
234,2028 Q2,2028-06-30,Cafe,106320.0,120544.0,36027.0,36027.0,602722.0,91.0,193257.0,146.0,70293.0,84517.0,795979.0,Small
234,2028 Q3,2028-09-30,Cafe,103821.0,118113.0,33788.0,33788.0,590566.0,92.0,182353.0,146.0,70033.0,84325.0,772919.0,Small
235,2027 Q2,2027-06-30,Cafe,453324.0,453324.0,161766.0,161766.0,2266619.0,91.0,856324.0,157.0,291558.0,291558.0,3122943.0,Large
235,2027 Q3,2027-09-30,Cafe,433452.0,433452.0,144540.0,144540.0,2167258.0,92.0,768920.0,146.0,288912.0,288912.0,2936178.0,Large
235,2027 Q4,2027-12-31,Cafe,478030.0,478030.0,158797.0,158797.0,2390150.0,92.0,843555.0,146.0,319233.0,319233.0,3233705.0,Large
235,2028 Q1,2028-03-31,Cafe,486007.0,486007.0,164111.0,164111.0,2430036.0,91.0,868511.0,146.0,321896.0,321896.0,3298547.0,Large
235,2028 Q2,2028-06-30,Cafe,498702.0,498702.0,168772.0,168772.0,2493511.0,91.0,893598.0,146.0,329930.0,329930.0,3387109.0,Large
235,2028 Q3,2028-09-30,Cafe,491216.0,491216.0,159103.0,159103.0,2456078.0,92.0,846785.0,146.0,332113.0,332113.0,3302863.0,Large
236,2027 Q2,2027-06-30,Cafe,102618.0,113390.0,48542.39,48542.39,566949.0,91.0,252587.97,158.0,54075.61,64847.61,819536.97,Medium
236,2027 Q3,2027-09-30,Cafe,89753.0,109455.0,42423.0,42423.0,547276.0,92.0,221639.0,146.0,47330.0,67032.0,768915.0,Medium
236,2027 Q4,2027-12-31,Cafe,95862.0,122273.0,47162.0,47162.0,611366.0,92.0,244980.0,146.0,48700.0,75111.0,856346.0,Medium
236,2028 Q1,2028-03-31,Cafe,109689.0,126370.0,49222.0,49222.0,631851.0,91.0,255436.0,146.0,60467.0,77148.0,887287.0,Medium
236,2028 Q2,2028-06-30,Cafe,115349.0,132130.0,51108.0,51108.0,660648.0,91.0,266468.0,146.0,64241.0,81022.0,927116.0,Medium
236,2028 Q3,2028-09-30,Cafe,112579.0,132758.0,49263.0,49263.0,663789.0,92.0,257626.0,146.0,63316.0,83495.0,921415.0,Medium
237,2027 Q2,2027-06-30,Cafe,249844.0,253906.0,86898.0,86898.0,1269531.0,91.0,457479.0,157.0,162946.0,167008.0,1727010.0,Large
237,2027 Q3,2027-09-30,Cafe,249918.0,256589.0,81851.0,81851.0,1282946.0,92.0,432897.0,146.0,168067.0,174738.0,1715843.0,Large
237,2027 Q4,2027-12-31,Cafe,290413.0,296038.0,93068.0,93068.0,1480191.0,92.0,491842.0,146.0,197345.0,202970.0,1972033.0,Large
237,2028 Q1,2028-03-31,Cafe,304200.0,311361.0,99148.0,99148.0,1556805.0,91.0,522242.0,146.0,205052.0,212213.0,2079047.0,Large
237,2028 Q2,2028-06-30,Cafe,321185.0,326408.0,104111.0,104111.0,1632039.0,91.0,548635.0,146.0,217074.0,222297.0,2180674.0,Large
237,2028 Q3,2028-09-30,Cafe,316942.0,324736.0,99005.0,99005.0,1623680.0,92.0,526460.81,147.0,217937.0,225731.0,2150140.81,Large
238,2027 Q2,2027-06-30,Cafe,89219.0,90394.0,32221.0,32221.0,451970.0,91.0,169150.0,157.0,56998.0,58173.0,621120.0,Small
238,2027 Q3,2027-09-30,Cafe,88881.0,90235.0,30144.0,30143.0,451174.0,92.0,158735.0,146.0,58737.0,60092.0,609909.0,Small
238,2027 Q4,2027-12-31,Cafe,99074.0,102988.0,34129.0,34128.0,514942.0,92.0,178526.0,146.0,64945.0,68860.0,693468.0,Small
238,2028 Q1,2028-03-31,Cafe,104921.0,107281.0,35887.0,35886.0,536403.0,91.0,187506.0,146.0,69034.0,71395.0,723909.0,Small
238,2028 Q2,2028-06-30,Cafe,111521.0,111521.0,37052.0,37052.0,557603.0,91.0,194663.0,146.0,74469.0,74469.0,752266.0,Small
238,2028 Q3,2028-09-30,Cafe,108126.0,110108.0,35122.0,35122.0,550539.0,92.0,185179.0,146.0,73004.0,74986.0,735718.0,Small
239,2027 Q2,2027-06-30,Cafe,257397.0,257397.0,96535.0,96535.0,1286983.0,91.0,482673.0,157.0,160862.0,160862.0,1769656.0,Large
239,2027 Q3,2027-09-30,Cafe,248088.0,248088.0,88058.0,88058.0,1240440.0,92.0,440289.0,146.0,160030.0,160030.0,1680729.0,Large
239,2027 Q4,2027-12-31,Cafe,275557.0,275557.0,96596.0,96596.0,1377783.0,92.0,482982.0,146.0,178961.0,178961.0,1860765.0,Large
239,2028 Q1,2028-03-31,Cafe,281501.0,281501.0,99592.0,99592.0,1407505.0,91.0,497960.0,146.0,181909.0,181909.0,1905465.0,Large
239,2028 Q2,2028-06-30,Cafe,289118.0,289118.0,102762.26,102762.26,1445589.0,91.0,513810.29,147.0,186355.74,186355.74,1959399.29,Large
239,2028 Q3,2028-09-30,Cafe,283689.0,283689.0,97044.0,97044.0,1418444.0,92.0,485221.0,146.0,186645.0,186645.0,1903665.0,Large
240,2027 Q2,2027-06-30,Cafe,84586.0,88387.0,32149.0,32149.0,441933.0,91.0,169755.28,158.0,52437.0,56238.0,611688.28,Small
240,2027 Q3,2027-09-30,Cafe,87060.0,91067.0,30879.43,30879.43,455335.0,92.0,163209.14,147.0,56180.57,60187.57,618544.14,Small
240,2027 Q4,2027-12-31,Cafe,102021.0,106828.0,36058.0,36058.0,534141.0,92.0,189379.36,147.0,65963.0,70770.0,723520.36,Small
240,2028 Q1,2028-03-31,Cafe,112515.0,113997.0,38901.0,38901.0,569983.0,91.0,203846.0,146.0,73614.0,75096.0,773829.0,Small
240,2028 Q2,2028-06-30,Cafe,118945.0,121002.0,41879.09,41879.09,605010.0,91.0,220503.45,147.0,77065.91,79122.91,825513.45,Small
240,2028 Q3,2028-09-30,Cafe,120018.0,121721.0,39442.0,39442.0,608607.0,92.0,208719.0,146.0,80576.0,82279.0,817326.0,Small
241,2027 Q2,2027-06-30,Cafe,100519.0,101740.0,36892.0,36892.0,508699.0,91.0,187853.0,157.0,63627.0,64848.0,696552.0,Small
241,2027 Q3,2027-09-30,Cafe,101840.0,101841.0,34601.0,34601.0,509203.0,92.0,176394.0,146.0,67239.0,67240.0,685597.0,Small
241,2027 Q4,2027-12-31,Cafe,116503.0,116503.0,39225.0,39225.0,582513.0,92.0,199463.0,146.0,77278.0,77278.0,781976.0,Small
241,2028 Q1,2028-03-31,Cafe,121592.0,121592.0,41352.0,41352.0,607962.0,91.0,210186.0,146.0,80240.0,80240.0,818148.0,Small
241,2028 Q2,2028-06-30,Cafe,126597.0,126597.0,43500.62,43500.62,632986.0,91.0,221500.1,147.0,83096.38,83096.38,854486.1,Small
241,2028 Q3,2028-09-30,Cafe,125157.0,125157.0,40824.0,40824.0,625783.0,92.0,208195.0,146.0,84333.0,84333.0,833978.0,Small
242,2027 Q2,2027-06-30,Cafe,103481.0,105057.0,42534.0,42534.0,525285.0,91.0,212671.0,157.0,60947.0,62523.0,737956.0,Medium
242,2027 Q3,2027-09-30,Cafe,106642.0,106642.0,40640.0,40640.0,533210.0,92.0,203199.0,146.0,66002.0,66002.0,736409.0,Medium
242,2027 Q4,2027-12-31,Cafe,123547.0,123547.0,48225.22,48225.22,617734.0,92.0,241126.08,147.0,75321.78,75321.78,858860.08,Medium
242,2028 Q1,2028-03-31,Cafe,130447.0,130447.0,48749.0,48749.0,652233.0,91.0,243745.0,146.0,81698.0,81698.0,895978.0,Medium
242,2028 Q2,2028-06-30,Cafe,135458.0,137242.0,51159.0,51159.0,686208.0,91.0,255795.0,146.0,84299.0,86083.0,942003.0,Medium
242,2028 Q3,2028-09-30,Cafe,137007.0,137007.0,49261.0,49261.0,685034.0,92.0,246304.0,146.0,87746.0,87746.0,931338.0,Medium
243,2027 Q2,2027-06-30,Cafe,101588.0,101588.0,44439.0,44439.0,507939.0,91.0,229913.0,157.0,57149.0,57149.0,737852.0,Medium
243,2027 Q3,2027-09-30,Cafe,104773.0,104773.0,42954.0,42954.0,523863.0,92.0,222706.0,146.0,61819.0,61819.0,746569.0,Medium
243,2027 Q4,2027-12-31,Cafe,123056.0,123056.0,49398.0,49398.0,615281.0,92.0,255021.0,146.0,73658.0,73658.0,870302.0,Medium
243,2028 Q1,2028-03-31,Cafe,131498.0,131498.0,52881.0,52881.0,657490.0,91.0,272843.0,146.0,78617.0,78617.0,930333.0,Medium
243,2028 Q2,2028-06-30,Cafe,139791.0,139791.0,55623.0,55623.0,698954.0,91.0,288165.0,146.0,84168.0,84168.0,987119.0,Medium
243,2028 Q3,2028-09-30,Cafe,140853.0,140853.0,53840.0,53839.0,704264.0,92.0,279624.0,146.0,87013.0,87014.0,983888.0,Medium
244,2027 Q2,2027-06-30,Cafe,116104.0,117753.0,46639.11,46639.11,588766.0,91.0,248090.56,158.0,69464.89,71113.89,836856.56,Medium
244,2027 Q3,2027-09-30,Cafe,112313.0,114957.0,40855.0,40855.0,574783.0,92.0,219016.0,146.0,71458.0,74102.0,793799.0,Medium
244,2027 Q4,2027-12-31,Cafe,124748.0,129541.0,45462.0,45462.0,647704.0,92.0,243066.0,146.0,79286.0,84079.0,890770.0,Medium
244,2028 Q1,2028-03-31,Cafe,132869.0,134347.0,47745.0,47745.0,671734.0,91.0,254369.0,146.0,85124.0,86602.0,926103.0,Medium
244,2028 Q2,2028-06-30,Cafe,137812.0,139911.0,49596.0,49596.0,699557.0,91.0,264809.0,146.0,88216.0,90315.0,964366.0,Medium
244,2028 Q3,2028-09-30,Cafe,135531.0,138864.0,47131.0,47131.0,694319.0,92.0,253072.0,146.0,88400.0,91733.0,947391.0,Medium
245,2027 Q2,2027-06-30,Cafe,88447.0,89521.0,36748.55,36748.55,447603.0,91.0,187128.76,158.0,51698.45,52772.45,634731.76,Small
245,2027 Q3,2027-09-30,Cafe,87851.0,87851.0,32942.0,32942.0,439257.0,92.0,168026.0,146.0,54909.0,54909.0,607283.0,Small
245,2027 Q4,2027-12-31,Cafe,98734.0,98734.0,36832.0,36832.0,493671.0,92.0,187374.0,146.0,61902.0,61902.0,681045.0,Small
245,2028 Q1,2028-03-31,Cafe,101414.0,101414.0,38270.0,38270.0,507072.0,91.0,194593.0,146.0,63144.0,63144.0,701665.0,Small
245,2028 Q2,2028-06-30,Cafe,104109.0,104109.0,40205.55,40205.55,520544.0,91.0,204755.76,147.0,63903.45,63903.45,725299.76,Small
245,2028 Q3,2028-09-30,Cafe,101612.0,101612.0,36861.0,36861.0,508062.0,92.0,188058.0,146.0,64751.0,64751.0,696120.0,Small
246,2027 Q2,2027-06-30,Cafe,147975.0,147975.0,59017.0,59017.0,739874.0,91.0,314019.82,158.0,88958.0,88958.0,1053893.82,Medium
246,2027 Q3,2027-09-30,Cafe,129803.0,129803.0,48232.0,48232.0,649017.0,92.0,256528.0,146.0,81571.0,81571.0,905545.0,Medium
246,2027 Q4,2027-12-31,Cafe,129058.0,129058.0,50954.0,50954.0,645292.0,92.0,270425.0,146.0,78104.0,78104.0,915717.0,Medium
246,2028 Q1,2028-03-31,Cafe,138562.0,138562.0,53138.0,53138.0,692812.0,91.0,280975.0,146.0,85424.0,85424.0,973787.0,Medium
246,2028 Q2,2028-06-30,Cafe,130252.0,130253.0,49570.0,49570.0,651263.0,91.0,262162.0,146.0,80682.0,80683.0,913425.0,Medium
246,2028 Q3,2028-09-30,Cafe,137742.0,137742.0,51431.0,51431.0,688709.0,92.0,273622.0,146.0,86311.0,86311.0,962331.0,Medium
247,2027 Q2,2027-06-30,Cafe,176507.0,176507.0,67973.0,67973.0,882537.0,91.0,344293.0,157.0,108534.0,108534.0,1226830.0,Large
247,2027 Q3,2027-09-30,Cafe,178656.0,178656.0,64748.0,64748.0,893278.0,92.0,328212.0,146.0,113908.0,113908.0,1221490.0,Large
247,2027 Q4,2027-12-31,Cafe,203985.0,206463.0,73426.0,73426.0,1032314.0,92.0,371582.0,146.0,130559.0,133037.0,1403896.0,Large
247,2028 Q1,2028-03-31,Cafe,217521.0,217521.0,77687.0,77687.0,1087603.0,91.0,393043.0,146.0,139834.0,139834.0,1480646.0,Large
247,2028 Q2,2028-06-30,Cafe,228425.0,228425.0,81212.0,81212.0,1142123.0,91.0,411484.0,146.0,147213.0,147213.0,1553607.0,Large
247,2028 Q3,2028-09-30,Cafe,227657.0,227657.0,78050.0,78050.0,1138284.0,92.0,395817.0,146.0,149607.0,149607.0,1534101.0,Large
248,2027 Q2,2027-06-30,Cafe,101069.0,111679.0,46848.0,46848.0,558394.0,91.0,242029.0,157.0,54221.0,64831.0,800423.0,Medium
248,2027 Q3,2027-09-30,Cafe,89914.0,111556.0,44060.0,44060.0,557780.0,92.0,228068.0,146.0,45854.0,67496.0,785848.0,Medium
248,2027 Q4,2027-12-31,Cafe,98367.0,127418.0,49548.0,49548.0,637090.0,92.0,255385.0,146.0,48819.0,77870.0,892475.0,Medium
248,2028 Q1,2028-03-31,Cafe,108129.0,132837.0,51970.0,51970.0,664186.0,91.0,267684.0,146.0,56159.0,80867.0,931870.0,Medium
248,2028 Q2,2028-06-30,Cafe,125907.0,138207.0,53711.0,53711.0,691034.0,91.0,278388.01,147.0,72196.0,84496.0,969422.01,Medium
248,2028 Q3,2028-09-30,Cafe,129753.0,136582.0,51185.57,51185.57,682910.0,92.0,265228.84,147.0,78567.43,85396.43,948138.8400000001,Medium
249,2027 Q2,2027-06-30,Cafe,92865.0,93993.0,37573.91,37573.91,469966.0,91.0,194759.53,158.0,55291.09,56419.09,664725.53,Small
249,2027 Q3,2027-09-30,Cafe,95373.0,96531.0,35901.62,35901.62,482654.0,92.0,186569.1,147.0,59471.38,60629.38,669223.1,Small
249,2027 Q4,2027-12-31,Cafe,111140.0,112947.0,41453.0,41453.0,564737.0,92.0,214382.0,146.0,69687.0,71494.0,779119.0,Small
249,2028 Q1,2028-03-31,Cafe,118234.0,120279.0,44530.0,44530.0,601394.0,91.0,230100.0,146.0,73704.0,75749.0,831494.0,Small
249,2028 Q2,2028-06-30,Cafe,126064.0,127466.0,47029.0,47029.0,637329.0,91.0,243992.0,146.0,79035.0,80437.0,881321.0,Small
249,2028 Q3,2028-09-30,Cafe,128060.0,128060.0,45222.0,45222.0,640301.0,92.0,235265.0,146.0,82838.0,82838.0,875566.0,Small
250,2027 Q2,2027-06-30,Cafe,84072.0,84072.0,34076.0,34077.0,420358.0,91.0,176829.0,157.0,49996.0,49995.0,597187.0,Medium
250,2027 Q3,2027-09-30,Cafe,144406.0,144406.0,49089.14,49088.14,722032.0,92.0,256326.71,147.0,95316.86,95317.86,978358.71,Medium
250,2027 Q4,2027-12-31,Cafe,132138.0,135249.0,47684.0,47684.0,676246.0,92.0,247339.0,146.0,84454.0,87565.0,923585.0,Medium
250,2028 Q1,2028-03-31,Cafe,106691.0,106691.0,38939.0,38939.0,533453.0,91.0,201532.33,147.0,67752.0,67752.0,734985.33,Medium
250,2028 Q2,2028-06-30,Cafe,159992.0,162593.0,55705.0,55705.0,812967.0,91.0,290139.0,146.0,104287.0,106888.0,1103106.0,Medium
250,2028 Q3,2028-09-30,Cafe,138346.0,138346.0,47013.09,47013.09,691728.0,92.0,245415.47,147.0,91332.91,91332.91,937143.47,Medium
251,2027 Q2,2027-06-30,Cafe,89013.0,89012.0,31596.0,31596.0,445062.0,91.0,160218.0,157.0,57417.0,57416.0,605280.0,Small
251,2027 Q3,2027-09-30,Cafe,84947.0,84947.0,28541.0,28541.0,424736.0,92.0,144840.0,146.0,56406.0,56406.0,569576.0,Small
251,2027 Q4,2027-12-31,Cafe,91740.0,93137.0,30940.0,30940.0,465687.0,92.0,156717.0,146.0,60800.0,62197.0,622404.0,Small
251,2028 Q1,2028-03-31,Cafe,93611.0,93611.0,31477.0,31477.0,468055.0,91.0,159379.0,146.0,62134.0,62134.0,627434.0,Small
251,2028 Q2,2028-06-30,Cafe,94347.0,94347.0,31803.0,31803.0,471734.0,91.0,161437.73,147.0,62544.0,62544.0,633171.73,Small
251,2028 Q3,2028-09-30,Cafe,90633.0,90633.0,29610.0,29610.0,453166.0,92.0,150281.0,146.0,61023.0,61023.0,603447.0,Small
252,2027 Q2,2027-06-30,Cafe,117726.0,119156.0,41009.0,41009.0,595781.0,91.0,224355.0,157.0,76717.0,78147.0,820136.0,Medium
252,2027 Q3,2027-09-30,Cafe,113709.0,115674.0,37228.0,37228.0,578372.0,92.0,205062.0,146.0,76481.0,78446.0,783434.0,Medium
252,2027 Q4,2027-12-31,Cafe,126619.0,128678.0,41507.64,41507.64,643390.0,92.0,227009.21,147.0,85111.36,87170.36,870399.21,Medium
252,2028 Q1,2028-03-31,Cafe,129053.0,130885.0,42645.0,42645.0,654427.0,91.0,232311.0,146.0,86408.0,88240.0,886738.0,Medium
252,2028 Q2,2028-06-30,Cafe,131412.0,133143.0,44831.57,44831.57,665716.0,91.0,244639.82,148.0,86580.43,88311.43,910355.8200000001,Medium
252,2028 Q3,2028-09-30,Cafe,127403.0,128820.0,40090.0,40090.0,644100.0,92.0,221708.49,147.0,87313.0,88730.0,865808.49,Medium
253,2027 Q2,2027-06-30,Cafe,95146.0,95146.0,34492.0,34492.0,475731.0,91.0,181140.0,157.0,60654.0,60654.0,656871.0,Small
253,2027 Q3,2027-09-30,Cafe,99330.0,100435.0,34048.0,34048.0,502176.0,92.0,179441.0,146.0,65282.0,66387.0,681617.0,Small
253,2027 Q4,2027-12-31,Cafe,124804.0,126705.0,41949.0,41949.0,633525.0,92.0,219683.0,146.0,82855.0,84756.0,853208.0,Small
253,2028 Q1,2028-03-31,Cafe,116025.0,117434.0,39530.0,39529.0,587171.0,91.0,206641.0,146.0,76495.0,77905.0,793812.0,Small
253,2028 Q2,2028-06-30,Cafe,94355.0,98286.0,33829.0,33829.0,491430.0,91.0,177603.0,146.0,60526.0,64457.0,669033.0,Small
253,2028 Q3,2028-09-30,Cafe,93802.0,97812.0,32419.0,32419.0,489059.0,92.0,170809.0,146.0,61383.0,65393.0,659868.0,Small
254,2027 Q2,2027-06-30,Cafe,49744.0,89790.0,35287.0,35287.0,448952.0,91.0,176437.0,157.0,14457.0,54503.0,625389.0,Small
254,2027 Q3,2027-09-30,Cafe,48553.0,87483.0,32394.0,32394.0,437413.0,92.0,161970.0,146.0,16159.0,55089.0,599383.0,Small
254,2027 Q4,2027-12-31,Cafe,54088.0,97632.0,35668.0,35668.0,488161.0,92.0,178342.0,146.0,18420.0,61964.0,666503.0,Small
254,2028 Q1,2028-03-31,Cafe,54678.0,99595.0,36777.0,36777.0,497975.0,91.0,183884.0,146.0,17901.0,62818.0,681859.0,Small
254,2028 Q2,2028-06-30,Cafe,55965.0,101569.0,37645.0,37645.0,507845.0,91.0,188223.0,146.0,18320.0,63924.0,696068.0,Small
254,2028 Q3,2028-09-30,Cafe,54171.0,98492.0,35273.0,35273.0,492459.0,92.0,176366.0,146.0,18898.0,63219.0,668825.0,Small
255,2027 Q2,2027-06-30,Cafe,76004.0,94415.0,34756.0,34756.0,472076.0,91.0,174788.0,157.0,41248.0,59659.0,646864.0,Small
255,2027 Q3,2027-09-30,Cafe,71689.0,97271.0,33475.0,33475.0,486356.0,92.0,168411.0,146.0,38214.0,63796.0,654767.0,Small
255,2027 Q4,2027-12-31,Cafe,90832.0,114111.0,38836.0,38836.0,570556.0,92.0,195226.0,146.0,51996.0,75275.0,765782.0,Small
255,2028 Q1,2028-03-31,Cafe,109485.0,121785.0,42652.09,42652.09,608925.0,91.0,214359.45,147.0,66832.91,79132.91,823284.45,Small
255,2028 Q2,2028-06-30,Cafe,121797.0,129296.0,44446.0,44446.0,646478.0,91.0,223538.0,146.0,77351.0,84850.0,870016.0,Small
255,2028 Q3,2028-09-30,Cafe,117870.0,130099.0,44034.83,44034.83,650496.0,92.0,221527.17,148.0,73835.17,86064.17,872023.17,Small
256,2027 Q2,2027-06-30,Cafe,182013.0,182013.0,66644.0,66644.0,910065.0,91.0,353657.0,157.0,115369.0,115369.0,1263722.0,Medium
256,2027 Q3,2027-09-30,Cafe,164579.0,164579.0,57081.0,57081.0,822894.0,92.0,304173.0,146.0,107498.0,107498.0,1127067.0,Medium
256,2027 Q4,2027-12-31,Cafe,170330.0,170330.0,59163.0,59163.0,851648.0,92.0,314506.0,146.0,111167.0,111167.0,1166154.0,Medium
256,2028 Q1,2028-03-31,Cafe,160903.0,160903.0,57180.0,57180.0,804513.0,91.0,302754.0,146.0,103723.0,103723.0,1107267.0,Medium
256,2028 Q2,2028-06-30,Cafe,150161.0,151985.0,54478.0,54478.0,759923.0,91.0,288609.0,146.0,95683.0,97507.0,1048532.0,Medium
256,2028 Q3,2028-09-30,Cafe,136231.0,136231.0,47785.0,47785.0,681153.0,92.0,254164.0,146.0,88446.0,88446.0,935317.0,Medium
257,2027 Q2,2027-06-30,Cafe,297980.0,499966.0,156679.0,156679.0,2499831.0,91.0,833970.0,157.0,141301.0,343287.0,3333801.0,Large
257,2027 Q3,2027-09-30,Cafe,281659.0,472582.0,138341.0,138341.0,2362911.0,92.0,740303.0,146.0,143318.0,334241.0,3103214.0,Large
257,2027 Q4,2027-12-31,Cafe,304624.0,513700.0,151723.12,151723.12,2568499.0,92.0,809349.57,148.0,152900.88,361976.88,3377848.57,Large
257,2028 Q1,2028-03-31,Cafe,299086.0,506068.0,150900.0,150900.0,2530338.0,91.0,802224.0,146.0,148186.0,355168.0,3332562.0,Large
257,2028 Q2,2028-06-30,Cafe,299200.0,500335.0,149497.0,149497.0,2501674.0,91.0,795625.0,146.0,149703.0,350838.0,3297299.0,Large
257,2028 Q3,2028-09-30,Cafe,284469.0,475700.0,136353.0,136353.0,2378500.0,92.0,729644.0,146.0,148116.0,339347.0,3108144.0,Large
258,2027 Q2,2027-06-30,Cafe,124216.0,133709.0,47788.0,47788.0,668545.0,91.0,248030.0,157.0,76428.0,85921.0,916575.0,Medium
258,2027 Q3,2027-09-30,Cafe,119857.0,128464.0,43477.0,43477.0,642319.0,92.0,226110.0,146.0,76380.0,84987.0,868429.0,Medium
258,2027 Q4,2027-12-31,Cafe,132565.0,141933.0,47600.0,47600.0,709663.0,92.0,246307.0,146.0,84965.0,94333.0,955970.0,Medium
258,2028 Q1,2028-03-31,Cafe,130935.0,143885.0,48783.0,48783.0,719423.0,91.0,252192.0,146.0,82152.0,95102.0,971615.0,Medium
258,2028 Q2,2028-06-30,Cafe,132155.0,146351.0,51959.21,51959.21,731754.0,91.0,269230.05,147.0,80195.79000000001,94391.79000000001,1000984.05,Medium
258,2028 Q3,2028-09-30,Cafe,130189.0,141973.0,46378.0,46378.0,709866.0,92.0,241334.0,146.0,83811.0,95595.0,951200.0,Medium
259,2027 Q2,2027-06-30,Cafe,108907.0,123899.0,40995.0,40995.0,619497.0,91.0,216700.0,157.0,67912.0,82904.0,836197.0,Small
259,2027 Q3,2027-09-30,Cafe,76792.0,86479.0,27964.0,27964.0,432393.0,92.0,148138.0,146.0,48828.0,58515.0,580531.0,Small
259,2027 Q4,2027-12-31,Cafe,98194.0,113257.0,36535.0,36535.0,566284.0,92.0,192184.0,146.0,61659.0,76722.0,758468.0,Small
259,2028 Q1,2028-03-31,Cafe,128194.0,144525.0,45769.0,45769.0,722627.0,91.0,240612.0,146.0,82425.0,98756.0,963239.0,Small
259,2028 Q2,2028-06-30,Cafe,106918.0,123748.0,39083.0,39083.0,618738.0,91.0,206525.0,146.0,67835.0,84665.0,825263.0,Small
259,2028 Q3,2028-09-30,Cafe,75982.0,86639.0,27574.91,27574.91,433197.0,92.0,146033.53,147.0,48407.09,59064.09,579230.53,Small
260,2027 Q2,2027-06-30,Cafe,56437.0,108117.0,43886.86,43886.86,540585.0,91.0,219433.31,158.0,12550.14,64230.14,760018.31,Small
260,2027 Q3,2027-09-30,Cafe,53902.0,103063.0,39228.0,39228.0,515317.0,92.0,196139.0,146.0,14674.0,63835.0,711456.0,Small
260,2027 Q4,2027-12-31,Cafe,60334.0,113197.0,42762.61,42762.61,565984.0,92.0,213811.03,147.0,17571.39,70434.39,779795.03,Small
260,2028 Q1,2028-03-31,Cafe,60674.0,114480.0,43727.0,43727.0,572401.0,91.0,218637.0,146.0,16947.0,70753.0,791038.0,Small
260,2028 Q2,2028-06-30,Cafe,62348.0,116757.0,44811.0,44811.0,583786.0,91.0,224055.0,146.0,17537.0,71946.0,807841.0,Small
260,2028 Q3,2028-09-30,Cafe,58044.0,114260.0,42273.0,42273.0,571301.0,92.0,211366.0,146.0,15771.0,71987.0,782667.0,Small
261,2027 Q2,2027-06-30,Cafe,113632.0,129865.0,47012.0,47012.0,649323.0,91.0,236397.0,157.0,66620.0,82853.0,885720.0,Medium
261,2027 Q3,2027-09-30,Cafe,98159.0,124725.0,42707.0,42707.0,623625.0,92.0,214816.0,146.0,55452.0,82018.0,838441.0,Medium
261,2027 Q4,2027-12-31,Cafe,104604.0,137818.0,48524.3,48524.3,689090.0,92.0,243842.48,147.0,56079.7,89293.7,932932.48,Medium
261,2028 Q1,2028-03-31,Cafe,115720.0,139759.0,47698.0,47698.0,698795.0,91.0,239704.0,146.0,68022.0,92061.0,938499.0,Medium
261,2028 Q2,2028-06-30,Cafe,130359.0,142159.0,50791.06,50791.06,710793.0,91.0,255341.3,148.0,79567.94,91367.94,966134.3,Medium
261,2028 Q3,2028-09-30,Cafe,131991.0,137778.0,46015.12,46015.12,688889.0,92.0,231460.6,148.0,85975.88,91762.88,920349.6,Medium
262,2027 Q2,2027-06-30,Cafe,159526.0,204520.0,81889.0,81889.0,1022598.0,91.0,411515.0,157.0,77637.0,122631.0,1434113.0,Large
262,2027 Q3,2027-09-30,Cafe,147915.0,198810.0,75338.0,75338.0,994051.0,92.0,378697.0,146.0,72577.0,123472.0,1372748.0,Large
262,2027 Q4,2027-12-31,Cafe,181562.0,221417.0,82696.0,82696.0,1107087.0,92.0,415409.0,146.0,98866.0,138721.0,1522496.0,Large
262,2028 Q1,2028-03-31,Cafe,209211.0,225443.0,85007.0,85007.0,1127213.0,91.0,426966.0,146.0,124204.0,140436.0,1554179.0,Large
262,2028 Q2,2028-06-30,Cafe,218278.0,229525.0,86519.0,86519.0,1147625.0,91.0,434794.0,146.0,131759.0,143006.0,1582419.0,Large
262,2028 Q3,2028-09-30,Cafe,195340.0,222230.0,81389.86,81389.86,1111150.0,92.0,409299.38,148.0,113950.14,140840.14,1520449.38,Large
263,2027 Q2,2027-06-30,Cafe,82332.0,88150.0,32016.0,32016.0,440750.0,91.0,170418.0,157.0,50316.0,56134.0,611168.0,Small
263,2027 Q3,2027-09-30,Cafe,85609.0,90496.0,30570.0,30570.0,452479.0,92.0,163606.0,146.0,55039.0,59926.0,616085.0,Small
263,2027 Q4,2027-12-31,Cafe,97932.0,105872.0,35367.0,35367.0,529358.0,92.0,188783.0,146.0,62565.0,70505.0,718141.0,Small
263,2028 Q1,2028-03-31,Cafe,106436.0,112750.0,38119.0,38119.0,563749.0,91.0,202764.0,146.0,68317.0,74631.0,766513.0,Small
263,2028 Q2,2028-06-30,Cafe,110309.0,119511.0,40235.0,40235.0,597554.0,91.0,214482.0,146.0,70074.0,79276.0,812036.0,Small
263,2028 Q3,2028-09-30,Cafe,110739.0,120107.0,38572.0,38572.0,600537.0,92.0,206800.0,146.0,72167.0,81535.0,807337.0,Small
264,2027 Q2,2027-06-30,Cafe,206171.0,208464.0,81516.0,81516.0,1042321.0,91.0,423039.0,157.0,124655.0,126948.0,1465360.0,Large
264,2027 Q3,2027-09-30,Cafe,194908.0,194908.0,71957.0,71957.0,974541.0,92.0,374228.0,146.0,122951.0,122951.0,1348769.0,Large
264,2027 Q4,2027-12-31,Cafe,206430.0,208937.0,80036.17,80036.17,1044687.0,92.0,413520.85,147.0,126393.83,128900.83,1458207.85,Large
264,2028 Q1,2028-03-31,Cafe,201994.0,204862.0,76760.0,76760.0,1024311.0,91.0,396659.0,146.0,125234.0,128102.0,1420970.0,Large
264,2028 Q2,2028-06-30,Cafe,198705.0,201118.0,75493.0,75493.0,1005592.0,91.0,392617.65,147.0,123212.0,125625.0,1398209.65,Large
264,2028 Q3,2028-09-30,Cafe,185765.0,187831.0,68399.0,68399.0,939153.0,92.0,355641.0,146.0,117366.0,119432.0,1294794.0,Large
265,2027 Q2,2027-06-30,Cafe,210675.0,210675.0,73567.0,73567.0,1053374.0,91.0,381452.44,158.0,137108.0,137108.0,1434826.44,Large
265,2027 Q3,2027-09-30,Cafe,178628.0,178628.0,60184.0,60184.0,893138.0,92.0,312671.62,147.0,118444.0,118444.0,1205809.62,Large
265,2027 Q4,2027-12-31,Cafe,173892.0,173892.0,61534.37,61534.37,869458.0,92.0,316820.83,147.0,112357.63,112357.63,1186278.83,Large
265,2028 Q1,2028-03-31,Cafe,197484.0,197484.0,67395.0,67395.0,987418.0,91.0,347213.0,146.0,130089.0,130089.0,1334631.0,Large
265,2028 Q2,2028-06-30,Cafe,208437.0,208437.0,69794.0,69794.0,1042183.0,91.0,360963.0,146.0,138643.0,138643.0,1403146.0,Large
265,2028 Q3,2028-09-30,Cafe,169733.0,169733.0,57047.0,57047.0,848666.0,92.0,295365.0,146.0,112686.0,112686.0,1144031.0,Large
266,2027 Q2,2027-06-30,Cafe,60594.0,103226.0,34450.0,34450.0,516128.0,91.0,178709.0,157.0,26144.0,68776.0,694837.0,Small
266,2027 Q3,2027-09-30,Cafe,48736.0,98456.0,30909.0,30909.0,492279.0,92.0,160698.0,146.0,17827.0,67547.0,652977.0,Small
266,2027 Q4,2027-12-31,Cafe,62234.0,107672.0,33831.0,33831.0,538360.0,92.0,174953.0,146.0,28403.0,73841.0,713313.0,Small
266,2028 Q1,2028-03-31,Cafe,75834.0,107719.0,34297.0,34297.0,538597.0,91.0,177599.97,147.0,41537.0,73422.0,716196.97,Small
266,2028 Q2,2028-06-30,Cafe,84244.0,107867.0,34235.0,34235.0,539336.0,91.0,177569.0,146.0,50009.0,73632.0,716905.0,Small
266,2028 Q3,2028-09-30,Cafe,75233.0,102776.0,31498.0,31498.0,513882.0,92.0,163785.0,146.0,43735.0,71278.0,677667.0,Small
267,2027 Q2,2027-06-30,Cafe,86359.0,86359.0,33850.53,33850.53,431794.0,91.0,170126.63,158.0,52508.47,52508.47,601920.63,Small
267,2027 Q3,2027-09-30,Cafe,83648.0,84836.0,31328.0,31328.0,424182.0,92.0,157500.0,146.0,52320.0,53508.0,581682.0,Small
267,2027 Q4,2027-12-31,Cafe,95438.0,95438.0,34791.0,34791.0,477189.0,92.0,174854.48,147.0,60647.0,60647.0,652043.48,Small
267,2028 Q1,2028-03-31,Cafe,96743.0,98117.0,36071.0,36071.0,490585.0,91.0,181198.0,146.0,60672.0,62046.0,671783.0,Small
267,2028 Q2,2028-06-30,Cafe,100807.0,100807.0,37039.0,37039.0,504037.0,91.0,186161.0,146.0,63768.0,63768.0,690198.0,Small
267,2028 Q3,2028-09-30,Cafe,98467.0,98467.0,34976.0,34976.0,492337.0,92.0,175854.0,146.0,63491.0,63491.0,668191.0,Small
268,2027 Q2,2027-06-30,Cafe,115958.0,115958.0,50270.0,50270.0,579791.0,91.0,251349.0,157.0,65688.0,65688.0,831140.0,Medium
268,2027 Q3,2027-09-30,Cafe,118439.0,118439.0,48269.0,48269.0,592193.0,92.0,241344.0,146.0,70170.0,70170.0,833537.0,Medium
268,2027 Q4,2027-12-31,Cafe,137927.0,137927.0,55491.82,55491.82,689633.0,92.0,277459.09,147.0,82435.18,82435.18,967092.0900000001,Medium
268,2028 Q1,2028-03-31,Cafe,146270.0,146270.0,58461.0,58461.0,731349.0,91.0,292306.0,146.0,87809.0,87809.0,1023655.0,Medium
268,2028 Q2,2028-06-30,Cafe,154451.0,154451.0,61519.0,61519.0,772254.0,91.0,307593.0,146.0,92932.0,92932.0,1079847.0,Medium
268,2028 Q3,2028-09-30,Cafe,152657.0,154668.0,59370.0,59370.0,773340.0,92.0,296851.0,146.0,93287.0,95298.0,1070191.0,Medium
269,2027 Q2,2027-06-30,Cafe,97377.0,100389.0,31543.0,31543.0,501946.0,91.0,168380.0,157.0,65834.0,68846.0,670326.0,Small
269,2027 Q3,2027-09-30,Cafe,99630.0,101147.0,30031.97,30031.97,505734.0,92.0,161045.83,147.0,69598.03,71115.03,666779.83,Small
269,2027 Q4,2027-12-31,Cafe,113971.0,116416.0,33891.0,33891.0,582078.0,92.0,181502.25,147.0,80080.0,82525.0,763580.25,Small
269,2028 Q1,2028-03-31,Cafe,119147.0,122202.0,36139.29,36139.29,611010.0,91.0,192637.44,148.0,83007.70999999999,86062.70999999999,803647.44,Small
269,2028 Q2,2028-06-30,Cafe,125610.0,127912.0,37622.96,37622.96,639561.0,91.0,201016.81,147.0,87987.04000000001,90289.04000000001,840577.81,Small
269,2028 Q3,2028-09-30,Cafe,123926.0,127104.0,35715.36,35715.36,635521.0,92.0,191944.78,147.0,88210.64,91388.64,827465.78,Small
270,2027 Q2,2027-06-30,Cafe,102731.0,103979.0,35949.0,35949.0,519893.0,91.0,183075.0,158.0,66782.0,68030.0,702968.0,Small
270,2027 Q3,2027-09-30,Cafe,85056.0,85057.0,26983.0,26983.0,425283.0,92.0,137613.0,146.0,58073.0,58074.0,562896.0,Small
270,2027 Q4,2027-12-31,Cafe,68345.0,68345.0,22542.0,22542.0,341724.0,92.0,114594.0,146.0,45803.0,45803.0,456318.0,Small
270,2028 Q1,2028-03-31,Cafe,77991.0,77991.0,25989.0,25989.0,389956.0,91.0,132087.0,146.0,52002.0,52002.0,522043.0,Small
270,2028 Q2,2028-06-30,Cafe,101633.0,101633.0,32888.95,32888.95,508166.0,91.0,167544.77,147.0,68744.05,68744.05,675710.77,Small
270,2028 Q3,2028-09-30,Cafe,89785.0,89785.0,28100.0,28100.0,448923.0,92.0,143323.0,146.0,61685.0,61685.0,592246.0,Small
271,2027 Q2,2027-06-30,Cafe,94863.0,94863.0,35225.0,35225.0,474316.0,91.0,185149.0,157.0,59638.0,59638.0,659465.0,Small
271,2027 Q3,2027-09-30,Cafe,91829.0,93133.0,32464.0,32464.0,465664.0,92.0,171167.0,146.0,59365.0,60669.0,636831.0,Small
271,2027 Q4,2027-12-31,Cafe,103241.0,104707.0,36414.0,36414.0,523534.0,92.0,190638.0,146.0,66827.0,68293.0,714172.0,Small
271,2028 Q1,2028-03-31,Cafe,105860.0,107581.0,37815.0,37815.0,537905.0,91.0,197730.0,146.0,68045.0,69766.0,735635.0,Small
271,2028 Q2,2028-06-30,Cafe,110466.0,110466.0,38554.0,38554.0,552330.0,91.0,202728.0,146.0,71912.0,71912.0,755058.0,Small
271,2028 Q3,2028-09-30,Cafe,106221.0,107839.0,36208.0,36208.0,539195.0,92.0,191065.0,146.0,70013.0,71631.0,730260.0,Small
272,2027 Q2,2027-06-30,Cafe,135219.0,137000.0,45404.0,45404.0,684998.0,91.0,230189.0,157.0,89815.0,91596.0,915187.0,Small
272,2027 Q3,2027-09-30,Cafe,123344.0,125605.0,37750.0,37750.0,628023.0,92.0,191571.0,146.0,85594.0,87855.0,819594.0,Small
272,2027 Q4,2027-12-31,Cafe,118287.0,119724.0,37920.0,37920.0,598619.0,92.0,192227.54,147.0,80367.0,81804.0,790846.54,Small
272,2028 Q1,2028-03-31,Cafe,69323.0,70165.0,22950.0,22950.0,350825.0,91.0,116087.0,146.0,46373.0,47215.0,466912.0,Small
272,2028 Q2,2028-06-30,Cafe,110629.0,112657.0,36337.0,36337.0,563283.0,91.0,184174.0,146.0,74292.0,76320.0,747457.0,Small
272,2028 Q3,2028-09-30,Cafe,136466.0,138263.0,42086.0,42086.0,691317.0,92.0,213542.0,146.0,94380.0,96177.0,904859.0,Small
273,2027 Q2,2027-06-30,Cafe,88797.0,89876.0,32307.0,32307.0,449381.0,91.0,162417.0,157.0,56490.0,57569.0,611798.0,Small
273,2027 Q3,2027-09-30,Cafe,90920.0,90920.0,30679.0,30679.0,454598.0,92.0,154288.0,146.0,60241.0,60241.0,608886.0,Small
273,2027 Q4,2027-12-31,Cafe,103649.0,105014.0,34929.0,34929.0,525071.0,92.0,175533.0,146.0,68720.0,70085.0,700604.0,Small
273,2028 Q1,2028-03-31,Cafe,109032.0,110580.0,37316.06,37316.06,552898.0,91.0,187563.89,148.0,71715.94,73263.94,740461.89,Small
273,2028 Q2,2028-06-30,Cafe,113510.0,116063.0,38799.0,38799.0,580317.0,91.0,195074.0,146.0,74711.0,77264.0,775391.0,Small
273,2028 Q3,2028-09-30,Cafe,114228.0,115615.0,37203.0,37203.0,578073.0,92.0,187121.0,146.0,77025.0,78412.0,765194.0,Small
274,2027 Q2,2027-06-30,Cafe,107546.0,122910.0,41116.0,41116.0,614551.0,91.0,218370.0,157.0,66430.0,81794.0,832921.0,Small
274,2027 Q3,2027-09-30,Cafe,95085.0,114698.0,37473.7,37473.7,573488.0,92.0,199580.3,149.0,57611.3,77224.3,773068.3,Small
274,2027 Q4,2027-12-31,Cafe,93791.0,122763.0,38570.0,38570.0,613815.0,92.0,205345.0,146.0,55221.0,84193.0,819160.0,Small
274,2028 Q1,2028-03-31,Cafe,100269.0,120227.0,38486.0,38486.0,601137.0,91.0,204103.0,146.0,61783.0,81741.0,805240.0,Small
274,2028 Q2,2028-06-30,Cafe,99659.0,117940.0,37824.0,37824.0,589700.0,91.0,200872.6,147.0,61835.0,80116.0,790572.6,Small
274,2028 Q3,2028-09-30,Cafe,93371.0,110107.0,34118.0,34118.0,550536.0,92.0,181995.0,146.0,59253.0,75989.0,732531.0,Small
275,2027 Q2,2027-06-30,Cafe,110063.0,111966.0,43293.0,43293.0,559829.0,91.0,230407.0,157.0,66770.0,68673.0,790236.0,Medium
275,2027 Q3,2027-09-30,Cafe,112636.0,112636.0,40733.0,40733.0,563181.0,92.0,218670.56,147.0,71903.0,71903.0,781851.56,Medium
275,2027 Q4,2027-12-31,Cafe,129434.0,129434.0,46192.0,46192.0,647170.0,92.0,246441.0,146.0,83242.0,83242.0,893611.0,Medium
275,2028 Q1,2028-03-31,Cafe,133749.0,135647.0,48930.0,48930.0,678237.0,91.0,260178.0,146.0,84819.0,86717.0,938415.0,Medium
275,2028 Q2,2028-06-30,Cafe,140198.0,141757.0,50868.0,50868.0,708784.0,91.0,271101.0,146.0,89330.0,90889.0,979885.0,Medium
275,2028 Q3,2028-09-30,Cafe,140630.0,140630.0,48362.0,48362.0,703148.0,92.0,259146.0,146.0,92268.0,92268.0,962294.0,Medium
276,2027 Q2,2027-06-30,Cafe,105890.0,105890.0,38439.0,38439.0,529449.0,91.0,205234.0,157.0,67451.0,67451.0,734683.0,Small
276,2027 Q3,2027-09-30,Cafe,101945.0,101945.0,34677.0,34677.0,509727.0,92.0,186119.0,146.0,67268.0,67268.0,695846.0,Small
276,2027 Q4,2027-12-31,Cafe,113453.0,113453.0,38323.0,38323.0,567264.0,92.0,205077.0,146.0,75130.0,75130.0,772341.0,Small
276,2028 Q1,2028-03-31,Cafe,116691.0,116691.0,40005.0,40005.0,583453.0,91.0,213278.0,146.0,76686.0,76686.0,796731.0,Small
276,2028 Q2,2028-06-30,Cafe,121407.0,121407.0,41556.0,41556.0,607037.0,91.0,222010.0,146.0,79851.0,79851.0,829047.0,Small
276,2028 Q3,2028-09-30,Cafe,121538.0,121538.0,39748.0,39748.0,607691.0,92.0,213594.0,146.0,81790.0,81790.0,821285.0,Small
277,2027 Q2,2027-06-30,Cafe,166422.0,166422.0,64872.0,64872.0,832110.0,91.0,330529.0,157.0,101550.0,101550.0,1162639.0,Medium
277,2027 Q3,2027-09-30,Cafe,155631.0,155631.0,57876.9,57876.9,778157.0,92.0,295140.51,147.0,97754.1,97754.1,1073297.51,Medium
277,2027 Q4,2027-12-31,Cafe,170379.0,170379.0,62817.0,62817.0,851895.0,92.0,319525.0,146.0,107562.0,107562.0,1171420.0,Medium
277,2028 Q1,2028-03-31,Cafe,170529.0,170529.0,63572.0,63572.0,852645.0,91.0,323212.0,146.0,106957.0,106957.0,1175857.0,Medium
277,2028 Q2,2028-06-30,Cafe,167298.0,167298.0,62285.0,62285.0,836492.0,91.0,317628.84,147.0,105013.0,105013.0,1154120.84,Medium
277,2028 Q3,2028-09-30,Cafe,157637.0,157637.0,57070.0,57070.0,788186.0,92.0,291072.0,146.0,100567.0,100567.0,1079258.0,Medium
278,2027 Q2,2027-06-30,Cafe,121818.0,121818.0,43141.0,43141.0,609090.0,91.0,218758.0,157.0,78677.0,78677.0,827848.0,Small
278,2027 Q3,2027-09-30,Cafe,58341.0,58342.0,20904.0,20904.0,291708.0,92.0,106000.0,146.0,37437.0,37438.0,397708.0,Small
278,2027 Q4,2027-12-31,Cafe,102909.0,102909.0,35709.0,35708.0,514543.0,92.0,180850.0,146.0,67200.0,67201.0,695393.0,Small
278,2028 Q1,2028-03-31,Cafe,134668.0,134668.0,46010.0,46010.0,673340.0,91.0,233004.0,146.0,88658.0,88658.0,906344.0,Small
278,2028 Q2,2028-06-30,Cafe,84394.0,84394.0,29588.12,29587.12,421970.0,91.0,149964.58,147.0,54805.880000000005,54806.880000000005,571934.58,Small
278,2028 Q3,2028-09-30,Cafe,75782.0,75782.0,26220.0,26220.0,378910.0,92.0,133035.0,146.0,49562.0,49562.0,511945.0,Small
279,2027 Q2,2027-06-30,Cafe,84995.0,84995.0,31514.0,31514.0,424973.0,91.0,166911.0,157.0,53481.0,53481.0,591884.0,Small
279,2027 Q3,2027-09-30,Cafe,109337.0,110888.0,37632.0,37632.0,554442.0,92.0,200314.0,146.0,71705.0,73256.0,754756.0,Small
279,2027 Q4,2027-12-31,Cafe,148672.0,148672.0,49162.0,49162.0,743361.0,92.0,259672.0,146.0,99510.0,99510.0,1003033.0,Small
279,2028 Q1,2028-03-31,Cafe,125984.0,125984.0,42397.0,42397.0,629919.0,91.0,223416.0,146.0,83587.0,83587.0,853335.0,Small
279,2028 Q2,2028-06-30,Cafe,90070.0,90070.0,31311.0,31311.0,450349.0,91.0,166371.59,148.0,58759.0,58759.0,616720.59,Small
279,2028 Q3,2028-09-30,Cafe,92552.0,92553.0,30967.0,30967.0,462763.0,92.0,164654.0,146.0,61585.0,61586.0,627417.0,Small
280,2027 Q2,2027-06-30,Cafe,212154.0,214948.0,86745.0,86745.0,1074738.0,91.0,441953.0,157.0,125409.0,128203.0,1516691.0,Large
280,2027 Q3,2027-09-30,Cafe,216205.0,216205.0,82299.1,82299.1,1081027.0,92.0,419756.49,147.0,133905.9,133905.9,1500783.49,Large
280,2027 Q4,2027-12-31,Cafe,248450.0,248450.0,92857.0,92857.0,1242248.0,92.0,472461.0,146.0,155593.0,155593.0,1714709.0,Large
280,2028 Q1,2028-03-31,Cafe,260408.0,260408.0,98010.0,98010.0,1302038.0,91.0,498475.0,146.0,162398.0,162398.0,1800513.0,Large
280,2028 Q2,2028-06-30,Cafe,268383.0,272194.0,102039.0,102039.0,1360970.0,91.0,520062.0,146.0,166344.0,170155.0,1881032.0,Large
280,2028 Q3,2028-09-30,Cafe,264978.0,270110.0,97476.0,97476.0,1350549.0,92.0,497470.0,146.0,167502.0,172634.0,1848019.0,Large
281,2027 Q2,2027-06-30,Cafe,194334.0,194334.0,72872.0,72872.0,971669.0,91.0,388958.35,158.0,121462.0,121462.0,1360627.35,Large
281,2027 Q3,2027-09-30,Cafe,191361.0,191361.0,71121.03,71121.03,956805.0,92.0,379131.2,148.0,120239.97,120239.97,1335936.2,Large
281,2027 Q4,2027-12-31,Cafe,213173.0,215762.0,75128.0,75128.0,1078809.0,92.0,400445.0,146.0,138045.0,140634.0,1479254.0,Large
281,2028 Q1,2028-03-31,Cafe,222303.0,222303.0,78309.0,78309.0,1111514.0,91.0,416002.0,146.0,143994.0,143994.0,1527516.0,Large
281,2028 Q2,2028-06-30,Cafe,228867.0,228867.0,80211.0,80211.0,1144337.0,91.0,427020.0,146.0,148656.0,148656.0,1571357.0,Large
281,2028 Q3,2028-09-30,Cafe,224000.0,224000.0,75489.0,75489.0,1119999.0,92.0,405689.2,147.0,148511.0,148511.0,1525688.2,Large
282,2027 Q2,2027-06-30,Cafe,107784.0,228355.0,89647.0,89647.0,1141775.0,91.0,450637.0,157.0,18137.0,138708.0,1592412.0,Large
282,2027 Q3,2027-09-30,Cafe,111980.0,228530.0,84479.0,84479.0,1142652.0,92.0,424792.0,146.0,27501.0,144051.0,1567444.0,Large
282,2027 Q4,2027-12-31,Cafe,122329.0,261387.0,94596.0,94596.0,1306936.0,92.0,475527.63,147.0,27733.0,166791.0,1782463.63,Large
282,2028 Q1,2028-03-31,Cafe,136932.0,272772.0,103787.16,103787.16,1363862.0,91.0,521357.82,147.0,33144.84,168984.84,1885219.82,Large
282,2028 Q2,2028-06-30,Cafe,136876.0,283975.0,103491.0,103491.0,1419874.0,91.0,520283.0,146.0,33385.0,180484.0,1940157.0,Large
282,2028 Q3,2028-09-30,Cafe,133627.0,280728.0,98690.0,98690.0,1403639.0,92.0,496331.0,146.0,34937.0,182038.0,1899970.0,Large
283,2027 Q2,2027-06-30,Cafe,74849.0,76299.0,28152.23,28152.23,381496.0,91.0,140760.16,158.0,46696.770000000004,48146.770000000004,522256.16000000003,Small
283,2027 Q3,2027-09-30,Cafe,101462.0,103427.0,34723.0,34723.0,517134.0,92.0,173613.0,146.0,66739.0,68704.0,690747.0,Small
283,2027 Q4,2027-12-31,Cafe,131019.0,132745.0,43149.0,43149.0,663723.0,92.0,215747.0,146.0,87870.0,89596.0,879470.0,Small
283,2028 Q1,2028-03-31,Cafe,107895.0,109649.0,36353.01,36353.01,548246.0,91.0,181765.06,147.0,71541.98999999999,73295.98999999999,730011.06,Small
283,2028 Q2,2028-06-30,Cafe,76096.0,77098.0,26637.0,26637.0,385492.0,91.0,133186.0,146.0,49459.0,50461.0,518678.0,Small
283,2028 Q3,2028-09-30,Cafe,74713.0,76316.0,26953.16,26953.16,381581.0,92.0,134765.8,148.0,47759.84,49362.84,516346.8,Small
284,2027 Q2,2027-06-30,Cafe,86000.0,86000.0,32207.0,32208.0,430002.0,91.0,168522.0,157.0,53793.0,53792.0,598524.0,Small
284,2027 Q3,2027-09-30,Cafe,81975.0,81975.0,28822.0,28822.0,409874.0,92.0,151234.0,146.0,53153.0,53153.0,561108.0,Small
284,2027 Q4,2027-12-31,Cafe,89604.0,89604.0,31469.0,31469.0,448019.0,92.0,164124.76,147.0,58135.0,58135.0,612143.76,Small
284,2028 Q1,2028-03-31,Cafe,89610.0,89610.0,31966.3,31966.3,448049.0,91.0,166431.51,147.0,57643.7,57643.7,614480.51,Small
284,2028 Q2,2028-06-30,Cafe,89711.0,89711.0,31959.0,31959.0,448556.0,91.0,167193.0,146.0,57752.0,57752.0,615749.0,Small
284,2028 Q3,2028-09-30,Cafe,85467.0,85467.0,29339.0,29339.0,427335.0,92.0,153975.0,146.0,56128.0,56128.0,581310.0,Small
285,2027 Q2,2027-06-30,Cafe,118957.0,118957.0,49745.0,49745.0,594785.0,91.0,248724.0,157.0,69212.0,69212.0,843509.0,Small
285,2027 Q3,2027-09-30,Cafe,133125.0,135015.0,51371.0,51371.0,675073.0,92.0,256855.0,146.0,81754.0,83644.0,931928.0,Small
285,2027 Q4,2027-12-31,Cafe,80576.0,80576.0,33021.0,33021.0,402881.0,92.0,165106.0,146.0,47555.0,47555.0,567987.0,Small
285,2028 Q1,2028-03-31,Cafe,68886.0,68886.0,28919.71,28919.71,344428.0,91.0,144600.57,147.0,39966.29,39966.29,489028.57,Small
285,2028 Q2,2028-06-30,Cafe,113529.0,113529.0,45896.42,45896.42,567645.0,91.0,229484.1,147.0,67632.58,67632.58,797129.1,Small
285,2028 Q3,2028-09-30,Cafe,84096.0,84096.0,33318.0,33318.0,420482.0,92.0,166590.0,146.0,50778.0,50778.0,587072.0,Small
286,2027 Q2,2027-06-30,Cafe,105767.0,105767.0,36980.0,36980.0,528837.0,91.0,191735.0,157.0,68787.0,68787.0,720572.0,Small
286,2027 Q3,2027-09-30,Cafe,97694.0,97694.0,32250.0,32250.0,488469.0,92.0,167558.0,146.0,65444.0,65444.0,656027.0,Small
286,2027 Q4,2027-12-31,Cafe,103457.0,103457.0,35497.97,35497.97,517284.0,92.0,183245.84,148.0,67959.03,67959.03,700529.84,Small
286,2028 Q1,2028-03-31,Cafe,100201.0,100201.0,33730.0,33730.0,501006.0,91.0,174130.0,146.0,66471.0,66471.0,675136.0,Small
286,2028 Q2,2028-06-30,Cafe,97190.0,97190.0,32757.0,32757.0,485951.0,91.0,169739.0,146.0,64433.0,64433.0,655690.0,Small
286,2028 Q3,2028-09-30,Cafe,89672.0,89672.0,29362.0,29362.0,448360.0,92.0,152490.0,146.0,60310.0,60310.0,600850.0,Small
287,2027 Q2,2027-06-30,Cafe,137253.0,155264.0,52411.0,52411.0,776320.0,91.0,281172.0,157.0,84842.0,102853.0,1057492.0,Small
287,2027 Q3,2027-09-30,Cafe,73545.0,85518.0,27228.0,27228.0,427589.0,92.0,146355.0,146.0,46317.0,58290.0,573944.0,Small
287,2027 Q4,2027-12-31,Cafe,73422.0,81671.0,28162.78,28162.78,408357.0,92.0,150449.92,147.0,45259.22,53508.22,558806.92,Small
287,2028 Q1,2028-03-31,Cafe,106884.0,120637.0,40597.0,40597.0,603185.0,91.0,216979.0,146.0,66287.0,80040.0,820164.0,Small
287,2028 Q2,2028-06-30,Cafe,75027.0,83549.0,28236.0,28236.0,417744.0,91.0,150842.0,146.0,46791.0,55313.0,568586.0,Small
287,2028 Q3,2028-09-30,Cafe,111080.0,127239.0,39958.46,39958.46,636197.0,92.0,215362.28,147.0,71121.54000000001,87280.54000000001,851559.28,Small
288,2027 Q2,2027-06-30,Cafe,157508.0,157508.0,57317.0,57317.0,787540.0,91.0,288160.0,157.0,100191.0,100191.0,1075700.0,Medium
288,2027 Q3,2027-09-30,Cafe,108270.0,108270.0,40230.0,40230.0,541348.0,92.0,202287.0,146.0,68040.0,68040.0,743635.0,Medium
288,2027 Q4,2027-12-31,Cafe,102062.0,102062.0,37741.0,37741.0,510310.0,92.0,189618.0,146.0,64321.0,64321.0,699928.0,Medium
288,2028 Q1,2028-03-31,Cafe,146118.0,146118.0,51261.0,51261.0,730592.0,91.0,257660.0,147.0,94857.0,94857.0,988252.0,Medium
288,2028 Q2,2028-06-30,Cafe,122081.0,123439.0,45930.0,45930.0,617197.0,91.0,230904.0,146.0,76151.0,77509.0,848101.0,Medium
288,2028 Q3,2028-09-30,Cafe,139533.0,139533.0,47989.0,47989.0,697665.0,92.0,241340.0,146.0,91544.0,91544.0,939005.0,Medium
289,2027 Q2,2027-06-30,Cafe,78269.0,170521.0,57253.0,57253.0,852606.0,91.0,296676.0,157.0,21016.0,113268.0,1149282.0,Medium
289,2027 Q3,2027-09-30,Cafe,75145.0,160910.0,50262.0,50262.0,804552.0,92.0,261017.0,146.0,24883.0,110648.0,1065569.0,Medium
289,2027 Q4,2027-12-31,Cafe,78608.0,169049.0,54136.0,54136.0,845243.0,92.0,279664.0,146.0,24472.0,114913.0,1124907.0,Medium
289,2028 Q1,2028-03-31,Cafe,79753.0,173000.0,56467.1,56467.1,865000.0,91.0,291116.52,147.0,23285.9,116532.9,1156116.52,Medium
289,2028 Q2,2028-06-30,Cafe,139049.0,195843.0,62284.0,62284.0,979215.0,91.0,322821.0,146.0,76765.0,133559.0,1302036.0,Medium
289,2028 Q3,2028-09-30,Cafe,135247.0,189422.0,59850.1,59850.1,947110.0,92.0,310656.52,147.0,75396.9,129571.9,1257766.52,Medium
290,2027 Q2,2027-06-30,Cafe,84800.0,86091.0,31475.0,31475.0,430453.0,91.0,171887.0,157.0,53325.0,54616.0,602340.0,Small
290,2027 Q3,2027-09-30,Cafe,86913.0,88686.0,30118.0,30118.0,443432.0,92.0,165672.0,146.0,56795.0,58568.0,609104.0,Small
290,2027 Q4,2027-12-31,Cafe,100173.0,104022.0,35027.0,35027.0,520109.0,92.0,191959.56,147.0,65146.0,68995.0,712068.56,Small
290,2028 Q1,2028-03-31,Cafe,109213.0,110989.0,37783.0,37783.0,554946.0,91.0,205732.0,146.0,71430.0,73206.0,760678.0,Small
290,2028 Q2,2028-06-30,Cafe,116503.0,117799.0,39764.0,39764.0,588995.0,91.0,217654.0,146.0,76739.0,78035.0,806649.0,Small
290,2028 Q3,2028-09-30,Cafe,116713.0,118490.0,38101.0,38101.0,592450.0,92.0,210183.0,146.0,78612.0,80389.0,802633.0,Small
291,2027 Q2,2027-06-30,Cafe,98612.0,98612.0,36369.0,36369.0,493061.0,91.0,184379.0,157.0,62243.0,62243.0,677440.0,Small
291,2027 Q3,2027-09-30,Cafe,73536.0,73536.0,26229.33,26229.33,367682.0,92.0,133024.63,147.0,47306.67,47306.67,500706.63,Small
291,2027 Q4,2027-12-31,Cafe,123425.0,123425.0,41562.61,41562.61,617126.0,92.0,210474.05,147.0,81862.39,81862.39,827600.05,Small
291,2028 Q1,2028-03-31,Cafe,101344.0,102471.0,36625.0,36625.0,512355.0,91.0,185409.0,146.0,64719.0,65846.0,697764.0,Small
291,2028 Q2,2028-06-30,Cafe,125119.0,125119.0,42680.0,42680.0,625596.0,91.0,216419.0,146.0,82439.0,82439.0,842015.0,Small
291,2028 Q3,2028-09-30,Cafe,89637.0,89637.0,30193.0,30193.0,448185.0,92.0,153185.0,146.0,59444.0,59444.0,601370.0,Small
292,2027 Q2,2027-06-30,Cafe,80924.0,80924.0,32379.0,32379.0,404622.0,91.0,161896.0,157.0,48545.0,48545.0,566518.0,Small
292,2027 Q3,2027-09-30,Cafe,76242.0,76242.0,30329.0,30329.0,381212.0,92.0,151645.0,146.0,45913.0,45913.0,532857.0,Small
292,2027 Q4,2027-12-31,Cafe,107955.0,107955.0,39218.0,39218.0,539774.0,92.0,196091.0,146.0,68737.0,68737.0,735865.0,Small
292,2028 Q1,2028-03-31,Cafe,114882.0,114882.0,43351.0,43351.0,574408.0,91.0,216756.0,146.0,71531.0,71531.0,791164.0,Small
292,2028 Q2,2028-06-30,Cafe,139584.0,139584.0,51866.0,51866.0,697920.0,91.0,259332.0,146.0,87718.0,87718.0,957252.0,Small
292,2028 Q3,2028-09-30,Cafe,100336.0,100336.0,36628.0,36628.0,501678.0,92.0,183141.0,146.0,63708.0,63708.0,684819.0,Small
293,2027 Q2,2027-06-30,Cafe,109137.0,109137.0,36645.37,36645.37,545685.0,91.0,185878.83,158.0,72491.63,72491.63,731563.83,Small
293,2027 Q3,2027-09-30,Cafe,104992.0,104992.0,32342.0,32342.0,524962.0,92.0,164260.0,146.0,72650.0,72650.0,689222.0,Small
293,2027 Q4,2027-12-31,Cafe,116599.0,116599.0,35778.0,35778.0,582995.0,92.0,181500.51,147.0,80821.0,80821.0,764495.51,Small
293,2028 Q1,2028-03-31,Cafe,119443.0,119443.0,37070.0,37070.0,597214.0,91.0,187806.0,146.0,82373.0,82373.0,785020.0,Small
293,2028 Q2,2028-06-30,Cafe,123500.0,123500.0,38293.0,38293.0,617500.0,91.0,194312.0,146.0,85207.0,85207.0,811812.0,Small
293,2028 Q3,2028-09-30,Cafe,122601.0,122601.0,36565.0,36565.0,613007.0,92.0,185738.0,146.0,86036.0,86036.0,798745.0,Small
294,2027 Q2,2027-06-30,Cafe,73403.0,74370.0,28109.78,28109.78,371851.0,91.0,145670.92,158.0,45293.22,46260.22,517521.92000000004,Small
294,2027 Q3,2027-09-30,Cafe,130681.0,132402.0,41137.0,41137.0,662008.0,92.0,214438.0,146.0,89544.0,91265.0,876446.0,Small
294,2027 Q4,2027-12-31,Cafe,107358.0,109773.0,36286.0,36286.0,548866.0,92.0,187953.0,146.0,71072.0,73487.0,736819.0,Small
294,2028 Q1,2028-03-31,Cafe,156421.0,159451.0,50166.0,50166.0,797254.0,91.0,260335.88,147.0,106255.0,109285.0,1057589.88,Small
294,2028 Q2,2028-06-30,Cafe,116199.0,118450.0,37979.0,37979.0,592252.0,91.0,197289.0,146.0,78220.0,80471.0,789541.0,Small
294,2028 Q3,2028-09-30,Cafe,136699.0,136699.0,41887.0,41887.0,683497.0,92.0,218453.0,146.0,94812.0,94812.0,901950.0,Small
295,2027 Q2,2027-06-30,Cafe,137994.0,137994.0,50486.0,50486.0,689971.0,91.0,266737.0,157.0,87508.0,87508.0,956708.0,Small
295,2027 Q3,2027-09-30,Cafe,114093.0,114093.0,38639.0,38639.0,570463.0,92.0,205564.28,147.0,75454.0,75454.0,776027.28,Small
295,2027 Q4,2027-12-31,Cafe,86649.0,86649.0,30836.0,30836.0,433245.0,92.0,161920.0,146.0,55813.0,55813.0,595165.0,Small
295,2028 Q1,2028-03-31,Cafe,112041.0,112041.0,40492.29,40492.29,560205.0,91.0,212429.44,147.0,71548.70999999999,71548.70999999999,772634.44,Small
295,2028 Q2,2028-06-30,Cafe,142907.0,142907.0,49970.07,49970.07,714534.0,91.0,263836.37,147.0,92936.93,92936.93,978370.37,Small
295,2028 Q3,2028-09-30,Cafe,105629.0,105629.0,35724.0,35724.0,528144.0,92.0,189505.11,147.0,69905.0,69905.0,717649.11,Small
296,2027 Q2,2027-06-30,Cafe,245163.0,245163.0,95864.0,95864.0,1225813.0,91.0,481900.0,157.0,149299.0,149299.0,1707713.0,Large
296,2027 Q3,2027-09-30,Cafe,247745.0,247745.0,90996.0,90996.0,1238723.0,92.0,457582.99,147.0,156749.0,156749.0,1696305.99,Large
296,2027 Q4,2027-12-31,Cafe,285850.0,285850.0,103059.0,103059.0,1429251.0,92.0,517880.0,146.0,182791.0,182791.0,1947131.0,Large
296,2028 Q1,2028-03-31,Cafe,300686.0,300686.0,109241.0,109241.0,1503428.0,91.0,548877.0,146.0,191445.0,191445.0,2052305.0,Large
296,2028 Q2,2028-06-30,Cafe,315277.0,315277.0,114626.0,114626.0,1576385.0,91.0,576271.0,146.0,200651.0,200651.0,2152656.0,Large
296,2028 Q3,2028-09-30,Cafe,313740.0,313740.0,109862.53,109862.53,1568699.0,92.0,552534.67,147.0,203877.47,203877.47,2121233.67,Large
297,2027 Q2,2027-06-30,Cafe,189607.0,189607.0,68482.0,68482.0,948035.0,91.0,362040.0,157.0,121125.0,121125.0,1310075.0,Medium
297,2027 Q3,2027-09-30,Cafe,162880.0,162880.0,57882.0,57882.0,814401.0,92.0,307144.0,146.0,104998.0,104998.0,1121545.0,Medium
297,2027 Q4,2027-12-31,Cafe,201992.0,201992.0,68104.0,68104.0,1009960.0,92.0,361082.0,146.0,133888.0,133888.0,1371042.0,Medium
297,2028 Q1,2028-03-31,Cafe,174869.0,174869.0,61634.0,61634.0,874346.0,91.0,325276.0,146.0,113235.0,113235.0,1199622.0,Medium
297,2028 Q2,2028-06-30,Cafe,186515.0,186515.0,64325.0,64325.0,932573.0,91.0,339830.0,146.0,122190.0,122190.0,1272403.0,Medium
297,2028 Q3,2028-09-30,Cafe,146590.0,146590.0,51408.0,51408.0,732950.0,92.0,272482.0,146.0,95182.0,95182.0,1005432.0,Medium
298,2027 Q2,2027-06-30,Cafe,61332.0,92367.0,32562.0,32562.0,461834.0,91.0,182765.01,158.0,28770.0,59805.0,644599.01,Small
298,2027 Q3,2027-09-30,Cafe,63789.0,93532.0,30825.0,30825.0,467659.0,92.0,174210.0,146.0,32964.0,62707.0,641869.0,Small
298,2027 Q4,2027-12-31,Cafe,58786.0,121209.0,39234.0,39234.0,606046.0,92.0,219860.0,146.0,19552.0,81975.0,825906.0,Small
298,2028 Q1,2028-03-31,Cafe,73796.0,115849.0,39251.72,39251.72,579243.0,91.0,217977.61,147.0,34544.28,76597.28,797220.61,Small
298,2028 Q2,2028-06-30,Cafe,64673.0,96097.0,33299.72,33299.72,480486.0,91.0,185687.61,147.0,31373.28,62797.28,666173.61,Small
298,2028 Q3,2028-09-30,Cafe,64596.0,93753.0,30071.0,30071.0,468765.0,92.0,169913.0,146.0,34525.0,63682.0,638678.0,Small
299,2027 Q2,2027-06-30,Cafe,205616.0,205616.0,73469.0,73469.0,1028080.0,91.0,386846.0,157.0,132147.0,132147.0,1414926.0,Medium
299,2027 Q3,2027-09-30,Cafe,188471.0,188471.0,63471.0,63471.0,942355.0,92.0,335219.0,146.0,125000.0,125000.0,1277574.0,Medium
299,2027 Q4,2027-12-31,Cafe,195816.0,197994.0,66925.0,66925.0,989970.0,92.0,350798.0,146.0,128891.0,131069.0,1340768.0,Medium
299,2028 Q1,2028-03-31,Cafe,190149.0,190149.0,65521.0,65521.0,950747.0,91.0,343167.31,147.0,124628.0,124628.0,1293914.31,Medium
299,2028 Q2,2028-06-30,Cafe,182839.0,182839.0,63223.0,63223.0,914196.0,91.0,332551.0,146.0,119616.0,119616.0,1246747.0,Medium
299,2028 Q3,2028-09-30,Cafe,167156.0,167156.0,56107.0,56107.0,835779.0,92.0,296426.65,147.0,111049.0,111049.0,1132205.65,Medium
300,2027 Q2,2027-06-30,Cafe,104472.0,108824.0,46920.0,46920.0,544122.0,91.0,234601.0,157.0,57552.0,61904.0,778723.0,Small
300,2027 Q3,2027-09-30,Cafe,125632.0,130731.0,50095.0,50095.0,653655.0,92.0,250477.0,146.0,75537.0,80636.0,904132.0,Small
300,2027 Q4,2027-12-31,Cafe,99749.0,103797.0,40778.0,40778.0,518985.0,92.0,203888.0,146.0,58971.0,63019.0,722873.0,Small
300,2028 Q1,2028-03-31,Cafe,122152.0,127109.0,49163.0,49163.0,635544.0,91.0,245815.0,146.0,72989.0,77946.0,881359.0,Small
300,2028 Q2,2028-06-30,Cafe,78380.0,79735.0,33260.0,33260.0,398673.0,91.0,166300.0,146.0,45120.0,46475.0,564973.0,Small
300,2028 Q3,2028-09-30,Cafe,91614.0,93009.0,36272.0,36272.0,465046.0,92.0,181359.0,146.0,55342.0,56737.0,646405.0,Small
301,2027 Q2,2027-06-30,Cafe,83907.0,84926.0,31948.0,31948.0,424632.0,91.0,160611.0,157.0,51959.0,52978.0,585243.0,Small
301,2027 Q3,2027-09-30,Cafe,84916.0,86122.0,30343.0,30343.0,430612.0,92.0,152598.0,146.0,54573.0,55779.0,583210.0,Small
301,2027 Q4,2027-12-31,Cafe,98485.0,99681.0,34705.0,34705.0,498404.0,92.0,174408.0,146.0,63780.0,64976.0,672812.0,Small
301,2028 Q1,2028-03-31,Cafe,103365.0,105153.0,36937.0,36937.0,525763.0,91.0,185597.0,146.0,66428.0,68216.0,711360.0,Small
301,2028 Q2,2028-06-30,Cafe,108878.0,110535.0,38847.0,38847.0,552677.0,91.0,195311.0,146.0,70031.0,71688.0,747988.0,Small
301,2028 Q3,2028-09-30,Cafe,110255.0,110255.0,38343.34,38343.34,551273.0,92.0,192912.07,149.0,71911.66,71911.66,744185.0700000001,Small
302,2027 Q2,2027-06-30,Cafe,121580.0,123682.0,46512.0,46512.0,618412.0,91.0,245233.0,157.0,75068.0,77170.0,863645.0,Small
302,2027 Q3,2027-09-30,Cafe,106521.0,109140.0,37367.0,37367.0,545698.0,92.0,197668.0,146.0,69154.0,71773.0,743366.0,Small
302,2027 Q4,2027-12-31,Cafe,131647.0,131647.0,46752.0,46752.0,658236.0,92.0,245408.0,146.0,84895.0,84895.0,903644.0,Small
302,2028 Q1,2028-03-31,Cafe,79164.0,80862.0,29946.0,29946.0,404311.0,91.0,156622.0,146.0,49218.0,50916.0,560933.0,Small
302,2028 Q2,2028-06-30,Cafe,92978.0,94203.0,34805.82,34805.82,471016.0,91.0,183092.12,147.0,58172.18,59397.18,654108.12,Small
302,2028 Q3,2028-09-30,Cafe,99120.0,99120.0,34391.52,34390.52,495601.0,92.0,181840.6,147.0,64728.48,64729.48,677441.6,Small
303,2027 Q2,2027-06-30,Cafe,387791.0,432320.0,170161.0,170161.0,2161602.0,91.0,862174.0,157.0,217630.0,262159.0,3023776.0,Large
303,2027 Q3,2027-09-30,Cafe,351258.0,414708.0,156583.94,156583.94,2073540.0,92.0,793814.71,147.0,194674.06,258124.06,2867354.71,Large
303,2027 Q4,2027-12-31,Cafe,350473.0,457538.0,169294.4,169294.4,2287688.0,92.0,856832.98,147.0,181178.6,288243.6,3144520.98,Large
303,2028 Q1,2028-03-31,Cafe,399329.0,463259.0,176814.07,176814.07,2316296.0,91.0,894383.36,148.0,222514.93,286444.93,3210679.36,Large
303,2028 Q2,2028-06-30,Cafe,416115.0,470718.0,175772.0,175772.0,2353592.0,91.0,890601.0,146.0,240343.0,294946.0,3244193.0,Large
303,2028 Q3,2028-09-30,Cafe,379580.0,456226.0,167438.94,167438.94,2281128.0,92.0,848937.71,147.0,212141.06,288787.06,3130065.71,Large
304,2027 Q2,2027-06-30,Cafe,96936.0,96936.0,30959.0,30959.0,484681.0,91.0,172648.0,157.0,65977.0,65977.0,657329.0,Small
304,2027 Q3,2027-09-30,Cafe,99082.0,99082.0,29407.0,29407.0,495411.0,92.0,165420.0,146.0,69675.0,69675.0,660831.0,Small
304,2027 Q4,2027-12-31,Cafe,115485.0,115485.0,35501.75,35501.75,577426.0,92.0,197140.75,147.0,79983.25,79983.25,774566.75,Small
304,2028 Q1,2028-03-31,Cafe,122591.0,122591.0,36672.0,36672.0,612953.0,91.0,203492.0,146.0,85919.0,85919.0,816445.0,Small
304,2028 Q2,2028-06-30,Cafe,129582.0,129582.0,38231.0,38231.0,647912.0,91.0,213788.0,146.0,91351.0,91351.0,861700.0,Small
304,2028 Q3,2028-09-30,Cafe,129910.0,129910.0,37829.75,37829.75,649552.0,92.0,212694.75,147.0,92080.25,92080.25,862246.75,Small
305,2027 Q2,2027-06-30,Cafe,45225.0,93633.0,29818.0,29818.0,468166.0,91.0,157999.0,157.0,15407.0,63815.0,626165.0,Small
305,2027 Q3,2027-09-30,Cafe,54502.0,116458.0,35077.0,35077.0,582289.0,92.0,187203.0,146.0,19425.0,81381.0,769492.0,Small
305,2027 Q4,2027-12-31,Cafe,32274.0,68377.0,21062.0,21062.0,341883.0,92.0,111533.0,146.0,11212.0,47315.0,453416.0,Small
305,2028 Q1,2028-03-31,Cafe,34732.0,76333.0,24409.0,24409.0,381663.0,91.0,129015.0,146.0,10323.0,51924.0,510678.0,Small
305,2028 Q2,2028-06-30,Cafe,66387.0,93110.0,28544.0,28544.0,465549.0,91.0,151154.0,146.0,37843.0,64566.0,616703.0,Small
305,2028 Q3,2028-09-30,Cafe,42310.0,58439.0,18720.0,18720.0,292193.0,92.0,99212.0,146.0,23590.0,39719.0,391405.0,Small
306,2027 Q2,2027-06-30,Cafe,69646.0,88383.0,34820.0,34820.0,441914.0,91.0,176487.0,157.0,34826.0,53563.0,618401.0,Small
306,2027 Q3,2027-09-30,Cafe,66037.0,85208.0,31627.0,31627.0,426042.0,92.0,160433.0,146.0,34410.0,53581.0,586475.0,Small
306,2027 Q4,2027-12-31,Cafe,86864.0,94830.0,35020.0,35020.0,474148.0,92.0,177304.0,146.0,51844.0,59810.0,651452.0,Small
306,2028 Q1,2028-03-31,Cafe,89823.0,97316.0,36299.0,36299.0,486581.0,91.0,183720.0,146.0,53524.0,61017.0,670301.0,Small
306,2028 Q2,2028-06-30,Cafe,78763.0,100720.0,37482.0,37482.0,503601.0,91.0,189991.0,146.0,41281.0,63238.0,693592.0,Small
306,2028 Q3,2028-09-30,Cafe,77870.0,99962.0,35828.0,35828.0,499809.0,92.0,181777.0,146.0,42042.0,64134.0,681586.0,Small
307,2027 Q2,2027-06-30,Cafe,114952.0,114952.0,49509.0,49509.0,574758.0,91.0,250704.0,157.0,65443.0,65443.0,825462.0,Medium
307,2027 Q3,2027-09-30,Cafe,117977.0,117977.0,50497.95,50497.95,589885.0,92.0,255727.76,148.0,67479.05,67479.05,845612.76,Medium
307,2027 Q4,2027-12-31,Cafe,137956.0,137956.0,54667.0,54667.0,689782.0,92.0,276593.0,146.0,83289.0,83289.0,966375.0,Medium
307,2028 Q1,2028-03-31,Cafe,146827.0,146827.0,58934.7,58934.7,734136.0,91.0,298082.48,147.0,87892.3,87892.3,1032218.48,Medium
307,2028 Q2,2028-06-30,Cafe,155518.0,155518.0,61611.0,61611.0,777590.0,91.0,312104.0,146.0,93907.0,93907.0,1089694.0,Medium
307,2028 Q3,2028-09-30,Cafe,156164.0,156164.0,59472.0,59472.0,780819.0,92.0,301543.0,146.0,96692.0,96692.0,1082362.0,Medium
308,2027 Q2,2027-06-30,Cafe,138687.0,140942.0,51506.0,51506.0,704709.0,91.0,268229.0,157.0,87181.0,89436.0,972938.0,Medium
308,2027 Q3,2027-09-30,Cafe,103512.0,106166.0,38198.0,38198.0,530828.0,92.0,199088.0,146.0,65314.0,67968.0,729916.0,Medium
308,2027 Q4,2027-12-31,Cafe,109265.0,113111.0,41026.0,41026.0,565553.0,92.0,212658.0,146.0,68239.0,72085.0,778211.0,Medium
308,2028 Q1,2028-03-31,Cafe,137177.0,140550.0,49793.0,49793.0,702749.0,91.0,258240.31,147.0,87384.0,90757.0,960989.31,Medium
308,2028 Q2,2028-06-30,Cafe,146643.0,149789.0,52120.0,52120.0,748947.0,91.0,272151.72,147.0,94523.0,97669.0,1021098.72,Medium
308,2028 Q3,2028-09-30,Cafe,115155.0,117987.0,41154.6,41154.6,589937.0,92.0,214637.98,147.0,74000.4,76832.4,804574.98,Medium
309,2027 Q2,2027-06-30,Cafe,103177.0,104536.0,39266.0,39266.0,522679.0,91.0,197420.0,157.0,63911.0,65270.0,720099.0,Small
309,2027 Q3,2027-09-30,Cafe,89164.0,90798.0,32222.0,32222.0,453988.0,92.0,162049.0,146.0,56942.0,58576.0,616037.0,Small
309,2027 Q4,2027-12-31,Cafe,79564.0,83052.0,30091.0,30091.0,415261.0,92.0,151201.0,146.0,49473.0,52961.0,566462.0,Small
309,2028 Q1,2028-03-31,Cafe,92452.0,94435.0,34308.0,34308.0,472173.0,91.0,172380.0,146.0,58144.0,60127.0,644553.0,Small
309,2028 Q2,2028-06-30,Cafe,103733.0,105206.0,37660.0,37660.0,526031.0,91.0,189337.0,146.0,66073.0,67546.0,715368.0,Small
309,2028 Q3,2028-09-30,Cafe,82948.0,84988.0,31308.61,31308.61,424940.0,92.0,157413.03,147.0,51639.39,53679.39,582353.03,Small
310,2027 Q2,2027-06-30,Cafe,78101.0,78101.0,27797.0,27797.0,390505.0,91.0,146927.0,157.0,50304.0,50304.0,537432.0,Small
310,2027 Q3,2027-09-30,Cafe,67856.0,67856.0,23393.0,23393.0,339279.0,92.0,124098.0,146.0,44463.0,44463.0,463377.0,Small
310,2027 Q4,2027-12-31,Cafe,97205.0,97205.0,32180.0,32180.0,486027.0,92.0,169633.0,146.0,65025.0,65025.0,655660.0,Small
310,2028 Q1,2028-03-31,Cafe,62500.0,62500.0,22565.0,22565.0,312501.0,91.0,118437.0,146.0,39935.0,39935.0,430938.0,Small
310,2028 Q2,2028-06-30,Cafe,67109.0,67108.0,23912.0,23912.0,335542.0,91.0,126513.61,147.0,43197.0,43196.0,462055.61,Small
310,2028 Q3,2028-09-30,Cafe,162575.0,162575.0,50106.0,50106.0,812877.0,92.0,268165.8,147.0,112469.0,112469.0,1081042.8,Small
311,2027 Q2,2027-06-30,Cafe,108312.0,108312.0,40062.0,40062.0,541560.0,91.0,219960.0,157.0,68250.0,68250.0,761520.0,Medium
311,2027 Q3,2027-09-30,Cafe,108868.0,108868.0,37565.0,37565.0,544339.0,92.0,207750.0,146.0,71303.0,71303.0,752089.0,Medium
311,2027 Q4,2027-12-31,Cafe,125026.0,125026.0,42967.93,42967.93,625129.0,92.0,235972.63,147.0,82058.07,82058.07,861101.63,Medium
311,2028 Q1,2028-03-31,Cafe,130971.0,130971.0,45191.0,45191.0,654855.0,91.0,247293.0,146.0,85780.0,85780.0,902148.0,Medium
311,2028 Q2,2028-06-30,Cafe,136833.0,136833.0,46827.0,46827.0,684166.0,91.0,257688.0,146.0,90006.0,90006.0,941854.0,Medium
311,2028 Q3,2028-09-30,Cafe,135727.0,135727.0,44360.0,44360.0,678635.0,92.0,246082.0,146.0,91367.0,91367.0,924717.0,Medium
312,2027 Q2,2027-06-30,Cafe,110959.0,112993.0,44376.0,44376.0,564966.0,91.0,235082.0,157.0,66583.0,68617.0,800048.0,Small
312,2027 Q3,2027-09-30,Cafe,102564.0,103705.0,38262.0,38262.0,518527.0,92.0,203614.0,146.0,64302.0,65443.0,722141.0,Small
312,2027 Q4,2027-12-31,Cafe,107123.0,109087.0,40230.0,40230.0,545434.0,92.0,213590.0,146.0,66893.0,68857.0,759024.0,Small
312,2028 Q1,2028-03-31,Cafe,103329.0,104902.0,39507.0,39507.0,524512.0,91.0,209044.36,147.0,63822.0,65395.0,733556.36,Small
312,2028 Q2,2028-06-30,Cafe,99485.0,101000.0,38279.0,38279.0,505001.0,91.0,202612.0,146.0,61206.0,62721.0,707613.0,Small
312,2028 Q3,2028-09-30,Cafe,91070.0,92457.0,33914.0,33914.0,462287.0,92.0,180323.0,146.0,57156.0,58543.0,642610.0,Small
313,2027 Q2,2027-06-30,Cafe,91818.0,104815.0,37031.0,37031.0,524077.0,91.0,202539.0,157.0,54787.0,67784.0,726616.0,Small
313,2027 Q3,2027-09-30,Cafe,92541.0,106003.0,35506.0,35506.0,530016.0,92.0,195901.0,146.0,57035.0,70497.0,725917.0,Small
313,2027 Q4,2027-12-31,Cafe,62483.0,71246.0,25738.0,25738.0,356228.0,92.0,140245.0,146.0,36745.0,45508.0,496473.0,Small
313,2028 Q1,2028-03-31,Cafe,67408.0,77214.0,29271.74,29271.74,386068.0,91.0,158758.5,148.0,38136.259999999995,47942.259999999995,544826.5,Small
313,2028 Q2,2028-06-30,Cafe,164962.0,191371.0,63501.0,63501.0,956855.0,91.0,349009.0,146.0,101461.0,127870.0,1305864.0,Small
313,2028 Q3,2028-09-30,Cafe,83612.0,96106.0,31020.0,31020.0,480531.0,92.0,170935.0,146.0,52592.0,65086.0,651466.0,Small
314,2027 Q2,2027-06-30,Cafe,110230.0,112136.0,41390.0,41390.0,560680.0,91.0,214810.0,157.0,68840.0,70746.0,775490.0,Small
314,2027 Q3,2027-09-30,Cafe,103722.0,103722.0,36128.0,36128.0,518612.0,92.0,187902.0,146.0,67594.0,67594.0,706514.0,Small
314,2027 Q4,2027-12-31,Cafe,110006.0,110006.0,38466.0,38466.0,550028.0,92.0,198969.0,146.0,71540.0,71540.0,748997.0,Small
314,2028 Q1,2028-03-31,Cafe,105007.0,106714.0,37924.0,37924.0,533571.0,91.0,195953.0,146.0,67083.0,68790.0,729524.0,Small
314,2028 Q2,2028-06-30,Cafe,103679.0,103679.0,36843.0,36843.0,518397.0,91.0,191102.0,146.0,66836.0,66836.0,709499.0,Small
314,2028 Q3,2028-09-30,Cafe,95829.0,95829.0,34585.29,34585.29,479144.0,92.0,179508.42,148.0,61243.71,61243.71,658652.42,Small
315,2027 Q2,2027-06-30,Cafe,61067.0,92807.0,33521.0,33521.0,464037.0,91.0,174643.0,157.0,27546.0,59286.0,638680.0,Small
315,2027 Q3,2027-09-30,Cafe,70962.0,88702.0,30151.0,30151.0,443509.0,92.0,157475.0,146.0,40811.0,58551.0,600984.0,Small
315,2027 Q4,2027-12-31,Cafe,62768.0,97770.0,33191.0,33191.0,488850.0,92.0,172342.0,146.0,29577.0,64579.0,661192.0,Small
315,2028 Q1,2028-03-31,Cafe,51550.0,99325.0,34128.0,34128.0,496625.0,91.0,177019.0,146.0,17422.0,65197.0,673644.0,Small
315,2028 Q2,2028-06-30,Cafe,69738.0,101808.0,34836.0,34836.0,509041.0,91.0,181508.0,146.0,34902.0,66972.0,690549.0,Small
315,2028 Q3,2028-09-30,Cafe,77189.0,100115.0,32946.0,32946.0,500577.0,92.0,172160.0,146.0,44243.0,67169.0,672737.0,Small
316,2027 Q2,2027-06-30,Cafe,109579.0,110798.0,44652.0,44652.0,553989.0,91.0,223260.0,157.0,64927.0,66146.0,777249.0,Small
316,2027 Q3,2027-09-30,Cafe,52143.0,52143.0,22433.0,22433.0,260714.0,92.0,112167.0,146.0,29710.0,29710.0,372881.0,Small
316,2027 Q4,2027-12-31,Cafe,59396.0,59396.0,25205.0,25205.0,296981.0,92.0,126026.0,146.0,34191.0,34191.0,423007.0,Small
316,2028 Q1,2028-03-31,Cafe,164644.0,164644.0,64284.58,64283.58,823219.0,91.0,321419.91,147.0,100359.42,100360.42,1144638.91,Small
316,2028 Q2,2028-06-30,Cafe,86370.0,86370.0,33429.0,33429.0,431849.0,91.0,167147.0,146.0,52941.0,52941.0,598996.0,Small
316,2028 Q3,2028-09-30,Cafe,68899.0,68899.0,27940.0,27940.0,344495.0,92.0,139701.0,146.0,40959.0,40959.0,484196.0,Small
317,2027 Q2,2027-06-30,Cafe,119211.0,121396.0,44925.0,44925.0,606978.0,91.0,237219.0,157.0,74286.0,76471.0,844197.0,Medium
317,2027 Q3,2027-09-30,Cafe,83309.0,84836.0,31319.0,31319.0,424178.0,92.0,165382.0,146.0,51990.0,53517.0,589560.0,Medium
317,2027 Q4,2027-12-31,Cafe,140257.0,145646.0,52051.0,52051.0,728232.0,92.0,274145.0,146.0,88206.0,93595.0,1002377.0,Medium
317,2028 Q1,2028-03-31,Cafe,215041.0,218316.0,70871.0,70871.0,1091581.0,91.0,373402.0,146.0,144170.0,147445.0,1464983.0,Medium
317,2028 Q2,2028-06-30,Cafe,72282.0,73457.0,28799.0,28799.0,367287.0,91.0,151272.0,146.0,43483.0,44658.0,518559.0,Medium
317,2028 Q3,2028-09-30,Cafe,148399.0,152204.0,51130.0,51130.0,761018.0,92.0,271535.0,146.0,97269.0,101074.0,1032553.0,Medium
318,2027 Q2,2027-06-30,Cafe,196184.0,307981.0,116485.0,116485.0,1539906.0,91.0,614549.0,157.0,79699.0,191496.0,2154455.0,Large
318,2027 Q3,2027-09-30,Cafe,201528.0,318369.0,114554.44,114554.44,1591847.0,92.0,606843.2,147.0,86973.56,203814.56,2198690.2,Large
318,2027 Q4,2027-12-31,Cafe,310901.0,486543.0,167464.0,167464.0,2432714.0,92.0,888334.0,146.0,143437.0,319079.0,3321048.0,Large
318,2028 Q1,2028-03-31,Cafe,285602.0,446952.0,151695.0,151695.0,2234758.0,91.0,801538.0,146.0,133907.0,295257.0,3036296.0,Large
318,2028 Q2,2028-06-30,Cafe,167454.0,264541.0,99134.03,99134.03,1322704.0,91.0,522455.17,147.0,68319.97,165406.97,1845159.17,Large
318,2028 Q3,2028-09-30,Cafe,277673.0,440052.0,147810.0,147810.0,2200260.0,92.0,785035.0,146.0,129863.0,292242.0,2985295.0,Large
319,2027 Q2,2027-06-30,Cafe,221510.0,221510.0,88703.0,88703.0,1107551.0,91.0,443515.0,157.0,132807.0,132807.0,1551066.0,Large
319,2027 Q3,2027-09-30,Cafe,199714.0,202550.0,77595.0,77595.0,1012749.0,92.0,387977.0,146.0,122119.0,124955.0,1400726.0,Large
319,2027 Q4,2027-12-31,Cafe,212197.0,212197.0,80869.0,80869.0,1060983.0,92.0,404346.0,146.0,131328.0,131328.0,1465329.0,Large
319,2028 Q1,2028-03-31,Cafe,200099.0,203146.0,78818.0,78818.0,1015730.0,91.0,394090.0,146.0,121281.0,124328.0,1409820.0,Large
319,2028 Q2,2028-06-30,Cafe,194652.0,194651.0,76207.0,76207.0,973257.0,91.0,381034.0,146.0,118445.0,118444.0,1354291.0,Large
319,2028 Q3,2028-09-30,Cafe,175120.0,177247.0,68389.0,68389.0,886236.0,92.0,341943.0,146.0,106731.0,108858.0,1228179.0,Large
320,2027 Q2,2027-06-30,Cafe,94332.0,96061.0,36501.0,36501.0,480305.0,91.0,189565.0,157.0,57831.0,59560.0,669870.0,Small
320,2027 Q3,2027-09-30,Cafe,86397.0,87713.0,31456.0,31456.0,438566.0,92.0,163724.0,146.0,54941.0,56257.0,602290.0,Small
320,2027 Q4,2027-12-31,Cafe,90106.0,91758.0,33036.0,33036.0,458792.0,92.0,170990.0,146.0,57070.0,58722.0,629782.0,Small
320,2028 Q1,2028-03-31,Cafe,85348.0,87716.0,32166.0,32166.0,438582.0,91.0,166288.0,146.0,53182.0,55550.0,604870.0,Small
320,2028 Q2,2028-06-30,Cafe,81745.0,83927.0,30874.0,30874.0,419634.0,91.0,160217.0,146.0,50871.0,53053.0,579851.0,Small
320,2028 Q3,2028-09-30,Cafe,74250.0,76310.0,28425.11,28425.11,381552.0,92.0,147626.54,147.0,45824.89,47884.89,529178.54,Small
321,2027 Q2,2027-06-30,Cafe,82376.0,82376.0,35370.0,35370.0,411882.0,91.0,176848.0,157.0,47006.0,47006.0,588730.0,Small
321,2027 Q3,2027-09-30,Cafe,78549.0,78549.0,31891.0,31891.0,392745.0,92.0,159457.0,146.0,46658.0,46658.0,552202.0,Small
321,2027 Q4,2027-12-31,Cafe,85881.0,85881.0,34491.0,34491.0,429405.0,92.0,172453.0,146.0,51390.0,51390.0,601858.0,Small
321,2028 Q1,2028-03-31,Cafe,84697.0,85900.0,36322.21,36322.21,429500.0,91.0,181610.04,147.0,48374.79,49577.79,611110.04,Small
321,2028 Q2,2028-06-30,Cafe,86002.0,86002.0,35124.0,35124.0,430009.0,91.0,175622.0,146.0,50878.0,50878.0,605631.0,Small
321,2028 Q3,2028-09-30,Cafe,81929.0,81929.0,32739.16,32738.16,409645.0,92.0,163692.8,147.0,49189.84,49190.84,573337.8,Small
322,2027 Q2,2027-06-30,Cafe,189697.0,189697.0,67981.0,67981.0,948485.0,91.0,357048.0,157.0,121716.0,121716.0,1305533.0,Large
322,2027 Q3,2027-09-30,Cafe,185246.0,185246.0,62662.0,62661.0,926232.0,92.0,330023.0,146.0,122584.0,122585.0,1256255.0,Large
322,2027 Q4,2027-12-31,Cafe,207185.0,207185.0,69633.0,69633.0,1035926.0,92.0,364271.0,146.0,137552.0,137552.0,1400197.0,Large
322,2028 Q1,2028-03-31,Cafe,209453.0,211783.0,71827.0,71827.0,1058916.0,91.0,375646.41,147.0,137626.0,139956.0,1434562.41,Large
322,2028 Q2,2028-06-30,Cafe,216391.0,216391.0,72814.0,72814.0,1081956.0,91.0,382601.0,146.0,143577.0,143577.0,1464557.0,Large
322,2028 Q3,2028-09-30,Cafe,210215.0,210215.0,68359.0,68359.0,1051076.0,92.0,360364.0,146.0,141856.0,141856.0,1411440.0,Large
323,2027 Q2,2027-06-30,Cafe,101292.0,120157.0,43048.0,43048.0,600786.0,91.0,215241.0,157.0,58244.0,77109.0,816027.0,Small
323,2027 Q3,2027-09-30,Cafe,135277.0,160852.0,49866.05,49866.05,804260.0,92.0,249331.24,147.0,85410.95,110985.95,1053591.24,Small
323,2027 Q4,2027-12-31,Cafe,51063.0,60573.0,20921.0,20921.0,302865.0,92.0,104603.0,146.0,30142.0,39652.0,407468.0,Small
323,2028 Q1,2028-03-31,Cafe,103153.0,122075.0,40884.0,40884.0,610374.0,91.0,204419.0,146.0,62269.0,81191.0,814793.0,Small
323,2028 Q2,2028-06-30,Cafe,107250.0,127679.0,41960.0,41960.0,638393.0,91.0,209799.0,146.0,65290.0,85719.0,848192.0,Small
323,2028 Q3,2028-09-30,Cafe,60508.0,71607.0,23827.0,23827.0,358034.0,92.0,119137.0,146.0,36681.0,47780.0,477171.0,Small
324,2027 Q2,2027-06-30,Cafe,90762.0,118954.0,39636.0,39636.0,594770.0,91.0,212626.0,157.0,51126.0,79318.0,807396.0,Small
324,2027 Q3,2027-09-30,Cafe,82665.0,109635.0,34132.0,34132.0,548177.0,92.0,184156.0,146.0,48533.0,75503.0,732333.0,Small
324,2027 Q4,2027-12-31,Cafe,86982.0,115822.0,36791.8,36791.8,579112.0,92.0,197497.01,148.0,50190.2,79030.2,776609.01,Small
324,2028 Q1,2028-03-31,Cafe,84690.0,111876.0,35611.0,35611.0,559379.0,91.0,190577.0,146.0,49079.0,76265.0,749956.0,Small
324,2028 Q2,2028-06-30,Cafe,80716.0,108197.0,35714.99,35714.99,540987.0,91.0,191061.93,148.0,45001.01,72482.01000000001,732048.9299999999,Small
324,2028 Q3,2028-09-30,Cafe,86768.0,99506.0,30641.0,30641.0,497528.0,92.0,165209.0,146.0,56127.0,68865.0,662737.0,Small
325,2027 Q2,2027-06-30,Cafe,144429.0,172555.0,59933.0,59933.0,862773.0,91.0,304022.0,157.0,84496.0,112622.0,1166795.0,Small
325,2027 Q3,2027-09-30,Cafe,67161.0,80144.0,26159.0,26159.0,400720.0,92.0,132680.0,146.0,41002.0,53985.0,533400.0,Small
325,2027 Q4,2027-12-31,Cafe,79594.0,95896.0,34202.0,34202.0,479479.0,92.0,173178.0,146.0,45392.0,61694.0,652657.0,Small
325,2028 Q1,2028-03-31,Cafe,114317.0,138064.0,47320.91,47320.91,690318.0,91.0,239520.53,147.0,66996.09,90743.09,929838.53,Small
325,2028 Q2,2028-06-30,Cafe,83982.0,99978.0,33888.21,33888.21,499888.0,91.0,171738.03,147.0,50093.79,66089.79000000001,671626.03,Small
325,2028 Q3,2028-09-30,Cafe,60561.0,72269.0,25239.0,25239.0,361345.0,92.0,127963.0,146.0,35322.0,47030.0,489308.0,Small
326,2027 Q2,2027-06-30,Cafe,71210.0,72221.0,23903.0,23903.0,361107.0,91.0,126150.0,157.0,47307.0,48318.0,487257.0,Small
326,2027 Q3,2027-09-30,Cafe,93516.0,94652.0,28485.0,28485.0,473258.0,92.0,151065.0,146.0,65031.0,66167.0,624323.0,Small
326,2027 Q4,2027-12-31,Cafe,116561.0,118698.0,34824.0,34824.0,593488.0,92.0,183326.0,146.0,81737.0,83874.0,776814.0,Small
326,2028 Q1,2028-03-31,Cafe,91444.0,92647.0,28011.0,28011.0,463237.0,91.0,147069.0,146.0,63433.0,64636.0,610306.0,Small
326,2028 Q2,2028-06-30,Cafe,69853.0,70845.0,22306.0,22306.0,354224.0,91.0,117924.78,147.0,47547.0,48539.0,472148.78,Small
326,2028 Q3,2028-09-30,Cafe,83643.0,85525.0,25282.0,25282.0,427626.0,92.0,134046.09,147.0,58361.0,60243.0,561672.09,Small
327,2027 Q2,2027-06-30,Cafe,74526.0,89790.0,31935.0,31935.0,448950.0,91.0,165694.0,157.0,42591.0,57855.0,614644.0,Small
327,2027 Q3,2027-09-30,Cafe,73909.0,89804.0,29910.0,29910.0,449022.0,92.0,155555.0,146.0,43999.0,59894.0,604577.0,Small
327,2027 Q4,2027-12-31,Cafe,85127.0,102686.0,33966.0,33966.0,513429.0,92.0,176239.85,147.0,51161.0,68720.0,689668.85,Small
327,2028 Q1,2028-03-31,Cafe,88832.0,107156.0,35795.0,35795.0,535779.0,91.0,185048.0,146.0,53037.0,71361.0,720827.0,Small
327,2028 Q2,2028-06-30,Cafe,93057.0,111579.0,37346.29,37346.29,557893.0,91.0,193815.44,147.0,55710.71,74232.70999999999,751708.44,Small
327,2028 Q3,2028-09-30,Cafe,91256.0,110346.0,35262.0,35262.0,551732.0,92.0,183529.0,146.0,55994.0,75084.0,735261.0,Small
328,2027 Q2,2027-06-30,Cafe,106360.0,108089.0,42356.0,42356.0,540443.0,91.0,211780.0,157.0,64004.0,65733.0,752223.0,Medium
328,2027 Q3,2027-09-30,Cafe,108735.0,110278.0,40597.0,40597.0,551392.0,92.0,202984.0,146.0,68138.0,69681.0,754376.0,Medium
328,2027 Q4,2027-12-31,Cafe,126764.0,128304.0,46127.0,46127.0,641522.0,92.0,230634.0,146.0,80637.0,82177.0,872156.0,Medium
328,2028 Q1,2028-03-31,Cafe,134462.0,135958.0,49086.0,49086.0,679788.0,91.0,245432.0,146.0,85376.0,86872.0,925220.0,Medium
328,2028 Q2,2028-06-30,Cafe,141745.0,143467.0,52065.46,52065.46,717335.0,91.0,260329.28,147.0,89679.54000000001,91401.54000000001,977664.28,Medium
328,2028 Q3,2028-09-30,Cafe,141146.0,143587.0,49859.0,49859.0,717933.0,92.0,249295.0,146.0,91287.0,93728.0,967228.0,Medium
329,2027 Q2,2027-06-30,Cafe,113149.0,113149.0,46676.0,46676.0,565745.0,91.0,241513.0,157.0,66473.0,66473.0,807258.0,Medium
329,2027 Q3,2027-09-30,Cafe,110881.0,110881.0,43219.0,43219.0,554404.0,92.0,224055.0,146.0,67662.0,67662.0,778459.0,Medium
329,2027 Q4,2027-12-31,Cafe,124411.0,124411.0,47746.0,47746.0,622057.0,92.0,246427.0,146.0,76665.0,76665.0,868484.0,Medium
329,2028 Q1,2028-03-31,Cafe,127552.0,127552.0,49381.0,49381.0,637760.0,91.0,254660.0,146.0,78171.0,78171.0,892420.0,Medium
329,2028 Q2,2028-06-30,Cafe,130680.0,130680.0,50415.0,50415.0,653400.0,91.0,260975.0,146.0,80265.0,80265.0,914375.0,Medium
329,2028 Q3,2028-09-30,Cafe,127271.0,127271.0,47468.0,47468.0,636354.0,92.0,246279.0,146.0,79803.0,79803.0,882633.0,Medium
330,2027 Q2,2027-06-30,Cafe,83418.0,83418.0,35986.0,35986.0,417088.0,91.0,186747.0,157.0,47432.0,47432.0,603835.0,Small
330,2027 Q3,2027-09-30,Cafe,81466.0,81466.0,33009.0,33009.0,407332.0,92.0,171696.0,146.0,48457.0,48457.0,579028.0,Small
330,2027 Q4,2027-12-31,Cafe,91863.0,91863.0,37202.0,37202.0,459314.0,92.0,192470.0,146.0,54661.0,54661.0,651784.0,Small
330,2028 Q1,2028-03-31,Cafe,95358.0,95358.0,38999.0,38999.0,476790.0,91.0,201590.0,146.0,56359.0,56359.0,678380.0,Small
330,2028 Q2,2028-06-30,Cafe,99406.0,99406.0,40364.0,40364.0,497031.0,91.0,209524.0,146.0,59042.0,59042.0,706555.0,Small
330,2028 Q3,2028-09-30,Cafe,96874.0,98750.0,38528.0,38528.0,493752.0,92.0,200530.0,146.0,58346.0,60222.0,694282.0,Small
331,2027 Q2,2027-06-30,Cafe,107193.0,107193.0,35937.0,35937.0,535964.0,91.0,187639.0,157.0,71256.0,71256.0,723603.0,Small
331,2027 Q3,2027-09-30,Cafe,104535.0,104535.0,32804.0,32804.0,522675.0,92.0,171771.0,146.0,71731.0,71731.0,694446.0,Small
331,2027 Q4,2027-12-31,Cafe,118244.0,118244.0,37064.0,37064.0,591218.0,92.0,192874.0,146.0,81180.0,81180.0,784092.0,Small
331,2028 Q1,2028-03-31,Cafe,123873.0,123873.0,39285.0,39285.0,619365.0,91.0,204212.0,146.0,84588.0,84588.0,823577.0,Small
331,2028 Q2,2028-06-30,Cafe,131067.0,131067.0,41373.0,41373.0,655336.0,91.0,216100.0,146.0,89694.0,89694.0,871436.0,Small
331,2028 Q3,2028-09-30,Cafe,132701.0,132702.0,40050.0,40050.0,663508.0,92.0,209874.0,146.0,92651.0,92652.0,873382.0,Small
332,2027 Q2,2027-06-30,Cafe,145139.0,166253.0,64497.0,64497.0,831263.0,91.0,326748.0,157.0,80642.0,101756.0,1158011.0,Medium
332,2027 Q3,2027-09-30,Cafe,139205.0,159091.0,58361.0,58361.0,795457.0,92.0,295879.0,146.0,80844.0,100730.0,1091336.0,Medium
332,2027 Q4,2027-12-31,Cafe,155494.0,175106.0,63688.0,63688.0,875528.0,92.0,322306.0,146.0,91806.0,111418.0,1197834.0,Medium
332,2028 Q1,2028-03-31,Cafe,155511.0,176918.0,65075.0,65075.0,884592.0,91.0,329216.0,146.0,90436.0,111843.0,1213808.0,Medium
332,2028 Q2,2028-06-30,Cafe,158476.0,179475.0,65989.0,65989.0,897377.0,91.0,334311.0,146.0,92487.0,113486.0,1231688.0,Medium
332,2028 Q3,2028-09-30,Cafe,153969.0,173780.0,61829.0,61829.0,868900.0,92.0,313506.0,146.0,92140.0,111951.0,1182406.0,Medium
333,2027 Q2,2027-06-30,Cafe,88725.0,88725.0,32010.0,32010.0,443626.0,91.0,179529.0,157.0,56715.0,56715.0,623155.0,Small
333,2027 Q3,2027-09-30,Cafe,83093.0,83093.0,28897.79,28897.79,415464.0,92.0,162888.96,148.0,54195.21,54195.21,578352.96,Small
333,2027 Q4,2027-12-31,Cafe,89228.0,89228.0,31094.1,31094.1,446140.0,92.0,173626.51,147.0,58133.9,58133.9,619766.51,Small
333,2028 Q1,2028-03-31,Cafe,87647.0,87647.0,31212.1,31212.1,438236.0,91.0,173285.51,147.0,56434.9,56434.9,611521.51,Small
333,2028 Q2,2028-06-30,Cafe,86207.0,86207.0,30725.1,30725.1,431033.0,91.0,171593.51,147.0,55481.9,55481.9,602626.51,Small
333,2028 Q3,2028-09-30,Cafe,80670.0,80670.0,26708.94,26709.94,403348.0,92.0,151051.68,147.0,53961.06,53960.06,554399.6799999999,Small
334,2027 Q2,2027-06-30,Cafe,75190.0,84011.0,32262.0,32262.0,420053.0,91.0,164345.0,157.0,42928.0,51749.0,584398.0,Small
334,2027 Q3,2027-09-30,Cafe,68057.0,76554.0,27852.0,27852.0,382768.0,92.0,142024.0,146.0,40205.0,48702.0,524792.0,Small
334,2027 Q4,2027-12-31,Cafe,71185.0,79893.0,29243.75,29243.75,399463.0,92.0,148706.73,147.0,41941.25,50649.25,548169.73,Small
334,2028 Q1,2028-03-31,Cafe,68086.0,76159.0,28217.0,28217.0,380796.0,91.0,143415.0,146.0,39869.0,47942.0,524211.0,Small
334,2028 Q2,2028-06-30,Cafe,65084.0,72637.0,27121.78,27121.78,363187.0,91.0,138093.88,147.0,37962.22,45515.22,501280.88,Small
334,2028 Q3,2028-09-30,Cafe,57972.0,65802.0,23950.0,23950.0,329012.0,92.0,122083.0,146.0,34022.0,41852.0,451095.0,Small
335,2027 Q2,2027-06-30,Cafe,65859.0,125445.0,44287.0,44287.0,627223.0,91.0,229403.0,157.0,21572.0,81158.0,856626.0,Small
335,2027 Q3,2027-09-30,Cafe,36017.0,72323.0,25160.0,25160.0,361613.0,92.0,130328.0,146.0,10857.0,47163.0,491941.0,Small
335,2027 Q4,2027-12-31,Cafe,37268.0,73506.0,27107.0,27107.0,367529.0,92.0,139701.0,146.0,10161.0,46399.0,507230.0,Small
335,2028 Q1,2028-03-31,Cafe,83202.0,159391.0,53488.0,53488.0,796953.0,91.0,276124.0,146.0,29714.0,105903.0,1073077.0,Small
335,2028 Q2,2028-06-30,Cafe,36448.0,69292.0,24553.0,24553.0,346461.0,91.0,126751.0,146.0,11895.0,44739.0,473212.0,Small
335,2028 Q3,2028-09-30,Cafe,42198.0,80839.0,28251.0,28251.0,404195.0,92.0,146407.0,146.0,13947.0,52588.0,550602.0,Small
336,2027 Q2,2027-06-30,Cafe,103045.0,104614.0,37012.0,37012.0,523068.0,91.0,196173.85,158.0,66033.0,67602.0,719241.85,Small
336,2027 Q3,2027-09-30,Cafe,58620.0,59573.0,21142.0,21142.0,297863.0,92.0,111714.0,146.0,37478.0,38431.0,409577.0,Small
336,2027 Q4,2027-12-31,Cafe,104160.0,105425.0,36216.56,36216.56,527123.0,92.0,191788.82,147.0,67943.44,69208.44,718911.8200000001,Small
336,2028 Q1,2028-03-31,Cafe,122167.0,123902.0,40460.0,40460.0,619510.0,91.0,213827.0,146.0,81707.0,83442.0,833337.0,Small
336,2028 Q2,2028-06-30,Cafe,69457.0,70230.0,25798.65,25798.65,351151.0,91.0,135928.25,147.0,43658.35,44431.35,487079.25,Small
336,2028 Q3,2028-09-30,Cafe,73333.0,74677.0,24888.0,24888.0,373385.0,92.0,131748.0,146.0,48445.0,49789.0,505133.0,Small
337,2027 Q2,2027-06-30,Cafe,130843.0,133513.0,55024.0,55024.0,667565.0,91.0,275122.0,157.0,75819.0,78489.0,942687.0,Medium
337,2027 Q3,2027-09-30,Cafe,126768.0,128568.0,50279.0,50279.0,642838.0,92.0,251397.0,146.0,76489.0,78289.0,894235.0,Medium
337,2027 Q4,2027-12-31,Cafe,140735.0,142878.0,55171.0,55171.0,714391.0,92.0,275857.0,146.0,85564.0,87707.0,990248.0,Medium
337,2028 Q1,2028-03-31,Cafe,142714.0,146373.0,56989.0,56989.0,731866.0,91.0,284943.0,146.0,85725.0,89384.0,1016809.0,Medium
337,2028 Q2,2028-06-30,Cafe,147730.0,151208.0,58658.0,58658.0,756041.0,91.0,293288.0,146.0,89072.0,92550.0,1049329.0,Medium
337,2028 Q3,2028-09-30,Cafe,149773.0,149773.0,57344.91,57344.91,748865.0,92.0,286723.55,147.0,92428.09,92428.09,1035588.55,Medium
338,2027 Q2,2027-06-30,Cafe,82720.0,94970.0,36352.0,36352.0,474852.0,91.0,189296.39,158.0,46368.0,58618.0,664148.39,Small
338,2027 Q3,2027-09-30,Cafe,77631.0,91546.0,32898.0,32898.0,457731.0,92.0,171320.0,146.0,44733.0,58648.0,629051.0,Small
338,2027 Q4,2027-12-31,Cafe,76031.0,101646.0,36442.0,36442.0,508232.0,92.0,188746.0,146.0,39589.0,65204.0,696978.0,Small
338,2028 Q1,2028-03-31,Cafe,86419.0,103744.0,37646.0,37646.0,518719.0,91.0,194790.0,146.0,48773.0,66098.0,713509.0,Small
338,2028 Q2,2028-06-30,Cafe,89053.0,106396.0,38519.0,38519.0,531980.0,91.0,200133.0,146.0,50534.0,67877.0,732113.0,Small
338,2028 Q3,2028-09-30,Cafe,90863.0,104201.0,36319.14,36319.14,521004.0,92.0,189207.7,147.0,54543.86,67881.86,710211.7,Small
339,2027 Q2,2027-06-30,Cafe,106400.0,108905.0,38714.76,38714.76,544526.0,91.0,197429.87,160.0,67685.23999999999,70190.23999999999,741955.87,Small
339,2027 Q3,2027-09-30,Cafe,103431.0,104581.0,34343.0,34343.0,522906.0,92.0,175219.0,146.0,69088.0,70238.0,698125.0,Small
339,2027 Q4,2027-12-31,Cafe,111905.0,115129.0,37599.0,37599.0,575647.0,92.0,191316.0,146.0,74306.0,77530.0,766963.0,Small
339,2028 Q1,2028-03-31,Cafe,113377.0,115927.0,38310.0,38310.0,579635.0,91.0,194839.0,146.0,75067.0,77617.0,774474.0,Small
339,2028 Q2,2028-06-30,Cafe,114937.0,116806.0,38590.0,38590.0,584028.0,91.0,196662.0,146.0,76347.0,78216.0,780690.0,Small
339,2028 Q3,2028-09-30,Cafe,109394.0,111969.0,35780.0,35780.0,559845.0,92.0,182570.0,146.0,73614.0,76189.0,742415.0,Small
340,2027 Q2,2027-06-30,Cafe,88506.0,90037.0,32295.0,32295.0,450187.0,91.0,163768.0,157.0,56211.0,57742.0,613955.0,Small
340,2027 Q3,2027-09-30,Cafe,88730.0,88730.0,29962.0,29962.0,443649.0,92.0,152062.0,146.0,58768.0,58768.0,595711.0,Small
340,2027 Q4,2027-12-31,Cafe,98913.0,100114.0,33428.0,33428.0,500570.0,92.0,169330.0,146.0,65485.0,66686.0,669900.0,Small
340,2028 Q1,2028-03-31,Cafe,103214.0,103214.0,34785.0,34785.0,516070.0,91.0,176144.0,146.0,68429.0,68429.0,692214.0,Small
340,2028 Q2,2028-06-30,Cafe,106321.0,106321.0,35769.0,35769.0,531603.0,91.0,181408.0,146.0,70552.0,70552.0,713011.0,Small
340,2028 Q3,2028-09-30,Cafe,102445.0,104111.0,33943.46,33943.46,520555.0,92.0,172304.28,147.0,68501.54000000001,70167.54000000001,692859.28,Small
341,2027 Q2,2027-06-30,Cafe,84822.0,130095.0,42698.0,42698.0,650477.0,91.0,227003.0,157.0,42124.0,87397.0,877480.0,Small
341,2027 Q3,2027-09-30,Cafe,78371.0,100605.0,31542.37,31542.37,503025.0,92.0,168266.84,147.0,46828.630000000005,69062.63,671291.84,Small
341,2027 Q4,2027-12-31,Cafe,58220.0,89570.0,28872.0,28872.0,447852.0,92.0,153524.0,146.0,29348.0,60698.0,601376.0,Small
341,2028 Q1,2028-03-31,Cafe,55009.0,104779.0,33904.0,33904.0,523897.0,91.0,179818.0,146.0,21105.0,70875.0,703715.0,Small
341,2028 Q2,2028-06-30,Cafe,84191.0,129724.0,40956.0,40956.0,648618.0,91.0,217708.0,146.0,43235.0,88768.0,866326.0,Small
341,2028 Q3,2028-09-30,Cafe,93759.0,118532.0,36027.0,36027.0,592662.0,92.0,192441.0,146.0,57732.0,82505.0,785103.0,Small
342,2027 Q2,2027-06-30,Cafe,77628.0,80862.0,28899.0,28899.0,404311.0,91.0,151682.0,157.0,48729.0,51963.0,555993.0,Small
342,2027 Q3,2027-09-30,Cafe,70119.0,73193.0,24762.93,24762.93,365966.0,92.0,130433.67,147.0,45356.07,48430.07,496399.67,Small
342,2027 Q4,2027-12-31,Cafe,72804.0,75838.0,26673.56,26673.56,379192.0,92.0,140033.78,147.0,46130.44,49164.44,519225.78,Small
342,2028 Q1,2028-03-31,Cafe,68578.0,71734.0,25840.56,25840.56,358670.0,91.0,135208.78,147.0,42737.44,45893.44,493878.78,Small
342,2028 Q2,2028-06-30,Cafe,66836.0,67854.0,23767.81,23767.81,339272.0,91.0,124575.06,147.0,43068.19,44086.19,463847.06,Small
342,2028 Q3,2028-09-30,Cafe,59882.0,60918.0,20738.0,20738.0,304591.0,92.0,109093.0,146.0,39144.0,40180.0,413684.0,Small
343,2027 Q2,2027-06-30,Cafe,181404.0,239636.0,77175.0,77175.0,1198178.0,91.0,425443.0,157.0,104229.0,162461.0,1623621.0,Medium
343,2027 Q3,2027-09-30,Cafe,135634.0,180845.0,53790.0,53790.0,904224.0,92.0,297688.0,146.0,81844.0,127055.0,1201912.0,Medium
343,2027 Q4,2027-12-31,Cafe,132895.0,174632.0,54760.0,54760.0,873162.0,92.0,300641.0,146.0,78135.0,119872.0,1173803.0,Medium
343,2028 Q1,2028-03-31,Cafe,122300.0,162850.0,52550.0,52550.0,814252.0,91.0,286840.0,146.0,69750.0,110300.0,1101092.0,Medium
343,2028 Q2,2028-06-30,Cafe,110743.0,144762.0,46728.0,46728.0,723809.0,91.0,255564.0,146.0,64015.0,98034.0,979373.0,Medium
343,2028 Q3,2028-09-30,Cafe,125207.0,163669.0,50581.0,50581.0,818347.0,92.0,279410.0,146.0,74626.0,113088.0,1097757.0,Medium
344,2027 Q2,2027-06-30,Cafe,52191.0,85280.0,33401.0,33401.0,426401.0,91.0,174279.0,157.0,18790.0,51879.0,600680.0,Small
344,2027 Q3,2027-09-30,Cafe,53766.0,86859.0,31853.0,31853.0,434294.0,92.0,166657.0,146.0,21913.0,55006.0,600951.0,Small
344,2027 Q4,2027-12-31,Cafe,61968.0,100925.0,36674.0,36674.0,504623.0,92.0,190772.0,146.0,25294.0,64251.0,695395.0,Small
344,2028 Q1,2028-03-31,Cafe,66241.0,106840.0,39085.0,39085.0,534201.0,91.0,203128.0,146.0,27156.0,67755.0,737329.0,Small
344,2028 Q2,2028-06-30,Cafe,69964.0,112663.0,40850.0,40850.0,563315.0,91.0,213349.0,146.0,29114.0,71813.0,776664.0,Small
344,2028 Q3,2028-09-30,Cafe,69989.0,112703.0,39222.0,39222.0,563516.0,92.0,205487.0,146.0,30767.0,73481.0,769003.0,Small
345,2027 Q2,2027-06-30,Cafe,90945.0,92050.0,33527.0,33527.0,460250.0,91.0,167635.0,157.0,57418.0,58523.0,627885.0,Small
345,2027 Q3,2027-09-30,Cafe,81149.0,82052.0,28533.0,28533.0,410260.0,92.0,142666.0,146.0,52616.0,53519.0,552926.0,Small
345,2027 Q4,2027-12-31,Cafe,82587.0,83590.0,29026.0,29026.0,417950.0,92.0,145130.0,146.0,53561.0,54564.0,563080.0,Small
345,2028 Q1,2028-03-31,Cafe,77585.0,77585.0,28831.74,28831.74,387925.0,91.0,144160.68,147.0,48753.259999999995,48753.259999999995,532085.6799999999,Small
345,2028 Q2,2028-06-30,Cafe,71884.0,71884.0,25875.0,25875.0,359420.0,91.0,129374.0,146.0,46009.0,46009.0,488794.0,Small
345,2028 Q3,2028-09-30,Cafe,62349.0,63042.0,22462.0,22462.0,315208.0,92.0,112308.0,146.0,39887.0,40580.0,427516.0,Small
346,2027 Q2,2027-06-30,Cafe,70658.0,84926.0,31576.0,31576.0,424628.0,91.0,158679.0,157.0,39082.0,53350.0,583307.0,Small
346,2027 Q3,2027-09-30,Cafe,87709.0,93506.0,32717.0,32717.0,467530.0,92.0,164482.0,146.0,54992.0,60789.0,632012.0,Small
346,2027 Q4,2027-12-31,Cafe,72586.0,84698.0,30202.0,30202.0,423492.0,92.0,151721.0,146.0,42384.0,54496.0,575213.0,Small
346,2028 Q1,2028-03-31,Cafe,58770.0,78465.0,27976.0,27976.0,392323.0,91.0,140508.0,146.0,30794.0,50489.0,532831.0,Small
346,2028 Q2,2028-06-30,Cafe,80568.0,97070.0,35116.0,35116.0,485351.0,91.0,176497.0,146.0,45452.0,61954.0,661848.0,Small
346,2028 Q3,2028-09-30,Cafe,112133.0,121225.0,40154.0,40154.0,606126.0,92.0,201909.0,146.0,71979.0,81071.0,808035.0,Small
347,2027 Q2,2027-06-30,Cafe,65232.0,65232.0,24733.0,24733.0,326162.0,91.0,130435.0,157.0,40499.0,40499.0,456597.0,Small
347,2027 Q3,2027-09-30,Cafe,91386.0,92684.0,32327.0,32327.0,463419.0,92.0,171669.92,147.0,59059.0,60357.0,635088.92,Small
347,2027 Q4,2027-12-31,Cafe,72056.0,73005.0,25536.0,25536.0,365026.0,92.0,134173.0,146.0,46520.0,47469.0,499199.0,Small
347,2028 Q1,2028-03-31,Cafe,62092.0,62092.0,22539.0,22539.0,310461.0,91.0,118145.0,146.0,39553.0,39553.0,428606.0,Small
347,2028 Q2,2028-06-30,Cafe,111249.0,113173.0,40024.0,40024.0,565866.0,91.0,211741.0,146.0,71225.0,73149.0,777607.0,Small
347,2028 Q3,2028-09-30,Cafe,111842.0,114592.0,37825.59,37825.59,572959.0,92.0,200859.95,147.0,74016.41,76766.41,773818.95,Small
348,2027 Q2,2027-06-30,Cafe,114217.0,114217.0,44551.78,44551.78,571083.0,91.0,222758.92,158.0,69665.22,69665.22,793841.92,Small
348,2027 Q3,2027-09-30,Cafe,102029.0,102029.0,36720.0,36720.0,510146.0,92.0,183600.0,146.0,65309.0,65309.0,693746.0,Small
348,2027 Q4,2027-12-31,Cafe,104210.0,104210.0,37366.0,37366.0,521048.0,92.0,186829.0,146.0,66844.0,66844.0,707877.0,Small
348,2028 Q1,2028-03-31,Cafe,95764.0,97025.0,35463.0,35463.0,485124.0,91.0,177315.0,146.0,60301.0,61562.0,662439.0,Small
348,2028 Q2,2028-06-30,Cafe,90226.0,90226.0,33431.0,33431.0,451128.0,91.0,167155.0,146.0,56795.0,56795.0,618283.0,Small
348,2028 Q3,2028-09-30,Cafe,79479.0,79479.0,28793.0,28793.0,397395.0,92.0,143963.0,146.0,50686.0,50686.0,541358.0,Small
349,2027 Q2,2027-06-30,Cafe,117756.0,119428.0,46937.24,46937.24,597138.0,91.0,234686.21,158.0,70818.76000000001,72490.76000000001,831824.21,Medium
349,2027 Q3,2027-09-30,Cafe,115086.0,115086.0,42821.0,42821.0,575428.0,92.0,214103.0,146.0,72265.0,72265.0,789531.0,Medium
349,2027 Q4,2027-12-31,Cafe,127105.0,127105.0,46450.0,46450.0,635527.0,92.0,232250.0,146.0,80655.0,80655.0,867777.0,Medium
349,2028 Q1,2028-03-31,Cafe,128377.0,128377.0,49917.21,49917.21,641883.0,91.0,249587.05,147.0,78459.79000000001,78459.79000000001,891470.05,Medium
349,2028 Q2,2028-06-30,Cafe,129710.0,129710.0,48049.0,48049.0,648552.0,91.0,240246.0,146.0,81661.0,81661.0,888798.0,Medium
349,2028 Q3,2028-09-30,Cafe,124665.0,124665.0,44912.0,44912.0,623324.0,92.0,224560.0,146.0,79753.0,79753.0,847884.0,Medium
350,2027 Q2,2027-06-30,Cafe,71866.0,72738.0,28594.4,28594.4,363692.0,91.0,149300.99,158.0,43271.6,44143.6,512992.99,Small
350,2027 Q3,2027-09-30,Cafe,77603.0,78546.0,29169.0,29169.0,392731.0,92.0,152817.0,146.0,48434.0,49377.0,545548.0,Small
350,2027 Q4,2027-12-31,Cafe,117206.0,119112.0,42095.0,42095.0,595558.0,92.0,219452.0,146.0,75111.0,77017.0,815010.0,Small
350,2028 Q1,2028-03-31,Cafe,101037.0,102576.0,37803.63,37803.63,512879.0,91.0,196508.13,147.0,63233.37,64772.37,709387.13,Small
350,2028 Q2,2028-06-30,Cafe,71032.0,72041.0,27096.0,27096.0,360205.0,91.0,141451.0,146.0,43936.0,44945.0,501656.0,Small
350,2028 Q3,2028-09-30,Cafe,86058.0,87635.0,31060.0,31060.0,438175.0,92.0,163267.13,147.0,54998.0,56575.0,601442.13,Small
351,2027 Q2,2027-06-30,Cafe,154432.0,156308.0,65651.97,65651.97,781539.0,91.0,328260.85,158.0,88780.03,90656.03,1109799.85,Medium
351,2027 Q3,2027-09-30,Cafe,151035.0,153491.0,60568.0,60568.0,767456.0,92.0,302841.0,146.0,90467.0,92923.0,1070297.0,Medium
351,2027 Q4,2027-12-31,Cafe,169636.0,172570.0,67447.0,67447.0,862851.0,92.0,337233.0,146.0,102189.0,105123.0,1200084.0,Medium
351,2028 Q1,2028-03-31,Cafe,174444.0,177280.0,69949.0,69949.0,886399.0,91.0,349743.0,146.0,104495.0,107331.0,1236142.0,Medium
351,2028 Q2,2028-06-30,Cafe,179065.0,181977.0,71808.0,71808.0,909886.0,91.0,359040.0,146.0,107257.0,110169.0,1268926.0,Medium
351,2028 Q3,2028-09-30,Cafe,174727.0,177568.0,67667.0,67667.0,887841.0,92.0,338333.0,146.0,107060.0,109901.0,1226174.0,Medium
352,2027 Q2,2027-06-30,Cafe,246217.0,246217.0,97984.0,97984.0,1231086.0,91.0,489918.0,157.0,148233.0,148233.0,1721004.0,Large
352,2027 Q3,2027-09-30,Cafe,248425.0,248425.0,93110.89,93110.89,1242127.0,92.0,465556.43,147.0,155314.11,155314.11,1707683.43,Large
352,2027 Q4,2027-12-31,Cafe,286310.0,286310.0,106069.39,106069.39,1431550.0,92.0,530346.96,147.0,180240.61,180240.61,1961896.96,Large
352,2028 Q1,2028-03-31,Cafe,300929.0,300929.0,111697.0,111697.0,1504643.0,91.0,558483.0,146.0,189232.0,189232.0,2063126.0,Large
352,2028 Q2,2028-06-30,Cafe,315373.0,315373.0,116941.0,116941.0,1576864.0,91.0,584704.0,146.0,198432.0,198432.0,2161568.0,Large
352,2028 Q3,2028-09-30,Cafe,313751.0,313751.0,112099.0,112099.0,1568755.0,92.0,560493.0,146.0,201652.0,201652.0,2129248.0,Large
353,2027 Q2,2027-06-30,Cafe,210146.0,213563.0,74093.0,74093.0,1067815.0,91.0,411627.0,157.0,136053.0,139470.0,1479442.0,Large
353,2027 Q3,2027-09-30,Cafe,192017.0,195736.0,64057.0,64057.0,978680.0,92.0,358319.0,146.0,127960.0,131679.0,1336999.0,Large
353,2027 Q4,2027-12-31,Cafe,200249.0,205594.0,67844.0,67844.0,1027970.0,92.0,375824.0,146.0,132405.0,137750.0,1403794.0,Large
353,2028 Q1,2028-03-31,Cafe,192470.0,197405.0,66690.0,66690.0,987027.0,91.0,367430.0,146.0,125780.0,130715.0,1354457.0,Large
353,2028 Q2,2028-06-30,Cafe,185019.0,189763.0,64070.0,64070.0,948817.0,91.0,355069.0,146.0,120949.0,125693.0,1303886.0,Large
353,2028 Q3,2028-09-30,Cafe,169089.0,173425.0,56877.0,56877.0,867123.0,92.0,317433.0,146.0,112212.0,116548.0,1184556.0,Large
354,2027 Q2,2027-06-30,Cafe,178655.0,178655.0,68790.0,68790.0,893273.0,91.0,348551.0,157.0,109865.0,109865.0,1241824.0,Medium
354,2027 Q3,2027-09-30,Cafe,160949.0,160949.0,58892.0,58892.0,804743.0,92.0,298606.0,146.0,102057.0,102057.0,1103349.0,Medium
354,2027 Q4,2027-12-31,Cafe,165898.0,165898.0,60683.0,60683.0,829488.0,92.0,307355.58,147.0,105215.0,105215.0,1136843.58,Medium
354,2028 Q1,2028-03-31,Cafe,156009.0,156009.0,58507.82,58507.82,780044.0,91.0,295943.12,147.0,97501.18,97501.18,1075987.12,Medium
354,2028 Q2,2028-06-30,Cafe,146637.0,146637.0,55306.0,55306.0,733186.0,91.0,280110.0,146.0,91331.0,91331.0,1013296.0,Medium
354,2028 Q3,2028-09-30,Cafe,130711.0,130711.0,48430.0,48430.0,653555.0,92.0,245457.0,146.0,82281.0,82281.0,899012.0,Medium
355,2027 Q2,2027-06-30,Cafe,312148.0,350728.0,107230.0,107230.0,1753640.0,91.0,593938.0,157.0,204918.0,243498.0,2347578.0,Large
355,2027 Q3,2027-09-30,Cafe,281421.0,336628.0,96267.0,96267.0,1683140.0,92.0,537317.0,146.0,185154.0,240361.0,2220457.0,Large
355,2027 Q4,2027-12-31,Cafe,284424.0,370344.0,105733.09,105733.09,1851720.0,92.0,585569.46,147.0,178690.91,264610.91000000003,2437289.46,Large
355,2028 Q1,2028-03-31,Cafe,327913.0,372628.0,108196.0,108196.0,1863140.0,91.0,596402.11,147.0,219717.0,264432.0,2459542.11,Large
355,2028 Q2,2028-06-30,Cafe,336119.0,375133.0,108782.0,108783.0,1875665.0,91.0,602598.0,146.0,227337.0,266350.0,2478263.0,Large
355,2028 Q3,2028-09-30,Cafe,296745.0,359255.0,99898.0,99898.0,1796275.0,92.0,558242.57,147.0,196847.0,259357.0,2354517.57,Large
356,2027 Q2,2027-06-30,Cafe,60187.0,61290.0,25053.0,25053.0,306449.0,91.0,129762.0,157.0,35134.0,36237.0,436211.0,Small
356,2027 Q3,2027-09-30,Cafe,99077.0,100484.0,37155.0,37155.0,502420.0,92.0,193338.0,146.0,61922.0,63329.0,695758.0,Small
356,2027 Q4,2027-12-31,Cafe,97613.0,101363.0,36159.0,36159.0,506815.0,92.0,187083.0,146.0,61454.0,65204.0,693898.0,Small
356,2028 Q1,2028-03-31,Cafe,86403.0,88166.0,33189.0,33189.0,440831.0,91.0,171490.0,146.0,53214.0,54977.0,612321.0,Small
356,2028 Q2,2028-06-30,Cafe,73547.0,74667.0,28118.0,28118.0,373335.0,91.0,145692.0,146.0,45429.0,46549.0,519027.0,Small
356,2028 Q3,2028-09-30,Cafe,85608.0,87000.0,31636.0,31636.0,434999.0,92.0,164500.0,146.0,53972.0,55364.0,599499.0,Small
357,2027 Q2,2027-06-30,Cafe,105802.0,105802.0,38097.0,38097.0,529008.0,91.0,192939.0,157.0,67705.0,67705.0,721947.0,Small
357,2027 Q3,2027-09-30,Cafe,95119.0,95119.0,32453.0,32453.0,475594.0,92.0,164470.0,146.0,62666.0,62666.0,640064.0,Small
357,2027 Q4,2027-12-31,Cafe,97840.0,97840.0,33434.0,33434.0,489199.0,92.0,169124.0,146.0,64406.0,64406.0,658323.0,Small
357,2028 Q1,2028-03-31,Cafe,91815.0,91815.0,32486.52,32486.52,459073.0,91.0,164234.59,149.0,59328.479999999996,59328.479999999996,623307.59,Small
357,2028 Q2,2028-06-30,Cafe,86120.0,86120.0,30219.0,30219.0,430602.0,91.0,152987.0,146.0,55901.0,55901.0,583589.0,Small
357,2028 Q3,2028-09-30,Cafe,76606.0,76606.0,26330.0,26330.0,383032.0,92.0,133393.0,146.0,50276.0,50276.0,516425.0,Small
358,2027 Q2,2027-06-30,Cafe,114134.0,114134.0,38660.53,38660.53,570671.0,91.0,214600.64,158.0,75473.47,75473.47,785271.64,Small
358,2027 Q3,2027-09-30,Cafe,109649.0,109648.0,34512.0,34512.0,548242.0,92.0,193195.0,146.0,75137.0,75136.0,741437.0,Small
358,2027 Q4,2027-12-31,Cafe,121781.0,121781.0,38483.0,38483.0,608907.0,92.0,213443.0,146.0,83298.0,83298.0,822350.0,Small
358,2028 Q1,2028-03-31,Cafe,125080.0,125080.0,40534.13,40534.13,625400.0,91.0,223542.63,147.0,84545.87,84545.87,848942.63,Small
358,2028 Q2,2028-06-30,Cafe,130093.0,130093.0,41591.0,41591.0,650466.0,91.0,231255.0,147.0,88502.0,88502.0,881721.0,Small
358,2028 Q3,2028-09-30,Cafe,130358.0,130358.0,39592.0,39592.0,651791.0,92.0,221976.0,146.0,90766.0,90766.0,873767.0,Small
359,2027 Q2,2027-06-30,Cafe,82613.0,83616.0,30860.0,30860.0,418080.0,91.0,154298.0,157.0,51753.0,52756.0,572378.0,Small
359,2027 Q3,2027-09-30,Cafe,82004.0,82004.0,28507.0,28507.0,410021.0,92.0,142535.0,146.0,53497.0,53497.0,552556.0,Small
359,2027 Q4,2027-12-31,Cafe,92110.0,92110.0,31685.0,31685.0,460550.0,92.0,158425.0,146.0,60425.0,60425.0,618975.0,Small
359,2028 Q1,2028-03-31,Cafe,94562.0,94562.0,32838.0,32838.0,472809.0,91.0,164189.0,146.0,61724.0,61724.0,636998.0,Small
359,2028 Q2,2028-06-30,Cafe,97031.0,97031.0,33702.0,33702.0,485153.0,91.0,168512.0,146.0,63329.0,63329.0,653665.0,Small
359,2028 Q3,2028-09-30,Cafe,93625.0,94666.0,31761.0,31761.0,473330.0,92.0,158804.0,146.0,61864.0,62905.0,632134.0,Small
360,2027 Q2,2027-06-30,Cafe,121509.0,121509.0,49471.0,49471.0,607545.0,91.0,247356.0,157.0,72038.0,72038.0,854901.0,Medium
360,2027 Q3,2027-09-30,Cafe,116509.0,116509.0,45071.0,45071.0,582546.0,92.0,225356.0,146.0,71438.0,71438.0,807902.0,Medium
360,2027 Q4,2027-12-31,Cafe,125232.0,128311.0,48926.0,48926.0,641554.0,92.0,244632.0,146.0,76306.0,79385.0,886186.0,Medium
360,2028 Q1,2028-03-31,Cafe,129457.0,129457.0,49870.0,49870.0,647287.0,91.0,249351.0,146.0,79587.0,79587.0,896638.0,Medium
360,2028 Q2,2028-06-30,Cafe,128615.0,130840.0,50442.0,50442.0,654198.0,91.0,252212.0,146.0,78173.0,80398.0,906410.0,Medium
360,2028 Q3,2028-09-30,Cafe,125885.0,125885.0,47181.0,47181.0,629424.0,92.0,235904.0,146.0,78704.0,78704.0,865328.0,Medium
361,2027 Q2,2027-06-30,Cafe,102063.0,103303.0,37986.0,37986.0,516516.0,91.0,197581.0,157.0,64077.0,65317.0,714097.0,Small
361,2027 Q3,2027-09-30,Cafe,104180.0,104180.0,35843.0,35843.0,520899.0,92.0,186915.0,146.0,68337.0,68337.0,707814.0,Small
361,2027 Q4,2027-12-31,Cafe,120007.0,120007.0,40987.8,40987.8,600034.0,92.0,212579.98,147.0,79019.2,79019.2,812613.98,Small
361,2028 Q1,2028-03-31,Cafe,126069.0,126069.0,43315.0,43315.0,630343.0,91.0,224466.0,146.0,82754.0,82754.0,854809.0,Small
361,2028 Q2,2028-06-30,Cafe,132050.0,132050.0,45236.0,45236.0,660252.0,91.0,235443.0,146.0,86814.0,86814.0,895695.0,Small
361,2028 Q3,2028-09-30,Cafe,131300.0,131300.0,43140.0,43140.0,656502.0,92.0,225190.0,146.0,88160.0,88160.0,881692.0,Small
362,2027 Q2,2027-06-30,Cafe,94721.0,108253.0,39249.0,39249.0,541265.0,91.0,196247.0,157.0,55472.0,69004.0,737512.0,Small
362,2027 Q3,2027-09-30,Cafe,83063.0,93963.0,33364.0,33364.0,469817.0,92.0,166819.0,146.0,49699.0,60599.0,636636.0,Small
362,2027 Q4,2027-12-31,Cafe,77292.0,87040.0,30543.0,30543.0,435199.0,92.0,152714.0,146.0,46749.0,56497.0,587913.0,Small
362,2028 Q1,2028-03-31,Cafe,94881.0,106012.0,38011.0,38011.0,530060.0,91.0,190056.0,146.0,56870.0,68001.0,720116.0,Small
362,2028 Q2,2028-06-30,Cafe,114061.0,127442.0,44293.0,44293.0,637211.0,91.0,221463.0,146.0,69768.0,83149.0,858674.0,Small
362,2028 Q3,2028-09-30,Cafe,93425.0,106165.0,35541.0,35541.0,530826.0,92.0,177707.0,146.0,57884.0,70624.0,708533.0,Small
363,2027 Q2,2027-06-30,Fine_Dine_Meat,392660.0,398235.0,102426.0,102426.0,1991175.0,91.0,512129.0,101.0,290234.0,295809.0,2503304.0,Large
363,2027 Q3,2027-09-30,Fine_Dine_Meat,387466.0,387466.0,94867.0,94867.0,1937330.0,92.0,474335.0,94.0,292599.0,292599.0,2411665.0,Large
363,2027 Q4,2027-12-31,Fine_Dine_Meat,528649.0,528649.0,123943.53,123943.53,2643245.0,92.0,619718.63,95.0,404705.47,404705.47,3262963.63,Large
363,2028 Q1,2028-03-31,Fine_Dine_Meat,513216.0,519449.0,122346.0,122346.0,2597247.0,91.0,611732.0,94.0,390870.0,397103.0,3208979.0,Large
363,2028 Q2,2028-06-30,Fine_Dine_Meat,439491.0,439491.0,106101.0,106101.0,2197455.0,91.0,530504.0,94.0,333390.0,333390.0,2727959.0,Large
363,2028 Q3,2028-09-30,Fine_Dine_Meat,437870.0,437870.0,102608.0,102608.0,2189349.0,92.0,513038.0,94.0,335262.0,335262.0,2702387.0,Large
364,2027 Q2,2027-06-30,Fine_Dine_Meat,176625.0,199802.0,48347.15,48347.15,999008.0,91.0,241736.77,102.0,128277.85,151454.85,1240744.77,Small
364,2027 Q3,2027-09-30,Fine_Dine_Meat,156837.0,189875.0,42248.0,42248.0,949375.0,92.0,211239.0,94.0,114589.0,147627.0,1160614.0,Small
364,2027 Q4,2027-12-31,Fine_Dine_Meat,191626.0,251807.0,54610.0,54610.0,1259037.0,92.0,273048.0,94.0,137016.0,197197.0,1532085.0,Small
364,2028 Q1,2028-03-31,Fine_Dine_Meat,211660.0,239433.0,52581.0,52581.0,1197167.0,91.0,262907.0,94.0,159079.0,186852.0,1460074.0,Small
364,2028 Q2,2028-06-30,Fine_Dine_Meat,170443.0,194570.0,43483.0,43483.0,972852.0,91.0,217415.0,94.0,126960.0,151087.0,1190267.0,Small
364,2028 Q3,2028-09-30,Fine_Dine_Meat,157501.0,184860.0,40233.0,40233.0,924300.0,92.0,201166.0,94.0,117268.0,144627.0,1125466.0,Small
365,2027 Q2,2027-06-30,Fine_Dine_Meat,178858.0,180847.0,44597.0,44597.0,904236.0,91.0,235516.0,101.0,134261.0,136250.0,1139752.0,Small
365,2027 Q3,2027-09-30,Fine_Dine_Meat,167388.0,167388.0,39350.0,39350.0,836939.0,92.0,208180.0,94.0,128038.0,128038.0,1045119.0,Small
365,2027 Q4,2027-12-31,Fine_Dine_Meat,216097.0,216097.0,50002.0,50002.0,1080484.0,92.0,260855.0,94.0,166095.0,166095.0,1341339.0,Small
365,2028 Q1,2028-03-31,Fine_Dine_Meat,200060.0,200060.0,47224.0,47224.0,1000300.0,91.0,245338.0,94.0,152836.0,152836.0,1245638.0,Small
365,2028 Q2,2028-06-30,Fine_Dine_Meat,155097.0,157940.0,37792.0,37792.0,789698.0,91.0,199269.0,94.0,117305.0,120148.0,988967.0,Small
365,2028 Q3,2028-09-30,Fine_Dine_Meat,143005.0,145478.0,34190.0,34190.0,727389.0,92.0,180660.0,94.0,108815.0,111288.0,908049.0,Small
366,2027 Q2,2027-06-30,Fine_Dine_Meat,207840.0,207840.0,52724.0,52724.0,1039199.0,91.0,263622.0,101.0,155116.0,155116.0,1302821.0,Small
366,2027 Q3,2027-09-30,Fine_Dine_Meat,144831.0,144832.0,35760.0,35760.0,724158.0,92.0,178802.0,94.0,109071.0,109072.0,902960.0,Small
366,2027 Q4,2027-12-31,Fine_Dine_Meat,146003.0,146003.0,36668.0,36668.0,730014.0,92.0,183338.0,94.0,109335.0,109335.0,913352.0,Small
366,2028 Q1,2028-03-31,Fine_Dine_Meat,169642.0,169642.0,42686.0,42686.0,848212.0,91.0,213431.0,94.0,126956.0,126956.0,1061643.0,Small
366,2028 Q2,2028-06-30,Fine_Dine_Meat,196679.0,196679.0,48321.0,48321.0,983396.0,91.0,241605.0,94.0,148358.0,148358.0,1225001.0,Small
366,2028 Q3,2028-09-30,Fine_Dine_Meat,208512.0,208512.0,50562.94,50562.94,1042561.0,92.0,252815.7,95.0,157949.06,157949.06,1295376.7,Small
367,2027 Q2,2027-06-30,Fine_Dine_Meat,178122.0,178122.0,40371.0,40371.0,890608.0,91.0,201857.0,101.0,137751.0,137751.0,1092465.0,Small
367,2027 Q3,2027-09-30,Fine_Dine_Meat,160981.0,160981.0,34895.0,34895.0,804905.0,92.0,174475.0,94.0,126086.0,126086.0,979380.0,Small
367,2027 Q4,2027-12-31,Fine_Dine_Meat,202591.0,202591.0,42675.0,42675.0,1012955.0,92.0,213376.0,94.0,159916.0,159916.0,1226331.0,Small
367,2028 Q1,2028-03-31,Fine_Dine_Meat,182621.0,182621.0,39196.0,39196.0,913105.0,91.0,195980.0,94.0,143425.0,143425.0,1109085.0,Small
367,2028 Q2,2028-06-30,Fine_Dine_Meat,139846.0,139846.0,31124.0,31124.0,699228.0,91.0,155622.0,94.0,108722.0,108722.0,854850.0,Small
367,2028 Q3,2028-09-30,Fine_Dine_Meat,124421.0,124421.0,27577.16,27578.16,622104.0,92.0,137888.8,95.0,96843.84,96842.84,759992.8,Small
368,2027 Q2,2027-06-30,Fine_Dine_Meat,217092.0,217092.0,50011.0,50011.0,1085461.0,91.0,250056.0,101.0,167081.0,167081.0,1335517.0,Small
368,2027 Q3,2027-09-30,Fine_Dine_Meat,140870.0,140870.0,32257.0,32257.0,704348.0,92.0,161283.0,94.0,108613.0,108613.0,865631.0,Small
368,2027 Q4,2027-12-31,Fine_Dine_Meat,181060.0,181060.0,40983.0,40983.0,905299.0,92.0,204917.0,94.0,140077.0,140077.0,1110216.0,Small
368,2028 Q1,2028-03-31,Fine_Dine_Meat,250446.0,250446.0,55668.31,55668.31,1252228.0,91.0,278339.55,95.0,194777.69,194777.69,1530567.55,Small
368,2028 Q2,2028-06-30,Fine_Dine_Meat,253434.0,253434.0,55200.0,55200.0,1267170.0,91.0,276001.0,94.0,198234.0,198234.0,1543171.0,Small
368,2028 Q3,2028-09-30,Fine_Dine_Meat,207534.0,207535.0,44770.95,44770.95,1037673.0,92.0,223853.75,95.0,162763.05,162764.05,1261526.75,Small
369,2027 Q2,2027-06-30,Fine_Dine_Meat,174637.0,174637.0,35368.0,35368.0,873186.0,91.0,197623.0,101.0,139269.0,139269.0,1070809.0,Small
369,2027 Q3,2027-09-30,Fine_Dine_Meat,178882.0,178882.0,33922.0,33922.0,894410.0,92.0,190843.0,94.0,144960.0,144960.0,1085253.0,Small
369,2027 Q4,2027-12-31,Fine_Dine_Meat,254319.0,254319.0,46463.0,46463.0,1271595.0,92.0,258961.0,94.0,207856.0,207856.0,1530556.0,Small
369,2028 Q1,2028-03-31,Fine_Dine_Meat,257622.0,257622.0,48349.0,48349.0,1288111.0,91.0,264674.0,94.0,209273.0,209273.0,1552785.0,Small
369,2028 Q2,2028-06-30,Fine_Dine_Meat,222933.0,222933.0,41412.0,41412.0,1114665.0,91.0,232042.0,94.0,181521.0,181521.0,1346707.0,Small
369,2028 Q3,2028-09-30,Fine_Dine_Meat,225295.0,225295.0,40239.19,40239.19,1126474.0,92.0,227221.95,95.0,185055.81,185055.81,1353695.95,Small
370,2027 Q2,2027-06-30,Fine_Dine_Meat,189633.0,189633.0,52317.0,52317.0,948164.0,91.0,261585.0,101.0,137316.0,137316.0,1209749.0,Medium
370,2027 Q3,2027-09-30,Fine_Dine_Meat,189155.0,192426.0,50273.0,50273.0,962130.0,92.0,251367.0,94.0,138882.0,142153.0,1213497.0,Medium
370,2027 Q4,2027-12-31,Fine_Dine_Meat,267544.0,271343.0,66906.0,66906.0,1356716.0,92.0,334528.0,94.0,200638.0,204437.0,1691244.0,Medium
370,2028 Q1,2028-03-31,Fine_Dine_Meat,272940.0,272940.0,67752.0,67752.0,1364701.0,91.0,338760.0,94.0,205188.0,205188.0,1703461.0,Medium
370,2028 Q2,2028-06-30,Fine_Dine_Meat,231581.0,234631.0,59456.0,59456.0,1173155.0,91.0,297280.0,94.0,172125.0,175175.0,1470435.0,Medium
370,2028 Q3,2028-09-30,Fine_Dine_Meat,232127.0,235662.0,57903.0,57903.0,1178310.0,92.0,289513.0,94.0,174224.0,177759.0,1467823.0,Medium
371,2027 Q2,2027-06-30,Fine_Dine_Meat,174567.0,177046.0,41472.0,41472.0,885230.0,91.0,207359.0,101.0,133095.0,135574.0,1092589.0,Small
371,2027 Q3,2027-09-30,Fine_Dine_Meat,171683.0,174830.0,39048.0,39048.0,874148.0,92.0,195239.0,94.0,132635.0,135782.0,1069387.0,Small
371,2027 Q4,2027-12-31,Fine_Dine_Meat,196000.0,199390.0,41795.0,41795.0,996952.0,92.0,208976.0,94.0,154205.0,157595.0,1205928.0,Small
371,2028 Q1,2028-03-31,Fine_Dine_Meat,146489.0,149022.0,33376.0,33376.0,745109.0,91.0,166879.0,94.0,113113.0,115646.0,911988.0,Small
371,2028 Q2,2028-06-30,Fine_Dine_Meat,93170.0,94396.0,22768.0,22768.0,471982.0,91.0,113842.0,94.0,70402.0,71628.0,585824.0,Small
371,2028 Q3,2028-09-30,Fine_Dine_Meat,89638.0,91281.0,21554.0,21554.0,456403.0,92.0,107769.0,94.0,68084.0,69727.0,564172.0,Small
372,2027 Q2,2027-06-30,Fine_Dine_Meat,164221.0,171779.0,41019.0,41019.0,858896.0,91.0,205093.0,101.0,123202.0,130760.0,1063989.0,Small
372,2027 Q3,2027-09-30,Fine_Dine_Meat,140571.0,146581.0,34098.0,34098.0,732906.0,92.0,170488.0,94.0,106473.0,112483.0,903394.0,Small
372,2027 Q4,2027-12-31,Fine_Dine_Meat,238550.0,249791.0,55206.0,55206.0,1248956.0,92.0,276031.0,94.0,183344.0,194585.0,1524987.0,Small
372,2028 Q1,2028-03-31,Fine_Dine_Meat,292650.0,305480.0,66725.0,66725.0,1527400.0,91.0,333625.0,94.0,225925.0,238755.0,1861025.0,Small
372,2028 Q2,2028-06-30,Fine_Dine_Meat,257276.0,261725.0,57269.0,57269.0,1308625.0,91.0,286346.0,94.0,200007.0,204456.0,1594971.0,Small
372,2028 Q3,2028-09-30,Fine_Dine_Meat,202620.0,204874.0,44334.0,44334.0,1024368.0,92.0,221670.0,94.0,158286.0,160540.0,1246038.0,Small
373,2027 Q2,2027-06-30,Fine_Dine_Meat,342774.0,347289.0,91129.72,91129.72,1736445.0,91.0,455649.6,102.0,251644.28,256159.28,2192094.6,Medium
373,2027 Q3,2027-09-30,Fine_Dine_Meat,321621.0,321621.0,77440.0,77440.0,1608104.0,92.0,387199.0,94.0,244181.0,244181.0,1995303.0,Medium
373,2027 Q4,2027-12-31,Fine_Dine_Meat,415627.0,415627.0,97062.0,97062.0,2078136.0,92.0,485308.0,94.0,318565.0,318565.0,2563444.0,Medium
373,2028 Q1,2028-03-31,Fine_Dine_Meat,379167.0,385332.0,91384.0,91384.0,1926660.0,91.0,456921.0,94.0,287783.0,293948.0,2383581.0,Medium
373,2028 Q2,2028-06-30,Fine_Dine_Meat,304819.0,304819.0,74402.0,74402.0,1524094.0,91.0,372011.0,94.0,230417.0,230417.0,1896105.0,Medium
373,2028 Q3,2028-09-30,Fine_Dine_Meat,281527.0,281527.0,67551.0,67551.0,1407633.0,92.0,337753.0,94.0,213976.0,213976.0,1745386.0,Medium
374,2027 Q2,2027-06-30,Fine_Dine_Meat,184718.0,184718.0,40754.39,40754.39,923590.0,91.0,240863.45,104.0,143963.61,143963.61,1164453.45,Small
374,2027 Q3,2027-09-30,Fine_Dine_Meat,184968.0,184968.0,36335.0,36335.0,924840.0,92.0,217012.0,94.0,148633.0,148633.0,1141852.0,Small
374,2027 Q4,2027-12-31,Fine_Dine_Meat,260631.0,260631.0,51154.0,51154.0,1303157.0,92.0,297318.0,94.0,209477.0,209477.0,1600475.0,Small
374,2028 Q1,2028-03-31,Fine_Dine_Meat,264454.0,264454.0,53764.0,53764.0,1322269.0,91.0,305490.0,94.0,210690.0,210690.0,1627759.0,Small
374,2028 Q2,2028-06-30,Fine_Dine_Meat,230824.0,230824.0,44950.0,44950.0,1154118.0,91.0,267760.36,95.0,185874.0,185874.0,1421878.3599999999,Small
374,2028 Q3,2028-09-30,Fine_Dine_Meat,235915.0,235915.0,43691.0,43691.0,1179574.0,92.0,262332.0,94.0,192224.0,192224.0,1441906.0,Small
375,2027 Q2,2027-06-30,Fine_Dine_Meat,162020.0,162020.0,38541.0,38541.0,810100.0,91.0,192707.0,101.0,123479.0,123479.0,1002807.0,Small
375,2027 Q3,2027-09-30,Fine_Dine_Meat,165180.0,165180.0,37109.0,37109.0,825898.0,92.0,185547.0,94.0,128071.0,128071.0,1011445.0,Small
375,2027 Q4,2027-12-31,Fine_Dine_Meat,233848.0,233847.0,50151.0,50151.0,1169237.0,92.0,250754.0,94.0,183697.0,183696.0,1419991.0,Small
375,2028 Q1,2028-03-31,Fine_Dine_Meat,235999.0,235999.0,50893.0,50893.0,1179993.0,91.0,254463.0,94.0,185106.0,185106.0,1434456.0,Small
375,2028 Q2,2028-06-30,Fine_Dine_Meat,203480.0,203480.0,44658.0,44658.0,1017398.0,91.0,223290.0,94.0,158822.0,158822.0,1240688.0,Small
375,2028 Q3,2028-09-30,Fine_Dine_Meat,204917.0,204917.0,43539.0,43539.0,1024584.0,92.0,217697.0,94.0,161378.0,161378.0,1242281.0,Small
376,2027 Q2,2027-06-30,Fine_Dine_Meat,131092.0,169370.0,45992.0,45992.0,846849.0,91.0,229962.0,101.0,85100.0,123378.0,1076811.0,Small
376,2027 Q3,2027-09-30,Fine_Dine_Meat,155780.0,167686.0,42791.0,42791.0,838431.0,92.0,213955.0,94.0,112989.0,124895.0,1052386.0,Small
376,2027 Q4,2027-12-31,Fine_Dine_Meat,171852.0,188848.0,47226.0,47225.0,944241.0,92.0,236127.0,94.0,124626.0,141623.0,1180368.0,Small
376,2028 Q1,2028-03-31,Fine_Dine_Meat,120829.0,153142.0,39884.0,39884.0,765712.0,91.0,199418.0,94.0,80945.0,113258.0,965130.0,Small
376,2028 Q2,2028-06-30,Fine_Dine_Meat,106537.0,136411.0,36517.0,36517.0,682053.0,91.0,182585.0,94.0,70020.0,99894.0,864638.0,Small
376,2028 Q3,2028-09-30,Fine_Dine_Meat,151655.0,162546.0,40947.0,40947.0,812729.0,92.0,204735.0,94.0,110708.0,121599.0,1017464.0,Small
377,2027 Q2,2027-06-30,Fine_Dine_Meat,145616.0,168537.0,45579.0,45579.0,842687.0,91.0,227894.0,101.0,100037.0,122958.0,1070581.0,Small
377,2027 Q3,2027-09-30,Fine_Dine_Meat,142240.0,160181.0,42696.67,42696.67,800903.0,92.0,213482.37,95.0,99543.33,117484.33,1014385.37,Small
377,2027 Q4,2027-12-31,Fine_Dine_Meat,183781.0,212464.0,52705.0,52705.0,1062319.0,92.0,263523.0,94.0,131076.0,159759.0,1325842.0,Small
377,2028 Q1,2028-03-31,Fine_Dine_Meat,172770.0,202070.0,50623.0,50623.0,1010351.0,91.0,253115.0,94.0,122147.0,151447.0,1263466.0,Small
377,2028 Q2,2028-06-30,Fine_Dine_Meat,145862.0,164259.0,42661.58,42661.58,821296.0,91.0,213306.91,95.0,103200.42,121597.42,1034602.91,Small
377,2028 Q3,2028-09-30,Fine_Dine_Meat,134111.0,156124.0,39241.0,39241.0,780620.0,92.0,196205.0,94.0,94870.0,116883.0,976825.0,Small
378,2027 Q2,2027-06-30,Fine_Dine_Meat,141571.0,141571.0,35353.0,35353.0,707854.0,91.0,185734.0,101.0,106218.0,106218.0,893588.0,Small
378,2027 Q3,2027-09-30,Fine_Dine_Meat,139216.0,139216.0,33012.0,33011.0,696081.0,92.0,173730.0,94.0,106204.0,106205.0,869811.0,Small
378,2027 Q4,2027-12-31,Fine_Dine_Meat,191957.0,191957.0,43810.0,43810.0,959785.0,92.0,227847.0,94.0,148147.0,148147.0,1187632.0,Small
378,2028 Q1,2028-03-31,Fine_Dine_Meat,190337.0,190337.0,43941.0,43941.0,951684.0,91.0,227720.0,94.0,146396.0,146396.0,1179404.0,Small
378,2028 Q2,2028-06-30,Fine_Dine_Meat,162180.0,162180.0,37744.0,37744.0,810900.0,91.0,198407.0,94.0,124436.0,124436.0,1009307.0,Small
378,2028 Q3,2028-09-30,Fine_Dine_Meat,162139.0,162139.0,36517.0,36518.0,810696.0,92.0,192432.0,94.0,125622.0,125621.0,1003128.0,Small
379,2027 Q2,2027-06-30,Fine_Dine_Meat,311327.0,315108.0,83178.48,83178.48,1575542.0,91.0,462658.38,102.0,228148.52000000002,231929.52000000002,2038200.38,Medium
379,2027 Q3,2027-09-30,Fine_Dine_Meat,306286.0,311583.0,76953.0,76953.0,1557916.0,92.0,430958.0,94.0,229333.0,234630.0,1988874.0,Medium
379,2027 Q4,2027-12-31,Fine_Dine_Meat,430952.0,430952.0,104586.0,104586.0,2154762.0,92.0,579312.0,94.0,326366.0,326366.0,2734074.0,Medium
379,2028 Q1,2028-03-31,Fine_Dine_Meat,422323.0,427452.0,106946.0,106946.0,2137258.0,91.0,582247.0,94.0,315377.0,320506.0,2719505.0,Medium
379,2028 Q2,2028-06-30,Fine_Dine_Meat,358235.0,363321.0,89437.0,89437.0,1816603.0,91.0,498027.0,94.0,268798.0,273884.0,2314630.0,Medium
379,2028 Q3,2028-09-30,Fine_Dine_Meat,355614.0,361396.0,85361.0,85361.0,1806981.0,92.0,478988.0,94.0,270253.0,276035.0,2285969.0,Medium
380,2027 Q2,2027-06-30,Fine_Dine_Meat,273724.0,371403.0,94331.0,94331.0,1857016.0,91.0,471657.0,101.0,179393.0,277072.0,2328673.0,Medium
380,2027 Q3,2027-09-30,Fine_Dine_Meat,251445.0,333040.0,80208.0,80208.0,1665200.0,92.0,401042.0,94.0,171237.0,252832.0,2066242.0,Medium
380,2027 Q4,2027-12-31,Fine_Dine_Meat,286508.0,390870.0,92902.0,92902.0,1954349.0,92.0,464509.0,94.0,193606.0,297968.0,2418858.0,Medium
380,2028 Q1,2028-03-31,Fine_Dine_Meat,296930.0,401800.0,96519.0,96519.0,2009002.0,91.0,482595.0,94.0,200411.0,305281.0,2491597.0,Medium
380,2028 Q2,2028-06-30,Fine_Dine_Meat,286196.0,375093.0,93581.42,93581.42,1875467.0,91.0,467908.09,95.0,192614.58000000002,281511.58,2343375.09,Medium
380,2028 Q3,2028-09-30,Fine_Dine_Meat,257179.0,340184.0,80193.0,80193.0,1700921.0,92.0,400963.0,94.0,176986.0,259991.0,2101884.0,Medium
381,2027 Q2,2027-06-30,Fine_Dine_Meat,534300.0,534300.0,130063.0,130063.0,2671498.0,91.0,650317.0,101.0,404237.0,404237.0,3321815.0,Large
381,2027 Q3,2027-09-30,Fine_Dine_Meat,514153.0,514153.0,118731.0,118731.0,2570766.0,92.0,593657.0,94.0,395422.0,395422.0,3164423.0,Large
381,2027 Q4,2027-12-31,Fine_Dine_Meat,687529.0,687529.0,158373.9,158373.9,3437647.0,92.0,791867.49,95.0,529155.1,529155.1,4229514.49,Large
381,2028 Q1,2028-03-31,Fine_Dine_Meat,662668.0,662668.0,149492.0,149492.0,3313342.0,91.0,747461.0,94.0,513176.0,513176.0,4060803.0,Large
381,2028 Q2,2028-06-30,Fine_Dine_Meat,535816.0,541776.0,125076.0,125076.0,2708882.0,91.0,625382.0,94.0,410740.0,416700.0,3334264.0,Large
381,2028 Q3,2028-09-30,Fine_Dine_Meat,512784.0,512784.0,115607.0,115607.0,2563920.0,92.0,578033.0,94.0,397177.0,397177.0,3141953.0,Large
382,2027 Q2,2027-06-30,Fine_Dine_Meat,87112.0,98767.0,23649.96,23649.96,493834.0,91.0,131277.81,102.0,63462.04,75117.04000000001,625111.81,Small
382,2027 Q3,2027-09-30,Fine_Dine_Meat,82618.0,92934.0,21145.0,21145.0,464668.0,92.0,118222.0,94.0,61473.0,71789.0,582890.0,Small
382,2027 Q4,2027-12-31,Fine_Dine_Meat,153658.0,174611.0,37690.0,37690.0,873056.0,92.0,209655.0,94.0,115968.0,136921.0,1082711.0,Small
382,2028 Q1,2028-03-31,Fine_Dine_Meat,231449.0,263309.0,55360.0,55359.0,1316544.0,91.0,303183.0,94.0,176089.0,207950.0,1619727.0,Small
382,2028 Q2,2028-06-30,Fine_Dine_Meat,179702.0,204439.0,42039.0,42039.0,1022195.0,91.0,235150.0,94.0,137663.0,162400.0,1257345.0,Small
382,2028 Q3,2028-09-30,Fine_Dine_Meat,90227.0,103117.0,22799.76,22799.76,515585.0,92.0,127326.79,95.0,67427.24,80317.24,642911.79,Small
383,2027 Q2,2027-06-30,Fine_Dine_Meat,83940.0,133876.0,34420.0,34420.0,669380.0,91.0,172102.0,101.0,49520.0,99456.0,841482.0,Small
383,2027 Q3,2027-09-30,Fine_Dine_Meat,81372.0,128549.0,31617.0,31617.0,642743.0,92.0,158084.0,94.0,49755.0,96932.0,800827.0,Small
383,2027 Q4,2027-12-31,Fine_Dine_Meat,104920.0,174866.0,40578.0,40578.0,874330.0,92.0,202891.0,94.0,64342.0,134288.0,1077221.0,Small
383,2028 Q1,2028-03-31,Fine_Dine_Meat,103624.0,168495.0,39507.0,39507.0,842475.0,91.0,197534.0,94.0,64117.0,128988.0,1040009.0,Small
383,2028 Q2,2028-06-30,Fine_Dine_Meat,82666.0,133332.0,32719.0,32719.0,666661.0,91.0,163597.0,94.0,49947.0,100613.0,830258.0,Small
383,2028 Q3,2028-09-30,Fine_Dine_Meat,78677.0,128347.0,30885.0,30885.0,641737.0,92.0,154424.0,94.0,47792.0,97462.0,796161.0,Small
384,2027 Q2,2027-06-30,Fine_Dine_Meat,130453.0,132844.0,32745.0,32745.0,664219.0,91.0,194457.0,101.0,97708.0,100099.0,858676.0,Small
384,2027 Q3,2027-09-30,Fine_Dine_Meat,124140.0,126543.0,29309.0,29309.0,632717.0,92.0,175665.0,94.0,94831.0,97234.0,808382.0,Small
384,2027 Q4,2027-12-31,Fine_Dine_Meat,166269.0,168288.0,39145.0,39145.0,841438.0,92.0,228017.0,94.0,127124.0,129143.0,1069455.0,Small
384,2028 Q1,2028-03-31,Fine_Dine_Meat,157626.0,160516.0,38913.0,38913.0,802578.0,91.0,221349.0,94.0,118713.0,121603.0,1023927.0,Small
384,2028 Q2,2028-06-30,Fine_Dine_Meat,130922.0,130921.0,30788.0,30788.0,654607.0,91.0,182487.0,94.0,100134.0,100133.0,837094.0,Small
384,2028 Q3,2028-09-30,Fine_Dine_Meat,122797.0,124921.0,28295.0,28295.0,624606.0,92.0,170935.43,95.0,94502.0,96626.0,795541.4299999999,Small
385,2027 Q2,2027-06-30,Fine_Dine_Meat,199605.0,202645.0,52597.0,52597.0,1013226.0,91.0,262986.0,101.0,147008.0,150048.0,1276212.0,Medium
385,2027 Q3,2027-09-30,Fine_Dine_Meat,200398.0,203450.0,50111.0,50111.0,1017251.0,92.0,250554.0,94.0,150287.0,153339.0,1267805.0,Medium
385,2027 Q4,2027-12-31,Fine_Dine_Meat,278978.0,284092.0,68281.43,68281.43,1420460.0,92.0,341407.14,95.0,210696.57,215810.57,1761867.1400000001,Medium
385,2028 Q1,2028-03-31,Fine_Dine_Meat,280132.0,283248.0,66303.0,66303.0,1416238.0,91.0,331517.0,94.0,213829.0,216945.0,1747755.0,Medium
385,2028 Q2,2028-06-30,Fine_Dine_Meat,241375.0,241375.0,57926.0,57926.0,1206877.0,91.0,289632.0,94.0,183449.0,183449.0,1496509.0,Medium
385,2028 Q3,2028-09-30,Fine_Dine_Meat,240377.0,240377.0,56329.67,56329.67,1201883.0,92.0,281649.33,95.0,184047.33000000002,184047.33000000002,1483532.33,Medium
386,2027 Q2,2027-06-30,Fine_Dine_Meat,710260.0,710260.0,195717.18,195717.18,3551298.0,91.0,978584.88,102.0,514542.82,514542.82,4529882.88,Large
386,2027 Q3,2027-09-30,Fine_Dine_Meat,693888.0,693888.0,174236.0,174236.0,3469438.0,92.0,871182.0,94.0,519652.0,519652.0,4340620.0,Large
386,2027 Q4,2027-12-31,Fine_Dine_Meat,947793.0,947793.0,232783.0,232783.0,4738967.0,92.0,1163914.0,94.0,715010.0,715010.0,5902881.0,Large
386,2028 Q1,2028-03-31,Fine_Dine_Meat,928617.0,928617.0,232743.98,232743.98,4643084.0,91.0,1163720.88,95.0,695873.02,695873.02,5806804.88,Large
386,2028 Q2,2028-06-30,Fine_Dine_Meat,779265.0,779265.0,202190.63,202190.63,3896327.0,91.0,1010953.16,95.0,577074.37,577074.37,4907280.16,Large
386,2028 Q3,2028-09-30,Fine_Dine_Meat,765266.0,765266.0,185741.0,185740.0,3826331.0,92.0,928702.0,94.0,579525.0,579526.0,4755033.0,Large
387,2027 Q2,2027-06-30,Fine_Dine_Meat,150396.0,150396.0,40030.0,40030.0,751981.0,91.0,200152.0,101.0,110366.0,110366.0,952133.0,Small
387,2027 Q3,2027-09-30,Fine_Dine_Meat,146501.0,146501.0,36975.0,36975.0,732503.0,92.0,184875.0,94.0,109526.0,109526.0,917378.0,Small
387,2027 Q4,2027-12-31,Fine_Dine_Meat,199420.0,199420.0,48513.0,48513.0,997102.0,92.0,242563.0,94.0,150907.0,150907.0,1239665.0,Small
387,2028 Q1,2028-03-31,Fine_Dine_Meat,194670.0,194670.0,47878.0,47878.0,973349.0,91.0,239392.0,94.0,146792.0,146792.0,1212741.0,Small
387,2028 Q2,2028-06-30,Fine_Dine_Meat,162712.0,162712.0,40781.0,40781.0,813562.0,91.0,203905.0,94.0,121931.0,121931.0,1017467.0,Small
387,2028 Q3,2028-09-30,Fine_Dine_Meat,159159.0,159159.0,38752.0,38752.0,795793.0,92.0,193758.0,94.0,120407.0,120407.0,989551.0,Small
388,2027 Q2,2027-06-30,Fine_Dine_Meat,148712.0,150671.0,32018.0,32018.0,753356.0,91.0,190409.0,101.0,116694.0,118653.0,943765.0,Small
388,2027 Q3,2027-09-30,Fine_Dine_Meat,207885.0,210623.0,39197.0,39197.0,1053113.0,92.0,237940.0,94.0,168688.0,171426.0,1291053.0,Small
388,2027 Q4,2027-12-31,Fine_Dine_Meat,237669.0,237669.0,44494.0,44494.0,1188346.0,92.0,260318.0,94.0,193175.0,193175.0,1448664.0,Small
388,2028 Q1,2028-03-31,Fine_Dine_Meat,110653.0,110653.0,25819.0,25819.0,553267.0,91.0,145584.0,94.0,84834.0,84834.0,698851.0,Small
388,2028 Q2,2028-06-30,Fine_Dine_Meat,93250.0,94383.0,20947.0,20947.0,471913.0,91.0,121632.0,94.0,72303.0,73436.0,593545.0,Small
388,2028 Q3,2028-09-30,Fine_Dine_Meat,93255.0,94483.0,20515.0,20515.0,472415.0,92.0,121069.0,94.0,72740.0,73968.0,593484.0,Small
389,2027 Q2,2027-06-30,Fine_Dine_Meat,190687.0,192808.0,41104.05,41104.05,964040.0,91.0,229615.23,102.0,149582.95,151703.95,1193655.23,Small
389,2027 Q3,2027-09-30,Fine_Dine_Meat,179118.0,179118.0,34721.0,34721.0,895589.0,92.0,195995.0,94.0,144397.0,144397.0,1091584.0,Small
389,2027 Q4,2027-12-31,Fine_Dine_Meat,232226.0,232226.0,44676.0,44676.0,1161132.0,92.0,248977.0,94.0,187550.0,187550.0,1410109.0,Small
389,2028 Q1,2028-03-31,Fine_Dine_Meat,216009.0,216009.0,43142.0,43142.0,1080045.0,91.0,235945.0,94.0,172867.0,172867.0,1315990.0,Small
389,2028 Q2,2028-06-30,Fine_Dine_Meat,171496.0,171496.0,34009.0,34009.0,857478.0,91.0,190245.0,94.0,137487.0,137487.0,1047723.0,Small
389,2028 Q3,2028-09-30,Fine_Dine_Meat,159019.0,159018.0,30573.0,30573.0,795092.0,92.0,172279.0,94.0,128446.0,128445.0,967371.0,Small
390,2027 Q2,2027-06-30,Fine_Dine_Meat,199008.0,199008.0,49628.0,49628.0,995038.0,91.0,248142.0,101.0,149380.0,149380.0,1243180.0,Small
390,2027 Q3,2027-09-30,Fine_Dine_Meat,209126.0,209126.0,47625.0,47625.0,1045628.0,92.0,238124.0,94.0,161501.0,161501.0,1283752.0,Small
390,2027 Q4,2027-12-31,Fine_Dine_Meat,113703.0,113703.0,27926.0,27926.0,568515.0,92.0,139629.0,94.0,85777.0,85777.0,708144.0,Small
390,2028 Q1,2028-03-31,Fine_Dine_Meat,142895.0,144924.0,36094.14,36094.14,724618.0,91.0,180470.71,95.0,106800.86,108829.86,905088.71,Small
390,2028 Q2,2028-06-30,Fine_Dine_Meat,115776.0,115776.0,29115.0,29115.0,578881.0,91.0,145576.0,94.0,86661.0,86661.0,724457.0,Small
390,2028 Q3,2028-09-30,Fine_Dine_Meat,98737.0,98737.0,26290.0,26290.0,493686.0,92.0,131452.0,95.0,72447.0,72447.0,625138.0,Small
391,2027 Q2,2027-06-30,Fine_Dine_Meat,211219.0,211219.0,41118.0,41118.0,1056094.0,91.0,232065.0,101.0,170101.0,170101.0,1288159.0,Small
391,2027 Q3,2027-09-30,Fine_Dine_Meat,142512.0,144243.0,27159.0,27159.0,721217.0,92.0,153844.0,94.0,115353.0,117084.0,875061.0,Small
391,2027 Q4,2027-12-31,Fine_Dine_Meat,151656.0,151656.0,29712.0,29712.0,758278.0,92.0,165727.0,94.0,121944.0,121944.0,924005.0,Small
391,2028 Q1,2028-03-31,Fine_Dine_Meat,219597.0,219597.0,42296.0,42296.0,1097984.0,91.0,232590.0,94.0,177301.0,177301.0,1330574.0,Small
391,2028 Q2,2028-06-30,Fine_Dine_Meat,204121.0,207229.0,38404.0,38404.0,1036143.0,91.0,216473.0,94.0,165717.0,168825.0,1252616.0,Small
391,2028 Q3,2028-09-30,Fine_Dine_Meat,133486.0,133485.0,25225.0,25225.0,667427.0,92.0,142698.0,94.0,108261.0,108260.0,810125.0,Small
392,2027 Q2,2027-06-30,Fine_Dine_Meat,213114.0,213114.0,52887.54,52887.54,1065569.0,91.0,278362.71,103.0,160226.46,160226.46,1343931.71,Small
392,2027 Q3,2027-09-30,Fine_Dine_Meat,144409.0,144409.0,31530.0,31530.0,722047.0,92.0,166013.0,94.0,112879.0,112879.0,888060.0,Small
392,2027 Q4,2027-12-31,Fine_Dine_Meat,182340.0,182340.0,41555.0,41556.0,911700.0,92.0,215947.0,94.0,140785.0,140784.0,1127647.0,Small
392,2028 Q1,2028-03-31,Fine_Dine_Meat,164770.0,164770.0,39075.0,39075.0,823852.0,91.0,202385.0,94.0,125695.0,125695.0,1026237.0,Small
392,2028 Q2,2028-06-30,Fine_Dine_Meat,119415.0,119415.0,28866.0,28866.0,597076.0,91.0,151313.0,94.0,90549.0,90549.0,748389.0,Small
392,2028 Q3,2028-09-30,Fine_Dine_Meat,195559.0,195559.0,42674.0,42674.0,977797.0,92.0,225082.0,94.0,152885.0,152885.0,1202879.0,Small
393,2027 Q2,2027-06-30,Fine_Dine_Meat,299548.0,299548.0,73909.0,73909.0,1497741.0,91.0,369543.0,101.0,225639.0,225639.0,1867284.0,Medium
393,2027 Q3,2027-09-30,Fine_Dine_Meat,292383.0,292383.0,68426.0,68426.0,1461916.0,92.0,342132.0,94.0,223957.0,223957.0,1804048.0,Medium
393,2027 Q4,2027-12-31,Fine_Dine_Meat,399244.0,399244.0,89868.0,89868.0,1996222.0,92.0,449342.0,94.0,309376.0,309376.0,2445564.0,Medium
393,2028 Q1,2028-03-31,Fine_Dine_Meat,385790.0,391268.0,88991.0,88991.0,1956340.0,91.0,444955.0,94.0,296799.0,302277.0,2401295.0,Medium
393,2028 Q2,2028-06-30,Fine_Dine_Meat,328602.0,328602.0,76218.0,76218.0,1643010.0,91.0,381091.0,94.0,252384.0,252384.0,2024101.0,Medium
393,2028 Q3,2028-09-30,Fine_Dine_Meat,323091.0,323091.0,75090.6,75090.6,1615455.0,92.0,375450.99,95.0,248000.4,248000.4,1990905.99,Medium
394,2027 Q2,2027-06-30,Fine_Dine_Meat,261937.0,266467.0,61595.76,61595.76,1332337.0,91.0,342141.77,103.0,200341.24,204871.24,1674478.77,Medium
394,2027 Q3,2027-09-30,Fine_Dine_Meat,239032.0,243413.0,53046.0,53046.0,1217067.0,92.0,296457.0,94.0,185986.0,190367.0,1513524.0,Medium
394,2027 Q4,2027-12-31,Fine_Dine_Meat,299104.0,309952.0,66419.0,66419.0,1549760.0,92.0,367143.0,94.0,232685.0,243533.0,1916903.0,Medium
394,2028 Q1,2028-03-31,Fine_Dine_Meat,278419.0,282946.0,63709.41,63709.41,1414732.0,91.0,345740.04,95.0,214709.59,219236.59,1760472.04,Medium
394,2028 Q2,2028-06-30,Fine_Dine_Meat,215945.0,219903.0,49541.0,49541.0,1099515.0,91.0,274274.0,94.0,166404.0,170362.0,1373789.0,Medium
394,2028 Q3,2028-09-30,Fine_Dine_Meat,195285.0,199067.0,44035.0,44035.0,995333.0,92.0,245135.0,94.0,151250.0,155032.0,1240468.0,Medium
395,2027 Q2,2027-06-30,Fine_Dine_Meat,309352.0,309352.0,73909.0,73909.0,1546761.0,91.0,410990.0,101.0,235443.0,235443.0,1957751.0,Medium
395,2027 Q3,2027-09-30,Fine_Dine_Meat,273720.0,273720.0,62201.61,62201.61,1368600.0,92.0,347581.03,95.0,211518.39,211518.39,1716181.03,Medium
395,2027 Q4,2027-12-31,Fine_Dine_Meat,312181.0,315653.0,71670.0,71670.0,1578266.0,92.0,395542.0,94.0,240511.0,243983.0,1973808.0,Medium
395,2028 Q1,2028-03-31,Fine_Dine_Meat,292310.0,292310.0,72642.24,72642.24,1461550.0,91.0,392710.22,95.0,219667.76,219667.76,1854260.22,Medium
395,2028 Q2,2028-06-30,Fine_Dine_Meat,270956.0,270956.0,63146.0,63146.0,1354780.0,91.0,350288.0,94.0,207810.0,207810.0,1705068.0,Medium
395,2028 Q3,2028-09-30,Fine_Dine_Meat,292820.0,292820.0,64594.0,64594.0,1464098.0,92.0,361267.0,94.0,228226.0,228226.0,1825365.0,Medium
396,2027 Q2,2027-06-30,Fine_Dine_Meat,332608.0,374558.0,92121.0,92121.0,1872791.0,91.0,485537.0,101.0,240487.0,282437.0,2358328.0,Medium
396,2027 Q3,2027-09-30,Fine_Dine_Meat,299752.0,343358.0,80548.0,80548.0,1716790.0,92.0,425276.0,94.0,219204.0,262810.0,2142066.0,Medium
396,2027 Q4,2027-12-31,Fine_Dine_Meat,343573.0,438791.0,101496.0,101496.0,2193953.0,92.0,528633.0,94.0,242077.0,337295.0,2722586.0,Medium
396,2028 Q1,2028-03-31,Fine_Dine_Meat,351346.0,401998.0,94957.0,94957.0,2009989.0,91.0,492580.0,94.0,256389.0,307041.0,2502569.0,Medium
396,2028 Q2,2028-06-30,Fine_Dine_Meat,276955.0,313652.0,75262.0,75262.0,1568259.0,91.0,395974.0,94.0,201693.0,238390.0,1964233.0,Medium
396,2028 Q3,2028-09-30,Fine_Dine_Meat,257763.0,285136.0,67372.0,67372.0,1425681.0,92.0,355160.0,94.0,190391.0,217764.0,1780841.0,Medium
397,2027 Q2,2027-06-30,Fine_Dine_Meat,96498.0,121841.0,32877.0,32877.0,609207.0,91.0,173136.0,101.0,63621.0,88964.0,782343.0,Small
397,2027 Q3,2027-09-30,Fine_Dine_Meat,82664.0,105979.0,25963.0,25963.0,529894.0,92.0,136774.0,94.0,56701.0,80016.0,666668.0,Small
397,2027 Q4,2027-12-31,Fine_Dine_Meat,115579.0,147988.0,35905.0,35905.0,739941.0,92.0,186800.0,94.0,79674.0,112083.0,926741.0,Small
397,2028 Q1,2028-03-31,Fine_Dine_Meat,140917.0,180432.0,45304.0,45304.0,902162.0,91.0,235202.0,94.0,95613.0,135128.0,1137364.0,Small
397,2028 Q2,2028-06-30,Fine_Dine_Meat,162279.0,204898.0,48014.0,48014.0,1024488.0,91.0,253217.0,94.0,114265.0,156884.0,1277705.0,Small
397,2028 Q3,2028-09-30,Fine_Dine_Meat,101291.0,129694.0,30650.0,30650.0,648469.0,92.0,161873.0,94.0,70641.0,99044.0,810342.0,Small
398,2027 Q2,2027-06-30,Fine_Dine_Meat,190372.0,190372.0,52756.0,52756.0,951861.0,91.0,263779.0,101.0,137616.0,137616.0,1215640.0,Medium
398,2027 Q3,2027-09-30,Fine_Dine_Meat,199687.0,199687.0,52106.0,52106.0,998436.0,92.0,260529.0,94.0,147581.0,147581.0,1258965.0,Medium
398,2027 Q4,2027-12-31,Fine_Dine_Meat,289515.0,289515.0,70845.0,70845.0,1447576.0,92.0,354224.0,94.0,218670.0,218670.0,1801800.0,Medium
398,2028 Q1,2028-03-31,Fine_Dine_Meat,298000.0,298000.0,73276.92,73276.92,1489999.0,91.0,366386.58,95.0,224723.08000000002,224723.08000000002,1856385.58,Medium
398,2028 Q2,2028-06-30,Fine_Dine_Meat,261585.0,261585.0,65390.0,65390.0,1307924.0,91.0,326950.0,94.0,196195.0,196195.0,1634874.0,Medium
398,2028 Q3,2028-09-30,Fine_Dine_Meat,267714.0,267714.0,64673.0,64673.0,1338572.0,92.0,323366.0,94.0,203041.0,203041.0,1661938.0,Medium
399,2027 Q2,2027-06-30,Fine_Dine_Meat,265826.0,297344.0,71235.0,71235.0,1486720.0,91.0,398814.0,101.0,194591.0,226109.0,1885534.0,Medium
399,2027 Q3,2027-09-30,Fine_Dine_Meat,253057.0,293229.0,66189.0,66189.0,1466143.0,92.0,372957.0,94.0,186868.0,227040.0,1839100.0,Medium
399,2027 Q4,2027-12-31,Fine_Dine_Meat,351580.0,405982.0,88555.0,88555.0,2029911.0,92.0,494115.0,94.0,263025.0,317427.0,2524026.0,Medium
399,2028 Q1,2028-03-31,Fine_Dine_Meat,359991.0,404484.0,90838.0,90838.0,2022422.0,91.0,497659.0,94.0,269153.0,313646.0,2520081.0,Medium
399,2028 Q2,2028-06-30,Fine_Dine_Meat,302039.0,346375.0,77194.0,77194.0,1731873.0,91.0,432836.0,94.0,224845.0,269181.0,2164709.0,Medium
399,2028 Q3,2028-09-30,Fine_Dine_Meat,305599.0,347667.0,74369.0,74369.0,1738333.0,92.0,420358.0,94.0,231230.0,273298.0,2158691.0,Medium
400,2027 Q2,2027-06-30,Fine_Dine_Meat,198700.0,202342.0,54465.0,54465.0,1011708.0,91.0,272323.0,101.0,144235.0,147877.0,1284031.0,Medium
400,2027 Q3,2027-09-30,Fine_Dine_Meat,205992.0,209129.0,53229.0,53229.0,1045645.0,92.0,266147.0,94.0,152763.0,155900.0,1311792.0,Medium
400,2027 Q4,2027-12-31,Fine_Dine_Meat,295040.0,299533.0,70706.0,70707.0,1497665.0,92.0,353533.0,94.0,224334.0,228826.0,1851198.0,Medium
400,2028 Q1,2028-03-31,Fine_Dine_Meat,300069.0,305258.0,72242.0,72242.0,1526288.0,91.0,361212.0,94.0,227827.0,233016.0,1887500.0,Medium
400,2028 Q2,2028-06-30,Fine_Dine_Meat,265573.0,265573.0,64456.0,64456.0,1327864.0,91.0,322282.0,94.0,201117.0,201117.0,1650146.0,Medium
400,2028 Q3,2028-09-30,Fine_Dine_Meat,269647.0,269647.0,63408.0,63408.0,1348235.0,92.0,317038.0,94.0,206239.0,206239.0,1665273.0,Medium
401,2027 Q2,2027-06-30,Fine_Dine_Meat,415686.0,537757.0,133153.01,133153.01,2688787.0,91.0,665766.05,102.0,282532.99,404603.99,3354553.05,Large
401,2027 Q3,2027-09-30,Fine_Dine_Meat,357441.0,560252.0,130282.8,130282.8,2801261.0,92.0,651412.98,95.0,227158.2,429969.2,3452673.98,Large
401,2027 Q4,2027-12-31,Fine_Dine_Meat,402141.0,815701.0,180855.0,180855.0,4078505.0,92.0,904276.0,94.0,221286.0,634846.0,4982781.0,Large
401,2028 Q1,2028-03-31,Fine_Dine_Meat,496886.0,777599.0,179739.5,179739.5,3887995.0,91.0,898697.48,95.0,317146.5,597859.5,4786692.48,Large
401,2028 Q2,2028-06-30,Fine_Dine_Meat,458230.0,584477.0,135186.48,135186.48,2922387.0,91.0,675930.42,95.0,323043.52,449290.52,3598317.42,Large
401,2028 Q3,2028-09-30,Fine_Dine_Meat,338204.0,525161.0,119378.0,119378.0,2625804.0,92.0,596888.0,94.0,218826.0,405783.0,3222692.0,Large
402,2027 Q2,2027-06-30,Fine_Dine_Meat,272132.0,276276.0,75128.0,75128.0,1381382.0,91.0,375638.0,101.0,197004.0,201148.0,1757020.0,Medium
402,2027 Q3,2027-09-30,Fine_Dine_Meat,264206.0,264206.0,68471.0,68471.0,1321028.0,92.0,342353.0,94.0,195735.0,195735.0,1663381.0,Medium
402,2027 Q4,2027-12-31,Fine_Dine_Meat,351838.0,356111.0,88678.0,88678.0,1780554.0,92.0,443389.0,94.0,263160.0,267433.0,2223943.0,Medium
402,2028 Q1,2028-03-31,Fine_Dine_Meat,337970.0,337970.0,85461.0,85461.0,1689848.0,91.0,427303.0,94.0,252509.0,252509.0,2117151.0,Medium
402,2028 Q2,2028-06-30,Fine_Dine_Meat,275545.0,275545.0,71354.0,71354.0,1377726.0,91.0,356770.0,94.0,204191.0,204191.0,1734496.0,Medium
402,2028 Q3,2028-09-30,Fine_Dine_Meat,265076.0,265076.0,69570.27,69570.27,1325381.0,92.0,347850.33,95.0,195505.72999999998,195505.72999999998,1673231.33,Medium
403,2027 Q2,2027-06-30,Fine_Dine_Meat,319911.0,319911.0,83716.94,83716.94,1599555.0,91.0,418584.71,102.0,236194.06,236194.06,2018139.71,Medium
403,2027 Q3,2027-09-30,Fine_Dine_Meat,311519.0,311520.0,76879.0,76879.0,1557598.0,92.0,384396.0,94.0,234640.0,234641.0,1941994.0,Medium
403,2027 Q4,2027-12-31,Fine_Dine_Meat,426038.0,426038.0,102023.0,102023.0,2130188.0,92.0,510114.0,94.0,324015.0,324015.0,2640302.0,Medium
403,2028 Q1,2028-03-31,Fine_Dine_Meat,420427.0,420426.0,101686.0,101686.0,2102132.0,91.0,508428.0,94.0,318741.0,318740.0,2610560.0,Medium
403,2028 Q2,2028-06-30,Fine_Dine_Meat,358192.0,358192.0,88541.24,88541.24,1790958.0,91.0,442705.19,95.0,269650.76,269650.76,2233663.19,Medium
403,2028 Q3,2028-09-30,Fine_Dine_Meat,360304.0,360304.0,88197.31,88197.31,1801521.0,92.0,440986.54,95.0,272106.69,272106.69,2242507.54,Medium
404,2027 Q2,2027-06-30,Fine_Dine_Meat,199786.0,199786.0,50776.0,50776.0,998930.0,91.0,253882.0,101.0,149010.0,149010.0,1252812.0,Small
404,2027 Q3,2027-09-30,Fine_Dine_Meat,190483.0,194172.0,48682.62,48682.62,970861.0,92.0,243411.1,95.0,141800.38,145489.38,1214272.1,Small
404,2027 Q4,2027-12-31,Fine_Dine_Meat,258303.0,264384.0,61560.0,61560.0,1321921.0,92.0,307799.0,94.0,196743.0,202824.0,1629720.0,Small
404,2028 Q1,2028-03-31,Fine_Dine_Meat,258917.0,258917.0,60839.0,60839.0,1294587.0,91.0,304197.0,94.0,198078.0,198078.0,1598784.0,Small
404,2028 Q2,2028-06-30,Fine_Dine_Meat,212858.0,217869.0,52128.0,52128.0,1089343.0,91.0,260642.0,94.0,160730.0,165741.0,1349985.0,Small
404,2028 Q3,2028-09-30,Fine_Dine_Meat,212705.0,215288.0,49982.0,49982.0,1076438.0,92.0,249910.0,94.0,162723.0,165306.0,1326348.0,Small
405,2027 Q2,2027-06-30,Fine_Dine_Meat,705388.0,715404.0,163589.0,163589.0,3577020.0,91.0,817946.0,101.0,541799.0,551815.0,4394966.0,Large
405,2027 Q3,2027-09-30,Fine_Dine_Meat,764004.0,764004.0,164358.31,164358.31,3820018.0,92.0,821789.57,95.0,599645.69,599645.69,4641807.57,Large
405,2027 Q4,2027-12-31,Fine_Dine_Meat,984592.0,1001620.0,206942.0,206942.0,5008099.0,92.0,1034710.0,94.0,777650.0,794678.0,6042809.0,Large
405,2028 Q1,2028-03-31,Fine_Dine_Meat,837822.0,851445.0,179842.0,179842.0,4257223.0,91.0,899211.0,94.0,657980.0,671603.0,5156434.0,Large
405,2028 Q2,2028-06-30,Fine_Dine_Meat,643921.0,643921.0,141273.0,141273.0,3219607.0,91.0,706364.0,94.0,502648.0,502648.0,3925971.0,Large
405,2028 Q3,2028-09-30,Fine_Dine_Meat,669538.0,669538.0,141837.0,141837.0,3347691.0,92.0,709187.0,94.0,527701.0,527701.0,4056878.0,Large
406,2027 Q2,2027-06-30,Fine_Dine_Meat,407975.0,414188.0,106792.0,106792.0,2070940.0,91.0,533958.0,101.0,301183.0,307396.0,2604898.0,Large
406,2027 Q3,2027-09-30,Fine_Dine_Meat,430780.0,430780.0,103833.0,103833.0,2153899.0,92.0,519165.0,94.0,326947.0,326947.0,2673064.0,Large
406,2027 Q4,2027-12-31,Fine_Dine_Meat,507204.0,507204.0,118934.0,118934.0,2536021.0,92.0,594669.0,94.0,388270.0,388270.0,3130690.0,Large
406,2028 Q1,2028-03-31,Fine_Dine_Meat,386910.0,392404.0,96662.0,96662.0,1962022.0,91.0,483308.0,94.0,290248.0,295742.0,2445330.0,Large
406,2028 Q2,2028-06-30,Fine_Dine_Meat,299782.0,303731.0,78910.0,78910.0,1518654.0,91.0,394548.0,94.0,220872.0,224821.0,1913202.0,Large
406,2028 Q3,2028-09-30,Fine_Dine_Meat,355927.0,355927.0,87003.0,87003.0,1779635.0,92.0,435017.0,94.0,268924.0,268924.0,2214652.0,Large
407,2027 Q2,2027-06-30,Fine_Dine_Meat,206417.0,206416.0,46753.0,46753.0,1032082.0,91.0,233765.0,101.0,159664.0,159663.0,1265847.0,Small
407,2027 Q3,2027-09-30,Fine_Dine_Meat,187469.0,187469.0,40231.0,40231.0,937346.0,92.0,201155.0,94.0,147238.0,147238.0,1138501.0,Small
407,2027 Q4,2027-12-31,Fine_Dine_Meat,181907.0,181907.0,39382.07,39382.07,909533.0,92.0,196908.37,95.0,142524.93,142524.93,1106441.37,Small
407,2028 Q1,2028-03-31,Fine_Dine_Meat,132877.0,132877.0,30588.0,30588.0,664386.0,91.0,152941.0,94.0,102289.0,102289.0,817327.0,Small
407,2028 Q2,2028-06-30,Fine_Dine_Meat,130777.0,130777.0,32590.11,32590.11,653887.0,91.0,162949.53,95.0,98186.89,98186.89,816836.53,Small
407,2028 Q3,2028-09-30,Fine_Dine_Meat,178646.0,178646.0,38206.0,38206.0,893232.0,92.0,191032.0,94.0,140440.0,140440.0,1084264.0,Small
408,2027 Q2,2027-06-30,Fine_Dine_Meat,304592.0,309545.0,79052.0,79052.0,1547725.0,91.0,440875.0,101.0,225540.0,230493.0,1988600.0,Large
408,2027 Q3,2027-09-30,Fine_Dine_Meat,317462.0,317462.0,75962.0,75962.0,1587310.0,92.0,426480.0,94.0,241500.0,241500.0,2013790.0,Large
408,2027 Q4,2027-12-31,Fine_Dine_Meat,451755.0,451755.0,103232.41,103232.41,2258774.0,92.0,574781.04,95.0,348522.58999999997,348522.58999999997,2833555.04,Large
408,2028 Q1,2028-03-31,Fine_Dine_Meat,452425.0,457920.0,107094.0,107094.0,2289598.0,91.0,585942.0,94.0,345331.0,350826.0,2875540.0,Large
408,2028 Q2,2028-06-30,Fine_Dine_Meat,387727.0,396449.0,92281.0,92281.0,1982246.0,91.0,516416.0,94.0,295446.0,304168.0,2498662.0,Large
408,2028 Q3,2028-09-30,Fine_Dine_Meat,400774.0,400774.0,89429.0,89429.0,2003870.0,92.0,504470.0,94.0,311345.0,311345.0,2508340.0,Large
409,2027 Q2,2027-06-30,Fine_Dine_Meat,187221.0,189495.0,45997.0,45997.0,947474.0,91.0,229986.0,101.0,141224.0,143498.0,1177460.0,Small
409,2027 Q3,2027-09-30,Fine_Dine_Meat,136287.0,138082.0,32500.0,32500.0,690412.0,92.0,162498.0,94.0,103787.0,105582.0,852910.0,Small
409,2027 Q4,2027-12-31,Fine_Dine_Meat,145246.0,147458.0,34745.0,34745.0,737288.0,92.0,173727.0,94.0,110501.0,112713.0,911015.0,Small
409,2028 Q1,2028-03-31,Fine_Dine_Meat,165120.0,167126.0,39241.0,39241.0,835629.0,91.0,196203.0,94.0,125879.0,127885.0,1031832.0,Small
409,2028 Q2,2028-06-30,Fine_Dine_Meat,171905.0,174700.0,40834.0,40834.0,873502.0,91.0,204171.0,94.0,131071.0,133866.0,1077673.0,Small
409,2028 Q3,2028-09-30,Fine_Dine_Meat,127180.0,127180.0,29981.0,29980.0,635902.0,92.0,149902.0,94.0,97199.0,97200.0,785804.0,Small
410,2027 Q2,2027-06-30,Fine_Dine_Meat,144670.0,144671.0,35725.0,35725.0,723353.0,91.0,178626.0,101.0,108945.0,108946.0,901979.0,Small
410,2027 Q3,2027-09-30,Fine_Dine_Meat,138539.0,140080.0,32890.0,32890.0,700399.0,92.0,164451.0,94.0,105649.0,107190.0,864850.0,Small
410,2027 Q4,2027-12-31,Fine_Dine_Meat,190095.0,190095.0,44489.68,44489.68,950476.0,92.0,222447.4,95.0,145605.32,145605.32,1172923.4,Small
410,2028 Q1,2028-03-31,Fine_Dine_Meat,182764.0,185736.0,42307.0,42307.0,928679.0,91.0,211533.0,94.0,140457.0,143429.0,1140212.0,Small
410,2028 Q2,2028-06-30,Fine_Dine_Meat,153183.0,156150.0,36330.0,36330.0,780750.0,91.0,181651.0,94.0,116853.0,119820.0,962401.0,Small
410,2028 Q3,2028-09-30,Fine_Dine_Meat,151670.0,154450.0,34903.0,34903.0,772249.0,92.0,174516.0,94.0,116767.0,119547.0,946765.0,Small
411,2027 Q2,2027-06-30,Fine_Dine_Meat,156804.0,160168.0,32974.0,32974.0,800840.0,91.0,197573.0,101.0,123830.0,127194.0,998413.0,Small
411,2027 Q3,2027-09-30,Fine_Dine_Meat,143856.0,146493.0,28522.0,28522.0,732463.0,92.0,172398.0,94.0,115334.0,117971.0,904861.0,Small
411,2027 Q4,2027-12-31,Fine_Dine_Meat,186774.0,186774.0,36538.0,36538.0,933870.0,92.0,214345.0,94.0,150236.0,150236.0,1148215.0,Small
411,2028 Q1,2028-03-31,Fine_Dine_Meat,167302.0,170716.0,36631.12,36631.12,853580.0,91.0,208315.61,95.0,130670.88,134084.88,1061895.6099999999,Small
411,2028 Q2,2028-06-30,Fine_Dine_Meat,132861.0,132861.0,26875.0,26875.0,664306.0,91.0,159935.0,94.0,105986.0,105986.0,824241.0,Small
411,2028 Q3,2028-09-30,Fine_Dine_Meat,120451.0,120451.0,23789.0,23789.0,602255.0,92.0,142888.0,94.0,96662.0,96662.0,745143.0,Small
412,2027 Q2,2027-06-30,Fine_Dine_Meat,342682.0,342682.0,75195.0,75195.0,1713411.0,91.0,421155.0,101.0,267487.0,267487.0,2134566.0,Medium
412,2027 Q3,2027-09-30,Fine_Dine_Meat,331913.0,331913.0,68507.0,68507.0,1659564.0,92.0,386272.0,94.0,263406.0,263406.0,2045836.0,Medium
412,2027 Q4,2027-12-31,Fine_Dine_Meat,450747.0,450748.0,94479.24,94479.24,2253738.0,92.0,524804.22,95.0,356267.76,356268.76,2778542.2199999997,Medium
412,2028 Q1,2028-03-31,Fine_Dine_Meat,436087.0,440937.0,92224.0,92224.0,2204683.0,91.0,504691.0,94.0,343863.0,348713.0,2709374.0,Medium
412,2028 Q2,2028-06-30,Fine_Dine_Meat,371351.0,371351.0,76762.0,76762.0,1856755.0,91.0,430010.0,94.0,294589.0,294589.0,2286765.0,Medium
412,2028 Q3,2028-09-30,Fine_Dine_Meat,368076.0,368076.0,73060.0,73060.0,1840381.0,92.0,412567.0,94.0,295016.0,295016.0,2252948.0,Medium
413,2027 Q2,2027-06-30,Fine_Dine_Meat,345588.0,345588.0,91254.0,91254.0,1727938.0,91.0,456269.0,101.0,254334.0,254334.0,2184207.0,Large
413,2027 Q3,2027-09-30,Fine_Dine_Meat,350830.0,355091.0,88506.0,88506.0,1775454.0,92.0,442532.0,94.0,262324.0,266585.0,2217986.0,Large
413,2027 Q4,2027-12-31,Fine_Dine_Meat,506135.0,506135.0,119528.0,119528.0,2530676.0,92.0,597640.0,94.0,386607.0,386607.0,3128316.0,Large
413,2028 Q1,2028-03-31,Fine_Dine_Meat,506585.0,513778.0,121819.0,121819.0,2568889.0,91.0,609093.0,94.0,384766.0,391959.0,3177982.0,Large
413,2028 Q2,2028-06-30,Fine_Dine_Meat,445417.0,445417.0,107827.0,107827.0,2227087.0,91.0,539133.0,94.0,337590.0,337590.0,2766220.0,Large
413,2028 Q3,2028-09-30,Fine_Dine_Meat,450858.0,450858.0,105610.0,105610.0,2254292.0,92.0,528048.0,94.0,345248.0,345248.0,2782340.0,Large
414,2027 Q2,2027-06-30,Fine_Dine_Meat,262740.0,267012.0,58780.0,58780.0,1335061.0,91.0,327805.0,101.0,203960.0,208232.0,1662866.0,Medium
414,2027 Q3,2027-09-30,Fine_Dine_Meat,201517.0,205420.0,49767.42,49767.42,1027100.0,92.0,276334.09,95.0,151749.58000000002,155652.58000000002,1303434.09,Medium
414,2027 Q4,2027-12-31,Fine_Dine_Meat,405644.0,421230.0,90849.03,90849.03,2106150.0,92.0,502671.19,96.0,314794.97,330380.97,2608821.19,Medium
414,2028 Q1,2028-03-31,Fine_Dine_Meat,358040.0,363492.0,78964.42,78964.42,1817461.0,91.0,430087.09,95.0,279075.58,284527.58,2247548.09,Medium
414,2028 Q2,2028-06-30,Fine_Dine_Meat,259397.0,263347.0,56658.0,56658.0,1316733.0,91.0,316425.0,94.0,202739.0,206689.0,1633158.0,Medium
414,2028 Q3,2028-09-30,Fine_Dine_Meat,237409.0,242007.0,50107.0,50107.0,1210034.0,92.0,280799.0,94.0,187302.0,191900.0,1490833.0,Medium
415,2027 Q2,2027-06-30,Fine_Dine_Meat,121724.0,121724.0,31684.0,31684.0,608619.0,91.0,158422.0,101.0,90040.0,90040.0,767041.0,Small
415,2027 Q3,2027-09-30,Fine_Dine_Meat,136785.0,136785.0,33819.0,33819.0,683924.0,92.0,169094.0,94.0,102966.0,102966.0,853018.0,Small
415,2027 Q4,2027-12-31,Fine_Dine_Meat,254580.0,254580.0,57796.0,57796.0,1272898.0,92.0,288979.0,94.0,196784.0,196784.0,1561877.0,Small
415,2028 Q1,2028-03-31,Fine_Dine_Meat,176476.0,176476.0,40904.0,40904.0,882382.0,91.0,204518.0,94.0,135572.0,135572.0,1086900.0,Small
415,2028 Q2,2028-06-30,Fine_Dine_Meat,148320.0,148320.0,35755.0,35755.0,741600.0,91.0,178774.0,94.0,112565.0,112565.0,920374.0,Small
415,2028 Q3,2028-09-30,Fine_Dine_Meat,156235.0,156235.0,38506.15,38506.15,781174.0,92.0,192532.74,95.0,117728.85,117728.85,973706.74,Small
416,2027 Q2,2027-06-30,Fine_Dine_Meat,194937.0,194937.0,41463.0,41463.0,974686.0,91.0,233045.0,101.0,153474.0,153474.0,1207731.0,Small
416,2027 Q3,2027-09-30,Fine_Dine_Meat,189068.0,189068.0,37724.0,37724.0,945342.0,92.0,213560.0,94.0,151344.0,151344.0,1158902.0,Small
416,2027 Q4,2027-12-31,Fine_Dine_Meat,254500.0,257331.0,50861.0,50861.0,1286657.0,92.0,284260.0,94.0,203639.0,206470.0,1570917.0,Small
416,2028 Q1,2028-03-31,Fine_Dine_Meat,252615.0,252615.0,51540.0,51540.0,1263075.0,91.0,282696.0,94.0,201075.0,201075.0,1545771.0,Small
416,2028 Q2,2028-06-30,Fine_Dine_Meat,211225.0,214007.0,42866.0,42866.0,1070034.0,91.0,240994.0,94.0,168359.0,171141.0,1311028.0,Small
416,2028 Q3,2028-09-30,Fine_Dine_Meat,214122.0,214122.0,41104.0,41104.0,1070610.0,92.0,233040.0,94.0,173018.0,173018.0,1303650.0,Small
417,2027 Q2,2027-06-30,Fine_Dine_Meat,275753.0,280522.0,72771.0,72771.0,1402612.0,91.0,363857.0,101.0,202982.0,207751.0,1766469.0,Medium
417,2027 Q3,2027-09-30,Fine_Dine_Meat,318855.0,325695.0,76551.0,76551.0,1628474.0,92.0,382756.0,94.0,242304.0,249144.0,2011230.0,Medium
417,2027 Q4,2027-12-31,Fine_Dine_Meat,374246.0,374246.0,86594.0,86594.0,1871228.0,92.0,432971.0,94.0,287652.0,287652.0,2304199.0,Medium
417,2028 Q1,2028-03-31,Fine_Dine_Meat,329401.0,333740.0,80237.0,80237.0,1668699.0,91.0,401184.0,94.0,249164.0,253503.0,2069883.0,Medium
417,2028 Q2,2028-06-30,Fine_Dine_Meat,256829.0,261005.0,64210.0,64210.0,1305024.0,91.0,321049.0,94.0,192619.0,196795.0,1626073.0,Medium
417,2028 Q3,2028-09-30,Fine_Dine_Meat,241801.0,246233.0,59037.0,59037.0,1231166.0,92.0,295185.0,94.0,182764.0,187196.0,1526351.0,Medium
418,2027 Q2,2027-06-30,Fine_Dine_Meat,334571.0,334571.0,82221.0,82221.0,1672856.0,91.0,454616.0,101.0,252350.0,252350.0,2127472.0,Large
418,2027 Q3,2027-09-30,Fine_Dine_Meat,321545.0,327439.0,76411.55,76411.55,1637195.0,92.0,424605.77,95.0,245133.45,251027.45,2061800.77,Large
418,2027 Q4,2027-12-31,Fine_Dine_Meat,443531.0,449829.0,105669.34,105669.34,2249144.0,92.0,579935.72,95.0,337861.66000000003,344159.66000000003,2829079.7199999997,Large
418,2028 Q1,2028-03-31,Fine_Dine_Meat,439461.0,445249.0,102723.0,102723.0,2226246.0,91.0,557014.0,94.0,336738.0,342526.0,2783260.0,Large
418,2028 Q2,2028-06-30,Fine_Dine_Meat,375113.0,379669.0,87101.0,87101.0,1898344.0,91.0,482105.0,94.0,288012.0,292568.0,2380449.0,Large
418,2028 Q3,2028-09-30,Fine_Dine_Meat,381070.0,381070.0,83999.0,83999.0,1905349.0,92.0,471935.09,95.0,297071.0,297071.0,2377284.09,Large
419,2027 Q2,2027-06-30,Fine_Dine_Meat,151496.0,240089.0,59785.0,59785.0,1200443.0,91.0,298923.0,101.0,91711.0,180304.0,1499366.0,Small
419,2027 Q3,2027-09-30,Fine_Dine_Meat,118589.0,188237.0,43337.0,43337.0,941183.0,92.0,216685.0,94.0,75252.0,144900.0,1157868.0,Small
419,2027 Q4,2027-12-31,Fine_Dine_Meat,95576.0,151468.0,36807.59,36807.59,757342.0,92.0,184038.97,95.0,58768.41,114660.41,941380.97,Small
419,2028 Q1,2028-03-31,Fine_Dine_Meat,105334.0,167197.0,40582.0,40582.0,835987.0,91.0,202909.0,94.0,64752.0,126615.0,1038896.0,Small
419,2028 Q2,2028-06-30,Fine_Dine_Meat,99230.0,159790.0,38622.0,38622.0,798950.0,91.0,193110.0,94.0,60608.0,121168.0,992060.0,Small
419,2028 Q3,2028-09-30,Fine_Dine_Meat,68243.0,107980.0,27072.0,27072.0,539902.0,92.0,135358.0,94.0,41171.0,80908.0,675260.0,Small
420,2027 Q2,2027-06-30,Fine_Dine_Meat,145348.0,147113.0,36825.0,36825.0,735567.0,91.0,184127.0,101.0,108523.0,110288.0,919694.0,Small
420,2027 Q3,2027-09-30,Fine_Dine_Meat,133398.0,133398.0,31797.0,31797.0,666991.0,92.0,158987.0,94.0,101601.0,101601.0,825978.0,Small
420,2027 Q4,2027-12-31,Fine_Dine_Meat,168483.0,168483.0,39276.0,39276.0,842414.0,92.0,196382.0,94.0,129207.0,129207.0,1038796.0,Small
420,2028 Q1,2028-03-31,Fine_Dine_Meat,152454.0,152454.0,37475.63,37475.63,762271.0,91.0,187380.17,95.0,114978.37,114978.37,949651.17,Small
420,2028 Q2,2028-06-30,Fine_Dine_Meat,117262.0,117262.0,28621.0,28621.0,586311.0,91.0,143106.0,94.0,88641.0,88641.0,729417.0,Small
420,2028 Q3,2028-09-30,Fine_Dine_Meat,104865.0,104865.0,25227.0,25227.0,524327.0,92.0,126134.0,94.0,79638.0,79638.0,650461.0,Small
421,2027 Q2,2027-06-30,Fine_Dine_Meat,199955.0,199955.0,57039.0,57039.0,999777.0,91.0,285193.0,101.0,142916.0,142916.0,1284970.0,Medium
421,2027 Q3,2027-09-30,Fine_Dine_Meat,196335.0,196335.0,53404.0,53404.0,981676.0,92.0,267020.0,94.0,142931.0,142931.0,1248696.0,Medium
421,2027 Q4,2027-12-31,Fine_Dine_Meat,269681.0,269681.0,69066.0,69066.0,1348407.0,92.0,345332.0,94.0,200615.0,200615.0,1693739.0,Medium
421,2028 Q1,2028-03-31,Fine_Dine_Meat,265758.0,265758.0,69003.37,69003.37,1328790.0,91.0,345014.84,95.0,196754.63,196754.63,1673804.84,Medium
421,2028 Q2,2028-06-30,Fine_Dine_Meat,224412.0,224412.0,59746.0,59746.0,1122060.0,91.0,298730.0,94.0,164666.0,164666.0,1420790.0,Medium
421,2028 Q3,2028-09-30,Fine_Dine_Meat,219348.0,221788.0,57458.0,57458.0,1108939.0,92.0,287292.0,94.0,161890.0,164330.0,1396231.0,Medium
422,2027 Q2,2027-06-30,Fine_Dine_Meat,189264.0,191951.0,42534.22,42534.22,959756.0,91.0,239779.08,102.0,146729.78,149416.78,1199535.08,Small
422,2027 Q3,2027-09-30,Fine_Dine_Meat,185944.0,188393.0,39270.02,39270.02,941965.0,92.0,222931.09,95.0,146673.98,149122.98,1164896.09,Small
422,2027 Q4,2027-12-31,Fine_Dine_Meat,250733.0,259023.0,52728.15,52728.15,1295113.0,92.0,295894.77,95.0,198004.85,206294.85,1591007.77,Small
422,2028 Q1,2028-03-31,Fine_Dine_Meat,249836.0,255979.0,53361.0,53361.0,1279897.0,91.0,293891.0,94.0,196475.0,202618.0,1573788.0,Small
422,2028 Q2,2028-06-30,Fine_Dine_Meat,213867.0,217345.0,44862.0,44862.0,1086727.0,91.0,253263.0,94.0,169005.0,172483.0,1339990.0,Small
422,2028 Q3,2028-09-30,Fine_Dine_Meat,213219.0,216686.0,42939.0,42939.0,1083429.0,92.0,244477.0,94.0,170280.0,173747.0,1327906.0,Small
423,2027 Q2,2027-06-30,Fine_Dine_Meat,367072.0,367072.0,92493.71,92493.71,1835358.0,91.0,462469.54,102.0,274578.29,274578.29,2297827.54,Large
423,2027 Q3,2027-09-30,Fine_Dine_Meat,349399.0,349399.0,83576.0,83576.0,1746995.0,92.0,417881.0,94.0,265823.0,265823.0,2164876.0,Large
423,2027 Q4,2027-12-31,Fine_Dine_Meat,464187.0,464187.0,106472.0,106472.0,2320934.0,92.0,532360.0,94.0,357715.0,357715.0,2853294.0,Large
423,2028 Q1,2028-03-31,Fine_Dine_Meat,442205.0,442205.0,107464.37,107464.37,2211025.0,91.0,537319.83,95.0,334740.63,334740.63,2748344.83,Large
423,2028 Q2,2028-06-30,Fine_Dine_Meat,360117.0,360117.0,86266.0,86266.0,1800587.0,91.0,431331.0,94.0,273851.0,273851.0,2231918.0,Large
423,2028 Q3,2028-09-30,Fine_Dine_Meat,342967.0,342967.0,80408.0,80408.0,1714835.0,92.0,402039.0,94.0,262559.0,262559.0,2116874.0,Large
424,2027 Q2,2027-06-30,Fine_Dine_Meat,121312.0,121312.0,31746.0,31746.0,606562.0,91.0,158728.0,101.0,89566.0,89566.0,765290.0,Small
424,2027 Q3,2027-09-30,Fine_Dine_Meat,130661.0,130661.0,31585.0,31585.0,653307.0,92.0,157924.0,94.0,99076.0,99076.0,811231.0,Small
424,2027 Q4,2027-12-31,Fine_Dine_Meat,197646.0,197646.0,47028.0,47028.0,988231.0,92.0,235139.0,94.0,150618.0,150618.0,1223370.0,Small
424,2028 Q1,2028-03-31,Fine_Dine_Meat,124734.0,124734.0,30105.0,30105.0,623670.0,91.0,150524.0,94.0,94629.0,94629.0,774194.0,Small
424,2028 Q2,2028-06-30,Fine_Dine_Meat,112731.0,112731.0,28354.0,28354.0,563654.0,91.0,141772.0,94.0,84377.0,84377.0,705426.0,Small
424,2028 Q3,2028-09-30,Fine_Dine_Meat,161809.0,161809.0,38201.0,38201.0,809046.0,92.0,191003.0,94.0,123608.0,123608.0,1000049.0,Small
425,2027 Q2,2027-06-30,Fine_Dine_Meat,149219.0,151800.0,39090.0,39090.0,759002.0,91.0,195449.0,101.0,110129.0,112710.0,954451.0,Small
425,2027 Q3,2027-09-30,Fine_Dine_Meat,149650.0,151621.0,36708.0,36708.0,758104.0,92.0,183539.0,94.0,112942.0,114913.0,941643.0,Small
425,2027 Q4,2027-12-31,Fine_Dine_Meat,226588.0,226588.0,51634.0,51634.0,1132942.0,92.0,258169.0,94.0,174954.0,174954.0,1391111.0,Small
425,2028 Q1,2028-03-31,Fine_Dine_Meat,153203.0,155853.0,38202.0,38202.0,779267.0,91.0,191008.0,94.0,115001.0,117651.0,970275.0,Small
425,2028 Q2,2028-06-30,Fine_Dine_Meat,140230.0,142655.0,35098.0,35098.0,713274.0,91.0,175490.0,94.0,105132.0,107557.0,888764.0,Small
425,2028 Q3,2028-09-30,Fine_Dine_Meat,157559.0,160121.0,36951.0,36951.0,800603.0,92.0,184753.0,94.0,120608.0,123170.0,985356.0,Small
426,2027 Q2,2027-06-30,Fine_Dine_Meat,792539.0,792539.0,185469.0,185469.0,3962694.0,91.0,927343.0,101.0,607070.0,607070.0,4890037.0,Large
426,2027 Q3,2027-09-30,Fine_Dine_Meat,792491.0,792491.0,175254.0,175255.0,3962453.0,92.0,876273.0,94.0,617237.0,617236.0,4838726.0,Large
426,2027 Q4,2027-12-31,Fine_Dine_Meat,1090941.0,1103075.0,235466.0,235466.0,5515373.0,92.0,1177329.0,94.0,855475.0,867609.0,6692702.0,Large
426,2028 Q1,2028-03-31,Fine_Dine_Meat,1097099.0,1097099.0,235993.0,235993.0,5485497.0,91.0,1179967.0,94.0,861106.0,861106.0,6665464.0,Large
426,2028 Q2,2028-06-30,Fine_Dine_Meat,933050.0,933050.0,203755.0,203755.0,4665250.0,91.0,1018773.0,94.0,729295.0,729295.0,5684023.0,Large
426,2028 Q3,2028-09-30,Fine_Dine_Meat,927771.0,927771.0,196309.0,196309.0,4638853.0,92.0,981544.0,94.0,731462.0,731462.0,5620397.0,Large
427,2027 Q2,2027-06-30,Fine_Dine_Meat,210888.0,213882.0,40250.0,40250.0,1069408.0,91.0,226526.0,101.0,170638.0,173632.0,1295934.0,Small
427,2027 Q3,2027-09-30,Fine_Dine_Meat,160737.0,163683.0,29737.0,29737.0,818413.0,92.0,168168.0,94.0,131000.0,133946.0,986581.0,Small
427,2027 Q4,2027-12-31,Fine_Dine_Meat,204979.0,208736.0,39358.05,39358.05,1043682.0,92.0,218923.23,95.0,165620.95,169377.95,1262605.23,Small
427,2028 Q1,2028-03-31,Fine_Dine_Meat,239156.0,243292.0,44889.0,44889.0,1216459.0,91.0,246416.0,94.0,194267.0,198403.0,1462875.0,Small
427,2028 Q2,2028-06-30,Fine_Dine_Meat,228368.0,232791.0,41677.68,41677.68,1163955.0,91.0,234644.4,95.0,186690.32,191113.32,1398599.4,Small
427,2028 Q3,2028-09-30,Fine_Dine_Meat,208445.0,208445.0,35987.0,35987.0,1042223.0,92.0,204279.0,94.0,172458.0,172458.0,1246502.0,Small
428,2027 Q2,2027-06-30,Fine_Dine_Meat,136232.0,136232.0,33374.0,33374.0,681161.0,91.0,184939.0,101.0,102858.0,102858.0,866100.0,Small
428,2027 Q3,2027-09-30,Fine_Dine_Meat,138687.0,138687.0,31885.0,31885.0,693433.0,92.0,177781.0,94.0,106802.0,106802.0,871214.0,Small
428,2027 Q4,2027-12-31,Fine_Dine_Meat,196120.0,196120.0,45092.16,45092.16,980599.0,92.0,248367.8,95.0,151027.84,151027.84,1228966.8,Small
428,2028 Q1,2028-03-31,Fine_Dine_Meat,197758.0,197758.0,44696.0,44696.0,988791.0,91.0,243103.0,94.0,153062.0,153062.0,1231894.0,Small
428,2028 Q2,2028-06-30,Fine_Dine_Meat,168351.0,170396.0,38270.0,38270.0,851979.0,91.0,212638.0,94.0,130081.0,132126.0,1064617.0,Small
428,2028 Q3,2028-09-30,Fine_Dine_Meat,171516.0,171516.0,36982.0,36982.0,857578.0,92.0,207003.0,94.0,134534.0,134534.0,1064581.0,Small
429,2027 Q2,2027-06-30,Fine_Dine_Meat,119045.0,119045.0,31208.0,31208.0,595223.0,91.0,156038.0,101.0,87837.0,87837.0,751261.0,Small
429,2027 Q3,2027-09-30,Fine_Dine_Meat,113447.0,113447.0,27374.0,27374.0,567236.0,92.0,136868.0,94.0,86073.0,86073.0,704104.0,Small
429,2027 Q4,2027-12-31,Fine_Dine_Meat,133860.0,133860.0,32191.0,32191.0,669298.0,92.0,160953.0,94.0,101669.0,101669.0,830251.0,Small
429,2028 Q1,2028-03-31,Fine_Dine_Meat,162223.0,162223.0,38856.0,38856.0,811116.0,91.0,194282.0,94.0,123367.0,123367.0,1005398.0,Small
429,2028 Q2,2028-06-30,Fine_Dine_Meat,117760.0,117760.0,29157.0,29157.0,588798.0,91.0,145786.0,94.0,88603.0,88603.0,734584.0,Small
429,2028 Q3,2028-09-30,Fine_Dine_Meat,129938.0,129938.0,30634.0,30634.0,649690.0,92.0,153168.0,94.0,99304.0,99304.0,802858.0,Small
430,2027 Q2,2027-06-30,Fine_Dine_Meat,338697.0,371786.0,83456.0,83456.0,1858932.0,91.0,464896.0,101.0,255241.0,288330.0,2323828.0,Medium
430,2027 Q3,2027-09-30,Fine_Dine_Meat,214852.0,230528.0,51260.0,51260.0,1152638.0,92.0,285095.0,94.0,163592.0,179268.0,1437733.0,Medium
430,2027 Q4,2027-12-31,Fine_Dine_Meat,226795.0,289279.0,65236.79,65236.79,1446396.0,92.0,358809.95,95.0,161558.21,224042.21,1805205.95,Medium
430,2028 Q1,2028-03-31,Fine_Dine_Meat,314924.0,402202.0,88766.0,88766.0,2011011.0,91.0,482948.0,94.0,226158.0,313436.0,2493959.0,Medium
430,2028 Q2,2028-06-30,Fine_Dine_Meat,264101.0,291502.0,65052.0,65051.0,1457510.0,91.0,360974.0,94.0,199049.0,226451.0,1818484.0,Medium
430,2028 Q3,2028-09-30,Fine_Dine_Meat,251639.0,271748.0,58388.0,58388.0,1358742.0,92.0,325895.0,94.0,193251.0,213360.0,1684637.0,Medium
431,2027 Q2,2027-06-30,Fine_Dine_Meat,186025.0,186025.0,39869.0,39869.0,930127.0,91.0,222796.0,101.0,146156.0,146156.0,1152923.0,Small
431,2027 Q3,2027-09-30,Fine_Dine_Meat,172364.0,172364.0,36095.74,36095.74,861822.0,92.0,202214.71,95.0,136268.26,136268.26,1064036.71,Small
431,2027 Q4,2027-12-31,Fine_Dine_Meat,222839.0,222839.0,44571.0,44571.0,1114194.0,92.0,247629.0,94.0,178268.0,178268.0,1361823.0,Small
431,2028 Q1,2028-03-31,Fine_Dine_Meat,206663.0,206663.0,42915.0,42915.0,1033314.0,91.0,234104.0,94.0,163748.0,163748.0,1267418.0,Small
431,2028 Q2,2028-06-30,Fine_Dine_Meat,163521.0,163522.0,33886.0,33886.0,817608.0,91.0,190307.19,95.0,129635.0,129636.0,1007915.19,Small
431,2028 Q3,2028-09-30,Fine_Dine_Meat,151048.0,151048.0,30445.0,30445.0,755238.0,92.0,170830.0,94.0,120603.0,120603.0,926068.0,Small
432,2027 Q2,2027-06-30,Fine_Dine_Meat,248258.0,387903.0,80814.0,80814.0,1939513.0,91.0,453987.0,101.0,167444.0,307089.0,2393500.0,Large
432,2027 Q3,2027-09-30,Fine_Dine_Meat,211741.0,308661.0,63554.0,63554.0,1543305.0,92.0,357711.0,94.0,148187.0,245107.0,1901016.0,Large
432,2027 Q4,2027-12-31,Fine_Dine_Meat,205915.0,384887.0,77209.0,77209.0,1924435.0,92.0,430266.0,94.0,128706.0,307678.0,2354701.0,Large
432,2028 Q1,2028-03-31,Fine_Dine_Meat,271977.0,419718.0,85310.0,85310.0,2098592.0,91.0,467705.0,94.0,186667.0,334408.0,2566297.0,Large
432,2028 Q2,2028-06-30,Fine_Dine_Meat,261044.0,405348.0,80498.0,80498.0,2026741.0,91.0,452373.0,94.0,180546.0,324850.0,2479114.0,Large
432,2028 Q3,2028-09-30,Fine_Dine_Meat,255147.0,399917.0,76407.0,76407.0,1999585.0,92.0,432732.0,94.0,178740.0,323510.0,2432317.0,Large
433,2027 Q2,2027-06-30,Fine_Dine_Meat,93341.0,99088.0,22978.0,22978.0,495439.0,91.0,120508.0,101.0,70363.0,76110.0,615947.0,Small
433,2027 Q3,2027-09-30,Fine_Dine_Meat,84669.0,104144.0,22980.01,22980.01,520719.0,92.0,120965.03,95.0,61688.990000000005,81163.99,641684.03,Small
433,2027 Q4,2027-12-31,Fine_Dine_Meat,154127.0,200425.0,40299.0,40299.0,1002127.0,92.0,209903.0,94.0,113828.0,160126.0,1212030.0,Small
433,2028 Q1,2028-03-31,Fine_Dine_Meat,142678.0,159061.0,33270.0,33270.0,795304.0,91.0,172534.0,94.0,109408.0,125791.0,967838.0,Small
433,2028 Q2,2028-06-30,Fine_Dine_Meat,116844.0,124435.0,26076.0,26076.0,622174.0,91.0,136957.0,94.0,90768.0,98359.0,759131.0,Small
433,2028 Q3,2028-09-30,Fine_Dine_Meat,161781.0,200224.0,38822.0,38822.0,1001119.0,92.0,205289.0,94.0,122959.0,161402.0,1206408.0,Small
434,2027 Q2,2027-06-30,Fine_Dine_Meat,131486.0,156159.0,37780.0,37780.0,780793.0,91.0,198783.0,101.0,93706.0,118379.0,979576.0,Small
434,2027 Q3,2027-09-30,Fine_Dine_Meat,109917.0,133394.0,31455.0,31455.0,666970.0,92.0,165713.0,94.0,78462.0,101939.0,832683.0,Small
434,2027 Q4,2027-12-31,Fine_Dine_Meat,157499.0,209999.0,47656.0,47656.0,1049997.0,92.0,248128.0,94.0,109843.0,162343.0,1298125.0,Small
434,2028 Q1,2028-03-31,Fine_Dine_Meat,216361.0,249551.0,56095.0,56095.0,1247755.0,91.0,291175.0,94.0,160266.0,193456.0,1538930.0,Small
434,2028 Q2,2028-06-30,Fine_Dine_Meat,191932.0,222144.0,49157.0,49157.0,1110721.0,91.0,259161.0,94.0,142775.0,172987.0,1369882.0,Small
434,2028 Q3,2028-09-30,Fine_Dine_Meat,158829.0,189760.0,41282.0,41282.0,948799.0,92.0,218127.0,94.0,117547.0,148478.0,1166926.0,Small
435,2027 Q2,2027-06-30,Fine_Dine_Meat,254526.0,258140.0,60119.0,60119.0,1290700.0,91.0,315443.0,101.0,194407.0,198021.0,1606143.0,Medium
435,2027 Q3,2027-09-30,Fine_Dine_Meat,259760.0,266968.0,60253.0,60253.0,1334839.0,92.0,316880.0,94.0,199507.0,206715.0,1651719.0,Medium
435,2027 Q4,2027-12-31,Fine_Dine_Meat,318885.0,330109.0,72702.0,72702.0,1650547.0,92.0,377713.0,94.0,246183.0,257407.0,2028260.0,Medium
435,2028 Q1,2028-03-31,Fine_Dine_Meat,346067.0,350625.0,76982.0,76982.0,1753127.0,91.0,398471.0,94.0,269085.0,273643.0,2151598.0,Medium
435,2028 Q2,2028-06-30,Fine_Dine_Meat,316945.0,321120.0,71336.0,71336.0,1605598.0,91.0,375259.0,94.0,245609.0,249784.0,1980857.0,Medium
435,2028 Q3,2028-09-30,Fine_Dine_Meat,340369.0,348026.0,72317.0,72317.0,1740132.0,92.0,381327.0,94.0,268052.0,275709.0,2121459.0,Medium
436,2027 Q2,2027-06-30,Fine_Dine_Meat,193070.0,195613.0,49024.0,49024.0,978064.0,91.0,245119.0,101.0,144046.0,146589.0,1223183.0,Small
436,2027 Q3,2027-09-30,Fine_Dine_Meat,188557.0,190847.0,45286.0,45286.0,954236.0,92.0,226429.0,94.0,143271.0,145561.0,1180665.0,Small
436,2027 Q4,2027-12-31,Fine_Dine_Meat,258142.0,261542.0,60322.0,60322.0,1307712.0,92.0,301612.0,94.0,197820.0,201220.0,1609324.0,Small
436,2028 Q1,2028-03-31,Fine_Dine_Meat,255715.0,258559.0,60268.95,60268.95,1292796.0,91.0,301342.74,95.0,195446.05,198290.05,1594138.74,Small
436,2028 Q2,2028-06-30,Fine_Dine_Meat,220525.0,220525.0,51923.0,51923.0,1102627.0,91.0,259613.0,94.0,168602.0,168602.0,1362240.0,Small
436,2028 Q3,2028-09-30,Fine_Dine_Meat,221729.0,221729.0,50536.0,50536.0,1108644.0,92.0,252678.0,94.0,171193.0,171193.0,1361322.0,Small
437,2027 Q2,2027-06-30,Fine_Dine_Meat,164950.0,164950.0,43775.17,43775.17,824749.0,91.0,218876.87,102.0,121174.83,121174.83,1043625.87,Small
437,2027 Q3,2027-09-30,Fine_Dine_Meat,165318.0,165318.0,41597.73,41597.73,826589.0,92.0,207988.64,95.0,123720.26999999999,123720.26999999999,1034577.64,Small
437,2027 Q4,2027-12-31,Fine_Dine_Meat,227114.0,230573.0,54096.0,54095.0,1152865.0,92.0,270477.0,94.0,173018.0,176478.0,1423342.0,Small
437,2028 Q1,2028-03-31,Fine_Dine_Meat,225821.0,229726.0,54295.0,54295.0,1148632.0,91.0,271475.0,94.0,171526.0,175431.0,1420107.0,Small
437,2028 Q2,2028-06-30,Fine_Dine_Meat,192176.0,195699.0,46884.0,46884.0,978495.0,91.0,234420.0,94.0,145292.0,148815.0,1212915.0,Small
437,2028 Q3,2028-09-30,Fine_Dine_Meat,192748.0,194892.0,45249.0,45249.0,974459.0,92.0,226245.0,94.0,147499.0,149643.0,1200704.0,Small
438,2027 Q2,2027-06-30,Fine_Dine_Meat,197262.0,199658.0,48625.0,48625.0,998292.0,91.0,243123.0,101.0,148637.0,151033.0,1241415.0,Small
438,2027 Q3,2027-09-30,Fine_Dine_Meat,160351.0,160351.0,37710.0,37710.0,801754.0,92.0,188550.0,94.0,122641.0,122641.0,990304.0,Small
438,2027 Q4,2027-12-31,Fine_Dine_Meat,211034.0,211034.0,48637.0,48637.0,1055170.0,92.0,243186.0,94.0,162397.0,162397.0,1298356.0,Small
438,2028 Q1,2028-03-31,Fine_Dine_Meat,244140.0,244140.0,55506.0,55506.0,1220699.0,91.0,277531.0,94.0,188634.0,188634.0,1498230.0,Small
438,2028 Q2,2028-06-30,Fine_Dine_Meat,189935.0,189935.0,44060.0,44060.0,949676.0,91.0,220301.0,94.0,145875.0,145875.0,1169977.0,Small
438,2028 Q3,2028-09-30,Fine_Dine_Meat,154448.0,154448.0,35851.0,35851.0,772241.0,92.0,179256.0,94.0,118597.0,118597.0,951497.0,Small
439,2027 Q2,2027-06-30,Fine_Dine_Meat,178885.0,219760.0,53565.0,53565.0,1098802.0,91.0,267823.0,101.0,125320.0,166195.0,1366625.0,Small
439,2027 Q3,2027-09-30,Fine_Dine_Meat,120946.0,147675.0,36271.0,36271.0,738376.0,92.0,181354.0,94.0,84675.0,111404.0,919730.0,Small
439,2027 Q4,2027-12-31,Fine_Dine_Meat,134989.0,165225.0,38353.0,38353.0,826124.0,92.0,191767.0,94.0,96636.0,126872.0,1017891.0,Small
439,2028 Q1,2028-03-31,Fine_Dine_Meat,279911.0,345569.0,80681.0,80681.0,1727843.0,91.0,403403.0,94.0,199230.0,264888.0,2131246.0,Small
439,2028 Q2,2028-06-30,Fine_Dine_Meat,194822.0,239929.0,55155.0,55155.0,1199643.0,91.0,275773.0,94.0,139667.0,184774.0,1475416.0,Small
439,2028 Q3,2028-09-30,Fine_Dine_Meat,134047.0,165900.0,38474.0,38474.0,829499.0,92.0,192370.0,94.0,95573.0,127426.0,1021869.0,Small
440,2027 Q2,2027-06-30,Fine_Dine_Meat,167160.0,167160.0,38386.8,38386.8,835798.0,91.0,225685.0,102.0,128773.2,128773.2,1061483.0,Small
440,2027 Q3,2027-09-30,Fine_Dine_Meat,162836.0,162836.0,33517.0,33517.0,814180.0,92.0,200270.0,94.0,129319.0,129319.0,1014450.0,Small
440,2027 Q4,2027-12-31,Fine_Dine_Meat,222375.0,222375.0,45802.0,45802.0,1111876.0,92.0,266213.0,94.0,176573.0,176573.0,1378089.0,Small
440,2028 Q1,2028-03-31,Fine_Dine_Meat,218591.0,218591.0,46782.0,46782.0,1092955.0,91.0,265730.0,94.0,171809.0,171809.0,1358685.0,Small
440,2028 Q2,2028-06-30,Fine_Dine_Meat,184875.0,184875.0,38181.0,38181.0,924374.0,91.0,226123.0,94.0,146694.0,146694.0,1150497.0,Small
440,2028 Q3,2028-09-30,Fine_Dine_Meat,183933.0,183933.0,36505.49,36505.49,919665.0,92.0,218507.45,95.0,147427.51,147427.51,1138172.45,Small
441,2027 Q2,2027-06-30,Fine_Dine_Meat,140860.0,140860.0,38799.46,38799.46,704298.0,91.0,193995.28,103.0,102060.54000000001,102060.54000000001,898293.28,Small
441,2027 Q3,2027-09-30,Fine_Dine_Meat,147984.0,147984.0,37305.0,37305.0,739920.0,92.0,186526.0,94.0,110679.0,110679.0,926446.0,Small
441,2027 Q4,2027-12-31,Fine_Dine_Meat,280222.0,283339.0,69215.0,69215.0,1416694.0,92.0,346077.0,94.0,211007.0,214124.0,1762771.0,Small
441,2028 Q1,2028-03-31,Fine_Dine_Meat,434348.0,434348.0,98405.0,98405.0,2171740.0,91.0,492023.0,94.0,335943.0,335943.0,2663763.0,Small
441,2028 Q2,2028-06-30,Fine_Dine_Meat,260035.0,260035.0,60980.0,60980.0,1300175.0,91.0,304900.0,94.0,199055.0,199055.0,1605075.0,Small
441,2028 Q3,2028-09-30,Fine_Dine_Meat,106383.0,106383.0,28308.0,28308.0,531915.0,92.0,141542.0,94.0,78075.0,78075.0,673457.0,Small
442,2027 Q2,2027-06-30,Fine_Dine_Meat,144329.0,146676.0,41937.0,41937.0,733379.0,91.0,209686.0,101.0,102392.0,104739.0,943065.0,Small
442,2027 Q3,2027-09-30,Fine_Dine_Meat,123622.0,124997.0,32386.0,32386.0,624986.0,92.0,161932.0,94.0,91236.0,92611.0,786918.0,Small
442,2027 Q4,2027-12-31,Fine_Dine_Meat,374446.0,378994.0,95579.0,95579.0,1894968.0,92.0,477894.0,94.0,278867.0,283415.0,2372862.0,Small
442,2028 Q1,2028-03-31,Fine_Dine_Meat,341608.0,346810.0,84762.0,84762.0,1734051.0,91.0,423811.0,94.0,256846.0,262048.0,2157862.0,Small
442,2028 Q2,2028-06-30,Fine_Dine_Meat,190358.0,192670.0,48788.0,48788.0,963348.0,91.0,243940.0,94.0,141570.0,143882.0,1207288.0,Small
442,2028 Q3,2028-09-30,Fine_Dine_Meat,122028.0,123385.0,32789.0,32789.0,616926.0,92.0,163943.0,94.0,89239.0,90596.0,780869.0,Small
443,2027 Q2,2027-06-30,Fine_Dine_Vegetarian,307600.0,307600.0,79903.0,79903.0,1538002.0,91.0,399514.0,101.0,227697.0,227697.0,1937516.0,Medium
443,2027 Q3,2027-09-30,Fine_Dine_Vegetarian,280559.0,280559.0,69704.0,69704.0,1402794.0,92.0,348518.0,94.0,210855.0,210855.0,1751312.0,Medium
443,2027 Q4,2027-12-31,Fine_Dine_Vegetarian,347078.0,347078.0,84789.0,84789.0,1735388.0,92.0,423945.0,94.0,262289.0,262289.0,2159333.0,Medium
443,2028 Q1,2028-03-31,Fine_Dine_Vegetarian,317468.0,317468.0,79376.0,79376.0,1587338.0,91.0,396881.0,94.0,238092.0,238092.0,1984219.0,Medium
443,2028 Q2,2028-06-30,Fine_Dine_Vegetarian,257328.0,257328.0,65403.0,65403.0,1286638.0,91.0,327013.0,94.0,191925.0,191925.0,1613651.0,Medium
443,2028 Q3,2028-09-30,Fine_Dine_Vegetarian,232656.0,232657.0,58416.0,58416.0,1163283.0,92.0,292078.0,94.0,174240.0,174241.0,1455361.0,Medium
444,2027 Q2,2027-06-30,Fine_Dine_Vegetarian,214506.0,242929.0,54731.0,54731.0,1214644.0,91.0,273653.0,101.0,159775.0,188198.0,1488297.0,Medium
444,2027 Q3,2027-09-30,Fine_Dine_Vegetarian,237409.0,277023.0,61691.0,61691.0,1385116.0,92.0,308454.0,94.0,175718.0,215332.0,1693570.0,Medium
444,2027 Q4,2027-12-31,Fine_Dine_Vegetarian,374963.0,512244.0,100375.0,100375.0,2561222.0,92.0,501873.0,94.0,274588.0,411869.0,3063095.0,Medium
444,2028 Q1,2028-03-31,Fine_Dine_Vegetarian,284512.0,355196.0,72858.0,72858.0,1775980.0,91.0,364292.0,94.0,211654.0,282338.0,2140272.0,Medium
444,2028 Q2,2028-06-30,Fine_Dine_Vegetarian,138610.0,158412.0,40297.09,40296.09,792060.0,91.0,201482.45,95.0,98312.91,118115.91,993542.45,Medium
444,2028 Q3,2028-09-30,Fine_Dine_Vegetarian,238772.0,280908.0,58751.0,58751.0,1404540.0,92.0,293753.0,94.0,180021.0,222157.0,1698293.0,Medium
445,2027 Q2,2027-06-30,Fine_Dine_Vegetarian,130243.0,203504.0,46995.0,46995.0,1017520.0,91.0,245632.93,102.0,83248.0,156509.0,1263152.93,Medium
445,2027 Q3,2027-09-30,Fine_Dine_Vegetarian,225549.0,344349.0,69578.0,69578.0,1721743.0,92.0,365007.0,94.0,155971.0,274771.0,2086750.0,Medium
445,2027 Q4,2027-12-31,Fine_Dine_Vegetarian,207070.0,391436.0,75943.0,75943.0,1957180.0,92.0,396227.0,94.0,131127.0,315493.0,2353407.0,Medium
445,2028 Q1,2028-03-31,Fine_Dine_Vegetarian,208501.0,290391.0,59272.0,59272.0,1451954.0,91.0,308760.0,94.0,149229.0,231119.0,1760714.0,Medium
445,2028 Q2,2028-06-30,Fine_Dine_Vegetarian,139539.0,203410.0,45870.0,45870.0,1017051.0,91.0,239179.0,94.0,93669.0,157540.0,1256230.0,Medium
445,2028 Q3,2028-09-30,Fine_Dine_Vegetarian,208158.0,303881.0,59943.0,59943.0,1519407.0,92.0,315162.99,95.0,148215.0,243938.0,1834569.99,Medium
446,2027 Q2,2027-06-30,Fine_Dine_Vegetarian,165527.0,167537.0,37702.0,37702.0,837683.0,91.0,188509.0,101.0,127825.0,129835.0,1026192.0,Small
446,2027 Q3,2027-09-30,Fine_Dine_Vegetarian,170340.0,173110.0,36707.0,36707.0,865551.0,92.0,183533.0,94.0,133633.0,136403.0,1049084.0,Small
446,2027 Q4,2027-12-31,Fine_Dine_Vegetarian,241196.0,241196.0,49487.0,49487.0,1205978.0,92.0,247437.0,94.0,191709.0,191709.0,1453415.0,Small
446,2028 Q1,2028-03-31,Fine_Dine_Vegetarian,243392.0,246598.0,50831.0,50831.0,1232992.0,91.0,254155.0,94.0,192561.0,195767.0,1487147.0,Small
446,2028 Q2,2028-06-30,Fine_Dine_Vegetarian,223694.0,223694.0,46168.0,46168.0,1118471.0,91.0,230838.0,94.0,177526.0,177526.0,1349309.0,Small
446,2028 Q3,2028-09-30,Fine_Dine_Vegetarian,223501.0,226673.0,45219.0,45219.0,1133367.0,92.0,226096.0,94.0,178282.0,181454.0,1359463.0,Small
447,2027 Q2,2027-06-30,Fine_Dine_Vegetarian,167410.0,170652.0,32641.0,32641.0,853260.0,91.0,193752.0,101.0,134769.0,138011.0,1047012.0,Small
447,2027 Q3,2027-09-30,Fine_Dine_Vegetarian,169038.0,171961.0,30522.0,30522.0,859803.0,92.0,183492.0,94.0,138516.0,141439.0,1043295.0,Small
447,2027 Q4,2027-12-31,Fine_Dine_Vegetarian,227213.0,234482.0,41303.0,41303.0,1172408.0,92.0,244895.0,94.0,185910.0,193179.0,1417303.0,Small
447,2028 Q1,2028-03-31,Fine_Dine_Vegetarian,231158.0,235395.0,45008.67,45008.67,1176973.0,91.0,257797.37,95.0,186149.33000000002,190386.33000000002,1434770.37,Small
447,2028 Q2,2028-06-30,Fine_Dine_Vegetarian,205372.0,209992.0,37174.0,37174.0,1049958.0,91.0,221279.0,94.0,168198.0,172818.0,1271237.0,Small
447,2028 Q3,2028-09-30,Fine_Dine_Vegetarian,205791.0,209563.0,35209.0,35209.0,1047813.0,92.0,212683.0,94.0,170582.0,174354.0,1260496.0,Small
448,2027 Q2,2027-06-30,Fine_Dine_Vegetarian,316006.0,321144.0,65895.0,65895.0,1605719.0,91.0,403805.0,101.0,250111.0,255249.0,2009524.0,Large
448,2027 Q3,2027-09-30,Fine_Dine_Vegetarian,323046.0,326639.0,62397.0,62397.0,1633194.0,92.0,387320.0,94.0,260649.0,264242.0,2020514.0,Large
448,2027 Q4,2027-12-31,Fine_Dine_Vegetarian,441412.0,449046.0,82597.0,82597.0,2245228.0,92.0,506622.0,94.0,358815.0,366449.0,2751850.0,Large
448,2028 Q1,2028-03-31,Fine_Dine_Vegetarian,447611.0,453967.0,87044.0,87044.0,2269836.0,91.0,519214.0,94.0,360567.0,366923.0,2789050.0,Large
448,2028 Q2,2028-06-30,Fine_Dine_Vegetarian,391723.0,407620.0,75526.0,75526.0,2038100.0,91.0,466497.0,94.0,316197.0,332094.0,2504597.0,Large
448,2028 Q3,2028-09-30,Fine_Dine_Vegetarian,391647.0,409245.0,72007.0,72007.0,2046225.0,92.0,451847.0,94.0,319640.0,337238.0,2498072.0,Large
449,2027 Q2,2027-06-30,Fine_Dine_Vegetarian,472104.0,477838.0,78883.0,78883.0,2389192.0,91.0,499126.0,101.0,393221.0,398955.0,2888318.0,Large
449,2027 Q3,2027-09-30,Fine_Dine_Vegetarian,387840.0,392948.0,63998.0,63998.0,1964740.0,92.0,405375.0,94.0,323842.0,328950.0,2370115.0,Large
449,2027 Q4,2027-12-31,Fine_Dine_Vegetarian,291564.0,296004.0,53282.0,53282.0,1480019.0,92.0,322368.0,94.0,238282.0,242722.0,1802387.0,Large
449,2028 Q1,2028-03-31,Fine_Dine_Vegetarian,388406.0,392726.0,69890.0,69890.0,1963629.0,91.0,419646.0,94.0,318516.0,322836.0,2383275.0,Large
449,2028 Q2,2028-06-30,Fine_Dine_Vegetarian,433194.0,438012.0,71046.0,71046.0,2190061.0,91.0,445897.0,94.0,362148.0,366966.0,2635958.0,Large
449,2028 Q3,2028-09-30,Fine_Dine_Vegetarian,283576.0,287311.0,50442.0,50442.0,1436555.0,92.0,313065.0,94.0,233134.0,236869.0,1749620.0,Large
450,2027 Q2,2027-06-30,Fine_Dine_Vegetarian,460158.0,460158.0,80166.0,80166.0,2300792.0,91.0,512244.0,101.0,379992.0,379992.0,2813036.0,Large
450,2027 Q3,2027-09-30,Fine_Dine_Vegetarian,455207.0,455207.0,78460.76,78460.76,2276037.0,92.0,502183.79,95.0,376746.24,376746.24,2778220.79,Large
450,2027 Q4,2027-12-31,Fine_Dine_Vegetarian,610432.0,610432.0,98237.0,98237.0,3052159.0,92.0,624385.0,94.0,512195.0,512195.0,3676544.0,Large
450,2028 Q1,2028-03-31,Fine_Dine_Vegetarian,603801.0,603801.0,102065.0,102065.0,3019004.0,91.0,627326.0,94.0,501736.0,501736.0,3646330.0,Large
450,2028 Q2,2028-06-30,Fine_Dine_Vegetarian,531077.0,531077.0,86114.0,86114.0,2655387.0,91.0,551756.0,94.0,444963.0,444963.0,3207143.0,Large
450,2028 Q3,2028-09-30,Fine_Dine_Vegetarian,522902.0,522902.0,80450.0,80450.0,2614510.0,92.0,525150.0,94.0,442452.0,442452.0,3139660.0,Large
451,2027 Q2,2027-06-30,Fine_Dine_Vegetarian,158030.0,158030.0,31354.0,31354.0,790152.0,91.0,164404.0,101.0,126676.0,126676.0,954556.0,Small
451,2027 Q3,2027-09-30,Fine_Dine_Vegetarian,149414.0,151844.0,28611.0,28611.0,759219.0,92.0,150196.0,94.0,120803.0,123233.0,909415.0,Small
451,2027 Q4,2027-12-31,Fine_Dine_Vegetarian,195568.0,198950.0,38413.42,38413.42,994749.0,92.0,200294.12,96.0,157154.58000000002,160536.58000000002,1195043.12,Small
451,2028 Q1,2028-03-31,Fine_Dine_Vegetarian,191345.0,193669.0,36134.0,36134.0,968345.0,91.0,188875.0,94.0,155211.0,157535.0,1157220.0,Small
451,2028 Q2,2028-06-30,Fine_Dine_Vegetarian,165611.0,168819.0,31608.0,31608.0,844094.0,91.0,165737.0,94.0,134003.0,137211.0,1009831.0,Small
451,2028 Q3,2028-09-30,Fine_Dine_Vegetarian,164235.0,166062.0,30121.0,30121.0,830309.0,92.0,158209.0,94.0,134114.0,135941.0,988518.0,Small
452,2027 Q2,2027-06-30,Fine_Dine_Vegetarian,188982.0,192446.0,38334.0,38334.0,962231.0,91.0,202037.0,101.0,150648.0,154112.0,1164268.0,Small
452,2027 Q3,2027-09-30,Fine_Dine_Vegetarian,113621.0,116534.0,22417.0,22417.0,582668.0,92.0,117766.0,94.0,91204.0,94117.0,700434.0,Small
452,2027 Q4,2027-12-31,Fine_Dine_Vegetarian,220977.0,229706.0,43153.0,43153.0,1148531.0,92.0,226350.0,94.0,177824.0,186553.0,1374881.0,Small
452,2028 Q1,2028-03-31,Fine_Dine_Vegetarian,265588.0,271562.0,49739.0,49739.0,1357811.0,91.0,261296.0,94.0,215849.0,221823.0,1619107.0,Small
452,2028 Q2,2028-06-30,Fine_Dine_Vegetarian,151448.0,154539.0,29246.0,29246.0,772694.0,91.0,153723.0,94.0,122202.0,125293.0,926417.0,Small
452,2028 Q3,2028-09-30,Fine_Dine_Vegetarian,149272.0,153100.0,28956.0,28956.0,765500.0,92.0,152563.0,94.0,120316.0,124144.0,918063.0,Small
453,2027 Q2,2027-06-30,Fine_Dine_Vegetarian,320569.0,320569.0,57232.0,57232.0,1602846.0,91.0,343692.0,101.0,263337.0,263337.0,1946538.0,Medium
453,2027 Q3,2027-09-30,Fine_Dine_Vegetarian,303744.0,309312.0,51621.0,51621.0,1546561.0,92.0,313869.0,94.0,252123.0,257691.0,1860430.0,Medium
453,2027 Q4,2027-12-31,Fine_Dine_Vegetarian,400790.0,406481.0,66840.0,66840.0,2032403.0,92.0,400969.0,94.0,333950.0,339641.0,2433372.0,Medium
453,2028 Q1,2028-03-31,Fine_Dine_Vegetarian,391243.0,395995.0,68471.0,68471.0,1979973.0,91.0,397687.0,94.0,322772.0,327524.0,2377660.0,Medium
453,2028 Q2,2028-06-30,Fine_Dine_Vegetarian,338483.0,344337.0,57961.0,57961.0,1721686.0,91.0,348091.0,94.0,280522.0,286376.0,2069777.0,Medium
453,2028 Q3,2028-09-30,Fine_Dine_Vegetarian,321645.0,336449.0,54018.0,54018.0,1682243.0,92.0,329220.0,94.0,267627.0,282431.0,2011463.0,Medium
454,2027 Q2,2027-06-30,Fine_Dine_Vegetarian,181746.0,181746.0,39326.0,39326.0,908732.0,91.0,205904.0,101.0,142420.0,142420.0,1114636.0,Small
454,2027 Q3,2027-09-30,Fine_Dine_Vegetarian,173388.0,175672.0,36089.0,36089.0,878358.0,92.0,189172.0,94.0,137299.0,139583.0,1067530.0,Small
454,2027 Q4,2027-12-31,Fine_Dine_Vegetarian,230560.0,230560.0,46269.0,46269.0,1152800.0,92.0,241415.0,94.0,184291.0,184291.0,1394215.0,Small
454,2028 Q1,2028-03-31,Fine_Dine_Vegetarian,219177.0,223650.0,45395.0,45395.0,1118251.0,91.0,236978.0,94.0,173782.0,178255.0,1355229.0,Small
454,2028 Q2,2028-06-30,Fine_Dine_Vegetarian,189347.0,193014.0,39422.0,39422.0,965068.0,91.0,206400.0,94.0,149925.0,153592.0,1171468.0,Small
454,2028 Q3,2028-09-30,Fine_Dine_Vegetarian,182474.0,186579.0,37066.0,37066.0,932896.0,92.0,194351.0,94.0,145408.0,149513.0,1127247.0,Small
455,2027 Q2,2027-06-30,Fine_Dine_Vegetarian,506584.0,553644.0,124519.0,124519.0,2768222.0,91.0,622595.0,101.0,382065.0,429125.0,3390817.0,Large
455,2027 Q3,2027-09-30,Fine_Dine_Vegetarian,499082.0,541891.0,115451.0,115451.0,2709454.0,92.0,577256.0,94.0,383631.0,426440.0,3286710.0,Large
455,2027 Q4,2027-12-31,Fine_Dine_Vegetarian,662734.0,719581.0,149549.0,149549.0,3597904.0,92.0,747743.0,94.0,513185.0,570032.0,4345647.0,Large
455,2028 Q1,2028-03-31,Fine_Dine_Vegetarian,644829.0,705502.0,147928.0,147928.0,3527509.0,91.0,739639.0,94.0,496901.0,557574.0,4267148.0,Large
455,2028 Q2,2028-06-30,Fine_Dine_Vegetarian,567253.0,615242.0,129923.0,129923.0,3076212.0,91.0,649615.0,94.0,437330.0,485319.0,3725827.0,Large
455,2028 Q3,2028-09-30,Fine_Dine_Vegetarian,555134.0,600794.0,123240.0,123240.0,3003971.0,92.0,616199.0,94.0,431894.0,477554.0,3620170.0,Large
456,2027 Q2,2027-06-30,Fine_Dine_Vegetarian,152288.0,152288.0,26676.0,26676.0,761442.0,91.0,156853.0,101.0,125612.0,125612.0,918295.0,Small
456,2027 Q3,2027-09-30,Fine_Dine_Vegetarian,151480.0,153165.0,25020.0,25020.0,765827.0,92.0,148790.0,94.0,126460.0,128145.0,914617.0,Small
456,2027 Q4,2027-12-31,Fine_Dine_Vegetarian,205570.0,208489.0,33203.0,33203.0,1042443.0,92.0,195399.0,94.0,172367.0,175286.0,1237842.0,Small
456,2028 Q1,2028-03-31,Fine_Dine_Vegetarian,208971.0,208971.0,34782.0,34782.0,1044855.0,91.0,198950.0,94.0,174189.0,174189.0,1243805.0,Small
456,2028 Q2,2028-06-30,Fine_Dine_Vegetarian,183714.0,186134.0,29985.0,29985.0,930670.0,91.0,176952.0,94.0,153729.0,156149.0,1107622.0,Small
456,2028 Q3,2028-09-30,Fine_Dine_Vegetarian,181953.0,185477.0,28465.0,28465.0,927387.0,92.0,170249.0,94.0,153488.0,157012.0,1097636.0,Small
457,2027 Q2,2027-06-30,Fine_Dine_Vegetarian,130014.0,185470.0,37645.0,37645.0,927350.0,91.0,188223.0,101.0,92369.0,147825.0,1115573.0,Small
457,2027 Q3,2027-09-30,Fine_Dine_Vegetarian,124645.0,184386.0,35262.0,35262.0,921931.0,92.0,176310.0,94.0,89383.0,149124.0,1098241.0,Small
457,2027 Q4,2027-12-31,Fine_Dine_Vegetarian,175855.0,248383.0,46542.0,46542.0,1241914.0,92.0,232711.0,94.0,129313.0,201841.0,1474625.0,Small
457,2028 Q1,2028-03-31,Fine_Dine_Vegetarian,171443.0,246680.0,46818.0,46818.0,1233401.0,91.0,234088.0,94.0,124625.0,199862.0,1467489.0,Small
457,2028 Q2,2028-06-30,Fine_Dine_Vegetarian,146589.0,217814.0,41294.0,41294.0,1089072.0,91.0,206471.0,94.0,105295.0,176520.0,1295543.0,Small
457,2028 Q3,2028-09-30,Fine_Dine_Vegetarian,147239.0,215262.0,39424.0,39424.0,1076308.0,92.0,197121.0,94.0,107815.0,175838.0,1273429.0,Small
458,2027 Q2,2027-06-30,Fine_Dine_Vegetarian,165515.0,165515.0,33445.21,33445.21,827573.0,91.0,174671.05,102.0,132069.79,132069.79,1002244.05,Small
458,2027 Q3,2027-09-30,Fine_Dine_Vegetarian,181411.0,181411.0,32285.0,32285.0,907054.0,92.0,169294.0,94.0,149126.0,149126.0,1076348.0,Small
458,2027 Q4,2027-12-31,Fine_Dine_Vegetarian,161076.0,161076.0,29053.0,29053.0,805381.0,92.0,151238.0,94.0,132023.0,132023.0,956619.0,Small
458,2028 Q1,2028-03-31,Fine_Dine_Vegetarian,162508.0,164648.0,30872.0,30872.0,823241.0,91.0,160862.0,94.0,131636.0,133776.0,984103.0,Small
458,2028 Q2,2028-06-30,Fine_Dine_Vegetarian,130210.0,130210.0,26706.34,26706.34,651050.0,91.0,139103.72,96.0,103503.66,103503.66,790153.72,Small
458,2028 Q3,2028-09-30,Fine_Dine_Vegetarian,154711.0,157067.0,27770.0,27770.0,785336.0,92.0,145480.0,94.0,126941.0,129297.0,930816.0,Small
459,2027 Q2,2027-06-30,Fine_Dine_Vegetarian,168705.0,168705.0,29404.0,29404.0,843525.0,91.0,176418.0,101.0,139301.0,139301.0,1019943.0,Small
459,2027 Q3,2027-09-30,Fine_Dine_Vegetarian,151699.0,151700.0,25056.0,25056.0,758498.0,92.0,153990.38,95.0,126643.0,126644.0,912488.38,Small
459,2027 Q4,2027-12-31,Fine_Dine_Vegetarian,184782.0,184782.0,30389.0,30389.0,923912.0,92.0,181425.0,94.0,154393.0,154393.0,1105337.0,Small
459,2028 Q1,2028-03-31,Fine_Dine_Vegetarian,166258.0,166258.0,29254.21,29254.21,831292.0,91.0,168843.04,95.0,137003.79,137003.79,1000135.04,Small
459,2028 Q2,2028-06-30,Fine_Dine_Vegetarian,132243.0,132243.0,23095.0,23095.0,661215.0,91.0,137187.0,94.0,109148.0,109148.0,798402.0,Small
459,2028 Q3,2028-09-30,Fine_Dine_Vegetarian,116989.0,116989.0,20092.0,20092.0,584944.0,92.0,120515.0,94.0,96897.0,96897.0,705459.0,Small
460,2027 Q2,2027-06-30,Fine_Dine_Vegetarian,181111.0,183496.0,36325.0,36325.0,917478.0,91.0,190787.0,101.0,144786.0,147171.0,1108265.0,Small
460,2027 Q3,2027-09-30,Fine_Dine_Vegetarian,171595.0,174385.0,32449.0,32449.0,871926.0,92.0,170666.0,94.0,139146.0,141936.0,1042592.0,Small
460,2027 Q4,2027-12-31,Fine_Dine_Vegetarian,195065.0,195065.0,36958.5,36958.5,975323.0,92.0,193069.49,95.0,158106.5,158106.5,1168392.49,Small
460,2028 Q1,2028-03-31,Fine_Dine_Vegetarian,163833.0,163833.0,31581.0,31581.0,819164.0,91.0,165056.0,94.0,132252.0,132252.0,984220.0,Small
460,2028 Q2,2028-06-30,Fine_Dine_Vegetarian,146771.0,146771.0,28524.0,28524.0,733854.0,91.0,149567.0,94.0,118247.0,118247.0,883421.0,Small
460,2028 Q3,2028-09-30,Fine_Dine_Vegetarian,166782.0,166782.0,30676.0,30676.0,833908.0,92.0,161269.0,94.0,136106.0,136106.0,995177.0,Small
461,2027 Q2,2027-06-30,Fine_Dine_Vegetarian,151022.0,152702.0,33883.0,33883.0,763512.0,91.0,177723.0,101.0,117139.0,118819.0,941235.0,Small
461,2027 Q3,2027-09-30,Fine_Dine_Vegetarian,146818.0,146818.0,30899.0,30899.0,734092.0,92.0,162273.0,94.0,115919.0,115919.0,896365.0,Small
461,2027 Q4,2027-12-31,Fine_Dine_Vegetarian,191637.0,191637.0,39521.0,39521.0,958185.0,92.0,206535.0,94.0,152116.0,152116.0,1164720.0,Small
461,2028 Q1,2028-03-31,Fine_Dine_Vegetarian,184872.0,184872.0,38554.0,38554.0,924362.0,91.0,201588.0,94.0,146318.0,146318.0,1125950.0,Small
461,2028 Q2,2028-06-30,Fine_Dine_Vegetarian,155912.0,158608.0,33323.0,33323.0,793041.0,91.0,174753.0,94.0,122589.0,125285.0,967794.0,Small
461,2028 Q3,2028-09-30,Fine_Dine_Vegetarian,152358.0,152358.0,31135.0,31135.0,761791.0,92.0,163535.0,94.0,121223.0,121223.0,925326.0,Small
462,2027 Q2,2027-06-30,Fine_Dine_Vegetarian,113729.0,131175.0,20338.0,20338.0,655877.0,91.0,131479.0,101.0,93391.0,110837.0,787356.0,Small
462,2027 Q3,2027-09-30,Fine_Dine_Vegetarian,114972.0,132000.0,18960.0,18960.0,660001.0,92.0,124683.0,94.0,96012.0,113040.0,784684.0,Small
462,2027 Q4,2027-12-31,Fine_Dine_Vegetarian,155642.0,179725.0,25428.0,25428.0,898625.0,92.0,163936.0,94.0,130214.0,154297.0,1062561.0,Small
462,2028 Q1,2028-03-31,Fine_Dine_Vegetarian,156909.0,180148.0,26820.05,26820.05,900741.0,91.0,166781.24,95.0,130088.95,153327.95,1067522.24,Small
462,2028 Q2,2028-06-30,Fine_Dine_Vegetarian,139902.0,160439.0,22881.0,22881.0,802193.0,91.0,150753.58,95.0,117021.0,137558.0,952946.58,Small
462,2028 Q3,2028-09-30,Fine_Dine_Vegetarian,138566.0,159822.0,21562.0,21562.0,799112.0,92.0,143017.0,94.0,117004.0,138260.0,942129.0,Small
463,2027 Q2,2027-06-30,Fine_Dine_Vegetarian,271083.0,274376.0,54616.0,54616.0,1371880.0,91.0,326418.0,101.0,216467.0,219760.0,1698298.0,Medium
463,2027 Q3,2027-09-30,Fine_Dine_Vegetarian,276907.0,276907.0,54664.76,54664.76,1384535.0,92.0,327329.82,95.0,222242.24,222242.24,1711864.82,Medium
463,2027 Q4,2027-12-31,Fine_Dine_Vegetarian,378021.0,378021.0,68604.0,68604.0,1890107.0,92.0,410214.0,94.0,309417.0,309417.0,2300321.0,Medium
463,2028 Q1,2028-03-31,Fine_Dine_Vegetarian,379805.0,379805.0,72068.0,72068.0,1899026.0,91.0,417734.0,94.0,307737.0,307737.0,2316760.0,Medium
463,2028 Q2,2028-06-30,Fine_Dine_Vegetarian,339019.0,339018.0,62060.0,62060.0,1695092.0,91.0,372376.0,94.0,276959.0,276958.0,2067468.0,Medium
463,2028 Q3,2028-09-30,Fine_Dine_Vegetarian,333376.0,338453.0,58958.0,58958.0,1692263.0,92.0,359045.0,94.0,274418.0,279495.0,2051308.0,Medium
464,2027 Q2,2027-06-30,Fine_Dine_Vegetarian,162272.0,162272.0,28710.0,28710.0,811362.0,91.0,179777.0,101.0,133562.0,133562.0,991139.0,Small
464,2027 Q3,2027-09-30,Fine_Dine_Vegetarian,155433.0,157162.0,26005.0,26005.0,785809.0,92.0,165025.0,94.0,129428.0,131157.0,950834.0,Small
464,2027 Q4,2027-12-31,Fine_Dine_Vegetarian,206615.0,206615.0,33814.0,33814.0,1033075.0,92.0,210667.0,94.0,172801.0,172801.0,1243742.0,Small
464,2028 Q1,2028-03-31,Fine_Dine_Vegetarian,200698.0,200698.0,34573.0,34573.0,1003488.0,91.0,208713.0,94.0,166125.0,166125.0,1212201.0,Small
464,2028 Q2,2028-06-30,Fine_Dine_Vegetarian,173408.0,173408.0,28933.0,28933.0,867038.0,91.0,181159.0,94.0,144475.0,144475.0,1048197.0,Small
464,2028 Q3,2028-09-30,Fine_Dine_Vegetarian,167787.0,167787.0,26745.0,26745.0,838933.0,92.0,170134.0,94.0,141042.0,141042.0,1009067.0,Small
465,2027 Q2,2027-06-30,Fine_Dine_Vegetarian,625496.0,696543.0,139612.0,139612.0,3482713.0,91.0,735502.0,101.0,485884.0,556931.0,4218215.0,Large
465,2027 Q3,2027-09-30,Fine_Dine_Vegetarian,579132.0,664905.0,125730.0,125730.0,3324523.0,92.0,663428.0,94.0,453402.0,539175.0,3987951.0,Large
465,2027 Q4,2027-12-31,Fine_Dine_Vegetarian,644583.0,860591.0,165258.83,165258.83,4302955.0,92.0,865919.14,95.0,479324.17000000004,695332.17,5168874.14,Large
465,2028 Q1,2028-03-31,Fine_Dine_Vegetarian,704208.0,820755.0,159118.83,159118.83,4103775.0,91.0,834249.14,95.0,545089.17,661636.17,4938024.14,Large
465,2028 Q2,2028-06-30,Fine_Dine_Vegetarian,609742.0,699245.0,133013.0,133013.0,3496225.0,91.0,700505.0,94.0,476729.0,566232.0,4196730.0,Large
465,2028 Q3,2028-09-30,Fine_Dine_Vegetarian,575483.0,668389.0,123322.0,123322.0,3341947.0,92.0,650669.0,94.0,452161.0,545067.0,3992616.0,Large
466,2027 Q2,2027-06-30,Fine_Dine_Vegetarian,150032.0,150032.0,33471.0,33471.0,750159.0,91.0,175656.0,101.0,116561.0,116561.0,925815.0,Small
466,2027 Q3,2027-09-30,Fine_Dine_Vegetarian,98481.0,98481.0,22810.0,22810.0,492405.0,92.0,119458.0,94.0,75671.0,75671.0,611863.0,Small
466,2027 Q4,2027-12-31,Fine_Dine_Vegetarian,162665.0,164474.0,35580.3,35580.3,822370.0,92.0,185954.49,95.0,127084.7,128893.7,1008324.49,Small
466,2028 Q1,2028-03-31,Fine_Dine_Vegetarian,215900.0,215900.0,44566.0,44566.0,1079501.0,91.0,233509.0,94.0,171334.0,171334.0,1313010.0,Small
466,2028 Q2,2028-06-30,Fine_Dine_Vegetarian,165539.0,165539.0,36451.86,36451.86,827693.0,91.0,190920.3,95.0,129087.14,129087.14,1018613.3,Small
466,2028 Q3,2028-09-30,Fine_Dine_Vegetarian,105008.0,105008.0,23367.0,23367.0,525041.0,92.0,122430.0,94.0,81641.0,81641.0,647471.0,Small
467,2027 Q2,2027-06-30,Fine_Dine_Vegetarian,170478.0,295455.0,69170.0,69170.0,1477273.0,91.0,345849.0,101.0,101308.0,226285.0,1823122.0,Medium
467,2027 Q3,2027-09-30,Fine_Dine_Vegetarian,164178.0,284045.0,67484.25,67484.25,1420226.0,92.0,337420.24,95.0,96693.75,216560.75,1757646.24,Medium
467,2027 Q4,2027-12-31,Fine_Dine_Vegetarian,214667.0,370755.0,79793.0,79793.0,1853774.0,92.0,398966.0,94.0,134874.0,290962.0,2252740.0,Medium
467,2028 Q1,2028-03-31,Fine_Dine_Vegetarian,207107.0,357697.0,77969.0,77969.0,1788483.0,91.0,389847.0,94.0,129138.0,279728.0,2178330.0,Medium
467,2028 Q2,2028-06-30,Fine_Dine_Vegetarian,176177.0,306930.0,68078.0,68078.0,1534648.0,91.0,340389.0,94.0,108099.0,238852.0,1875037.0,Medium
467,2028 Q3,2028-09-30,Fine_Dine_Vegetarian,168687.0,294908.0,63992.0,63992.0,1474540.0,92.0,319960.0,94.0,104695.0,230916.0,1794500.0,Medium
468,2027 Q2,2027-06-30,Fine_Dine_Vegetarian,137049.0,137049.0,33203.0,33203.0,685245.0,91.0,166017.0,101.0,103846.0,103846.0,851262.0,Small
468,2027 Q3,2027-09-30,Fine_Dine_Vegetarian,137092.0,137092.0,31359.0,31359.0,685461.0,92.0,156793.0,94.0,105733.0,105733.0,842254.0,Small
468,2027 Q4,2027-12-31,Fine_Dine_Vegetarian,185646.0,185646.0,41200.0,41200.0,928230.0,92.0,206002.0,94.0,144446.0,144446.0,1134232.0,Small
468,2028 Q1,2028-03-31,Fine_Dine_Vegetarian,183141.0,185178.0,41504.0,41504.0,925890.0,91.0,207520.0,94.0,141637.0,143674.0,1133410.0,Small
468,2028 Q2,2028-06-30,Fine_Dine_Vegetarian,164142.0,164142.0,36972.0,36972.0,820710.0,91.0,184860.0,94.0,127170.0,127170.0,1005570.0,Small
468,2028 Q3,2028-09-30,Fine_Dine_Vegetarian,160326.0,162768.0,35480.0,35480.0,813842.0,92.0,177401.0,94.0,124846.0,127288.0,991243.0,Small
469,2027 Q2,2027-06-30,Fine_Dine_Vegetarian,124702.0,126089.0,23604.0,23604.0,630446.0,91.0,139391.0,101.0,101098.0,102485.0,769837.0,Small
469,2027 Q3,2027-09-30,Fine_Dine_Vegetarian,171952.0,171952.0,29655.0,29655.0,859761.0,92.0,179078.0,94.0,142297.0,142297.0,1038839.0,Small
469,2027 Q4,2027-12-31,Fine_Dine_Vegetarian,134488.0,134488.0,23192.0,23192.0,672438.0,92.0,136181.0,94.0,111296.0,111296.0,808619.0,Small
469,2028 Q1,2028-03-31,Fine_Dine_Vegetarian,127396.0,127396.0,23939.0,23939.0,636981.0,91.0,136767.0,94.0,103457.0,103457.0,773748.0,Small
469,2028 Q2,2028-06-30,Fine_Dine_Vegetarian,144884.0,144884.0,26126.0,26126.0,724420.0,91.0,155874.0,94.0,118758.0,118758.0,880294.0,Small
469,2028 Q3,2028-09-30,Fine_Dine_Vegetarian,250768.0,250768.0,38073.0,38073.0,1253838.0,92.0,233370.0,94.0,212695.0,212695.0,1487208.0,Small
470,2027 Q2,2027-06-30,Fine_Dine_Vegetarian,158478.0,161054.0,42454.0,42455.0,805272.0,91.0,212273.0,101.0,116024.0,118599.0,1017545.0,Small
470,2027 Q3,2027-09-30,Fine_Dine_Vegetarian,166705.0,166705.0,41257.0,41257.0,833525.0,92.0,206284.0,94.0,125448.0,125448.0,1039809.0,Small
470,2027 Q4,2027-12-31,Fine_Dine_Vegetarian,228603.0,232556.0,56287.0,56287.0,1162778.0,92.0,281437.0,94.0,172316.0,176269.0,1444215.0,Small
470,2028 Q1,2028-03-31,Fine_Dine_Vegetarian,232957.0,237954.0,58190.0,58190.0,1189769.0,91.0,290950.0,94.0,174767.0,179764.0,1480719.0,Small
470,2028 Q2,2028-06-30,Fine_Dine_Vegetarian,215961.0,215961.0,52544.0,52544.0,1079806.0,91.0,262719.0,94.0,163417.0,163417.0,1342525.0,Small
470,2028 Q3,2028-09-30,Fine_Dine_Vegetarian,218890.0,218890.0,51600.43,51600.43,1094452.0,92.0,258001.13,95.0,167289.57,167289.57,1352453.13,Small
471,2027 Q2,2027-06-30,Fine_Dine_Vegetarian,304956.0,308973.0,70579.0,70579.0,1544864.0,91.0,352894.0,101.0,234377.0,238394.0,1897758.0,Medium
471,2027 Q3,2027-09-30,Fine_Dine_Vegetarian,286409.0,292553.0,63670.0,63670.0,1462765.0,92.0,318349.0,94.0,222739.0,228883.0,1781114.0,Medium
471,2027 Q4,2027-12-31,Fine_Dine_Vegetarian,366343.0,378454.0,80023.0,80023.0,1892268.0,92.0,400116.0,94.0,286320.0,298431.0,2292384.0,Medium
471,2028 Q1,2028-03-31,Fine_Dine_Vegetarian,358424.0,363513.0,77922.0,77922.0,1817563.0,91.0,389612.0,94.0,280502.0,285591.0,2207175.0,Medium
471,2028 Q2,2028-06-30,Fine_Dine_Vegetarian,308526.0,311958.0,67707.0,67707.0,1559789.0,91.0,338535.0,94.0,240819.0,244251.0,1898324.0,Medium
471,2028 Q3,2028-09-30,Fine_Dine_Vegetarian,288980.0,295179.0,62719.0,62719.0,1475897.0,92.0,313595.0,94.0,226261.0,232460.0,1789492.0,Medium
472,2027 Q2,2027-06-30,Fine_Dine_Vegetarian,128131.0,150389.0,27038.0,27038.0,751945.0,91.0,159203.0,101.0,101093.0,123351.0,911148.0,Small
472,2027 Q3,2027-09-30,Fine_Dine_Vegetarian,120885.0,140892.0,23990.27,23990.27,704459.0,92.0,142562.34,95.0,96894.73,116901.73,847021.34,Small
472,2027 Q4,2027-12-31,Fine_Dine_Vegetarian,148443.0,179279.0,31695.33,31695.33,896393.0,92.0,184680.67,95.0,116747.67,147583.66999999998,1081073.67,Small
472,2028 Q1,2028-03-31,Fine_Dine_Vegetarian,141953.0,168791.0,29969.0,29969.0,843954.0,91.0,170834.0,94.0,111984.0,138822.0,1014788.0,Small
472,2028 Q2,2028-06-30,Fine_Dine_Vegetarian,120901.0,141239.0,24507.0,24507.0,706193.0,91.0,143794.0,94.0,96394.0,116732.0,849987.0,Small
472,2028 Q3,2028-09-30,Fine_Dine_Vegetarian,114133.0,132252.0,22178.0,22178.0,661262.0,92.0,131610.0,94.0,91955.0,110074.0,792872.0,Small
473,2027 Q2,2027-06-30,Fine_Dine_Vegetarian,394770.0,566385.0,141832.68,141832.68,2831924.0,91.0,742170.42,102.0,252937.32,424552.32,3574094.42,Large
473,2027 Q3,2027-09-30,Fine_Dine_Vegetarian,308512.0,471731.0,110348.0,110348.0,2358657.0,92.0,578780.0,94.0,198164.0,361383.0,2937437.0,Large
473,2027 Q4,2027-12-31,Fine_Dine_Vegetarian,372441.0,693559.0,156187.0,156187.0,3467795.0,92.0,816011.0,94.0,216254.0,537372.0,4283806.0,Large
473,2028 Q1,2028-03-31,Fine_Dine_Vegetarian,461467.0,735993.0,164582.0,164582.0,3679963.0,91.0,860725.0,94.0,296885.0,571411.0,4540688.0,Large
473,2028 Q2,2028-06-30,Fine_Dine_Vegetarian,395406.0,556126.0,126910.0,126910.0,2780629.0,91.0,665123.0,94.0,268496.0,429216.0,3445752.0,Large
473,2028 Q3,2028-09-30,Fine_Dine_Vegetarian,288477.0,470598.0,107430.0,107430.0,2352988.0,92.0,563350.0,94.0,181047.0,363168.0,2916338.0,Large
474,2027 Q2,2027-06-30,Fine_Dine_Vegetarian,142260.0,142260.0,31606.0,31606.0,711299.0,91.0,165904.73,102.0,110654.0,110654.0,877203.73,Small
474,2027 Q3,2027-09-30,Fine_Dine_Vegetarian,147907.0,147907.0,30876.0,30876.0,739536.0,92.0,161805.0,94.0,117031.0,117031.0,901341.0,Small
474,2027 Q4,2027-12-31,Fine_Dine_Vegetarian,207122.0,207122.0,41392.72,41392.72,1035611.0,92.0,216093.59,95.0,165729.28,165729.28,1251704.59,Small
474,2028 Q1,2028-03-31,Fine_Dine_Vegetarian,206667.0,212620.0,42555.51,42555.51,1063102.0,91.0,222373.53,95.0,164111.49,170064.49,1285475.53,Small
474,2028 Q2,2028-06-30,Fine_Dine_Vegetarian,191227.0,193550.0,38876.0,38876.0,967750.0,91.0,203783.0,94.0,152351.0,154674.0,1171533.0,Small
474,2028 Q3,2028-09-30,Fine_Dine_Vegetarian,194362.0,196723.0,38074.0,38074.0,983615.0,92.0,199953.0,94.0,156288.0,158649.0,1183568.0,Small
475,2027 Q2,2027-06-30,Fine_Dine_Vegetarian,573724.0,587832.0,137948.0,137948.0,2939158.0,91.0,689740.0,101.0,435776.0,449884.0,3628898.0,Large
475,2027 Q3,2027-09-30,Fine_Dine_Vegetarian,568189.0,583356.0,129272.0,129272.0,2916781.0,92.0,646361.0,94.0,438917.0,454084.0,3563142.0,Large
475,2027 Q4,2027-12-31,Fine_Dine_Vegetarian,759481.0,784588.0,170581.0,170581.0,3922941.0,92.0,852903.0,94.0,588900.0,614007.0,4775844.0,Large
475,2028 Q1,2028-03-31,Fine_Dine_Vegetarian,762583.0,778146.0,170633.0,170633.0,3890732.0,91.0,853166.0,94.0,591950.0,607513.0,4743898.0,Large
475,2028 Q2,2028-06-30,Fine_Dine_Vegetarian,669063.0,686218.0,150651.0,150651.0,3431089.0,91.0,753253.0,94.0,518412.0,535567.0,4184342.0,Large
475,2028 Q3,2028-09-30,Fine_Dine_Vegetarian,668574.0,677380.0,144049.0,144049.0,3386898.0,92.0,720246.0,94.0,524525.0,533331.0,4107144.0,Large
476,2027 Q2,2027-06-30,Fine_Dine_Vegetarian,142642.0,142642.0,29071.0,29071.0,713210.0,91.0,172223.0,101.0,113571.0,113571.0,885433.0,Small
476,2027 Q3,2027-09-30,Fine_Dine_Vegetarian,140162.0,141721.0,27040.0,27040.0,708607.0,92.0,162002.0,94.0,113122.0,114681.0,870609.0,Small
476,2027 Q4,2027-12-31,Fine_Dine_Vegetarian,192533.0,192533.0,35884.0,35884.0,962665.0,92.0,212613.0,94.0,156649.0,156649.0,1175278.0,Small
476,2028 Q1,2028-03-31,Fine_Dine_Vegetarian,191367.0,194084.0,37746.0,37746.0,970418.0,91.0,217183.0,94.0,153621.0,156338.0,1187601.0,Small
476,2028 Q2,2028-06-30,Fine_Dine_Vegetarian,171939.0,174735.0,32758.0,32758.0,873673.0,91.0,194839.0,94.0,139181.0,141977.0,1068512.0,Small
476,2028 Q3,2028-09-30,Fine_Dine_Vegetarian,176284.0,176284.0,31448.0,31448.0,881419.0,92.0,189700.0,94.0,144836.0,144836.0,1071119.0,Small
477,2027 Q2,2027-06-30,Fine_Dine_Vegetarian,318070.0,321608.0,66072.0,66072.0,1608039.0,91.0,330360.0,101.0,251998.0,255536.0,1938399.0,Medium
477,2027 Q3,2027-09-30,Fine_Dine_Vegetarian,311294.0,311294.0,60712.0,60712.0,1556471.0,92.0,303558.0,94.0,250582.0,250582.0,1860029.0,Medium
477,2027 Q4,2027-12-31,Fine_Dine_Vegetarian,408976.0,408976.0,76996.0,76996.0,2044881.0,92.0,384980.0,94.0,331980.0,331980.0,2429861.0,Medium
477,2028 Q1,2028-03-31,Fine_Dine_Vegetarian,396983.0,396982.0,75610.0,75610.0,1984912.0,91.0,378052.0,94.0,321373.0,321372.0,2362964.0,Medium
477,2028 Q2,2028-06-30,Fine_Dine_Vegetarian,342729.0,342729.0,66428.0,66428.0,1713646.0,91.0,332139.0,94.0,276301.0,276301.0,2045785.0,Medium
477,2028 Q3,2028-09-30,Fine_Dine_Vegetarian,331326.0,331326.0,62772.5,62772.5,1656629.0,92.0,313862.5,95.0,268553.5,268553.5,1970491.5,Medium
478,2027 Q2,2027-06-30,Fine_Dine_Vegetarian,186648.0,189876.0,44428.0,44427.0,949379.0,91.0,222137.0,101.0,142220.0,145449.0,1171516.0,Small
478,2027 Q3,2027-09-30,Fine_Dine_Vegetarian,183545.0,186151.0,43323.81,43324.81,930753.0,92.0,216622.06,95.0,140221.19,142826.19,1147375.06,Small
478,2027 Q4,2027-12-31,Fine_Dine_Vegetarian,244706.0,248938.0,53543.0,53543.0,1244692.0,92.0,267717.0,94.0,191163.0,195395.0,1512409.0,Small
478,2028 Q1,2028-03-31,Fine_Dine_Vegetarian,243209.0,246913.0,53779.0,53779.0,1234563.0,91.0,268894.0,94.0,189430.0,193134.0,1503457.0,Small
478,2028 Q2,2028-06-30,Fine_Dine_Vegetarian,215771.0,218835.0,47823.0,47823.0,1094174.0,91.0,239115.0,94.0,167948.0,171012.0,1333289.0,Small
478,2028 Q3,2028-09-30,Fine_Dine_Vegetarian,214725.0,217995.0,46066.0,46066.0,1089977.0,92.0,230331.0,94.0,168659.0,171929.0,1320308.0,Small
479,2027 Q2,2027-06-30,Fine_Dine_Vegetarian,80586.0,82063.0,16721.0,16721.0,410316.0,91.0,102040.0,101.0,63865.0,65342.0,512356.0,Small
479,2027 Q3,2027-09-30,Fine_Dine_Vegetarian,193412.0,196557.0,32897.11,32897.11,982786.0,92.0,210158.53,95.0,160514.89,163659.89,1192944.53,Small
479,2027 Q4,2027-12-31,Fine_Dine_Vegetarian,213384.0,222044.0,33065.0,33065.0,1110222.0,92.0,208368.0,94.0,180319.0,188979.0,1318590.0,Small
479,2028 Q1,2028-03-31,Fine_Dine_Vegetarian,259732.0,265575.0,42054.0,42054.0,1327876.0,91.0,259577.11,95.0,217678.0,223521.0,1587453.1099999999,Small
479,2028 Q2,2028-06-30,Fine_Dine_Vegetarian,221916.0,225295.0,34055.0,34055.0,1126474.0,91.0,218157.0,94.0,187861.0,191240.0,1344631.0,Small
479,2028 Q3,2028-09-30,Fine_Dine_Vegetarian,94859.0,96499.0,17067.0,17067.0,482493.0,92.0,106060.0,94.0,77792.0,79432.0,588553.0,Small
480,2027 Q2,2027-06-30,Fine_Dine_Vegetarian,314673.0,327443.0,69220.0,69220.0,1637215.0,91.0,363611.0,101.0,245453.0,258223.0,2000826.0,Medium
480,2027 Q3,2027-09-30,Fine_Dine_Vegetarian,309401.0,321957.0,64256.0,64256.0,1609783.0,92.0,338052.0,94.0,245145.0,257701.0,1947835.0,Medium
480,2027 Q4,2027-12-31,Fine_Dine_Vegetarian,412958.0,429270.0,83720.0,83720.0,2146351.0,92.0,438251.0,94.0,329238.0,345550.0,2584602.0,Medium
480,2028 Q1,2028-03-31,Fine_Dine_Vegetarian,405889.0,422361.0,83422.0,83422.0,2111804.0,91.0,436905.0,94.0,322467.0,338939.0,2548709.0,Medium
480,2028 Q2,2028-06-30,Fine_Dine_Vegetarian,355866.0,369539.0,73106.0,73106.0,1847695.0,91.0,384171.0,94.0,282760.0,296433.0,2231866.0,Medium
480,2028 Q3,2028-09-30,Fine_Dine_Vegetarian,361958.0,361958.0,69247.0,69247.0,1809789.0,92.0,366069.19,95.0,292711.0,292711.0,2175858.19,Medium
481,2027 Q2,2027-06-30,Fine_Dine_Vegetarian,138211.0,140031.0,35195.0,35195.0,700154.0,91.0,185136.0,101.0,103016.0,104836.0,885290.0,Small
481,2027 Q3,2027-09-30,Fine_Dine_Vegetarian,138785.0,141473.0,33477.0,33477.0,707365.0,92.0,176399.0,94.0,105308.0,107996.0,883764.0,Small
481,2027 Q4,2027-12-31,Fine_Dine_Vegetarian,188263.0,193289.0,44654.0,44654.0,966443.0,92.0,234087.0,94.0,143609.0,148635.0,1200530.0,Small
481,2028 Q1,2028-03-31,Fine_Dine_Vegetarian,188678.0,194313.0,45187.0,45187.0,971567.0,91.0,237065.0,94.0,143491.0,149126.0,1208632.0,Small
481,2028 Q2,2028-06-30,Fine_Dine_Vegetarian,170397.0,173521.0,40371.0,40371.0,867603.0,91.0,212553.0,94.0,130026.0,133150.0,1080156.0,Small
481,2028 Q3,2028-09-30,Fine_Dine_Vegetarian,170508.0,173280.0,38902.0,38902.0,866401.0,92.0,205230.0,94.0,131606.0,134378.0,1071631.0,Small
482,2027 Q2,2027-06-30,Fine_Dine_Vegetarian,430621.0,435851.0,93708.0,93708.0,2179254.0,91.0,491468.0,101.0,336913.0,342143.0,2670722.0,Large
482,2027 Q3,2027-09-30,Fine_Dine_Vegetarian,318096.0,323927.0,66547.0,66547.0,1619633.0,92.0,348597.0,94.0,251549.0,257380.0,1968230.0,Large
482,2027 Q4,2027-12-31,Fine_Dine_Vegetarian,504850.0,523703.0,105068.0,105068.0,2618513.0,92.0,548778.0,94.0,399782.0,418635.0,3167291.0,Large
482,2028 Q1,2028-03-31,Fine_Dine_Vegetarian,460430.0,470787.0,96126.0,96126.0,2353933.0,91.0,502075.0,94.0,364304.0,374661.0,2856008.0,Large
482,2028 Q2,2028-06-30,Fine_Dine_Vegetarian,280387.0,284368.0,67468.37,67468.37,1421840.0,91.0,351428.83,95.0,212918.63,216899.63,1773268.83,Large
482,2028 Q3,2028-09-30,Fine_Dine_Vegetarian,380698.0,386495.0,78021.0,78021.0,1932473.0,92.0,409291.0,94.0,302677.0,308474.0,2341764.0,Large
483,2027 Q2,2027-06-30,Fine_Dine_Vegetarian,196302.0,196302.0,37891.0,37891.0,981511.0,91.0,226358.0,101.0,158411.0,158411.0,1207869.0,Small
483,2027 Q3,2027-09-30,Fine_Dine_Vegetarian,118750.0,118750.0,24418.0,24418.0,593749.0,92.0,144861.0,94.0,94332.0,94332.0,738610.0,Small
483,2027 Q4,2027-12-31,Fine_Dine_Vegetarian,218331.0,218331.0,39714.0,39714.0,1091657.0,92.0,235794.0,94.0,178617.0,178617.0,1327451.0,Small
483,2028 Q1,2028-03-31,Fine_Dine_Vegetarian,186373.0,186373.0,35934.0,35934.0,931863.0,91.0,206401.0,94.0,150439.0,150439.0,1138264.0,Small
483,2028 Q2,2028-06-30,Fine_Dine_Vegetarian,93016.0,93016.0,20729.0,20730.0,465078.0,91.0,120812.0,94.0,72287.0,72286.0,585890.0,Small
483,2028 Q3,2028-09-30,Fine_Dine_Vegetarian,171662.0,171662.0,31185.0,31185.0,858308.0,92.0,188402.0,94.0,140477.0,140477.0,1046710.0,Small
484,2027 Q2,2027-06-30,Fine_Dine_Vegetarian,432799.0,439390.0,99448.0,99448.0,2196948.0,91.0,497242.0,101.0,333351.0,339942.0,2694190.0,Large
484,2027 Q3,2027-09-30,Fine_Dine_Vegetarian,393298.0,398882.0,90450.0,90450.0,1994409.0,92.0,452248.0,94.0,302848.0,308432.0,2446657.0,Large
484,2027 Q4,2027-12-31,Fine_Dine_Vegetarian,576267.0,586233.0,121086.0,121086.0,2931164.0,92.0,605428.0,94.0,455181.0,465147.0,3536592.0,Large
484,2028 Q1,2028-03-31,Fine_Dine_Vegetarian,400912.0,406604.0,88543.3,88543.3,2033021.0,91.0,442715.5,95.0,312368.7,318060.7,2475736.5,Large
484,2028 Q2,2028-06-30,Fine_Dine_Vegetarian,359435.0,363433.0,84116.0,84116.0,1817165.0,91.0,420579.0,94.0,275319.0,279317.0,2237744.0,Large
484,2028 Q3,2028-09-30,Fine_Dine_Vegetarian,396145.0,401770.0,86138.0,86138.0,2008850.0,92.0,430689.0,94.0,310007.0,315632.0,2439539.0,Large
485,2027 Q2,2027-06-30,Fine_Dine_Vegetarian,239554.0,276302.0,66842.0,66842.0,1381508.0,91.0,334210.0,101.0,172712.0,209460.0,1715718.0,Medium
485,2027 Q3,2027-09-30,Fine_Dine_Vegetarian,357558.0,417220.0,94681.38,94681.38,2086098.0,92.0,473408.88,95.0,262876.62,322538.62,2559506.88,Medium
485,2027 Q4,2027-12-31,Fine_Dine_Vegetarian,396921.0,531354.0,112837.0,112837.0,2656770.0,92.0,564186.0,94.0,284084.0,418517.0,3220956.0,Medium
485,2028 Q1,2028-03-31,Fine_Dine_Vegetarian,246913.0,296771.0,68665.0,68665.0,1483856.0,91.0,343326.0,94.0,178248.0,228106.0,1827182.0,Medium
485,2028 Q2,2028-06-30,Fine_Dine_Vegetarian,351598.0,402286.0,89327.0,89327.0,2011431.0,91.0,446633.0,94.0,262271.0,312959.0,2458064.0,Medium
485,2028 Q3,2028-09-30,Fine_Dine_Vegetarian,268565.0,322795.0,70589.0,70589.0,1613975.0,92.0,352944.0,94.0,197976.0,252206.0,1966919.0,Medium
486,2027 Q2,2027-06-30,Fine_Dine_Vegetarian,257774.0,257774.0,42700.0,42700.0,1288871.0,91.0,272765.0,101.0,215074.0,215074.0,1561636.0,Medium
486,2027 Q3,2027-09-30,Fine_Dine_Vegetarian,246102.0,249596.0,38712.0,38712.0,1247980.0,92.0,250790.0,94.0,207390.0,210884.0,1498770.0,Medium
486,2027 Q4,2027-12-31,Fine_Dine_Vegetarian,330269.0,330269.0,50238.0,50238.0,1651347.0,92.0,319643.0,94.0,280031.0,280031.0,1970990.0,Medium
486,2028 Q1,2028-03-31,Fine_Dine_Vegetarian,320364.0,325243.0,51974.0,51974.0,1626217.0,91.0,319854.0,94.0,268390.0,273269.0,1946071.0,Medium
486,2028 Q2,2028-06-30,Fine_Dine_Vegetarian,287358.0,287358.0,44508.0,44508.0,1436791.0,91.0,284911.0,94.0,242850.0,242850.0,1721702.0,Medium
486,2028 Q3,2028-09-30,Fine_Dine_Vegetarian,282133.0,286721.0,42111.0,42111.0,1433606.0,92.0,274598.0,94.0,240022.0,244610.0,1708204.0,Medium
487,2027 Q2,2027-06-30,Fine_Dine_Vegetarian,133752.0,135240.0,29104.0,29104.0,676200.0,91.0,152275.0,101.0,104648.0,106136.0,828475.0,Small
487,2027 Q3,2027-09-30,Fine_Dine_Vegetarian,130906.0,130906.0,28257.33,28257.33,654529.0,92.0,147656.67,95.0,102648.67,102648.67,802185.67,Small
487,2027 Q4,2027-12-31,Fine_Dine_Vegetarian,171970.0,171970.0,34193.0,34193.0,859851.0,92.0,178320.0,94.0,137777.0,137777.0,1038171.0,Small
487,2028 Q1,2028-03-31,Fine_Dine_Vegetarian,166900.0,166900.0,33583.0,33583.0,834501.0,91.0,175221.0,94.0,133317.0,133317.0,1009722.0,Small
487,2028 Q2,2028-06-30,Fine_Dine_Vegetarian,144055.0,144055.0,29248.0,29248.0,720275.0,91.0,153026.0,94.0,114807.0,114807.0,873301.0,Small
487,2028 Q3,2028-09-30,Fine_Dine_Vegetarian,139214.0,139214.0,27475.0,27475.0,696072.0,92.0,143966.0,94.0,111739.0,111739.0,840038.0,Small
488,2027 Q2,2027-06-30,Fine_Dine_Vegetarian,224561.0,227749.0,62880.0,62880.0,1138745.0,91.0,314399.0,101.0,161681.0,164869.0,1453144.0,Medium
488,2027 Q3,2027-09-30,Fine_Dine_Vegetarian,219790.0,224275.0,59017.0,59017.0,1121376.0,92.0,295084.0,94.0,160773.0,165258.0,1416460.0,Medium
488,2027 Q4,2027-12-31,Fine_Dine_Vegetarian,287506.0,299485.0,75181.0,75181.0,1497427.0,92.0,375907.0,94.0,212325.0,224304.0,1873334.0,Medium
488,2028 Q1,2028-03-31,Fine_Dine_Vegetarian,291559.0,295100.0,74787.0,74787.0,1475502.0,91.0,373934.0,94.0,216772.0,220313.0,1849436.0,Medium
488,2028 Q2,2028-06-30,Fine_Dine_Vegetarian,255746.0,258591.0,66784.29,66784.29,1292954.0,91.0,333920.44,95.0,188961.71000000002,191806.71000000002,1626874.44,Medium
488,2028 Q3,2028-09-30,Fine_Dine_Vegetarian,248614.0,253688.0,63615.0,63615.0,1268442.0,92.0,318075.0,94.0,184999.0,190073.0,1586517.0,Medium
489,2027 Q2,2027-06-30,Fine_Dine_Vegetarian,246966.0,246966.0,55908.0,55908.0,1234828.0,91.0,292167.0,101.0,191058.0,191058.0,1526995.0,Medium
489,2027 Q3,2027-09-30,Fine_Dine_Vegetarian,230971.0,230971.0,50375.0,50375.0,1154853.0,92.0,263377.0,94.0,180596.0,180596.0,1418230.0,Medium
489,2027 Q4,2027-12-31,Fine_Dine_Vegetarian,293365.0,293365.0,61464.0,61464.0,1466825.0,92.0,320168.0,94.0,231901.0,231901.0,1786993.0,Medium
489,2028 Q1,2028-03-31,Fine_Dine_Vegetarian,275687.0,275687.0,58895.0,58895.0,1378437.0,91.0,306831.0,94.0,216792.0,216792.0,1685268.0,Medium
489,2028 Q2,2028-06-30,Fine_Dine_Vegetarian,230213.0,230213.0,50710.0,50710.0,1151066.0,91.0,264653.0,94.0,179503.0,179503.0,1415719.0,Medium
489,2028 Q3,2028-09-30,Fine_Dine_Vegetarian,212286.0,215082.0,46831.0,46831.0,1075410.0,92.0,244592.0,94.0,165455.0,168251.0,1320002.0,Medium
490,2027 Q2,2027-06-30,Fine_Dine_Vegetarian,163284.0,165267.0,39540.0,39540.0,826334.0,91.0,197702.0,101.0,123744.0,125727.0,1024036.0,Small
490,2027 Q3,2027-09-30,Fine_Dine_Vegetarian,168819.0,168819.0,38044.0,38044.0,844096.0,92.0,190218.0,94.0,130775.0,130775.0,1034314.0,Small
490,2027 Q4,2027-12-31,Fine_Dine_Vegetarian,232866.0,232866.0,51347.0,51347.0,1164332.0,92.0,256736.0,94.0,181519.0,181519.0,1421068.0,Small
490,2028 Q1,2028-03-31,Fine_Dine_Vegetarian,232717.0,236021.0,52413.0,52413.0,1180106.0,91.0,262067.0,94.0,180304.0,183608.0,1442173.0,Small
490,2028 Q2,2028-06-30,Fine_Dine_Vegetarian,212360.0,212360.0,47086.0,47086.0,1061802.0,91.0,235429.0,94.0,165274.0,165274.0,1297231.0,Small
490,2028 Q3,2028-09-30,Fine_Dine_Vegetarian,213546.0,213546.0,45757.0,45757.0,1067728.0,92.0,228783.0,94.0,167789.0,167789.0,1296511.0,Small
491,2027 Q2,2027-06-30,Fine_Dine_Vegetarian,119907.0,133230.0,33787.0,33787.0,666149.0,91.0,168934.0,101.0,86120.0,99443.0,835083.0,Small
491,2027 Q3,2027-09-30,Fine_Dine_Vegetarian,113017.0,128868.0,31172.0,31172.0,644340.0,92.0,155859.0,94.0,81845.0,97696.0,800199.0,Small
491,2027 Q4,2027-12-31,Fine_Dine_Vegetarian,147699.0,169185.0,39361.0,39361.0,845925.0,92.0,196803.0,94.0,108338.0,129824.0,1042728.0,Small
491,2028 Q1,2028-03-31,Fine_Dine_Vegetarian,146875.0,164106.0,38646.0,38646.0,820531.0,91.0,193229.0,94.0,108229.0,125460.0,1013760.0,Small
491,2028 Q2,2028-06-30,Fine_Dine_Vegetarian,127980.0,141571.0,33880.0,33880.0,707854.0,91.0,169398.0,94.0,94100.0,107691.0,877252.0,Small
491,2028 Q3,2028-09-30,Fine_Dine_Vegetarian,118698.0,136749.0,31968.0,31968.0,683746.0,92.0,159839.0,94.0,86730.0,104781.0,843585.0,Small
492,2027 Q2,2027-06-30,Fine_Dine_Vegetarian,142139.0,145188.0,35395.42,35395.42,725938.0,91.0,176978.1,102.0,106743.58,109792.58,902916.1,Small
492,2027 Q3,2027-09-30,Fine_Dine_Vegetarian,146548.0,148931.0,33751.0,33751.0,744653.0,92.0,168754.0,94.0,112797.0,115180.0,913407.0,Small
492,2027 Q4,2027-12-31,Fine_Dine_Vegetarian,199410.0,206215.0,44999.0,44999.0,1031077.0,92.0,224995.0,94.0,154411.0,161216.0,1256072.0,Small
492,2028 Q1,2028-03-31,Fine_Dine_Vegetarian,206576.0,209722.0,45972.0,45972.0,1048611.0,91.0,229861.0,94.0,160604.0,163750.0,1278472.0,Small
492,2028 Q2,2028-06-30,Fine_Dine_Vegetarian,186103.0,189321.0,43446.38,43446.38,946606.0,91.0,217230.91,95.0,142656.62,145874.62,1163836.91,Small
492,2028 Q3,2028-09-30,Fine_Dine_Vegetarian,187550.0,190988.0,41290.16,41290.16,954939.0,92.0,206451.78,95.0,146259.84,149697.84,1161390.78,Small
493,2027 Q2,2027-06-30,Fine_Dine_Vegetarian,166130.0,166130.0,36261.0,36261.0,830652.0,91.0,189911.0,101.0,129869.0,129869.0,1020563.0,Small
493,2027 Q3,2027-09-30,Fine_Dine_Vegetarian,162823.0,162823.0,33674.0,33674.0,814116.0,92.0,176584.0,94.0,129149.0,129149.0,990700.0,Small
493,2027 Q4,2027-12-31,Fine_Dine_Vegetarian,217912.0,217912.0,43794.0,43794.0,1089562.0,92.0,228635.0,94.0,174118.0,174118.0,1318197.0,Small
493,2028 Q1,2028-03-31,Fine_Dine_Vegetarian,216425.0,216425.0,43847.0,43847.0,1082124.0,91.0,229065.0,94.0,172578.0,172578.0,1311189.0,Small
493,2028 Q2,2028-06-30,Fine_Dine_Vegetarian,192021.0,192021.0,39080.0,39080.0,960106.0,91.0,204789.0,94.0,152941.0,152941.0,1164895.0,Small
493,2028 Q3,2028-09-30,Fine_Dine_Vegetarian,188721.0,191207.0,37621.0,37621.0,956034.0,92.0,197484.0,94.0,151100.0,153586.0,1153518.0,Small
494,2027 Q2,2027-06-30,Fine_Dine_Vegetarian,97011.0,97011.0,19314.4,19314.4,485055.0,91.0,113114.98,102.0,77696.6,77696.6,598169.98,Small
494,2027 Q3,2027-09-30,Fine_Dine_Vegetarian,172798.0,172798.0,28985.35,28985.35,863990.0,92.0,174566.76,95.0,143812.65,143812.65,1038556.76,Small
494,2027 Q4,2027-12-31,Fine_Dine_Vegetarian,178158.0,178158.0,31156.94,31156.94,890792.0,92.0,182760.7,95.0,147001.06,147001.06,1073552.7,Small
494,2028 Q1,2028-03-31,Fine_Dine_Vegetarian,128073.0,128073.0,23585.0,23585.0,640364.0,91.0,136052.93,95.0,104488.0,104488.0,776416.9299999999,Small
494,2028 Q2,2028-06-30,Fine_Dine_Vegetarian,90193.0,91567.0,17854.0,17854.0,457833.0,91.0,104310.0,94.0,72339.0,73713.0,562143.0,Small
494,2028 Q3,2028-09-30,Fine_Dine_Vegetarian,94884.0,96036.0,17320.0,17320.0,480179.0,92.0,102178.0,94.0,77564.0,78716.0,582357.0,Small
495,2027 Q2,2027-06-30,Fine_Dine_Vegetarian,248405.0,317653.0,79808.01,79809.01,1588263.0,91.0,399043.07,102.0,168596.99,237843.99,1987306.07,Medium
495,2027 Q3,2027-09-30,Fine_Dine_Vegetarian,360699.0,394207.0,88914.15,88914.15,1971035.0,92.0,444568.74,95.0,271784.85,305292.85,2415603.74,Medium
495,2027 Q4,2027-12-31,Fine_Dine_Vegetarian,366163.0,400616.0,89951.0,89951.0,2003080.0,92.0,449753.0,94.0,276212.0,310665.0,2452833.0,Medium
495,2028 Q1,2028-03-31,Fine_Dine_Vegetarian,241380.0,311860.0,72796.0,72796.0,1559300.0,91.0,363981.0,94.0,168584.0,239064.0,1923281.0,Medium
495,2028 Q2,2028-06-30,Fine_Dine_Vegetarian,226906.0,285058.0,67583.0,67583.0,1425291.0,91.0,337916.0,94.0,159323.0,217475.0,1763207.0,Medium
495,2028 Q3,2028-09-30,Fine_Dine_Vegetarian,259340.0,279461.0,64684.0,64684.0,1397305.0,92.0,323421.0,94.0,194656.0,214777.0,1720726.0,Medium
496,2027 Q2,2027-06-30,Fine_Dine_Vegetarian,154337.0,154337.0,34736.41,34736.41,771683.0,91.0,181474.04,102.0,119600.59,119600.59,953157.04,Small
496,2027 Q3,2027-09-30,Fine_Dine_Vegetarian,151495.0,151495.0,30599.0,30599.0,757474.0,92.0,160445.0,94.0,120896.0,120896.0,917919.0,Small
496,2027 Q4,2027-12-31,Fine_Dine_Vegetarian,202884.0,202884.0,39601.0,39601.0,1014419.0,92.0,206778.0,94.0,163283.0,163283.0,1221197.0,Small
496,2028 Q1,2028-03-31,Fine_Dine_Vegetarian,198527.0,201550.0,39618.0,39618.0,1007751.0,91.0,207010.0,94.0,158909.0,161932.0,1214761.0,Small
496,2028 Q2,2028-06-30,Fine_Dine_Vegetarian,178954.0,178954.0,35424.0,35424.0,894769.0,91.0,185646.0,94.0,143530.0,143530.0,1080415.0,Small
496,2028 Q3,2028-09-30,Fine_Dine_Vegetarian,178625.0,178625.0,34221.0,34221.0,893123.0,92.0,179647.0,94.0,144404.0,144404.0,1072770.0,Small
497,2027 Q2,2027-06-30,Fine_Dine_Vegetarian,162331.0,302856.0,75730.94,75730.94,1514278.0,91.0,378656.72,102.0,86600.06,227125.06,1892934.72,Medium
497,2027 Q3,2027-09-30,Fine_Dine_Vegetarian,156941.0,285348.0,65276.0,65276.0,1426740.0,92.0,326379.0,94.0,91665.0,220072.0,1753119.0,Medium
497,2027 Q4,2027-12-31,Fine_Dine_Vegetarian,197755.0,367575.0,82043.0,82043.0,1837875.0,92.0,410216.0,94.0,115712.0,285532.0,2248091.0,Medium
497,2028 Q1,2028-03-31,Fine_Dine_Vegetarian,198118.0,352523.0,79645.0,79645.0,1762616.0,91.0,398227.0,94.0,118473.0,272878.0,2160843.0,Medium
497,2028 Q2,2028-06-30,Fine_Dine_Vegetarian,163743.0,298801.0,68440.0,68440.0,1494006.0,91.0,342200.0,94.0,95303.0,230361.0,1836206.0,Medium
497,2028 Q3,2028-09-30,Fine_Dine_Vegetarian,158413.0,284915.0,63652.0,63652.0,1424577.0,92.0,318258.0,94.0,94761.0,221263.0,1742835.0,Medium
498,2027 Q2,2027-06-30,Fine_Dine_Vegetarian,119838.0,170467.0,35930.43,35930.43,852333.0,91.0,179651.16,102.0,83907.57,134536.57,1031984.16,Small
498,2027 Q3,2027-09-30,Fine_Dine_Vegetarian,112228.0,171866.0,33988.0,33988.0,859329.0,92.0,169939.0,94.0,78240.0,137878.0,1029268.0,Small
498,2027 Q4,2027-12-31,Fine_Dine_Vegetarian,126564.0,234377.0,44893.0,44893.0,1171885.0,92.0,224465.0,94.0,81671.0,189484.0,1396350.0,Small
498,2028 Q1,2028-03-31,Fine_Dine_Vegetarian,159253.0,235234.0,45507.0,45507.0,1176168.0,91.0,227536.0,94.0,113746.0,189727.0,1403704.0,Small
498,2028 Q2,2028-06-30,Fine_Dine_Vegetarian,146605.0,209735.0,40771.0,40771.0,1048673.0,91.0,203854.0,94.0,105834.0,168964.0,1252527.0,Small
498,2028 Q3,2028-09-30,Fine_Dine_Vegetarian,132381.0,209133.0,39286.0,39286.0,1045666.0,92.0,196428.0,94.0,93095.0,169847.0,1242094.0,Small
499,2027 Q2,2027-06-30,Fine_Dine_Vegetarian,125797.0,141663.0,33008.0,33007.0,708313.0,91.0,165037.0,101.0,92789.0,108656.0,873350.0,Small
499,2027 Q3,2027-09-30,Fine_Dine_Vegetarian,125933.0,140394.0,31091.0,31091.0,701968.0,92.0,155455.0,94.0,94842.0,109303.0,857423.0,Small
499,2027 Q4,2027-12-31,Fine_Dine_Vegetarian,168602.0,188593.0,40617.77,40617.77,942966.0,92.0,203087.84,95.0,127984.23000000001,147975.23,1146053.84,Small
499,2028 Q1,2028-03-31,Fine_Dine_Vegetarian,166478.0,186844.0,40066.74,40066.74,934221.0,91.0,200333.7,95.0,126411.26000000001,146777.26,1134554.7,Small
499,2028 Q2,2028-06-30,Fine_Dine_Vegetarian,145839.0,164604.0,35628.0,35628.0,823019.0,91.0,178139.0,94.0,110211.0,128976.0,1001158.0,Small
499,2028 Q3,2028-09-30,Fine_Dine_Vegetarian,144960.0,162329.0,34177.0,34177.0,811643.0,92.0,170886.0,94.0,110783.0,128152.0,982529.0,Small
500,2027 Q2,2027-06-30,Fine_Dine_Vegetarian,162426.0,164732.0,29636.0,29636.0,823660.0,91.0,180739.0,101.0,132790.0,135096.0,1004399.0,Small
500,2027 Q3,2027-09-30,Fine_Dine_Vegetarian,159658.0,161761.0,27062.0,27062.0,808804.0,92.0,167410.0,94.0,132596.0,134699.0,976214.0,Small
500,2027 Q4,2027-12-31,Fine_Dine_Vegetarian,212029.0,215477.0,35686.0,35686.0,1077387.0,92.0,217390.0,94.0,176343.0,179791.0,1294777.0,Small
500,2028 Q1,2028-03-31,Fine_Dine_Vegetarian,209130.0,211884.0,36877.0,36877.0,1059418.0,91.0,216967.0,94.0,172253.0,175007.0,1276385.0,Small
500,2028 Q2,2028-06-30,Fine_Dine_Vegetarian,177726.0,185324.0,31231.0,31231.0,926621.0,91.0,190675.0,94.0,146495.0,154093.0,1117296.0,Small
500,2028 Q3,2028-09-30,Fine_Dine_Vegetarian,174432.0,181511.0,29096.0,29096.0,907557.0,92.0,180575.0,94.0,145336.0,152415.0,1088132.0,Small
501,2027 Q2,2027-06-30,Fine_Dine_Vegetarian,158599.0,161013.0,38291.0,38291.0,805067.0,91.0,191456.0,101.0,120308.0,122722.0,996523.0,Small
501,2027 Q3,2027-09-30,Fine_Dine_Vegetarian,123839.0,123839.0,28975.0,28975.0,619194.0,92.0,144874.0,94.0,94864.0,94864.0,764068.0,Small
501,2027 Q4,2027-12-31,Fine_Dine_Vegetarian,180285.0,180285.0,40163.0,40163.0,901424.0,92.0,200814.0,94.0,140122.0,140122.0,1102238.0,Small
501,2028 Q1,2028-03-31,Fine_Dine_Vegetarian,172103.0,172103.0,39196.0,39196.0,860514.0,91.0,195981.0,94.0,132907.0,132907.0,1056495.0,Small
501,2028 Q2,2028-06-30,Fine_Dine_Vegetarian,185271.0,185271.0,41963.0,41963.0,926354.0,91.0,209815.0,94.0,143308.0,143308.0,1136169.0,Small
501,2028 Q3,2028-09-30,Fine_Dine_Vegetarian,224848.0,227579.0,47157.0,47157.0,1137896.0,92.0,235786.0,94.0,177691.0,180422.0,1373682.0,Small
502,2027 Q2,2027-06-30,Fine_Dine_Vegetarian,145269.0,146885.0,37580.0,37580.0,734423.0,91.0,187901.0,101.0,107689.0,109305.0,922324.0,Small
502,2027 Q3,2027-09-30,Fine_Dine_Vegetarian,141987.0,141987.0,34516.0,34516.0,709934.0,92.0,172580.0,94.0,107471.0,107471.0,882514.0,Small
502,2027 Q4,2027-12-31,Fine_Dine_Vegetarian,184612.0,186854.0,45774.15,45774.15,934269.0,92.0,228868.76,96.0,138837.85,141079.85,1163137.76,Small
502,2028 Q1,2028-03-31,Fine_Dine_Vegetarian,182155.0,182155.0,43225.0,43225.0,910777.0,91.0,216123.0,94.0,138930.0,138930.0,1126900.0,Small
502,2028 Q2,2028-06-30,Fine_Dine_Vegetarian,158341.0,158341.0,38167.0,38167.0,791706.0,91.0,190835.0,94.0,120174.0,120174.0,982541.0,Small
502,2028 Q3,2028-09-30,Fine_Dine_Vegetarian,154451.0,154451.0,36189.0,36189.0,772254.0,92.0,180946.0,94.0,118262.0,118262.0,953200.0,Small
546,2027 Q2,2027-06-30,Distributors,372073.55,387966.55,292403.33,292403.33,1939830.75,1056.0,1462014.68,161.0,79670.21999999997,95563.21999999997,3401845.4299999997,Small
546,2027 Q3,2027-09-30,Distributors,344103.62,358438.62,267713.98,267713.98,1792195.1,979.0,1338571.89,148.0,76389.64000000001,90724.64000000001,3130766.99,Small
546,2027 Q4,2027-12-31,Distributors,416538.5,433882.5,327896.4,327896.4,2169412.5,980.0,1639480.99,150.0,88642.09999999998,105986.09999999998,3808893.49,Small
546,2028 Q1,2028-03-31,Distributors,424444.1,442896.1,331086.55,331086.55,2214478.5,979.0,1655430.79,148.0,93357.54999999999,111809.54999999999,3869909.29,Small
546,2028 Q2,2028-06-30,Distributors,388768.47,388768.47,291699.0,291699.0,1943844.34,980.0,1458495.98,150.0,97069.46999999997,97069.46999999997,3402340.3200000003,Small
546,2028 Q3,2028-09-30,Distributors,372255.21,372255.21,280351.08,280351.08,1861278.09,979.0,1401753.42,149.0,91904.13,91904.13,3263031.51,Small
568,2027 Q2,2027-06-30,Distributors,669794.03,678611.03,459712.99,459712.99,3393054.17,1989.0,2298562.9,161.0,210081.04000000004,218898.04000000004,5691617.07,Medium
568,2027 Q3,2027-09-30,Distributors,607460.14,607460.14,396497.77,396497.77,3037301.69,1847.0,1982488.85,148.0,210962.37,210962.37,5019790.54,Medium
568,2027 Q4,2027-12-31,Distributors,720255.23,732672.23,482201.11,482201.11,3663360.17,1848.0,2411007.53,148.0,238054.12,250471.12,6074367.699999999,Medium
568,2028 Q1,2028-03-31,Distributors,755549.37,755550.37,511844.7,511844.7,3777749.84,1847.0,2559222.52,149.0,243704.66999999998,243705.66999999998,6336972.359999999,Medium
568,2028 Q2,2028-06-30,Distributors,694692.77,694692.77,458695.43,458695.43,3473462.82,1849.0,2293479.15,150.0,235997.34000000003,235997.34000000003,5766941.97,Medium
568,2028 Q3,2028-09-30,Distributors,657480.6,657480.6,433366.28,433366.28,3287401.0,1848.0,2166833.4,151.0,224114.31999999995,224114.31999999995,5454234.4,Medium
534,2027 Q2,2027-06-30,Distributors,864124.94,864124.94,608096.0,608096.0,4320624.71,2241.0,3040481.0,157.0,256028.93999999994,256028.93999999994,7361105.71,Large
534,2027 Q3,2027-09-30,Distributors,762108.9,762108.9,532237.07,532238.07,3810542.51,2081.0,2661188.35,147.0,229871.83000000007,229870.83000000007,6471730.859999999,Large
534,2027 Q4,2027-12-31,Distributors,886214.11,886214.11,616284.0,616284.0,4431072.55,2081.0,3081422.0,146.0,269930.11,269930.11,7512494.55,Large
534,2028 Q1,2028-03-31,Distributors,875337.71,875336.71,623318.32,623318.32,4376685.57,2081.0,3116592.6,147.0,252019.39,252018.39,7493278.17,Large
534,2028 Q2,2028-06-30,Distributors,815311.7,815311.7,569442.31,569442.31,4076556.51,2081.0,2847212.54,147.0,245869.3899999999,245869.3899999999,6923769.05,Large
534,2028 Q3,2028-09-30,Distributors,776593.81,776593.81,541769.49,541769.49,3882970.04,2081.0,2708847.44,147.0,234824.32000000007,234824.32000000007,6591817.48,Large
551,2027 Q2,2027-06-30,Distributors,749360.3,749360.3,507598.76,507598.76,3746801.52,2101.0,2537994.8,159.0,241761.54000000004,241761.54000000004,6284796.32,Large
551,2027 Q3,2027-09-30,Distributors,662122.4,662123.4,442054.77,442054.77,3310614.97,1952.0,2210271.87,147.0,220067.63,220068.63,5520886.84,Large
551,2027 Q4,2027-12-31,Distributors,813687.98,813687.98,552275.05,552275.05,4068441.89,1951.0,2761375.25,148.0,261412.92999999993,261412.92999999993,6829817.140000001,Large
551,2028 Q1,2028-03-31,Distributors,856825.28,856825.28,590364.74,590364.74,4284128.39,1952.0,2951825.72,147.0,266460.54000000004,266460.54000000004,7235954.109999999,Large
551,2028 Q2,2028-06-30,Distributors,762413.82,762413.82,518637.14,518638.14,3812069.11,1951.0,2593188.71,148.0,243776.67999999993,243775.67999999993,6405257.82,Large
551,2028 Q3,2028-09-30,Distributors,694450.94,694450.94,469599.8,469599.8,3472256.7,1951.0,2347999.97,149.0,224851.13999999996,224851.13999999996,5820256.67,Large
552,2027 Q2,2027-06-30,Distributors,309326.92,309326.92,235261.62,235261.62,1546634.58,912.0,1176308.11,146.0,74065.29999999999,74065.29999999999,2722942.6900000004,Small
552,2027 Q3,2027-09-30,Distributors,283969.63,287414.63,216564.71,216564.71,1437073.13,847.0,1082824.51,137.0,67404.92000000001,70849.92000000001,2519897.6399999997,Small
552,2027 Q4,2027-12-31,Distributors,329981.5,329981.5,246238.86,246238.86,1649909.53,847.0,1231193.29,135.0,83742.64000000001,83742.64000000001,2881102.8200000003,Small
552,2028 Q1,2028-03-31,Distributors,347242.07,347242.07,264619.59,264620.59,1736209.36,846.0,1323100.98,136.0,82622.47999999998,82621.47999999998,3059310.34,Small
552,2028 Q2,2028-06-30,Distributors,316814.24,316814.24,236942.59,236942.59,1584070.2,847.0,1184711.99,135.0,79871.65,79871.65,2768782.19,Small
552,2028 Q3,2028-09-30,Distributors,287611.91,287611.91,215829.19,215829.19,1438060.53,846.0,1079143.95,135.0,71782.71999999997,71782.71999999997,2517204.48,Small
564,2027 Q2,2027-06-30,Distributors,492202.33,574967.33,428842.0,428842.0,2874835.63,1917.0,2144208.0,157.0,63360.330000000016,146125.32999999996,5019043.63,Small
564,2027 Q3,2027-09-30,Distributors,454054.99,519464.99,388812.91,388812.91,2597325.95,1778.0,1944066.54,147.0,65242.080000000016,130652.08000000002,4541392.49,Small
564,2027 Q4,2027-12-31,Distributors,557321.74,635455.74,490065.0,490065.0,3177279.7,1778.0,2450323.0,146.0,67256.73999999999,145390.74,5627602.7,Small
564,2028 Q1,2028-03-31,Distributors,561751.52,658457.52,506190.0,506190.0,3292285.59,1779.0,2530952.0,146.0,55561.52000000002,152267.52000000002,5823237.59,Small
564,2028 Q2,2028-06-30,Distributors,584568.64,584568.64,435416.0,435416.0,2922845.16,1779.0,2177081.0,146.0,149152.64,149152.64,5099926.16,Small
564,2028 Q3,2028-09-30,Distributors,542402.67,542402.67,400969.0,400969.0,2712014.33,1775.0,2004843.0,146.0,141433.67000000004,141433.67000000004,4716857.33,Small
547,2027 Q2,2027-06-30,Distributors,616241.83,616241.83,400873.0,400873.0,3081209.13,1980.0,2004366.0,157.0,215368.82999999996,215368.82999999996,5085575.13,Small
547,2027 Q3,2027-09-30,Distributors,553266.5,553266.5,356265.84,356265.84,2766331.51,1838.0,1781328.19,147.0,197000.65999999997,197000.65999999997,4547659.699999999,Small
547,2027 Q4,2027-12-31,Distributors,654910.72,654910.72,427916.0,427916.0,3274552.58,1838.0,2139582.0,146.0,226994.71999999997,226994.71999999997,5414134.58,Small
547,2028 Q1,2028-03-31,Distributors,669745.92,669746.92,442525.0,442525.0,3348732.58,1837.0,2212625.0,146.0,227220.92000000004,227221.92000000004,5561357.58,Small
547,2028 Q2,2028-06-30,Distributors,637433.71,637433.71,401871.0,401871.0,3187167.56,1839.0,2009353.0,146.0,235562.70999999996,235562.70999999996,5196520.5600000005,Small
547,2028 Q3,2028-09-30,Distributors,577602.46,577602.46,372174.59,372173.59,2888011.28,1836.0,1860869.94,147.0,205427.86999999994,205428.86999999994,4748881.22,Small
553,2027 Q2,2027-06-30,Distributors,387078.69,392971.69,265600.95,265600.95,1964856.44,1065.0,1328004.79,159.0,121477.73999999999,127370.73999999999,3292861.23,Small
553,2027 Q3,2027-09-30,Distributors,355205.1,355205.1,239815.44,239815.44,1776027.49,989.0,1199079.2,149.0,115389.65999999997,115389.65999999997,2975106.69,Small
553,2027 Q4,2027-12-31,Distributors,439903.59,446146.59,306924.05,306924.05,2230733.97,989.0,1534622.23,151.0,132979.54000000004,139222.54000000004,3765356.2,Small
553,2028 Q1,2028-03-31,Distributors,463541.81,471555.81,321791.79,321791.79,2357779.07,989.0,1608956.92,148.0,141750.02000000002,149764.02000000002,3966735.9899999998,Small
553,2028 Q2,2028-06-30,Distributors,430511.9,430510.9,301276.64,301276.64,2152556.51,990.0,1506383.22,150.0,129235.26000000001,129234.26000000001,3658939.7299999995,Small
553,2028 Q3,2028-09-30,Distributors,398453.21,398453.21,271538.76,271538.76,1992264.05,989.0,1357692.74,149.0,126914.45000000001,126914.45000000001,3349956.79,Small
557,2027 Q2,2027-06-30,Distributors,784952.52,793680.52,592457.25,592457.25,3968403.59,2180.0,2962285.26,162.0,192495.27000000002,201223.27000000002,6930688.85,Large
557,2027 Q3,2027-09-30,Distributors,714901.89,714901.89,526264.25,526264.25,3574511.43,2022.0,2631321.24,151.0,188637.64,188637.64,6205832.67,Large
557,2027 Q4,2027-12-31,Distributors,891045.82,904606.82,668810.72,668810.72,4523034.09,2022.0,3344054.6,151.0,222235.09999999998,235796.09999999998,7867088.6899999995,Large
557,2028 Q1,2028-03-31,Distributors,916078.14,916078.14,681159.36,681159.36,4580391.71,2022.0,3405795.8,150.0,234918.78000000003,234918.78000000003,7986187.51,Large
557,2028 Q2,2028-06-30,Distributors,783061.76,783061.76,579210.71,579210.71,3915309.83,2024.0,2896054.56,149.0,203851.05000000005,203851.05000000005,6811364.390000001,Large
557,2028 Q3,2028-09-30,Distributors,757266.42,757266.42,559258.49,559258.49,3786334.11,2020.0,2796291.4,150.0,198007.93000000005,198007.93000000005,6582625.51,Large
572,2027 Q2,2027-06-30,Distributors,696608.53,696608.53,468298.67,468298.67,3483042.63,1689.0,2341495.36,159.0,228309.86000000004,228309.86000000004,5824537.99,Medium
572,2027 Q3,2027-09-30,Distributors,600207.83,606882.83,392409.0,392409.0,3034415.15,1567.0,1962044.0,146.0,207798.82999999996,214473.82999999996,4996459.15,Medium
572,2027 Q4,2027-12-31,Distributors,790334.4,801542.4,533344.99,533344.99,4007711.98,1567.0,2666722.99,148.0,256989.41000000003,268197.41000000003,6674434.970000001,Medium
572,2028 Q1,2028-03-31,Distributors,787423.12,799406.12,538046.95,538046.95,3997032.62,1568.0,2690232.73,148.0,249376.17000000004,261359.17000000004,6687265.35,Medium
572,2028 Q2,2028-06-30,Distributors,689049.29,689049.29,451457.0,451457.0,3445247.44,1567.0,2257283.0,146.0,237592.29000000004,237592.29000000004,5702530.4399999995,Medium
572,2028 Q3,2028-09-30,Distributors,672474.27,672474.27,438158.5,438158.5,3362372.33,1565.0,2190794.48,147.0,234315.77000000002,234315.77000000002,5553166.8100000005,Medium
569,2027 Q2,2027-06-30,Distributors,544787.48,629050.48,461564.44,461564.44,3145252.38,1839.0,2307821.21,158.0,83223.03999999998,167486.03999999998,5453073.59,Medium
569,2027 Q3,2027-09-30,Distributors,484936.71,571172.71,415905.98,415905.98,2855863.57,1707.0,2079528.92,147.0,69030.73000000004,155266.72999999998,4935392.49,Medium
569,2027 Q4,2027-12-31,Distributors,559115.49,711025.49,522162.81,522162.81,3555129.42,1708.0,2610814.07,147.0,36952.67999999999,188862.68,6165943.49,Medium
569,2028 Q1,2028-03-31,Distributors,592499.74,711266.74,547528.66,547528.66,3556332.7,1707.0,2737643.26,151.0,44971.07999999996,163738.07999999996,6293975.96,Medium
569,2028 Q2,2028-06-30,Distributors,613944.95,613944.95,456860.76,456860.76,3069726.77,1707.0,2284304.81,147.0,157084.18999999994,157084.18999999994,5354031.58,Medium
569,2028 Q3,2028-09-30,Distributors,586764.36,586765.36,427722.08,427722.08,2933824.78,1706.0,2138612.4,147.0,159042.27999999997,159043.27999999997,5072437.18,Medium
548,2027 Q2,2027-06-30,Distributors,698099.91,707292.91,544645.16,544645.16,3536463.53,2085.0,2723223.81,159.0,153454.75,162647.75,6259687.34,Medium
548,2027 Q3,2027-09-30,Distributors,631978.51,642251.51,480862.83,480862.83,3211257.55,1934.0,2404316.14,147.0,151115.68,161388.68,5615573.6899999995,Medium
548,2027 Q4,2027-12-31,Distributors,755017.52,764959.52,585649.46,585649.46,3824796.58,1934.0,2928248.31,147.0,169368.06000000006,179310.06000000006,6753044.890000001,Medium
548,2028 Q1,2028-03-31,Distributors,774026.61,774026.61,603527.55,603527.55,3870133.07,1934.0,3017635.75,148.0,170499.05999999994,170499.05999999994,6887768.82,Medium
548,2028 Q2,2028-06-30,Distributors,722316.77,722316.77,571223.36,571224.36,3611584.81,1935.0,2856119.84,149.0,151093.41000000003,151092.41000000003,6467704.65,Medium
548,2028 Q3,2028-09-30,Distributors,637183.8,637183.8,480516.4,480516.4,3185917.0,1931.0,2402583.99,147.0,156667.40000000002,156667.40000000002,5588500.99,Medium
684,2027 Q2,2027-06-30,Importer,0.0,0.0,0.0,0.0,1041769.4,177.0,0.0,0.0,0.0,0.0,1041769.4,Medium
684,2027 Q3,2027-09-30,Importer,0.0,0.0,0.0,0.0,944727.17,164.0,0.0,0.0,0.0,0.0,944727.17,Medium
684,2027 Q4,2027-12-31,Importer,0.0,0.0,0.0,0.0,1082406.83,163.0,0.0,0.0,0.0,0.0,1082406.83,Medium
684,2028 Q1,2028-03-31,Importer,0.0,0.0,0.0,0.0,1097291.71,164.0,0.0,0.0,0.0,0.0,1097291.71,Medium
684,2028 Q2,2028-06-30,Importer,0.0,0.0,0.0,0.0,1041169.73,163.0,0.0,0.0,0.0,0.0,1041169.73,Medium
684,2028 Q3,2028-09-30,Importer,0.0,0.0,0.0,0.0,913693.08,161.0,0.0,0.0,0.0,0.0,913693.08,Medium
541,2027 Q2,2027-06-30,Distributors,855810.97,855810.97,620264.0,620265.0,4279054.87,2204.0,3101323.0,157.0,235546.96999999997,235545.96999999997,7380377.87,Large
541,2027 Q3,2027-09-30,Distributors,776477.73,776477.73,561173.0,561173.0,3882389.63,2046.0,2805865.0,146.0,215304.72999999998,215304.72999999998,6688254.63,Large
541,2027 Q4,2027-12-31,Distributors,951006.38,963522.38,708265.27,708265.27,4817613.87,2046.0,3541324.38,148.0,242741.11,255257.11,8358938.25,Large
541,2028 Q1,2028-03-31,Distributors,953647.26,965218.26,713871.0,713871.0,4826091.28,2046.0,3569355.0,146.0,239776.26,251347.26,8395446.280000001,Large
541,2028 Q2,2028-06-30,Distributors,872432.12,872432.12,642847.21,642847.21,4362159.58,2045.0,3214234.06,147.0,229584.91000000003,229584.91000000003,7576393.640000001,Large
541,2028 Q3,2028-09-30,Distributors,809672.19,809672.19,585381.0,585381.0,4048361.95,2044.0,2926904.0,146.0,224291.18999999994,224291.18999999994,6975265.95,Large
550,2027 Q2,2027-06-30,Distributors,541227.17,615721.17,455948.09,455948.09,3078605.84,1373.0,2279739.43,158.0,85279.08000000002,159773.08000000002,5358345.27,Medium
550,2027 Q3,2027-09-30,Distributors,491949.24,564121.24,413645.73,413645.73,2820608.19,1276.0,2068230.66,147.0,78303.51000000001,150475.51,4888838.85,Medium
550,2027 Q4,2027-12-31,Distributors,622250.64,704667.64,522173.49,522173.49,3523339.21,1275.0,2610866.47,148.0,100077.15000000002,182494.15000000002,6134205.68,Medium
550,2028 Q1,2028-03-31,Distributors,625448.79,717139.79,538111.34,538111.34,3585697.93,1276.0,2690557.72,147.0,87337.45000000007,179028.45000000007,6276255.65,Medium
550,2028 Q2,2028-06-30,Distributors,637552.99,637552.99,469650.23,469650.23,3187763.01,1277.0,2348251.13,148.0,167902.76,167902.76,5536014.14,Medium
550,2028 Q3,2028-09-30,Distributors,600529.98,600529.98,439138.1,439138.1,3002650.89,1275.0,2195688.51,147.0,161391.88,161391.88,5198339.4,Medium
539,2027 Q2,2027-06-30,Distributors,579595.22,579595.22,395080.02,395081.02,2897977.1,1084.0,1975403.1,145.0,184515.19999999995,184514.19999999995,4873380.2,Small
539,2027 Q3,2027-09-30,Distributors,510872.08,510872.08,345422.84,345422.84,2554359.38,1006.0,1727115.2,134.0,165449.24,165449.24,4281474.58,Small
539,2027 Q4,2027-12-31,Distributors,643635.43,643635.43,439229.01,439229.01,3218175.13,1006.0,2196146.05,135.0,204406.42000000004,204406.42000000004,5414321.18,Small
539,2028 Q1,2028-03-31,Distributors,648216.32,648216.32,447626.37,447626.37,3241083.61,1005.0,2238129.86,135.0,200589.94999999995,200589.94999999995,5479213.47,Small
539,2028 Q2,2028-06-30,Distributors,565708.71,565708.71,388879.42,388878.42,2828544.59,1007.0,1944394.07,136.0,176829.28999999998,176830.28999999998,4772938.66,Small
539,2028 Q3,2028-09-30,Distributors,515793.94,515793.94,351560.16,351560.16,2578969.68,1004.0,1757798.8,134.0,164233.78000000003,164233.78000000003,4336768.48,Small
560,2027 Q2,2027-06-30,Distributors,311150.71,315562.71,231091.01,231091.01,1577812.54,897.0,1155455.04,146.0,80059.70000000001,84471.70000000001,2733267.58,Small
560,2027 Q3,2027-09-30,Distributors,277475.44,282561.44,208078.57,208078.57,1412805.22,833.0,1040390.83,135.0,69396.87,74482.87,2453196.05,Small
560,2027 Q4,2027-12-31,Distributors,331176.03,343768.03,250237.0,250237.0,1718839.13,834.0,1251183.0,133.0,80939.03000000003,93531.03000000003,2970022.13,Small
560,2028 Q1,2028-03-31,Distributors,342187.58,349522.58,257028.46,257028.46,1747611.91,833.0,1285140.29,134.0,85159.12000000002,92494.12000000002,3032752.2,Small
560,2028 Q2,2028-06-30,Distributors,308469.07,308469.07,224696.0,224696.0,1542344.37,833.0,1123478.0,133.0,83773.07,83773.07,2665822.37,Small
560,2028 Q3,2028-09-30,Distributors,297047.89,297047.89,215912.44,215912.44,1485239.46,833.0,1079562.22,134.0,81135.45000000001,81135.45000000001,2564801.6799999997,Small
571,2027 Q2,2027-06-30,Distributors,755524.83,767028.83,599760.0,599760.0,3835143.14,2231.0,2998798.0,157.0,155764.82999999996,167268.82999999996,6833941.140000001,Large
571,2027 Q3,2027-09-30,Distributors,676595.8,685504.8,538312.33,538312.33,3427521.98,2071.0,2691559.63,148.0,138283.4700000001,147192.4700000001,6119081.609999999,Large
571,2027 Q4,2027-12-31,Distributors,897520.04,897520.04,716156.44,716156.44,4487600.2,2072.0,3580781.2,147.0,181363.6000000001,181363.6000000001,8068381.4,Large
571,2028 Q1,2028-03-31,Distributors,870819.42,870819.42,691280.0,691280.0,4354097.11,2071.0,3456401.0,146.0,179539.42000000004,179539.42000000004,7810498.11,Large
571,2028 Q2,2028-06-30,Distributors,743979.83,743979.83,579084.53,579084.53,3719900.14,2071.0,2895423.67,147.0,164895.29999999993,164895.29999999993,6615323.8100000005,Large
571,2028 Q3,2028-09-30,Distributors,710069.5,710069.5,554858.12,554858.12,3550348.48,2070.0,2774290.6,147.0,155211.38,155211.38,6324639.08,Large
540,2027 Q2,2027-06-30,Distributors,324104.54,324104.54,265003.19,265003.19,1620523.71,981.0,1325014.96,158.0,59101.34999999998,59101.34999999998,2945538.67,Small
540,2027 Q3,2027-09-30,Distributors,292928.63,297086.63,245100.0,245100.0,1485432.16,912.0,1225502.0,148.0,47828.630000000005,51986.630000000005,2710934.16,Small
540,2027 Q4,2027-12-31,Distributors,370942.53,370942.53,304907.3,304907.3,1854713.65,912.0,1524537.49,148.0,66035.23000000004,66035.23000000004,3379251.1399999997,Small
540,2028 Q1,2028-03-31,Distributors,371104.61,376373.61,306947.18,306947.18,1881869.03,911.0,1534733.91,147.0,64157.42999999999,69426.43,3416602.94,Small
540,2028 Q2,2028-06-30,Distributors,330083.61,330083.61,268992.7,268992.7,1650416.08,912.0,1344965.5,147.0,61090.909999999974,61090.909999999974,2995381.58,Small
540,2028 Q3,2028-09-30,Distributors,301874.78,301874.78,246981.79,246981.79,1509375.88,911.0,1234907.97,148.0,54892.99000000002,54892.99000000002,2744283.8499999996,Small
558,2027 Q2,2027-06-30,Distributors,601506.73,601506.73,454015.52,454015.52,3007535.63,1919.0,2270079.58,158.0,147491.20999999996,147491.20999999996,5277615.21,Small
558,2027 Q3,2027-09-30,Distributors,543767.97,543768.97,409649.76,409649.76,2718842.83,1782.0,2048247.79,148.0,134118.20999999996,134119.20999999996,4767090.62,Small
558,2027 Q4,2027-12-31,Distributors,653770.43,653770.43,496095.63,496095.63,3268850.16,1782.0,2480479.15,148.0,157674.80000000005,157674.80000000005,5749329.3100000005,Small
558,2028 Q1,2028-03-31,Distributors,662991.61,662991.61,506822.28,506822.28,3314957.07,1782.0,2534111.4,147.0,156169.32999999996,156169.32999999996,5849068.47,Small
558,2028 Q2,2028-06-30,Distributors,613617.62,613617.62,464140.66,464140.66,3068089.12,1783.0,2320705.3,147.0,149476.96000000002,149476.96000000002,5388794.42,Small
558,2028 Q3,2028-09-30,Distributors,554194.09,554194.09,414673.03,414673.03,2770968.46,1783.0,2073363.16,147.0,139521.05999999994,139521.05999999994,4844331.62,Small
686,2027 Q2,2027-06-30,Importer,0.0,0.0,0.0,0.0,740834.92,569.0,0.0,0.0,0.0,0.0,740834.92,Small
686,2027 Q3,2027-09-30,Importer,0.0,0.0,0.0,0.0,711987.03,528.0,0.0,0.0,0.0,0.0,711987.03,Small
686,2027 Q4,2027-12-31,Importer,0.0,0.0,0.0,0.0,797056.47,527.0,0.0,0.0,0.0,0.0,797056.47,Small
686,2028 Q1,2028-03-31,Importer,0.0,0.0,0.0,0.0,760606.57,528.0,0.0,0.0,0.0,0.0,760606.57,Small
686,2028 Q2,2028-06-30,Importer,0.0,0.0,0.0,0.0,733787.78,527.0,0.0,0.0,0.0,0.0,733787.78,Small
686,2028 Q3,2028-09-30,Importer,0.0,0.0,0.0,0.0,704330.65,526.0,0.0,0.0,0.0,0.0,704330.65,Small
538,2027 Q2,2027-06-30,Distributors,630743.42,630743.42,464944.0,464944.0,3153715.09,2005.0,2324718.0,157.0,165799.42000000004,165799.42000000004,5478433.09,Medium
538,2027 Q3,2027-09-30,Distributors,572166.33,572166.33,418046.0,418046.0,2860832.63,1859.0,2090230.0,146.0,154120.32999999996,154120.32999999996,4951062.63,Medium
538,2027 Q4,2027-12-31,Distributors,708616.41,708616.41,528899.0,528899.0,3543080.05,1859.0,2644497.0,146.0,179717.41000000003,179717.41000000003,6187577.05,Medium
538,2028 Q1,2028-03-31,Distributors,734828.8,734828.8,556259.0,556259.0,3674145.02,1859.0,2781297.0,146.0,178569.80000000005,178569.80000000005,6455442.02,Medium
538,2028 Q2,2028-06-30,Distributors,662132.9,662131.9,491968.16,491968.16,3310661.51,1860.0,2459840.78,147.0,170164.74000000005,170163.74000000005,5770502.289999999,Medium
538,2028 Q3,2028-09-30,Distributors,617307.41,617307.41,464328.46,464328.46,3086538.03,1856.0,2321640.3,147.0,152978.95,152978.95,5408178.33,Medium
545,2027 Q2,2027-06-30,Distributors,624873.77,624873.77,402903.0,402903.0,3124366.84,1872.0,2014515.0,143.0,221970.77000000002,221970.77000000002,5138881.84,Medium
545,2027 Q3,2027-09-30,Distributors,573688.31,573688.31,365156.0,365156.0,2868442.57,1736.0,1825782.0,133.0,208532.31000000006,208532.31000000006,4694224.57,Medium
545,2027 Q4,2027-12-31,Distributors,685566.41,693188.41,461485.19,461485.19,3465942.04,1736.0,2307423.95,135.0,224081.22000000003,231703.22000000003,5773365.99,Medium
545,2028 Q1,2028-03-31,Distributors,673721.9,673721.9,443282.0,443282.0,3368611.54,1737.0,2216408.0,133.0,230439.90000000002,230439.90000000002,5585019.54,Medium
545,2028 Q2,2028-06-30,Distributors,641614.21,641614.21,417755.0,417755.0,3208073.03,1736.0,2088773.0,133.0,223859.20999999996,223859.20999999996,5296846.029999999,Medium
545,2028 Q3,2028-09-30,Distributors,569335.72,569335.72,367341.0,367341.0,2846679.6,1735.0,1836707.0,133.0,201994.71999999997,201994.71999999997,4683386.6,Medium
565,2027 Q2,2027-06-30,Distributors,625613.46,637078.46,510374.25,510374.25,3185391.3,1895.0,2551872.26,159.0,115239.20999999996,126704.20999999996,5737263.56,Medium
565,2027 Q3,2027-09-30,Distributors,558831.28,567340.28,454045.26,454045.26,2836701.42,1759.0,2270224.28,148.0,104786.02000000002,113295.02000000002,5106925.699999999,Medium
565,2027 Q4,2027-12-31,Distributors,676538.43,688932.43,552907.3,552907.3,3444663.16,1759.0,2764537.52,147.0,123631.13,136025.13,6209200.68,Medium
565,2028 Q1,2028-03-31,Distributors,720738.41,720738.41,582111.94,582111.94,3603694.04,1759.0,2910558.68,147.0,138626.4700000001,138626.4700000001,6514252.720000001,Medium
565,2028 Q2,2028-06-30,Distributors,624486.78,624486.78,496401.29,496401.29,3122432.88,1759.0,2482007.46,147.0,128085.49000000005,128085.49000000005,5604440.34,Medium
565,2028 Q3,2028-09-30,Distributors,580170.02,580171.02,462781.75,462780.75,2900853.1,1759.0,2313905.71,148.0,117388.27000000002,117390.27000000002,5214758.8100000005,Medium
689,2027 Q2,2027-06-30,Importer,0.0,0.0,0.0,0.0,745722.35,423.0,0.0,0.0,0.0,0.0,745722.35,Small
689,2027 Q3,2027-09-30,Importer,0.0,0.0,0.0,0.0,706374.56,390.0,0.0,0.0,0.0,0.0,706374.56,Small
689,2027 Q4,2027-12-31,Importer,0.0,0.0,0.0,0.0,915185.48,390.0,0.0,0.0,0.0,0.0,915185.48,Small
689,2028 Q1,2028-03-31,Importer,0.0,0.0,0.0,0.0,914453.7,390.0,0.0,0.0,0.0,0.0,914453.7,Small
689,2028 Q2,2028-06-30,Importer,0.0,0.0,0.0,0.0,732427.51,390.0,0.0,0.0,0.0,0.0,732427.51,Small
689,2028 Q3,2028-09-30,Importer,0.0,0.0,0.0,0.0,692247.51,387.0,0.0,0.0,0.0,0.0,692247.51,Small
567,2027 Q2,2027-06-30,Distributors,742740.23,742740.23,519256.0,519256.0,3713700.18,1844.0,2596279.0,157.0,223484.22999999998,223484.22999999998,6309979.18,Large
567,2027 Q3,2027-09-30,Distributors,674403.88,674403.88,473751.76,473751.76,3372020.42,1711.0,2368758.78,147.0,200652.12,200652.12,5740779.199999999,Large
567,2027 Q4,2027-12-31,Distributors,831161.8,831162.8,583037.0,583037.0,4155811.98,1710.0,2915186.0,146.0,248124.80000000005,248125.80000000005,7070997.98,Large
567,2028 Q1,2028-03-31,Distributors,833918.7,833918.7,594551.87,594551.87,4169594.48,1710.0,2972759.35,147.0,239366.82999999996,239366.82999999996,7142353.83,Large
567,2028 Q2,2028-06-30,Distributors,772950.53,772951.53,536903.0,536903.0,3864755.64,1714.0,2684517.0,146.0,236047.53000000003,236048.53000000003,6549272.640000001,Large
567,2028 Q3,2028-09-30,Distributors,703543.09,703543.09,494819.0,494819.0,3517714.47,1708.0,2474093.0,146.0,208724.08999999997,208724.08999999997,5991807.470000001,Large
536,2027 Q2,2027-06-30,Distributors,330671.8,330671.8,205283.87,205283.87,1653361.04,1050.0,1026418.33,158.0,125387.93,125387.93,2679779.37,Small
536,2027 Q3,2027-09-30,Distributors,285111.58,285112.58,168979.11,168979.11,1425560.88,973.0,844894.56,148.0,116132.47000000003,116133.47000000003,2270455.44,Small
536,2027 Q4,2027-12-31,Distributors,344741.69,344741.69,209581.83,209581.83,1723710.47,972.0,1047910.13,147.0,135159.86000000002,135159.86000000002,2771620.6,Small
536,2028 Q1,2028-03-31,Distributors,356469.19,356469.19,229048.82,229048.82,1782346.96,972.0,1145245.08,147.0,127420.37,127420.37,2927592.04,Small
536,2028 Q2,2028-06-30,Distributors,332605.7,332605.7,207324.66,207324.66,1663030.53,974.0,1036622.3,147.0,125281.04000000001,125281.04000000001,2699652.83,Small
536,2028 Q3,2028-09-30,Distributors,298551.16,298551.16,182176.9,182176.9,1492755.8,969.0,910884.49,147.0,116374.25999999998,116374.25999999998,2403640.29,Small
563,2027 Q2,2027-06-30,Distributors,315136.36,315136.36,269588.58,269588.58,1575679.79,940.0,1347940.87,145.0,45547.77999999997,45547.77999999997,2923620.66,Small
563,2027 Q3,2027-09-30,Distributors,279500.35,279500.35,239724.69,239724.69,1397502.76,872.0,1198625.47,134.0,39775.659999999974,39775.659999999974,2596128.23,Small
563,2027 Q4,2027-12-31,Distributors,328535.29,328535.29,282194.7,282194.7,1642674.47,872.0,1410973.5,134.0,46340.58999999997,46340.58999999997,3053647.9699999997,Small
563,2028 Q1,2028-03-31,Distributors,332677.15,337730.15,290120.18,290120.18,1688649.74,872.0,1450601.89,135.0,42556.97000000003,47609.97000000003,3139251.63,Small
563,2028 Q2,2028-06-30,Distributors,305998.9,305998.9,262202.06,262202.06,1529995.46,873.0,1311011.32,136.0,43796.840000000026,43796.840000000026,2841006.7800000003,Small
563,2028 Q3,2028-09-30,Distributors,301643.07,301643.07,257157.11,257157.11,1508213.33,872.0,1285783.53,134.0,44485.96000000002,44485.96000000002,2793996.8600000003,Small
543,2027 Q2,2027-06-30,Distributors,452317.84,452317.84,329016.5,329016.5,2261591.21,1149.0,1645084.54,145.0,123301.34000000003,123301.34000000003,3906675.75,Small
543,2027 Q3,2027-09-30,Distributors,423346.39,423346.39,309071.78,309071.78,2116730.97,1068.0,1545360.93,136.0,114274.60999999999,114274.60999999999,3662091.9000000004,Small
543,2027 Q4,2027-12-31,Distributors,488437.56,488437.56,359276.83,359276.83,2442188.82,1067.0,1796383.16,135.0,129160.72999999998,129160.72999999998,4238571.9799999995,Small
543,2028 Q1,2028-03-31,Distributors,494158.01,494158.01,365019.28,365019.28,2470790.06,1067.0,1825094.39,134.0,129138.72999999998,129138.72999999998,4295884.45,Small
543,2028 Q2,2028-06-30,Distributors,453896.97,453896.97,325296.65,325296.65,2269485.87,1071.0,1626484.26,134.0,128600.31999999995,128600.31999999995,3895970.13,Small
543,2028 Q3,2028-09-30,Distributors,415965.24,415965.24,300830.61,300830.61,2079824.22,1068.0,1504154.07,134.0,115134.63,115134.63,3583978.29,Small
544,2027 Q2,2027-06-30,Distributors,145529.24,145529.24,103444.28,103444.28,727646.21,449.0,517221.38,144.0,42084.95999999999,42084.95999999999,1244867.5899999999,Small
544,2027 Q3,2027-09-30,Distributors,128028.48,128028.48,89442.53,89442.53,640141.41,418.0,447211.64,135.0,38585.95,38585.95,1087353.05,Small
544,2027 Q4,2027-12-31,Distributors,185014.03,187544.03,128985.91,128985.91,937719.19,418.0,644929.54,135.0,56028.119999999995,58558.119999999995,1582648.73,Small
544,2028 Q1,2028-03-31,Distributors,173569.01,175842.01,128421.4,128421.4,879211.02,418.0,642104.98,135.0,45147.610000000015,47420.610000000015,1521316.0,Small
544,2028 Q2,2028-06-30,Distributors,145437.36,145437.36,102734.72,102734.72,727187.78,417.0,513675.62,134.0,42702.639999999985,42702.639999999985,1240863.4,Small
544,2028 Q3,2028-09-30,Distributors,133266.7,133266.7,94631.22,94631.22,666333.49,418.0,473156.11,134.0,38635.48000000001,38635.48000000001,1139489.6,Small
673,2027 Q2,2027-06-30,Importer,0.0,0.0,0.0,0.0,1601663.0,583.0,0.0,0.0,0.0,0.0,1601663.0,Medium
673,2027 Q3,2027-09-30,Importer,0.0,0.0,0.0,0.0,1370407.66,541.0,0.0,0.0,0.0,0.0,1370407.66,Medium
673,2027 Q4,2027-12-31,Importer,0.0,0.0,0.0,0.0,1424341.23,540.0,0.0,0.0,0.0,0.0,1424341.23,Medium
673,2028 Q1,2028-03-31,Importer,0.0,0.0,0.0,0.0,1521962.41,540.0,0.0,0.0,0.0,0.0,1521962.41,Medium
673,2028 Q2,2028-06-30,Importer,0.0,0.0,0.0,0.0,1596634.58,540.0,0.0,0.0,0.0,0.0,1596634.58,Medium
673,2028 Q3,2028-09-30,Importer,0.0,0.0,0.0,0.0,1420678.74,539.0,0.0,0.0,0.0,0.0,1420678.74,Medium
675,2027 Q2,2027-06-30,Importer,0.0,0.0,0.0,0.0,647738.07,510.0,0.0,0.0,0.0,0.0,647738.07,Small
675,2027 Q3,2027-09-30,Importer,0.0,0.0,0.0,0.0,580569.69,472.0,0.0,0.0,0.0,0.0,580569.69,Small
675,2027 Q4,2027-12-31,Importer,0.0,0.0,0.0,0.0,695258.34,473.0,0.0,0.0,0.0,0.0,695258.34,Small
675,2028 Q1,2028-03-31,Importer,0.0,0.0,0.0,0.0,701337.25,473.0,0.0,0.0,0.0,0.0,701337.25,Small
675,2028 Q2,2028-06-30,Importer,0.0,0.0,0.0,0.0,664850.93,472.0,0.0,0.0,0.0,0.0,664850.93,Small
675,2028 Q3,2028-09-30,Importer,0.0,0.0,0.0,0.0,651463.09,471.0,0.0,0.0,0.0,0.0,651463.09,Small
570,2027 Q2,2027-06-30,Distributors,621575.53,621575.53,406919.05,406919.05,3107878.64,1895.0,2034594.26,160.0,214656.48000000004,214656.48000000004,5142472.9,Small
570,2027 Q3,2027-09-30,Distributors,548322.94,548322.94,349229.79,349229.79,2741616.72,1759.0,1746146.94,148.0,199093.14999999997,199093.14999999997,4487763.66,Small
570,2027 Q4,2027-12-31,Distributors,668807.48,668807.48,435781.61,435780.61,3344039.39,1759.0,2178905.04,149.0,233025.87,233026.87,5522944.43,Small
570,2028 Q1,2028-03-31,Distributors,678085.98,678085.98,449472.91,449472.91,3390428.86,1759.0,2247365.56,148.0,228613.07,228613.07,5637794.42,Small
570,2028 Q2,2028-06-30,Distributors,622735.7,622735.7,403729.33,403729.33,3113679.45,1760.0,2018647.67,149.0,219006.36999999994,219006.36999999994,5132327.12,Small
570,2028 Q3,2028-09-30,Distributors,582944.74,582944.74,375082.24,375082.24,2914723.68,1759.0,1875409.22,149.0,207862.5,207862.5,4790132.9,Small
566,2027 Q2,2027-06-30,Distributors,184239.42,256402.42,177494.0,177494.0,1282014.1,789.0,887470.0,157.0,6745.420000000013,78908.42000000001,2169484.1,Small
566,2027 Q3,2027-09-30,Distributors,121076.65,225424.65,154688.0,154688.0,1127123.25,732.0,773441.0,146.0,-33611.350000000006,70736.65,1900564.25,Small
566,2027 Q4,2027-12-31,Distributors,158534.75,276083.75,193017.92,193017.92,1380420.73,732.0,965090.58,147.0,-34483.17000000001,83065.82999999999,2345511.31,Small
566,2028 Q1,2028-03-31,Distributors,230882.97,293277.97,206809.0,206809.0,1466389.87,732.0,1034047.0,146.0,24073.97,86468.96999999997,2500436.87,Small
566,2028 Q2,2028-06-30,Distributors,272736.64,276042.64,193059.46,193059.46,1380213.22,732.0,965297.27,148.0,79677.18000000002,82983.18000000002,2345510.49,Small
566,2028 Q3,2028-09-30,Distributors,239411.59,244280.59,167592.83,167592.83,1221402.91,732.0,837964.13,147.0,71818.76000000001,76687.76000000001,2059367.04,Small
549,2027 Q2,2027-06-30,Distributors,125540.53,185644.53,163921.6,163921.6,928223.64,579.0,819609.0,130.0,-38381.07000000001,21722.929999999993,1747832.6400000001,Small
549,2027 Q3,2027-09-30,Distributors,110940.95,153744.95,135612.15,135612.15,768723.71,538.0,678061.73,121.0,-24671.199999999997,18132.800000000017,1446785.44,Small
549,2027 Q4,2027-12-31,Distributors,149642.53,208772.53,182810.37,182810.37,1043864.63,537.0,914050.87,121.0,-33167.84,25962.160000000003,1957915.5,Small
549,2028 Q1,2028-03-31,Distributors,152857.92,225047.92,199334.61,199334.61,1125238.6,538.0,996673.06,122.0,-46476.68999999997,25713.310000000027,2121911.66,Small
549,2028 Q2,2028-06-30,Distributors,203564.48,206529.48,173734.36,173734.36,1032649.44,538.0,868669.8,121.0,29830.120000000024,32795.120000000024,1901319.24,Small
549,2028 Q3,2028-09-30,Distributors,165619.83,168990.83,146983.09,146983.09,844954.16,537.0,734917.47,121.0,18636.73999999999,22007.73999999999,1579871.63,Small
533,2027 Q2,2027-06-30,Distributors,565405.21,652762.21,425090.76,425090.76,3263812.07,1812.0,2125454.83,159.0,140314.44999999995,227671.44999999995,5389266.9,Medium
533,2027 Q3,2027-09-30,Distributors,511799.44,589408.44,377989.3,377989.3,2947040.2,1681.0,1889947.51,147.0,133810.14,211419.13999999996,4836987.71,Medium
533,2027 Q4,2027-12-31,Distributors,544360.06,715309.06,468187.03,468187.03,3576547.31,1681.0,2340935.13,148.0,76173.03000000003,247122.03000000003,5917482.4399999995,Medium
533,2028 Q1,2028-03-31,Distributors,604130.36,719173.36,480983.89,480983.89,3595866.8,1681.0,2404921.41,149.0,123146.46999999997,238189.46999999997,6000788.21,Medium
533,2028 Q2,2028-06-30,Distributors,661558.87,661558.87,422702.6,422702.6,3307795.37,1683.0,2113512.01,147.0,238856.27000000002,238856.27000000002,5421307.38,Medium
533,2028 Q3,2028-09-30,Distributors,623461.57,623461.57,400937.93,400937.93,3117306.84,1680.0,2004691.63,148.0,222523.63999999996,222523.63999999996,5121998.47,Medium
692,2027 Q2,2027-06-30,Importer,0.0,0.0,0.0,0.0,6135137.45,715.0,0.0,0.0,0.0,0.0,6135137.45,Large
692,2027 Q3,2027-09-30,Importer,0.0,0.0,0.0,0.0,5664149.0,665.0,0.0,0.0,0.0,0.0,5664149.0,Large
692,2027 Q4,2027-12-31,Importer,0.0,0.0,0.0,0.0,7236104.25,664.0,0.0,0.0,0.0,0.0,7236104.25,Large
692,2028 Q1,2028-03-31,Importer,0.0,0.0,0.0,0.0,7284697.58,664.0,0.0,0.0,0.0,0.0,7284697.58,Large
692,2028 Q2,2028-06-30,Importer,0.0,0.0,0.0,0.0,6179535.19,664.0,0.0,0.0,0.0,0.0,6179535.19,Large
692,2028 Q3,2028-09-30,Importer,0.0,0.0,0.0,0.0,5886149.17,664.0,0.0,0.0,0.0,0.0,5886149.17,Large
555,2027 Q2,2027-06-30,Distributors,255848.87,255848.87,172019.99,172019.99,1279243.33,538.0,860098.95,132.0,83828.88,83828.88,2139342.2800000003,Small
555,2027 Q3,2027-09-30,Distributors,218789.55,218790.55,148360.0,148360.0,1093950.77,498.0,741802.0,120.0,70429.54999999999,70430.54999999999,1835752.77,Small
555,2027 Q4,2027-12-31,Distributors,288448.72,288448.72,200056.86,200056.86,1442243.59,498.0,1000286.28,121.0,88391.85999999999,88391.85999999999,2442529.87,Small
555,2028 Q1,2028-03-31,Distributors,304631.22,304631.22,215769.32,215769.32,1523154.09,499.0,1078848.6,121.0,88861.89999999997,88861.89999999997,2602002.6900000004,Small
555,2028 Q2,2028-06-30,Distributors,264516.39,264516.39,175958.0,175958.0,1322581.04,499.0,879791.0,120.0,88558.39000000001,88558.39000000001,2202372.04,Small
555,2028 Q3,2028-09-30,Distributors,235966.76,235965.76,159176.43,159176.43,1179830.79,497.0,795881.15,122.0,76790.33000000002,76789.33000000002,1975711.94,Small
554,2027 Q2,2027-06-30,Distributors,313374.43,353275.43,230319.0,230319.0,1766378.16,1013.0,1151596.0,157.0,83055.43,122956.43,2917974.16,Small
554,2027 Q3,2027-09-30,Distributors,285565.05,318344.05,211996.54,211996.54,1591722.24,940.0,1059980.7,148.0,73568.50999999998,106347.50999999998,2651702.94,Small
554,2027 Q4,2027-12-31,Distributors,340539.76,392178.76,261337.25,261337.25,1960895.81,941.0,1306684.22,148.0,79202.51000000001,130841.51000000001,3267580.0300000003,Small
554,2028 Q1,2028-03-31,Distributors,359912.3,415597.3,275031.0,275031.0,2077987.51,940.0,1375155.0,146.0,84881.29999999999,140566.3,3453142.51,Small
554,2028 Q2,2028-06-30,Distributors,358868.98,358868.98,237765.13,237765.13,1794344.88,940.0,1188823.66,147.0,121103.84999999998,121103.84999999998,2983168.54,Small
554,2028 Q3,2028-09-30,Distributors,348888.32,348888.32,232509.5,232509.5,1744439.6,940.0,1162546.49,147.0,116378.82,116378.82,2906986.09,Small
682,2027 Q2,2027-06-30,Importer,0.0,0.0,0.0,0.0,988620.05,573.0,0.0,0.0,0.0,0.0,988620.05,Small
682,2027 Q3,2027-09-30,Importer,0.0,0.0,0.0,0.0,916994.45,530.0,0.0,0.0,0.0,0.0,916994.45,Small
682,2027 Q4,2027-12-31,Importer,0.0,0.0,0.0,0.0,1075512.3,531.0,0.0,0.0,0.0,0.0,1075512.3,Small
682,2028 Q1,2028-03-31,Importer,0.0,0.0,0.0,0.0,1053693.57,531.0,0.0,0.0,0.0,0.0,1053693.57,Small
682,2028 Q2,2028-06-30,Importer,0.0,0.0,0.0,0.0,1006310.72,530.0,0.0,0.0,0.0,0.0,1006310.72,Small
682,2028 Q3,2028-09-30,Importer,0.0,0.0,0.0,0.0,974500.62,528.0,0.0,0.0,0.0,0.0,974500.62,Small
537,2027 Q2,2027-06-30,Distributors,606517.55,606517.55,460859.0,460859.0,3032585.74,961.0,2304297.0,143.0,145658.55000000005,145658.55000000005,5336882.74,Medium
537,2027 Q3,2027-09-30,Distributors,541641.69,541641.69,409980.0,409980.0,2708209.47,892.0,2049899.0,133.0,131661.68999999994,131661.68999999994,4758108.470000001,Medium
537,2027 Q4,2027-12-31,Distributors,719080.5,719080.5,549562.0,549562.0,3595402.49,891.0,2747810.0,133.0,169518.5,169518.5,6343212.49,Medium
537,2028 Q1,2028-03-31,Distributors,726369.29,726369.29,561182.0,561182.0,3631846.43,891.0,2805911.0,133.0,165187.29000000004,165187.29000000004,6437757.43,Medium
537,2028 Q2,2028-06-30,Distributors,628325.93,628325.93,472915.0,472915.0,3141630.65,892.0,2364575.0,133.0,155410.93000000005,155410.93000000005,5506205.65,Medium
537,2028 Q3,2028-09-30,Distributors,580752.98,580752.98,442338.39,442337.39,2903762.92,889.0,2211688.93,134.0,138414.58999999997,138415.58999999997,5115451.85,Medium
556,2027 Q2,2027-06-30,Distributors,289083.48,292590.48,236378.22,236378.22,1462954.38,939.0,1181889.09,160.0,52705.25999999998,56212.25999999998,2644843.4699999997,Small
556,2027 Q3,2027-09-30,Distributors,257926.4,260788.4,208549.88,208549.88,1303943.03,873.0,1042751.42,147.0,49376.51999999999,52238.51999999999,2346694.45,Small
556,2027 Q4,2027-12-31,Distributors,324531.61,329134.61,260519.53,260518.53,1645674.05,872.0,1302594.64,148.0,64012.07999999999,68616.07999999999,2948268.69,Small
556,2028 Q1,2028-03-31,Distributors,329347.44,334696.44,264282.94,264282.94,1673483.22,872.0,1321412.72,148.0,65064.5,70413.5,2994895.94,Small
556,2028 Q2,2028-06-30,Distributors,296686.68,296686.68,236146.99,236146.99,1483431.41,873.0,1180734.93,148.0,60539.69,60539.69,2664166.34,Small
556,2028 Q3,2028-09-30,Distributors,267389.6,267389.6,214084.73,214084.73,1336947.99,872.0,1070425.67,148.0,53304.869999999966,53304.869999999966,2407373.66,Small
542,2027 Q2,2027-06-30,Distributors,197986.86,197986.86,136877.0,136877.0,989933.31,481.0,684383.0,143.0,61109.859999999986,61109.859999999986,1674316.31,Small
542,2027 Q3,2027-09-30,Distributors,175025.57,175025.57,121519.36,121519.36,875125.83,447.0,607594.8,134.0,53506.21000000001,53506.21000000001,1482720.63,Small
542,2027 Q4,2027-12-31,Distributors,205600.34,205600.34,145092.81,145092.81,1028003.69,446.0,725463.05,134.0,60507.53,60507.53,1753466.74,Small
542,2028 Q1,2028-03-31,Distributors,205391.66,207881.66,148377.4,148377.4,1039406.3,447.0,741888.97,135.0,57014.26000000001,59504.26000000001,1781295.27,Small
542,2028 Q2,2028-06-30,Distributors,176461.24,176461.24,121533.0,121533.0,882308.19,446.0,607663.0,133.0,54928.23999999999,54928.23999999999,1489971.19,Small
542,2028 Q3,2028-09-30,Distributors,173980.91,173980.91,118261.49,118261.49,869902.55,445.0,591309.47,134.0,55719.42,55719.42,1461212.02,Small
559,2027 Q2,2027-06-30,Distributors,338137.74,338137.74,256299.76,256299.76,1690689.71,799.0,1281500.79,158.0,81837.97999999998,81837.97999999998,2972190.5,Small
559,2027 Q3,2027-09-30,Distributors,305727.83,305727.83,232885.56,232885.56,1528639.13,742.0,1164426.82,147.0,72842.27000000002,72842.27000000002,2693065.95,Small
559,2027 Q4,2027-12-31,Distributors,350842.37,350842.37,266061.73,266061.73,1754212.83,742.0,1330308.65,147.0,84780.64000000001,84780.64000000001,3084521.48,Small
559,2028 Q1,2028-03-31,Distributors,344778.95,344778.95,272733.19,272733.19,1723893.74,742.0,1363664.94,148.0,72045.76000000001,72045.76000000001,3087558.6799999997,Small
559,2028 Q2,2028-06-30,Distributors,341377.59,341377.59,260409.44,260409.44,1706887.95,743.0,1302046.2,147.0,80968.15000000002,80968.15000000002,3008934.15,Small
559,2028 Q3,2028-09-30,Distributors,288493.92,288493.92,219441.21,219441.21,1442468.58,742.0,1097204.06,147.0,69052.70999999999,69052.70999999999,2539672.64,Small
677,2027 Q2,2027-06-30,Importer,0.0,0.0,0.0,0.0,364308.01,463.0,0.0,0.0,0.0,0.0,364308.01,Small
677,2027 Q3,2027-09-30,Importer,0.0,0.0,0.0,0.0,337766.83,431.0,0.0,0.0,0.0,0.0,337766.83,Small
677,2027 Q4,2027-12-31,Importer,0.0,0.0,0.0,0.0,405641.69,430.0,0.0,0.0,0.0,0.0,405641.69,Small
677,2028 Q1,2028-03-31,Importer,0.0,0.0,0.0,0.0,400059.21,430.0,0.0,0.0,0.0,0.0,400059.21,Small
677,2028 Q2,2028-06-30,Importer,0.0,0.0,0.0,0.0,386374.45,431.0,0.0,0.0,0.0,0.0,386374.45,Small
677,2028 Q3,2028-09-30,Importer,0.0,0.0,0.0,0.0,369172.37,430.0,0.0,0.0,0.0,0.0,369172.37,Small
676,2027 Q2,2027-06-30,Importer,0.0,0.0,0.0,0.0,50490.24,99.0,0.0,0.0,0.0,0.0,50490.24,Small
676,2027 Q3,2027-09-30,Importer,0.0,0.0,0.0,0.0,52287.39,93.0,0.0,0.0,0.0,0.0,52287.39,Small
676,2027 Q4,2027-12-31,Importer,0.0,0.0,0.0,0.0,52876.79,92.0,0.0,0.0,0.0,0.0,52876.79,Small
676,2028 Q1,2028-03-31,Importer,0.0,0.0,0.0,0.0,55641.99,93.0,0.0,0.0,0.0,0.0,55641.99,Small
676,2028 Q2,2028-06-30,Importer,0.0,0.0,0.0,0.0,53563.66,92.0,0.0,0.0,0.0,0.0,53563.66,Small
676,2028 Q3,2028-09-30,Importer,0.0,0.0,0.0,0.0,56016.76,93.0,0.0,0.0,0.0,0.0,56016.76,Small
678,2027 Q2,2027-06-30,Importer,0.0,0.0,0.0,0.0,1033418.07,317.0,0.0,0.0,0.0,0.0,1033418.07,Medium
678,2027 Q3,2027-09-30,Importer,0.0,0.0,0.0,0.0,892897.22,293.0,0.0,0.0,0.0,0.0,892897.22,Medium
678,2027 Q4,2027-12-31,Importer,0.0,0.0,0.0,0.0,1017282.75,294.0,0.0,0.0,0.0,0.0,1017282.75,Medium
678,2028 Q1,2028-03-31,Importer,0.0,0.0,0.0,0.0,1084036.31,293.0,0.0,0.0,0.0,0.0,1084036.31,Medium
678,2028 Q2,2028-06-30,Importer,0.0,0.0,0.0,0.0,1097570.53,293.0,0.0,0.0,0.0,0.0,1097570.53,Medium
678,2028 Q3,2028-09-30,Importer,0.0,0.0,0.0,0.0,927384.41,291.0,0.0,0.0,0.0,0.0,927384.41,Medium
683,2027 Q2,2027-06-30,Importer,0.0,0.0,0.0,0.0,747090.83,254.0,0.0,0.0,0.0,0.0,747090.83,Small
683,2027 Q3,2027-09-30,Importer,0.0,0.0,0.0,0.0,652996.94,236.0,0.0,0.0,0.0,0.0,652996.94,Small
683,2027 Q4,2027-12-31,Importer,0.0,0.0,0.0,0.0,779059.85,235.0,0.0,0.0,0.0,0.0,779059.85,Small
683,2028 Q1,2028-03-31,Importer,0.0,0.0,0.0,0.0,757450.97,235.0,0.0,0.0,0.0,0.0,757450.97,Small
683,2028 Q2,2028-06-30,Importer,0.0,0.0,0.0,0.0,719563.36,235.0,0.0,0.0,0.0,0.0,719563.36,Small
683,2028 Q3,2028-09-30,Importer,0.0,0.0,0.0,0.0,732874.87,236.0,0.0,0.0,0.0,0.0,732874.87,Small
561,2027 Q2,2027-06-30,Distributors,469734.4,469734.4,368744.26,368744.26,2348673.99,995.0,1843721.28,144.0,100990.14000000001,100990.14000000001,4192395.2700000005,Small
561,2027 Q3,2027-09-30,Distributors,401774.61,401774.61,315416.78,315416.78,2008875.03,924.0,1577083.89,135.0,86357.82999999996,86357.82999999996,3585958.92,Small
561,2027 Q4,2027-12-31,Distributors,505614.18,505614.18,398272.43,398272.43,2528070.88,924.0,1991361.13,134.0,107341.75,107341.75,4519432.01,Small
561,2028 Q1,2028-03-31,Distributors,500557.77,500557.77,396040.15,396040.15,2502789.85,924.0,1980199.74,135.0,104517.62,104517.62,4482989.59,Small
561,2028 Q2,2028-06-30,Distributors,438585.59,438585.59,338960.02,338960.02,2192928.93,924.0,1694801.12,134.0,99625.57,99625.57,3887730.0500000003,Small
561,2028 Q3,2028-09-30,Distributors,423021.47,423021.47,326411.76,326411.76,2115109.34,924.0,1632056.81,136.0,96609.70999999996,96609.70999999996,3747166.15,Small
679,2027 Q2,2027-06-30,Importer,0.0,0.0,0.0,0.0,5652857.93,355.0,0.0,0.0,0.0,0.0,5652857.93,Large
679,2027 Q3,2027-09-30,Importer,0.0,0.0,0.0,0.0,5098469.41,329.0,0.0,0.0,0.0,0.0,5098469.41,Large
679,2027 Q4,2027-12-31,Importer,0.0,0.0,0.0,0.0,6787003.61,329.0,0.0,0.0,0.0,0.0,6787003.61,Large
679,2028 Q1,2028-03-31,Importer,0.0,0.0,0.0,0.0,6794185.33,329.0,0.0,0.0,0.0,0.0,6794185.33,Large
679,2028 Q2,2028-06-30,Importer,0.0,0.0,0.0,0.0,5577625.01,329.0,0.0,0.0,0.0,0.0,5577625.01,Large
679,2028 Q3,2028-09-30,Importer,0.0,0.0,0.0,0.0,5282885.99,328.0,0.0,0.0,0.0,0.0,5282885.99,Large
535,2027 Q2,2027-06-30,Distributors,143193.54,160307.54,108207.21,108207.21,801538.7,520.0,541037.06,130.0,34986.33,52100.33,1342575.76,Small
535,2027 Q3,2027-09-30,Distributors,132378.21,150805.21,100446.97,100446.97,754027.04,482.0,502236.83,121.0,31931.23999999999,50358.23999999999,1256263.87,Small
535,2027 Q4,2027-12-31,Distributors,153429.59,171583.59,115811.56,115811.56,857919.95,483.0,579055.82,121.0,37618.03,55772.03,1436975.77,Small
535,2028 Q1,2028-03-31,Distributors,151347.98,173226.98,121116.04000000001,121116.04000000001,866134.88,482.0,605580.21,123.0,30231.940000000002,52110.94,1471715.0899999999,Small
535,2028 Q2,2028-06-30,Distributors,167005.34,167005.34,113071.06,113071.06,835026.72,482.0,565355.32,121.0,53934.28,53934.28,1400382.04,Small
535,2028 Q3,2028-09-30,Distributors,155267.55,155267.55,103033.83,103033.83,776335.76,482.0,515170.19,122.0,52233.71999999999,52233.71999999999,1291505.95,Small
680,2027 Q2,2027-06-30,Importer,0.0,0.0,0.0,0.0,1422121.39,603.0,0.0,0.0,0.0,0.0,1422121.39,Medium
680,2027 Q3,2027-09-30,Importer,0.0,0.0,0.0,0.0,1295971.54,560.0,0.0,0.0,0.0,0.0,1295971.54,Medium
680,2027 Q4,2027-12-31,Importer,0.0,0.0,0.0,0.0,1563012.84,560.0,0.0,0.0,0.0,0.0,1563012.84,Medium
680,2028 Q1,2028-03-31,Importer,0.0,0.0,0.0,0.0,1528314.11,560.0,0.0,0.0,0.0,0.0,1528314.11,Medium
680,2028 Q2,2028-06-30,Importer,0.0,0.0,0.0,0.0,1449459.59,561.0,0.0,0.0,0.0,0.0,1449459.59,Medium
680,2028 Q3,2028-09-30,Importer,0.0,0.0,0.0,0.0,1372256.49,560.0,0.0,0.0,0.0,0.0,1372256.49,Medium
691,2027 Q2,2027-06-30,Importer,0.0,0.0,0.0,0.0,2593710.88,407.0,0.0,0.0,0.0,0.0,2593710.88,Large
691,2027 Q3,2027-09-30,Importer,0.0,0.0,0.0,0.0,2363192.21,378.0,0.0,0.0,0.0,0.0,2363192.21,Large
691,2027 Q4,2027-12-31,Importer,0.0,0.0,0.0,0.0,2896770.54,378.0,0.0,0.0,0.0,0.0,2896770.54,Large
691,2028 Q1,2028-03-31,Importer,0.0,0.0,0.0,0.0,2994242.25,378.0,0.0,0.0,0.0,0.0,2994242.25,Large
691,2028 Q2,2028-06-30,Importer,0.0,0.0,0.0,0.0,2626236.09,379.0,0.0,0.0,0.0,0.0,2626236.09,Large
691,2028 Q3,2028-09-30,Importer,0.0,0.0,0.0,0.0,2473249.76,379.0,0.0,0.0,0.0,0.0,2473249.76,Large
562,2027 Q2,2027-06-30,Distributors,236270.23,236270.23,181294.18,181293.18,1181352.16,505.0,906467.91,159.0,54976.05000000002,54977.05000000002,2087820.0699999998,Small
562,2027 Q3,2027-09-30,Distributors,205567.33,205566.33,155875.7,155875.7,1027833.64,469.0,779379.48,147.0,49691.629999999976,49690.629999999976,1807213.12,Small
562,2027 Q4,2027-12-31,Distributors,270030.36,273297.36,208015.2,208015.2,1366488.8,470.0,1040075.98,148.0,62015.159999999974,65282.159999999974,2406564.7800000003,Small
562,2028 Q1,2028-03-31,Distributors,268968.68,268968.68,206292.18,206292.18,1344842.41,469.0,1031459.89,148.0,62676.5,62676.5,2376302.3,Small
562,2028 Q2,2028-06-30,Distributors,217802.55,217802.55,171147.65,171147.65,1089012.74,470.0,855739.24,148.0,46654.899999999994,46654.899999999994,1944751.98,Small
562,2028 Q3,2028-09-30,Distributors,204148.16,204148.16,153660.22,153660.22,1020738.8,470.0,768300.08,148.0,50487.94,50487.94,1789038.88,Small
681,2027 Q2,2027-06-30,Importer,0.0,0.0,0.0,0.0,185209.19,243.0,0.0,0.0,0.0,0.0,185209.19,Small
681,2027 Q3,2027-09-30,Importer,0.0,0.0,0.0,0.0,166854.11,226.0,0.0,0.0,0.0,0.0,166854.11,Small
681,2027 Q4,2027-12-31,Importer,0.0,0.0,0.0,0.0,223032.63,225.0,0.0,0.0,0.0,0.0,223032.63,Small
681,2028 Q1,2028-03-31,Importer,0.0,0.0,0.0,0.0,208807.9,225.0,0.0,0.0,0.0,0.0,208807.9,Small
681,2028 Q2,2028-06-30,Importer,0.0,0.0,0.0,0.0,190281.32,225.0,0.0,0.0,0.0,0.0,190281.32,Small
681,2028 Q3,2028-09-30,Importer,0.0,0.0,0.0,0.0,185348.96,224.0,0.0,0.0,0.0,0.0,185348.96,Small
674,2027 Q2,2027-06-30,Importer,0.0,0.0,0.0,0.0,166908.38,202.0,0.0,0.0,0.0,0.0,166908.38,Small
674,2027 Q3,2027-09-30,Importer,0.0,0.0,0.0,0.0,155708.14,186.0,0.0,0.0,0.0,0.0,155708.14,Small
674,2027 Q4,2027-12-31,Importer,0.0,0.0,0.0,0.0,184413.79,187.0,0.0,0.0,0.0,0.0,184413.79,Small
674,2028 Q1,2028-03-31,Importer,0.0,0.0,0.0,0.0,183094.77,186.0,0.0,0.0,0.0,0.0,183094.77,Small
674,2028 Q2,2028-06-30,Importer,0.0,0.0,0.0,0.0,171370.73,186.0,0.0,0.0,0.0,0.0,171370.73,Small
674,2028 Q3,2028-09-30,Importer,0.0,0.0,0.0,0.0,162701.96,185.0,0.0,0.0,0.0,0.0,162701.96,Small
685,2027 Q2,2027-06-30,Importer,0.0,0.0,0.0,0.0,670919.96,349.0,0.0,0.0,0.0,0.0,670919.96,Small
685,2027 Q3,2027-09-30,Importer,0.0,0.0,0.0,0.0,578175.31,323.0,0.0,0.0,0.0,0.0,578175.31,Small
685,2027 Q4,2027-12-31,Importer,0.0,0.0,0.0,0.0,690957.63,322.0,0.0,0.0,0.0,0.0,690957.63,Small
685,2028 Q1,2028-03-31,Importer,0.0,0.0,0.0,0.0,699549.31,322.0,0.0,0.0,0.0,0.0,699549.31,Small
685,2028 Q2,2028-06-30,Importer,0.0,0.0,0.0,0.0,659390.36,322.0,0.0,0.0,0.0,0.0,659390.36,Small
685,2028 Q3,2028-09-30,Importer,0.0,0.0,0.0,0.0,630352.65,319.0,0.0,0.0,0.0,0.0,630352.65,Small
690,2027 Q2,2027-06-30,Importer,0.0,0.0,0.0,0.0,359991.85,281.0,0.0,0.0,0.0,0.0,359991.85,Small
690,2027 Q3,2027-09-30,Importer,0.0,0.0,0.0,0.0,325540.92,262.0,0.0,0.0,0.0,0.0,325540.92,Small
690,2027 Q4,2027-12-31,Importer,0.0,0.0,0.0,0.0,392726.51,261.0,0.0,0.0,0.0,0.0,392726.51,Small
690,2028 Q1,2028-03-31,Importer,0.0,0.0,0.0,0.0,377615.0,261.0,0.0,0.0,0.0,0.0,377615.0,Small
690,2028 Q2,2028-06-30,Importer,0.0,0.0,0.0,0.0,356106.23,261.0,0.0,0.0,0.0,0.0,356106.23,Small
690,2028 Q3,2028-09-30,Importer,0.0,0.0,0.0,0.0,361622.93,262.0,0.0,0.0,0.0,0.0,361622.93,Small
687,2027 Q2,2027-06-30,Importer,0.0,0.0,0.0,0.0,1124030.01,198.0,0.0,0.0,0.0,0.0,1124030.01,Medium
687,2027 Q3,2027-09-30,Importer,0.0,0.0,0.0,0.0,988706.8,183.0,0.0,0.0,0.0,0.0,988706.8,Medium
687,2027 Q4,2027-12-31,Importer,0.0,0.0,0.0,0.0,1306559.79,183.0,0.0,0.0,0.0,0.0,1306559.79,Medium
687,2028 Q1,2028-03-31,Importer,0.0,0.0,0.0,0.0,1482311.78,183.0,0.0,0.0,0.0,0.0,1482311.78,Medium
687,2028 Q2,2028-06-30,Importer,0.0,0.0,0.0,0.0,1122456.6,183.0,0.0,0.0,0.0,0.0,1122456.6,Medium
687,2028 Q3,2028-09-30,Importer,0.0,0.0,0.0,0.0,1003741.45,183.0,0.0,0.0,0.0,0.0,1003741.45,Medium
688,2027 Q2,2027-06-30,Importer,0.0,0.0,0.0,0.0,232793.4,160.0,0.0,0.0,0.0,0.0,232793.4,Small
688,2027 Q3,2027-09-30,Importer,0.0,0.0,0.0,0.0,208044.86,148.0,0.0,0.0,0.0,0.0,208044.86,Small
688,2027 Q4,2027-12-31,Importer,0.0,0.0,0.0,0.0,273678.76,147.0,0.0,0.0,0.0,0.0,273678.76,Small
688,2028 Q1,2028-03-31,Importer,0.0,0.0,0.0,0.0,255347.36,147.0,0.0,0.0,0.0,0.0,255347.36,Small
688,2028 Q2,2028-06-30,Importer,0.0,0.0,0.0,0.0,219248.65,147.0,0.0,0.0,0.0,0.0,219248.65,Small
688,2028 Q3,2028-09-30,Importer,0.0,0.0,0.0,0.0,228369.13,146.0,0.0,0.0,0.0,0.0,228369.13,Small
590,2027 Q2,2027-06-30,Food_Processors,2206899.11,2206899.11,1667603.52,1667603.52,11034496.57,743.0,8338019.61,74.0,539295.5899999999,539295.5899999999,19372516.18,Large
590,2027 Q3,2027-09-30,Food_Processors,1973868.76,1973868.76,1494892.94,1494892.94,9869343.78,690.0,7474465.68,69.0,478975.82000000007,478975.82000000007,17343809.46,Large
590,2027 Q4,2027-12-31,Food_Processors,2466377.44,2466378.44,1882909.6,1882909.6,12331890.22,690.0,9414546.03,72.0,583467.8399999999,583468.8399999999,21746436.25,Large
590,2028 Q1,2028-03-31,Food_Processors,2542077.46,2542077.46,1944514.3,1944514.3,12710388.29,690.0,9722573.49,70.0,597563.1599999999,597563.1599999999,22432961.78,Large
590,2028 Q2,2028-06-30,Food_Processors,2250676.31,2250677.31,1684077.09,1684077.09,11253384.54,690.0,8420386.47,69.0,566599.22,566600.22,19673771.009999998,Large
590,2028 Q3,2028-09-30,Food_Processors,2070048.42,2070048.42,1578930.37,1578930.37,10350242.09,690.0,7894650.83,70.0,491118.0499999998,491118.0499999998,18244892.92,Large
586,2027 Q2,2027-06-30,Meat_Processors,965846.97,965846.97,865726.44,865726.44,4829235.86,576.0,4328633.2,48.0,100120.53000000003,100120.53000000003,9157869.06,Large
586,2027 Q3,2027-09-30,Meat_Processors,874176.84,874176.84,775489.16,775489.16,4370883.19,534.0,3877444.81,45.0,98687.67999999993,98687.67999999993,8248328.0,Large
586,2027 Q4,2027-12-31,Meat_Processors,1166698.35,1166698.35,1006453.98,1006453.98,5833490.77,534.0,5032271.9,43.0,160244.3700000001,160244.3700000001,10865762.67,Large
586,2028 Q1,2028-03-31,Meat_Processors,1178386.32,1178386.32,1002267.01,1002267.01,5891933.6,534.0,5011333.05,43.0,176119.31000000006,176119.31000000006,10903266.649999999,Large
586,2028 Q2,2028-06-30,Meat_Processors,957850.16,957850.16,846849.74,846849.74,4789251.78,534.0,4234246.68,45.0,111000.42000000004,111000.42000000004,9023498.46,Large
586,2028 Q3,2028-09-30,Meat_Processors,886280.06,886280.06,798520.22,798520.22,4431398.3,535.0,3992602.14,46.0,87759.84000000008,87759.84000000008,8424000.44,Large
589,2027 Q2,2027-06-30,Food_Processors,1505141.32,1526489.32,1022579.31,1022579.31,7632445.59,645.0,5112898.54,78.0,482562.01,503910.01,12745344.129999999,Large
589,2027 Q3,2027-09-30,Food_Processors,1346456.19,1378114.19,984382.29,984382.29,6890569.95,599.0,4921910.52,74.0,362073.8999999999,393731.8999999999,11812480.469999999,Large
589,2027 Q4,2027-12-31,Food_Processors,1663756.08,1663756.08,1119518.01,1119518.01,8318782.39,599.0,5597590.05,71.0,544238.0700000001,544238.0700000001,13916372.44,Large
589,2028 Q1,2028-03-31,Food_Processors,1714356.64,1733413.64,1228460.37,1228460.37,8667068.23,600.0,6142299.85,72.0,485896.2699999998,504953.2699999998,14809368.08,Large
589,2028 Q2,2028-06-30,Food_Processors,1545402.83,1545402.83,1090702.38,1090702.38,7727016.17,599.0,5453509.88,74.0,454700.4500000002,454700.4500000002,13180526.05,Large
589,2028 Q3,2028-09-30,Food_Processors,1442790.49,1442790.49,966384.2,966384.2,7213951.47,599.0,4831922.99,72.0,476406.29000000004,476406.29000000004,12045874.46,Large
594,2027 Q2,2027-06-30,Food_Processors,2536112.02,2536112.02,1803915.0,1803915.0,12680561.1,1107.0,9019573.04,77.0,732197.02,732197.02,21700134.14,Large
594,2027 Q3,2027-09-30,Food_Processors,2184358.68,2184358.68,1643295.76,1643295.76,10921794.4,1028.0,8216477.79,72.0,541062.9200000002,541062.9200000002,19138272.19,Large
594,2027 Q4,2027-12-31,Food_Processors,2580300.52,2580300.52,1870212.14,1870212.14,12901501.6,1029.0,9351058.65,72.0,710088.3800000001,710088.3800000001,22252560.25,Large
594,2028 Q1,2028-03-31,Food_Processors,2743706.42,2743706.42,1960599.58,1960599.58,13718530.08,1028.0,9802999.9,71.0,783106.8399999999,783106.8399999999,23521529.98,Large
594,2028 Q2,2028-06-30,Food_Processors,2513433.52,2513433.52,1802190.77,1802190.77,12567169.6,1028.0,9010955.9,73.0,711242.75,711242.75,21578125.5,Large
594,2028 Q3,2028-09-30,Food_Processors,2300477.4,2300477.4,1625711.78,1625711.78,11502388.99,1029.0,8128558.87,70.0,674765.6199999999,674765.6199999999,19630947.86,Large
573,2027 Q2,2027-06-30,Meat_Processors,389889.26,389889.26,356409.85,356409.85,1949444.28,169.0,1782048.26,46.0,33479.41000000003,33479.41000000003,3731492.54,Large
573,2027 Q3,2027-09-30,Meat_Processors,340194.19,340194.19,309292.0,309292.0,1700971.95,157.0,1546461.0,42.0,30902.190000000002,30902.190000000002,3247432.95,Large
573,2027 Q4,2027-12-31,Meat_Processors,470680.66,470680.66,421944.5,421944.5,2353404.31,157.0,2109721.5,43.0,48736.159999999974,48736.159999999974,4463125.8100000005,Large
573,2028 Q1,2028-03-31,Meat_Processors,471389.66,471389.66,417317.0,417317.0,2356950.29,157.0,2086586.0,42.0,54072.659999999974,54072.659999999974,4443536.29,Large
573,2028 Q2,2028-06-30,Meat_Processors,381291.05,381291.05,341917.0,341917.0,1906456.25,157.0,1709584.0,42.0,39374.04999999999,39374.04999999999,3616040.25,Large
573,2028 Q3,2028-09-30,Meat_Processors,365589.46,365589.46,341862.43,341862.43,1827947.3,157.0,1709310.17,44.0,23727.030000000028,23727.030000000028,3537257.4699999997,Large
604,2027 Q2,2027-06-30,Food_Processors,5787.82,5787.82,10916.4,10916.4,28939.11,15.0,54583.03,19.0,-5128.58,-5128.58,83522.14,Small
604,2027 Q3,2027-09-30,Food_Processors,4115.3,4115.3,9526.45,9526.45,20578.51,14.0,47630.23,17.0,-5411.150000000001,-5411.150000000001,68208.74,Small
604,2027 Q4,2027-12-31,Food_Processors,5142.03,5201.03,10044.18,10044.18,26005.13,15.0,50219.88,17.0,-4902.150000000001,-4843.150000000001,76225.01,Small
604,2028 Q1,2028-03-31,Food_Processors,6292.57,6413.57,11054.48,11054.48,32067.83,15.0,55270.38,18.0,-4761.91,-4640.91,87338.20999999999,Small
604,2028 Q2,2028-06-30,Food_Processors,6085.6,6085.6,10787.51,10787.51,30426.010000000002,14.0,53939.53,17.0,-4701.91,-4701.91,84365.54000000001,Small
604,2028 Q3,2028-09-30,Food_Processors,4618.08,4618.08,12065.369999999999,12065.369999999999,23089.4,14.0,60325.88,18.0,-7447.289999999999,-7447.289999999999,83415.28,Small
627,2027 Q2,2027-06-30,Livestock_Farmers,2487038.94,2487038.94,21522.0,21522.0,12435196.72,169.0,5754436.0,31.0,2465516.94,2465516.94,18189632.72,Large
627,2027 Q3,2027-09-30,Livestock_Farmers,2360196.67,2360196.67,21522.0,21522.0,11800981.34,157.0,5313656.0,29.0,2338674.67,2338674.67,17114637.34,Large
627,2027 Q4,2027-12-31,Livestock_Farmers,2939774.61,2987558.61,21522.0,21522.0,14937792.07,157.0,6891225.0,29.0,2918252.61,2966036.61,21829017.07,Large
627,2028 Q1,2028-03-31,Livestock_Farmers,3019477.3,3019477.3,21522.0,21522.0,15097384.51,157.0,6965852.0,29.0,2997955.3,2997955.3,22063236.509999998,Large
627,2028 Q2,2028-06-30,Livestock_Farmers,2519304.71,2519304.71,21522.0,21522.0,12596525.56,157.0,5827379.0,29.0,2497782.71,2497782.71,18423904.560000002,Large
627,2028 Q3,2028-09-30,Livestock_Farmers,2410585.13,2410585.13,21522.0,21522.0,12052927.67,157.0,5582544.0,29.0,2389063.13,2389063.13,17635471.67,Large
583,2027 Q2,2027-06-30,Meat_Processors,1194884.32,1194884.32,981972.0,981972.0,5974421.62,491.0,4909860.0,45.0,212912.32000000007,212912.32000000007,10884281.620000001,Large
583,2027 Q3,2027-09-30,Meat_Processors,1071313.8,1071313.8,937609.9,937609.9,5356569.0,456.0,4688051.5,44.0,133703.90000000002,133703.90000000002,10044620.5,Large
583,2027 Q4,2027-12-31,Meat_Processors,1486562.83,1504600.83,1232754.0,1232754.0,7523003.16,456.0,6163772.0,42.0,253808.83000000007,271846.8300000001,13686775.16,Large
583,2028 Q1,2028-03-31,Meat_Processors,1494791.32,1494791.32,1224491.0,1224491.0,7473956.6,456.0,6122454.0,42.0,270300.32000000007,270300.32000000007,13596410.6,Large
583,2028 Q2,2028-06-30,Meat_Processors,1199737.11,1199737.11,1042036.3,1042036.3,5998686.55,456.0,5210181.51,45.0,157700.81000000006,157700.81000000006,11208868.059999999,Large
583,2028 Q3,2028-09-30,Meat_Processors,1126196.41,1126196.41,928116.0,928116.0,5630984.07,456.0,4640581.0,42.0,198080.40999999992,198080.40999999992,10271565.07,Large
609,2027 Q2,2027-06-30,Food_Processors,3519365.71,3565700.71,2188290.56,2188290.56,17828503.53,1066.0,10941452.84,78.0,1331075.15,1377410.15,28769956.37,Large
609,2027 Q3,2027-09-30,Food_Processors,3157064.78,3157064.78,2082671.46,2082671.46,15785324.91,989.0,10413355.3,74.0,1074393.3199999998,1074393.3199999998,26198680.21,Large
609,2027 Q4,2027-12-31,Food_Processors,3866412.56,3866412.56,2405288.58,2405288.58,19332062.78,990.0,12026444.86,73.0,1461123.98,1461123.98,31358507.64,Large
609,2028 Q1,2028-03-31,Food_Processors,3956131.33,3956131.33,2606564.88,2606564.88,19780654.65,990.0,13032826.45,75.0,1349566.4500000002,1349566.4500000002,32813481.099999998,Large
609,2028 Q2,2028-06-30,Food_Processors,3570302.51,3570302.51,2180121.01,2180121.01,17851511.55,989.0,10900604.05,72.0,1390181.5,1390181.5,28752115.6,Large
609,2028 Q3,2028-09-30,Food_Processors,3271920.57,3271920.57,2019989.45,2019989.45,16359600.83,989.0,10099945.27,74.0,1251931.1199999999,1251931.1199999999,26459546.1,Large
633,2027 Q2,2027-06-30,Livestock_Farmers,493046.4,493046.4,24278.0,24278.0,2465232.02,99.0,1232432.0,45.0,468768.4,468768.4,3697664.02,Large
633,2027 Q3,2027-09-30,Livestock_Farmers,418346.07,418346.07,24278.0,24278.0,2091728.35,92.0,1119967.0,42.0,394068.07,394068.07,3211695.35,Large
633,2027 Q4,2027-12-31,Livestock_Farmers,608064.98,608064.98,24278.0,24278.0,3040323.9,92.0,1489381.0,42.0,583786.98,583786.98,4529704.9,Large
633,2028 Q1,2028-03-31,Livestock_Farmers,595580.41,595580.41,24278.0,24278.0,2977904.05,92.0,1641032.78,43.0,571302.41,571302.41,4618936.83,Large
633,2028 Q2,2028-06-30,Livestock_Farmers,462729.25,462729.25,24278.0,24278.0,2313645.27,92.0,1223867.0,42.0,438451.25,438451.25,3537512.27,Large
633,2028 Q3,2028-09-30,Livestock_Farmers,425545.51,425545.51,24278.0,24278.0,2127728.55,92.0,1135443.0,42.0,401267.51,401267.51,3263171.55,Large
592,2027 Q2,2027-06-30,Food_Processors,30711.21,30711.21,34734.12,34734.12,153556.06,15.0,173672.62,19.0,-4022.9100000000035,-4022.9100000000035,327228.68,Medium
592,2027 Q3,2027-09-30,Food_Processors,25465.97,25465.97,35158.32,35158.32,127330.83,14.0,175791.64,18.0,-9692.349999999999,-9692.349999999999,303122.47000000003,Medium
592,2027 Q4,2027-12-31,Food_Processors,27289.56,27289.56,31665.79,31665.79,136449.82,14.0,158330.95,17.0,-4376.23,-4376.23,294780.77,Medium
592,2028 Q1,2028-03-31,Food_Processors,30595.28,30595.28,35210.08,35210.08,152974.41,14.0,176051.41,18.0,-4614.800000000003,-4614.800000000003,329025.82,Medium
592,2028 Q2,2028-06-30,Food_Processors,35818.06,35818.06,38771.46,38771.46,179089.32,14.0,193859.32,18.0,-2953.4000000000015,-2953.4000000000015,372948.64,Medium
592,2028 Q3,2028-09-30,Food_Processors,31152.7,31152.7,35233.06,35233.06,155764.52,14.0,176167.29,18.0,-4080.359999999997,-4080.359999999997,331931.81,Medium
625,2027 Q2,2027-06-30,Livestock_Farmers,59509.81,60475.81,11770.0,11770.0,302377.03,127.0,219461.0,31.0,47739.81,48705.81,521838.03,Medium
625,2027 Q3,2027-09-30,Livestock_Farmers,54498.36,55894.36,11770.0,11770.0,279472.8,118.0,207418.0,29.0,42728.36,44124.36,486890.8,Medium
625,2027 Q4,2027-12-31,Livestock_Farmers,68361.67,71120.67,11770.0,11770.0,355603.33,119.0,247041.0,29.0,56591.67,59350.67,602644.3300000001,Medium
625,2028 Q1,2028-03-31,Livestock_Farmers,67363.42,68785.42,15693.47,15693.47,343929.12,118.0,258623.37,30.0,51669.95,53091.95,602552.49,Medium
625,2028 Q2,2028-06-30,Livestock_Farmers,59130.52,59130.52,11770.0,11770.0,295651.6,118.0,214755.0,29.0,47360.52,47360.52,510406.6,Medium
625,2028 Q3,2028-09-30,Livestock_Farmers,57278.01,57278.01,11770.0,11770.0,286391.06,118.0,210811.0,29.0,45508.01,45508.01,497202.06,Medium
574,2027 Q2,2027-06-30,Meat_Processors,32399.87,41642.87,41383.0,41383.0,208214.33,15.0,206914.0,17.0,-8983.130000000001,259.8700000000026,415128.32999999996,Small
574,2027 Q3,2027-09-30,Meat_Processors,24707.11,29146.11,31229.0,31229.0,145730.56,15.0,156146.0,16.0,-6521.889999999999,-2082.8899999999994,301876.56,Small
574,2027 Q4,2027-12-31,Meat_Processors,27610.83,37861.83,38873.0,38873.0,189308.13,14.0,194365.0,16.0,-11262.169999999998,-1011.1699999999983,383673.13,Small
574,2028 Q1,2028-03-31,Meat_Processors,28013.82,50016.82,47423.0,47423.0,250085.08000000002,14.0,237116.0,16.0,-19409.18,2593.8199999999997,487201.08,Small
574,2028 Q2,2028-06-30,Meat_Processors,43734.66,44562.66,43588.0,43588.0,222815.3,14.0,217940.0,16.0,146.6600000000035,974.6600000000035,440755.3,Small
574,2028 Q3,2028-09-30,Meat_Processors,35683.9,36292.9,37789.0,37789.0,181463.49,14.0,188943.0,16.0,-2105.0999999999985,-1496.0999999999985,370406.49,Small
634,2027 Q2,2027-06-30,Livestock_Farmers,2356353.56,2387382.56,21522.0,21522.0,11936914.82,85.0,5586234.0,31.0,2334831.56,2365860.56,17523148.82,Large
634,2027 Q3,2027-09-30,Livestock_Farmers,2265604.89,2295676.89,21522.0,21522.0,11478385.46,80.0,5037900.0,29.0,2244082.89,2274154.89,16516285.46,Large
634,2027 Q4,2027-12-31,Livestock_Farmers,2874829.18,2874829.18,21522.0,21522.0,14374144.92,79.0,6704679.0,29.0,2853307.18,2853307.18,21078823.92,Large
634,2028 Q1,2028-03-31,Livestock_Farmers,3002018.25,3042485.25,21522.0,21522.0,15212425.24,79.0,6742425.0,29.0,2980496.25,3020963.25,21954850.240000002,Large
634,2028 Q2,2028-06-30,Livestock_Farmers,2391813.53,2391813.53,21522.0,21522.0,11959066.67,79.0,5518177.0,29.0,2370291.53,2370291.53,17477243.67,Large
634,2028 Q3,2028-09-30,Livestock_Farmers,2236338.82,2236338.82,21522.0,21522.0,11181695.12,80.0,5207483.0,29.0,2214816.82,2214816.82,16389178.12,Large
620,2027 Q2,2027-06-30,Livestock_Farmers,251776.08,251776.08,13633.0,13633.0,1258881.42,99.0,704633.0,31.0,238143.08,238143.08,1963514.42,Medium
620,2027 Q3,2027-09-30,Livestock_Farmers,231524.01,231524.01,13633.0,13633.0,1157620.06,92.0,652361.0,29.0,217891.01,217891.01,1809981.06,Medium
620,2027 Q4,2027-12-31,Livestock_Farmers,303142.88,303142.88,13633.0,13633.0,1515714.41,93.0,828562.0,29.0,289509.88,289509.88,2344276.41,Medium
620,2028 Q1,2028-03-31,Livestock_Farmers,290793.68,290793.68,13633.0,13633.0,1453970.38,93.0,800972.0,29.0,277160.68,277160.68,2254942.38,Medium
620,2028 Q2,2028-06-30,Livestock_Farmers,262557.08,262557.08,13633.0,13633.0,1312785.41,93.0,702833.0,29.0,248924.08000000002,248924.08000000002,2015618.41,Medium
620,2028 Q3,2028-09-30,Livestock_Farmers,250492.76,250492.76,13633.0,13633.0,1252464.8,93.0,692151.0,29.0,236859.76,236859.76,1944615.8,Medium
607,2027 Q2,2027-06-30,Food_Processors,11780.94,11780.94,10789.0,10789.0,58904.68,15.0,53947.0,17.0,991.9400000000005,991.9400000000005,112851.68,Small
607,2027 Q3,2027-09-30,Food_Processors,10201.84,10201.84,10828.66,10828.66,51007.2,14.0,54142.28,17.0,-626.8199999999997,-626.8199999999997,105149.48,Small
607,2027 Q4,2027-12-31,Food_Processors,12375.18,12502.18,11312.49,11312.49,62509.89,14.0,56560.44,17.0,1062.6900000000005,1189.6900000000005,119070.33,Small
607,2028 Q1,2028-03-31,Food_Processors,12834.38,12834.38,11070.0,11070.0,64171.91,14.0,55348.0,16.0,1764.3799999999992,1764.3799999999992,119519.91,Small
607,2028 Q2,2028-06-30,Food_Processors,12178.44,12178.44,10739.0,10739.0,60890.18,15.0,53693.0,16.0,1439.4400000000005,1439.4400000000005,114583.18,Small
607,2028 Q3,2028-09-30,Food_Processors,9198.16,9198.16,10724.0,10724.0,45990.8,14.0,53622.02,17.0,-1525.8400000000001,-1525.8400000000001,99612.82,Small
588,2027 Q2,2027-06-30,Meat_Processors,151227.19,151227.19,146359.53,146359.53,756135.96,85.0,731796.66,46.0,4867.6600000000035,4867.6600000000035,1487932.62,Medium
588,2027 Q3,2027-09-30,Meat_Processors,135468.7,135468.7,134062.59,134062.59,677341.48,79.0,670311.97,43.0,1406.1100000000151,1406.1100000000151,1347653.45,Medium
588,2027 Q4,2027-12-31,Meat_Processors,183404.75,183403.75,170162.59,170162.59,917020.74,80.0,850811.97,43.0,13242.160000000003,13241.160000000003,1767832.71,Medium
588,2028 Q1,2028-03-31,Meat_Processors,187054.71,187054.71,165027.0,165027.0,935272.53,79.0,825133.0,42.0,22027.709999999992,22027.709999999992,1760405.53,Medium
588,2028 Q2,2028-06-30,Meat_Processors,146539.7,146539.7,136131.0,136131.0,732700.5,79.0,680654.0,42.0,10408.700000000012,10408.700000000012,1413354.5,Medium
588,2028 Q3,2028-09-30,Meat_Processors,133201.79,133201.79,125103.0,125103.0,666008.97,80.0,625516.0,42.0,8098.790000000008,8098.790000000008,1291524.97,Medium
617,2027 Q2,2027-06-30,Livestock_Farmers,380751.03,388067.03,24278.0,24278.0,1940337.12,72.0,1117709.39,32.0,356473.03,363789.03,3058046.51,Large
617,2027 Q3,2027-09-30,Livestock_Farmers,337823.91,344709.91,24278.0,24278.0,1723547.54,66.0,1025167.0,29.0,313545.91,320431.91,2748714.54,Large
617,2027 Q4,2027-12-31,Livestock_Farmers,434349.87,453363.87,24278.0,24278.0,2266819.33,66.0,1310080.0,29.0,410071.87,429085.87,3576899.33,Large
617,2028 Q1,2028-03-31,Livestock_Farmers,432200.05,442339.05,24278.0,24278.0,2211697.26,67.0,1315986.7,30.0,407922.05,418061.05,3527683.96,Large
617,2028 Q2,2028-06-30,Livestock_Farmers,400005.2,400005.2,32370.7,32370.7,2000024.99,67.0,1136963.51,30.0,367634.5,367634.5,3136988.5,Large
617,2028 Q3,2028-09-30,Livestock_Farmers,367616.87,367616.87,24278.0,24278.0,1838083.36,66.0,1090181.06,30.0,343338.87,343338.87,2928264.42,Large
585,2027 Q2,2027-06-30,Meat_Processors,263622.94,263622.94,270103.03,270103.03,1318113.69,127.0,1350514.12,47.0,-6480.090000000026,-6480.090000000026,2668627.81,Medium
585,2027 Q3,2027-09-30,Meat_Processors,248837.81,248837.81,233168.0,233168.0,1244189.05,118.0,1165838.0,42.0,15669.809999999998,15669.809999999998,2410027.05,Medium
585,2027 Q4,2027-12-31,Meat_Processors,346478.36,346478.36,312385.0,312385.0,1732390.78,119.0,1561925.0,42.0,34093.359999999986,34093.359999999986,3294315.7800000003,Medium
585,2028 Q1,2028-03-31,Meat_Processors,333427.49,333427.49,306499.0,306499.0,1667136.46,118.0,1532497.0,42.0,26928.48999999999,26928.48999999999,3199633.46,Medium
585,2028 Q2,2028-06-30,Meat_Processors,264697.13,264697.13,255285.85,255285.85,1323486.66,118.0,1276427.27,44.0,9411.279999999999,9411.279999999999,2599913.9299999997,Medium
585,2028 Q3,2028-09-30,Meat_Processors,259904.14,259904.14,241387.0,241387.0,1299519.7,119.0,1206935.0,42.0,18517.140000000014,18517.140000000014,2506454.7,Medium
578,2027 Q2,2027-06-30,Meat_Processors,16125.5,23264.5,28212.45,28212.45,116321.54000000001,16.0,141060.24,18.0,-12086.95,-4947.950000000001,257381.78,Small
578,2027 Q3,2027-09-30,Meat_Processors,16381.0,23140.0,27050.0,27050.0,115702.02,15.0,135248.0,16.0,-10669.0,-3910.0,250950.02000000002,Small
578,2027 Q4,2027-12-31,Meat_Processors,17658.65,25097.65,29389.0,29389.0,125490.24,14.0,146945.0,16.0,-11730.349999999999,-4291.3499999999985,272435.24,Small
578,2028 Q1,2028-03-31,Meat_Processors,16457.28,23495.28,29669.03,29669.03,117476.39,14.0,148344.15,17.0,-13211.75,-6173.75,265820.54,Small
578,2028 Q2,2028-06-30,Meat_Processors,21737.65,22065.65,27227.0,27227.0,110330.26,14.0,136133.0,16.0,-5489.3499999999985,-5161.3499999999985,246463.26,Small
578,2028 Q3,2028-09-30,Meat_Processors,20446.61,20791.61,26251.0,26251.0,103957.07,14.0,131254.0,16.0,-5804.389999999999,-5459.389999999999,235211.07,Small
575,2027 Q2,2027-06-30,Meat_Processors,23269.28,23269.28,25923.31,25923.31,116344.38,15.0,129617.56,19.0,-2654.0300000000025,-2654.0300000000025,245961.94,Small
575,2027 Q3,2027-09-30,Meat_Processors,18640.53,18640.53,20718.63,20718.63,93204.64,15.0,103591.17,17.0,-2078.100000000002,-2078.100000000002,196795.81,Small
575,2027 Q4,2027-12-31,Meat_Processors,37081.86,37533.86,35398.45,35398.45,187671.29,14.0,176994.27,18.0,1683.4100000000035,2135.4100000000035,364665.56,Small
575,2028 Q1,2028-03-31,Meat_Processors,34119.82,34119.82,30948.23,30948.23,170601.08,14.0,154742.15,17.0,3171.59,3171.59,325343.23,Small
575,2028 Q2,2028-06-30,Meat_Processors,22368.72,22368.72,24401.92,24401.92,111842.62,14.0,122011.63,18.0,-2033.199999999997,-2033.199999999997,233854.25,Small
575,2028 Q3,2028-09-30,Meat_Processors,19694.22,19694.22,21754.16,21754.16,98472.11,14.0,108768.81,18.0,-2059.9399999999987,-2059.9399999999987,207240.91999999998,Small
622,2027 Q2,2027-06-30,Livestock_Farmers,251730.04,251730.04,13371.0,13371.0,1258650.18,30.0,599304.0,31.0,238359.04,238359.04,1857954.18,Medium
622,2027 Q3,2027-09-30,Livestock_Farmers,232772.94,232772.94,13371.0,13371.0,1163863.69,28.0,595113.15,31.0,219401.94,219401.94,1758976.8399999999,Medium
622,2027 Q4,2027-12-31,Livestock_Farmers,272215.05,272215.05,17828.02,17828.02,1361073.25,27.0,745794.09,30.0,254387.03,254387.03,2106867.34,Medium
622,2028 Q1,2028-03-31,Livestock_Farmers,282393.59,282393.59,13371.0,13371.0,1411969.95,28.0,701295.0,29.0,269022.59,269022.59,2113264.95,Medium
622,2028 Q2,2028-06-30,Livestock_Farmers,231508.54,231508.54,13371.0,13371.0,1157543.69,27.0,585086.0,29.0,218137.54,218137.54,1742629.69,Medium
622,2028 Q3,2028-09-30,Livestock_Farmers,231978.13,231978.13,13371.0,13371.0,1159888.66,28.0,553593.0,29.0,218607.13,218607.13,1713481.66,Medium
606,2027 Q2,2027-06-30,Food_Processors,16706.77,16948.77,21808.83,21808.83,84744.88,16.0,109046.13,19.0,-5102.060000000001,-4860.060000000001,193791.01,Small
606,2027 Q3,2027-09-30,Food_Processors,12469.52,12469.52,18702.45,18703.45,62347.58,14.0,93515.25,17.0,-6232.93,-6233.93,155862.83000000002,Small
606,2027 Q4,2027-12-31,Food_Processors,13517.89,13670.89,19467.91,19467.91,68356.45,14.0,97341.53,17.0,-5950.02,-5797.02,165697.97999999998,Small
606,2028 Q1,2028-03-31,Food_Processors,15047.26,15217.26,21356.19,21356.19,76086.32,14.0,106778.97,18.0,-6308.9299999999985,-6138.9299999999985,182865.29,Small
606,2028 Q2,2028-06-30,Food_Processors,16267.69,16267.69,20545.15,20545.15,81337.41,15.0,102724.77,17.0,-4277.460000000001,-4277.460000000001,184062.18,Small
606,2028 Q3,2028-09-30,Food_Processors,12861.83,12861.83,18920.52,18920.52,64307.13,14.0,94604.61,17.0,-6058.6900000000005,-6058.6900000000005,158911.74,Small
596,2027 Q2,2027-06-30,Food_Processors,25863.56,25863.56,25990.09,25990.09,129316.8,16.0,129951.46,18.0,-126.52999999999884,-126.52999999999884,259268.26,Small
596,2027 Q3,2027-09-30,Food_Processors,21795.46,21795.46,24498.12,24499.12,108979.31,14.0,122493.61,17.0,-2702.66,-2703.66,231472.91999999998,Small
596,2027 Q4,2027-12-31,Food_Processors,27192.43,27192.43,28314.5,28314.5,135960.15,15.0,141572.5,18.0,-1122.0699999999997,-1122.0699999999997,277532.65,Small
596,2028 Q1,2028-03-31,Food_Processors,25322.29,25322.29,27015.16,27015.16,126612.47,14.0,135074.79,17.0,-1692.869999999999,-1692.869999999999,261687.26,Small
596,2028 Q2,2028-06-30,Food_Processors,25063.31,25063.31,25644.74,25644.74,125317.57,15.0,128221.68,17.0,-581.4300000000003,-581.4300000000003,253539.25,Small
596,2028 Q3,2028-09-30,Food_Processors,22308.22,22308.22,24745.87,24745.87,111542.12,14.0,123729.34,17.0,-2437.649999999998,-2437.649999999998,235271.46,Small
598,2027 Q2,2027-06-30,Food_Processors,266578.16000000003,269410.16000000003,183372.25,183372.25,1347048.81,16.0,916860.27,18.0,83205.91000000003,86037.91000000003,2263909.08,Medium
598,2027 Q3,2027-09-30,Food_Processors,239894.83,239894.83,165384.0,165384.0,1199474.14,14.0,826921.0,16.0,74510.82999999999,74510.82999999999,2026395.14,Medium
598,2027 Q4,2027-12-31,Food_Processors,306430.46,313707.46,208312.0,208312.0,1568538.31,14.0,1041559.0,16.0,98118.46000000002,105395.46000000002,2610097.31,Medium
598,2028 Q1,2028-03-31,Food_Processors,315094.13,321355.13,227958.62,227958.62,1606775.63,14.0,1139791.11,17.0,87135.51000000001,93396.51000000001,2746566.74,Medium
598,2028 Q2,2028-06-30,Food_Processors,292126.31,292126.31,197764.42,197764.42,1460633.59,15.0,988820.09,17.0,94361.88999999998,94361.88999999998,2449453.68,Medium
598,2028 Q3,2028-09-30,Food_Processors,245320.4,245320.4,167855.0,167855.0,1226599.99,14.0,839275.0,16.0,77465.4,77465.4,2065874.99,Medium
587,2027 Q2,2027-06-30,Meat_Processors,6609.6,6609.6,14262.94,14262.94,33050.0,15.0,71312.72,18.0,-7653.34,-7653.34,104362.72,Small
587,2027 Q3,2027-09-30,Meat_Processors,6195.15,6195.15,14194.69,14194.69,30976.73,14.0,70971.48,18.0,-7999.540000000001,-7999.540000000001,101948.20999999999,Small
587,2027 Q4,2027-12-31,Meat_Processors,9111.37,9111.37,16683.93,16683.93,45554.87,14.0,83417.67,17.0,-7572.5599999999995,-7572.5599999999995,128972.54000000001,Small
587,2028 Q1,2028-03-31,Meat_Processors,8939.06,8939.06,16411.7,16411.7,44696.3,14.0,82056.48,17.0,-7472.640000000001,-7472.640000000001,126752.78,Small
587,2028 Q2,2028-06-30,Meat_Processors,7252.36,7252.36,15435.57,15435.57,36259.8,14.0,77178.87,18.0,-8183.21,-8183.21,113438.67,Small
587,2028 Q3,2028-09-30,Meat_Processors,6983.09,6983.09,14643.93,14643.93,34916.47,14.0,73219.64,17.0,-7660.84,-7660.84,108136.11,Small
612,2027 Q2,2027-06-30,Food_Processors,4095.09,4095.09,10932.18,10932.18,20474.43,15.0,54661.87,19.0,-6837.09,-6837.09,75136.3,Small
612,2027 Q3,2027-09-30,Food_Processors,4345.73,4345.73,10894.77,10894.77,21727.66,14.0,54473.87,17.0,-6549.040000000001,-6549.040000000001,76201.53,Small
612,2027 Q4,2027-12-31,Food_Processors,6174.46,6174.46,12239.24,12239.24,30871.31,14.0,61194.22,17.0,-6064.78,-6064.78,92065.53,Small
612,2028 Q1,2028-03-31,Food_Processors,5790.34,5790.34,11855.01,11855.01,28952.72,14.0,59277.06,17.0,-6064.67,-6064.67,88229.78,Small
612,2028 Q2,2028-06-30,Food_Processors,4239.22,4239.22,10779.61,10779.61,21196.08,14.0,53896.07,17.0,-6540.39,-6540.39,75092.15,Small
612,2028 Q3,2028-09-30,Food_Processors,4402.1,4402.1,13747.27,13747.27,22008.51,14.0,68738.35,19.0,-9345.17,-9345.17,90746.86,Small
628,2027 Q2,2027-06-30,Livestock_Farmers,181922.65,273897.65,13665.0,13665.0,1369486.26,43.0,744217.0,31.0,168257.65,260232.65000000002,2113703.26,Medium
628,2027 Q3,2027-09-30,Livestock_Farmers,185633.96,266388.96,13665.0,13665.0,1331944.79,40.0,679974.0,29.0,171968.96,252723.96000000002,2011918.79,Medium
628,2027 Q4,2027-12-31,Livestock_Farmers,223381.89,335324.89,13665.0,13665.0,1676622.47,40.0,897349.63,30.0,209716.89,321659.89,2573972.1,Medium
628,2028 Q1,2028-03-31,Livestock_Farmers,220607.29,329182.29,13665.0,13665.0,1645913.44,40.0,880733.0,29.0,206942.29,315517.29,2526646.44,Medium
628,2028 Q2,2028-06-30,Livestock_Farmers,276426.01,281200.01,13665.0,13665.0,1405998.05,40.0,761658.0,29.0,262761.01,267535.01,2167656.05,Medium
628,2028 Q3,2028-09-30,Livestock_Farmers,259051.5,263528.5,13665.0,13665.0,1317641.48,40.0,718553.0,29.0,245386.5,249863.5,2036194.48,Medium
600,2027 Q2,2027-06-30,Food_Processors,27874.33,28457.33,38629.67,38628.67,142286.64,15.0,193145.37,18.0,-10755.339999999997,-10171.339999999997,335432.01,Medium
600,2027 Q3,2027-09-30,Food_Processors,21668.77,21974.77,34224.35,34224.35,109875.87,14.0,171123.73,17.0,-12555.579999999998,-12249.579999999998,280999.6,Medium
600,2027 Q4,2027-12-31,Food_Processors,24751.7,25630.7,36721.4,36721.4,128151.48,14.0,183607.02,17.0,-11969.7,-11090.7,311758.5,Medium
600,2028 Q1,2028-03-31,Food_Processors,29742.739999999998,30246.739999999998,41050.38,41050.38,151234.72,14.0,205252.93,18.0,-11307.64,-10803.64,356487.65,Medium
600,2028 Q2,2028-06-30,Food_Processors,29005.43,29005.43,40046.59,40046.59,145029.15,14.0,200233.94,18.0,-11041.159999999996,-11041.159999999996,345263.08999999997,Medium
600,2028 Q3,2028-09-30,Food_Processors,23610.8,23610.8,36477.35,36477.35,118053.98,14.0,182385.72,18.0,-12866.55,-12866.55,300439.7,Medium
577,2027 Q2,2027-06-30,Meat_Processors,26420.78,26420.78,29622.0,29622.0,132104.93,16.0,148108.0,17.0,-3201.220000000001,-3201.220000000001,280212.93,Small
577,2027 Q3,2027-09-30,Meat_Processors,21970.39,21970.39,26460.0,26460.0,109850.94,15.0,132300.0,16.0,-4489.610000000001,-4489.610000000001,242150.94,Small
577,2027 Q4,2027-12-31,Meat_Processors,25156.33,25156.33,29798.0,29798.0,125783.64,14.0,148990.0,16.0,-4641.669999999998,-4641.669999999998,274773.64,Small
577,2028 Q1,2028-03-31,Meat_Processors,23025.88,23025.88,28365.0,28365.0,115128.41,14.0,141824.0,16.0,-5339.119999999999,-5339.119999999999,256952.41,Small
577,2028 Q2,2028-06-30,Meat_Processors,19569.2,19569.2,26949.9,26949.9,97847.02,14.0,134749.49,17.0,-7380.700000000001,-7380.700000000001,232596.51,Small
577,2028 Q3,2028-09-30,Meat_Processors,21351.05,21351.05,26746.0,26746.0,106753.23,14.0,133731.0,16.0,-5394.950000000001,-5394.950000000001,240484.22999999998,Small
580,2027 Q2,2027-06-30,Meat_Processors,12930.84,13065.84,21402.0,21402.0,65329.18,15.0,107010.0,17.0,-8471.16,-8336.16,172339.18,Small
580,2027 Q3,2027-09-30,Meat_Processors,11894.32,11894.32,20792.92,20792.92,59470.57,15.0,103966.6,17.0,-8898.599999999999,-8898.599999999999,163437.17,Small
580,2027 Q4,2027-12-31,Meat_Processors,14541.53,14541.53,23016.0,23016.0,72706.65,14.0,115078.01,17.0,-8474.47,-8474.47,187784.65999999997,Small
580,2028 Q1,2028-03-31,Meat_Processors,17888.62,18235.62,26327.31,26327.31,91177.1,14.0,131638.55,17.0,-8438.690000000002,-8091.690000000002,222815.65,Small
580,2028 Q2,2028-06-30,Meat_Processors,12042.39,12042.39,21313.54,21313.54,60209.97,14.0,106567.69,17.0,-9271.150000000001,-9271.150000000001,166777.66,Small
580,2028 Q3,2028-09-30,Meat_Processors,13032.14,13032.14,21126.0,21126.0,65161.72,14.0,105629.0,16.0,-8093.860000000001,-8093.860000000001,170790.72,Small
602,2027 Q2,2027-06-30,Food_Processors,100864.68,102188.68,83264.42,83264.42,510945.42,15.0,416322.08,18.0,17600.259999999995,18924.259999999995,927267.5,Medium
602,2027 Q3,2027-09-30,Food_Processors,89030.33,90463.33,76059.73,76059.73,452317.65,14.0,380299.64,17.0,12970.600000000006,14403.600000000006,832617.29,Medium
602,2027 Q4,2027-12-31,Food_Processors,113676.97,117712.97,94410.42,94410.42,588562.83,14.0,472053.08,17.0,19266.550000000003,23302.550000000003,1060615.91,Medium
602,2028 Q1,2028-03-31,Food_Processors,126014.20999999999,128167.20999999999,108558.2,108558.2,640836.04,14.0,542793.04,18.0,17456.009999999995,19609.009999999995,1183629.08,Medium
602,2028 Q2,2028-06-30,Food_Processors,123287.72,123287.72,102263.98,102263.98,616438.59,15.0,511318.91000000003,19.0,21023.740000000005,21023.740000000005,1127757.5,Medium
602,2028 Q3,2028-09-30,Food_Processors,107987.07,107987.07,87839.02,87839.02,539934.33,14.0,439195.1,17.0,20148.050000000003,20148.050000000003,979129.4299999999,Medium
603,2027 Q2,2027-06-30,Food_Processors,22384.27,25341.27,16392.21,16392.21,126708.37,15.0,81963.01,19.0,5992.060000000001,8949.060000000001,208671.38,Medium
603,2027 Q3,2027-09-30,Food_Processors,19724.31,21781.31,16152.88,16152.88,108907.55,14.0,80763.4,17.0,3571.430000000002,5628.430000000002,189670.95,Medium
603,2027 Q4,2027-12-31,Food_Processors,22532.57,25231.57,16833.67,16833.67,126157.85,15.0,84167.33,17.0,5698.9000000000015,8397.900000000001,210325.18,Medium
603,2028 Q1,2028-03-31,Food_Processors,22460.58,25338.58,16639.34,16639.34,126692.88,14.0,83197.69,17.0,5821.240000000002,8699.240000000002,209890.57,Medium
603,2028 Q2,2028-06-30,Food_Processors,28681.92,28681.92,16560.63,16560.63,143409.63,15.0,82805.17,18.0,12121.289999999997,12121.289999999997,226214.8,Medium
603,2028 Q3,2028-09-30,Food_Processors,24962.69,24962.69,16300.89,16300.89,124815.41,15.0,81502.46,17.0,8661.8,8661.8,206317.87,Medium
595,2027 Q2,2027-06-30,Food_Processors,3873.4,5576.4,10689.0,10689.0,27880.989999999998,15.0,53443.0,17.0,-6815.6,-5112.6,81323.98999999999,Small
595,2027 Q3,2027-09-30,Food_Processors,2303.88,4262.88,9758.0,9758.0,21315.42,14.0,48789.0,16.0,-7454.12,-5495.12,70104.42,Small
595,2027 Q4,2027-12-31,Food_Processors,3839.5299999999997,5579.53,10714.64,10714.64,27896.64,15.0,53575.2,17.0,-6875.11,-5135.11,81471.84,Small
595,2028 Q1,2028-03-31,Food_Processors,4387.41,5395.41,10853.33,10853.33,26976.05,14.0,54267.65,17.0,-6465.92,-5457.92,81243.7,Small
595,2028 Q2,2028-06-30,Food_Processors,5982.99,6077.99,11034.26,11034.26,30390.93,15.0,55172.29,17.0,-5051.27,-4956.27,85563.22,Small
595,2028 Q3,2028-09-30,Food_Processors,5428.17,5530.17,10633.0,10633.0,27651.86,14.0,53167.0,16.0,-5204.83,-5102.83,80818.86,Small
581,2027 Q2,2027-06-30,Meat_Processors,84285.36,84285.36,77636.0,77636.0,421425.8,16.0,388180.0,17.0,6649.360000000001,6649.360000000001,809605.8,Medium
581,2027 Q3,2027-09-30,Meat_Processors,71144.92,71883.92,75896.86,75896.86,359420.61,14.0,379486.28,17.0,-4751.940000000002,-4012.9400000000023,738906.89,Medium
581,2027 Q4,2027-12-31,Meat_Processors,98724.35,98724.35,101449.70999999999,101449.70999999999,493619.77,14.0,507247.56,18.0,-2725.359999999986,-2725.359999999986,1000867.3300000001,Medium
581,2028 Q1,2028-03-31,Meat_Processors,94909.48,96067.48,88613.0,88613.0,480335.4,14.0,443067.0,16.0,6296.479999999996,7454.479999999996,923402.4,Medium
581,2028 Q2,2028-06-30,Meat_Processors,81583.44,81583.44,78523.0,78523.0,407916.18,14.0,392615.0,16.0,3060.4400000000023,3060.4400000000023,800531.1799999999,Medium
581,2028 Q3,2028-09-30,Meat_Processors,76509.5,76509.5,74980.0,74980.0,382547.48,14.0,374900.0,16.0,1529.5,1529.5,757447.48,Medium
591,2027 Q2,2027-06-30,Food_Processors,6573.27,6573.27,11871.75,11871.75,32867.35,15.0,59359.74,18.0,-5298.48,-5298.48,92227.09,Small
591,2027 Q3,2027-09-30,Food_Processors,6299.77,6299.77,11647.39,11647.39,31497.85,15.0,58236.92,18.0,-5347.619999999999,-5347.619999999999,89734.76999999999,Small
591,2027 Q4,2027-12-31,Food_Processors,8385.02,8385.02,13677.59,13677.59,41923.08,14.0,68385.96,18.0,-5292.57,-5292.57,110309.04000000001,Small
591,2028 Q1,2028-03-31,Food_Processors,8009.91,8009.91,13454.79,13454.79,40051.56,14.0,67271.93,18.0,-5444.880000000001,-5444.880000000001,107323.48999999999,Small
591,2028 Q2,2028-06-30,Food_Processors,7291.23,7291.23,12365.89,12365.89,36454.16,14.0,61829.44,17.0,-5074.66,-5074.66,98283.6,Small
591,2028 Q3,2028-09-30,Food_Processors,7063.3,7063.3,11884.3,11884.3,35315.49,15.0,59421.51,17.0,-4820.999999999999,-4820.999999999999,94737.0,Small
637,2027 Q2,2027-06-30,Livestock_Farmers,21487.69,31699.69,5885.0,5885.0,158500.45,44.0,109210.0,17.0,15602.689999999999,25814.69,267710.45,Small
637,2027 Q3,2027-09-30,Livestock_Farmers,21202.78,30418.78,5885.0,5885.0,152092.88,41.0,103017.0,16.0,15317.779999999999,24533.78,255109.88,Small
637,2027 Q4,2027-12-31,Livestock_Farmers,28385.84,38830.84,5885.0,5885.0,194152.2,41.0,121543.0,16.0,22500.84,32945.84,315695.2,Small
637,2028 Q1,2028-03-31,Livestock_Farmers,25297.11,36872.11,5885.0,5885.0,184359.54,41.0,125979.77,17.0,19412.11,30987.11,310339.31,Small
637,2028 Q2,2028-06-30,Livestock_Farmers,34335.09,34805.09,5885.0,5885.0,174023.45,40.0,114336.0,16.0,28450.089999999997,28920.089999999997,288359.45,Small
637,2028 Q3,2028-09-30,Livestock_Farmers,30724.44,31348.44,5885.0,5885.0,156740.22,40.0,108373.0,16.0,24839.44,25463.44,265113.22,Small
601,2027 Q2,2027-06-30,Food_Processors,11935.82,19077.82,19931.0,19931.0,95388.11,15.0,99656.0,17.0,-7995.18,-853.1800000000003,195044.11,Small
601,2027 Q3,2027-09-30,Food_Processors,10540.56,16174.56,17993.34,17993.34,80874.78,15.0,89967.7,17.0,-7452.780000000001,-1818.7800000000007,170842.47999999998,Small
601,2027 Q4,2027-12-31,Food_Processors,10168.51,16275.51,21211.93,21211.93,81379.55,14.0,106058.65,18.0,-11043.42,-4936.42,187438.2,Small
601,2028 Q1,2028-03-31,Food_Processors,11005.32,17717.32,19050.0,19050.0,88587.59,14.0,95251.0,16.0,-8044.68,-1332.6800000000003,183838.59,Small
601,2028 Q2,2028-06-30,Food_Processors,17625.04,17956.04,19903.42,19903.42,89778.22,14.0,99519.08,17.0,-2278.3799999999974,-1947.3799999999974,189297.3,Small
601,2028 Q3,2028-09-30,Food_Processors,14931.69,15217.69,18204.46,18204.46,76087.43,14.0,91022.3,17.0,-3272.7699999999986,-2986.7699999999986,167109.72999999998,Small
599,2027 Q2,2027-06-30,Food_Processors,16279.52,19253.52,22514.6,22514.6,96268.58,15.0,112573.01000000001,19.0,-6235.079999999998,-3261.079999999998,208841.59000000003,Small
599,2027 Q3,2027-09-30,Food_Processors,12287.06,14620.06,17088.55,17088.55,73102.31,14.0,85442.74,17.0,-4801.49,-2468.49,158545.05,Small
599,2027 Q4,2027-12-31,Food_Processors,15946.630000000001,18459.63,18793.01,18793.01,92297.15,15.0,93966.06,17.0,-2846.3799999999974,-333.3799999999974,186263.21,Small
599,2028 Q1,2028-03-31,Food_Processors,15925.28,18694.28,19818.64,19818.64,93470.4,14.0,99094.2,17.0,-3893.3599999999988,-1124.3600000000006,192564.59999999998,Small
599,2028 Q2,2028-06-30,Food_Processors,17146.66,17146.66,18542.71,18542.71,85735.3,14.0,92711.53,17.0,-1396.0499999999993,-1396.0499999999993,178446.83000000002,Small
599,2028 Q3,2028-09-30,Food_Processors,14131.03,14131.03,19130.92,19130.92,70653.16,14.0,95653.6,18.0,-4999.889999999998,-4999.889999999998,166306.76,Small
582,2027 Q2,2027-06-30,Meat_Processors,4533.76,7477.76,14001.67,14001.67,37388.79,15.0,70006.35,18.0,-9467.91,-6523.91,107395.14000000001,Small
582,2027 Q3,2027-09-30,Meat_Processors,4676.5599999999995,7652.5599999999995,14076.27,14076.27,38263.82,14.0,70383.34,17.0,-9399.710000000001,-6423.710000000001,108647.16,Small
582,2027 Q4,2027-12-31,Meat_Processors,5581.73,9061.73,15196.54,15196.54,45308.65,14.0,75981.68,17.0,-9614.810000000001,-6134.810000000001,121290.32999999999,Small
582,2028 Q1,2028-03-31,Meat_Processors,5281.39,8669.39,14920.17,14920.17,43348.96,14.0,74600.84,17.0,-9638.779999999999,-6250.780000000001,117949.79999999999,Small
582,2028 Q2,2028-06-30,Meat_Processors,7885.44,8036.44,14449.93,14449.93,40180.2,14.0,72247.65,17.0,-6564.490000000001,-6413.490000000001,112427.84999999999,Small
582,2028 Q3,2028-09-30,Meat_Processors,7148.21,7282.21,13752.05,13752.05,36412.06,14.0,68758.23,17.0,-6603.839999999999,-6469.839999999999,105170.29,Small
584,2027 Q2,2027-06-30,Meat_Processors,8472.26,8472.26,18373.0,18373.0,42360.28,15.0,91867.0,17.0,-9900.74,-9900.74,134227.28,Small
584,2027 Q3,2027-09-30,Meat_Processors,6294.78,6294.78,16699.46,16699.46,31474.89,15.0,83495.31,17.0,-10404.68,-10404.68,114970.2,Small
584,2027 Q4,2027-12-31,Meat_Processors,7153.43,7233.43,17404.0,17404.0,36168.13,14.0,87019.0,16.0,-10250.57,-10170.57,123187.13,Small
584,2028 Q1,2028-03-31,Meat_Processors,7904.15,7904.15,17494.0,17494.0,39519.74,15.0,87468.0,16.0,-9589.85,-9589.85,126987.73999999999,Small
584,2028 Q2,2028-06-30,Meat_Processors,5953.02,5953.02,16425.0,16425.0,29766.12,14.0,82125.0,16.0,-10471.98,-10471.98,111891.12,Small
584,2028 Q3,2028-09-30,Meat_Processors,5453.86,5453.86,15746.0,15746.0,27271.31,15.0,78730.0,16.0,-10292.14,-10292.14,106001.31,Small
610,2027 Q2,2027-06-30,Food_Processors,900.01,900.01,7384.21,7384.21,4501.05,15.0,36923.02,19.0,-6484.2,-6484.2,41424.07,Small
610,2027 Q3,2027-09-30,Food_Processors,748.7,757.7,9531.98,9531.98,3789.48,14.0,47659.89,18.0,-8783.279999999999,-8774.279999999999,51449.37,Small
610,2027 Q4,2027-12-31,Food_Processors,779.78,779.78,7275.79,7275.79,3896.9,14.0,36380.95,17.0,-6496.01,-6496.01,40277.85,Small
610,2028 Q1,2028-03-31,Food_Processors,854.1800000000001,854.1800000000001,9541.41,9541.41,4272.89,15.0,47709.02,18.0,-8687.23,-8687.23,51981.909999999996,Small
610,2028 Q2,2028-06-30,Food_Processors,833.54,833.54,7315.45,7315.45,4166.69,14.0,36575.27,17.0,-6481.91,-6481.91,40741.96,Small
610,2028 Q3,2028-09-30,Food_Processors,445.22,445.22,7020.7,7020.7,2227.08,15.0,35102.5,17.0,-6575.48,-6575.48,37329.58,Small
579,2027 Q2,2027-06-30,Meat_Processors,54587.25,55356.25,54076.68,54076.68,276783.26,16.0,270382.39,18.0,510.5699999999997,1279.5699999999997,547165.65,Small
579,2027 Q3,2027-09-30,Meat_Processors,48260.26,49274.26,46761.0,46761.0,246370.28,15.0,233805.0,16.0,1499.260000000002,2513.260000000002,480175.28,Small
579,2027 Q4,2027-12-31,Meat_Processors,57716.3,58419.3,56337.0,56337.0,292096.52,14.0,281684.0,16.0,1379.300000000003,2082.300000000003,573780.52,Small
579,2028 Q1,2028-03-31,Meat_Processors,54934.94,56460.94,55158.0,55158.0,282302.68,14.0,275790.0,16.0,-223.05999999999767,1302.9400000000023,558092.6799999999,Small
579,2028 Q2,2028-06-30,Meat_Processors,45231.29,45231.29,46649.0,46649.0,226158.46,14.0,233247.0,16.0,-1417.7099999999991,-1417.7099999999991,459405.45999999996,Small
579,2028 Q3,2028-09-30,Meat_Processors,42159.79,42159.79,46913.74,46913.74,210799.93,14.0,234568.71,17.0,-4753.949999999997,-4753.949999999997,445368.64,Small
632,2027 Q2,2027-06-30,Livestock_Farmers,37752.93,38155.93,6263.0,6263.0,190780.67,29.0,109047.0,17.0,31489.93,31892.93,299827.67000000004,Small
632,2027 Q3,2027-09-30,Livestock_Farmers,35656.76,35656.76,6263.0,6263.0,178281.78,27.0,102977.0,16.0,29393.760000000002,29393.760000000002,281258.78,Small
632,2027 Q4,2027-12-31,Livestock_Farmers,46653.44,47288.44,6263.0,6263.0,236443.16999999998,28.0,121217.0,16.0,40390.44,41025.44,357660.17,Small
632,2028 Q1,2028-03-31,Livestock_Farmers,41975.78,41975.78,6263.0,6263.0,209876.92,27.0,115685.0,16.0,35712.78,35712.78,325561.92000000004,Small
632,2028 Q2,2028-06-30,Livestock_Farmers,39522.46,39522.46,6263.0,6263.0,197611.27,28.0,112136.0,16.0,33259.46,33259.46,309747.27,Small
632,2028 Q3,2028-09-30,Livestock_Farmers,38509.34,38509.34,6263.0,6263.0,192546.69,28.0,107187.0,16.0,32246.339999999997,32246.339999999997,299733.69,Small
611,2027 Q2,2027-06-30,Food_Processors,3894.0,6680.0,12129.22,12129.22,33400.98,15.0,60644.1,18.0,-8235.22,-5449.219999999999,94045.08,Small
611,2027 Q3,2027-09-30,Food_Processors,3398.67,5765.67,11246.0,11246.0,28827.33,14.0,56228.0,16.0,-7847.33,-5480.33,85055.33,Small
611,2027 Q4,2027-12-31,Food_Processors,3340.61,5683.61,11184.0,11184.0,28416.04,14.0,55922.0,16.0,-7843.389999999999,-5500.39,84338.04000000001,Small
611,2028 Q1,2028-03-31,Food_Processors,3999.18,6893.18,12284.15,12284.15,34467.9,14.0,61418.77,17.0,-8284.97,-5390.969999999999,95886.67,Small
611,2028 Q2,2028-06-30,Food_Processors,7253.42,7393.42,12679.39,12679.39,36968.09,14.0,63397.93,17.0,-5425.969999999999,-5285.969999999999,100366.01999999999,Small
611,2028 Q3,2028-09-30,Food_Processors,5877.96,5981.96,11127.0,11127.0,29908.8,15.0,55634.0,16.0,-5249.04,-5145.04,85542.8,Small
597,2027 Q2,2027-06-30,Food_Processors,6891.03,7034.03,12048.02,12048.02,35170.14,16.0,60241.08,18.0,-5156.990000000001,-5013.990000000001,95411.22,Small
597,2027 Q3,2027-09-30,Food_Processors,5832.1,5983.1,11568.41,11568.41,29914.52,14.0,57844.05,17.0,-5736.3099999999995,-5585.3099999999995,87758.57,Small
597,2027 Q4,2027-12-31,Food_Processors,8125.5,8125.5,12980.01,12980.01,40627.49,14.0,64898.05,17.0,-4854.51,-4854.51,105525.54000000001,Small
597,2028 Q1,2028-03-31,Food_Processors,8777.52,8887.52,13252.09,13252.09,44436.62,15.0,66260.46,17.0,-4474.57,-4364.57,110697.08000000002,Small
597,2028 Q2,2028-06-30,Food_Processors,5441.24,5441.24,11129.96,11129.96,27204.19,14.0,55647.81,17.0,-5688.719999999999,-5688.719999999999,82852.0,Small
597,2028 Q3,2028-09-30,Food_Processors,6862.4,6862.4,11903.3,11903.3,34313.98,14.0,59515.48,17.0,-5040.9,-5040.9,93829.46,Small
593,2027 Q2,2027-06-30,Food_Processors,30000.44,30310.44,22196.0,22196.0,151553.21,15.0,110980.0,17.0,7804.439999999999,8114.439999999999,262533.20999999996,Medium
593,2027 Q3,2027-09-30,Food_Processors,25809.98,25809.98,22046.0,22046.0,129050.92,14.0,110232.0,16.0,3763.9799999999996,3763.9799999999996,239282.91999999998,Medium
593,2027 Q4,2027-12-31,Food_Processors,26358.81,26358.81,22593.0,22593.0,131795.07,14.0,112965.0,16.0,3765.8100000000013,3765.8100000000013,244760.07,Medium
593,2028 Q1,2028-03-31,Food_Processors,28691.15,29122.15,22558.23,22558.23,145608.73,15.0,112793.14,17.0,6132.920000000002,6563.920000000002,258401.87,Medium
593,2028 Q2,2028-06-30,Food_Processors,25791.76,25791.76,21924.97,21924.97,128957.81,14.0,109623.85,17.0,3866.7899999999972,3866.7899999999972,238581.66,Medium
593,2028 Q3,2028-09-30,Food_Processors,23318.08,23318.08,21989.92,21989.92,116588.4,14.0,109948.6,17.0,1328.1600000000035,1328.1600000000035,226537.0,Medium
605,2027 Q2,2027-06-30,Food_Processors,5662.68,6567.68,12270.77,12270.77,32839.39,15.0,61354.84,18.0,-6608.09,-5703.09,94194.23,Small
605,2027 Q3,2027-09-30,Food_Processors,4621.81,5266.81,13710.51,13710.51,26335.04,14.0,68551.58,18.0,-9088.7,-8443.7,94886.62,Small
605,2027 Q4,2027-12-31,Food_Processors,3697.88,4670.88,10904.82,10904.82,23353.39,14.0,54526.11,17.0,-7206.94,-6233.94,77879.5,Small
605,2028 Q1,2028-03-31,Food_Processors,4637.62,5259.62,11051.0,11051.0,26296.12,14.0,55254.0,16.0,-6413.38,-5791.38,81550.12,Small
605,2028 Q2,2028-06-30,Food_Processors,5845.96,5845.96,11487.84,11487.84,29227.81,15.0,57437.19,17.0,-5641.88,-5641.88,86665.0,Small
605,2028 Q3,2028-09-30,Food_Processors,5121.0,5121.0,11193.64,11193.64,25603.0,14.0,55967.21,17.0,-6072.639999999999,-6072.639999999999,81570.20999999999,Small
576,2027 Q2,2027-06-30,Meat_Processors,19751.05,22443.05,29475.94,29475.94,112214.25,15.0,147378.72,18.0,-9724.89,-7032.889999999999,259592.97,Small
576,2027 Q3,2027-09-30,Meat_Processors,17417.98,20061.98,27156.54,27156.54,100308.9,14.0,135780.68,17.0,-9738.560000000001,-7094.560000000001,236089.58,Small
576,2027 Q4,2027-12-31,Meat_Processors,23420.73,26368.73,33270.88,33270.88,131842.65,15.0,166353.4,18.0,-9850.149999999998,-6902.149999999998,298196.05,Small
576,2028 Q1,2028-03-31,Meat_Processors,21859.29,25152.29,32027.1,32027.1,125762.44,14.0,160136.48,17.0,-10167.809999999998,-6874.809999999998,285898.92000000004,Small
576,2028 Q2,2028-06-30,Meat_Processors,23614.37,23614.37,35164.16,35164.16,118072.86,14.0,175820.77,19.0,-11549.790000000005,-11549.790000000005,293893.63,Small
576,2028 Q3,2028-09-30,Meat_Processors,20854.03,20854.03,27957.97,27957.97,104268.15,14.0,139788.85,17.0,-7103.940000000002,-7103.940000000002,244057.0,Small
639,2027 Q2,2027-06-30,Livestock_Farmers,871530.38,950306.38,30295.989999999998,30295.989999999998,4751529.92,58.0,2386814.97,32.0,841234.39,920010.39,7138344.890000001,Large
639,2027 Q3,2027-09-30,Livestock_Farmers,856036.42,925587.42,22722.0,22722.0,4627939.1,54.0,2185888.0,29.0,833314.42,902865.42,6813827.1,Large
639,2027 Q4,2027-12-31,Livestock_Farmers,1013630.5,1108368.5,22722.0,22722.0,5541840.5,53.0,2739086.0,29.0,990908.5,1085646.5,8280926.5,Large
639,2028 Q1,2028-03-31,Livestock_Farmers,1092026.54,1194341.54,22722.0,22722.0,5971707.69,53.0,2792862.0,29.0,1069304.54,1171619.54,8764569.690000001,Large
639,2028 Q2,2028-06-30,Livestock_Farmers,992688.97,992688.97,22722.0,22722.0,4963446.87,54.0,2341013.0,29.0,969966.97,969966.97,7304459.87,Large
639,2028 Q3,2028-09-30,Livestock_Farmers,906813.12,906813.12,22722.0,22722.0,4534065.6,53.0,2272684.0,29.0,884091.12,884091.12,6806749.6,Large
615,2027 Q2,2027-06-30,Livestock_Farmers,103635.45,103634.45,15585.0,15585.0,518174.24,57.0,323233.58,46.0,88050.45,88049.45,841407.8200000001,Medium
615,2027 Q3,2027-09-30,Livestock_Farmers,90430.86,90430.86,15585.0,15585.0,452153.28,53.0,278725.0,42.0,74845.86,74845.86,730878.28,Medium
615,2027 Q4,2027-12-31,Livestock_Farmers,126512.70999999999,126512.70999999999,15585.0,15585.0,632562.56,54.0,346049.0,42.0,110927.70999999999,110927.70999999999,978611.56,Medium
615,2028 Q1,2028-03-31,Livestock_Farmers,122472.26,122472.26,15585.0,15585.0,612360.29,54.0,356714.0,42.0,106887.26,106887.26,969074.29,Medium
615,2028 Q2,2028-06-30,Livestock_Farmers,105470.97,105470.97,15585.0,15585.0,527352.85,53.0,320623.0,42.0,89885.97,89885.97,847975.85,Medium
615,2028 Q3,2028-09-30,Livestock_Farmers,95216.92,95217.92,15585.0,15585.0,476087.6,53.0,297113.0,42.0,79631.92,79632.92,773200.6,Medium
640,2027 Q2,2027-06-30,Livestock_Farmers,15998.04,15998.04,6117.0,6117.0,79992.21,15.0,80087.0,17.0,9881.04,9881.04,160079.21000000002,Small
640,2027 Q3,2027-09-30,Livestock_Farmers,13134.630000000001,13274.630000000001,6117.0,6117.0,66372.17,14.0,68282.0,16.0,7017.630000000001,7157.630000000001,134654.16999999998,Small
640,2027 Q4,2027-12-31,Livestock_Farmers,27054.45,27955.45,6117.0,6117.0,139775.27,15.0,109115.0,16.0,20937.45,21838.45,248890.27,Small
640,2028 Q1,2028-03-31,Livestock_Farmers,22959.23,23504.23,6117.0,6117.0,117523.15,14.0,100939.0,16.0,16842.23,17387.23,218462.15,Small
640,2028 Q2,2028-06-30,Livestock_Farmers,16958.92,16958.92,6117.0,6117.0,84792.63,15.0,77856.0,16.0,10841.919999999998,10841.919999999998,162648.63,Small
640,2028 Q3,2028-09-30,Livestock_Farmers,14310.16,14310.16,6117.0,6117.0,71549.81,15.0,71707.0,16.0,8193.16,8193.16,143256.81,Small
629,2027 Q2,2027-06-30,Livestock_Farmers,20565.94,20817.94,5456.0,5456.0,104089.72,15.0,81148.0,17.0,15109.939999999999,15361.939999999999,185237.72,Small
629,2027 Q3,2027-09-30,Livestock_Farmers,18170.54,18498.54,5456.0,5456.0,92491.68,14.0,75344.0,16.0,12714.54,13042.54,167835.68,Small
629,2027 Q4,2027-12-31,Livestock_Farmers,23778.88,24612.88,5456.0,5456.0,123064.4,15.0,86748.0,16.0,18322.88,19156.88,209812.4,Small
629,2028 Q1,2028-03-31,Livestock_Farmers,22957.1,23369.1,5456.0,5456.0,116846.48,14.0,87580.0,16.0,17501.1,17913.1,204426.47999999998,Small
629,2028 Q2,2028-06-30,Livestock_Farmers,23620.22,23620.22,5456.0,5456.0,118102.08,15.0,83899.0,16.0,18164.22,18164.22,202001.08000000002,Small
629,2028 Q3,2028-09-30,Livestock_Farmers,19299.97,19299.97,5456.0,5456.0,96499.85,14.0,77533.0,16.0,13843.970000000001,13843.970000000001,174032.85,Small
621,2027 Q2,2027-06-30,Livestock_Farmers,183229.25,183229.25,15585.0,15585.0,916148.27,43.0,479424.0,45.0,167644.25,167644.25,1395572.27,Medium
621,2027 Q3,2027-09-30,Livestock_Farmers,162119.66,162119.66,15585.0,15585.0,810598.28,40.0,455560.0,42.0,146534.66,146534.66,1266158.28,Medium
621,2027 Q4,2027-12-31,Livestock_Farmers,208868.49,208868.49,15585.0,15585.0,1044343.44,40.0,564579.0,42.0,193283.49,193283.49,1608922.44,Medium
621,2028 Q1,2028-03-31,Livestock_Farmers,224086.62,226839.62,15585.0,15585.0,1134197.11,40.0,571892.0,42.0,208501.62,211254.62,1706089.11,Medium
621,2028 Q2,2028-06-30,Livestock_Farmers,194899.32,194899.32,15585.0,15585.0,974495.58,41.0,528708.53,43.0,179314.32,179314.32,1503204.1099999999,Medium
621,2028 Q3,2028-09-30,Livestock_Farmers,164772.0,164772.0,15585.0,15585.0,823861.02,40.0,461735.0,42.0,149187.0,149187.0,1285596.02,Medium
619,2027 Q2,2027-06-30,Livestock_Farmers,57449.68,57449.68,8323.0,8323.0,287247.39,43.0,159285.0,45.0,49126.68,49126.68,446532.39,Small
619,2027 Q3,2027-09-30,Livestock_Farmers,47851.38,47851.38,8323.0,8323.0,239254.91,41.0,141983.0,42.0,39528.38,39528.38,381237.91000000003,Small
619,2027 Q4,2027-12-31,Livestock_Farmers,60354.0,60354.0,8323.0,8323.0,301770.01,40.0,170028.0,42.0,52031.0,52031.0,471798.01,Small
619,2028 Q1,2028-03-31,Livestock_Farmers,62577.31,62577.31,8323.0,8323.0,312885.55,40.0,173553.0,42.0,54254.31,54254.31,486438.55,Small
619,2028 Q2,2028-06-30,Livestock_Farmers,47985.54,47985.54,8323.0,8323.0,239928.69,40.0,143366.0,42.0,39662.54,39662.54,383294.69,Small
619,2028 Q3,2028-09-30,Livestock_Farmers,47382.74,47382.74,8323.0,8323.0,236915.71,40.0,137907.0,42.0,39059.74,39059.74,374822.70999999996,Small
613,2027 Q2,2027-06-30,Livestock_Farmers,5746.67,5817.67,6117.0,6117.0,29088.35,15.0,49984.4,18.0,-370.3299999999999,-299.3299999999999,79072.75,Small
613,2027 Q3,2027-09-30,Livestock_Farmers,5810.27,5893.27,6117.0,6117.0,29466.34,14.0,49042.0,16.0,-306.72999999999956,-223.72999999999956,78508.34,Small
613,2027 Q4,2027-12-31,Livestock_Farmers,6895.54,7012.54,6117.0,6117.0,35064.68,14.0,52375.0,16.0,778.54,895.54,87439.68,Small
613,2028 Q1,2028-03-31,Livestock_Farmers,6480.17,6737.17,6117.0,6117.0,33683.84,14.0,51544.0,16.0,363.1700000000001,620.1700000000001,85227.84,Small
613,2028 Q2,2028-06-30,Livestock_Farmers,6265.93,6265.93,6117.0,6117.0,31329.65,14.0,50142.0,16.0,148.9300000000003,148.9300000000003,81471.65,Small
613,2028 Q3,2028-09-30,Livestock_Farmers,5568.05,5568.05,6117.0,6117.0,27840.23,14.0,47953.0,16.0,-548.9499999999998,-548.9499999999998,75793.23,Small
638,2027 Q2,2027-06-30,Livestock_Farmers,6169.94,6169.94,5312.0,5312.0,30850.72,15.0,42410.0,17.0,857.9399999999996,857.9399999999996,73260.72,Small
638,2027 Q3,2027-09-30,Livestock_Farmers,6101.6900000000005,6101.6900000000005,5312.0,5312.0,30509.48,15.0,41184.0,16.0,789.6900000000005,789.6900000000005,71693.48,Small
638,2027 Q4,2027-12-31,Livestock_Farmers,8590.93,8590.93,5312.0,5312.0,42956.67,14.0,48100.0,16.0,3278.9300000000003,3278.9300000000003,91056.67,Small
638,2028 Q1,2028-03-31,Livestock_Farmers,8318.7,8318.7,5312.0,5312.0,41595.48,14.0,47743.0,16.0,3006.7000000000007,3006.7000000000007,89338.48000000001,Small
638,2028 Q2,2028-06-30,Livestock_Farmers,7343.57,7343.57,5312.0,5312.0,36716.87,15.0,43821.0,16.0,2031.5699999999997,2031.5699999999997,80537.87,Small
638,2028 Q3,2028-09-30,Livestock_Farmers,6551.93,6551.93,5312.0,5312.0,32757.64,14.0,43139.0,16.0,1239.9300000000003,1239.9300000000003,75896.64,Small
663,2027 Q2,2027-06-30,Crop_Farmers,119403.32,135838.32,15781.0,15781.0,679190.56,16.0,292606.0,31.0,103622.32,120057.32,971796.56,Large
663,2027 Q3,2027-09-30,Crop_Farmers,95173.76,107002.76,15781.0,15781.0,535014.81,14.0,257434.0,29.0,79392.76,91221.76,792448.81,Large
663,2027 Q4,2027-12-31,Crop_Farmers,83386.93,105546.93,15781.0,15781.0,527733.67,14.0,255004.0,29.0,67605.93,89765.93,782737.67,Large
663,2028 Q1,2028-03-31,Crop_Farmers,99960.23,116155.23,15781.0,15781.0,580775.14,14.0,274043.0,29.0,84179.23,100374.23,854818.14,Large
663,2028 Q2,2028-06-30,Crop_Farmers,142640.82,142640.82,15781.0,15781.0,713206.08,15.0,302361.0,29.0,126859.82,126859.82,1015567.08,Large
663,2028 Q3,2028-09-30,Crop_Farmers,102855.49,102855.49,15781.0,15781.0,514277.45,14.0,250281.0,29.0,87074.49,87074.49,764558.45,Large
667,2027 Q2,2027-06-30,Crop_Farmers,56755.56,56755.56,8275.0,8275.0,283775.81,16.0,152497.0,31.0,48480.56,48480.56,436272.81,Medium
667,2027 Q3,2027-09-30,Crop_Farmers,47084.12,47084.12,8275.0,8275.0,235420.64,15.0,132699.0,29.0,38809.12,38809.12,368119.64,Medium
667,2027 Q4,2027-12-31,Crop_Farmers,47853.38,47853.38,8275.0,8275.0,239265.88,14.0,140360.0,29.0,39578.38,39578.38,379625.88,Medium
667,2028 Q1,2028-03-31,Crop_Farmers,52001.09,52001.09,8275.0,8275.0,260006.46,14.0,150203.0,29.0,43726.09,43726.09,410209.45999999996,Medium
667,2028 Q2,2028-06-30,Crop_Farmers,54512.99,54512.99,8275.0,8275.0,272564.95,14.0,155295.0,29.0,46237.99,46237.99,427859.95,Medium
667,2028 Q3,2028-09-30,Crop_Farmers,49479.91,49479.91,8275.0,8275.0,247401.54,15.0,136856.0,29.0,41204.91,41204.91,384257.54000000004,Medium
656,2027 Q2,2027-06-30,Crop_Farmers,28628.43,28628.43,8393.0,8393.0,143142.17,15.0,98516.0,31.0,20235.43,20235.43,241658.17,Medium
656,2027 Q3,2027-09-30,Crop_Farmers,23344.24,23344.24,8393.0,8393.0,116719.2,14.0,87962.0,29.0,14951.240000000002,14951.240000000002,204681.2,Medium
656,2027 Q4,2027-12-31,Crop_Farmers,25170.7,25170.7,8393.0,8393.0,125853.5,14.0,91484.0,29.0,16777.7,16777.7,217337.5,Medium
656,2028 Q1,2028-03-31,Crop_Farmers,28102.510000000002,28102.510000000002,8393.0,8393.0,140513.56,14.0,96179.0,29.0,19709.510000000002,19709.510000000002,236692.56,Medium
656,2028 Q2,2028-06-30,Crop_Farmers,29988.04,29988.04,8393.0,8393.0,149941.2,14.0,100346.0,29.0,21595.04,21595.04,250287.2,Medium
656,2028 Q3,2028-09-30,Crop_Farmers,24365.8,24365.8,8393.0,8393.0,121829.0,14.0,89842.0,29.0,15972.8,15972.8,211671.0,Medium
657,2027 Q2,2027-06-30,Crop_Farmers,347307.52,347307.52,14485.0,14485.0,1736536.61,29.0,753470.0,31.0,332822.52,332822.52,2490006.6100000003,Large
657,2027 Q3,2027-09-30,Crop_Farmers,265400.94,268847.94,14485.0,14485.0,1344238.68,27.0,623133.0,29.0,250915.94,254362.94,1967371.68,Large
657,2027 Q4,2027-12-31,Crop_Farmers,274202.87,277478.87,14485.0,14485.0,1387393.37,27.0,639306.0,29.0,259717.87,262993.87,2026699.37,Large
657,2028 Q1,2028-03-31,Crop_Farmers,321247.86,328436.86,14485.0,14485.0,1642185.28,27.0,722270.0,29.0,306762.86,313951.86,2364455.2800000003,Large
657,2028 Q2,2028-06-30,Crop_Farmers,343472.09,343472.09,14485.0,14485.0,1717359.47,27.0,802114.77,30.0,328987.09,328987.09,2519474.24,Large
657,2028 Q3,2028-09-30,Crop_Farmers,301648.89,301648.89,19313.44,19313.44,1508242.44,27.0,687566.18,30.0,282335.45,282335.45,2195808.62,Large
664,2027 Q2,2027-06-30,Crop_Farmers,549365.3,549365.3,14485.0,14485.0,2746828.52,29.0,1150796.0,31.0,534880.3,534880.3,3897624.52,Large
664,2027 Q3,2027-09-30,Crop_Farmers,436604.04,436604.04,14485.0,14485.0,2183018.21,27.0,934744.0,29.0,422119.04,422119.04,3117762.21,Large
664,2027 Q4,2027-12-31,Crop_Farmers,414465.55,414465.55,14485.0,14485.0,2072328.75,28.0,945154.0,29.0,399980.55,399980.55,3017482.75,Large
664,2028 Q1,2028-03-31,Crop_Farmers,473966.44,473966.44,19313.44,19313.44,2369833.21,27.0,1097411.18,30.0,454653.0,454653.0,3467244.3899999997,Large
664,2028 Q2,2028-06-30,Crop_Farmers,536610.76,536610.76,14485.0,14485.0,2683052.8,27.0,1130221.0,29.0,522125.76,522125.76,3813273.8,Large
664,2028 Q3,2028-09-30,Crop_Farmers,429610.48,429610.48,14485.0,14485.0,2148050.39,27.0,979629.0,29.0,415125.48,415125.48,3127679.39,Large
630,2027 Q2,2027-06-30,Livestock_Farmers,5128.75,5128.75,5395.0,5395.0,25641.74,15.0,40604.0,17.0,-266.25,-266.25,66245.74,Small
630,2027 Q3,2027-09-30,Livestock_Farmers,4827.39,4903.39,5395.0,5395.0,24518.92,15.0,39036.0,16.0,-567.6099999999997,-491.6099999999997,63554.92,Small
630,2027 Q4,2027-12-31,Livestock_Farmers,6825.59,6933.59,5395.0,5395.0,34667.96,15.0,44102.0,16.0,1430.5900000000001,1538.5900000000001,78769.95999999999,Small
630,2028 Q1,2028-03-31,Livestock_Farmers,6594.79,6710.79,5395.0,5395.0,33553.93,15.0,43530.0,16.0,1199.79,1315.79,77083.93,Small
630,2028 Q2,2028-06-30,Livestock_Farmers,5621.89,5621.89,7193.3,7193.3,28111.44,14.0,50882.51,17.0,-1571.4099999999999,-1571.4099999999999,78993.95,Small
630,2028 Q3,2028-09-30,Livestock_Farmers,5140.3,5140.3,5395.0,5395.0,25703.51,14.0,40480.0,16.0,-254.69999999999982,-254.69999999999982,66183.51,Small
652,2027 Q2,2027-06-30,Crop_Farmers,20504.12,20504.12,7400.0,7400.0,102520.62,16.0,79836.0,31.0,13104.119999999999,13104.119999999999,182356.62,Medium
652,2027 Q3,2027-09-30,Crop_Farmers,16184.84,16184.84,7400.0,7400.0,80922.22,14.0,72620.0,29.0,8784.84,8784.84,153542.22,Medium
652,2027 Q4,2027-12-31,Crop_Farmers,17435.79,17435.79,7400.0,7400.0,87178.95,14.0,75471.0,29.0,10035.79,10035.79,162649.95,Medium
652,2028 Q1,2028-03-31,Crop_Farmers,20729.08,20980.08,7400.0,7400.0,104899.41,15.0,79531.0,29.0,13329.080000000002,13580.080000000002,184430.41,Medium
652,2028 Q2,2028-06-30,Crop_Farmers,24541.46,24541.46,7400.0,7400.0,122707.32,15.0,87175.0,29.0,17141.46,17141.46,209882.32,Medium
652,2028 Q3,2028-09-30,Crop_Farmers,21003.06,21003.06,9866.61,9866.61,105014.29000000001,15.0,93000.06,30.0,11136.45,11136.45,198014.35,Medium
668,2027 Q2,2027-06-30,Crop_Farmers,81766.42,81766.42,7503.0,7503.0,408833.1,16.0,187165.0,31.0,74263.42,74263.42,595998.1,Medium
668,2027 Q3,2027-09-30,Crop_Farmers,61352.91,61352.91,10004.15,10004.15,306766.56,14.0,175705.41999999998,31.0,51348.76,51348.76,482471.98,Medium
668,2027 Q4,2027-12-31,Crop_Farmers,74663.75,74663.75,7503.0,7503.0,373319.72,15.0,174218.0,29.0,67160.75,67160.75,547537.72,Medium
668,2028 Q1,2028-03-31,Crop_Farmers,81276.72,81276.72,10004.15,10004.15,406381.6,15.0,199636.73,30.0,71272.57,71272.57,606018.33,Medium
668,2028 Q2,2028-06-30,Crop_Farmers,73928.57,73928.57,7503.0,7503.0,369643.85,14.0,181816.0,29.0,66425.57,66425.57,551459.85,Medium
668,2028 Q3,2028-09-30,Crop_Farmers,62445.020000000004,62445.020000000004,7503.0,7503.0,312226.08,14.0,159707.0,29.0,54942.020000000004,54942.020000000004,471933.08,Medium
661,2027 Q2,2027-06-30,Crop_Farmers,33314.28,33759.28,8142.0,8142.0,168796.42,15.0,107842.0,31.0,25172.28,25617.28,276638.42000000004,Medium
661,2027 Q3,2027-09-30,Crop_Farmers,28624.14,28624.14,8142.0,8142.0,143118.68,14.0,98770.99,30.0,20482.14,20482.14,241889.66999999998,Medium
661,2027 Q4,2027-12-31,Crop_Farmers,32665.39,32665.39,8142.0,8142.0,163324.93,15.0,102121.69,30.0,24523.39,24523.39,265446.62,Medium
661,2028 Q1,2028-03-31,Crop_Farmers,33477.86,33477.86,8142.0,8142.0,167387.3,14.0,105542.0,29.0,25335.86,25335.86,272929.3,Medium
661,2028 Q2,2028-06-30,Crop_Farmers,34463.25,34463.25,8142.0,8142.0,172314.28,15.0,103274.0,29.0,26321.25,26321.25,275588.28,Medium
661,2028 Q3,2028-09-30,Crop_Farmers,28528.76,28528.76,8142.0,8142.0,142642.79,14.0,96953.0,29.0,20386.76,20386.76,239595.79,Medium
651,2027 Q2,2027-06-30,Crop_Farmers,9074.77,9074.77,3690.0,3690.0,45371.84,29.0,37737.0,31.0,5384.77,5384.77,83108.84,Small
651,2027 Q3,2027-09-30,Crop_Farmers,7167.51,7167.51,3690.0,3690.0,35839.57,27.0,33672.0,29.0,3477.51,3477.51,69511.57,Small
651,2027 Q4,2027-12-31,Crop_Farmers,7735.46,7735.46,3690.0,3690.0,38675.31,28.0,34309.0,29.0,4045.46,4045.46,72984.31,Small
651,2028 Q1,2028-03-31,Crop_Farmers,8019.33,8019.33,3690.0,3690.0,40095.65,27.0,35524.0,29.0,4329.33,4329.33,75619.65,Small
651,2028 Q2,2028-06-30,Crop_Farmers,8637.1,8637.1,4919.93,4919.93,43183.48,28.0,43022.4,31.0,3717.17,3717.17,86205.88,Small
651,2028 Q3,2028-09-30,Crop_Farmers,7941.64,7941.64,3690.0,3690.0,39708.21,27.0,35412.0,29.0,4251.64,4251.64,75120.20999999999,Small
636,2027 Q2,2027-06-30,Livestock_Farmers,16250.09,16250.09,11097.42,11097.42,81249.46,15.0,89678.08,18.0,5152.67,5152.67,170927.54,Small
636,2027 Q3,2027-09-30,Livestock_Farmers,14758.119999999999,14758.119999999999,8323.0,8323.0,73790.61,14.0,72501.0,16.0,6435.119999999999,6435.119999999999,146291.61,Small
636,2027 Q4,2027-12-31,Livestock_Farmers,18573.5,18573.5,8323.0,8323.0,92869.5,15.0,77866.0,16.0,10250.5,10250.5,170735.5,Small
636,2028 Q1,2028-03-31,Livestock_Farmers,17082.16,17274.16,8323.0,8323.0,86371.79,14.0,77648.0,16.0,8759.16,8951.16,164019.78999999998,Small
636,2028 Q2,2028-06-30,Livestock_Farmers,15903.74,15903.74,8323.0,8323.0,79519.68,14.0,74681.0,16.0,7580.74,7580.74,154200.68,Small
636,2028 Q3,2028-09-30,Livestock_Farmers,15005.869999999999,15005.869999999999,8323.0,8323.0,75027.34,14.0,73078.0,16.0,6682.869999999999,6682.869999999999,148105.34,Small
614,2027 Q2,2027-06-30,Livestock_Farmers,4805.02,4859.02,5751.0,5751.0,24295.08,15.0,42250.0,17.0,-945.9799999999996,-891.9799999999996,66545.08,Small
614,2027 Q3,2027-09-30,Livestock_Farmers,4335.41,4379.41,5751.0,5751.0,21899.05,14.0,40845.0,16.0,-1415.5900000000001,-1371.5900000000001,62744.05,Small
614,2027 Q4,2027-12-31,Livestock_Farmers,5592.01,5790.01,5751.0,5751.0,28952.05,14.0,44807.0,16.0,-158.98999999999978,39.01000000000022,73759.05,Small
614,2028 Q1,2028-03-31,Livestock_Farmers,5956.09,6063.09,5751.0,5751.0,30314.46,14.0,45692.0,16.0,205.09000000000015,312.09000000000015,76006.45999999999,Small
614,2028 Q2,2028-06-30,Livestock_Farmers,3940.96,3940.96,5751.0,5751.0,19702.81,14.0,39713.0,16.0,-1810.04,-1810.04,59415.81,Small
614,2028 Q3,2028-09-30,Livestock_Farmers,4714.3,4714.3,5751.0,5751.0,23569.48,14.0,42186.0,16.0,-1036.6999999999998,-1036.6999999999998,65755.48,Small
655,2027 Q2,2027-06-30,Crop_Farmers,12894.65,12894.65,3976.0,3976.0,64473.270000000004,15.0,50123.0,31.0,8918.65,8918.65,114596.27,Small
655,2027 Q3,2027-09-30,Crop_Farmers,9873.55,9873.55,5301.42,5301.42,49368.74,14.0,49679.11,30.0,4572.129999999999,4572.129999999999,99047.85,Small
655,2027 Q4,2027-12-31,Crop_Farmers,11578.01,11578.01,3976.0,3976.0,57891.06,14.0,47064.0,29.0,7602.01,7602.01,104955.06,Small
655,2028 Q1,2028-03-31,Crop_Farmers,12603.64,12603.64,3976.0,3976.0,63019.2,14.0,49270.0,29.0,8627.64,8627.64,112289.2,Small
655,2028 Q2,2028-06-30,Crop_Farmers,11327.71,11327.71,5301.42,5301.42,56637.53,14.0,53356.11,30.0,6026.289999999999,6026.289999999999,109993.64,Small
655,2028 Q3,2028-09-30,Crop_Farmers,9510.97,9510.97,3976.0,3976.0,47554.86,14.0,42036.0,29.0,5534.969999999999,5534.969999999999,89590.86,Small
660,2027 Q2,2027-06-30,Crop_Farmers,18697.67,18697.67,10130.0,10130.0,93489.37,15.0,81003.0,31.0,8567.669999999998,8567.669999999998,174492.37,Medium
660,2027 Q3,2027-09-30,Crop_Farmers,14293.35,14293.35,10130.0,10130.0,71467.73,14.0,74053.0,29.0,4163.35,4163.35,145520.72999999998,Medium
660,2027 Q4,2027-12-31,Crop_Farmers,16790.4,16790.4,10130.0,10130.0,83951.02,14.0,77899.0,29.0,6660.4000000000015,6660.4000000000015,161850.02000000002,Medium
660,2028 Q1,2028-03-31,Crop_Farmers,21119.38,21119.38,10130.0,10130.0,105596.93,15.0,82775.0,29.0,10989.380000000001,10989.380000000001,188371.93,Medium
660,2028 Q2,2028-06-30,Crop_Farmers,20115.59,20115.59,10130.0,10130.0,100576.94,15.0,81330.0,29.0,9985.59,9985.59,181906.94,Medium
660,2028 Q3,2028-09-30,Crop_Farmers,16546.35,16546.35,10130.0,10130.0,82729.72,15.0,75760.0,29.0,6416.3499999999985,6416.3499999999985,158489.72,Medium
672,2027 Q2,2027-06-30,Crop_Farmers,16662.22,17168.22,3976.0,3976.0,85841.1,29.0,56311.0,31.0,12686.220000000001,13192.220000000001,142152.1,Small
672,2027 Q3,2027-09-30,Crop_Farmers,13993.34,14347.34,3976.0,3976.0,71736.7,27.0,50355.23,30.0,10017.34,10371.34,122091.93,Small
672,2027 Q4,2027-12-31,Crop_Farmers,14903.93,15089.93,3976.0,3976.0,75447.64,27.0,50823.0,29.0,10927.93,11113.93,126270.64,Small
672,2028 Q1,2028-03-31,Crop_Farmers,16071.15,16442.15,3976.0,3976.0,82210.77,27.0,54718.0,29.0,12095.15,12466.150000000001,136928.77000000002,Small
672,2028 Q2,2028-06-30,Crop_Farmers,17691.81,17691.81,3976.0,3976.0,88459.01,28.0,55615.0,29.0,13715.810000000001,13715.810000000001,144074.01,Small
672,2028 Q3,2028-09-30,Crop_Farmers,14439.46,14439.46,3976.0,3976.0,72198.3,27.0,49460.0,29.0,10463.46,10463.46,121658.3,Small
624,2027 Q2,2027-06-30,Livestock_Farmers,60403.42,69777.42,10911.0,10911.0,348886.08,15.0,244984.0,17.0,49492.42,58866.42,593870.0800000001,Medium
624,2027 Q3,2027-09-30,Livestock_Farmers,53284.729999999996,62572.729999999996,10911.0,10911.0,312863.64,14.0,224354.0,16.0,42373.729999999996,51661.729999999996,537217.64,Medium
624,2027 Q4,2027-12-31,Livestock_Farmers,63949.42,80923.42,10911.0,10911.0,404617.08,14.0,274257.0,16.0,53038.42,70012.42,678874.0800000001,Medium
624,2028 Q1,2028-03-31,Livestock_Farmers,80085.2,95071.2,14548.09,14548.09,475357.04,15.0,313606.46,17.0,65537.11,80523.11,788963.5,Medium
624,2028 Q2,2028-06-30,Livestock_Farmers,84281.23,84281.23,10911.0,10911.0,421404.14,15.0,270362.0,16.0,73370.23,73370.23,691766.14,Medium
624,2028 Q3,2028-09-30,Livestock_Farmers,74352.02,74352.02,10911.0,10911.0,371758.1,14.0,255281.0,16.0,63441.020000000004,63441.020000000004,627039.1,Medium
642,2027 Q2,2027-06-30,Livestock_Farmers,2753.21,2753.21,6260.0,6260.0,13767.01,16.0,38474.0,17.0,-3506.79,-3506.79,52241.01,Small
642,2027 Q3,2027-09-30,Livestock_Farmers,2513.88,2513.88,6260.0,6260.0,12568.4,14.0,38161.0,16.0,-3746.12,-3746.12,50729.4,Small
642,2027 Q4,2027-12-31,Livestock_Farmers,3158.67,3194.67,8346.76,8346.76,15972.33,14.0,50544.82,17.0,-5188.09,-5152.09,66517.15,Small
642,2028 Q1,2028-03-31,Livestock_Farmers,3000.34,3000.34,6260.0,6260.0,15001.69,14.0,39633.0,16.0,-3259.66,-3259.66,54634.69,Small
642,2028 Q2,2028-06-30,Livestock_Farmers,2921.63,2921.63,6260.0,6260.0,14610.17,15.0,38840.0,16.0,-3338.37,-3338.37,53450.17,Small
642,2028 Q3,2028-09-30,Livestock_Farmers,2661.89,2661.89,6260.0,6260.0,13307.46,14.0,38648.0,16.0,-3598.11,-3598.11,51955.46,Small
654,2027 Q2,2027-06-30,Crop_Farmers,3180.4,4276.4,3453.0,3453.0,21382.03,16.0,25831.0,31.0,-272.5999999999999,823.3999999999996,47213.03,Small
654,2027 Q3,2027-09-30,Crop_Farmers,2086.45,2885.45,3453.0,3453.0,14429.23,14.0,23641.14,30.0,-1366.5500000000002,-567.5500000000002,38070.369999999995,Small
654,2027 Q4,2027-12-31,Crop_Farmers,1913.18,3404.18,3453.0,3453.0,17018.88,14.0,24797.21,30.0,-1539.82,-48.820000000000164,41816.09,Small
654,2028 Q1,2028-03-31,Crop_Farmers,3159.48,4413.48,3453.0,3453.0,22068.38,15.0,26080.0,29.0,-293.52,960.4799999999996,48148.380000000005,Small
654,2028 Q2,2028-06-30,Crop_Farmers,4096.51,4147.51,3453.0,3453.0,20738.53,14.0,26157.0,29.0,643.5100000000002,694.5100000000002,46895.53,Small
654,2028 Q3,2028-09-30,Crop_Farmers,3168.96,3210.96,3453.0,3453.0,16056.81,14.0,24078.0,29.0,-284.03999999999996,-242.03999999999996,40134.81,Small
666,2027 Q2,2027-06-30,Crop_Farmers,8159.83,11843.83,5182.0,5182.0,59218.13,16.0,45045.0,31.0,2977.83,6661.83,104263.13,Small
666,2027 Q3,2027-09-30,Crop_Farmers,5955.45,8737.45,5182.0,5182.0,43686.25,14.0,40512.0,29.0,773.4499999999998,3555.4500000000007,84198.25,Small
666,2027 Q4,2027-12-31,Crop_Farmers,6384.91,9502.91,5182.0,5182.0,47513.53,14.0,41997.0,29.0,1202.9099999999999,4320.91,89510.53,Small
666,2028 Q1,2028-03-31,Crop_Farmers,8013.1900000000005,11390.19,5182.0,5182.0,56950.97,15.0,43849.0,29.0,2831.1900000000005,6208.1900000000005,100799.97,Small
666,2028 Q2,2028-06-30,Crop_Farmers,10413.15,10579.15,5182.0,5182.0,52896.77,14.0,43674.0,29.0,5231.15,5397.15,96570.76999999999,Small
666,2028 Q3,2028-09-30,Crop_Farmers,8813.52,8955.52,6909.37,6909.37,44776.61,14.0,49696.87,30.0,1904.1500000000005,2046.1500000000005,94473.48000000001,Small
643,2027 Q2,2027-06-30,Crop_Farmers,32799.14,32799.14,8393.0,8393.0,163995.72,15.0,101960.0,31.0,24406.14,24406.14,265955.72,Medium
643,2027 Q3,2027-09-30,Crop_Farmers,27273.45,27273.45,8393.0,8393.0,136368.27,14.0,91478.0,29.0,18880.45,18880.45,227846.27,Medium
643,2027 Q4,2027-12-31,Crop_Farmers,27738.55,28025.55,8393.0,8393.0,140125.77,14.0,92791.0,29.0,19345.55,19632.55,232916.77,Medium
643,2028 Q1,2028-03-31,Crop_Farmers,33835.72,33835.72,8393.0,8393.0,169178.61,15.0,100749.1,30.0,25442.72,25442.72,269927.70999999996,Medium
643,2028 Q2,2028-06-30,Crop_Farmers,35742.62,35742.62,8393.0,8393.0,178711.1,15.0,103030.0,29.0,27349.620000000003,27349.620000000003,281741.1,Medium
643,2028 Q3,2028-09-30,Crop_Farmers,29766.64,29766.64,8393.0,8393.0,148833.21,15.0,92261.0,29.0,21373.64,21373.64,241094.21,Medium
649,2027 Q2,2027-06-30,Crop_Farmers,97556.12,97556.12,14496.0,14496.0,487782.61,16.0,240166.0,31.0,83060.12,83060.12,727948.61,Large
649,2027 Q3,2027-09-30,Crop_Farmers,73668.67,73668.67,14496.0,14496.0,368341.36,14.0,207845.0,29.0,59172.67,59172.67,576186.36,Large
649,2027 Q4,2027-12-31,Crop_Farmers,82100.38,82100.38,14496.0,14496.0,410501.88,14.0,222830.0,29.0,67604.38,67604.38,633331.88,Large
649,2028 Q1,2028-03-31,Crop_Farmers,97520.79000000001,98817.79000000001,14496.0,14496.0,494086.97,15.0,242948.0,29.0,83024.79000000001,84321.79000000001,737034.97,Large
649,2028 Q2,2028-06-30,Crop_Farmers,95074.1,95074.1,14496.0,14496.0,475372.51,14.0,245666.0,29.0,80578.1,80578.1,721038.51,Large
649,2028 Q3,2028-09-30,Crop_Farmers,83668.39,83668.39,14496.0,14496.0,418341.94,15.0,219945.31,30.0,69172.39,69172.39,638287.25,Large
644,2027 Q2,2027-06-30,Crop_Farmers,359998.37,359998.37,15781.0,15781.0,1799992.84,15.0,757671.0,31.0,344217.37,344217.37,2557663.84,Large
644,2027 Q3,2027-09-30,Crop_Farmers,317960.63,317960.63,15781.0,15781.0,1589804.1400000001,15.0,637540.0,29.0,302179.63,302179.63,2227344.14,Large
644,2027 Q4,2027-12-31,Crop_Farmers,307497.21,307497.21,15781.0,15781.0,1537485.04,14.0,653629.0,29.0,291716.21,291716.21,2191114.04,Large
644,2028 Q1,2028-03-31,Crop_Farmers,336276.34,336276.34,15781.0,15781.0,1681379.71,14.0,705507.0,29.0,320495.34,320495.34,2386886.71,Large
644,2028 Q2,2028-06-30,Crop_Farmers,373096.29,373096.29,15781.0,15781.0,1865480.44,14.0,782318.0,29.0,357315.29,357315.29,2647798.44,Large
644,2028 Q3,2028-09-30,Crop_Farmers,312549.91,312549.91,15781.0,15781.0,1562748.56,14.0,673696.0,29.0,296768.91,296768.91,2236444.56,Large
669,2027 Q2,2027-06-30,Crop_Farmers,632.21,641.21,3507.0,3507.0,3205.02,16.0,18950.0,31.0,-2874.79,-2865.79,22155.02,Small
669,2027 Q3,2027-09-30,Crop_Farmers,532.1,540.1,3507.0,3507.0,2702.5,14.0,18780.0,29.0,-2974.9,-2966.9,21482.5,Small
669,2027 Q4,2027-12-31,Crop_Farmers,527.79,532.79,3507.0,3507.0,2662.95,14.0,18746.0,29.0,-2979.21,-2974.21,21408.95,Small
669,2028 Q1,2028-03-31,Crop_Farmers,538.53,550.53,3507.0,3507.0,2750.63,14.0,18795.0,29.0,-2968.4700000000003,-2956.4700000000003,21545.63,Small
669,2028 Q2,2028-06-30,Crop_Farmers,571.45,571.45,3507.0,3507.0,2857.27,14.0,18856.0,29.0,-2935.55,-2935.55,21713.27,Small
669,2028 Q3,2028-09-30,Crop_Farmers,276.7,276.7,3507.0,3507.0,1384.5,14.0,18227.45,30.0,-3230.3,-3230.3,19611.95,Small
626,2027 Q2,2027-06-30,Livestock_Farmers,3181.18,3181.18,5456.0,5456.0,15905.869999999999,16.0,34664.0,17.0,-2274.82,-2274.82,50569.869999999995,Small
626,2027 Q3,2027-09-30,Livestock_Farmers,3111.77,3143.77,5456.0,5456.0,15718.869999999999,14.0,35022.0,16.0,-2344.23,-2312.23,50740.869999999995,Small
626,2027 Q4,2027-12-31,Livestock_Farmers,4379.24,4487.24,5456.0,5456.0,22438.22,14.0,38414.0,16.0,-1076.7600000000002,-968.7600000000002,60852.22,Small
626,2028 Q1,2028-03-31,Livestock_Farmers,4054.01,4104.01,5456.0,5456.0,20522.06,14.0,37551.0,16.0,-1401.9899999999998,-1351.9899999999998,58073.06,Small
626,2028 Q2,2028-06-30,Livestock_Farmers,3028.61,3028.61,5456.0,5456.0,15141.07,14.0,35472.93,17.0,-2427.39,-2427.39,50614.0,Small
626,2028 Q3,2028-09-30,Livestock_Farmers,3412.59,3412.59,5456.0,5456.0,17064.94,15.0,35108.0,16.0,-2043.4099999999999,-2043.4099999999999,52172.94,Small
523,2027 Q2,2027-06-30,Cleaning_Services,431005.42,431005.42,2826.0,2826.0,2155027.08,157.0,27246.0,8.0,428179.42,428179.42,2182273.08,Large
523,2027 Q3,2027-09-30,Cleaning_Services,430311.81,430311.81,2120.0,2120.0,2151559.06,157.0,20435.0,6.0,428191.81,428191.81,2171994.06,Large
523,2027 Q4,2027-12-31,Cleaning_Services,422766.21,429618.21,2155.0,2155.0,2148091.04,157.0,20775.0,6.0,420611.21,427463.21,2168866.04,Large
523,2028 Q1,2028-03-31,Cleaning_Services,423195.21,429618.21,2106.0,2106.0,2148091.04,157.0,20299.0,6.0,421089.21,427512.21,2168390.04,Large
523,2028 Q2,2028-06-30,Cleaning_Services,429895.65,429895.65,2120.0,2120.0,2149478.25,157.0,20435.0,6.0,427775.65,427775.65,2169913.25,Large
523,2028 Q3,2028-09-30,Cleaning_Services,429895.65,429895.65,1413.0,1413.0,2149478.25,157.0,13623.0,4.0,428482.65,428482.65,2163101.25,Large
504,2027 Q2,2027-06-30,Cleaning_Services,553001.68,553001.68,5156.0,5156.0,2765010.42,193.0,41746.0,8.0,547845.68,547845.68,2806756.42,Large
504,2027 Q3,2027-09-30,Cleaning_Services,548456.11,548456.11,3867.0,3867.0,2742282.53,193.0,31309.0,6.0,544589.11,544589.11,2773591.53,Large
504,2027 Q4,2027-12-31,Cleaning_Services,549624.97,549624.97,3932.0,3932.0,2748126.84,193.0,31831.0,6.0,545692.97,545692.97,2779957.84,Large
504,2028 Q1,2028-03-31,Cleaning_Services,549105.48,549105.48,3841.0,3841.0,2745529.36,194.0,31101.0,6.0,545264.48,545264.48,2776630.36,Large
504,2028 Q2,2028-06-30,Cleaning_Services,548456.11,548456.11,3867.0,3867.0,2742282.53,193.0,31309.0,6.0,544589.11,544589.11,2773591.53,Large
504,2028 Q3,2028-09-30,Cleaning_Services,550923.71,550923.71,2578.0,2578.0,2754620.52,194.0,20873.0,4.0,548345.71,548345.71,2775493.52,Large
509,2027 Q2,2027-06-30,Cleaning_Services,135234.13,136861.13,2874.0,2874.0,684306.64,58.0,14370.0,8.0,132360.13,133987.13,698676.64,Small
509,2027 Q3,2027-09-30,Cleaning_Services,137497.69,137497.69,2156.0,2155.0,687489.47,58.0,10777.0,6.0,135341.69,135342.69,698266.47,Small
509,2027 Q4,2027-12-31,Cleaning_Services,135234.13,136861.13,2191.0,2191.0,684306.64,58.0,10957.0,6.0,133043.13,134670.13,695263.64,Small
509,2028 Q1,2028-03-31,Cleaning_Services,136861.13,136861.13,2141.0,2141.0,684306.64,58.0,10706.0,6.0,134720.13,134720.13,695012.64,Small
509,2028 Q2,2028-06-30,Cleaning_Services,147470.54,147470.54,2156.0,2155.0,737353.67,59.0,10777.0,6.0,145314.54,145315.54,748130.67,Small
509,2028 Q3,2028-09-30,Cleaning_Services,140680.52,140680.52,1437.0,1437.0,703403.57,59.0,7185.0,4.0,139243.52,139243.52,710588.57,Small
530,2027 Q2,2027-06-30,Cleaning_Services,42291.15,42291.15,2575.0,2575.0,211453.77,31.0,12875.0,8.0,39716.15,39716.15,224328.77,Small
530,2027 Q3,2027-09-30,Cleaning_Services,41818.1,41818.1,1931.0,1931.0,209088.51,31.0,9656.0,6.0,39887.1,39887.1,218744.51,Small
530,2027 Q4,2027-12-31,Cleaning_Services,41818.1,41818.1,1963.0,1963.0,209088.51,31.0,9817.0,6.0,39855.1,39855.1,218905.51,Small
530,2028 Q1,2028-03-31,Cleaning_Services,42953.42,42953.42,1918.0,1918.0,214765.13,32.0,9592.0,6.0,41035.42,41035.42,224357.13,Small
530,2028 Q2,2028-06-30,Cleaning_Services,43048.03,43048.03,1931.0,1931.0,215238.18,32.0,9656.0,6.0,41117.03,41117.03,224894.18,Small
530,2028 Q3,2028-09-30,Cleaning_Services,43710.31,43710.31,1288.0,1288.0,218549.54,31.0,6438.0,4.0,42422.31,42422.31,224987.54,Small
521,2027 Q2,2027-06-30,Cleaning_Services,136269.86,138126.86,1074.0,1074.0,690635.34,44.0,9252.0,8.0,135195.86,137052.86,699887.34,Small
521,2027 Q3,2027-09-30,Cleaning_Services,142058.22,144048.22,806.0,806.0,720242.12,43.0,6939.0,6.0,141252.22,143242.22,727181.12,Small
521,2027 Q4,2027-12-31,Cleaning_Services,132587.7,134710.7,819.0,819.0,673554.5,43.0,7054.0,6.0,131768.7,133891.7,680608.5,Small
521,2028 Q1,2028-03-31,Cleaning_Services,131544.72,133799.72,800.0,800.0,668999.61,43.0,6892.0,6.0,130744.72,132999.72,675891.61,Small
521,2028 Q2,2028-06-30,Cleaning_Services,140632.05,140632.05,806.0,806.0,703161.28,44.0,6939.0,6.0,139826.05,139826.05,710100.28,Small
521,2028 Q3,2028-09-30,Cleaning_Services,144048.22,144048.22,537.0,537.0,720242.12,43.0,4626.0,4.0,143511.22,143511.22,724868.12,Small
528,2027 Q2,2027-06-30,Cleaning_Services,161578.13,161578.13,4366.0,4366.0,807889.64,70.0,21828.0,8.0,157212.13,157212.13,829717.64,Medium
528,2027 Q3,2027-09-30,Cleaning_Services,164124.09,164124.09,3274.0,3274.0,820619.46,70.0,16371.0,6.0,160850.09,160850.09,836990.46,Medium
528,2027 Q4,2027-12-31,Cleaning_Services,162669.26,162669.26,3329.0,3329.0,813345.28,70.0,16644.0,6.0,159340.26,159340.26,829989.28,Medium
528,2028 Q1,2028-03-31,Cleaning_Services,168670.46,168670.46,3252.0,3252.0,843351.29,71.0,16262.0,6.0,165418.46,165418.46,859613.29,Medium
528,2028 Q2,2028-06-30,Cleaning_Services,165033.37,165033.37,3274.0,3274.0,825165.83,70.0,16371.0,6.0,161759.37,161759.37,841536.83,Medium
528,2028 Q3,2028-09-30,Cleaning_Services,161396.27,161396.27,2183.0,2183.0,806980.37,70.0,10914.0,4.0,159213.27,159213.27,817894.37,Medium
506,2027 Q2,2027-06-30,Cleaning_Services,407470.56,415321.56,4816.0,4816.0,2076606.84,176.0,40794.0,8.0,402654.56,410505.56,2117400.84,Large
506,2027 Q3,2027-09-30,Cleaning_Services,407361.67,414799.67,3612.0,3612.0,2073997.37,175.0,30596.0,6.0,403749.67,411187.67,2104593.37,Large
506,2027 Q4,2027-12-31,Cleaning_Services,417409.13,417409.13,3672.0,3672.0,2087044.66,175.0,31105.0,6.0,413737.13,413737.13,2118149.66,Large
506,2028 Q1,2028-03-31,Cleaning_Services,417304.75,417304.75,3588.0,3588.0,2086522.77,176.0,30392.0,6.0,413716.75,413716.75,2116914.77,Large
506,2028 Q2,2028-06-30,Cleaning_Services,421932.19,421932.19,3612.0,3612.0,2109659.97,175.0,30596.0,6.0,418320.19,418320.19,2140255.97,Large
506,2028 Q3,2028-09-30,Cleaning_Services,415739.08,415739.08,2408.0,2408.0,2078694.4,175.0,20397.0,4.0,413331.08,413331.08,2099091.4,Large
514,2027 Q2,2027-06-30,Cleaning_Services,140068.08,140068.08,1199.0,1199.0,700340.42,61.0,11697.0,8.0,138869.08,138869.08,712037.42,Small
514,2027 Q3,2027-09-30,Cleaning_Services,140068.08,140068.08,899.0,899.0,700340.42,61.0,8773.0,6.0,139169.08,139169.08,709113.42,Small
514,2027 Q4,2027-12-31,Cleaning_Services,142618.34,142618.34,914.0,914.0,713091.72,61.0,8919.0,6.0,141704.34,141704.34,722010.72,Small
514,2028 Q1,2028-03-31,Cleaning_Services,141637.47,141637.47,893.0,893.0,708187.37,61.0,8714.0,6.0,140744.47,140744.47,716901.37,Small
514,2028 Q2,2028-06-30,Cleaning_Services,143599.21,143599.21,899.0,899.0,717996.06,61.0,8773.0,6.0,142700.21,142700.21,726769.06,Small
514,2028 Q3,2028-09-30,Cleaning_Services,140068.08,140068.08,599.0,599.0,700340.42,61.0,5848.0,4.0,139469.08,139469.08,706188.42,Small
522,2027 Q2,2027-06-30,Cleaning_Services,113306.9,114744.9,1191.0,1191.0,573723.5,47.0,9797.0,8.0,112115.9,113553.9,583520.5,Small
522,2027 Q3,2027-09-30,Cleaning_Services,113904.67,115785.67,893.0,893.0,578927.34,47.0,7348.0,6.0,113011.67,114892.67,586275.34,Small
522,2027 Q4,2027-12-31,Cleaning_Services,110637.22,112849.22,908.0,908.0,564245.08,46.0,7470.0,6.0,109729.22,111941.22,571715.08,Small
522,2028 Q1,2028-03-31,Cleaning_Services,113427.52,115971.52,887.0,887.0,579856.6,47.0,7299.0,6.0,112540.52,115084.52,587155.6,Small
522,2028 Q2,2028-06-30,Cleaning_Services,113295.26,113295.26,893.0,893.0,566475.3,46.0,7348.0,6.0,112402.26,112402.26,573823.3,Small
522,2028 Q3,2028-09-30,Cleaning_Services,111734.11,111734.11,595.0,595.0,558669.54,46.0,4899.0,4.0,111139.11,111139.11,563568.54,Small
532,2027 Q2,2027-06-30,Cleaning_Services,78186.41,111979.41,1314.0,1314.0,559896.04,49.0,12641.0,8.0,76872.41,110665.41,572537.04,Small
532,2027 Q3,2027-09-30,Cleaning_Services,77585.53,111598.53,986.0,986.0,557991.63,49.0,9481.0,6.0,76599.53,110612.53,567472.63,Small
532,2027 Q4,2027-12-31,Cleaning_Services,81250.42,115153.42,1002.0,1002.0,575766.1,49.0,9639.0,6.0,80248.42,114151.42,585405.1,Small
532,2028 Q1,2028-03-31,Cleaning_Services,83459.63,117692.63,979.0,979.0,588462.15,50.0,9418.0,6.0,82480.63,116713.63,597880.15,Small
532,2028 Q2,2028-06-30,Cleaning_Services,110853.21,112614.21,986.0,986.0,563070.05,49.0,9481.0,6.0,109867.21,111628.21,572551.05,Small
532,2028 Q3,2028-09-30,Cleaning_Services,109583.61,111344.61,657.0,657.0,556722.03,49.0,6321.0,4.0,108926.61,110687.61,563043.03,Small
517,2027 Q2,2027-06-30,Cleaning_Services,30853.239999999998,33985.24,2784.0,2784.0,169928.2,17.0,13922.0,8.0,28069.239999999998,31201.239999999998,183850.2,Small
517,2027 Q3,2027-09-30,Cleaning_Services,27805.3,30995.3,2088.0,2088.0,154978.48,16.0,10441.0,6.0,25717.3,28907.3,165419.48,Small
517,2027 Q4,2027-12-31,Cleaning_Services,27863.3,30995.3,2123.0,2123.0,154978.48,16.0,10615.0,6.0,25740.3,28872.3,165593.48,Small
517,2028 Q1,2028-03-31,Cleaning_Services,26746.98,30197.98,2074.0,2074.0,150991.89,16.0,10372.0,6.0,24672.98,28123.98,161363.89,Small
517,2028 Q2,2028-06-30,Cleaning_Services,32988.6,32988.6,2088.0,2088.0,164944.96,17.0,10441.0,6.0,30900.6,30900.6,175385.96,Small
517,2028 Q3,2028-09-30,Cleaning_Services,30197.98,30197.98,1392.0,1392.0,150991.89,16.0,6961.0,4.0,28805.98,28805.98,157952.89,Small
510,2027 Q2,2027-06-30,Cleaning_Services,192833.6,192833.6,1215.0,1215.0,964168.98,61.0,12152.0,8.0,191618.6,191618.6,976320.98,Medium
510,2027 Q3,2027-09-30,Cleaning_Services,191542.3,191542.3,911.0,911.0,957712.49,61.0,9114.0,6.0,190631.3,190631.3,966826.49,Medium
510,2027 Q4,2027-12-31,Cleaning_Services,195093.36,195093.36,926.0,926.0,975467.83,62.0,9266.0,6.0,194167.36,194167.36,984733.83,Medium
510,2028 Q1,2028-03-31,Cleaning_Services,195093.36,195093.36,905.19,905.19,975467.83,62.0,9052.98,6.0,194188.16999999998,194188.16999999998,984520.8099999999,Medium
510,2028 Q2,2028-06-30,Cleaning_Services,194555.33,194555.33,23797.41,23797.41,972777.63,61.0,123545.07,16.0,170757.91999999998,170757.91999999998,1096322.7,Medium
510,2028 Q3,2028-09-30,Cleaning_Services,196707.49,196707.49,608.0,608.0,983538.44,61.0,6076.0,4.0,196099.49,196099.49,989614.44,Medium
520,2027 Q2,2027-06-30,Cleaning_Services,96464.2,113505.2,5715.0,5715.0,567525.0,62.0,28574.0,8.0,90749.2,107790.2,596099.0,Small
520,2027 Q3,2027-09-30,Cleaning_Services,95529.0,113795.0,4286.0,4286.0,568974.01,61.0,21430.0,6.0,91243.0,109509.0,590404.01,Small
520,2027 Q4,2027-12-31,Cleaning_Services,95863.0,113795.0,4357.0,4357.0,568974.01,61.0,21787.0,6.0,91506.0,109438.0,590761.01,Small
520,2028 Q1,2028-03-31,Cleaning_Services,94161.2,112539.2,4257.0,4257.0,562695.0,61.0,21287.0,6.0,89904.2,108282.2,583982.0,Small
520,2028 Q2,2028-06-30,Cleaning_Services,113312.0,113312.0,4286.0,4286.0,566559.0,61.0,21430.0,6.0,109026.0,109026.0,587989.0,Small
520,2028 Q3,2028-09-30,Cleaning_Services,113988.2,113988.2,2857.0,2857.0,569940.0,62.0,14287.0,4.0,111131.2,111131.2,584227.0,Small
511,2027 Q2,2027-06-30,Cleaning_Services,56536.11,84113.11,2768.0,2768.0,420566.56,52.0,26156.0,8.0,53768.11,81345.11,446722.56,Small
511,2027 Q3,2027-09-30,Cleaning_Services,56777.75,84928.75,2076.0,2076.0,424644.78,53.0,19617.0,6.0,54701.75,82852.75,444261.78,Small
511,2027 Q4,2027-12-31,Cleaning_Services,57045.89,84622.89,2111.0,2111.0,423115.45,53.0,19944.0,6.0,54934.89,82511.89,443059.45,Small
511,2028 Q1,2028-03-31,Cleaning_Services,55270.56,83093.56,2062.0,2062.0,415468.78,52.0,19486.0,6.0,53208.56,81031.56,434954.78,Small
511,2028 Q2,2028-06-30,Cleaning_Services,82004.42,83399.42,2076.0,2076.0,416998.11,52.0,19617.0,6.0,79928.42,81323.42,436615.11,Small
511,2028 Q3,2028-09-30,Cleaning_Services,83125.94,84520.94,1384.0,1384.0,422605.66,53.0,13078.0,4.0,81741.94,83136.94,435683.66,Small
505,2027 Q2,2027-06-30,Cleaning_Services,316458.95,322045.95,1934.0,1934.0,1610230.75,98.0,18139.0,8.0,314524.95,320111.95,1628369.75,Medium
505,2027 Q3,2027-09-30,Cleaning_Services,315580.23,319925.23,1451.0,1451.0,1599627.16,98.0,13604.0,6.0,314129.23,318474.23,1613231.16,Medium
505,2027 Q4,2027-12-31,Cleaning_Services,306335.59,317198.59,1475.0,1475.0,1585993.97,97.0,13831.0,6.0,304860.59,315723.59,1599824.97,Medium
505,2028 Q1,2028-03-31,Cleaning_Services,312520.48,318107.48,1440.92,1440.92,1590538.37,98.0,13513.55,6.0,311079.56,316666.56,1604051.9200000002,Medium
505,2028 Q2,2028-06-30,Cleaning_Services,316971.38,316971.38,25146.54,25146.54,1584857.87,98.0,132083.64,15.0,291824.84,291824.84,1716941.5100000002,Medium
505,2028 Q3,2028-09-30,Cleaning_Services,316176.11,316176.11,967.0,967.0,1580881.52,98.0,9069.0,4.0,315209.11,315209.11,1589950.52,Medium
507,2027 Q2,2027-06-30,Cleaning_Services,34489.27,34489.27,0.0,0.0,172448.35,22.0,11401.0,8.0,34489.27,34489.27,183849.35,Small
507,2027 Q3,2027-09-30,Cleaning_Services,33662.18,33662.18,0.0,0.0,168312.9,22.0,8551.0,6.0,33662.18,33662.18,176863.9,Small
507,2027 Q4,2027-12-31,Cleaning_Services,33993.02,33993.02,0.0,0.0,169967.08,22.0,8693.0,6.0,33993.02,33993.02,178660.08,Small
507,2028 Q1,2028-03-31,Cleaning_Services,34075.72,34075.72,0.0,0.0,170380.62,23.0,8494.0,6.0,34075.72,34075.72,178874.62,Small
507,2028 Q2,2028-06-30,Cleaning_Services,32835.09,32835.09,0.0,0.0,164177.45,22.0,8551.0,6.0,32835.09,32835.09,172728.45,Small
507,2028 Q3,2028-09-30,Cleaning_Services,32835.09,32835.09,0.0,0.0,164177.45,22.0,5700.0,4.0,32835.09,32835.09,169877.45,Small
525,2027 Q2,2027-06-30,Cleaning_Services,93699.79,139379.79,2557.0,2557.0,696900.96,61.0,12784.0,8.0,91142.79,136822.79,709684.96,Medium
525,2027 Q3,2027-09-30,Cleaning_Services,93941.52,139757.52,1918.0,1918.0,698789.58,62.0,9588.0,6.0,92023.52,137839.52,708377.58,Medium
525,2027 Q4,2027-12-31,Cleaning_Services,92597.9,137868.9,1950.0,1950.0,689346.48,61.0,9748.0,6.0,90647.9,135918.9,699094.48,Medium
525,2028 Q1,2028-03-31,Cleaning_Services,92324.9,137868.9,1905.0,1905.0,689346.48,61.0,9524.0,6.0,90419.9,135963.9,698870.48,Medium
525,2028 Q2,2028-06-30,Cleaning_Services,135550.9,137868.9,1918.0,1918.0,689346.48,61.0,9588.0,6.0,133632.9,135950.9,698934.48,Medium
525,2028 Q3,2028-09-30,Cleaning_Services,137187.7,139505.7,1278.0,1278.0,697530.5,61.0,6392.0,4.0,135909.7,138227.7,703922.5,Medium
526,2027 Q2,2027-06-30,Cleaning_Services,300656.43,367692.43,2648.0,2648.0,1838460.16,118.0,21411.0,8.0,298008.43,365044.43,1859871.16,Large
526,2027 Q3,2027-09-30,Cleaning_Services,294263.62,365264.62,1986.0,1986.0,1826321.11,118.0,16058.0,6.0,292277.62,363278.62,1842379.11,Large
526,2027 Q4,2027-12-31,Cleaning_Services,293524.77,363443.77,2019.0,2019.0,1817216.82,119.0,16326.0,6.0,291505.77,361424.77,1833542.82,Large
526,2028 Q1,2028-03-31,Cleaning_Services,293505.91,361622.91,1972.0,1972.0,1808112.53,118.0,15951.0,6.0,291533.91,359650.91,1824063.53,Large
526,2028 Q2,2028-06-30,Cleaning_Services,369958.39,369958.39,1986.0,1986.0,1849789.94,119.0,16058.0,6.0,367972.39,367972.39,1865847.94,Large
526,2028 Q3,2028-09-30,Cleaning_Services,369149.12,369149.12,1324.0,1324.0,1845743.59,119.0,10705.0,4.0,367825.12,367825.12,1856448.59,Large
527,2027 Q2,2027-06-30,Cleaning_Services,150157.98,150157.98,2440.0,2440.0,750790.91,73.0,23623.0,8.0,147717.98,147717.98,774413.91,Medium
527,2027 Q3,2027-09-30,Cleaning_Services,151326.88,151326.88,1830.0,1830.0,756635.39,73.0,17717.0,6.0,149496.88,149496.88,774352.39,Medium
527,2027 Q4,2027-12-31,Cleaning_Services,153155.15,153155.15,1861.0,1861.0,765776.76,74.0,18013.0,6.0,151294.15,151294.15,783789.76,Medium
527,2028 Q1,2028-03-31,Cleaning_Services,151326.88,151326.88,1818.0,1818.0,756635.39,73.0,17599.0,6.0,149508.88,149508.88,774234.39,Medium
527,2028 Q2,2028-06-30,Cleaning_Services,155373.05,155373.05,1830.0,1830.0,776866.28,74.0,20572.32,7.0,153543.05,153543.05,797438.6,Medium
527,2028 Q3,2028-09-30,Cleaning_Services,153754.58,153754.58,1220.0,1220.0,768773.93,74.0,11812.0,4.0,152534.58,152534.58,780585.93,Medium
508,2027 Q2,2027-06-30,Cleaning_Services,322886.12,322886.12,2886.0,2886.0,1614430.62,118.0,23644.0,8.0,320000.12,320000.12,1638074.62,Large
508,2027 Q3,2027-09-30,Cleaning_Services,324879.25,324879.25,2164.0,2164.0,1624396.24,118.0,17733.0,6.0,322715.25,322715.25,1642129.24,Large
508,2027 Q4,2027-12-31,Cleaning_Services,322221.75,322221.75,2201.0,2201.0,1611108.75,118.0,18029.0,6.0,320020.75,320020.75,1629137.75,Large
508,2028 Q1,2028-03-31,Cleaning_Services,325322.16,325322.16,2150.0,2150.0,1626610.82,118.0,17615.0,6.0,323172.16,323172.16,1644225.82,Large
508,2028 Q2,2028-06-30,Cleaning_Services,324082.0,324082.0,2164.0,2164.0,1620409.99,118.0,17733.0,6.0,321918.0,321918.0,1638142.99,Large
508,2028 Q3,2028-09-30,Cleaning_Services,323949.12,323949.12,1443.0,1443.0,1619745.62,119.0,11822.0,4.0,322506.12,322506.12,1631567.62,Large
515,2027 Q2,2027-06-30,Cleaning_Services,192989.11,192989.11,1337.0,1337.0,964944.53,61.0,13075.0,8.0,191652.11,191652.11,978019.53,Medium
515,2027 Q3,2027-09-30,Cleaning_Services,194994.76,194994.76,1003.0,1003.0,974972.82,61.0,9806.0,6.0,193991.76,193991.76,984778.82,Medium
515,2027 Q4,2027-12-31,Cleaning_Services,196109.02,196109.02,1020.0,1020.0,980544.09,61.0,9970.0,6.0,195089.02,195089.02,990514.09,Medium
515,2028 Q1,2028-03-31,Cleaning_Services,198000.76,200491.76,996.0,996.0,1002457.76,62.0,9741.0,6.0,197004.76,199495.76,1012198.76,Medium
515,2028 Q2,2028-06-30,Cleaning_Services,193323.38,193323.38,1003.0,1003.0,966615.91,61.0,9806.0,6.0,192320.38,192320.38,976421.91,Medium
515,2028 Q3,2028-09-30,Cleaning_Services,196480.44,196480.44,669.0,669.0,982401.18,61.0,6538.0,4.0,195811.44,195811.44,988939.18,Medium
524,2027 Q2,2027-06-30,Cleaning_Services,74377.37,131653.37,3983.0,3983.0,658268.83,73.0,38793.0,8.0,70394.37,127670.37,697061.83,Small
524,2027 Q3,2027-09-30,Cleaning_Services,75856.46,134309.46,2988.0,2988.0,671549.31,73.0,29094.0,6.0,72868.46,131321.46,700643.31,Small
524,2027 Q4,2027-12-31,Cleaning_Services,78981.27,136257.27,3037.0,3037.0,681288.33,74.0,29579.0,6.0,75944.27,133220.27,710867.33,Small
524,2028 Q1,2028-03-31,Cleaning_Services,76741.83,135194.83,2968.0,2968.0,675976.14,73.0,28900.0,6.0,73773.83,132226.83,704876.14,Small
524,2028 Q2,2028-06-30,Cleaning_Services,129039.37,131653.37,2988.0,2988.0,658268.83,73.0,29094.0,6.0,126051.37,128665.37,687362.83,Small
524,2028 Q3,2028-09-30,Cleaning_Services,130367.41,132981.41,1992.0,1992.0,664909.07,73.0,19396.0,4.0,128375.41,130989.41,684305.07,Small
516,2027 Q2,2027-06-30,Cleaning_Services,182476.58,182476.58,2619.0,2619.0,912382.9,74.0,13095.0,8.0,179857.58,179857.58,925477.9,Medium
516,2027 Q3,2027-09-30,Cleaning_Services,179563.48,179563.48,1964.0,1964.0,897817.4,73.0,9822.0,6.0,177599.48,177599.48,907639.4,Medium
516,2027 Q4,2027-12-31,Cleaning_Services,179330.43,179330.43,1997.0,1997.0,896652.16,73.0,9985.0,6.0,177333.43,177333.43,906637.16,Medium
516,2028 Q1,2028-03-31,Cleaning_Services,178631.29,178631.29,1951.0,1951.0,893156.44,73.0,9756.0,6.0,176680.29,176680.29,902912.44,Medium
516,2028 Q2,2028-06-30,Cleaning_Services,178980.86,178980.86,1964.0,1964.0,894904.3,73.0,9822.0,6.0,177016.86,177016.86,904726.3,Medium
516,2028 Q3,2028-09-30,Cleaning_Services,180029.58,180029.58,1310.0,1310.0,900147.88,73.0,6548.0,4.0,178719.58,178719.58,906695.88,Medium
518,2027 Q2,2027-06-30,Cleaning_Services,38796.95,58391.95,2400.0,2400.0,291960.74,25.0,11998.0,8.0,36396.95,55991.95,303958.74,Small
518,2027 Q3,2027-09-30,Cleaning_Services,38893.15,58488.15,1800.0,1800.0,292441.73,25.0,8998.0,6.0,37093.15,56688.15,301439.73,Small
518,2027 Q4,2027-12-31,Cleaning_Services,41684.28,61951.28,1830.0,1830.0,309757.37,26.0,9148.0,6.0,39854.28,60121.28,318905.37,Small
518,2028 Q1,2028-03-31,Cleaning_Services,38613.15,58488.15,1788.0,1788.0,292441.73,25.0,8938.0,6.0,36825.15,56700.15,301379.73,Small
518,2028 Q2,2028-06-30,Cleaning_Services,57864.94,58872.94,1800.0,1800.0,294365.69,25.0,8998.0,6.0,56064.94,57072.94,303363.69,Small
518,2028 Q3,2028-09-30,Cleaning_Services,57383.95,58391.95,1200.0,1200.0,291960.74,25.0,5999.0,4.0,56183.95,57191.95,297959.74,Small
513,2027 Q2,2027-06-30,Cleaning_Services,74258.35,75445.35,1319.0,1319.0,377224.76,37.0,10757.0,8.0,72939.35,74126.35,387981.76,Small
513,2027 Q3,2027-09-30,Cleaning_Services,74454.53,76086.53,990.0,990.0,380430.64,37.0,8068.0,6.0,73464.53,75096.53,388498.64,Small
513,2027 Q4,2027-12-31,Cleaning_Services,74871.47,77689.47,1006.0,1006.0,388445.34,38.0,8203.0,6.0,73865.47,76683.47,396648.34,Small
513,2028 Q1,2028-03-31,Cleaning_Services,75178.98,76513.98,983.0,983.0,382567.89,38.0,8014.0,6.0,74195.98,75530.98,390581.89,Small
513,2028 Q2,2028-06-30,Cleaning_Services,76727.7,76727.7,990.0,990.0,383636.52,37.0,8068.0,6.0,75737.7,75737.7,391704.52,Small
513,2028 Q3,2028-09-30,Cleaning_Services,75765.94,75765.94,660.0,660.0,378827.7,37.0,5379.0,4.0,75105.94,75105.94,384206.7,Small
529,2027 Q2,2027-06-30,Cleaning_Services,38766.54,46065.54,1200.0,1200.0,230326.72,25.0,11270.0,8.0,37566.54,44865.54,241596.72,Small
529,2027 Q3,2027-09-30,Cleaning_Services,43638.08,47354.08,900.0,900.0,236769.44,26.0,8452.0,6.0,42738.08,46454.08,245221.44,Small
529,2027 Q4,2027-12-31,Cleaning_Services,43924.68,46387.68,915.0,915.0,231937.4,25.0,8593.0,6.0,43009.68,45472.68,240530.4,Small
529,2028 Q1,2028-03-31,Cleaning_Services,41040.08,47354.08,894.0,894.0,236769.44,26.0,8396.0,6.0,40146.08,46460.08,245165.44,Small
529,2028 Q2,2028-06-30,Cleaning_Services,46753.71,47246.71,900.0,900.0,236232.54,26.0,8452.0,6.0,45853.71,46346.71,244684.54,Small
529,2028 Q3,2028-09-30,Cleaning_Services,45313.79,45850.79,600.0,600.0,229252.93,25.0,5635.0,4.0,44713.79,45250.79,234887.93,Small
519,2027 Q2,2027-06-30,Cleaning_Services,34223.06,34223.06,0.0,0.0,171114.29,13.0,10998.0,8.0,34223.06,34223.06,182112.29,Small
519,2027 Q3,2027-09-30,Cleaning_Services,36448.94,36448.94,0.0,0.0,182243.71,13.0,8249.0,6.0,36448.94,36448.94,190492.71,Small
519,2027 Q4,2027-12-31,Cleaning_Services,34398.76,35057.76,0.0,0.0,175287.82,13.0,8386.0,6.0,34398.76,35057.76,183673.82,Small
519,2028 Q1,2028-03-31,Cleaning_Services,40061.47,40622.47,0.0,0.0,203111.36,14.0,8194.0,6.0,40061.47,40622.47,211305.36,Small
519,2028 Q2,2028-06-30,Cleaning_Services,34223.06,34223.06,0.0,0.0,171114.29,13.0,8249.0,6.0,34223.06,34223.06,179363.29,Small
519,2028 Q3,2028-09-30,Cleaning_Services,36448.94,36448.94,0.0,0.0,182243.71,13.0,5499.0,4.0,36448.94,36448.94,187742.71,Small
503,2027 Q2,2027-06-30,Cleaning_Services,45270.44,61665.44,2685.0,2685.0,308326.2,32.0,13425.0,8.0,42585.44,58980.44,321751.2,Small
503,2027 Q3,2027-09-30,Cleaning_Services,46401.479999999996,63088.479999999996,2014.0,2014.0,315441.42,31.0,10069.0,6.0,44387.479999999996,61074.479999999996,325510.42,Small
503,2027 Q4,2027-12-31,Cleaning_Services,41914.05,59768.05,2047.0,2047.0,298839.23,31.0,10237.0,6.0,39867.05,57721.05,309076.23,Small
503,2028 Q1,2028-03-31,Cleaning_Services,42096.44,59483.44,2000.0,2000.0,297416.18,31.0,10002.0,6.0,40096.44,57483.44,307418.18,Small
503,2028 Q2,2028-06-30,Cleaning_Services,61454.53,62329.53,2014.0,2014.0,311646.63,32.0,10069.0,6.0,59440.53,60315.53,321715.63,Small
503,2028 Q3,2028-09-30,Cleaning_Services,59994.61,60811.61,1343.0,1343.0,304057.06,31.0,6713.0,4.0,58651.61,59468.61,310770.06,Small
512,2027 Q2,2027-06-30,Cleaning_Services,33011.55,57992.55,1042.0,1042.0,289961.76,25.0,10182.0,8.0,31969.550000000003,56950.55,300143.76,Small
512,2027 Q3,2027-09-30,Cleaning_Services,49621.76,61826.76,782.0,782.0,309132.79,25.0,7636.0,6.0,48839.76,61044.76,316768.79,Small
512,2027 Q4,2027-12-31,Cleaning_Services,44122.1,58951.1,795.0,795.0,294754.52,25.0,7763.0,6.0,43327.1,58156.1,302517.52,Small
512,2028 Q1,2028-03-31,Cleaning_Services,32031.1,58951.1,776.66,776.66,294754.52,25.0,7585.3099999999995,6.0,31254.44,58174.439999999995,302339.83,Small
512,2028 Q2,2028-06-30,Cleaning_Services,56851.55,57992.55,17550.54,17550.54,289961.76,25.0,91479.81,14.0,39301.01,40442.01,381441.57,Small
512,2028 Q3,2028-09-30,Cleaning_Services,58324.1,58951.1,521.0,521.0,294754.52,25.0,5091.0,4.0,57803.1,58430.1,299845.52,Small
531,2027 Q2,2027-06-30,Cleaning_Services,55156.21,55807.21,1362.0,1362.0,279038.05,28.0,11210.0,8.0,53794.21,54445.21,290248.05,Small
531,2027 Q3,2027-09-30,Cleaning_Services,57357.42,57357.42,1021.0,1021.0,286789.09,28.0,8408.0,6.0,56336.42,56336.42,295197.09,Small
531,2027 Q4,2027-12-31,Cleaning_Services,57357.42,57357.42,1038.0,1038.0,286789.09,29.0,8548.0,6.0,56319.42,56319.42,295337.09,Small
531,2028 Q1,2028-03-31,Cleaning_Services,57357.42,57357.42,1014.0,1014.0,286789.09,28.0,8352.0,6.0,56343.42,56343.42,295141.09,Small
531,2028 Q2,2028-06-30,Cleaning_Services,58907.63,58907.63,1021.0,1021.0,294540.14,29.0,8408.0,6.0,57886.63,57886.63,302948.14,Small
531,2028 Q3,2028-09-30,Cleaning_Services,56840.68,56840.68,681.0,681.0,284205.41,28.0,5605.0,4.0,56159.68,56159.68,289810.41,Small
1,2027 Q2,2027-06-30,Customer,0.0,0.0,72230084.0,72230084.0,0.0,0.0,361150419.0,45591.0,-72230084.0,-72230084.0,361150419.0,Large
1,2027 Q3,2027-09-30,Customer,0.0,0.0,69631889.0,69631889.0,0.0,0.0,348159443.0,46092.0,-69631889.0,-69631889.0,348159443.0,Large
1,2027 Q4,2027-12-31,Customer,0.0,0.0,86372157.0,86372158.0,0.0,0.0,431860790.0,46092.0,-86372157.0,-86372158.0,431860790.0,Large
1,2028 Q1,2028-03-31,Customer,0.0,0.0,85932256.0,85932256.0,0.0,0.0,429661280.0,45591.0,-85932256.0,-85932256.0,429661280.0,Large
1,2028 Q2,2028-06-30,Customer,0.0,0.0,76440851.0,76440851.0,0.0,0.0,382204257.0,45591.0,-76440851.0,-76440851.0,382204257.0,Large
1,2028 Q3,2028-09-30,Customer,0.0,0.0,74430259.0,74430259.0,0.0,0.0,372151293.0,46092.0,-74430259.0,-74430259.0,372151293.0,Large
608,2027 Q2,2027-06-30,Food_Processors,0.0,0.0,9443.0,9443.0,0.0,0.0,47216.0,3.0,-9443.0,-9443.0,47216.0,Small
608,2027 Q3,2027-09-30,Food_Processors,0.0,0.0,9443.0,9443.0,0.0,0.0,47216.0,3.0,-9443.0,-9443.0,47216.0,Small
608,2027 Q4,2027-12-31,Food_Processors,0.0,0.0,9443.0,9443.0,0.0,0.0,47216.0,3.0,-9443.0,-9443.0,47216.0,Small
608,2028 Q1,2028-03-31,Food_Processors,0.0,0.0,9443.0,9443.0,0.0,0.0,47216.0,3.0,-9443.0,-9443.0,47216.0,Small
608,2028 Q2,2028-06-30,Food_Processors,0.0,0.0,9443.0,9443.0,0.0,0.0,47216.0,3.0,-9443.0,-9443.0,47216.0,Small
608,2028 Q3,2028-09-30,Food_Processors,0.0,0.0,12590.7,12590.7,0.0,0.0,62954.5,4.0,-12590.7,-12590.7,62954.5,Small
616,2027 Q2,2027-06-30,Livestock_Farmers,0.0,0.0,5796.0,5796.0,0.0,0.0,28980.0,3.0,-5796.0,-5796.0,28980.0,Small
616,2027 Q3,2027-09-30,Livestock_Farmers,0.0,0.0,5796.0,5796.0,0.0,0.0,28980.0,3.0,-5796.0,-5796.0,28980.0,Small
616,2027 Q4,2027-12-31,Livestock_Farmers,0.0,0.0,5796.0,5796.0,0.0,0.0,28980.0,3.0,-5796.0,-5796.0,28980.0,Small
616,2028 Q1,2028-03-31,Livestock_Farmers,0.0,0.0,5796.0,5796.0,0.0,0.0,28980.0,3.0,-5796.0,-5796.0,28980.0,Small
616,2028 Q2,2028-06-30,Livestock_Farmers,0.0,0.0,7728.0,7728.0,0.0,0.0,38640.0,4.0,-7728.0,-7728.0,38640.0,Small
616,2028 Q3,2028-09-30,Livestock_Farmers,0.0,0.0,5796.0,5796.0,0.0,0.0,28980.0,3.0,-5796.0,-5796.0,28980.0,Small
618,2027 Q2,2027-06-30,Livestock_Farmers,0.0,0.0,7972.0,7972.0,0.0,0.0,39862.0,3.0,-7972.0,-7972.0,39862.0,Small
618,2027 Q3,2027-09-30,Livestock_Farmers,0.0,0.0,7972.0,7972.0,0.0,0.0,39862.0,3.0,-7972.0,-7972.0,39862.0,Small
618,2027 Q4,2027-12-31,Livestock_Farmers,0.0,0.0,7972.0,7972.0,0.0,0.0,39862.0,3.0,-7972.0,-7972.0,39862.0,Small
618,2028 Q1,2028-03-31,Livestock_Farmers,0.0,0.0,7972.0,7972.0,0.0,0.0,39862.0,3.0,-7972.0,-7972.0,39862.0,Small
618,2028 Q2,2028-06-30,Livestock_Farmers,0.0,0.0,7972.0,7972.0,0.0,0.0,39862.0,3.0,-7972.0,-7972.0,39862.0,Small
618,2028 Q3,2028-09-30,Livestock_Farmers,0.0,0.0,7972.0,7972.0,0.0,0.0,39862.0,3.0,-7972.0,-7972.0,39862.0,Small
623,2027 Q2,2027-06-30,Livestock_Farmers,0.0,0.0,5751.0,5751.0,0.0,0.0,28757.0,3.0,-5751.0,-5751.0,28757.0,Small
623,2027 Q3,2027-09-30,Livestock_Farmers,0.0,0.0,5751.0,5751.0,0.0,0.0,28757.0,3.0,-5751.0,-5751.0,28757.0,Small
623,2027 Q4,2027-12-31,Livestock_Farmers,0.0,0.0,7668.1,7668.1,0.0,0.0,38342.520000000004,4.0,-7668.1,-7668.1,38342.520000000004,Small
623,2028 Q1,2028-03-31,Livestock_Farmers,0.0,0.0,5751.0,5751.0,0.0,0.0,28757.0,3.0,-5751.0,-5751.0,28757.0,Small
623,2028 Q2,2028-06-30,Livestock_Farmers,0.0,0.0,5751.0,5751.0,0.0,0.0,28757.0,3.0,-5751.0,-5751.0,28757.0,Small
623,2028 Q3,2028-09-30,Livestock_Farmers,0.0,0.0,5751.0,5751.0,0.0,0.0,28757.0,3.0,-5751.0,-5751.0,28757.0,Small
631,2027 Q2,2027-06-30,Livestock_Farmers,0.0,0.0,6201.0,6201.0,0.0,0.0,31004.0,3.0,-6201.0,-6201.0,31004.0,Small
631,2027 Q3,2027-09-30,Livestock_Farmers,0.0,0.0,6201.0,6201.0,0.0,0.0,31004.0,3.0,-6201.0,-6201.0,31004.0,Small
631,2027 Q4,2027-12-31,Livestock_Farmers,0.0,0.0,8267.95,8267.95,0.0,0.0,41338.729999999996,4.0,-8267.95,-8267.95,41338.729999999996,Small
631,2028 Q1,2028-03-31,Livestock_Farmers,0.0,0.0,6201.0,6201.0,0.0,0.0,31004.0,3.0,-6201.0,-6201.0,31004.0,Small
631,2028 Q2,2028-06-30,Livestock_Farmers,0.0,0.0,6201.0,6201.0,0.0,0.0,31004.0,3.0,-6201.0,-6201.0,31004.0,Small
631,2028 Q3,2028-09-30,Livestock_Farmers,0.0,0.0,6201.0,6201.0,0.0,0.0,31004.0,3.0,-6201.0,-6201.0,31004.0,Small
635,2027 Q2,2027-06-30,Livestock_Farmers,0.0,0.0,7972.0,7972.0,0.0,0.0,39862.0,3.0,-7972.0,-7972.0,39862.0,Small
635,2027 Q3,2027-09-30,Livestock_Farmers,0.0,0.0,7972.0,7972.0,0.0,0.0,39862.0,3.0,-7972.0,-7972.0,39862.0,Small
635,2027 Q4,2027-12-31,Livestock_Farmers,0.0,0.0,7972.0,7972.0,0.0,0.0,39862.0,3.0,-7972.0,-7972.0,39862.0,Small
635,2028 Q1,2028-03-31,Livestock_Farmers,0.0,0.0,7972.0,7972.0,0.0,0.0,39862.0,3.0,-7972.0,-7972.0,39862.0,Small
635,2028 Q2,2028-06-30,Livestock_Farmers,0.0,0.0,7972.0,7972.0,0.0,0.0,39862.0,3.0,-7972.0,-7972.0,39862.0,Small
635,2028 Q3,2028-09-30,Livestock_Farmers,0.0,0.0,7972.0,7972.0,0.0,0.0,39862.0,3.0,-7972.0,-7972.0,39862.0,Small
641,2027 Q2,2027-06-30,Livestock_Farmers,0.0,0.0,5751.0,5751.0,0.0,0.0,28757.0,3.0,-5751.0,-5751.0,28757.0,Small
641,2027 Q3,2027-09-30,Livestock_Farmers,0.0,0.0,5751.0,5751.0,0.0,0.0,28757.0,3.0,-5751.0,-5751.0,28757.0,Small
641,2027 Q4,2027-12-31,Livestock_Farmers,0.0,0.0,5751.0,5751.0,0.0,0.0,28757.0,3.0,-5751.0,-5751.0,28757.0,Small
641,2028 Q1,2028-03-31,Livestock_Farmers,0.0,0.0,5751.0,5751.0,0.0,0.0,28757.0,3.0,-5751.0,-5751.0,28757.0,Small
641,2028 Q2,2028-06-30,Livestock_Farmers,0.0,0.0,5751.0,5751.0,0.0,0.0,28757.0,3.0,-5751.0,-5751.0,28757.0,Small
641,2028 Q3,2028-09-30,Livestock_Farmers,0.0,0.0,5751.0,5751.0,0.0,0.0,28757.0,3.0,-5751.0,-5751.0,28757.0,Small
645,2027 Q2,2027-06-30,Crop_Farmers,0.0,0.0,4188.0,4188.0,0.0,0.0,20939.0,3.0,-4188.0,-4188.0,20939.0,Small
645,2027 Q3,2027-09-30,Crop_Farmers,0.0,0.0,4188.0,4188.0,0.0,0.0,20939.0,3.0,-4188.0,-4188.0,20939.0,Small
645,2027 Q4,2027-12-31,Crop_Farmers,0.0,0.0,4188.0,4188.0,0.0,0.0,20939.0,3.0,-4188.0,-4188.0,20939.0,Small
645,2028 Q1,2028-03-31,Crop_Farmers,0.0,0.0,4188.0,4188.0,0.0,0.0,20939.0,3.0,-4188.0,-4188.0,20939.0,Small
645,2028 Q2,2028-06-30,Crop_Farmers,0.0,0.0,5583.92,5583.92,0.0,0.0,27918.61,4.0,-5583.92,-5583.92,27918.61,Small
645,2028 Q3,2028-09-30,Crop_Farmers,0.0,0.0,4188.0,4188.0,0.0,0.0,20939.0,3.0,-4188.0,-4188.0,20939.0,Small
646,2027 Q2,2027-06-30,Crop_Farmers,0.0,0.0,5065.0,5065.0,0.0,0.0,25325.0,3.0,-5065.0,-5065.0,25325.0,Small
646,2027 Q3,2027-09-30,Crop_Farmers,0.0,0.0,5065.0,5065.0,0.0,0.0,25325.0,3.0,-5065.0,-5065.0,25325.0,Small
646,2027 Q4,2027-12-31,Crop_Farmers,0.0,0.0,5065.0,5065.0,0.0,0.0,25325.0,3.0,-5065.0,-5065.0,25325.0,Small
646,2028 Q1,2028-03-31,Crop_Farmers,0.0,0.0,5065.0,5065.0,0.0,0.0,25325.0,3.0,-5065.0,-5065.0,25325.0,Small
646,2028 Q2,2028-06-30,Crop_Farmers,0.0,0.0,5065.0,5065.0,0.0,0.0,25325.0,3.0,-5065.0,-5065.0,25325.0,Small
646,2028 Q3,2028-09-30,Crop_Farmers,0.0,0.0,5065.0,5065.0,0.0,0.0,25325.0,3.0,-5065.0,-5065.0,25325.0,Small
647,2027 Q2,2027-06-30,Crop_Farmers,0.0,0.0,3546.0,3546.0,0.0,0.0,17731.0,3.0,-3546.0,-3546.0,17731.0,Small
647,2027 Q3,2027-09-30,Crop_Farmers,0.0,0.0,3546.0,3546.0,0.0,0.0,17731.0,3.0,-3546.0,-3546.0,17731.0,Small
647,2027 Q4,2027-12-31,Crop_Farmers,0.0,0.0,3546.0,3546.0,0.0,0.0,17731.0,3.0,-3546.0,-3546.0,17731.0,Small
647,2028 Q1,2028-03-31,Crop_Farmers,0.0,0.0,3546.0,3546.0,0.0,0.0,17731.0,3.0,-3546.0,-3546.0,17731.0,Small
647,2028 Q2,2028-06-30,Crop_Farmers,0.0,0.0,3546.0,3546.0,0.0,0.0,17731.0,3.0,-3546.0,-3546.0,17731.0,Small
647,2028 Q3,2028-09-30,Crop_Farmers,0.0,0.0,3546.0,3546.0,0.0,0.0,17731.0,3.0,-3546.0,-3546.0,17731.0,Small
648,2027 Q2,2027-06-30,Crop_Farmers,0.0,0.0,3976.0,3976.0,0.0,0.0,19881.0,3.0,-3976.0,-3976.0,19881.0,Small
648,2027 Q3,2027-09-30,Crop_Farmers,0.0,0.0,3976.0,3976.0,0.0,0.0,19881.0,3.0,-3976.0,-3976.0,19881.0,Small
648,2027 Q4,2027-12-31,Crop_Farmers,0.0,0.0,3976.0,3976.0,0.0,0.0,19881.0,3.0,-3976.0,-3976.0,19881.0,Small
648,2028 Q1,2028-03-31,Crop_Farmers,0.0,0.0,3976.0,3976.0,0.0,0.0,19881.0,3.0,-3976.0,-3976.0,19881.0,Small
648,2028 Q2,2028-06-30,Crop_Farmers,0.0,0.0,3976.0,3976.0,0.0,0.0,19881.0,3.0,-3976.0,-3976.0,19881.0,Small
648,2028 Q3,2028-09-30,Crop_Farmers,0.0,0.0,3976.0,3976.0,0.0,0.0,19881.0,3.0,-3976.0,-3976.0,19881.0,Small
650,2027 Q2,2027-06-30,Crop_Farmers,0.0,0.0,4138.0,4138.0,0.0,0.0,20688.0,3.0,-4138.0,-4138.0,20688.0,Small
650,2027 Q3,2027-09-30,Crop_Farmers,0.0,0.0,4138.0,4138.0,0.0,0.0,20688.0,3.0,-4138.0,-4138.0,20688.0,Small
650,2027 Q4,2027-12-31,Crop_Farmers,0.0,0.0,4138.0,4138.0,0.0,0.0,20688.0,3.0,-4138.0,-4138.0,20688.0,Small
650,2028 Q1,2028-03-31,Crop_Farmers,0.0,0.0,4138.0,4138.0,0.0,0.0,20688.0,3.0,-4138.0,-4138.0,20688.0,Small
650,2028 Q2,2028-06-30,Crop_Farmers,0.0,0.0,4138.0,4138.0,0.0,0.0,20688.0,3.0,-4138.0,-4138.0,20688.0,Small
650,2028 Q3,2028-09-30,Crop_Farmers,0.0,0.0,4138.0,4138.0,0.0,0.0,20688.0,3.0,-4138.0,-4138.0,20688.0,Small
653,2027 Q2,2027-06-30,Crop_Farmers,0.0,0.0,4071.0,4071.0,0.0,0.0,20354.0,3.0,-4071.0,-4071.0,20354.0,Small
653,2027 Q3,2027-09-30,Crop_Farmers,0.0,0.0,4071.0,4071.0,0.0,0.0,20354.0,3.0,-4071.0,-4071.0,20354.0,Small
653,2027 Q4,2027-12-31,Crop_Farmers,0.0,0.0,4071.0,4071.0,0.0,0.0,20354.0,3.0,-4071.0,-4071.0,20354.0,Small
653,2028 Q1,2028-03-31,Crop_Farmers,0.0,0.0,4071.0,4071.0,0.0,0.0,20354.0,3.0,-4071.0,-4071.0,20354.0,Small
653,2028 Q2,2028-06-30,Crop_Farmers,0.0,0.0,4071.0,4071.0,0.0,0.0,20354.0,3.0,-4071.0,-4071.0,20354.0,Small
653,2028 Q3,2028-09-30,Crop_Farmers,0.0,0.0,4071.0,4071.0,0.0,0.0,20354.0,3.0,-4071.0,-4071.0,20354.0,Small
658,2027 Q2,2027-06-30,Crop_Farmers,0.0,0.0,5065.0,5065.0,0.0,0.0,25325.0,3.0,-5065.0,-5065.0,25325.0,Small
658,2027 Q3,2027-09-30,Crop_Farmers,0.0,0.0,5065.0,5065.0,0.0,0.0,25325.0,3.0,-5065.0,-5065.0,25325.0,Small
658,2027 Q4,2027-12-31,Crop_Farmers,0.0,0.0,5065.0,5065.0,0.0,0.0,25325.0,3.0,-5065.0,-5065.0,25325.0,Small
658,2028 Q1,2028-03-31,Crop_Farmers,0.0,0.0,5065.0,5065.0,0.0,0.0,25325.0,3.0,-5065.0,-5065.0,25325.0,Small
658,2028 Q2,2028-06-30,Crop_Farmers,0.0,0.0,5065.0,5065.0,0.0,0.0,25325.0,3.0,-5065.0,-5065.0,25325.0,Small
658,2028 Q3,2028-09-30,Crop_Farmers,0.0,0.0,5065.0,5065.0,0.0,0.0,25325.0,3.0,-5065.0,-5065.0,25325.0,Small
659,2027 Q2,2027-06-30,Crop_Farmers,0.0,0.0,5798.64,5798.64,0.0,0.0,28993.2,4.0,-5798.64,-5798.64,28993.2,Small
659,2027 Q3,2027-09-30,Crop_Farmers,0.0,0.0,5798.64,5798.64,0.0,0.0,28993.2,4.0,-5798.64,-5798.64,28993.2,Small
659,2027 Q4,2027-12-31,Crop_Farmers,0.0,0.0,4349.0,4349.0,0.0,0.0,21745.0,3.0,-4349.0,-4349.0,21745.0,Small
659,2028 Q1,2028-03-31,Crop_Farmers,0.0,0.0,4349.0,4349.0,0.0,0.0,21745.0,3.0,-4349.0,-4349.0,21745.0,Small
659,2028 Q2,2028-06-30,Crop_Farmers,0.0,0.0,4349.0,4349.0,0.0,0.0,21745.0,3.0,-4349.0,-4349.0,21745.0,Small
659,2028 Q3,2028-09-30,Crop_Farmers,0.0,0.0,4349.0,4349.0,0.0,0.0,21745.0,3.0,-4349.0,-4349.0,21745.0,Small
662,2027 Q2,2027-06-30,Crop_Farmers,0.0,0.0,3507.0,3507.0,0.0,0.0,17533.0,3.0,-3507.0,-3507.0,17533.0,Small
662,2027 Q3,2027-09-30,Crop_Farmers,0.0,0.0,3507.0,3507.0,0.0,0.0,17533.0,3.0,-3507.0,-3507.0,17533.0,Small
662,2027 Q4,2027-12-31,Crop_Farmers,0.0,0.0,3507.0,3507.0,0.0,0.0,17533.0,3.0,-3507.0,-3507.0,17533.0,Small
662,2028 Q1,2028-03-31,Crop_Farmers,0.0,0.0,3507.0,3507.0,0.0,0.0,17533.0,3.0,-3507.0,-3507.0,17533.0,Small
662,2028 Q2,2028-06-30,Crop_Farmers,0.0,0.0,3507.0,3507.0,0.0,0.0,17533.0,3.0,-3507.0,-3507.0,17533.0,Small
662,2028 Q3,2028-09-30,Crop_Farmers,0.0,0.0,3507.0,3507.0,0.0,0.0,17533.0,3.0,-3507.0,-3507.0,17533.0,Small
665,2027 Q2,2027-06-30,Crop_Farmers,0.0,0.0,4071.0,4071.0,0.0,0.0,20354.0,3.0,-4071.0,-4071.0,20354.0,Small
665,2027 Q3,2027-09-30,Crop_Farmers,0.0,0.0,4071.0,4071.0,0.0,0.0,20354.0,3.0,-4071.0,-4071.0,20354.0,Small
665,2027 Q4,2027-12-31,Crop_Farmers,0.0,0.0,4071.0,4071.0,0.0,0.0,20354.0,3.0,-4071.0,-4071.0,20354.0,Small
665,2028 Q1,2028-03-31,Crop_Farmers,0.0,0.0,4071.0,4071.0,0.0,0.0,20354.0,3.0,-4071.0,-4071.0,20354.0,Small
665,2028 Q2,2028-06-30,Crop_Farmers,0.0,0.0,4071.0,4071.0,0.0,0.0,20354.0,3.0,-4071.0,-4071.0,20354.0,Small
665,2028 Q3,2028-09-30,Crop_Farmers,0.0,0.0,4071.0,4071.0,0.0,0.0,20354.0,3.0,-4071.0,-4071.0,20354.0,Small
670,2027 Q2,2027-06-30,Crop_Farmers,0.0,0.0,3825.0,3825.0,0.0,0.0,19127.0,3.0,-3825.0,-3825.0,19127.0,Small
670,2027 Q3,2027-09-30,Crop_Farmers,0.0,0.0,3825.0,3825.0,0.0,0.0,19127.0,3.0,-3825.0,-3825.0,19127.0,Small
670,2027 Q4,2027-12-31,Crop_Farmers,0.0,0.0,3825.0,3825.0,0.0,0.0,19127.0,3.0,-3825.0,-3825.0,19127.0,Small
670,2028 Q1,2028-03-31,Crop_Farmers,0.0,0.0,3825.0,3825.0,0.0,0.0,19127.0,3.0,-3825.0,-3825.0,19127.0,Small
670,2028 Q2,2028-06-30,Crop_Farmers,0.0,0.0,3825.0,3825.0,0.0,0.0,19127.0,3.0,-3825.0,-3825.0,19127.0,Small
670,2028 Q3,2028-09-30,Crop_Farmers,0.0,0.0,3825.0,3825.0,0.0,0.0,19127.0,3.0,-3825.0,-3825.0,19127.0,Small
671,2027 Q2,2027-06-30,Crop_Farmers,0.0,0.0,5182.0,5182.0,0.0,0.0,25911.0,3.0,-5182.0,-5182.0,25911.0,Small
671,2027 Q3,2027-09-30,Crop_Farmers,0.0,0.0,5182.0,5182.0,0.0,0.0,25911.0,3.0,-5182.0,-5182.0,25911.0,Small
671,2027 Q4,2027-12-31,Crop_Farmers,0.0,0.0,5182.0,5182.0,0.0,0.0,25911.0,3.0,-5182.0,-5182.0,25911.0,Small
671,2028 Q1,2028-03-31,Crop_Farmers,0.0,0.0,5182.0,5182.0,0.0,0.0,25911.0,3.0,-5182.0,-5182.0,25911.0,Small
671,2028 Q2,2028-06-30,Crop_Farmers,0.0,0.0,5182.0,5182.0,0.0,0.0,25911.0,3.0,-5182.0,-5182.0,25911.0,Small
671,2028 Q3,2028-09-30,Crop_Farmers,0.0,0.0,5182.0,5182.0,0.0,0.0,25911.0,3.0,-5182.0,-5182.0,25911.0,Small
