CompanyId,VATPeriod,VATDate,Sector,OutputVAT,ExpectedOutputVAT,InputVAT,ExpectedInputVAT,TotalSales,CountSellerInvoices,TotalPurchases,CountBuyerInvoices,ReportedVATLiability,ExpectedVATLiability,Size,SizeCategory
2,2027 Q2,2027-06-30,Pizzeria,70018,70018,28980,28980,350090,91,144899,117,41038,41038,3182684,Small
2,2027 Q3,2027-09-30,Pizzeria,67903,68797,27493,27493,343985,92,137466,107,40410,41304,3182684,Small
2,2027 Q4,2027-12-31,Pizzeria,89029,90019,33654,33654,450093,92,168271,107,55375,56365,3182684,Small
2,2028 Q1,2028-03-31,Pizzeria,99709,99709,36536,36536,498544,91,182681,107,63173,63173,3182684,Small
2,2028 Q2,2028-06-30,Pizzeria,69024,70075,27826,27826,350377,91,139131,107,41198,42249,3182684,Small
2,2028 Q3,2028-09-30,Pizzeria,59781,59781,23648,23648,298906,92,118241,107,36133,36133,3182684,Small
3,2027 Q2,2027-06-30,Pizzeria,67178,99376,43047,43047,496880,91,216990,115,24131,56329,4064676,Medium
3,2027 Q3,2027-09-30,Pizzeria,55142,87945,37502,37502,439727,92,189056,107,17640,50443,4064676,Medium
3,2027 Q4,2027-12-31,Pizzeria,60209,118522,47747,47747,592610,92,240508,109,12462,70775,4064676,Medium
3,2028 Q1,2028-03-31,Pizzeria,72282,110019,44642,44642,550093,91,224811,107,27640,65377,4064676,Medium
3,2028 Q2,2028-06-30,Pizzeria,51941,77990,34256,34256,389948,91,172570,107,17685,43734,4064676,Medium
3,2028 Q3,2028-09-30,Pizzeria,50886,76636,33397,33397,383180,92,168303,107,17489,43239,4064676,Medium
4,2027 Q2,2027-06-30,Pizzeria,49810,49810,23127,23127,249051,91,115635,115,26683,26683,2428859,Small
4,2027 Q3,2027-09-30,Pizzeria,49354,49354,21749,21749,246772,92,108746,107,27605,27605,2428859,Small
4,2027 Q4,2027-12-31,Pizzeria,62268,62268,26172,26172,311339,92,130861,107,36096,36096,2428859,Small
4,2028 Q1,2028-03-31,Pizzeria,63850,63850,26996,26996,319248,91,134980,107,36854,36854,2428859,Small
4,2028 Q2,2028-06-30,Pizzeria,57301,57301,24743,24743,286505,91,123714,107,32558,32558,2428859,Small
4,2028 Q3,2028-09-30,Pizzeria,56661,56661,23741,23741,283305,92,118703,107,32920,32920,2428859,Small
5,2027 Q2,2027-06-30,Pizzeria,59027,59027,24733,24733,295134,91,124680,115,34294,34294,3004203,Small
5,2027 Q3,2027-09-30,Pizzeria,59720,60384,23821,23821,301919,92,120126,107,35899,36563,3004203,Small
5,2027 Q4,2027-12-31,Pizzeria,78334,78334,29821,29821,391672,92,150210,107,48513,48513,3004203,Small
5,2028 Q1,2028-03-31,Pizzeria,82360,82360,31474,31474,411802,91,158522,107,50886,50886,3004203,Small
5,2028 Q2,2028-06-30,Pizzeria,75614,75614,29137,29137,378070,91,146907,107,46477,46477,3004203,Small
5,2028 Q3,2028-09-30,Pizzeria,76385,76385,28396,28396,381924,92,143237,107,47989,47989,3004203,Small
6,2027 Q2,2027-06-30,Pizzeria,63585,63585,27430,27430,317927,91,142897,115,36155,36155,2820407,Small
6,2027 Q3,2027-09-30,Pizzeria,69063,69063,28275,28275,345316,92,147590,107,40788,40788,2820407,Small
6,2027 Q4,2027-12-31,Pizzeria,76761,77693,30870,30870,388463,92,160079,107,45891,46823,2820407,Small
6,2028 Q1,2028-03-31,Pizzeria,68157,68157,27749,27749,340786,91,143704,107,40408,40408,2820407,Small
6,2028 Q2,2028-06-30,Pizzeria,59642,60428,25172,25172,302142,91,131047,109,34470,35256,2820407,Small
6,2028 Q3,2028-09-30,Pizzeria,56426,56426,22692,22692,282129,92,118327,107,33734,33734,2820407,Small
7,2027 Q2,2027-06-30,Pizzeria,60146,60147,27192,27192,300733,91,135959,115,32954,32955,3016360,Small
7,2027 Q3,2027-09-30,Pizzeria,59504,59504,25465,25465,297521,92,127324,107,34039,34039,3016360,Small
7,2027 Q4,2027-12-31,Pizzeria,75881,75881,31319,31319,379407,92,156593,107,44562,44562,3016360,Small
7,2028 Q1,2028-03-31,Pizzeria,79592,79592,32990,32990,397961,91,164952,107,46602,46602,3016360,Small
7,2028 Q2,2028-06-30,Pizzeria,73788,73788,30922,30922,368941,91,154610,107,42866,42866,3016360,Small
7,2028 Q3,2028-09-30,Pizzeria,75873,75873,30598,30598,379367,92,152992,107,45275,45275,3016360,Small
8,2027 Q2,2027-06-30,Pizzeria,43456,73036,34349,34349,365182,91,173288,115,9107,38687,3878847,Medium
8,2027 Q3,2027-09-30,Pizzeria,60676,102148,41199,41199,510742,92,208031,107,19477,60949,3878847,Medium
8,2027 Q4,2027-12-31,Pizzeria,61042,102591,42236,42236,512956,92,212910,109,18806,60355,3878847,Medium
8,2028 Q1,2028-03-31,Pizzeria,52870,89007,37784,37784,445034,91,190403,109,15086,51223,3878847,Medium
8,2028 Q2,2028-06-30,Pizzeria,49813,83860,35831,35831,419299,91,180757,107,13982,48029,3878847,Medium
8,2028 Q3,2028-09-30,Pizzeria,55289,93393,38287,38287,466966,92,193279,107,17002,55106,3878847,Medium
9,2027 Q2,2027-06-30,Pizzeria,25116,49834,22242,22242,249170,91,115403,117,2874,27592,2086282,Small
9,2027 Q3,2027-09-30,Pizzeria,17690,32399,15024,15024,161997,92,77856,109,2666,17375,2086282,Small
9,2027 Q4,2027-12-31,Pizzeria,30026,44351,19709,19709,221755,92,101724,107,10317,24642,2086282,Small
9,2028 Q1,2028-03-31,Pizzeria,50429,63433,26632,26632,317167,91,137638,107,23797,36801,2086282,Small
9,2028 Q2,2028-06-30,Pizzeria,43200,57987,24211,24211,289937,91,125700,107,18989,33776,2086282,Small
9,2028 Q3,2028-09-30,Pizzeria,25055,39707,17222,17222,198537,92,89398,107,7833,22485,2086282,Small
10,2027 Q2,2027-06-30,Pizzeria,78457,108216,45767,45767,541078,91,228834,117,32690,62449,3875080,Medium
10,2027 Q3,2027-09-30,Pizzeria,66522,85504,34934,34934,427521,92,174671,107,31588,50570,3875080,Medium
10,2027 Q4,2027-12-31,Pizzeria,48873,83686,34922,34922,418432,92,174612,107,13951,48764,3875080,Medium
10,2028 Q1,2028-03-31,Pizzeria,47156,92462,38351,38351,462309,91,191756,107,8805,54111,3875080,Medium
10,2028 Q2,2028-06-30,Pizzeria,60218,82603,35505,35505,413013,91,177526,109,24713,47098,3875080,Medium
10,2028 Q3,2028-09-30,Pizzeria,74180,95225,37840,37840,476126,92,189202,109,36340,57385,3875080,Medium
11,2027 Q2,2027-06-30,Pizzeria,229240,260204,130123,130123,1301018,91,656333,115,99117,130081,12742938,Large
11,2027 Q3,2027-09-30,Pizzeria,224139,253551,119866,119866,1267755,92,604834,107,104273,133685,12742938,Large
11,2027 Q4,2027-12-31,Pizzeria,243395,316509,145654,145654,1582546,92,733988,107,97741,170855,12742938,Large
11,2028 Q1,2028-03-31,Pizzeria,284104,322845,149882,149882,1614224,91,755203,107,134222,172963,12742938,Large
11,2028 Q2,2028-06-30,Pizzeria,253329,289519,136099,136099,1447594,91,686502,109,117230,153420,12742938,Large
11,2028 Q3,2028-09-30,Pizzeria,256012,287009,130365,130365,1435043,92,657898,107,125647,156644,12742938,Large
12,2027 Q2,2027-06-30,Pizzeria,54460,55233,23748,23748,276166,91,123359,115,30712,31485,2569074,Small
12,2027 Q3,2027-09-30,Pizzeria,53853,53853,21995,21995,269265,92,114424,107,31858,31858,2569074,Small
12,2027 Q4,2027-12-31,Pizzeria,66197,66933,26413,26413,334666,92,136670,107,39784,40520,2569074,Small
12,2028 Q1,2028-03-31,Pizzeria,67659,67659,26938,26938,338295,91,139312,107,40721,40721,2569074,Small
12,2028 Q2,2028-06-30,Pizzeria,59890,59890,24230,24230,299451,91,125879,107,35660,35660,2569074,Small
12,2028 Q3,2028-09-30,Pizzeria,57542,58418,22959,22959,292088,92,119499,107,34583,35459,2569074,Small
13,2027 Q2,2027-06-30,Pizzeria,89027,104614,44949,44949,523068,91,226764,117,44078,59665,4858240,Medium
13,2027 Q3,2027-09-30,Pizzeria,87399,102341,41736,41736,511707,92,210628,107,45663,60605,4858240,Medium
13,2027 Q4,2027-12-31,Pizzeria,108832,127587,50075,50075,637936,92,252399,107,58757,77512,4858240,Medium
13,2028 Q1,2028-03-31,Pizzeria,112137,129339,51166,51166,646693,91,257866,107,60971,78173,4858240,Medium
13,2028 Q2,2028-06-30,Pizzeria,98838,114795,46333,46333,573974,91,233758,111,52505,68462,4858240,Medium
13,2028 Q3,2028-09-30,Pizzeria,96322,112263,44009,44009,561314,92,222133,107,52313,68254,4858240,Medium
14,2027 Q2,2027-06-30,Pizzeria,44369,44369,21830,21830,221844,91,109149,115,22539,22539,1897002,Small
14,2027 Q3,2027-09-30,Pizzeria,41152,41152,19521,19521,205760,92,97605,107,21631,21631,1897002,Small
14,2027 Q4,2027-12-31,Pizzeria,48180,48716,22239,22239,243580,92,111196,107,25941,26477,1897002,Small
14,2028 Q1,2028-03-31,Pizzeria,46906,46906,21786,21786,234529,91,108929,107,25120,25120,1897002,Small
14,2028 Q2,2028-06-30,Pizzeria,39536,39536,19128,19128,197679,91,95639,107,20408,20408,1897002,Small
14,2028 Q3,2028-09-30,Pizzeria,36649,36649,17569,17569,183247,92,87845,107,19080,19080,1897002,Small
15,2027 Q2,2027-06-30,Pizzeria,134524,134524,63793,63793,672621,91,318967,115,70731,70731,6314597,Large
15,2027 Q3,2027-09-30,Pizzeria,129736,129736,59010,59010,648678,92,295051,107,70726,70726,6314597,Large
15,2027 Q4,2027-12-31,Pizzeria,160284,160284,69305,69305,801422,92,346523,109,90979,90979,6314597,Large
15,2028 Q1,2028-03-31,Pizzeria,161992,161992,70508,70508,809962,91,352539,107,91484,91484,6314597,Large
15,2028 Q2,2028-06-30,Pizzeria,144330,144330,64532,64532,721648,91,322659,107,79798,79798,6314597,Large
15,2028 Q3,2028-09-30,Pizzeria,140620,142761,62144,62144,713805,92,310722,109,78476,80617,6314597,Large
16,2027 Q2,2027-06-30,Pizzeria,60912,60912,23371,23371,304560,91,121661,115,37541,37541,2868240,Small
16,2027 Q3,2027-09-30,Pizzeria,68906,68906,24444,24444,344532,92,127577,107,44462,44462,2868240,Small
16,2027 Q4,2027-12-31,Pizzeria,86707,86707,30508,30508,433533,92,158242,109,56199,56199,2868240,Small
16,2028 Q1,2028-03-31,Pizzeria,100036,100036,34456,34456,500178,91,178702,109,65580,65580,2868240,Small
16,2028 Q2,2028-06-30,Pizzeria,69122,69123,24068,24068,345613,91,125217,107,45054,45055,2868240,Small
16,2028 Q3,2028-09-30,Pizzeria,32149,32149,13049,13049,160744,92,67681,109,19100,19100,2868240,Small
17,2027 Q2,2027-06-30,Pizzeria,65765,65765,26164,26164,328825,91,137367,115,39601,39601,2737641,Small
17,2027 Q3,2027-09-30,Pizzeria,61645,61645,23302,23302,308226,92,122572,109,38343,38343,2737641,Small
17,2027 Q4,2027-12-31,Pizzeria,73747,73747,27414,27414,368733,92,143109,107,46333,46333,2737641,Small
17,2028 Q1,2028-03-31,Pizzeria,71769,71769,27092,27092,358846,91,141292,107,44677,44677,2737641,Small
17,2028 Q2,2028-06-30,Pizzeria,61159,61159,23476,23476,305797,91,123123,107,37683,37683,2737641,Small
17,2028 Q3,2028-09-30,Pizzeria,57356,57356,21492,21492,286781,92,112970,107,35864,35864,2737641,Small
18,2027 Q2,2027-06-30,Pizzeria,132460,134477,58418,58418,672386,91,306411,115,74042,76059,6317813,Large
18,2027 Q3,2027-09-30,Pizzeria,127328,130325,53877,53877,651626,92,283096,109,73451,76448,6317813,Large
18,2027 Q4,2027-12-31,Pizzeria,156555,161898,64478,64478,809488,92,336572,107,92077,97420,6317813,Large
18,2028 Q1,2028-03-31,Pizzeria,160633,164583,66088,66088,822914,91,344758,107,94545,98495,6317813,Large
18,2028 Q2,2028-06-30,Pizzeria,147485,147485,60160,60160,737427,91,315640,107,87325,87325,6317813,Large
18,2028 Q3,2028-09-30,Pizzeria,143582,146662,57828,57828,733312,92,304183,107,85754,88834,6317813,Large
19,2027 Q2,2027-06-30,Pizzeria,96039,111285,50327,50327,556424,91,251635,117,45712,60958,4447822,Medium
19,2027 Q3,2027-09-30,Pizzeria,90211,101589,44118,44118,507947,92,220590,107,46093,57471,4447822,Medium
19,2027 Q4,2027-12-31,Pizzeria,88206,118238,49995,49995,591192,92,249977,107,38211,68243,4447822,Medium
19,2028 Q1,2028-03-31,Pizzeria,92084,111752,48151,48151,558758,91,240754,109,43933,63601,4447822,Medium
19,2028 Q2,2028-06-30,Pizzeria,81488,92285,41220,41220,461426,91,206101,107,40268,51065,4447822,Medium
19,2028 Q3,2028-09-30,Pizzeria,73626,83571,37032,37032,417857,92,185161,107,36594,46539,4447822,Medium
20,2027 Q2,2027-06-30,Pizzeria,53867,53867,23841,23841,269336,91,119206,115,30026,30026,2374372,Small
20,2027 Q3,2027-09-30,Pizzeria,51709,51709,21725,21725,258544,92,108625,107,29984,29984,2374372,Small
20,2027 Q4,2027-12-31,Pizzeria,62909,62910,25648,25648,314548,92,128239,107,37261,37262,2374372,Small
20,2028 Q1,2028-03-31,Pizzeria,61379,61379,25382,25382,306894,91,126910,107,35997,35997,2374372,Small
20,2028 Q2,2028-06-30,Pizzeria,53613,53613,22625,22625,268065,91,113125,107,30988,30988,2374372,Small
20,2028 Q3,2028-09-30,Pizzeria,51114,51113,21062,21063,255567,92,105313,109,30052,30050,2374372,Small
21,2027 Q2,2027-06-30,Pizzeria,108801,110011,47783,47784,550055,91,250837,115,61018,62227,5011359,Medium
21,2027 Q3,2027-09-30,Pizzeria,104795,105961,43539,43539,529804,92,229035,109,61256,62422,5011359,Medium
21,2027 Q4,2027-12-31,Pizzeria,128646,130208,52472,52472,651038,92,273961,107,76174,77736,5011359,Medium
21,2028 Q1,2028-03-31,Pizzeria,128766,130198,53093,53093,650989,91,276980,107,75673,77105,5011359,Medium
21,2028 Q2,2028-06-30,Pizzeria,112568,114051,46983,46983,570255,91,246577,107,65585,67068,5011359,Medium
21,2028 Q3,2028-09-30,Pizzeria,108780,110101,43965,43965,550506,92,231322,107,64815,66136,5011359,Medium
22,2027 Q2,2027-06-30,Pizzeria,56652,65117,30344,30344,325584,91,151722,117,26308,34773,2978995,Small
22,2027 Q3,2027-09-30,Pizzeria,55594,62676,27680,27680,313382,92,138400,107,27914,34996,2978995,Small
22,2027 Q4,2027-12-31,Pizzeria,58555,76945,33191,33191,384727,92,165956,107,25364,43754,2978995,Small
22,2028 Q1,2028-03-31,Pizzeria,66779,76846,33480,33480,384228,91,167402,107,33299,43366,2978995,Small
22,2028 Q2,2028-06-30,Pizzeria,59687,67215,29702,29702,336077,91,148512,107,29985,37513,2978995,Small
22,2028 Q3,2028-09-30,Pizzeria,56998,64770,27831,27831,323850,92,139155,107,29167,36939,2978995,Small
23,2027 Q2,2027-06-30,Pizzeria,93905,93905,44899,44899,469523,91,224495,115,49006,49006,3383832,Medium
23,2027 Q3,2027-09-30,Pizzeria,89411,91050,41753,41753,455252,92,208764,107,47658,49297,3383832,Medium
23,2027 Q4,2027-12-31,Pizzeria,60016,61054,30408,30408,305269,92,152040,107,29608,30646,3383832,Medium
23,2028 Q1,2028-03-31,Pizzeria,62229,63241,32556,32556,316204,91,162779,107,29673,30685,3383832,Medium
23,2028 Q2,2028-06-30,Pizzeria,54345,55229,29551,29551,276146,91,147755,109,24794,25678,3383832,Medium
23,2028 Q3,2028-09-30,Pizzeria,90554,91747,41374,41374,458737,92,206868,107,49180,50373,3383832,Medium
24,2027 Q2,2027-06-30,Pizzeria,69943,106783,50131,50131,533916,91,250657,115,19812,56652,5081910,Medium
24,2027 Q3,2027-09-30,Pizzeria,64648,103936,46382,46382,519679,92,231910,111,18266,57554,5081910,Medium
24,2027 Q4,2027-12-31,Pizzeria,82849,129452,55784,55784,647261,92,278922,107,27065,73668,5081910,Medium
24,2028 Q1,2028-03-31,Pizzeria,84361,131609,57120,57120,658044,91,285601,107,27241,74489,5081910,Medium
24,2028 Q2,2028-06-30,Pizzeria,74647,117555,51864,51864,587776,91,259322,107,22783,65691,5081910,Medium
24,2028 Q3,2028-09-30,Pizzeria,74512,116062,49702,49702,580310,92,248512,109,24810,66360,5081910,Medium
25,2027 Q2,2027-06-30,Pizzeria,66445,90278,41674,41674,451390,91,215936,115,24771,48604,3785158,Medium
25,2027 Q3,2027-09-30,Pizzeria,61672,83341,37117,37117,416704,92,192486,107,24555,46224,3785158,Medium
25,2027 Q4,2027-12-31,Pizzeria,72560,98187,42403,42403,490937,92,218785,109,30157,55784,3785158,Medium
25,2028 Q1,2028-03-31,Pizzeria,68949,94065,41442,41442,470323,91,213647,107,27507,52623,3785158,Medium
25,2028 Q2,2028-06-30,Pizzeria,57571,78865,36049,36049,394325,91,186483,107,21522,42816,3785158,Medium
25,2028 Q3,2028-09-30,Pizzeria,53059,72684,32968,32968,363421,92,170721,107,20091,39716,3785158,Medium
26,2027 Q2,2027-06-30,Pizzeria,65379,70149,30416,30416,350743,91,158082,115,34963,39733,3334958,Medium
26,2027 Q3,2027-09-30,Pizzeria,64060,68294,28112,28112,341468,92,146332,107,35948,40182,3334958,Medium
26,2027 Q4,2027-12-31,Pizzeria,79343,85315,33871,33871,426576,92,175357,109,45472,51444,3334958,Medium
26,2028 Q1,2028-03-31,Pizzeria,81218,87331,34917,34917,436657,91,180688,107,46301,52414,3334958,Medium
26,2028 Q2,2028-06-30,Pizzeria,72922,78921,32005,32005,394603,91,166405,107,40917,46916,3334958,Medium
26,2028 Q3,2028-09-30,Pizzeria,73832,79304,30999,30999,396518,92,161529,107,42833,48305,3334958,Medium
27,2027 Q2,2027-06-30,Pizzeria,50186,57029,27508,27508,285147,91,137541,117,22678,29521,2928170,Small
27,2027 Q3,2027-09-30,Pizzeria,50827,56537,25839,25839,282684,92,129196,107,24988,30698,2928170,Small
27,2027 Q4,2027-12-31,Pizzeria,62781,72245,31725,31725,361223,92,158627,107,31056,40520,2928170,Small
27,2028 Q1,2028-03-31,Pizzeria,66344,75909,33436,33436,379544,91,167179,107,32908,42473,2928170,Small
27,2028 Q2,2028-06-30,Pizzeria,60729,70451,31403,31403,352253,91,157017,107,29326,39048,2928170,Small
27,2028 Q3,2028-09-30,Pizzeria,63765,72460,31092,31092,362301,92,155458,107,32673,41368,2928170,Small
28,2027 Q2,2027-06-30,Pizzeria,106668,195362,89794,89794,976812,91,448968,115,16874,105568,8982462,Large
28,2027 Q3,2027-09-30,Pizzeria,105174,188146,81895,81895,940729,92,409475,107,23279,106251,8982462,Large
28,2027 Q4,2027-12-31,Pizzeria,124647,231685,98266,98266,1158426,92,491331,107,26381,133419,8982462,Large
28,2028 Q1,2028-03-31,Pizzeria,128690,232712,99692,99692,1163561,91,498461,109,28998,133020,8982462,Large
28,2028 Q2,2028-06-30,Pizzeria,115357,205261,89301,89301,1026307,91,446507,107,26056,115960,8982462,Large
28,2028 Q3,2028-09-30,Pizzeria,108195,199991,84386,84386,999954,92,421931,107,23809,115605,8982462,Large
29,2027 Q2,2027-06-30,Pizzeria,33225,33595,15820,15820,167974,91,81783,115,17405,17775,2148227,Small
29,2027 Q3,2027-09-30,Pizzeria,38204,38204,16791,16791,191019,92,87041,107,21413,21413,2148227,Small
29,2027 Q4,2027-12-31,Pizzeria,47959,47959,19838,19838,239797,92,102379,107,28121,28121,2148227,Small
29,2028 Q1,2028-03-31,Pizzeria,83392,83392,31412,31412,416958,91,162522,107,51980,51980,2148227,Small
29,2028 Q2,2028-06-30,Pizzeria,52434,52434,21474,21474,262170,91,111425,107,30960,30960,2148227,Small
29,2028 Q3,2028-09-30,Pizzeria,45837,45837,18492,18492,229185,92,95974,107,27345,27345,2148227,Small
30,2027 Q2,2027-06-30,Pizzeria,91445,138135,62022,62022,690676,91,310111,115,29423,76113,6270221,Large
30,2027 Q3,2027-09-30,Pizzeria,82026,133159,56934,56934,665796,92,284669,107,25092,76225,6270221,Large
30,2027 Q4,2027-12-31,Pizzeria,82355,163727,67462,67462,818636,92,337309,107,14893,96265,6270221,Large
30,2028 Q1,2028-03-31,Pizzeria,111370,163780,68150,68150,818899,91,340749,107,43220,95630,6270221,Large
30,2028 Q2,2028-06-30,Pizzeria,101597,143498,61111,61111,717492,91,305554,107,40486,82387,6270221,Large
30,2028 Q3,2028-09-30,Pizzeria,87137,138532,57534,57534,692658,92,287672,109,29603,80998,6270221,Large
31,2027 Q2,2027-06-30,Pizzeria,48186,49019,24622,24622,245096,91,123111,115,23564,24397,2369286,Small
31,2027 Q3,2027-09-30,Pizzeria,47850,47850,22878,22878,239250,92,114391,107,24972,24972,2369286,Small
31,2027 Q4,2027-12-31,Pizzeria,58641,59534,27277,27277,297671,92,136385,109,31364,32257,2369286,Small
31,2028 Q1,2028-03-31,Pizzeria,59213,60237,27812,27812,301186,91,139061,107,31401,32425,2369286,Small
31,2028 Q2,2028-06-30,Pizzeria,52780,53367,25204,25204,266837,91,126020,107,27576,28163,2369286,Small
31,2028 Q3,2028-09-30,Pizzeria,51369,52098,23957,23957,260492,92,119786,107,27412,28141,2369286,Small
32,2027 Q2,2027-06-30,Pizzeria,44035,44797,20879,20879,223984,91,104397,117,23156,23918,2180125,Small
32,2027 Q3,2027-09-30,Pizzeria,38636,39304,17895,17895,196518,92,89475,107,20741,21409,2180125,Small
32,2027 Q4,2027-12-31,Pizzeria,78150,79260,31774,31774,396300,92,158868,107,46376,47486,2180125,Small
32,2028 Q1,2028-03-31,Pizzeria,58993,59649,25284,25284,298245,91,126419,107,33709,34365,2180125,Small
32,2028 Q2,2028-06-30,Pizzeria,46789,47453,20906,20906,237263,91,104529,107,25883,26547,2180125,Small
32,2028 Q3,2028-09-30,Pizzeria,33173,33576,15249,15249,167882,92,76245,107,17924,18327,2180125,Small
33,2027 Q2,2027-06-30,Pizzeria,47139,52203,19852,19852,261017,91,100159,115,27287,32351,2185159,Small
33,2027 Q3,2027-09-30,Pizzeria,42632,49515,17948,17948,247573,92,90580,107,24684,31567,2185159,Small
33,2027 Q4,2027-12-31,Pizzeria,45023,59951,21069,21069,299757,92,106191,107,23954,38882,2185159,Small
33,2028 Q1,2028-03-31,Pizzeria,48268,59079,21008,21008,295396,91,105870,107,27260,38071,2185159,Small
33,2028 Q2,2028-06-30,Pizzeria,45501,51010,18585,18585,255050,91,93752,107,26916,32425,2185159,Small
33,2028 Q3,2028-09-30,Pizzeria,40952,48521,17281,17281,242606,92,87208,109,23671,31240,2185159,Small
34,2027 Q2,2027-06-30,Pizzeria,54855,55578,24095,24095,277891,91,120474,115,30760,31483,2180484,Small
34,2027 Q3,2027-09-30,Pizzeria,50635,50635,20943,20943,253173,92,104717,107,29692,29692,2180484,Small
34,2027 Q4,2027-12-31,Pizzeria,58059,58824,23747,23747,294121,92,118736,107,34312,35077,2180484,Small
34,2028 Q1,2028-03-31,Pizzeria,54557,55501,22831,22831,277504,91,114154,107,31726,32670,2180484,Small
34,2028 Q2,2028-06-30,Pizzeria,45760,45760,19459,19459,228798,91,97297,107,26301,26301,2180484,Small
34,2028 Q3,2028-09-30,Pizzeria,40798,41377,17347,17347,206883,92,86736,107,23451,24030,2180484,Small
35,2027 Q2,2027-06-30,Pizzeria,71624,71624,32636,32637,358120,91,164496,115,38988,38987,3421748,Medium
35,2027 Q3,2027-09-30,Pizzeria,69865,69865,30359,30359,349327,92,153060,107,39506,39506,3421748,Medium
35,2027 Q4,2027-12-31,Pizzeria,87413,87413,36237,36237,437063,92,182502,107,51176,51176,3421748,Medium
35,2028 Q1,2028-03-31,Pizzeria,89458,89458,37298,37298,447290,91,187829,107,52160,52160,3421748,Medium
35,2028 Q2,2028-06-30,Pizzeria,80513,80513,34262,34262,402567,91,172706,109,46251,46251,3421748,Medium
35,2028 Q3,2028-09-30,Pizzeria,79159,80039,33036,33036,400193,92,166595,107,46123,47003,3421748,Medium
36,2027 Q2,2027-06-30,Pizzeria,67147,67147,26462,26462,335737,91,137381,115,40685,40685,2713170,Small
36,2027 Q3,2027-09-30,Pizzeria,61572,62320,23288,23288,311600,92,121090,107,38284,39032,2713170,Small
36,2027 Q4,2027-12-31,Pizzeria,73821,73821,27249,27249,369105,92,140831,107,46572,46572,2713170,Small
36,2028 Q1,2028-03-31,Pizzeria,71121,71121,26672,26672,355605,91,137748,107,44449,44449,2713170,Small
36,2028 Q2,2028-06-30,Pizzeria,59982,59982,22846,22846,299909,91,118506,109,37136,37136,2713170,Small
36,2028 Q3,2028-09-30,Pizzeria,55636,55636,20684,20685,278178,92,107480,109,34952,34951,2713170,Small
37,2027 Q2,2027-06-30,Pizzeria,38444,55636,25313,25313,278179,91,131944,117,13131,30323,1953876,Small
37,2027 Q3,2027-09-30,Pizzeria,28669,44656,19322,19322,223280,92,100721,107,9347,25334,1953876,Small
37,2027 Q4,2027-12-31,Pizzeria,25985,51354,22127,22127,256769,92,114628,107,3858,29227,1953876,Small
37,2028 Q1,2028-03-31,Pizzeria,31732,47011,20611,20611,235054,91,106625,109,11121,26400,1953876,Small
37,2028 Q2,2028-06-30,Pizzeria,19461,28001,13754,13754,140005,91,71312,107,5707,14247,1953876,Small
37,2028 Q3,2028-09-30,Pizzeria,27416,40556,17762,17762,202780,92,92579,107,9654,22794,1953876,Small
38,2027 Q2,2027-06-30,Pizzeria,116754,116754,57908,57908,583768,91,289538,115,58846,58846,4864102,Medium
38,2027 Q3,2027-09-30,Pizzeria,107145,107145,50846,50846,535727,92,254228,107,56299,56299,4864102,Medium
38,2027 Q4,2027-12-31,Pizzeria,125410,125410,58103,58103,627048,92,290514,107,67307,67307,4864102,Medium
38,2028 Q1,2028-03-31,Pizzeria,119263,119263,56202,56202,596313,91,281008,109,63061,63061,4864102,Medium
38,2028 Q2,2028-06-30,Pizzeria,99162,99163,48145,48145,495813,91,240727,107,51017,51018,4864102,Medium
38,2028 Q3,2028-09-30,Pizzeria,90506,90506,43377,43377,452531,92,216887,107,47129,47129,4864102,Medium
39,2027 Q2,2027-06-30,Pizzeria,114531,114531,49731,49730,572654,91,258658,115,64800,64801,5259203,Medium
39,2027 Q3,2027-09-30,Pizzeria,110900,110900,45762,45762,554501,92,238376,107,65138,65138,5259203,Medium
39,2027 Q4,2027-12-31,Pizzeria,136918,136918,54745,54745,684589,92,283559,109,82173,82173,5259203,Medium
39,2028 Q1,2028-03-31,Pizzeria,137488,137488,55501,55501,687440,91,287306,107,81987,81987,5259203,Medium
39,2028 Q2,2028-06-30,Pizzeria,120898,120898,49655,49655,604491,91,258244,107,71243,71243,5259203,Medium
39,2028 Q3,2028-09-30,Pizzeria,117123,117123,46783,46783,585614,92,243771,109,70340,70340,5259203,Medium
40,2027 Q2,2027-06-30,Pizzeria,44172,46157,21050,21050,230786,91,105248,115,23122,25107,1784754,Small
40,2027 Q3,2027-09-30,Pizzeria,39575,41483,18403,18403,207415,92,92017,107,21172,23080,1784754,Small
40,2027 Q4,2027-12-31,Pizzeria,45387,47476,20372,20372,237381,92,101858,107,25015,27104,1784754,Small
40,2028 Q1,2028-03-31,Pizzeria,42017,44043,19416,19416,220214,91,97082,107,22601,24627,1784754,Small
40,2028 Q2,2028-06-30,Pizzeria,33980,35617,16615,16615,178087,91,83077,107,17365,19002,1784754,Small
40,2028 Q3,2028-09-30,Pizzeria,30025,31473,14845,14845,157366,92,74223,107,15180,16628,1784754,Small
41,2027 Q2,2027-06-30,Pizzeria,42905,66726,30602,30602,333630,91,153011,115,12303,36124,2188147,Small
41,2027 Q3,2027-09-30,Pizzeria,34651,57274,25251,25251,286370,92,126255,107,9400,32023,2188147,Small
41,2027 Q4,2027-12-31,Pizzeria,24126,49643,21594,21594,248213,92,107972,107,2532,28049,2188147,Small
41,2028 Q1,2028-03-31,Pizzeria,29490,44614,21169,21169,223070,91,105844,107,8321,23445,2188147,Small
41,2028 Q2,2028-06-30,Pizzeria,33333,48661,21874,21874,243305,91,109368,107,11459,26787,2188147,Small
41,2028 Q3,2028-09-30,Pizzeria,21178,33939,16283,16283,169693,92,81416,107,4895,17656,2188147,Small
42,2027 Q2,2027-06-30,Pizzeria,63745,129563,54515,54515,647813,91,285064,115,9230,75048,5704087,Large
42,2027 Q3,2027-09-30,Pizzeria,62933,123640,49638,49638,618201,92,259962,109,13295,74002,5704087,Large
42,2027 Q4,2027-12-31,Pizzeria,72858,149606,58566,58566,748031,92,304695,107,14292,91040,5704087,Large
42,2028 Q1,2028-03-31,Pizzeria,70900,149578,59116,59116,747890,91,307348,107,11784,90462,5704087,Large
42,2028 Q2,2028-06-30,Pizzeria,65300,128543,51814,51814,642713,91,270775,107,13486,76729,5704087,Large
42,2028 Q3,2028-09-30,Pizzeria,62097,123454,48569,48569,617272,92,254323,107,13528,74885,5704087,Large
43,2027 Q2,2027-06-30,Pizzeria,39624,44773,22016,22015,223865,91,110077,115,17608,22758,1676247,Small
43,2027 Q3,2027-09-30,Pizzeria,35974,40375,18792,18792,201875,92,93958,107,17182,21583,1676247,Small
43,2027 Q4,2027-12-31,Pizzeria,28753,32674,16379,16379,163369,92,81896,109,12374,16295,1676247,Small
43,2028 Q1,2028-03-31,Pizzeria,44912,50921,23226,23226,254606,91,116129,107,21686,27695,1676247,Small
43,2028 Q2,2028-06-30,Pizzeria,25321,28741,15032,15032,143703,91,75161,107,10289,13709,1676247,Small
43,2028 Q3,2028-09-30,Pizzeria,25092,28098,14223,14223,140491,92,71117,107,10869,13875,1676247,Small
44,2027 Q2,2027-06-30,Pizzeria,62547,62547,27934,27934,312735,91,140952,115,34613,34613,2212336,Small
44,2027 Q3,2027-09-30,Pizzeria,46717,46717,19506,19506,233587,92,98420,107,27211,27211,2212336,Small
44,2027 Q4,2027-12-31,Pizzeria,54733,54733,23772,23772,273665,92,119787,109,30961,30961,2212336,Small
44,2028 Q1,2028-03-31,Pizzeria,64746,64746,26558,26558,323732,91,133818,107,38188,38188,2212336,Small
44,2028 Q2,2028-06-30,Pizzeria,41235,41235,18497,18497,206176,91,93265,107,22738,22738,2212336,Small
44,2028 Q3,2028-09-30,Pizzeria,38234,38234,16858,16858,191170,92,85029,107,21376,21376,2212336,Small
45,2027 Q2,2027-06-30,Pizzeria,121399,121399,52338,52338,606994,91,263957,115,69061,69061,5438898,Medium
45,2027 Q3,2027-09-30,Pizzeria,116819,116819,47790,47790,584094,92,241107,107,69029,69029,5438898,Medium
45,2027 Q4,2027-12-31,Pizzeria,143406,143406,57039,57039,717029,92,287398,107,86367,86367,5438898,Medium
45,2028 Q1,2028-03-31,Pizzeria,143239,143239,57599,57599,716195,91,290181,107,85640,85640,5438898,Medium
45,2028 Q2,2028-06-30,Pizzeria,123949,125328,51273,51273,626641,91,258576,109,72676,74055,5438898,Medium
45,2028 Q3,2028-09-30,Pizzeria,120831,120831,48079,48079,604155,92,242571,107,72752,72752,5438898,Medium
46,2027 Q2,2027-06-30,Pizzeria,52119,53074,26584,26584,265368,91,132920,115,25535,26490,2905728,Small
46,2027 Q3,2027-09-30,Pizzeria,59110,60131,27947,27947,300657,92,139734,107,31163,32184,2905728,Small
46,2027 Q4,2027-12-31,Pizzeria,82816,86267,37572,37572,431337,92,187860,107,45244,48695,2905728,Small
46,2028 Q1,2028-03-31,Pizzeria,83527,85581,37487,37487,427903,91,187435,107,46040,48094,2905728,Small
46,2028 Q2,2028-06-30,Pizzeria,62035,63172,28990,28990,315860,91,144952,107,33045,34182,2905728,Small
46,2028 Q3,2028-09-30,Pizzeria,49948,50709,23632,23632,253544,92,118158,107,26316,27077,2905728,Small
47,2027 Q2,2027-06-30,Pizzeria,95759,95759,43194,43194,478796,91,215969,115,52565,52565,4388960,Medium
47,2027 Q3,2027-09-30,Pizzeria,92618,92618,39746,39746,463090,92,198730,109,52872,52872,4388960,Medium
47,2027 Q4,2027-12-31,Pizzeria,114275,114275,47178,47178,571375,92,235890,107,67097,67097,4388960,Medium
47,2028 Q1,2028-03-31,Pizzeria,114731,114731,47818,47818,573655,91,239088,109,66913,66913,4388960,Medium
47,2028 Q2,2028-06-30,Pizzeria,100913,100913,43067,43067,504567,91,215333,107,57846,57846,4388960,Medium
47,2028 Q3,2028-09-30,Pizzeria,97832,97832,40662,40662,489158,92,203309,109,57170,57170,4388960,Medium
48,2027 Q2,2027-06-30,Pizzeria,39870,40601,19133,19133,203007,91,99298,115,20737,21468,2060471,Small
48,2027 Q3,2027-09-30,Pizzeria,55449,56638,23847,23847,283189,92,124337,107,31602,32791,2060471,Small
48,2027 Q4,2027-12-31,Pizzeria,44585,46298,19723,19723,231492,92,101943,107,24862,26575,2060471,Small
48,2028 Q1,2028-03-31,Pizzeria,46577,47479,20775,20775,237393,91,107361,107,25802,26704,2060471,Small
48,2028 Q2,2028-06-30,Pizzeria,42236,42966,19353,19353,214829,91,100484,107,22883,23613,2060471,Small
48,2028 Q3,2028-09-30,Pizzeria,48932,49829,20740,20740,249144,92,107994,107,28192,29089,2060471,Small
49,2027 Q2,2027-06-30,Pizzeria,61890,61890,29980,29981,309449,91,149903,115,31910,31909,2832365,Small
49,2027 Q3,2027-09-30,Pizzeria,58977,59633,27315,27315,298164,92,136577,107,31662,32318,2832365,Small
49,2027 Q4,2027-12-31,Pizzeria,72246,72246,32284,32284,361232,92,161420,107,39962,39962,2832365,Small
49,2028 Q1,2028-03-31,Pizzeria,71522,71522,32332,32332,357609,91,161662,107,39190,39190,2832365,Small
49,2028 Q2,2028-06-30,Pizzeria,62408,62408,28760,28760,312040,91,143800,107,33648,33648,2832365,Small
49,2028 Q3,2028-09-30,Pizzeria,60887,60887,27215,27215,304436,92,136073,107,33672,33672,2832365,Small
50,2027 Q2,2027-06-30,Pizzeria,51147,51147,23574,23574,255734,91,118901,117,27573,27573,2396982,Small
50,2027 Q3,2027-09-30,Pizzeria,51810,51810,21296,21296,259052,92,107451,109,30514,30514,2396982,Small
50,2027 Q4,2027-12-31,Pizzeria,50698,50698,21647,21647,253490,92,109044,107,29051,29051,2396982,Small
50,2028 Q1,2028-03-31,Pizzeria,45877,46718,20540,20540,233590,91,103444,109,25337,26178,2396982,Small
50,2028 Q2,2028-06-30,Pizzeria,52652,52652,22906,22906,263260,91,115522,107,29746,29746,2396982,Small
50,2028 Q3,2028-09-30,Pizzeria,81518,83012,32180,32180,415059,92,162435,107,49338,50832,2396982,Small
51,2027 Q2,2027-06-30,Pizzeria,46247,53713,25052,25052,268566,91,129806,115,21195,28661,1924371,Small
51,2027 Q3,2027-09-30,Pizzeria,26884,31225,15235,15234,156123,92,78668,107,11649,15991,1924371,Small
51,2027 Q4,2027-12-31,Pizzeria,26726,35875,17483,17483,179373,92,89896,107,9243,18392,1924371,Small
51,2028 Q1,2028-03-31,Pizzeria,30616,35559,17525,17525,177797,91,90066,107,13091,18034,1924371,Small
51,2028 Q2,2028-06-30,Pizzeria,29263,33558,16694,16694,167792,91,86140,109,12569,16864,1924371,Small
51,2028 Q3,2028-09-30,Pizzeria,61219,69726,29150,29150,348631,92,151513,107,32069,40576,1924371,Small
52,2027 Q2,2027-06-30,Pizzeria,100849,153266,71245,71245,766329,91,359120,115,29604,82021,7456361,Large
52,2027 Q3,2027-09-30,Pizzeria,98244,150913,66786,66786,754564,92,336749,107,31458,84127,7456361,Large
52,2027 Q4,2027-12-31,Pizzeria,123124,190006,79652,79652,950031,92,401215,107,43472,110354,7456361,Large
52,2028 Q1,2028-03-31,Pizzeria,127554,195036,82129,82129,975182,91,413654,107,45425,112907,7456361,Large
52,2028 Q2,2028-06-30,Pizzeria,113943,175567,75800,75800,877836,91,382135,107,38143,99767,7456361,Large
52,2028 Q3,2028-09-30,Pizzeria,114336,174293,72982,72982,871466,92,368080,107,41354,101311,7456361,Large
53,2027 Q2,2027-06-30,Pizzeria,164169,164169,61525,61525,820846,91,318942,115,102644,102644,7448985,Large
53,2027 Q3,2027-09-30,Pizzeria,159278,159279,57140,57140,796393,92,296547,107,102138,102139,7448985,Large
53,2027 Q4,2027-12-31,Pizzeria,198460,198460,67487,67487,992300,92,348689,107,130973,130973,7448985,Large
53,2028 Q1,2028-03-31,Pizzeria,202941,202941,69394,69394,1014706,91,358402,107,133547,133547,7448985,Large
53,2028 Q2,2028-06-30,Pizzeria,183634,183634,64176,64176,918168,91,332847,109,119458,119458,7448985,Large
53,2028 Q3,2028-09-30,Pizzeria,183043,185266,62502,62502,926330,92,324815,107,120541,122764,7448985,Large
54,2027 Q2,2027-06-30,Pizzeria,56878,57511,25265,25265,287557,91,127454,115,31613,32246,2720105,Small
54,2027 Q3,2027-09-30,Pizzeria,55198,55868,23225,23225,279340,92,117207,107,31973,32643,2720105,Small
54,2027 Q4,2027-12-31,Pizzeria,69703,69703,28221,28221,348514,92,142233,107,41482,41482,2720105,Small
54,2028 Q1,2028-03-31,Pizzeria,71359,71359,29130,29130,356797,91,146795,109,42229,42229,2720105,Small
54,2028 Q2,2028-06-30,Pizzeria,64610,64610,26662,26662,323052,91,134508,107,37948,37948,2720105,Small
54,2028 Q3,2028-09-30,Pizzeria,65157,65157,25927,25927,325783,92,130865,107,39230,39230,2720105,Small
55,2027 Q2,2027-06-30,Pizzeria,37993,46446,19456,19456,232231,91,101869,115,18537,26990,2068813,Small
55,2027 Q3,2027-09-30,Pizzeria,36113,44256,17673,17673,221278,92,92681,107,18440,26583,2068813,Small
55,2027 Q4,2027-12-31,Pizzeria,44585,54108,20996,20996,270540,92,109376,107,23589,33112,2068813,Small
55,2028 Q1,2028-03-31,Pizzeria,45173,54822,21440,21440,274111,91,111618,107,23733,33382,2068813,Small
55,2028 Q2,2028-06-30,Pizzeria,39090,47439,18916,18916,237197,91,98999,109,20174,28523,2068813,Small
55,2028 Q3,2028-09-30,Pizzeria,37597,45298,17622,17622,226492,92,92421,107,19975,27676,2068813,Small
56,2027 Q2,2027-06-30,Pizzeria,125290,127587,59171,59171,637936,91,305857,115,66119,68416,5803634,Large
56,2027 Q3,2027-09-30,Pizzeria,119158,121342,54152,54152,606712,92,280166,109,65006,67190,5803634,Large
56,2027 Q4,2027-12-31,Pizzeria,142780,148729,63589,63589,743646,92,327535,107,79191,85140,5803634,Large
56,2028 Q1,2028-03-31,Pizzeria,145584,148555,64167,64167,742777,91,330346,107,81417,84388,5803634,Large
56,2028 Q2,2028-06-30,Pizzeria,126747,128547,57093,57093,642733,91,294984,107,69654,71454,5803634,Large
56,2028 Q3,2028-09-30,Pizzeria,120692,122779,53553,53553,613894,92,277048,107,67139,69226,5803634,Large
57,2027 Q2,2027-06-30,Pizzeria,25809,44118,20205,20205,220589,91,101023,117,5604,23913,1994772,Small
57,2027 Q3,2027-09-30,Pizzeria,24686,42416,18482,18482,212081,92,92409,107,6204,23934,1994772,Small
57,2027 Q4,2027-12-31,Pizzeria,30244,51436,21632,21632,257178,92,108158,107,8612,29804,1994772,Small
57,2028 Q1,2028-03-31,Pizzeria,30502,52141,22053,22053,260704,91,110267,107,8449,30088,1994772,Small
57,2028 Q2,2028-06-30,Pizzeria,26481,45190,19678,19678,225948,91,98392,107,6803,25512,1994772,Small
57,2028 Q3,2028-09-30,Pizzeria,25237,43214,18391,18391,216070,92,91953,109,6846,24823,1994772,Small
58,2027 Q2,2027-06-30,Pizzeria,35997,57320,27640,27640,286601,91,138198,115,8357,29680,2635475,Small
58,2027 Q3,2027-09-30,Pizzeria,33504,54924,25139,25139,274622,92,125693,107,8365,29785,2635475,Small
58,2027 Q4,2027-12-31,Pizzeria,43039,68099,30198,30198,340495,92,150990,107,12841,37901,2635475,Small
58,2028 Q1,2028-03-31,Pizzeria,41868,67420,30261,30261,337102,91,151305,107,11607,37159,2635475,Small
58,2028 Q2,2028-06-30,Pizzeria,35731,58480,26783,26783,292402,91,133916,107,8948,31697,2635475,Small
58,2028 Q3,2028-09-30,Pizzeria,34323,55900,24931,24931,279498,92,124653,107,9392,30969,2635475,Small
59,2027 Q2,2027-06-30,Pizzeria,33357,48065,20023,20023,240326,91,104035,115,13334,28042,2382363,Small
59,2027 Q3,2027-09-30,Pizzeria,32749,48444,18963,18963,242222,92,98713,109,13786,29481,2382363,Small
59,2027 Q4,2027-12-31,Pizzeria,42740,62033,23496,23496,310163,92,121639,107,19244,38537,2382363,Small
59,2028 Q1,2028-03-31,Pizzeria,44088,64456,24581,24581,322282,91,127196,107,19507,39875,2382363,Small
59,2028 Q2,2028-06-30,Pizzeria,41505,58540,22564,22564,292701,91,117323,107,18941,35976,2382363,Small
59,2028 Q3,2028-09-30,Pizzeria,41675,58532,21702,21702,292661,92,113102,107,19973,36830,2382363,Small
60,2027 Q2,2027-06-30,Pizzeria,89542,96593,45997,45997,482965,91,231823,115,43545,50596,4592159,Medium
60,2027 Q3,2027-09-30,Pizzeria,83974,93512,42395,42395,467560,92,213733,107,41579,51117,4592159,Medium
60,2027 Q4,2027-12-31,Pizzeria,89791,116009,50646,50646,580044,92,255043,109,39145,65363,4592159,Medium
60,2028 Q1,2028-03-31,Pizzeria,93928,117704,51783,51783,588519,91,260746,107,42145,65921,4592159,Medium
60,2028 Q2,2028-06-30,Pizzeria,99481,105160,47129,47129,525801,91,237536,107,52352,58031,4592159,Medium
60,2028 Q3,2028-09-30,Pizzeria,93449,104063,45233,45233,520317,92,228072,107,48216,58830,4592159,Medium
61,2027 Q2,2027-06-30,Pizzeria,43101,62285,32056,32056,311426,91,160279,115,11045,30229,3493328,Medium
61,2027 Q3,2027-09-30,Pizzeria,43506,65129,31562,31562,325644,92,157809,107,11944,33567,3493328,Medium
61,2027 Q4,2027-12-31,Pizzeria,48091,86030,38668,38668,430152,92,193341,107,9423,47362,3493328,Medium
61,2028 Q1,2028-03-31,Pizzeria,58790,91860,41020,41020,459302,91,205101,109,17770,50840,3493328,Medium
61,2028 Q2,2028-06-30,Pizzeria,60174,85475,38845,38845,427373,91,194224,107,21329,46630,3493328,Medium
61,2028 Q3,2028-09-30,Pizzeria,58380,87395,38340,38340,436975,92,191702,107,20040,49055,3493328,Medium
62,2027 Q2,2027-06-30,Pizzeria,248079,251346,88321,88321,1256732,91,465270,115,159758,163025,11840350,Large
62,2027 Q3,2027-09-30,Pizzeria,248990,252270,83473,83473,1261348,92,440811,107,165517,168797,11840350,Large
62,2027 Q4,2027-12-31,Pizzeria,318371,321912,103124,103124,1609560,92,540520,107,215247,218788,11840350,Large
62,2028 Q1,2028-03-31,Pizzeria,333514,333514,107454,107454,1667568,91,562886,107,226060,226060,11840350,Large
62,2028 Q2,2028-06-30,Pizzeria,302152,302152,98250,98250,1510762,91,518086,107,203902,203902,11840350,Large
62,2028 Q3,2028-09-30,Pizzeria,301464,301464,94439,94439,1507321,92,499486,107,207025,207025,11840350,Large
63,2027 Q2,2027-06-30,Pizzeria,49378,49378,20776,20776,246889,91,103881,115,28602,28602,2290111,Small
63,2027 Q3,2027-09-30,Pizzeria,48475,48475,19447,19447,242377,92,97235,109,29028,29028,2290111,Small
63,2027 Q4,2027-12-31,Pizzeria,60629,60629,23118,23118,303143,92,115590,107,37511,37511,2290111,Small
63,2028 Q1,2028-03-31,Pizzeria,61648,61648,23639,23639,308240,91,118193,107,38009,38009,2290111,Small
63,2028 Q2,2028-06-30,Pizzeria,54874,54874,21591,21591,274369,91,107957,109,33283,33283,2290111,Small
63,2028 Q3,2028-09-30,Pizzeria,53816,53816,20632,20632,269078,92,103159,107,33184,33184,2290111,Small
64,2027 Q2,2027-06-30,Pizzeria,50491,75360,28873,28873,376801,91,145745,117,21618,46487,3093714,Small
64,2027 Q3,2027-09-30,Pizzeria,54184,80631,28051,28051,403155,92,141678,107,26133,52580,3093714,Small
64,2027 Q4,2027-12-31,Pizzeria,61510,91532,31406,31406,457659,92,158369,109,30104,60126,3093714,Small
64,2028 Q1,2028-03-31,Pizzeria,60252,88088,30630,30630,440441,91,154419,107,29622,57458,3093714,Small
64,2028 Q2,2028-06-30,Pizzeria,50787,75129,27030,27030,375646,91,136426,107,23757,48099,3093714,Small
64,2028 Q3,2028-09-30,Pizzeria,28980,44109,16416,16416,220543,92,82832,107,12564,27693,3093714,Small
65,2027 Q2,2027-06-30,Pizzeria,51751,51751,21113,21113,258757,91,110649,115,30638,30638,2138379,Small
65,2027 Q3,2027-09-30,Pizzeria,47564,48190,18803,18803,240950,92,98692,107,28761,29387,2138379,Small
65,2027 Q4,2027-12-31,Pizzeria,57282,57282,21856,21856,286410,92,113910,107,35426,35426,2138379,Small
65,2028 Q1,2028-03-31,Pizzeria,55394,55394,21487,21487,276968,91,111877,107,33907,33907,2138379,Small
65,2028 Q2,2028-06-30,Pizzeria,46344,46907,18649,18649,234534,91,97595,107,27695,28258,2138379,Small
65,2028 Q3,2028-09-30,Pizzeria,43705,43705,17074,17074,218524,92,89513,107,26631,26631,2138379,Small
66,2027 Q2,2027-06-30,Pizzeria,55437,55437,25534,25534,277184,91,127672,115,29903,29903,2635304,Small
66,2027 Q3,2027-09-30,Pizzeria,53777,53777,23525,23525,268883,92,117624,107,30252,30252,2635304,Small
66,2027 Q4,2027-12-31,Pizzeria,66953,66953,28228,28228,334763,92,141142,107,38725,38725,2635304,Small
66,2028 Q1,2028-03-31,Pizzeria,68347,68347,29047,29047,341737,91,145237,107,39300,39300,2635304,Small
66,2028 Q2,2028-06-30,Pizzeria,61670,61670,26671,26671,308350,91,133356,107,34999,34999,2635304,Small
66,2028 Q3,2028-09-30,Pizzeria,61974,61974,25897,25897,309870,92,129486,107,36077,36077,2635304,Small
67,2027 Q2,2027-06-30,Pizzeria,78205,79315,37954,37954,396574,91,191151,115,40251,41361,3605340,Medium
67,2027 Q3,2027-09-30,Pizzeria,85429,86379,37900,37900,431894,92,190972,107,47529,48479,3605340,Medium
67,2027 Q4,2027-12-31,Pizzeria,102321,104303,43663,43663,521515,92,219783,107,58658,60640,3605340,Medium
67,2028 Q1,2028-03-31,Pizzeria,99748,101062,43450,43450,505312,91,218681,107,56298,57612,3605340,Medium
67,2028 Q2,2028-06-30,Pizzeria,46288,47233,25174,25174,236165,91,126625,107,21114,22059,3605340,Medium
67,2028 Q3,2028-09-30,Pizzeria,76627,77952,35119,35119,389761,92,176907,109,41508,42833,3605340,Medium
68,2027 Q2,2027-06-30,Pizzeria,85924,85924,34665,34665,429622,91,173323,115,51259,51259,2961235,Small
68,2027 Q3,2027-09-30,Pizzeria,80738,80738,30615,30615,403690,92,153076,107,50123,50123,2961235,Small
68,2027 Q4,2027-12-31,Pizzeria,76348,77275,29325,29325,386375,92,146623,107,47023,47950,2961235,Small
68,2028 Q1,2028-03-31,Pizzeria,58391,58391,23495,23495,291955,91,117477,107,34896,34896,2961235,Small
68,2028 Q2,2028-06-30,Pizzeria,53383,53383,22125,22125,266914,91,110623,107,31258,31258,2961235,Small
68,2028 Q3,2028-09-30,Pizzeria,69685,69685,26626,26627,348424,92,133133,107,43059,43058,2961235,Small
69,2027 Q2,2027-06-30,Pizzeria,43261,55463,25232,25233,277317,91,127184,115,18029,30230,2402843,Small
69,2027 Q3,2027-09-30,Pizzeria,41215,52237,22694,22694,261185,92,114421,107,18521,29543,2402843,Small
69,2027 Q4,2027-12-31,Pizzeria,48735,62803,26498,26498,314017,92,133441,107,22237,36305,2402843,Small
69,2028 Q1,2028-03-31,Pizzeria,47927,61445,26276,26276,307226,91,132303,109,21651,35169,2402843,Small
69,2028 Q2,2028-06-30,Pizzeria,41550,52661,23082,23082,263305,91,116324,107,18468,29579,2402843,Small
69,2028 Q3,2028-09-30,Pizzeria,38616,49699,21348,21348,248496,92,107624,107,17268,28351,2402843,Small
70,2027 Q2,2027-06-30,Pizzeria,84267,95758,38883,38883,478789,91,203705,115,45384,56875,3767935,Medium
70,2027 Q3,2027-09-30,Pizzeria,77069,87479,34109,34109,437393,92,178931,109,42960,53370,3767935,Medium
70,2027 Q4,2027-12-31,Pizzeria,89057,101896,39029,39029,509479,92,203280,107,50028,62867,3767935,Medium
70,2028 Q1,2028-03-31,Pizzeria,85595,96391,37674,37674,481954,91,196007,107,47921,58717,3767935,Medium
70,2028 Q2,2028-06-30,Pizzeria,69800,79680,32093,32093,398400,91,167757,107,37707,47587,3767935,Medium
70,2028 Q3,2028-09-30,Pizzeria,63644,72241,28853,28853,361205,92,151035,107,34791,43388,3767935,Medium
71,2027 Q2,2027-06-30,Pizzeria,125950,127480,60981,60981,637399,91,304904,115,64969,66499,6266319,Large
71,2027 Q3,2027-09-30,Pizzeria,124609,126250,57403,57403,631252,92,287014,107,67206,68847,6266319,Large
71,2027 Q4,2027-12-31,Pizzeria,156967,159196,69135,69135,795979,92,345677,107,87832,90061,6266319,Large
71,2028 Q1,2028-03-31,Pizzeria,161020,163141,71181,71181,815705,91,355904,109,89839,91960,6266319,Large
71,2028 Q2,2028-06-30,Pizzeria,144118,146313,65100,65100,731564,91,325501,107,79018,81213,6266319,Large
71,2028 Q3,2028-09-30,Pizzeria,142115,144573,62511,62511,722867,92,312553,107,79604,82062,6266319,Large
72,2027 Q2,2027-06-30,Pizzeria,57143,69432,31996,31996,347159,91,165854,115,25147,37436,3345260,Medium
72,2027 Q3,2027-09-30,Pizzeria,52629,67560,29759,29759,337801,92,154441,109,22870,37801,3345260,Medium
72,2027 Q4,2027-12-31,Pizzeria,53196,84304,35430,35430,421518,92,183015,109,17766,48874,3345260,Medium
72,2028 Q1,2028-03-31,Pizzeria,44268,86123,36378,36378,430617,91,187844,107,7890,49745,3345260,Medium
72,2028 Q2,2028-06-30,Pizzeria,41896,77586,33375,33375,387931,91,173081,109,8521,44211,3345260,Medium
72,2028 Q3,2028-09-30,Pizzeria,52308,77609,32326,32326,388046,92,167953,107,19982,45283,3345260,Medium
73,2027 Q2,2027-06-30,Pizzeria,34781,52224,21251,21251,261120,91,110822,115,13530,30973,2751816,Small
73,2027 Q3,2027-09-30,Pizzeria,43692,60599,22812,22812,302996,92,119315,107,20880,37787,2751816,Small
73,2027 Q4,2027-12-31,Pizzeria,60524,89798,31882,31882,448991,92,165836,107,28642,57916,2751816,Small
73,2028 Q1,2028-03-31,Pizzeria,57075,82478,29689,29689,412389,91,154245,107,27386,52789,2751816,Small
73,2028 Q2,2028-06-30,Pizzeria,38196,56420,21465,21465,282101,91,111926,107,16731,34955,2751816,Small
73,2028 Q3,2028-09-30,Pizzeria,38886,55080,20413,20413,275398,92,106677,109,18473,34667,2751816,Small
74,2027 Q2,2027-06-30,Pizzeria,230788,230788,97770,97770,1153940,91,488852,115,133018,133018,10059934,Large
74,2027 Q3,2027-09-30,Pizzeria,217811,217811,87767,87767,1089057,92,438835,107,130044,130044,10059934,Large
74,2027 Q4,2027-12-31,Pizzeria,269536,269536,105284,105284,1347679,92,526420,107,164252,164252,10059934,Large
74,2028 Q1,2028-03-31,Pizzeria,263780,266984,105532,105532,1334922,91,527660,107,158248,161452,10059934,Large
74,2028 Q2,2028-06-30,Pizzeria,231197,231197,93256,93256,1155984,91,466281,107,137941,137941,10059934,Large
74,2028 Q3,2028-09-30,Pizzeria,219666,219666,86395,86395,1098330,92,431974,107,133271,133271,10059934,Large
75,2027 Q2,2027-06-30,Pizzeria,124336,126615,53433,53433,633076,91,281630,117,70903,73182,5243641,Medium
75,2027 Q3,2027-09-30,Pizzeria,102426,103670,42669,42669,518348,92,225004,107,59757,61001,5243641,Medium
75,2027 Q4,2027-12-31,Pizzeria,143834,150140,58442,58442,750701,92,306147,107,85392,91698,5243641,Medium
75,2028 Q1,2028-03-31,Pizzeria,142870,146233,57125,57125,731164,91,298915,107,85745,89108,5243641,Medium
75,2028 Q2,2028-06-30,Pizzeria,112642,114241,46269,46269,571203,91,243358,109,66373,67972,5243641,Medium
75,2028 Q3,2028-09-30,Pizzeria,93865,95586,39142,39142,477929,92,206166,107,54723,56444,5243641,Medium
76,2027 Q2,2027-06-30,Pizzeria,50070,57684,25896,25895,288422,91,129477,115,24174,31789,2755470,Small
76,2027 Q3,2027-09-30,Pizzeria,50726,56868,24218,24218,284341,92,121091,107,26508,32650,2755470,Small
76,2027 Q4,2027-12-31,Pizzeria,53990,71416,29221,29221,357081,92,146106,107,24769,42195,2755470,Small
76,2028 Q1,2028-03-31,Pizzeria,61246,72912,30042,30042,364562,91,150208,107,31204,42870,2755470,Small
76,2028 Q2,2028-06-30,Pizzeria,58844,65165,27348,27348,325825,91,136742,111,31496,37817,2755470,Small
76,2028 Q3,2028-09-30,Pizzeria,56092,64178,26145,26145,320889,92,130726,109,29947,38033,2755470,Small
77,2027 Q2,2027-06-30,Pizzeria,58690,66242,25891,25891,331209,91,134583,117,32799,40351,2549339,Small
77,2027 Q3,2027-09-30,Pizzeria,53155,60335,22451,22451,301674,92,116871,107,30704,37884,2549339,Small
77,2027 Q4,2027-12-31,Pizzeria,62783,70070,25718,25719,350348,92,133057,107,37065,44351,2549339,Small
77,2028 Q1,2028-03-31,Pizzeria,59276,66081,24751,24751,330407,91,127931,107,34525,41330,2549339,Small
77,2028 Q2,2028-06-30,Pizzeria,48408,54452,20895,20895,272259,91,108452,107,27513,33557,2549339,Small
77,2028 Q3,2028-09-30,Pizzeria,43394,49199,18574,18574,245996,92,96552,107,24820,30625,2549339,Small
78,2027 Q2,2027-06-30,Pizzeria,63206,63207,28120,28120,316033,91,141849,115,35086,35087,3007472,Small
78,2027 Q3,2027-09-30,Pizzeria,60603,61401,25987,25987,307004,92,131132,107,34616,35414,3007472,Small
78,2027 Q4,2027-12-31,Pizzeria,75709,76629,31378,31378,383144,92,158132,107,44331,45251,3007472,Small
78,2028 Q1,2028-03-31,Pizzeria,78532,78531,32342,32342,392657,91,162977,109,46190,46189,3007472,Small
78,2028 Q2,2028-06-30,Pizzeria,70430,71285,29709,29709,356425,91,149874,107,40721,41576,3007472,Small
78,2028 Q3,2028-09-30,Pizzeria,71408,72275,29100,29099,361374,92,146871,107,42308,43176,3007472,Small
79,2027 Q2,2027-06-30,Pizzeria,46246,52853,23309,23309,264267,91,116547,115,22937,29544,2799114,Small
79,2027 Q3,2027-09-30,Pizzeria,61983,71990,29190,29190,359950,92,145951,107,32793,42800,2799114,Small
79,2027 Q4,2027-12-31,Pizzeria,64399,74536,29641,29641,372678,92,148203,107,34758,44895,2799114,Small
79,2028 Q1,2028-03-31,Pizzeria,53302,61337,25001,25001,306685,91,125007,107,28301,36336,2799114,Small
79,2028 Q2,2028-06-30,Pizzeria,56564,64867,27251,27251,324334,91,136257,109,29313,37616,2799114,Small
79,2028 Q3,2028-09-30,Pizzeria,62624,71982,27865,27865,359909,92,139326,107,34759,44117,2799114,Small
80,2027 Q2,2027-06-30,Pizzeria,96969,98246,44237,44237,491229,91,221183,117,52732,54009,4601122,Medium
80,2027 Q3,2027-09-30,Pizzeria,95270,95270,40913,40913,476349,92,204564,107,54357,54357,4601122,Medium
80,2027 Q4,2027-12-31,Pizzeria,116904,118444,48571,48571,592218,92,242853,107,68333,69873,4601122,Medium
80,2028 Q1,2028-03-31,Pizzeria,120474,120474,49729,49729,602372,91,248643,107,70745,70745,4601122,Medium
80,2028 Q2,2028-06-30,Pizzeria,107897,107897,45614,45614,539484,91,228071,107,62283,62283,4601122,Medium
80,2028 Q3,2028-09-30,Pizzeria,106957,106957,43874,43874,534787,92,219369,107,63083,63083,4601122,Medium
81,2027 Q2,2027-06-30,Pizzeria,54472,54472,25348,25348,272358,91,127780,115,29124,29124,2348704,Small
81,2027 Q3,2027-09-30,Pizzeria,55878,55878,24346,24346,279391,92,122778,107,31532,31532,2348704,Small
81,2027 Q4,2027-12-31,Pizzeria,60911,60911,26031,26031,304556,92,131101,107,34880,34880,2348704,Small
81,2028 Q1,2028-03-31,Pizzeria,51459,52190,23343,23343,260949,91,117522,107,28116,28847,2348704,Small
81,2028 Q2,2028-06-30,Pizzeria,47549,47549,21824,21824,237744,91,109981,109,25725,25725,2348704,Small
81,2028 Q3,2028-09-30,Pizzeria,52926,53569,23144,23144,267845,92,116699,107,29782,30425,2348704,Small
82,2027 Q2,2027-06-30,Pizzeria,61877,62629,29179,29179,313143,91,147127,115,32698,33450,2223587,Small
82,2027 Q3,2027-09-30,Pizzeria,44167,44931,21292,21292,224657,92,107342,107,22875,23639,2223587,Small
82,2027 Q4,2027-12-31,Pizzeria,42206,43919,20599,20599,219593,92,103703,107,21607,23320,2223587,Small
82,2028 Q1,2028-03-31,Pizzeria,54152,55257,26142,26142,276287,91,131648,107,28010,29115,2223587,Small
82,2028 Q2,2028-06-30,Pizzeria,58573,59344,26271,26271,296720,91,132429,107,32302,33073,2223587,Small
82,2028 Q3,2028-09-30,Pizzeria,35643,36370,17680,17680,181850,92,89088,107,17963,18690,2223587,Small
83,2027 Q2,2027-06-30,Pizzeria,58395,65100,31906,31906,325498,91,159532,115,26489,33194,3559256,Medium
83,2027 Q3,2027-09-30,Pizzeria,60736,67710,31271,31271,338549,92,156355,107,29465,36439,3559256,Medium
83,2027 Q4,2027-12-31,Pizzeria,79726,89080,38084,38084,445398,92,190420,107,41642,50996,3559256,Medium
83,2028 Q1,2028-03-31,Pizzeria,84104,94818,40317,40317,474090,91,201586,107,43787,54501,3559256,Medium
83,2028 Q2,2028-06-30,Pizzeria,77715,88012,38161,38161,440058,91,190804,107,39554,49851,3559256,Medium
83,2028 Q3,2028-09-30,Pizzeria,79936,89816,37577,37577,449082,92,187884,107,42359,52239,3559256,Medium
84,2027 Q2,2027-06-30,Pizzeria,46196,62596,27801,27801,312981,91,144733,115,18395,34795,3006464,Small
84,2027 Q3,2027-09-30,Pizzeria,45097,60860,25626,25626,304300,92,133632,107,19471,35234,3006464,Small
84,2027 Q4,2027-12-31,Pizzeria,57003,76005,31109,31109,380023,92,161267,107,25894,44896,3006464,Small
84,2028 Q1,2028-03-31,Pizzeria,58509,77908,32118,32118,389539,91,166414,107,26391,45790,3006464,Small
84,2028 Q2,2028-06-30,Pizzeria,53218,70674,29395,29396,353372,91,153093,107,23823,41278,3006464,Small
84,2028 Q3,2028-09-30,Pizzeria,63938,71519,28642,28642,357594,92,149516,107,35296,42877,3006464,Small
85,2027 Q2,2027-06-30,Pizzeria,203932,207459,88518,88518,1037296,91,464868,115,115414,118941,9473639,Large
85,2027 Q3,2027-09-30,Pizzeria,166492,170411,70195,70195,852053,92,368809,107,96297,100216,9473639,Large
85,2027 Q4,2027-12-31,Pizzeria,245664,248648,99658,99658,1243241,92,520655,107,146006,148990,9473639,Large
85,2028 Q1,2028-03-31,Pizzeria,277235,285515,109611,109611,1427574,91,572532,107,167624,175904,9473639,Large
85,2028 Q2,2028-06-30,Pizzeria,173783,178973,74676,74676,894867,91,391507,107,99107,104297,9473639,Large
85,2028 Q3,2028-09-30,Pizzeria,235398,242179,92932,92932,1210897,92,489340,107,142466,149247,9473639,Large
86,2027 Q2,2027-06-30,Pizzeria,96048,97215,40425,40425,486075,91,210144,115,55623,56790,4541518,Medium
86,2027 Q3,2027-09-30,Pizzeria,64946,64946,27674,27674,324728,92,143530,109,37272,37272,4541518,Medium
86,2027 Q4,2027-12-31,Pizzeria,153597,153597,57681,57681,767986,92,298988,107,95916,95916,4541518,Medium
86,2028 Q1,2028-03-31,Pizzeria,104414,104414,40177,40177,522068,91,207631,107,64237,64237,4541518,Medium
86,2028 Q2,2028-06-30,Pizzeria,79923,80812,33483,33483,404058,91,173667,107,46440,47329,4541518,Medium
86,2028 Q3,2028-09-30,Pizzeria,143597,145194,52971,52971,725971,92,276672,107,90626,92223,4541518,Medium
87,2027 Q2,2027-06-30,Pizzeria,49793,49793,20529,20529,248964,91,106707,117,29264,29264,2287141,Small
87,2027 Q3,2027-09-30,Pizzeria,31135,31609,14385,14385,158044,92,74646,107,16750,17224,2287141,Small
87,2027 Q4,2027-12-31,Pizzeria,87697,89487,32550,32550,447433,92,168925,107,55147,56937,2287141,Small
87,2028 Q1,2028-03-31,Pizzeria,43765,44522,18449,18449,222612,91,95326,109,25316,26073,2287141,Small
87,2028 Q2,2028-06-30,Pizzeria,47527,48251,19910,19910,241255,91,103549,107,27617,28341,2287141,Small
87,2028 Q3,2028-09-30,Pizzeria,59915,60581,22364,22364,302904,92,116776,107,37551,38217,2287141,Small
88,2027 Q2,2027-06-30,Pizzeria,58139,74252,31443,31443,371259,91,164840,117,26696,42809,3617683,Medium
88,2027 Q3,2027-09-30,Pizzeria,44966,72879,29357,29357,364396,92,154177,107,15609,43522,3617683,Medium
88,2027 Q4,2027-12-31,Pizzeria,45686,92108,35426,35426,460540,92,184913,107,10260,56682,3617683,Medium
88,2028 Q1,2028-03-31,Pizzeria,50247,95709,36931,36931,478545,91,192688,109,13316,58778,3617683,Medium
88,2028 Q2,2028-06-30,Pizzeria,59721,87954,34354,34354,439771,91,180309,107,25367,53600,3617683,Medium
88,2028 Q3,2028-09-30,Pizzeria,72722,89780,33694,33694,448898,92,177347,107,39028,56086,3617683,Medium
89,2027 Q2,2027-06-30,Pizzeria,29863,40355,19526,19526,201773,91,98396,115,10337,20829,2409214,Small
89,2027 Q3,2027-09-30,Pizzeria,40366,60609,25491,25491,303043,92,128576,111,14875,35118,2409214,Small
89,2027 Q4,2027-12-31,Pizzeria,43398,81729,32172,32172,408646,92,162095,107,11226,49557,2409214,Small
89,2028 Q1,2028-03-31,Pizzeria,33766,55445,23407,23407,277226,91,117858,107,10359,32038,2409214,Small
89,2028 Q2,2028-06-30,Pizzeria,28863,39701,18420,18420,198504,91,92806,107,10443,21281,2409214,Small
89,2028 Q3,2028-09-30,Pizzeria,41226,59489,24357,24357,297447,92,122844,107,16869,35132,2409214,Small
90,2027 Q2,2027-06-30,Pizzeria,34005,40147,19599,19599,200735,91,98765,115,14406,20548,2392006,Small
90,2027 Q3,2027-09-30,Pizzeria,57223,67640,27420,27420,338201,92,138359,109,29803,40220,2392006,Small
90,2027 Q4,2027-12-31,Pizzeria,32291,42940,19424,19424,214698,92,97790,107,12867,23516,2392006,Small
90,2028 Q1,2028-03-31,Pizzeria,45434,55205,24405,24405,276023,91,122909,109,21029,30800,2392006,Small
90,2028 Q2,2028-06-30,Pizzeria,56771,64512,26054,26054,322562,91,131351,107,30717,38458,2392006,Small
90,2028 Q3,2028-09-30,Pizzeria,54594,63779,26113,26113,318893,92,131720,107,28481,37666,2392006,Small
91,2027 Q2,2027-06-30,Pizzeria,214208,243695,96355,96355,1218474,91,503102,115,117853,147340,10523193,Large
91,2027 Q3,2027-09-30,Pizzeria,206994,232056,86746,86746,1160278,92,453767,107,120248,145310,10523193,Large
91,2027 Q4,2027-12-31,Pizzeria,248645,281591,103358,103358,1407955,92,537047,107,145287,178233,10523193,Large
91,2028 Q1,2028-03-31,Pizzeria,250896,281273,104413,104413,1406365,91,542157,107,146483,176860,10523193,Large
91,2028 Q2,2028-06-30,Pizzeria,214200,241761,91244,91244,1208806,91,476198,109,122956,150517,10523193,Large
91,2028 Q3,2028-09-30,Pizzeria,205786,232790,85092,85092,1163950,92,445094,107,120694,147698,10523193,Large
92,2027 Q2,2027-06-30,Pizzeria,45123,53400,21070,21070,267001,91,110710,115,24053,32330,2483191,Small
92,2027 Q3,2027-09-30,Pizzeria,44516,52187,19544,19544,260936,92,102894,107,24972,32643,2483191,Small
92,2027 Q4,2027-12-31,Pizzeria,55737,65342,23578,23578,326708,92,123280,107,32159,41764,2483191,Small
92,2028 Q1,2028-03-31,Pizzeria,56306,66872,24294,24294,334360,91,126950,107,32012,42578,2483191,Small
92,2028 Q2,2028-06-30,Pizzeria,51120,60212,22189,22189,301061,91,116650,107,28931,38023,2483191,Small
92,2028 Q3,2028-09-30,Pizzeria,51195,60017,21352,21352,300085,92,112556,107,29843,38665,2483191,Small
93,2027 Q2,2027-06-30,Pizzeria,199943,229819,104804,104804,1149097,91,524022,115,95139,125015,10242550,Large
93,2027 Q3,2027-09-30,Pizzeria,188461,218379,94906,94906,1091894,92,474530,107,93555,123473,10242550,Large
93,2027 Q4,2027-12-31,Pizzeria,231396,267201,112362,112362,1336007,92,561811,107,119034,154839,10242550,Large
93,2028 Q1,2028-03-31,Pizzeria,229142,264598,112501,112501,1322989,91,562506,107,116641,152097,10242550,Large
93,2028 Q2,2028-06-30,Pizzeria,200988,230755,100343,100343,1153777,91,501715,107,100645,130412,10242550,Large
93,2028 Q3,2028-09-30,Pizzeria,189244,219541,93299,93299,1097705,92,466497,107,95945,126242,10242550,Large
94,2027 Q2,2027-06-30,Pizzeria,51966,57612,26276,26276,288058,91,132559,121,25690,31336,2633214,Small
94,2027 Q3,2027-09-30,Pizzeria,38699,42809,19322,19322,214046,92,97476,107,19377,23487,2633214,Small
94,2027 Q4,2027-12-31,Pizzeria,75046,83944,35785,35785,419718,92,180387,107,39261,48159,2633214,Small
94,2028 Q1,2028-03-31,Pizzeria,54137,59886,25319,25319,299432,91,127573,107,28818,34567,2633214,Small
94,2028 Q2,2028-06-30,Pizzeria,67932,75988,32066,32066,379938,91,161796,107,35866,43922,2633214,Small
94,2028 Q3,2028-09-30,Pizzeria,40947,46060,20201,20201,230299,92,101932,109,20746,25859,2633214,Small
95,2027 Q2,2027-06-30,Pizzeria,211231,241131,103775,103775,1205653,91,540208,115,107456,137356,10790378,Large
95,2027 Q3,2027-09-30,Pizzeria,192988,230847,94293,94293,1154237,92,491662,109,98695,136554,10790378,Large
95,2027 Q4,2027-12-31,Pizzeria,221140,285342,113743,113743,1426708,92,589443,107,107397,171599,10790378,Large
95,2028 Q1,2028-03-31,Pizzeria,242490,281638,113792,113792,1408188,91,589302,109,128698,167846,10790378,Large
95,2028 Q2,2028-06-30,Pizzeria,218390,242925,99537,99537,1214625,91,517956,107,118853,143388,10790378,Large
95,2028 Q3,2028-09-30,Pizzeria,201022,233475,93025,93025,1167373,92,485023,109,107997,140450,10790378,Large
96,2027 Q2,2027-06-30,Pizzeria,42250,51462,25145,25145,257311,91,130588,115,17105,26317,3067540,Small
96,2027 Q3,2027-09-30,Pizzeria,48254,58419,27390,27390,292096,92,142600,107,20864,31029,3067540,Small
96,2027 Q4,2027-12-31,Pizzeria,80024,96999,39099,39099,484996,92,202758,107,40925,57900,3067540,Small
96,2028 Q1,2028-03-31,Pizzeria,77807,93743,40370,40370,468713,91,209223,107,37437,53373,3067540,Small
96,2028 Q2,2028-06-30,Pizzeria,47601,56939,25524,25524,284693,91,132606,107,22077,31415,3067540,Small
96,2028 Q3,2028-09-30,Pizzeria,53135,63788,27457,27457,318941,92,143015,107,25678,36331,3067540,Small
97,2027 Q2,2027-06-30,Pizzeria,107411,111886,49732,49732,559428,91,248658,115,57679,62154,5326332,Medium
97,2027 Q3,2027-09-30,Pizzeria,102517,107011,45878,45878,535055,92,229392,107,56639,61133,5326332,Medium
97,2027 Q4,2027-12-31,Pizzeria,148349,154853,62004,62004,774264,92,310020,109,86345,92849,5326332,Medium
97,2028 Q1,2028-03-31,Pizzeria,151446,157921,63174,63174,789606,91,315870,107,88272,94747,5326332,Medium
97,2028 Q2,2028-06-30,Pizzeria,111990,116778,49069,49069,583888,91,245345,107,62921,67709,5326332,Medium
97,2028 Q3,2028-09-30,Pizzeria,99034,103484,43477,43477,517421,92,217385,107,55557,60007,5326332,Medium
98,2027 Q2,2027-06-30,Pizzeria,128116,145586,64786,64786,727930,91,323932,115,63330,80800,7464609,Large
98,2027 Q3,2027-09-30,Pizzeria,167447,211690,83623,83623,1058449,92,418115,109,83824,128067,7464609,Large
98,2027 Q4,2027-12-31,Pizzeria,139946,184139,76894,76894,920693,92,384470,107,63052,107245,7464609,Large
98,2028 Q1,2028-03-31,Pizzeria,160833,198805,78365,78365,994027,91,391823,107,82468,120440,7464609,Large
98,2028 Q2,2028-06-30,Pizzeria,138748,149998,65162,65162,749989,91,325808,107,73586,84836,7464609,Large
98,2028 Q3,2028-09-30,Pizzeria,154752,166579,67295,67295,832896,92,336477,107,87457,99284,7464609,Large
99,2027 Q2,2027-06-30,Pizzeria,50888,61017,33827,33827,305085,91,169134,119,17061,27190,3410272,Medium
99,2027 Q3,2027-09-30,Pizzeria,74149,89015,39903,39903,445075,92,199517,107,34246,49112,3410272,Medium
99,2027 Q4,2027-12-31,Pizzeria,84081,101793,46869,46869,508964,92,234347,107,37212,54924,3410272,Medium
99,2028 Q1,2028-03-31,Pizzeria,61562,74620,35628,35628,373099,91,178138,107,25934,38992,3410272,Medium
99,2028 Q2,2028-06-30,Pizzeria,56071,67883,33865,33865,339417,91,169323,107,22206,34018,3410272,Medium
99,2028 Q3,2028-09-30,Pizzeria,55167,65753,31882,31882,328765,92,159408,109,23285,33871,3410272,Medium
100,2027 Q2,2027-06-30,Pizzeria,88092,88092,45365,45365,440458,91,228807,117,42727,42727,4316543,Medium
100,2027 Q3,2027-09-30,Pizzeria,86089,86089,42132,42132,430444,92,212575,107,43957,43957,4316543,Medium
100,2027 Q4,2027-12-31,Pizzeria,107228,107228,50481,50480,536141,92,254385,107,56747,56748,4316543,Medium
100,2028 Q1,2028-03-31,Pizzeria,108613,108613,51526,51526,543064,91,259622,107,57087,57087,4316543,Medium
100,2028 Q2,2028-06-30,Pizzeria,96330,96330,46618,46618,481652,91,235137,107,49712,49712,4316543,Medium
100,2028 Q3,2028-09-30,Pizzeria,93014,94144,44299,44299,470722,92,223536,107,48715,49845,4316543,Medium
101,2027 Q2,2027-06-30,Pizzeria,148222,150632,72155,72156,753160,91,360778,115,76067,78476,6191314,Large
101,2027 Q3,2027-09-30,Pizzeria,116571,116571,56392,56392,582854,92,281958,107,60179,60179,6191314,Large
101,2027 Q4,2027-12-31,Pizzeria,145883,145883,67467,67467,729415,92,337337,109,78416,78416,6191314,Large
101,2028 Q1,2028-03-31,Pizzeria,176637,176637,78697,78697,883185,91,393484,109,97940,97940,6191314,Large
101,2028 Q2,2028-06-30,Pizzeria,140214,140214,65259,65259,701068,91,326297,107,74955,74955,6191314,Large
101,2028 Q3,2028-09-30,Pizzeria,113751,113751,54605,54605,568754,92,273024,109,59146,59146,6191314,Large
102,2027 Q2,2027-06-30,Pizzeria,97611,101572,45809,45809,507858,91,239508,115,51802,55763,4920072,Medium
102,2027 Q3,2027-09-30,Pizzeria,118762,123839,50500,50500,619196,92,264951,107,68262,73339,4920072,Medium
102,2027 Q4,2027-12-31,Pizzeria,147023,149414,59074,59074,747069,92,307752,107,87949,90340,4920072,Medium
102,2028 Q1,2028-03-31,Pizzeria,114955,116234,48523,48523,581169,91,252148,107,66432,67711,4920072,Medium
102,2028 Q2,2028-06-30,Pizzeria,86589,88086,39078,39078,440432,91,203876,107,47511,49008,4920072,Medium
102,2028 Q3,2028-09-30,Pizzeria,104294,105668,43490,43490,528338,92,227775,107,60804,62178,4920072,Medium
103,2027 Q2,2027-06-30,Pizzeria,215255,215255,89967,89967,1076275,91,467912,115,125288,125288,10410612,Large
103,2027 Q3,2027-09-30,Pizzeria,210259,214331,84493,84493,1071655,92,440235,107,125766,129838,10410612,Large
103,2027 Q4,2027-12-31,Pizzeria,266647,271535,103976,103976,1357677,92,538617,107,162671,167559,10410612,Large
103,2028 Q1,2028-03-31,Pizzeria,279439,279439,107766,107766,1397194,91,557976,107,171673,171673,10410612,Large
103,2028 Q2,2028-06-30,Pizzeria,251567,251567,97876,97876,1257837,91,509314,109,153691,153691,10410612,Large
103,2028 Q3,2028-09-30,Pizzeria,249454,249454,93700,93700,1247271,92,488649,107,155754,155754,10410612,Large
104,2027 Q2,2027-06-30,Pizzeria,59802,59802,25305,25305,299010,91,131723,115,34497,34497,2840597,Small
104,2027 Q3,2027-09-30,Pizzeria,58954,58954,23581,23581,294768,92,122967,107,35373,35373,2840597,Small
104,2027 Q4,2027-12-31,Pizzeria,74023,74023,28784,28784,370117,92,149210,107,45239,45239,2840597,Small
104,2028 Q1,2028-03-31,Pizzeria,75554,75554,29594,29594,377770,91,153329,107,45960,45960,2840597,Small
104,2028 Q2,2028-06-30,Pizzeria,67501,67501,26724,26724,337506,91,139157,107,40777,40777,2840597,Small
104,2028 Q3,2028-09-30,Pizzeria,66447,66447,25449,25449,332234,92,132806,107,40998,40998,2840597,Small
105,2027 Q2,2027-06-30,Pizzeria,57440,58079,26179,26179,290395,91,135818,115,31261,31900,3053979,Small
105,2027 Q3,2027-09-30,Pizzeria,58384,59515,25240,25240,297575,92,131174,107,33144,34275,3053979,Small
105,2027 Q4,2027-12-31,Pizzeria,76471,77322,31656,31656,386608,92,163661,109,44815,45666,3053979,Small
105,2028 Q1,2028-03-31,Pizzeria,80265,81405,33402,33402,407024,91,172633,107,46863,48003,3053979,Small
105,2028 Q2,2028-06-30,Pizzeria,73033,74829,30835,30835,374145,91,160154,107,42198,43994,3053979,Small
105,2028 Q3,2028-09-30,Pizzeria,74394,75681,30046,30046,378404,92,156388,107,44348,45635,3053979,Small
106,2027 Q2,2027-06-30,Pizzeria,127049,129907,58335,58335,649537,91,301775,115,68714,71572,5810728,Large
106,2027 Q3,2027-09-30,Pizzeria,120956,122923,53166,53166,614616,92,275295,107,67790,69757,5810728,Large
106,2027 Q4,2027-12-31,Pizzeria,146419,151260,62451,62451,756298,92,321934,107,83968,88809,5810728,Large
106,2028 Q1,2028-03-31,Pizzeria,145499,148015,62051,62051,740074,91,319657,107,83448,85964,5810728,Large
106,2028 Q2,2028-06-30,Pizzeria,127307,130038,56009,56009,650189,91,289597,107,71298,74029,5810728,Large
106,2028 Q3,2028-09-30,Pizzeria,122293,124029,52460,52460,620145,92,271611,107,69833,71569,5810728,Large
107,2027 Q2,2027-06-30,Pizzeria,57145,57145,23467,23467,285726,91,117335,115,33678,33678,2188344,Small
107,2027 Q3,2027-09-30,Pizzeria,51203,51877,20413,20412,259383,92,102062,107,30790,31465,2188344,Small
107,2027 Q4,2027-12-31,Pizzeria,60026,60026,23052,23052,300128,92,115261,107,36974,36974,2188344,Small
107,2028 Q1,2028-03-31,Pizzeria,56374,56374,22078,22078,281870,91,110389,107,34296,34296,2188344,Small
107,2028 Q2,2028-06-30,Pizzeria,46232,46232,18759,18759,231162,91,93797,107,27473,27473,2188344,Small
107,2028 Q3,2028-09-30,Pizzeria,41537,41537,16709,16709,207687,92,83544,107,24828,24828,2188344,Small
108,2027 Q2,2027-06-30,Pizzeria,56956,56956,25399,25399,284780,91,128124,115,31557,31557,2533097,Small
108,2027 Q3,2027-09-30,Pizzeria,54789,54789,23267,23267,273946,92,117408,107,31522,31522,2533097,Small
108,2027 Q4,2027-12-31,Pizzeria,66247,66247,27241,27241,331237,92,137284,107,39006,39006,2533097,Small
108,2028 Q1,2028-03-31,Pizzeria,64596,65314,27252,27252,326568,91,137320,109,37344,38062,2533097,Small
108,2028 Q2,2028-06-30,Pizzeria,57497,57497,24427,24427,287486,91,123211,107,33070,33070,2533097,Small
108,2028 Q3,2028-09-30,Pizzeria,54339,54339,22599,22599,271697,92,114036,107,31740,31740,2533097,Small
109,2027 Q2,2027-06-30,Pizzeria,41377,68392,28671,28671,341961,91,144560,115,12706,39721,2946315,Small
109,2027 Q3,2027-09-30,Pizzeria,39298,64956,25894,25894,324781,92,130596,107,13404,39062,2946315,Small
109,2027 Q4,2027-12-31,Pizzeria,47471,78724,30535,30535,393621,92,153815,107,16936,48189,2946315,Small
109,2028 Q1,2028-03-31,Pizzeria,46577,77628,30469,30469,388140,91,153460,107,16108,47159,2946315,Small
109,2028 Q2,2028-06-30,Pizzeria,40227,67045,26875,26875,335227,91,135488,107,13352,40170,2946315,Small
109,2028 Q3,2028-09-30,Pizzeria,38008,63771,24946,24946,318856,92,125810,107,13062,38825,2946315,Small
110,2027 Q2,2027-06-30,Pizzeria,36863,54211,26248,26248,271055,91,136415,115,10615,27963,2254531,Small
110,2027 Q3,2027-09-30,Pizzeria,42078,59516,25879,25879,297581,92,134762,107,16199,33637,2254531,Small
110,2027 Q4,2027-12-31,Pizzeria,23112,42330,19733,19733,211649,92,101830,109,3379,22597,2254531,Small
110,2028 Q1,2028-03-31,Pizzeria,39431,61419,27466,27466,307097,91,141996,107,11965,33953,2254531,Small
110,2028 Q2,2028-06-30,Pizzeria,33884,50422,23183,23183,252108,91,120317,107,10701,27239,2254531,Small
110,2028 Q3,2028-09-30,Pizzeria,26390,37593,17685,17685,187965,92,91756,107,8705,19908,2254531,Small
111,2027 Q2,2027-06-30,Pizzeria,65624,65624,27466,27466,328120,91,137330,115,38158,38158,3015261,Small
111,2027 Q3,2027-09-30,Pizzeria,63898,63898,25358,25358,319488,92,126791,107,38540,38540,3015261,Small
111,2027 Q4,2027-12-31,Pizzeria,79566,79566,30683,30683,397830,92,153415,107,48883,48883,3015261,Small
111,2028 Q1,2028-03-31,Pizzeria,80802,80802,31393,31393,404010,91,156965,107,49409,49409,3015261,Small
111,2028 Q2,2028-06-30,Pizzeria,72010,72010,28362,28362,360052,91,141811,107,43648,43648,3015261,Small
111,2028 Q3,2028-09-30,Pizzeria,70828,70828,27062,27062,354140,92,135309,107,43766,43766,3015261,Small
112,2027 Q2,2027-06-30,Pizzeria,63925,63925,25932,25932,319623,91,130776,115,37993,37993,1939764,Small
112,2027 Q3,2027-09-30,Pizzeria,40957,40957,16564,16564,204784,92,83526,107,24393,24393,1939764,Small
112,2027 Q4,2027-12-31,Pizzeria,47438,47438,19470,19470,237189,92,98053,107,27968,27968,1939764,Small
112,2028 Q1,2028-03-31,Pizzeria,54328,54328,21402,21402,271641,91,107780,107,32926,32926,1939764,Small
112,2028 Q2,2028-06-30,Pizzeria,37703,37703,16000,16000,188513,91,80628,107,21703,21703,1939764,Small
112,2028 Q3,2028-09-30,Pizzeria,30247,30246,13100,13100,151232,92,66019,109,17147,17146,1939764,Small
113,2027 Q2,2027-06-30,Pizzeria,116218,116218,51170,51170,581089,91,257969,115,65048,65048,4739188,Medium
113,2027 Q3,2027-09-30,Pizzeria,107158,107158,45199,45199,535788,92,227926,107,61959,61959,4739188,Medium
113,2027 Q4,2027-12-31,Pizzeria,126086,126086,51793,51793,630428,92,260855,109,74293,74293,4739188,Medium
113,2028 Q1,2028-03-31,Pizzeria,120625,120625,50417,50417,603127,91,253883,107,70208,70208,4739188,Medium
113,2028 Q2,2028-06-30,Pizzeria,100983,100983,43533,43533,504915,91,219403,107,57450,57450,4739188,Medium
113,2028 Q3,2028-09-30,Pizzeria,91612,92913,39521,39521,464563,92,199242,107,52091,53392,4739188,Medium
114,2027 Q2,2027-06-30,Pizzeria,49804,49804,21102,21102,249019,91,110858,115,28702,28702,2483980,Small
114,2027 Q3,2027-09-30,Pizzeria,50122,50122,19974,19974,250608,92,105179,107,30148,30148,2483980,Small
114,2027 Q4,2027-12-31,Pizzeria,64104,64104,24918,24918,320520,92,130243,107,39186,39186,2483980,Small
114,2028 Q1,2028-03-31,Pizzeria,66545,66545,26041,26041,332726,91,136031,107,40504,40504,2483980,Small
114,2028 Q2,2028-06-30,Pizzeria,60391,60391,23723,23723,301957,91,124731,111,36668,36668,2483980,Small
114,2028 Q3,2028-09-30,Pizzeria,60347,60347,22830,22830,301733,92,120375,107,37517,37517,2483980,Small
115,2027 Q2,2027-06-30,Pizzeria,42923,43400,20306,20306,216999,91,101529,115,22617,23094,1754549,Small
115,2027 Q3,2027-09-30,Pizzeria,36913,36913,17520,17520,184566,92,87601,107,19393,19393,1754549,Small
115,2027 Q4,2027-12-31,Pizzeria,54702,54702,23212,23212,273511,92,116058,107,31490,31490,1754549,Small
115,2028 Q1,2028-03-31,Pizzeria,39980,40425,18570,18570,202127,91,92848,107,21410,21855,1754549,Small
115,2028 Q2,2028-06-30,Pizzeria,29051,29405,14535,14535,147023,91,72676,107,14516,14870,1754549,Small
115,2028 Q3,2028-09-30,Pizzeria,35551,35551,16371,16371,177757,92,81854,107,19180,19180,1754549,Small
116,2027 Q2,2027-06-30,Pizzeria,22687,39732,19001,19001,198662,91,98642,115,3686,20731,2188897,Small
116,2027 Q3,2027-09-30,Pizzeria,27691,55605,24044,24044,278023,92,125357,107,3647,31561,2188897,Small
116,2027 Q4,2027-12-31,Pizzeria,54346,72461,29758,29758,362306,92,154293,107,24588,42703,2188897,Small
116,2028 Q1,2028-03-31,Pizzeria,38827,49211,21327,21327,246053,91,110237,109,17500,27884,2188897,Small
116,2028 Q2,2028-06-30,Pizzeria,21012,38483,17763,17763,192414,91,92152,107,3249,20720,2188897,Small
116,2028 Q3,2028-09-30,Pizzeria,23208,45595,19739,19739,227973,92,102785,109,3469,25856,2188897,Small
117,2027 Q2,2027-06-30,Pizzeria,64182,64896,27786,27786,324478,91,138929,115,36396,37110,2840489,Small
117,2027 Q3,2027-09-30,Pizzeria,62644,62644,25352,25352,313218,92,126758,109,37292,37292,2840489,Small
117,2027 Q4,2027-12-31,Pizzeria,74565,75470,29809,29809,377352,92,149044,107,44756,45661,2840489,Small
117,2028 Q1,2028-03-31,Pizzeria,74700,74700,29838,29838,373502,91,149189,107,44862,44862,2840489,Small
117,2028 Q2,2028-06-30,Pizzeria,63798,64770,26418,26418,323848,91,132091,109,37380,38352,2840489,Small
117,2028 Q3,2028-09-30,Pizzeria,61872,61872,24544,24544,309359,92,122721,107,37328,37328,2840489,Small
118,2027 Q2,2027-06-30,Pizzeria,63693,70770,33409,33409,353848,91,167046,115,30284,37361,3486451,Medium
118,2027 Q3,2027-09-30,Pizzeria,63029,69954,31370,31370,349772,92,156849,107,31659,38584,3486451,Medium
118,2027 Q4,2027-12-31,Pizzeria,79833,88409,37923,37923,442045,92,189613,107,41910,50486,3486451,Medium
118,2028 Q1,2028-03-31,Pizzeria,81243,91080,39247,39247,455400,91,196236,107,41996,51833,3486451,Medium
118,2028 Q2,2028-06-30,Pizzeria,73466,82269,36086,36086,411345,91,180431,107,37380,46183,3486451,Medium
118,2028 Q3,2028-09-30,Pizzeria,72841,81936,34837,34837,409680,92,174186,107,38004,47099,3486451,Medium
119,2027 Q2,2027-06-30,Pizzeria,33373,45160,22176,22176,225802,91,115142,115,11197,22984,2250104,Small
119,2027 Q3,2027-09-30,Pizzeria,32470,44237,20673,20673,221186,92,107486,107,11797,23564,2250104,Small
119,2027 Q4,2027-12-31,Pizzeria,40547,55544,24965,24965,277718,92,129132,109,15582,30579,2250104,Small
119,2028 Q1,2028-03-31,Pizzeria,42251,57019,25756,25756,285096,91,133172,107,16495,31263,2250104,Small
119,2028 Q2,2028-06-30,Pizzeria,44486,51489,23546,23546,257443,91,122319,107,20940,27943,2250104,Small
119,2028 Q3,2028-09-30,Pizzeria,44590,51430,22757,22757,257150,92,118458,107,21833,28673,2250104,Small
120,2027 Q2,2027-06-30,Pizzeria,120593,120593,47545,47545,602965,91,248099,117,73048,73048,4252556,Medium
120,2027 Q3,2027-09-30,Pizzeria,97293,97293,37412,37412,486465,92,195117,107,59881,59881,4252556,Medium
120,2027 Q4,2027-12-31,Pizzeria,101091,101091,39548,39548,505455,92,204856,107,61543,61543,4252556,Medium
120,2028 Q1,2028-03-31,Pizzeria,96164,97332,39242,39242,486660,91,203162,107,56922,58090,4252556,Medium
120,2028 Q2,2028-06-30,Pizzeria,92495,92495,36650,36650,462475,91,190601,109,55845,55845,4252556,Medium
120,2028 Q3,2028-09-30,Pizzeria,94009,95055,36737,36737,475274,92,191427,107,57272,58318,4252556,Medium
121,2027 Q2,2027-06-30,Pizzeria,45645,53700,21291,21291,268499,91,107472,115,24354,32409,2432869,Small
121,2027 Q3,2027-09-30,Pizzeria,55487,62345,22492,22492,311726,92,113603,107,32995,39853,2432869,Small
121,2027 Q4,2027-12-31,Pizzeria,48816,63646,22707,22707,318228,92,114500,107,26109,40939,2432869,Small
121,2028 Q1,2028-03-31,Pizzeria,46610,53636,20175,20175,268182,91,101695,107,26435,33461,2432869,Small
121,2028 Q2,2028-06-30,Pizzeria,49846,59341,22045,22045,296707,91,111280,107,27801,37296,2432869,Small
121,2028 Q3,2028-09-30,Pizzeria,54709,62028,21944,21944,310141,92,110836,107,32765,40084,2432869,Small
122,2027 Q2,2027-06-30,Pizzeria,48571,48571,22950,22950,242857,91,119399,117,25621,25621,2615588,Small
122,2027 Q3,2027-09-30,Pizzeria,49987,49987,22174,22174,249937,92,115592,109,27813,27813,2615588,Small
122,2027 Q4,2027-12-31,Pizzeria,65180,65180,27827,27827,325898,92,144261,107,37353,37353,2615588,Small
122,2028 Q1,2028-03-31,Pizzeria,68839,68839,29477,29477,344193,91,152758,107,39362,39362,2615588,Small
122,2028 Q2,2028-06-30,Pizzeria,63454,63454,27350,27350,317271,91,142478,109,36104,36104,2615588,Small
122,2028 Q3,2028-09-30,Pizzeria,64340,64340,26665,26665,321702,92,139242,109,37675,37675,2615588,Small
123,2027 Q2,2027-06-30,Pizzeria,59904,59904,26494,26494,299519,91,138670,115,33410,33410,2336683,Small
123,2027 Q3,2027-09-30,Pizzeria,53992,53992,22805,22805,269959,92,119549,109,31187,31187,2336683,Small
123,2027 Q4,2027-12-31,Pizzeria,62012,62012,25937,25937,310062,92,134966,107,36075,36075,2336683,Small
123,2028 Q1,2028-03-31,Pizzeria,57785,57785,24688,24688,288923,91,128324,107,33097,33097,2336683,Small
123,2028 Q2,2028-06-30,Pizzeria,46991,46991,20616,20616,234954,91,107666,107,26375,26375,2336683,Small
123,2028 Q3,2028-09-30,Pizzeria,41822,41822,18159,18159,209110,92,94981,107,23663,23663,2336683,Small
124,2027 Q2,2027-06-30,Pizzeria,61977,61977,24458,24458,309885,91,122288,115,37519,37519,3140877,Small
124,2027 Q3,2027-09-30,Pizzeria,63824,63824,23725,23725,319119,92,118624,107,40099,40099,3140877,Small
124,2027 Q4,2027-12-31,Pizzeria,83272,83272,29773,29773,416359,92,148867,107,53499,53499,3140877,Small
124,2028 Q1,2028-03-31,Pizzeria,87032,88000,31522,31522,440001,91,157612,107,55510,56478,3140877,Small
124,2028 Q2,2028-06-30,Pizzeria,81167,81167,29351,29351,405834,91,146753,107,51816,51816,3140877,Small
124,2028 Q3,2028-09-30,Pizzeria,81446,82353,28754,28754,411763,92,143772,107,52692,53599,3140877,Small
125,2027 Q2,2027-06-30,Pizzeria,69590,69590,34042,34042,347952,91,171499,115,35548,35548,3454728,Medium
125,2027 Q3,2027-09-30,Pizzeria,68402,68402,31942,31942,342008,92,160963,109,36460,36460,3454728,Medium
125,2027 Q4,2027-12-31,Pizzeria,86168,86168,38179,38179,430840,92,192212,107,47989,47989,3454728,Medium
125,2028 Q1,2028-03-31,Pizzeria,88742,88742,39453,39453,443709,91,198608,107,49289,49289,3454728,Medium
125,2028 Q2,2028-06-30,Pizzeria,80389,80389,36445,36445,401947,91,183633,107,43944,43944,3454728,Medium
125,2028 Q3,2028-09-30,Pizzeria,80572,80572,35412,35412,402858,92,178499,107,45160,45160,3454728,Medium
126,2027 Q2,2027-06-30,Pizzeria,30137,30534,16297,16297,152668,91,82070,117,13840,14237,1849933,Small
126,2027 Q3,2027-09-30,Pizzeria,26849,27230,14633,14633,136149,92,73693,109,12216,12597,1849933,Small
126,2027 Q4,2027-12-31,Pizzeria,33667,34180,16737,16737,170899,92,84222,107,16930,17443,1849933,Small
126,2028 Q1,2028-03-31,Pizzeria,37789,37789,18884,18884,188944,91,95046,107,18905,18905,1849933,Small
126,2028 Q2,2028-06-30,Pizzeria,73627,74672,31716,31716,373362,91,159945,107,41911,42956,1849933,Small
126,2028 Q3,2028-09-30,Pizzeria,45867,45867,20548,20548,229335,92,103600,107,25319,25319,1849933,Small
127,2027 Q2,2027-06-30,Pizzeria,34561,34561,16593,16593,172806,91,82963,115,17968,17968,2189524,Small
127,2027 Q3,2027-09-30,Pizzeria,34136,34136,15658,15658,170678,92,78288,109,18478,18478,2189524,Small
127,2027 Q4,2027-12-31,Pizzeria,36253,36253,16418,16418,181265,92,82090,107,19835,19835,2189524,Small
127,2028 Q1,2028-03-31,Pizzeria,66823,66823,28284,28284,334116,91,141421,111,38539,38539,2189524,Small
127,2028 Q2,2028-06-30,Pizzeria,90626,90626,35151,35151,453128,91,175754,107,55475,55475,2189524,Small
127,2028 Q3,2028-09-30,Pizzeria,43966,44681,18722,18722,223407,92,93608,107,25244,25959,2189524,Small
128,2027 Q2,2027-06-30,Pizzeria,63298,63298,28247,28247,316488,91,146839,115,35051,35051,2594097,Small
128,2027 Q3,2027-09-30,Pizzeria,50337,50337,22040,22040,251686,92,114609,107,28297,28297,2594097,Small
128,2027 Q4,2027-12-31,Pizzeria,54792,54792,23965,23965,273960,92,123853,107,30827,30827,2594097,Small
128,2028 Q1,2028-03-31,Pizzeria,62362,62363,27057,27057,311813,91,139866,107,35305,35306,2594097,Small
128,2028 Q2,2028-06-30,Pizzeria,64874,64874,27711,27711,324370,91,144042,109,37163,37163,2594097,Small
128,2028 Q3,2028-09-30,Pizzeria,62416,62416,25824,25824,312079,92,134492,107,36592,36592,2594097,Small
129,2027 Q2,2027-06-30,Pizzeria,43356,43356,22228,22228,216779,91,111140,115,21128,21128,2820847,Small
129,2027 Q3,2027-09-30,Pizzeria,40896,40896,19362,19362,204481,92,96808,107,21534,21534,2820847,Small
129,2027 Q4,2027-12-31,Pizzeria,56317,57117,26884,26884,285585,92,134421,107,29433,30233,2820847,Small
129,2028 Q1,2028-03-31,Pizzeria,126102,128413,53610,53610,642066,91,268050,107,72492,74803,2820847,Small
129,2028 Q2,2028-06-30,Pizzeria,66148,67019,29559,29559,335096,91,147797,107,36589,37460,2820847,Small
129,2028 Q3,2028-09-30,Pizzeria,52017,52017,23708,23708,260083,92,118541,107,28309,28309,2820847,Small
130,2027 Q2,2027-06-30,Pizzeria,141337,141337,57569,57569,706684,91,299776,115,83768,83768,7015728,Large
130,2027 Q3,2027-09-30,Pizzeria,142883,142883,54826,54826,714415,92,286037,109,88057,88057,7015728,Large
130,2027 Q4,2027-12-31,Pizzeria,183514,183514,67760,67760,917569,92,351528,107,115754,115754,7015728,Large
130,2028 Q1,2028-03-31,Pizzeria,189170,191273,70921,70921,956367,91,367776,107,118249,120352,7015728,Large
130,2028 Q2,2028-06-30,Pizzeria,172001,174266,65292,65293,871329,91,340340,107,106709,108973,7015728,Large
130,2028 Q3,2028-09-30,Pizzeria,174821,174821,63123,63123,874105,92,329802,107,111698,111698,7015728,Large
131,2027 Q2,2027-06-30,Pizzeria,35571,51478,22867,22867,257392,91,115349,115,12704,28611,2672047,Small
131,2027 Q3,2027-09-30,Pizzeria,43841,64662,26173,26173,323310,92,132110,107,17668,38489,2672047,Small
131,2027 Q4,2027-12-31,Pizzeria,42147,82804,32123,32123,414022,92,161931,107,10024,50681,2672047,Small
131,2028 Q1,2028-03-31,Pizzeria,42492,64774,26103,26103,323869,91,131533,109,16389,38671,2672047,Small
131,2028 Q2,2028-06-30,Pizzeria,34592,51323,21696,21696,256613,91,109429,107,12896,29627,2672047,Small
131,2028 Q3,2028-09-30,Pizzeria,43629,63879,25180,25180,319394,92,127095,107,18449,38699,2672047,Small
132,2027 Q2,2027-06-30,Pizzeria,48021,48021,21596,21596,240106,91,112631,117,26425,26425,2360933,Small
132,2027 Q3,2027-09-30,Pizzeria,47157,47157,20040,20040,235786,92,104714,109,27117,27117,2360933,Small
132,2027 Q4,2027-12-31,Pizzeria,58660,59493,24527,24527,297463,92,127374,107,34133,34966,2360933,Small
132,2028 Q1,2028-03-31,Pizzeria,61493,61494,25534,25534,307468,91,132539,107,35959,35960,2360933,Small
132,2028 Q2,2028-06-30,Pizzeria,55191,55974,23460,23460,279872,91,122424,107,31731,32514,2360933,Small
132,2028 Q3,2028-09-30,Pizzeria,56340,56340,22720,22720,281701,92,118855,107,33620,33620,2360933,Small
133,2027 Q2,2027-06-30,Pizzeria,31905,32325,16117,16117,161624,91,80586,115,15788,16208,2492956,Small
133,2027 Q3,2027-09-30,Pizzeria,55610,56342,25016,25017,281710,92,125083,107,30594,31325,2492956,Small
133,2027 Q4,2027-12-31,Pizzeria,92092,92092,36199,36199,460461,92,180993,107,55893,55893,2492956,Small
133,2028 Q1,2028-03-31,Pizzeria,49484,50238,21575,21575,251192,91,107874,109,27909,28663,2492956,Small
133,2028 Q2,2028-06-30,Pizzeria,65572,65572,28432,28432,327862,91,142160,109,37140,37140,2492956,Small
133,2028 Q3,2028-09-30,Pizzeria,52942,52942,21740,21740,264710,92,108701,107,31202,31202,2492956,Small
134,2027 Q2,2027-06-30,Pizzeria,44992,46004,21952,21952,230020,91,110722,115,23040,24052,2214156,Small
134,2027 Q3,2027-09-30,Pizzeria,44191,45093,20374,20374,225464,92,102804,109,23817,24719,2214156,Small
134,2027 Q4,2027-12-31,Pizzeria,55186,56312,24609,24609,281558,92,124012,107,30577,31703,2214156,Small
134,2028 Q1,2028-03-31,Pizzeria,56199,57171,25195,25195,285853,91,126953,109,31004,31976,2214156,Small
134,2028 Q2,2028-06-30,Pizzeria,49946,50810,22771,22771,254050,91,114861,109,27175,28039,2214156,Small
134,2028 Q3,2028-09-30,Pizzeria,48755,49750,21622,21622,248749,92,109110,109,27133,28128,2214156,Small
135,2027 Q2,2027-06-30,Pizzeria,42324,42324,20246,20246,211618,91,106197,117,22078,22078,2327785,Small
135,2027 Q3,2027-09-30,Pizzeria,69969,69969,27532,27532,349844,92,145340,107,42437,42437,2327785,Small
135,2027 Q4,2027-12-31,Pizzeria,55392,55392,23000,23000,276960,92,120026,107,32392,32392,2327785,Small
135,2028 Q1,2028-03-31,Pizzeria,49550,49550,22360,22360,247751,91,116615,109,27190,27190,2327785,Small
135,2028 Q2,2028-06-30,Pizzeria,65082,65082,26042,26042,325408,91,136840,107,39040,39040,2327785,Small
135,2028 Q3,2028-09-30,Pizzeria,39406,39885,17492,17492,199426,92,91760,107,21914,22393,2327785,Small
136,2027 Q2,2027-06-30,Pizzeria,94514,94514,48200,48200,472569,91,250556,117,46314,46314,4213187,Medium
136,2027 Q3,2027-09-30,Pizzeria,88379,88380,42992,42992,441898,92,223789,107,45387,45388,4213187,Medium
136,2027 Q4,2027-12-31,Pizzeria,104201,105467,50121,50121,527335,92,259376,107,54080,55346,4213187,Medium
136,2028 Q1,2028-03-31,Pizzeria,102372,102372,49454,49454,511860,91,255720,109,52918,52918,4213187,Medium
136,2028 Q2,2028-06-30,Pizzeria,85954,86998,43015,43015,434988,91,223377,107,42939,43983,4213187,Medium
136,2028 Q3,2028-09-30,Pizzeria,81342,81342,39414,39414,406711,92,205008,107,41928,41928,4213187,Medium
137,2027 Q2,2027-06-30,Pizzeria,94482,94482,47346,47346,472410,91,238481,117,47136,47136,4435389,Medium
137,2027 Q3,2027-09-30,Pizzeria,90936,90936,43600,43600,454682,92,219669,107,47336,47336,4435389,Medium
137,2027 Q4,2027-12-31,Pizzeria,111663,111663,51380,51380,558315,92,258602,107,60283,60283,4435389,Medium
137,2028 Q1,2028-03-31,Pizzeria,111571,111571,51806,51806,557855,91,260720,109,59765,59765,4435389,Medium
137,2028 Q2,2028-06-30,Pizzeria,97660,97660,46498,46498,488298,91,234199,107,51162,51162,4435389,Medium
137,2028 Q3,2028-09-30,Pizzeria,94201,94201,43893,43893,471007,92,221151,107,50308,50308,4435389,Medium
138,2027 Q2,2027-06-30,Pizzeria,102564,104020,41499,41499,520101,91,216556,117,61065,62521,5085697,Medium
138,2027 Q3,2027-09-30,Pizzeria,97893,97893,37487,37487,489467,92,195959,107,60406,60406,5085697,Medium
138,2027 Q4,2027-12-31,Pizzeria,145626,145626,52872,52872,728130,92,274912,107,92754,92754,5085697,Medium
138,2028 Q1,2028-03-31,Pizzeria,158822,161077,58086,58086,805383,91,301930,107,100736,102991,5085697,Medium
138,2028 Q2,2028-06-30,Pizzeria,126070,126070,46448,46448,630350,91,242558,107,79622,79622,5085697,Medium
138,2028 Q3,2028-09-30,Pizzeria,98026,98026,36389,36389,490129,92,190222,107,61637,61637,5085697,Medium
139,2027 Q2,2027-06-30,Pizzeria,43449,54244,25275,25275,271218,91,126374,115,18174,28969,2692693,Small
139,2027 Q3,2027-09-30,Pizzeria,42721,53401,23661,23661,267003,92,118305,107,19060,29740,2692693,Small
139,2027 Q4,2027-12-31,Pizzeria,53767,67631,28618,28618,338156,92,143091,107,25149,39013,2692693,Small
139,2028 Q1,2028-03-31,Pizzeria,56539,70322,29861,29861,351612,91,149305,107,26678,40461,2692693,Small
139,2028 Q2,2028-06-30,Pizzeria,51457,64563,27845,27845,322817,91,139223,107,23612,36718,2692693,Small
139,2028 Q3,2028-09-30,Pizzeria,52410,65759,27359,27359,328795,92,136794,107,25051,38400,2692693,Small
140,2027 Q2,2027-06-30,Pizzeria,56202,57001,26929,26929,285003,91,134644,115,29273,30072,3139548,Small
140,2027 Q3,2027-09-30,Pizzeria,59657,59657,26443,26443,298284,92,132213,109,33214,33214,3139548,Small
140,2027 Q4,2027-12-31,Pizzeria,77757,78861,33470,33470,394306,92,167349,107,44287,45391,3139548,Small
140,2028 Q1,2028-03-31,Pizzeria,82995,84259,35812,35812,421297,91,179059,107,47183,48447,3139548,Small
140,2028 Q2,2028-06-30,Pizzeria,78446,78446,33648,33648,392230,91,168240,107,44798,44798,3139548,Small
140,2028 Q3,2028-09-30,Pizzeria,80249,80249,33135,33135,401247,92,165676,107,47114,47114,3139548,Small
141,2027 Q2,2027-06-30,Pizzeria,37564,62922,29905,29905,314608,91,149527,117,7659,33017,3431140,Medium
141,2027 Q3,2027-09-30,Pizzeria,28455,54407,27742,27742,272036,92,138711,107,713,26665,3431140,Medium
141,2027 Q4,2027-12-31,Pizzeria,71804,102140,40365,40365,510702,92,201825,107,31439,61775,3431140,Medium
141,2028 Q1,2028-03-31,Pizzeria,48556,62734,29089,29089,313668,91,145447,107,19467,33645,3431140,Medium
141,2028 Q2,2028-06-30,Pizzeria,60213,98227,40972,40972,491136,91,204862,109,19241,57255,3431140,Medium
141,2028 Q3,2028-09-30,Pizzeria,51506,98482,39241,39241,492412,92,196206,107,12265,59241,3431140,Medium
142,2027 Q2,2027-06-30,Pizzeria,61790,61790,28868,28868,308950,91,144338,115,32922,32922,2404647,Small
142,2027 Q3,2027-09-30,Pizzeria,38036,38459,18574,18574,192296,92,92871,107,19462,19885,2404647,Small
142,2027 Q4,2027-12-31,Pizzeria,44137,44137,21208,21208,220684,92,106042,107,22929,22929,2404647,Small
142,2028 Q1,2028-03-31,Pizzeria,66907,66907,30065,30065,334535,91,150323,107,36842,36842,2404647,Small
142,2028 Q2,2028-06-30,Pizzeria,68575,68575,30293,30293,342875,91,151464,109,38282,38282,2404647,Small
142,2028 Q3,2028-09-30,Pizzeria,49625,49625,22428,22428,248127,92,112142,107,27197,27197,2404647,Small
143,2027 Q2,2027-06-30,Pizzeria,58253,75457,32589,32589,377287,91,170230,115,25664,42868,3592440,Medium
143,2027 Q3,2027-09-30,Pizzeria,55747,73351,30243,30243,366753,92,158212,109,25504,43108,3592440,Medium
143,2027 Q4,2027-12-31,Pizzeria,70165,91599,36045,36045,457994,92,187500,107,34120,55554,3592440,Medium
143,2028 Q1,2028-03-31,Pizzeria,69584,93906,37147,37147,469528,91,193143,107,32437,56759,3592440,Medium
143,2028 Q2,2028-06-30,Pizzeria,62377,85215,34280,34280,426073,91,179180,107,28097,50935,3592440,Medium
143,2028 Q3,2028-09-30,Pizzeria,63749,86264,33440,33440,431321,92,175219,107,30309,52824,3592440,Medium
144,2027 Q2,2027-06-30,Pizzeria,45768,46654,24540,24540,233269,91,122700,115,21228,22114,2477328,Small
144,2027 Q3,2027-09-30,Pizzeria,46062,47243,23493,23493,236214,92,117464,107,22569,23750,2477328,Small
144,2027 Q4,2027-12-31,Pizzeria,58683,60748,28744,28744,303738,92,143721,107,29939,32004,2477328,Small
144,2028 Q1,2028-03-31,Pizzeria,62035,63366,30060,30060,316828,91,150298,107,31975,33306,2477328,Small
144,2028 Q2,2028-06-30,Pizzeria,56949,57758,27864,27864,288788,91,139321,107,29085,29894,2477328,Small
144,2028 Q3,2028-09-30,Pizzeria,56735,57952,27046,27046,289759,92,135228,107,29689,30906,2477328,Small
145,2027 Q2,2027-06-30,Pizzeria,40973,70160,26673,26673,350802,91,139962,115,14300,43487,2843193,Small
145,2027 Q3,2027-09-30,Pizzeria,38711,65390,23630,23630,326951,92,124227,109,15081,41760,2843193,Small
145,2027 Q4,2027-12-31,Pizzeria,45576,77775,27616,27616,388877,92,144095,109,17960,50159,2843193,Small
145,2028 Q1,2028-03-31,Pizzeria,44164,75237,27148,27148,376187,91,141516,109,17016,48089,2843193,Small
145,2028 Q2,2028-06-30,Pizzeria,37400,63714,23472,23472,318572,91,123013,107,13928,40242,2843193,Small
145,2028 Q3,2028-09-30,Pizzeria,34542,59350,21371,21371,296748,92,112243,109,13171,37979,2843193,Small
146,2027 Q2,2027-06-30,Pizzeria,53627,53627,22191,22191,268136,91,110953,117,31436,31436,2511583,Small
146,2027 Q3,2027-09-30,Pizzeria,52618,52618,20662,20662,263090,92,103308,107,31956,31956,2511583,Small
146,2027 Q4,2027-12-31,Pizzeria,66131,66131,24925,24925,330654,92,124625,107,41206,41206,2511583,Small
146,2028 Q1,2028-03-31,Pizzeria,67879,67879,25746,25746,339396,91,128731,107,42133,42133,2511583,Small
146,2028 Q2,2028-06-30,Pizzeria,61192,61192,23654,23654,305960,91,118270,107,37538,37538,2511583,Small
146,2028 Q3,2028-09-30,Pizzeria,60898,60898,22794,22794,304491,92,113969,109,38104,38104,2511583,Small
147,2027 Q2,2027-06-30,Pizzeria,105958,105958,50365,50365,529792,91,262879,115,55593,55593,5650275,Medium
147,2027 Q3,2027-09-30,Pizzeria,108416,108416,48459,48459,542082,92,253457,107,59957,59957,5650275,Medium
147,2027 Q4,2027-12-31,Pizzeria,138980,140668,60495,60495,703341,92,314528,107,78485,80173,5650275,Medium
147,2028 Q1,2028-03-31,Pizzeria,145550,147917,63780,63780,739585,91,331482,107,81770,84137,5650275,Medium
147,2028 Q2,2028-06-30,Pizzeria,135815,135815,58902,58902,679075,91,307873,107,76913,76913,5650275,Medium
147,2028 Q3,2028-09-30,Pizzeria,137211,137211,57275,57275,686057,92,300124,109,79936,79936,5650275,Medium
148,2027 Q2,2027-06-30,Pizzeria,51043,52138,22629,22629,260689,91,118250,115,28414,29509,3214704,Small
148,2027 Q3,2027-09-30,Pizzeria,53148,54399,22389,22389,271993,92,117220,109,30759,32010,3214704,Small
148,2027 Q4,2027-12-31,Pizzeria,125764,127292,45633,45633,636458,92,238394,109,80131,81659,3214704,Small
148,2028 Q1,2028-03-31,Pizzeria,102983,104978,38242,38242,524890,91,199378,109,64741,66736,3214704,Small
148,2028 Q2,2028-06-30,Pizzeria,62831,63723,25716,25716,318614,91,134596,107,37115,38007,3214704,Small
148,2028 Q3,2028-09-30,Pizzeria,55124,56077,21735,21735,280387,92,113835,107,33389,34342,3214704,Small
149,2027 Q2,2027-06-30,Pizzeria,56104,61518,34540,34540,307592,91,172698,115,21564,26978,3524484,Medium
149,2027 Q3,2027-09-30,Pizzeria,53643,64090,33917,33917,320452,92,169584,107,19726,30173,3524484,Medium
149,2027 Q4,2027-12-31,Pizzeria,63818,84415,41465,41465,422076,92,207327,109,22353,42950,3524484,Medium
149,2028 Q1,2028-03-31,Pizzeria,70052,89925,43900,43900,449627,91,219500,107,26152,46025,3524484,Medium
149,2028 Q2,2028-06-30,Pizzeria,72908,83514,41474,41474,417572,91,207371,107,31434,42040,3524484,Medium
149,2028 Q3,2028-09-30,Pizzeria,79371,85253,40884,40884,426265,92,204420,107,38487,44369,3524484,Medium
150,2027 Q2,2027-06-30,Pizzeria,47139,47857,23285,23285,239283,91,116424,115,23854,24572,1977986,Small
150,2027 Q3,2027-09-30,Pizzeria,43871,43871,20487,20487,219354,92,102434,107,23384,23384,1977986,Small
150,2027 Q4,2027-12-31,Pizzeria,51295,51295,23294,23294,256474,92,116470,107,28001,28001,1977986,Small
150,2028 Q1,2028-03-31,Pizzeria,48729,48729,22533,22533,243644,91,112667,107,26196,26196,1977986,Small
150,2028 Q2,2028-06-30,Pizzeria,39784,40473,19381,19381,202363,91,96903,107,20403,21092,1977986,Small
150,2028 Q3,2028-09-30,Pizzeria,36898,36898,17496,17496,184489,92,87481,109,19402,19402,1977986,Small
151,2027 Q2,2027-06-30,Pizzeria,45799,46639,22425,22425,233193,91,116596,115,23374,24214,2860125,Small
151,2027 Q3,2027-09-30,Pizzeria,88971,90510,37275,37275,452549,92,194836,107,51696,53235,2860125,Small
151,2027 Q4,2027-12-31,Pizzeria,94072,94073,38034,38034,470363,92,197261,107,56038,56039,2860125,Small
151,2028 Q1,2028-03-31,Pizzeria,60670,61594,27250,27250,307968,91,141065,107,33420,34344,2860125,Small
151,2028 Q2,2028-06-30,Pizzeria,49885,49885,21859,21859,249426,91,113570,107,28026,28026,2860125,Small
151,2028 Q3,2028-09-30,Pizzeria,52346,53089,22609,22609,265444,92,117854,107,29737,30480,2860125,Small
152,2027 Q2,2027-06-30,Pizzeria,43252,63512,25934,25934,317562,91,134944,115,17318,37578,2646178,Small
152,2027 Q3,2027-09-30,Pizzeria,56560,81148,28722,28722,405741,92,149877,107,27838,52426,2646178,Small
152,2027 Q4,2027-12-31,Pizzeria,52077,74502,26862,26862,372512,92,139068,107,25215,47640,2646178,Small
152,2028 Q1,2028-03-31,Pizzeria,44741,63734,24481,24481,318669,91,126566,107,20260,39253,2646178,Small
152,2028 Q2,2028-06-30,Pizzeria,33719,46509,19080,19080,232545,91,98990,107,14639,27429,2646178,Small
152,2028 Q3,2028-09-30,Pizzeria,34507,50083,19112,19112,250417,92,99287,107,15395,30971,2646178,Small
153,2027 Q2,2027-06-30,Pizzeria,66642,130671,61592,61592,653354,91,318923,115,5050,69079,6400461,Large
153,2027 Q3,2027-09-30,Pizzeria,65576,127333,57096,57096,636663,92,296035,107,8480,70237,6400461,Large
153,2027 Q4,2027-12-31,Pizzeria,77960,159428,68821,68821,797138,92,355111,107,9139,90607,6400461,Large
153,2028 Q1,2028-03-31,Pizzeria,116759,163758,71087,71087,818790,91,366663,107,45672,92671,6400461,Large
153,2028 Q2,2028-06-30,Pizzeria,104269,148531,65298,65298,742654,91,338270,107,38971,83233,6400461,Large
153,2028 Q3,2028-09-30,Pizzeria,105568,149531,63425,63425,747653,92,329207,107,42143,86106,6400461,Large
154,2027 Q2,2027-06-30,Pizzeria,108200,123516,47809,47809,617578,91,248944,117,60391,75707,5297439,Medium
154,2027 Q3,2027-09-30,Pizzeria,103326,117416,43046,43046,587078,92,224530,109,60280,74370,5297439,Medium
154,2027 Q4,2027-12-31,Pizzeria,109946,142973,51505,51505,714867,92,266956,107,58441,91468,5297439,Medium
154,2028 Q1,2028-03-31,Pizzeria,121681,141325,51569,51569,706625,91,267101,107,70112,89756,5297439,Medium
154,2028 Q2,2028-06-30,Pizzeria,106249,123116,45436,45436,615579,91,236499,107,60813,77680,5297439,Medium
154,2028 Q3,2028-09-30,Pizzeria,104470,118179,42331,42331,590894,92,220788,107,62139,75848,5297439,Medium
155,2027 Q2,2027-06-30,Pizzeria,145907,145907,59606,59606,729534,91,308787,115,86301,86301,5761721,Large
155,2027 Q3,2027-09-30,Pizzeria,130783,133862,52361,52361,669311,92,271424,107,78422,81501,5761721,Large
155,2027 Q4,2027-12-31,Pizzeria,141348,146931,57517,57517,734657,92,296482,109,83831,89414,5761721,Large
155,2028 Q1,2028-03-31,Pizzeria,120640,122977,51244,51244,614886,91,263707,107,69396,71733,5761721,Large
155,2028 Q2,2028-06-30,Pizzeria,116921,118341,49299,49299,591705,91,254737,107,67622,69042,5761721,Large
155,2028 Q3,2028-09-30,Pizzeria,144394,147341,55882,55882,736707,92,289784,107,88512,91459,5761721,Large
156,2027 Q2,2027-06-30,Pizzeria,147262,241810,98840,98840,1209052,91,515344,115,48422,142970,10503283,Large
156,2027 Q3,2027-09-30,Pizzeria,137812,228166,88936,88936,1140831,92,464413,107,48876,139230,10503283,Large
156,2027 Q4,2027-12-31,Pizzeria,168682,278353,105564,105564,1391763,92,547842,107,63118,172789,10503283,Large
156,2028 Q1,2028-03-31,Pizzeria,168448,276145,106017,106017,1380726,91,549803,109,62431,170128,10503283,Large
156,2028 Q2,2028-06-30,Pizzeria,146975,240549,94024,94024,1202745,91,489983,107,52951,146525,10503283,Large
156,2028 Q3,2028-09-30,Pizzeria,140628,230538,87728,87729,1152692,92,458089,109,52900,142809,10503283,Large
157,2027 Q2,2027-06-30,Pizzeria,68657,68657,27584,27584,343284,91,137919,115,41073,41073,2951742,Small
157,2027 Q3,2027-09-30,Pizzeria,64693,65413,25024,25024,327067,92,125119,107,39669,40389,2951742,Small
157,2027 Q4,2027-12-31,Pizzeria,79213,79213,29435,29435,396067,92,147176,107,49778,49778,2951742,Small
157,2028 Q1,2028-03-31,Pizzeria,79003,79003,29668,29668,395016,91,148339,107,49335,49335,2951742,Small
157,2028 Q2,2028-06-30,Pizzeria,68965,68965,26420,26420,344826,91,132101,109,42545,42545,2951742,Small
157,2028 Q3,2028-09-30,Pizzeria,66234,66234,24732,24732,331170,92,123658,109,41502,41502,2951742,Small
158,2027 Q2,2027-06-30,Pizzeria,57322,57322,22962,22962,286612,91,119200,115,34360,34360,2773919,Small
158,2027 Q3,2027-09-30,Pizzeria,57424,57424,21694,21694,287120,92,112808,107,35730,35730,2773919,Small
158,2027 Q4,2027-12-31,Pizzeria,73139,73139,26810,26810,365694,92,138651,107,46329,46329,2773919,Small
158,2028 Q1,2028-03-31,Pizzeria,75630,75630,27896,27896,378150,91,144201,107,47734,47734,2773919,Small
158,2028 Q2,2028-06-30,Pizzeria,68385,68385,25408,25408,341927,91,131980,107,42977,42977,2773919,Small
158,2028 Q3,2028-09-30,Pizzeria,68091,68091,24422,24422,340453,92,127123,107,43669,43669,2773919,Small
159,2027 Q2,2027-06-30,Pizzeria,75214,87255,39546,39546,436275,91,205029,115,35668,47709,5066533,Medium
159,2027 Q3,2027-09-30,Pizzeria,93122,104632,42504,42504,523159,92,221107,107,50618,62128,5066533,Medium
159,2027 Q4,2027-12-31,Pizzeria,94100,120486,48928,48928,602431,92,252915,107,45172,71558,5066533,Medium
159,2028 Q1,2028-03-31,Pizzeria,111223,133842,54297,54297,669208,91,280721,107,56926,79545,5066533,Medium
159,2028 Q2,2028-06-30,Pizzeria,124430,148662,58611,58611,743309,91,304833,107,65819,90051,5066533,Medium
159,2028 Q3,2028-09-30,Pizzeria,104088,117613,45995,45995,588064,92,239482,109,58093,71618,5066533,Medium
160,2027 Q2,2027-06-30,Pizzeria,50621,51549,24493,24493,257743,91,122466,115,26128,27056,2571770,Small
160,2027 Q3,2027-09-30,Pizzeria,47267,47987,22072,22072,239935,92,110359,107,25195,25915,2571770,Small
160,2027 Q4,2027-12-31,Pizzeria,74618,75448,32698,32698,377238,92,163488,109,41920,42750,2571770,Small
160,2028 Q1,2028-03-31,Pizzeria,77526,78468,33837,33837,392342,91,169184,107,43689,44631,2571770,Small
160,2028 Q2,2028-06-30,Pizzeria,53628,54389,24377,24377,271946,91,121883,107,29251,30012,2571770,Small
160,2028 Q3,2028-09-30,Pizzeria,45703,47757,21280,21280,238784,92,106402,109,24423,26477,2571770,Small
161,2027 Q2,2027-06-30,Pizzeria,55032,55700,23796,23796,278502,91,120015,117,31236,31904,2442063,Small
161,2027 Q3,2027-09-30,Pizzeria,39681,40285,17827,17827,201426,92,89887,107,21854,22458,2442063,Small
161,2027 Q4,2027-12-31,Pizzeria,53676,54273,22164,22164,271364,92,111655,107,31512,32109,2442063,Small
161,2028 Q1,2028-03-31,Pizzeria,78486,79762,31470,31470,398809,91,158589,107,47016,48292,2442063,Small
161,2028 Q2,2028-06-30,Pizzeria,71604,71604,27801,27801,358020,91,140235,107,43803,43803,2442063,Small
161,2028 Q3,2028-09-30,Pizzeria,43540,44113,18441,18441,220563,92,92998,107,25099,25672,2442063,Small
162,2027 Q2,2027-06-30,Pizzeria,48245,48245,22057,22057,241227,91,115689,115,26188,26188,2422947,Small
162,2027 Q3,2027-09-30,Pizzeria,48248,48248,20850,20850,241240,92,109582,107,27398,27398,2422947,Small
162,2027 Q4,2027-12-31,Pizzeria,61366,61366,25484,25484,306830,92,133065,107,35882,35882,2422947,Small
162,2028 Q1,2028-03-31,Pizzeria,63383,63384,26441,26441,316918,91,137997,107,36942,36943,2422947,Small
162,2028 Q2,2028-06-30,Pizzeria,57258,57258,24178,24178,286290,91,126940,107,33080,33080,2422947,Small
162,2028 Q3,2028-09-30,Pizzeria,56340,56967,23240,23240,284834,92,122335,107,33100,33727,2422947,Small
163,2027 Q2,2027-06-30,Pizzeria,48833,48833,22643,22643,244165,91,117676,115,26190,26190,2407039,Small
163,2027 Q3,2027-09-30,Pizzeria,47942,47942,21011,21011,239709,92,109381,107,26931,26931,2407039,Small
163,2027 Q4,2027-12-31,Pizzeria,60368,60368,25758,25758,301839,92,133326,109,34610,34610,2407039,Small
163,2028 Q1,2028-03-31,Pizzeria,62163,62163,26715,26715,310816,91,138213,107,35448,35448,2407039,Small
163,2028 Q2,2028-06-30,Pizzeria,56278,56278,24372,24372,281390,91,126714,107,31906,31906,2407039,Small
163,2028 Q3,2028-09-30,Pizzeria,56278,56278,23494,23494,281392,92,122418,107,32784,32784,2407039,Small
164,2027 Q2,2027-06-30,Pizzeria,40615,40615,20533,20533,203077,91,102663,115,20082,20082,2196359,Small
164,2027 Q3,2027-09-30,Pizzeria,43281,43281,20116,20116,216403,92,100578,107,23165,23165,2196359,Small
164,2027 Q4,2027-12-31,Pizzeria,72854,72855,30942,30942,364273,92,154712,107,41912,41913,2196359,Small
164,2028 Q1,2028-03-31,Pizzeria,70576,70576,29560,29560,352879,91,147798,107,41016,41016,2196359,Small
164,2028 Q2,2028-06-30,Pizzeria,43535,43535,20499,20499,217674,91,102494,107,23036,23036,2196359,Small
164,2028 Q3,2028-09-30,Pizzeria,31308,31308,15454,15454,156539,92,77269,107,15854,15854,2196359,Small
165,2027 Q2,2027-06-30,Pizzeria,48802,62647,26899,26899,313233,91,139986,117,21903,35748,2870761,Small
165,2027 Q3,2027-09-30,Pizzeria,47861,60659,24624,24624,303297,92,128371,107,23237,36035,2870761,Small
165,2027 Q4,2027-12-31,Pizzeria,48542,74910,29795,29795,374551,92,154373,107,18747,45115,2870761,Small
165,2028 Q1,2028-03-31,Pizzeria,40491,75262,30247,30247,376309,91,156618,107,10244,45015,2870761,Small
165,2028 Q2,2028-06-30,Pizzeria,32586,66232,26893,26893,331162,91,139943,109,5693,39339,2870761,Small
165,2028 Q3,2028-09-30,Pizzeria,40146,64233,25266,25266,321164,92,131754,107,14880,38967,2870761,Small
166,2027 Q2,2027-06-30,Pizzeria,48454,53898,22742,22742,269492,91,113711,115,25712,31156,2672861,Small
166,2027 Q3,2027-09-30,Pizzeria,50163,54525,21750,21750,272623,92,108752,107,28413,32775,2672861,Small
166,2027 Q4,2027-12-31,Pizzeria,62975,70050,26693,26693,350248,92,133463,107,36282,43357,2672861,Small
166,2028 Q1,2028-03-31,Pizzeria,68191,73010,27908,27908,365052,91,139540,107,40283,45102,2672861,Small
166,2028 Q2,2028-06-30,Pizzeria,60648,66500,25794,25794,332501,91,128968,107,34854,40706,2672861,Small
166,2028 Q3,2028-09-30,Pizzeria,60409,66677,25025,25025,333386,92,125125,107,35384,41652,2672861,Small
167,2027 Q2,2027-06-30,Pizzeria,97942,97942,47772,47772,489709,91,238859,115,50170,50170,4343905,Medium
167,2027 Q3,2027-09-30,Pizzeria,92433,92433,43191,43191,462165,92,215956,107,49242,49242,4343905,Medium
167,2027 Q4,2027-12-31,Pizzeria,111335,111335,50074,50074,556674,92,250368,107,61261,61261,4343905,Medium
167,2028 Q1,2028-03-31,Pizzeria,107583,109111,49734,49734,545553,91,248672,107,57849,59377,4343905,Medium
167,2028 Q2,2028-06-30,Pizzeria,93656,93656,44089,44089,468278,91,220447,107,49567,49567,4343905,Medium
167,2028 Q3,2028-09-30,Pizzeria,88513,88513,40932,40931,442567,92,204657,107,47581,47582,4343905,Medium
168,2027 Q2,2027-06-30,Pizzeria,34669,50538,20973,20973,252689,91,104867,115,13696,29565,2679333,Small
168,2027 Q3,2027-09-30,Pizzeria,36648,52883,20578,20579,264414,92,102893,107,16070,32304,2679333,Small
168,2027 Q4,2027-12-31,Pizzeria,46490,69910,25880,25880,349551,92,129399,107,20610,44030,2679333,Small
168,2028 Q1,2028-03-31,Pizzeria,51029,74713,27689,27689,373566,91,138446,107,23340,47024,2679333,Small
168,2028 Q2,2028-06-30,Pizzeria,49475,69585,26151,26151,347926,91,130753,107,23324,43434,2679333,Small
168,2028 Q3,2028-09-30,Pizzeria,50781,71222,25744,25744,356110,92,128719,107,25037,45478,2679333,Small
169,2027 Q2,2027-06-30,Pizzeria,51192,51192,21778,21778,255958,91,108890,115,29414,29414,2349676,Small
169,2027 Q3,2027-09-30,Pizzeria,49542,49542,20088,20088,247710,92,100438,107,29454,29454,2349676,Small
169,2027 Q4,2027-12-31,Pizzeria,61447,61447,23909,23909,307233,92,119545,109,37538,37538,2349676,Small
169,2028 Q1,2028-03-31,Pizzeria,62365,62365,24456,24456,311823,91,122280,107,37909,37909,2349676,Small
169,2028 Q2,2028-06-30,Pizzeria,55813,55813,22339,22339,279063,91,111695,107,33474,33474,2349676,Small
169,2028 Q3,2028-09-30,Pizzeria,55476,55476,21532,21532,277379,92,107662,107,33944,33944,2349676,Small
170,2027 Q2,2027-06-30,Pizzeria,61692,92077,42349,42349,460386,91,211743,115,19343,49728,4445977,Medium
170,2027 Q3,2027-09-30,Pizzeria,58120,90955,39610,39610,454773,92,198051,107,18510,51345,4445977,Medium
170,2027 Q4,2027-12-31,Pizzeria,55141,114401,47908,47908,572006,92,239540,107,7233,66493,4445977,Medium
170,2028 Q1,2028-03-31,Pizzeria,70866,116941,49314,49314,584705,91,246570,107,21552,67627,4445977,Medium
170,2028 Q2,2028-06-30,Pizzeria,71450,104612,44971,44971,523061,91,224854,107,26479,59641,4445977,Medium
170,2028 Q3,2028-09-30,Pizzeria,67012,103096,42962,42962,515480,92,214808,107,24050,60134,4445977,Medium
171,2027 Q2,2027-06-30,Pizzeria,116696,116696,55136,55136,583478,91,277752,115,61560,61560,5912749,Large
171,2027 Q3,2027-09-30,Pizzeria,114722,114722,52312,52312,573608,92,263598,107,62410,62410,5912749,Large
171,2027 Q4,2027-12-31,Pizzeria,171198,171198,69930,69930,855988,92,352171,107,101268,101268,5912749,Large
171,2028 Q1,2028-03-31,Pizzeria,179563,179563,72758,72758,897817,91,366393,107,106805,106805,5912749,Large
171,2028 Q2,2028-06-30,Pizzeria,132847,132847,57882,57882,664235,91,291621,107,74965,74965,5912749,Large
171,2028 Q3,2028-09-30,Pizzeria,107940,107940,48906,48906,539702,92,246386,109,59034,59034,5912749,Large
172,2027 Q2,2027-06-30,Pizzeria,52804,53445,22386,22385,267226,91,112853,119,30418,31060,2584917,Small
172,2027 Q3,2027-09-30,Pizzeria,52834,52834,20961,20961,264169,92,105711,109,31873,31873,2584917,Small
172,2027 Q4,2027-12-31,Pizzeria,67044,67044,25596,25596,335219,92,128932,107,41448,41448,2584917,Small
172,2028 Q1,2028-03-31,Pizzeria,69654,69654,26729,26729,348268,91,134630,109,42925,42925,2584917,Small
172,2028 Q2,2028-06-30,Pizzeria,62887,63715,24759,24759,318575,91,124836,107,38128,38956,2584917,Small
172,2028 Q3,2028-09-30,Pizzeria,64514,64514,24171,24171,322569,92,121929,107,40343,40343,2584917,Small
173,2027 Q2,2027-06-30,Pizzeria,59971,60884,24880,24880,304422,91,130786,115,35091,36004,2479263,Small
173,2027 Q3,2027-09-30,Pizzeria,48177,48960,19862,19862,244802,92,104472,109,28315,29098,2479263,Small
173,2027 Q4,2027-12-31,Pizzeria,44994,44994,18353,18353,224972,92,95667,107,26641,26641,2479263,Small
173,2028 Q1,2028-03-31,Pizzeria,54839,55561,22770,22770,277803,91,118789,107,32069,32791,2479263,Small
173,2028 Q2,2028-06-30,Pizzeria,76869,77881,30406,30406,389406,91,160140,107,46463,47475,2479263,Small
173,2028 Q3,2028-09-30,Pizzeria,60390,61310,23028,23028,306548,92,121456,107,37362,38282,2479263,Small
174,2027 Q2,2027-06-30,Pizzeria,50505,51588,22525,22525,257938,91,116721,115,27980,29063,2442644,Small
174,2027 Q3,2027-09-30,Pizzeria,52466,52466,22137,22137,262332,92,115042,107,30329,30329,2442644,Small
174,2027 Q4,2027-12-31,Pizzeria,41552,41552,18459,18459,207761,92,95117,109,23093,23093,2442644,Small
174,2028 Q1,2028-03-31,Pizzeria,57969,58614,24430,24430,293070,91,126104,109,33539,34184,2442644,Small
174,2028 Q2,2028-06-30,Pizzeria,95335,95335,36890,36890,476675,91,191955,107,58445,58445,2442644,Small
174,2028 Q3,2028-09-30,Pizzeria,41122,41833,17511,17511,209167,92,90762,107,23611,24322,2442644,Small
175,2027 Q2,2027-06-30,Pizzeria,34985,48793,21849,21849,243965,91,109247,115,13136,26944,2798545,Small
175,2027 Q3,2027-09-30,Pizzeria,37788,53906,20871,20871,269529,92,104357,107,16917,33035,2798545,Small
175,2027 Q4,2027-12-31,Pizzeria,34969,48771,20172,20172,243857,92,100858,107,14797,28599,2798545,Small
175,2028 Q1,2028-03-31,Pizzeria,56908,84308,33424,33424,421540,91,167119,109,23484,50884,2798545,Small
175,2028 Q2,2028-06-30,Pizzeria,79901,116985,42627,42627,584924,91,213137,107,37274,74358,2798545,Small
175,2028 Q3,2028-09-30,Pizzeria,33036,48511,19491,19491,242555,92,97457,107,13545,29020,2798545,Small
176,2027 Q2,2027-06-30,Pizzeria,62804,62804,27064,27064,314021,91,135322,117,35740,35740,2952263,Small
176,2027 Q3,2027-09-30,Pizzeria,45088,45088,19270,19270,225438,92,96350,107,25818,25818,2952263,Small
176,2027 Q4,2027-12-31,Pizzeria,59052,59052,24704,24704,295261,92,123520,109,34348,34348,2952263,Small
176,2028 Q1,2028-03-31,Pizzeria,112762,112762,43961,43961,563811,91,219805,107,68801,68801,2952263,Small
176,2028 Q2,2028-06-30,Pizzeria,91211,91211,34850,34850,456055,91,174250,107,56361,56361,2952263,Small
176,2028 Q3,2028-09-30,Pizzeria,49256,49256,20430,20430,246281,92,102149,109,28826,28826,2952263,Small
177,2027 Q2,2027-06-30,Pizzeria,131853,133590,64871,64871,667952,91,326923,115,66982,68719,6088893,Large
177,2027 Q3,2027-09-30,Pizzeria,123904,126304,58775,58775,631519,92,296276,107,65129,67529,6088893,Large
177,2027 Q4,2027-12-31,Pizzeria,148448,154795,69341,69341,773977,92,349156,109,79107,85454,6088893,Large
177,2028 Q1,2028-03-31,Pizzeria,152005,156384,70489,70489,781920,91,354895,107,81516,85895,6088893,Large
177,2028 Q2,2028-06-30,Pizzeria,130180,131761,61403,61403,658805,91,309411,107,68777,70358,6088893,Large
177,2028 Q3,2028-09-30,Pizzeria,125738,128698,58436,58436,643491,92,294568,109,67302,70262,6088893,Large
178,2027 Q2,2027-06-30,Pizzeria,48658,49550,19104,19104,247752,91,100504,115,29554,30446,3014858,Small
178,2027 Q3,2027-09-30,Pizzeria,45328,46206,17507,17507,231029,92,92275,107,27821,28699,3014858,Small
178,2027 Q4,2027-12-31,Pizzeria,83732,87039,30353,30353,435197,92,159327,107,53379,56686,3014858,Small
178,2028 Q1,2028-03-31,Pizzeria,114211,116900,37919,37919,584499,91,199009,109,76292,78981,3014858,Small
178,2028 Q2,2028-06-30,Pizzeria,45006,45599,17283,17283,227997,91,90795,107,27723,28316,3014858,Small
178,2028 Q3,2028-09-30,Pizzeria,94549,95697,31681,31681,478486,92,167988,109,62868,64016,3014858,Small
179,2027 Q2,2027-06-30,Pizzeria,46111,46908,28046,28046,234538,91,141188,115,18065,18862,3595254,Medium
179,2027 Q3,2027-09-30,Pizzeria,42258,43253,25926,25926,216265,92,130531,107,16332,17327,3595254,Medium
179,2027 Q4,2027-12-31,Pizzeria,109398,113366,53687,53687,566831,92,270425,109,55711,59679,3595254,Medium
179,2028 Q1,2028-03-31,Pizzeria,103605,105077,48814,48814,525383,91,245811,109,54791,56263,3595254,Medium
179,2028 Q2,2028-06-30,Pizzeria,48706,49649,28718,28719,248245,91,144606,107,19988,20930,3595254,Medium
179,2028 Q3,2028-09-30,Pizzeria,117039,120040,53763,53763,600198,92,271233,109,63276,66277,3595254,Medium
180,2027 Q2,2027-06-30,Pizzeria,38855,38855,17161,17161,194274,91,89810,115,21694,21694,2960098,Small
180,2027 Q3,2027-09-30,Pizzeria,53872,53872,20976,20976,269358,92,110301,107,32896,32896,2960098,Small
180,2027 Q4,2027-12-31,Pizzeria,116795,116795,42100,42100,583977,92,220355,107,74695,74695,2960098,Small
180,2028 Q1,2028-03-31,Pizzeria,60801,60801,22506,22506,304003,91,117270,107,38295,38295,2960098,Small
180,2028 Q2,2028-06-30,Pizzeria,64480,64480,25389,25389,322401,91,133457,107,39091,39091,2960098,Small
180,2028 Q3,2028-09-30,Pizzeria,89796,89796,31435,31435,448978,92,165914,107,58361,58361,2960098,Small
181,2027 Q2,2027-06-30,Pizzeria,49286,49885,23370,23370,249426,91,117798,115,25916,26515,2714636,Small
181,2027 Q3,2027-09-30,Pizzeria,51922,51922,22854,22854,259608,92,115242,107,29068,29068,2714636,Small
181,2027 Q4,2027-12-31,Pizzeria,68342,68342,28651,28651,341712,92,144319,107,39691,39691,2714636,Small
181,2028 Q1,2028-03-31,Pizzeria,72771,72771,30508,30508,363853,91,153665,107,42263,42263,2714636,Small
181,2028 Q2,2028-06-30,Pizzeria,67563,67563,28636,28636,337815,91,144389,107,38927,38927,2714636,Small
181,2028 Q3,2028-09-30,Pizzeria,68958,68959,28152,28152,344793,92,142016,107,40806,40807,2714636,Small
182,2027 Q2,2027-06-30,Pizzeria,48018,51632,23861,23861,258159,91,119303,115,24157,27771,2693381,Small
182,2027 Q3,2027-09-30,Pizzeria,45799,49246,22024,22024,246232,92,110120,107,23775,27222,2693381,Small
182,2027 Q4,2027-12-31,Pizzeria,68721,73814,30470,30470,369069,92,152348,107,38251,43344,2693381,Small
182,2028 Q1,2028-03-31,Pizzeria,76751,83425,33881,33881,417127,91,169404,107,42870,49544,2693381,Small
182,2028 Q2,2028-06-30,Pizzeria,62939,67531,28231,28231,337656,91,141153,109,34708,39300,2693381,Small
182,2028 Q3,2028-09-30,Pizzeria,48485,52191,22371,22371,260956,92,111854,107,26114,29820,2693381,Small
183,2027 Q2,2027-06-30,Pizzeria,46002,71101,28649,28649,355504,91,148899,115,17353,42452,2626215,Small
183,2027 Q3,2027-09-30,Pizzeria,31221,48255,19689,19689,241273,92,102249,107,11532,28566,2626215,Small
183,2027 Q4,2027-12-31,Pizzeria,34819,54490,22352,22352,272450,92,115418,107,12467,32138,2626215,Small
183,2028 Q1,2028-03-31,Pizzeria,49890,77349,29989,29989,386747,91,155080,109,19901,47360,2626215,Small
183,2028 Q2,2028-06-30,Pizzeria,46202,71743,27579,27579,358715,91,143293,107,18623,44164,2626215,Small
183,2028 Q3,2028-09-30,Pizzeria,31100,48900,19657,19657,244501,92,102086,107,11443,29243,2626215,Small
184,2027 Q2,2027-06-30,Pizzeria,43032,49806,21451,21451,249031,91,107256,115,21581,28355,2327723,Small
184,2027 Q3,2027-09-30,Pizzeria,42884,48899,19933,19933,244497,92,99665,107,22951,28966,2327723,Small
184,2027 Q4,2027-12-31,Pizzeria,54495,61162,24091,24091,305808,92,120457,107,30404,37071,2327723,Small
184,2028 Q1,2028-03-31,Pizzeria,53857,62191,24706,24706,310957,91,123532,107,29151,37485,2327723,Small
184,2028 Q2,2028-06-30,Pizzeria,48328,55358,22379,22379,276790,91,111896,107,25949,32979,2327723,Small
184,2028 Q3,2028-09-30,Pizzeria,46798,54290,21277,21277,271448,92,106386,109,25521,33013,2327723,Small
185,2027 Q2,2027-06-30,Pizzeria,52079,52079,22768,22768,260395,91,114890,115,29311,29311,2669581,Small
185,2027 Q3,2027-09-30,Pizzeria,53156,53156,21890,21890,265781,92,110509,107,31266,31266,2669581,Small
185,2027 Q4,2027-12-31,Pizzeria,68833,68833,27212,27212,344167,92,137200,111,41621,41621,2669581,Small
185,2028 Q1,2028-03-31,Pizzeria,72263,72263,28678,28678,361317,91,144581,107,43585,43585,2669581,Small
185,2028 Q2,2028-06-30,Pizzeria,66262,66262,26603,26603,331312,91,134279,107,39659,39659,2669581,Small
185,2028 Q3,2028-09-30,Pizzeria,66868,66868,25902,25902,334341,92,130809,107,40966,40966,2669581,Small
186,2027 Q2,2027-06-30,Pizzeria,115364,116883,55375,55375,584414,91,276873,115,59989,61508,5163106,Medium
186,2027 Q3,2027-09-30,Pizzeria,110532,110532,49730,49730,552662,92,248649,107,60802,60802,5163106,Medium
186,2027 Q4,2027-12-31,Pizzeria,131446,133448,58634,58634,667239,92,293171,107,72812,74814,5163106,Medium
186,2028 Q1,2028-03-31,Pizzeria,131137,131137,58350,58350,655684,91,291750,107,72787,72787,5163106,Medium
186,2028 Q2,2028-06-30,Pizzeria,111105,112912,51180,51180,564558,91,255901,107,59925,61732,5163106,Medium
186,2028 Q3,2028-09-30,Pizzeria,107100,107100,47342,47341,535498,92,236707,107,59758,59759,5163106,Medium
187,2027 Q2,2027-06-30,Pizzeria,56079,97869,35225,35225,489344,91,182816,117,20854,62644,4488572,Medium
187,2027 Q3,2027-09-30,Pizzeria,60483,116314,38082,38082,581572,92,198190,107,22401,78232,4488572,Medium
187,2027 Q4,2027-12-31,Pizzeria,106065,142560,45024,45024,712799,92,232989,107,61041,97536,4488572,Medium
187,2028 Q1,2028-03-31,Pizzeria,93512,116164,38345,38345,580818,91,198076,107,55167,77819,4488572,Medium
187,2028 Q2,2028-06-30,Pizzeria,51550,90281,31484,31484,451406,91,163199,107,20066,58797,4488572,Medium
187,2028 Q3,2028-09-30,Pizzeria,54650,104095,34024,34024,520477,92,176886,107,20626,70071,4488572,Medium
188,2027 Q2,2027-06-30,Pizzeria,70201,70201,29169,29170,351005,91,150941,115,41032,41031,3470005,Medium
188,2027 Q3,2027-09-30,Pizzeria,47945,47945,21611,21610,239724,92,111621,107,26334,26335,3470005,Medium
188,2027 Q4,2027-12-31,Pizzeria,139907,139907,49380,49380,699533,92,255419,109,90527,90527,3470005,Medium
188,2028 Q1,2028-03-31,Pizzeria,124779,126167,45359,45359,630837,91,234369,107,79420,80808,3470005,Medium
188,2028 Q2,2028-06-30,Pizzeria,63412,63412,25135,25135,317058,91,129879,107,38277,38277,3470005,Medium
188,2028 Q3,2028-09-30,Pizzeria,48447,48447,20791,20791,242233,92,107386,107,27656,27656,3470005,Medium
189,2027 Q2,2027-06-30,Pizzeria,62268,62961,25045,25045,314805,91,126418,115,37223,37916,2781599,Small
189,2027 Q3,2027-09-30,Pizzeria,60824,60824,22926,22926,304121,92,115767,111,37898,37898,2781599,Small
189,2027 Q4,2027-12-31,Pizzeria,74939,74939,27446,27446,374696,92,138400,107,47493,47493,2781599,Small
189,2028 Q1,2028-03-31,Pizzeria,75110,75110,27793,27793,375552,91,140129,107,47317,47317,2781599,Small
189,2028 Q2,2028-06-30,Pizzeria,65935,65935,24832,24832,329673,91,125341,107,41103,41103,2781599,Small
189,2028 Q3,2028-09-30,Pizzeria,63072,63774,23332,23332,318870,92,117827,107,39740,40442,2781599,Small
190,2027 Q2,2027-06-30,Pizzeria,41974,66520,26412,26412,332601,91,133303,115,15562,40108,2717319,Small
190,2027 Q3,2027-09-30,Pizzeria,43140,62161,23465,23465,310803,92,118476,109,19675,38696,2717319,Small
190,2027 Q4,2027-12-31,Pizzeria,38706,74150,27296,27296,370752,92,137621,107,11410,46854,2717319,Small
190,2028 Q1,2028-03-31,Pizzeria,47067,71968,26891,26891,359839,91,135553,107,20176,45077,2717319,Small
190,2028 Q2,2028-06-30,Pizzeria,39457,61173,23427,23427,305863,91,118214,107,16030,37746,2717319,Small
190,2028 Q3,2028-09-30,Pizzeria,39946,57229,21424,21424,286143,92,108151,107,18522,35805,2717319,Small
191,2027 Q2,2027-06-30,Pizzeria,30386,43596,21120,21120,217982,91,105601,115,9266,22476,2435139,Small
191,2027 Q3,2027-09-30,Pizzeria,57043,81958,32085,32085,409788,92,160424,107,24958,49873,2435139,Small
191,2027 Q4,2027-12-31,Pizzeria,58310,82827,32527,32527,414133,92,162637,107,25783,50300,2435139,Small
191,2028 Q1,2028-03-31,Pizzeria,37026,52370,21874,21874,261848,91,109368,107,15152,30496,2435139,Small
191,2028 Q2,2028-06-30,Pizzeria,32498,45966,20414,20414,229832,91,102070,107,12084,25552,2435139,Small
191,2028 Q3,2028-09-30,Pizzeria,25268,36097,16194,16194,180486,92,80970,107,9074,19903,2435139,Small
192,2027 Q2,2027-06-30,Pizzeria,102634,102634,46391,46391,513169,91,231953,119,56243,56243,5248712,Medium
192,2027 Q3,2027-09-30,Pizzeria,104246,104246,44388,44388,521232,92,221939,109,59858,59858,5248712,Medium
192,2027 Q4,2027-12-31,Pizzeria,134432,134432,55238,55238,672160,92,276189,107,79194,79194,5248712,Medium
192,2028 Q1,2028-03-31,Pizzeria,140616,140616,58109,58109,703082,91,290546,107,82507,82507,5248712,Medium
192,2028 Q2,2028-06-30,Pizzeria,128521,128521,53701,53701,642607,91,268506,107,74820,74820,5248712,Medium
192,2028 Q3,2028-09-30,Pizzeria,129310,129310,52156,52156,646550,92,260779,107,77154,77154,5248712,Medium
193,2027 Q2,2027-06-30,Pizzeria,95187,106832,55471,55471,534161,91,279208,115,39716,51361,5972190,Large
193,2027 Q3,2027-09-30,Pizzeria,116650,134855,62629,62629,674274,92,315448,107,54021,72226,5972190,Large
193,2027 Q4,2027-12-31,Pizzeria,166351,186075,79091,79091,930374,92,398064,107,87260,106984,5972190,Large
193,2028 Q1,2028-03-31,Pizzeria,128018,145641,65842,65842,728203,91,331224,107,62176,79799,5972190,Large
193,2028 Q2,2028-06-30,Pizzeria,94347,106487,53148,53148,532437,91,267479,107,41199,53339,5972190,Large
193,2028 Q3,2028-09-30,Pizzeria,100317,134835,60983,60983,674176,92,307142,107,39334,73852,5972190,Large
194,2027 Q2,2027-06-30,Pizzeria,33119,53160,25626,25626,265799,91,129190,115,7493,27534,2526246,Small
194,2027 Q3,2027-09-30,Pizzeria,32113,51463,23628,23628,257314,92,119153,107,8485,27835,2526246,Small
194,2027 Q4,2027-12-31,Pizzeria,39923,63775,28069,28069,318875,92,141388,107,11854,35706,2526246,Small
194,2028 Q1,2028-03-31,Pizzeria,40473,64551,28649,28649,322756,91,144298,107,11824,35902,2526246,Small
194,2028 Q2,2028-06-30,Pizzeria,35679,57454,26090,26090,287272,91,131532,107,9589,31364,2526246,Small
194,2028 Q3,2028-09-30,Pizzeria,35361,56578,24939,24939,282888,92,125781,109,10422,31639,2526246,Small
195,2027 Q2,2027-06-30,Pizzeria,117065,117065,62182,62182,585325,91,310908,117,54883,54883,6325829,Large
195,2027 Q3,2027-09-30,Pizzeria,119221,119221,59728,59728,596104,92,298642,109,59493,59493,6325829,Large
195,2027 Q4,2027-12-31,Pizzeria,154100,154100,74014,74014,770502,92,370069,107,80086,80086,6325829,Large
195,2028 Q1,2028-03-31,Pizzeria,158460,161529,77828,77828,807645,91,389141,109,80632,83701,6325829,Large
195,2028 Q2,2028-06-30,Pizzeria,145849,147920,72191,72191,739599,91,360957,107,73658,75729,6325829,Large
195,2028 Q3,2028-09-30,Pizzeria,147311,149100,70288,70288,745499,92,351438,107,77023,78812,6325829,Large
196,2027 Q2,2027-06-30,Pizzeria,79608,79608,34554,34554,398040,91,179720,115,45054,45054,2777629,Small
196,2027 Q3,2027-09-30,Pizzeria,65493,65493,26896,26896,327466,92,140070,109,38597,38597,2777629,Small
196,2027 Q4,2027-12-31,Pizzeria,61214,61214,25809,25809,306071,92,133396,107,35405,35405,2777629,Small
196,2028 Q1,2028-03-31,Pizzeria,60829,60829,25772,25772,304146,91,133099,109,35057,35057,2777629,Small
196,2028 Q2,2028-06-30,Pizzeria,47772,47772,21406,21406,238858,91,111017,107,26366,26366,2777629,Small
196,2028 Q3,2028-09-30,Pizzeria,71129,71129,28819,28819,355646,92,150100,109,42310,42310,2777629,Small
197,2027 Q2,2027-06-30,Pizzeria,140611,140611,64353,64353,703054,91,321767,115,76258,76258,6743558,Large
197,2027 Q3,2027-09-30,Pizzeria,137022,138546,60361,60361,692730,92,301804,107,76661,78185,6743558,Large
197,2027 Q4,2027-12-31,Pizzeria,173898,173898,72265,72265,869489,92,361325,107,101633,101633,6743558,Large
197,2028 Q1,2028-03-31,Pizzeria,177449,177449,74171,74171,887245,91,370857,109,103278,103278,6743558,Large
197,2028 Q2,2028-06-30,Pizzeria,158512,158512,67689,67689,792562,91,338443,109,90823,90823,6743558,Large
197,2028 Q3,2028-09-30,Pizzeria,156028,156028,64828,64828,780140,92,324142,107,91200,91200,6743558,Large
198,2027 Q2,2027-06-30,Pizzeria,53904,53904,23161,23160,269518,91,120171,115,30743,30744,2364952,Small
198,2027 Q3,2027-09-30,Pizzeria,56237,56237,22488,22488,281183,92,116898,109,33749,33749,2364952,Small
198,2027 Q4,2027-12-31,Pizzeria,60567,60568,23979,23979,302838,92,123877,107,36588,36589,2364952,Small
198,2028 Q1,2028-03-31,Pizzeria,52429,53012,21943,21943,265059,91,113200,107,30486,31069,2364952,Small
198,2028 Q2,2028-06-30,Pizzeria,50987,51555,21433,21433,257773,91,111117,107,29554,30122,2364952,Small
198,2028 Q3,2028-09-30,Pizzeria,57336,57336,22438,22438,286682,92,116636,107,34898,34898,2364952,Small
199,2027 Q2,2027-06-30,Pizzeria,39787,56677,25874,25874,283384,91,130487,115,13913,30803,2200392,Small
199,2027 Q3,2027-09-30,Pizzeria,27609,39554,18142,18142,197768,92,91481,109,9467,21412,2200392,Small
199,2027 Q4,2027-12-31,Pizzeria,36062,50437,21978,21978,252185,92,110711,109,14084,28459,2200392,Small
199,2028 Q1,2028-03-31,Pizzeria,28037,41971,19532,19532,209855,91,98354,109,8505,22439,2200392,Small
199,2028 Q2,2028-06-30,Pizzeria,30635,66309,28560,28560,331545,91,144065,107,2075,37749,2200392,Small
199,2028 Q3,2028-09-30,Pizzeria,23764,48898,21025,21025,244489,92,106068,107,2739,27873,2200392,Small
200,2027 Q2,2027-06-30,Pizzeria,33457,46084,18782,18782,230419,91,98241,115,14675,27302,2244916,Small
200,2027 Q3,2027-09-30,Pizzeria,35958,49734,19078,19078,248672,92,100042,107,16880,30656,2244916,Small
200,2027 Q4,2027-12-31,Pizzeria,35459,49455,18828,18828,247276,92,97938,107,16631,30627,2244916,Small
200,2028 Q1,2028-03-31,Pizzeria,44638,62694,23576,23576,313471,91,122763,107,21062,39118,2244916,Small
200,2028 Q2,2028-06-30,Pizzeria,46879,64839,23640,23640,324197,91,123880,107,23239,41199,2244916,Small
200,2028 Q3,2028-09-30,Pizzeria,34866,48627,18099,18099,243133,92,94884,107,16767,30528,2244916,Small
201,2027 Q2,2027-06-30,Pizzeria,102696,103838,43630,43630,519192,91,219948,115,59066,60208,4525934,Medium
201,2027 Q3,2027-09-30,Pizzeria,99124,99124,39663,39663,495621,92,200007,107,59461,59461,4525934,Medium
201,2027 Q4,2027-12-31,Pizzeria,119671,119671,46563,46563,598353,92,234516,107,73108,73108,4525934,Medium
201,2028 Q1,2028-03-31,Pizzeria,120244,120244,47178,47178,601221,91,237586,107,73066,73066,4525934,Medium
201,2028 Q2,2028-06-30,Pizzeria,104066,104066,41719,41719,520331,91,210291,107,62347,62347,4525934,Medium
201,2028 Q3,2028-09-30,Pizzeria,98698,98698,38746,38746,493491,92,195377,109,59952,59952,4525934,Medium
202,2027 Q2,2027-06-30,Pizzeria,118024,131870,60731,60731,659350,91,303657,115,57293,71139,5985600,Large
202,2027 Q3,2027-09-30,Pizzeria,100623,111928,51058,51058,559638,92,255289,107,49565,60870,5985600,Large
202,2027 Q4,2027-12-31,Pizzeria,149867,171473,72158,72158,857367,92,360789,107,77709,99315,5985600,Large
202,2028 Q1,2028-03-31,Pizzeria,154262,175897,73675,73675,879485,91,368373,107,80587,102222,5985600,Large
202,2028 Q2,2028-06-30,Pizzeria,105928,121199,54328,54328,605995,91,271641,107,51600,66871,5985600,Large
202,2028 Q3,2028-09-30,Pizzeria,104814,120200,52603,52603,601000,92,263016,107,52211,67597,5985600,Large
203,2027 Q2,2027-06-30,Cafe,462589,469157,153992,153992,2345787,91,817355,157,308597,315165,18450946,Large
203,2027 Q3,2027-09-30,Cafe,433910,439180,134951,134951,2195899,92,719824,146,298959,304229,18450946,Large
203,2027 Q4,2027-12-31,Cafe,471560,479715,147037,147037,2398576,92,782558,146,324523,332678,18450946,Large
203,2028 Q1,2028-03-31,Cafe,468115,475244,148286,148286,2376220,91,786198,146,319829,326958,18450946,Large
203,2028 Q2,2028-06-30,Cafe,461995,469031,146855,146855,2345153,91,779310,146,315140,322176,18450946,Large
203,2028 Q3,2028-09-30,Cafe,434716,439551,132427,132427,2197754,92,706312,146,302289,307124,18450946,Large
204,2027 Q2,2027-06-30,Cafe,83055,96351,37782,37782,481755,91,188911,157,45273,58569,4201832,Small
204,2027 Q3,2027-09-30,Cafe,82452,93589,34610,34610,467947,92,173050,146,47842,58979,4201832,Small
204,2027 Q4,2027-12-31,Cafe,92002,104192,38212,38212,520960,92,191058,146,53790,65980,4201832,Small
204,2028 Q1,2028-03-31,Cafe,94097,106084,39284,39284,530421,91,196419,146,54813,66800,4201832,Small
204,2028 Q2,2028-06-30,Cafe,95290,108038,40031,40031,540191,91,200155,146,55259,68007,4201832,Small
204,2028 Q3,2028-09-30,Cafe,76826,104668,37525,37525,523341,92,187624,146,39301,67143,4201832,Small
205,2027 Q2,2027-06-30,Cafe,99285,100491,32537,32537,502454,91,171611,157,66748,67954,3570323,Small
205,2027 Q3,2027-09-30,Cafe,89013,91109,27811,27811,455546,92,147286,146,61202,63298,3570323,Small
205,2027 Q4,2027-12-31,Cafe,91169,94575,28943,28943,472873,92,153029,146,62226,65632,3570323,Small
205,2028 Q1,2028-03-31,Cafe,87667,89639,28019,28019,448196,91,147592,146,59648,61620,3570323,Small
205,2028 Q2,2028-06-30,Cafe,83621,84981,26699,26699,424907,91,140673,146,56922,58282,3570323,Small
205,2028 Q3,2028-09-30,Cafe,74575,76487,23388,23388,382436,92,123720,146,51187,53099,3570323,Small
206,2027 Q2,2027-06-30,Cafe,98925,98925,36931,36930,494624,91,191319,157,61994,61995,4890689,Small
206,2027 Q3,2027-09-30,Cafe,101854,101854,35504,35504,509271,92,184365,148,66350,66350,4890689,Small
206,2027 Q4,2027-12-31,Cafe,119410,119410,41426,41426,597050,92,214044,146,77984,77984,4890689,Small
206,2028 Q1,2028-03-31,Cafe,127353,127353,44562,44562,636766,91,230059,146,82791,82791,4890689,Small
206,2028 Q2,2028-06-30,Cafe,135114,135114,46939,46939,675569,91,243315,148,88175,88175,4890689,Small
206,2028 Q3,2028-09-30,Cafe,135856,135856,45220,45220,679282,92,235025,148,90636,90636,4890689,Small
207,2027 Q2,2027-06-30,Cafe,113979,113979,35475,35475,569894,91,199518,157,78504,78504,4604620,Small
207,2027 Q3,2027-09-30,Cafe,108586,108587,31515,31515,542933,92,178832,146,77071,77072,4604620,Small
207,2027 Q4,2027-12-31,Cafe,118630,118630,34477,34477,593149,92,193617,146,84153,84153,4604620,Small
207,2028 Q1,2028-03-31,Cafe,116916,118576,35168,35168,592879,91,196367,146,81748,83408,4604620,Small
207,2028 Q2,2028-06-30,Cafe,118650,118650,35144,35144,593248,91,197602,148,83506,83506,4604620,Small
207,2028 Q3,2028-09-30,Cafe,112978,112978,32006,32006,564892,92,181689,146,80972,80972,4604620,Small
208,2027 Q2,2027-06-30,Cafe,75404,105608,37474,37474,528042,91,189901,157,37930,68134,4352838,Small
208,2027 Q3,2027-09-30,Cafe,71735,101178,33880,33880,505888,92,171821,146,37855,67298,4352838,Small
208,2027 Q4,2027-12-31,Cafe,78010,111126,36861,36861,555628,92,186599,148,41149,74265,4352838,Small
208,2028 Q1,2028-03-31,Cafe,79041,111640,37481,37481,558200,91,189669,146,41560,74159,4352838,Small
208,2028 Q2,2028-06-30,Cafe,79576,112238,37806,37806,561188,91,191583,146,41770,74432,4352838,Small
208,2028 Q3,2028-09-30,Cafe,75685,107354,35006,35006,536770,92,177549,146,40679,72348,4352838,Small
209,2027 Q2,2027-06-30,Cafe,469231,482748,167315,167315,2413742,91,875132,157,301916,315433,19527371,Large
209,2027 Q3,2027-09-30,Cafe,544888,557145,176047,176047,2785725,92,923915,146,368841,381098,19527371,Large
209,2027 Q4,2027-12-31,Cafe,488269,496208,158759,158759,2481042,92,827215,146,329510,337449,19527371,Large
209,2028 Q1,2028-03-31,Cafe,371916,376433,123347,123347,1882167,91,641360,146,248569,253086,19527371,Large
209,2028 Q2,2028-06-30,Cafe,589945,600149,198114,198114,3000743,91,1036838,146,391831,402035,19527371,Large
209,2028 Q3,2028-09-30,Cafe,394791,401210,124651,124651,2006052,92,653440,146,270140,276559,19527371,Large
210,2027 Q2,2027-06-30,Cafe,88580,88580,32716,32716,442899,91,164511,157,55864,55864,4117257,Small
210,2027 Q3,2027-09-30,Cafe,89103,89103,30907,30907,445514,92,155471,148,58196,58196,4117257,Small
210,2027 Q4,2027-12-31,Cafe,102395,102395,35047,35047,511977,92,176159,146,67348,67348,4117257,Small
210,2028 Q1,2028-03-31,Cafe,107327,107327,37013,37013,536635,91,186017,146,70314,70314,4117257,Small
210,2028 Q2,2028-06-30,Cafe,112187,112187,38677,38677,560935,91,194504,146,73510,73510,4117257,Small
210,2028 Q3,2028-09-30,Cafe,111330,111330,36969,36969,556648,92,185987,146,74361,74361,4117257,Small
211,2027 Q2,2027-06-30,Cafe,101225,105114,38711,38711,525570,91,204361,157,62514,66403,3302154,Small
211,2027 Q3,2027-09-30,Cafe,62461,70736,24607,24607,353682,92,130168,146,37854,46129,3302154,Small
211,2027 Q4,2027-12-31,Cafe,40898,53531,20087,20087,267654,92,105201,148,20811,33444,3302154,Small
211,2028 Q1,2028-03-31,Cafe,59801,81472,30740,30740,407362,91,161190,146,29061,50732,3302154,Small
211,2028 Q2,2028-06-30,Cafe,74829,90155,31064,31064,450776,91,163616,146,43765,59091,3302154,Small
211,2028 Q3,2028-09-30,Cafe,72519,77643,27309,27309,388213,92,144361,146,45210,50334,3302154,Small
212,2027 Q2,2027-06-30,Cafe,259817,259818,94020,94020,1299088,91,472525,157,165797,165798,9257706,Large
212,2027 Q3,2027-09-30,Cafe,186741,186741,66696,66696,933707,92,335215,146,120045,120045,9257706,Large
212,2027 Q4,2027-12-31,Cafe,149698,149698,55863,55863,748492,92,280500,146,93835,93835,9257706,Large
212,2028 Q1,2028-03-31,Cafe,309667,309667,106855,106855,1548335,91,536790,146,202812,202812,9257706,Large
212,2028 Q2,2028-06-30,Cafe,176539,176539,63631,63631,882694,91,319667,150,112908,112908,9257706,Large
212,2028 Q3,2028-09-30,Cafe,284552,284552,95062,95062,1422761,92,477932,146,189490,189490,9257706,Large
213,2027 Q2,2027-06-30,Cafe,171956,171956,65832,65832,859781,91,335560,159,106124,106124,6852717,Medium
213,2027 Q3,2027-09-30,Cafe,129539,129539,47562,47562,647693,92,242579,148,81977,81977,6852717,Medium
213,2027 Q4,2027-12-31,Cafe,128299,128299,49014,49014,641495,92,249308,148,79285,79285,6852717,Medium
213,2028 Q1,2028-03-31,Cafe,210449,210449,74937,74937,1052246,91,381242,148,135512,135512,6852717,Medium
213,2028 Q2,2028-06-30,Cafe,147434,147434,55854,55854,737172,91,284629,148,91580,91580,6852717,Medium
213,2028 Q3,2028-09-30,Cafe,209466,209466,73192,73192,1047331,92,373681,146,136274,136274,6852717,Medium
214,2027 Q2,2027-06-30,Cafe,110661,112346,46109,46109,561728,91,231743,157,64552,66237,4475868,Small
214,2027 Q3,2027-09-30,Cafe,104544,104544,40374,40374,522721,92,202985,146,64170,64170,4475868,Small
214,2027 Q4,2027-12-31,Cafe,111542,111542,42899,42899,557711,92,215518,146,68643,68643,4475868,Small
214,2028 Q1,2028-03-31,Cafe,108852,108852,42517,42517,544260,91,213565,146,66335,66335,4475868,Small
214,2028 Q2,2028-06-30,Cafe,106371,106371,41813,41813,531856,91,210139,146,64558,64558,4475868,Small
214,2028 Q3,2028-09-30,Cafe,98886,98886,37636,37636,494429,92,189213,146,61250,61250,4475868,Small
215,2027 Q2,2027-06-30,Cafe,172836,207237,78967,78967,1036187,91,402678,157,93869,128270,7635063,Medium
215,2027 Q3,2027-09-30,Cafe,160771,188036,67863,67863,940180,92,346426,148,92908,120173,7635063,Medium
215,2027 Q4,2027-12-31,Cafe,148683,195378,70566,70565,976888,92,359194,146,78117,124813,7635063,Medium
215,2028 Q1,2028-03-31,Cafe,162229,185405,68224,68224,927024,91,347061,146,94005,117181,7635063,Medium
215,2028 Q2,2028-06-30,Cafe,150323,176022,65236,65236,880110,91,332492,146,85087,110786,7635063,Medium
215,2028 Q3,2028-09-30,Cafe,137911,158701,57485,57485,793506,92,293317,148,80426,101216,7635063,Medium
216,2027 Q2,2027-06-30,Cafe,78578,79452,31311,31311,397259,91,163554,157,47267,48141,4142600,Small
216,2027 Q3,2027-09-30,Cafe,65875,66743,26088,26088,333716,92,136528,150,39787,40655,4142600,Small
216,2027 Q4,2027-12-31,Cafe,128412,130235,46117,46117,651175,92,240398,148,82295,84118,4142600,Small
216,2028 Q1,2028-03-31,Cafe,86263,86263,33082,33082,431317,91,172040,146,53181,53181,4142600,Small
216,2028 Q2,2028-06-30,Cafe,134241,134241,48971,48971,671207,91,256249,146,85270,85270,4142600,Small
216,2028 Q3,2028-09-30,Cafe,100596,100596,35494,35494,502979,92,186178,146,65102,65102,4142600,Small
217,2027 Q2,2027-06-30,Cafe,101864,106441,39994,39994,532205,91,199971,157,61870,66447,4462265,Small
217,2027 Q3,2027-09-30,Cafe,97327,101488,35897,35897,507440,92,179484,146,61430,65591,4462265,Small
217,2027 Q4,2027-12-31,Cafe,106989,111447,39177,39177,557234,92,195885,148,67812,72270,4462265,Small
217,2028 Q1,2028-03-31,Cafe,107977,112593,40079,40079,562966,91,200394,146,67898,72514,4462265,Small
217,2028 Q2,2028-06-30,Cafe,112482,114544,40856,40856,572720,91,204279,146,71626,73688,4462265,Small
217,2028 Q3,2028-09-30,Cafe,109553,111561,38376,38376,557805,92,191882,146,71177,73185,4462265,Small
218,2027 Q2,2027-06-30,Cafe,243541,282530,90592,90592,1412650,91,482478,157,152949,191938,12012084,Large
218,2027 Q3,2027-09-30,Cafe,237983,273858,82268,82269,1369291,92,440357,146,155715,191589,12012084,Large
218,2027 Q4,2027-12-31,Cafe,267025,305871,90811,90811,1529357,92,484859,146,176214,215060,12012084,Large
218,2028 Q1,2028-03-31,Cafe,275361,313981,94634,94634,1569904,91,503429,146,180727,219347,12012084,Large
218,2028 Q2,2028-06-30,Cafe,278902,323552,97632,97632,1617761,91,520301,146,181270,225920,12012084,Large
218,2028 Q3,2028-09-30,Cafe,277219,317912,91837,91837,1589560,92,492137,146,185382,226075,12012084,Large
219,2027 Q2,2027-06-30,Cafe,43873,89536,36791,36791,447681,91,184949,159,7082,52745,3875730,Small
219,2027 Q3,2027-09-30,Cafe,45157,86178,33330,33330,430892,92,167606,146,11827,52848,3875730,Small
219,2027 Q4,2027-12-31,Cafe,49074,95105,36533,36533,475523,92,183576,148,12541,58572,3875730,Small
219,2028 Q1,2028-03-31,Cafe,49353,96017,37336,37336,480086,91,187583,148,12017,58681,3875730,Small
219,2028 Q2,2028-06-30,Cafe,49088,97011,37788,37788,485056,91,189960,146,11300,59223,3875730,Small
219,2028 Q3,2028-09-30,Cafe,45141,93266,35095,35095,466329,92,176489,146,10046,58171,3875730,Small
220,2027 Q2,2027-06-30,Cafe,97366,119614,46320,46320,598069,91,234547,157,51046,73294,5180140,Medium
220,2027 Q3,2027-09-30,Cafe,86108,114964,42202,42202,574818,92,213840,146,43906,72762,5180140,Medium
220,2027 Q4,2027-12-31,Cafe,109638,127339,46198,46198,636693,92,233692,146,63440,81141,5180140,Medium
220,2028 Q1,2028-03-31,Cafe,122257,129784,47530,47530,648922,91,240357,146,74727,82254,5180140,Medium
220,2028 Q2,2028-06-30,Cafe,109032,133128,48629,48629,665639,91,246257,148,60403,84499,5180140,Medium
220,2028 Q3,2028-09-30,Cafe,99181,130673,46158,46158,653365,92,233941,146,53023,84515,5180140,Medium
221,2027 Q2,2027-06-30,Cafe,126963,147975,57646,57646,739874,91,288232,157,69317,90329,4926978,Small
221,2027 Q3,2027-09-30,Cafe,54115,63366,24155,24155,316828,92,120777,146,29960,39211,4926978,Small
221,2027 Q4,2027-12-31,Cafe,102570,121385,46134,46134,606924,92,230670,146,56436,75251,4926978,Small
221,2028 Q1,2028-03-31,Cafe,107825,127152,46841,46841,635759,91,234204,146,60984,80311,4926978,Small
221,2028 Q2,2028-06-30,Cafe,102625,120452,46296,46296,602261,91,231480,146,56329,74156,4926978,Small
221,2028 Q3,2028-09-30,Cafe,114080,135006,48988,48988,675031,92,244938,146,65092,86018,4926978,Small
222,2027 Q2,2027-06-30,Cafe,198578,198578,81005,81005,992889,91,407158,157,117573,117573,8697507,Large
222,2027 Q3,2027-09-30,Cafe,190964,190964,73569,73569,954820,92,369896,146,117395,117395,8697507,Large
222,2027 Q4,2027-12-31,Cafe,211539,211539,80708,80708,1057697,92,405498,146,130831,130831,8697507,Large
222,2028 Q1,2028-03-31,Cafe,213090,215460,83048,83048,1077302,91,417199,146,130042,132412,8697507,Large
222,2028 Q2,2028-06-30,Cafe,220644,220644,85084,85084,1103220,91,427669,146,135560,135560,8697507,Large
222,2028 Q3,2028-09-30,Cafe,215945,215945,80433,80433,1079723,92,404436,146,135512,135512,8697507,Large
223,2027 Q2,2027-06-30,Cafe,94151,94151,39265,39265,470755,91,196324,157,54886,54886,5355288,Medium
223,2027 Q3,2027-09-30,Cafe,108928,108928,43398,43398,544638,92,216990,146,65530,65530,5355288,Medium
223,2027 Q4,2027-12-31,Cafe,171745,171745,61432,61432,858725,92,307158,146,110313,110313,5355288,Medium
223,2028 Q1,2028-03-31,Cafe,130197,130197,49418,49418,650986,91,247089,146,80779,80779,5355288,Medium
223,2028 Q2,2028-06-30,Cafe,165031,165031,60833,60833,825156,91,304164,146,104198,104198,5355288,Medium
223,2028 Q3,2028-09-30,Cafe,106722,106722,39938,39938,533612,92,199691,146,66784,66784,5355288,Medium
224,2027 Q2,2027-06-30,Cafe,64224,65269,25644,25644,326343,91,134003,157,38580,39625,5448776,Medium
224,2027 Q3,2027-09-30,Cafe,126019,128329,43740,43740,641644,92,230765,146,82279,84589,5448776,Medium
224,2027 Q4,2027-12-31,Cafe,170503,173452,54246,54246,867262,92,286140,148,116257,119206,5448776,Medium
224,2028 Q1,2028-03-31,Cafe,153716,153716,51352,51352,768582,91,269841,146,102364,102364,5448776,Medium
224,2028 Q2,2028-06-30,Cafe,193223,193223,62272,62271,966113,91,327660,146,130951,130952,5448776,Medium
224,2028 Q3,2028-09-30,Cafe,92075,93288,31180,31180,466441,92,163982,146,60895,62108,5448776,Medium
225,2027 Q2,2027-06-30,Cafe,111871,111871,37957,37956,559353,91,199761,159,73914,73915,4321934,Small
225,2027 Q3,2027-09-30,Cafe,104359,104359,33343,33343,521797,92,176018,146,71016,71016,4321934,Small
225,2027 Q4,2027-12-31,Cafe,111659,111659,35807,35807,558297,92,187612,148,75852,75852,4321934,Small
225,2028 Q1,2028-03-31,Cafe,109315,109315,35627,35627,546577,91,186388,146,73688,73688,4321934,Small
225,2028 Q2,2028-06-30,Cafe,107200,107200,34897,34897,535999,91,183548,146,72303,72303,4321934,Small
225,2028 Q3,2028-09-30,Cafe,100047,100047,31521,31521,500236,92,166348,148,68526,68526,4321934,Small
226,2027 Q2,2027-06-30,Cafe,120799,120799,49726,49726,603994,91,258209,161,71073,71073,5314857,Medium
226,2027 Q3,2027-09-30,Cafe,146406,146406,53466,53466,732030,92,278390,146,92940,92940,5314857,Medium
226,2027 Q4,2027-12-31,Cafe,120798,120798,46416,46416,603988,92,240092,146,74382,74382,5314857,Medium
226,2028 Q1,2028-03-31,Cafe,153820,153820,57886,57886,769102,91,299418,146,95934,95934,5314857,Medium
226,2028 Q2,2028-06-30,Cafe,96206,96206,37499,37499,481028,91,194202,146,58707,58707,5314857,Medium
226,2028 Q3,2028-09-30,Cafe,122876,122876,46134,46134,614380,92,240024,146,76742,76742,5314857,Medium
227,2027 Q2,2027-06-30,Cafe,151329,165931,61060,61060,829656,91,309218,157,90269,104871,6214782,Medium
227,2027 Q3,2027-09-30,Cafe,139871,165332,55355,55355,826661,92,280546,148,84516,109977,6214782,Medium
227,2027 Q4,2027-12-31,Cafe,121541,159923,56613,56613,799615,92,286338,146,64928,103310,6214782,Medium
227,2028 Q1,2028-03-31,Cafe,167386,195773,66857,66857,978866,91,338129,148,100529,128916,6214782,Medium
227,2028 Q2,2028-06-30,Cafe,91149,100054,38174,38174,500271,91,193107,146,52975,61880,6214782,Medium
227,2028 Q3,2028-09-30,Cafe,108626,129010,44881,44881,645048,92,227327,148,63745,84129,6214782,Medium
228,2027 Q2,2027-06-30,Cafe,97754,97754,34955,34955,488770,91,185167,157,62799,62799,4687852,Small
228,2027 Q3,2027-09-30,Cafe,99564,99564,33144,33144,497819,92,176474,146,66420,66420,4687852,Small
228,2027 Q4,2027-12-31,Cafe,115648,115648,37866,37866,578241,92,201341,148,77782,77782,4687852,Small
228,2028 Q1,2028-03-31,Cafe,122351,122351,40555,40555,611756,91,214887,146,81796,81796,4687852,Small
228,2028 Q2,2028-06-30,Cafe,128912,128912,42792,42792,644562,91,226980,146,86120,86120,4687852,Small
228,2028 Q3,2028-09-30,Cafe,128827,128827,40827,40827,644133,92,217722,146,88000,88000,4687852,Small
229,2027 Q2,2027-06-30,Cafe,116537,116537,47274,47274,582686,91,244917,157,69263,69263,5098656,Small
229,2027 Q3,2027-09-30,Cafe,111139,112489,42800,42799,562444,92,222238,148,68339,69690,5098656,Small
229,2027 Q4,2027-12-31,Cafe,124447,124447,47305,47305,622234,92,244381,146,77142,77142,5098656,Small
229,2028 Q1,2028-03-31,Cafe,125905,125905,48503,48503,629525,91,250331,146,77402,77402,5098656,Small
229,2028 Q2,2028-06-30,Cafe,127426,127426,48969,48969,637131,91,253701,146,78457,78457,5098656,Small
229,2028 Q3,2028-09-30,Cafe,122677,122677,45377,45377,613383,92,235685,146,77300,77300,5098656,Small
230,2027 Q2,2027-06-30,Cafe,117824,119740,40374,40374,598702,91,213677,157,77450,79366,5646216,Medium
230,2027 Q3,2027-09-30,Cafe,120046,121874,38301,38301,609371,92,203713,152,81745,83573,5646216,Medium
230,2027 Q4,2027-12-31,Cafe,141478,141478,43715,43715,707388,92,232203,146,97763,97763,5646216,Medium
230,2028 Q1,2028-03-31,Cafe,147203,149597,46760,46760,747986,91,247538,146,100443,102837,5646216,Medium
230,2028 Q2,2028-06-30,Cafe,155339,157545,49208,49208,787724,91,260796,146,106131,108337,5646216,Medium
230,2028 Q3,2028-09-30,Cafe,157372,157372,46973,46973,786859,92,250259,146,110399,110399,5646216,Medium
231,2027 Q2,2027-06-30,Cafe,105672,105672,37377,37377,528361,91,200151,157,68295,68295,4799118,Small
231,2027 Q3,2027-09-30,Cafe,103207,103207,34123,34123,516033,92,183756,148,69084,69084,4799118,Small
231,2027 Q4,2027-12-31,Cafe,115308,116827,38283,38283,584136,92,205549,146,77025,78544,4799118,Small
231,2028 Q1,2028-03-31,Cafe,122342,122342,40652,40652,611711,91,217425,146,81690,81690,4799118,Small
231,2028 Q2,2028-06-30,Cafe,129260,129260,42877,42877,646301,91,229827,148,86383,86383,4799118,Small
231,2028 Q3,2028-09-30,Cafe,130613,130613,41308,41308,653063,92,222805,148,89305,89305,4799118,Small
232,2027 Q2,2027-06-30,Cafe,79879,79879,34232,34232,399395,91,171162,157,45647,45647,3401328,Small
232,2027 Q3,2027-09-30,Cafe,76039,76039,30863,30863,380196,92,154316,146,45176,45176,3401328,Small
232,2027 Q4,2027-12-31,Cafe,82988,82988,33301,33301,414942,92,166506,146,49687,49687,3401328,Small
232,2028 Q1,2028-03-31,Cafe,82849,82849,33648,33648,414245,91,168241,146,49201,49201,3401328,Small
232,2028 Q2,2028-06-30,Cafe,82785,82785,33777,33777,413923,91,168883,146,49008,49008,3401328,Small
232,2028 Q3,2028-09-30,Cafe,78701,78701,31203,31203,393506,92,156013,146,47498,47498,3401328,Small
233,2027 Q2,2027-06-30,Cafe,128211,186897,61085,61085,934487,91,323205,159,67126,125812,6856083,Medium
233,2027 Q3,2027-09-30,Cafe,138052,203017,61279,61279,1015083,92,325623,146,76773,141738,6856083,Medium
233,2027 Q4,2027-12-31,Cafe,67168,134605,42980,42980,673025,92,225922,146,24188,91625,6856083,Medium
233,2028 Q1,2028-03-31,Cafe,97023,161975,50720,50720,809876,91,266404,146,46303,111255,6856083,Medium
233,2028 Q2,2028-06-30,Cafe,109273,158138,50996,50996,790689,91,269566,146,58277,107142,6856083,Medium
233,2028 Q3,2028-09-30,Cafe,120084,185602,55400,55400,928008,92,294195,146,64684,130202,6856083,Medium
234,2027 Q2,2027-06-30,Cafe,98704,109671,34628,34628,548353,91,185690,159,64076,75043,4535434,Small
234,2027 Q3,2027-09-30,Cafe,90972,105049,31061,31061,525246,92,167495,146,59911,73988,4535434,Small
234,2027 Q4,2027-12-31,Cafe,86273,115959,34000,34000,579795,92,182788,146,52273,81959,4535434,Small
234,2028 Q1,2028-03-31,Cafe,96607,117813,35133,35133,589067,91,188102,148,61474,82680,4535434,Small
234,2028 Q2,2028-06-30,Cafe,106320,120544,36027,36027,602722,91,193257,146,70293,84517,4535434,Small
234,2028 Q3,2028-09-30,Cafe,103821,118113,33788,33788,590566,92,182353,146,70033,84325,4535434,Small
235,2027 Q2,2027-06-30,Cafe,453324,453324,161766,161766,2266619,91,856324,157,291558,291558,19281345,Large
235,2027 Q3,2027-09-30,Cafe,433452,433452,144540,144540,2167258,92,768920,146,288912,288912,19281345,Large
235,2027 Q4,2027-12-31,Cafe,478030,478030,158797,158797,2390150,92,843555,146,319233,319233,19281345,Large
235,2028 Q1,2028-03-31,Cafe,486007,486007,164111,164111,2430036,91,868511,146,321896,321896,19281345,Large
235,2028 Q2,2028-06-30,Cafe,498702,498702,168772,168772,2493511,91,893598,146,329930,329930,19281345,Large
235,2028 Q3,2028-09-30,Cafe,491216,491216,159103,159103,2456078,92,846785,146,332113,332113,19281345,Large
236,2027 Q2,2027-06-30,Cafe,102618,113390,46645,46645,566949,91,243101,159,55973,66745,5171129,Medium
236,2027 Q3,2027-09-30,Cafe,89753,109455,42423,42423,547276,92,221639,146,47330,67032,5171129,Medium
236,2027 Q4,2027-12-31,Cafe,95862,122273,47162,47162,611366,92,244980,146,48700,75111,5171129,Medium
236,2028 Q1,2028-03-31,Cafe,109689,126370,49222,49222,631851,91,255436,146,60467,77148,5171129,Medium
236,2028 Q2,2028-06-30,Cafe,115349,132130,51108,51108,660648,91,266468,146,64241,81022,5171129,Medium
236,2028 Q3,2028-09-30,Cafe,112579,132758,49263,49263,663789,92,257626,146,63316,83495,5171129,Medium
237,2027 Q2,2027-06-30,Cafe,249844,253906,86898,86898,1269531,91,457479,157,162946,167008,11822530,Large
237,2027 Q3,2027-09-30,Cafe,249918,256589,81851,81851,1282946,92,432897,146,168067,174738,11822530,Large
237,2027 Q4,2027-12-31,Cafe,290413,296038,93068,93068,1480191,92,491842,146,197345,202970,11822530,Large
237,2028 Q1,2028-03-31,Cafe,304200,311361,99148,99148,1556805,91,522242,146,205052,212213,11822530,Large
237,2028 Q2,2028-06-30,Cafe,321185,326408,104111,104111,1632039,91,548635,146,217074,222297,11822530,Large
237,2028 Q3,2028-09-30,Cafe,316942,324736,99005,99005,1623680,92,524243,148,217937,225731,11822530,Large
238,2027 Q2,2027-06-30,Cafe,89219,90394,32221,32221,451970,91,169150,157,56998,58173,4136390,Small
238,2027 Q3,2027-09-30,Cafe,88881,90235,30144,30143,451174,92,158735,146,58737,60092,4136390,Small
238,2027 Q4,2027-12-31,Cafe,99074,102988,34129,34128,514942,92,178526,146,64945,68860,4136390,Small
238,2028 Q1,2028-03-31,Cafe,104921,107281,35887,35886,536403,91,187506,146,69034,71395,4136390,Small
238,2028 Q2,2028-06-30,Cafe,111521,111521,37052,37052,557603,91,194663,146,74469,74469,4136390,Small
238,2028 Q3,2028-09-30,Cafe,108126,110108,35122,35122,550539,92,185179,146,73004,74986,4136390,Small
239,2027 Q2,2027-06-30,Cafe,257397,257397,96535,96535,1286983,91,482673,157,160862,160862,11077248,Large
239,2027 Q3,2027-09-30,Cafe,248088,248088,88058,88058,1240440,92,440289,146,160030,160030,11077248,Large
239,2027 Q4,2027-12-31,Cafe,275557,275557,96596,96596,1377783,92,482982,146,178961,178961,11077248,Large
239,2028 Q1,2028-03-31,Cafe,281501,281501,99592,99592,1407505,91,497960,146,181909,181909,11077248,Large
239,2028 Q2,2028-06-30,Cafe,289118,289118,102276,102276,1445589,91,511379,148,186842,186842,11077248,Large
239,2028 Q3,2028-09-30,Cafe,283689,283689,97044,97044,1418444,92,485221,146,186645,186645,11077248,Large
240,2027 Q2,2027-06-30,Cafe,84586,88387,32149,32149,441933,91,169316,159,52437,56238,4365430,Small
240,2027 Q3,2027-09-30,Cafe,87060,91067,30833,30833,455335,92,162977,148,56227,60234,4365430,Small
240,2027 Q4,2027-12-31,Cafe,102021,106828,36058,36058,534141,92,189195,148,65963,70770,4365430,Small
240,2028 Q1,2028-03-31,Cafe,112515,113997,38901,38901,569983,91,203846,146,73614,75096,4365430,Small
240,2028 Q2,2028-06-30,Cafe,118945,121002,41052,41052,605010,91,216368,148,77893,79950,4365430,Small
240,2028 Q3,2028-09-30,Cafe,120018,121721,39442,39442,608607,92,208719,146,80576,82279,4365430,Small
241,2027 Q2,2027-06-30,Cafe,100519,101740,36892,36892,508699,91,187853,157,63627,64848,4668089,Small
241,2027 Q3,2027-09-30,Cafe,101840,101841,34601,34601,509203,92,176394,146,67239,67240,4668089,Small
241,2027 Q4,2027-12-31,Cafe,116503,116503,39225,39225,582513,92,199463,146,77278,77278,4668089,Small
241,2028 Q1,2028-03-31,Cafe,121592,121592,41352,41352,607962,91,210186,146,80240,80240,4668089,Small
241,2028 Q2,2028-06-30,Cafe,126597,126597,42971,42971,632986,91,218852,148,83626,83626,4668089,Small
241,2028 Q3,2028-09-30,Cafe,125157,125157,40824,40824,625783,92,208195,146,84333,84333,4668089,Small
242,2027 Q2,2027-06-30,Cafe,103481,105057,42534,42534,525285,91,212671,157,60947,62523,5091393,Medium
242,2027 Q3,2027-09-30,Cafe,106642,106642,40640,40640,533210,92,203199,146,66002,66002,5091393,Medium
242,2027 Q4,2027-12-31,Cafe,123547,123547,45995,45995,617734,92,229975,148,77552,77552,5091393,Medium
242,2028 Q1,2028-03-31,Cafe,130447,130447,48749,48749,652233,91,243745,146,81698,81698,5091393,Medium
242,2028 Q2,2028-06-30,Cafe,135458,137242,51159,51159,686208,91,255795,146,84299,86083,5091393,Medium
242,2028 Q3,2028-09-30,Cafe,137007,137007,49261,49261,685034,92,246304,146,87746,87746,5091393,Medium
243,2027 Q2,2027-06-30,Cafe,101588,101588,44439,44439,507939,91,229913,157,57149,57149,5256063,Medium
243,2027 Q3,2027-09-30,Cafe,104773,104773,42954,42954,523863,92,222706,146,61819,61819,5256063,Medium
243,2027 Q4,2027-12-31,Cafe,123056,123056,49398,49398,615281,92,255021,146,73658,73658,5256063,Medium
243,2028 Q1,2028-03-31,Cafe,131498,131498,52881,52881,657490,91,272843,146,78617,78617,5256063,Medium
243,2028 Q2,2028-06-30,Cafe,139791,139791,55623,55623,698954,91,288165,146,84168,84168,5256063,Medium
243,2028 Q3,2028-09-30,Cafe,140853,140853,53840,53839,704264,92,279624,146,87013,87014,5256063,Medium
244,2027 Q2,2027-06-30,Cafe,116104,117753,44600,44600,588766,91,237895,159,71504,73153,5349090,Medium
244,2027 Q3,2027-09-30,Cafe,112313,114957,40855,40855,574783,92,219016,146,71458,74102,5349090,Medium
244,2027 Q4,2027-12-31,Cafe,124748,129541,45462,45462,647704,92,243066,146,79286,84079,5349090,Medium
244,2028 Q1,2028-03-31,Cafe,132869,134347,47745,47745,671734,91,254369,146,85124,86602,5349090,Medium
244,2028 Q2,2028-06-30,Cafe,137812,139911,49596,49596,699557,91,264809,146,88216,90315,5349090,Medium
244,2028 Q3,2028-09-30,Cafe,135531,138864,47131,47131,694319,92,253072,146,88400,91733,5349090,Medium
245,2027 Q2,2027-06-30,Cafe,88447,89521,35790,35790,447603,91,182336,159,52657,53731,4036559,Small
245,2027 Q3,2027-09-30,Cafe,87851,87851,32942,32942,439257,92,168026,146,54909,54909,4036559,Small
245,2027 Q4,2027-12-31,Cafe,98734,98734,36832,36832,493671,92,187374,146,61902,61902,4036559,Small
245,2028 Q1,2028-03-31,Cafe,101414,101414,38270,38270,507072,91,194593,146,63144,63144,4036559,Small
245,2028 Q2,2028-06-30,Cafe,104109,104109,39247,39247,520544,91,199963,148,64862,64862,4036559,Small
245,2028 Q3,2028-09-30,Cafe,101612,101612,36861,36861,508062,92,188058,146,64751,64751,4036559,Small
246,2027 Q2,2027-06-30,Cafe,147975,147975,59017,59017,739874,91,312705,159,88958,88958,5723384,Medium
246,2027 Q3,2027-09-30,Cafe,129803,129803,48232,48232,649017,92,256528,146,81571,81571,5723384,Medium
246,2027 Q4,2027-12-31,Cafe,129058,129058,50954,50954,645292,92,270425,146,78104,78104,5723384,Medium
246,2028 Q1,2028-03-31,Cafe,138562,138562,53138,53138,692812,91,280975,146,85424,85424,5723384,Medium
246,2028 Q2,2028-06-30,Cafe,130252,130253,49570,49570,651263,91,262162,146,80682,80683,5723384,Medium
246,2028 Q3,2028-09-30,Cafe,137742,137742,51431,51431,688709,92,273622,146,86311,86311,5723384,Medium
247,2027 Q2,2027-06-30,Cafe,176507,176507,67973,67973,882537,91,344293,157,108534,108534,8420570,Large
247,2027 Q3,2027-09-30,Cafe,178656,178656,64748,64748,893278,92,328212,146,113908,113908,8420570,Large
247,2027 Q4,2027-12-31,Cafe,203985,206463,73426,73426,1032314,92,371582,146,130559,133037,8420570,Large
247,2028 Q1,2028-03-31,Cafe,217521,217521,77687,77687,1087603,91,393043,146,139834,139834,8420570,Large
247,2028 Q2,2028-06-30,Cafe,228425,228425,81212,81212,1142123,91,411484,146,147213,147213,8420570,Large
247,2028 Q3,2028-09-30,Cafe,227657,227657,78050,78050,1138284,92,395817,146,149607,149607,8420570,Large
248,2027 Q2,2027-06-30,Cafe,101069,111679,46848,46848,558394,91,242029,157,54221,64831,5327323,Medium
248,2027 Q3,2027-09-30,Cafe,89914,111556,44060,44060,557780,92,228068,146,45854,67496,5327323,Medium
248,2027 Q4,2027-12-31,Cafe,98367,127418,49548,49548,637090,92,255385,146,48819,77870,5327323,Medium
248,2028 Q1,2028-03-31,Cafe,108129,132837,51970,51970,664186,91,267684,146,56159,80867,5327323,Medium
248,2028 Q2,2028-06-30,Cafe,125907,138207,53711,53711,691034,91,277687,148,72196,84496,5327323,Medium
248,2028 Q3,2028-09-30,Cafe,129753,136582,51155,51155,682910,92,265076,148,78598,85427,5327323,Medium
249,2027 Q2,2027-06-30,Cafe,92865,93993,37407,37407,469966,91,193925,159,55458,56586,4700356,Small
249,2027 Q3,2027-09-30,Cafe,95373,96531,35850,35850,482654,92,186311,148,59523,60681,4700356,Small
249,2027 Q4,2027-12-31,Cafe,111140,112947,41453,41453,564737,92,214382,146,69687,71494,4700356,Small
249,2028 Q1,2028-03-31,Cafe,118234,120279,44530,44530,601394,91,230100,146,73704,75749,4700356,Small
249,2028 Q2,2028-06-30,Cafe,126064,127466,47029,47029,637329,91,243992,146,79035,80437,4700356,Small
249,2028 Q3,2028-09-30,Cafe,128060,128060,45222,45222,640301,92,235265,146,82838,82838,4700356,Small
250,2027 Q2,2027-06-30,Cafe,84072,84072,34076,34077,420358,91,176829,157,49996,49995,5273483,Medium
250,2027 Q3,2027-09-30,Cafe,144406,144406,49011,49010,722032,92,255936,148,95395,95396,5273483,Medium
250,2027 Q4,2027-12-31,Cafe,132138,135249,47684,47684,676246,92,247339,146,84454,87565,5273483,Medium
250,2028 Q1,2028-03-31,Cafe,106691,106691,38939,38939,533453,91,201471,148,67752,67752,5273483,Medium
250,2028 Q2,2028-06-30,Cafe,159992,162593,55705,55705,812967,91,290139,146,104287,106888,5273483,Medium
250,2028 Q3,2028-09-30,Cafe,138346,138346,46927,46927,691728,92,244985,148,91419,91419,5273483,Medium
251,2027 Q2,2027-06-30,Cafe,89013,89012,31596,31596,445062,91,160218,157,57417,57416,3661140,Small
251,2027 Q3,2027-09-30,Cafe,84947,84947,28541,28541,424736,92,144840,146,56406,56406,3661140,Small
251,2027 Q4,2027-12-31,Cafe,91740,93137,30940,30940,465687,92,156717,146,60800,62197,3661140,Small
251,2028 Q1,2028-03-31,Cafe,93611,93611,31477,31477,468055,91,159379,146,62134,62134,3661140,Small
251,2028 Q2,2028-06-30,Cafe,94347,94347,31803,31803,471734,91,161265,148,62544,62544,3661140,Small
251,2028 Q3,2028-09-30,Cafe,90633,90633,29610,29610,453166,92,150281,146,61023,61023,3661140,Small
252,2027 Q2,2027-06-30,Cafe,117726,119156,41009,41009,595781,91,224355,157,76717,78147,5127005,Medium
252,2027 Q3,2027-09-30,Cafe,113709,115674,37228,37228,578372,92,205062,146,76481,78446,5127005,Medium
252,2027 Q4,2027-12-31,Cafe,126619,128678,41255,41255,643390,92,225746,148,85364,87423,5127005,Medium
252,2028 Q1,2028-03-31,Cafe,129053,130885,42645,42645,654427,91,232311,146,86408,88240,5127005,Medium
252,2028 Q2,2028-06-30,Cafe,131412,133143,43239,43239,665716,91,236677,150,88173,89904,5127005,Medium
252,2028 Q3,2028-09-30,Cafe,127403,128820,40090,40090,644100,92,221068,148,87313,88730,5127005,Medium
253,2027 Q2,2027-06-30,Cafe,95146,95146,34492,34492,475731,91,181140,157,60654,60654,4314409,Small
253,2027 Q3,2027-09-30,Cafe,99330,100435,34048,34048,502176,92,179441,146,65282,66387,4314409,Small
253,2027 Q4,2027-12-31,Cafe,124804,126705,41949,41949,633525,92,219683,146,82855,84756,4314409,Small
253,2028 Q1,2028-03-31,Cafe,116025,117434,39530,39529,587171,91,206641,146,76495,77905,4314409,Small
253,2028 Q2,2028-06-30,Cafe,94355,98286,33829,33829,491430,91,177603,146,60526,64457,4314409,Small
253,2028 Q3,2028-09-30,Cafe,93802,97812,32419,32419,489059,92,170809,146,61383,65393,4314409,Small
254,2027 Q2,2027-06-30,Cafe,49744,89790,35287,35287,448952,91,176437,157,14457,54503,3938027,Small
254,2027 Q3,2027-09-30,Cafe,48553,87483,32394,32394,437413,92,161970,146,16159,55089,3938027,Small
254,2027 Q4,2027-12-31,Cafe,54088,97632,35668,35668,488161,92,178342,146,18420,61964,3938027,Small
254,2028 Q1,2028-03-31,Cafe,54678,99595,36777,36777,497975,91,183884,146,17901,62818,3938027,Small
254,2028 Q2,2028-06-30,Cafe,55965,101569,37645,37645,507845,91,188223,146,18320,63924,3938027,Small
254,2028 Q3,2028-09-30,Cafe,54171,98492,35273,35273,492459,92,176366,146,18898,63219,3938027,Small
255,2027 Q2,2027-06-30,Cafe,76004,94415,34756,34756,472076,91,174788,157,41248,59659,4623017,Small
255,2027 Q3,2027-09-30,Cafe,71689,97271,33475,33475,486356,92,168411,146,38214,63796,4623017,Small
255,2027 Q4,2027-12-31,Cafe,90832,114111,38836,38836,570556,92,195226,146,51996,75275,4623017,Small
255,2028 Q1,2028-03-31,Cafe,109485,121785,41825,41825,608925,91,210224,148,67660,79960,4623017,Small
255,2028 Q2,2028-06-30,Cafe,121797,129296,44446,44446,646478,91,223538,146,77351,84850,4623017,Small
255,2028 Q3,2028-09-30,Cafe,117870,130099,42918,42918,650496,92,215943,150,74952,87181,4623017,Small
256,2027 Q2,2027-06-30,Cafe,182013,182013,66644,66644,910065,91,353657,157,115369,115369,6648059,Medium
256,2027 Q3,2027-09-30,Cafe,164579,164579,57081,57081,822894,92,304173,146,107498,107498,6648059,Medium
256,2027 Q4,2027-12-31,Cafe,170330,170330,59163,59163,851648,92,314506,146,111167,111167,6648059,Medium
256,2028 Q1,2028-03-31,Cafe,160903,160903,57180,57180,804513,91,302754,146,103723,103723,6648059,Medium
256,2028 Q2,2028-06-30,Cafe,150161,151985,54478,54478,759923,91,288609,146,95683,97507,6648059,Medium
256,2028 Q3,2028-09-30,Cafe,136231,136231,47785,47785,681153,92,254164,146,88446,88446,6648059,Medium
257,2027 Q2,2027-06-30,Cafe,297980,499966,156679,156679,2499831,91,833970,157,141301,343287,19545638,Large
257,2027 Q3,2027-09-30,Cafe,281659,472582,138341,138341,2362911,92,740303,146,143318,334241,19545638,Large
257,2027 Q4,2027-12-31,Cafe,304624,513700,150277,150277,2568499,92,802119,150,154347,363423,19545638,Large
257,2028 Q1,2028-03-31,Cafe,299086,506068,150900,150900,2530338,91,802224,146,148186,355168,19545638,Large
257,2028 Q2,2028-06-30,Cafe,299200,500335,149497,149497,2501674,91,795625,146,149703,350838,19545638,Large
257,2028 Q3,2028-09-30,Cafe,284469,475700,136353,136353,2378500,92,729644,146,148116,339347,19545638,Large
258,2027 Q2,2027-06-30,Cafe,124216,133709,47788,47788,668545,91,248030,157,76428,85921,5652077,Medium
258,2027 Q3,2027-09-30,Cafe,119857,128464,43477,43477,642319,92,226110,146,76380,84987,5652077,Medium
258,2027 Q4,2027-12-31,Cafe,132565,141933,47600,47600,709663,92,246307,146,84965,94333,5652077,Medium
258,2028 Q1,2028-03-31,Cafe,130935,143885,48783,48783,719423,91,252192,146,82152,95102,5652077,Medium
258,2028 Q2,2028-06-30,Cafe,132155,146351,49420,49420,731754,91,256534,148,82735,96931,5652077,Medium
258,2028 Q3,2028-09-30,Cafe,130189,141973,46378,46378,709866,92,241334,146,83811,95595,5652077,Medium
259,2027 Q2,2027-06-30,Cafe,108907,123899,40995,40995,619497,91,216700,157,67912,82904,4542254,Small
259,2027 Q3,2027-09-30,Cafe,76792,86479,27964,27964,432393,92,148138,146,48828,58515,4542254,Small
259,2027 Q4,2027-12-31,Cafe,98194,113257,36535,36535,566284,92,192184,146,61659,76722,4542254,Small
259,2028 Q1,2028-03-31,Cafe,128194,144525,45769,45769,722627,91,240612,146,82425,98756,4542254,Small
259,2028 Q2,2028-06-30,Cafe,106918,123748,39083,39083,618738,91,206525,146,67835,84665,4542254,Small
259,2028 Q3,2028-09-30,Cafe,75982,86639,27440,27440,433197,92,145359,148,48542,59199,4542254,Small
260,2027 Q2,2027-06-30,Cafe,56437,108117,43716,43716,540585,91,218579,159,12721,64401,4631708,Small
260,2027 Q3,2027-09-30,Cafe,53902,103063,39228,39228,515317,92,196139,146,14674,63835,4631708,Small
260,2027 Q4,2027-12-31,Cafe,60334,113197,42712,42712,565984,92,213558,148,17622,70485,4631708,Small
260,2028 Q1,2028-03-31,Cafe,60674,114480,43727,43727,572401,91,218637,146,16947,70753,4631708,Small
260,2028 Q2,2028-06-30,Cafe,62348,116757,44811,44811,583786,91,224055,146,17537,71946,4631708,Small
260,2028 Q3,2028-09-30,Cafe,58044,114260,42273,42273,571301,92,211366,146,15771,71987,4631708,Small
261,2027 Q2,2027-06-30,Cafe,113632,129865,47012,47012,649323,91,236397,157,66620,82853,5459799,Medium
261,2027 Q3,2027-09-30,Cafe,98159,124725,42707,42707,623625,92,214816,146,55452,82018,5459799,Medium
261,2027 Q4,2027-12-31,Cafe,104604,137818,46531,46531,689090,92,233876,148,58073,91287,5459799,Medium
261,2028 Q1,2028-03-31,Cafe,115720,139759,47698,47698,698795,91,239704,146,68022,92061,5459799,Medium
261,2028 Q2,2028-06-30,Cafe,130359,142159,48681,48681,710793,91,244791,150,81678,93478,5459799,Medium
261,2028 Q3,2028-09-30,Cafe,131991,137778,45663,45663,688889,92,229700,150,86328,92115,5459799,Medium
262,2027 Q2,2027-06-30,Cafe,159526,204520,81889,81889,1022598,91,411515,157,77637,122631,8985318,Large
262,2027 Q3,2027-09-30,Cafe,147915,198810,75338,75338,994051,92,378697,146,72577,123472,8985318,Large
262,2027 Q4,2027-12-31,Cafe,181562,221417,82696,82696,1107087,92,415409,146,98866,138721,8985318,Large
262,2028 Q1,2028-03-31,Cafe,209211,225443,85007,85007,1127213,91,426966,146,124204,140436,8985318,Large
262,2028 Q2,2028-06-30,Cafe,218278,229525,86519,86519,1147625,91,434794,146,131759,143006,8985318,Large
262,2028 Q3,2028-09-30,Cafe,195340,222230,81203,81203,1111150,92,408213,150,114137,141027,8985318,Large
263,2027 Q2,2027-06-30,Cafe,82332,88150,32016,32016,440750,91,170418,157,50316,56134,4331280,Small
263,2027 Q3,2027-09-30,Cafe,85609,90496,30570,30570,452479,92,163606,146,55039,59926,4331280,Small
263,2027 Q4,2027-12-31,Cafe,97932,105872,35367,35367,529358,92,188783,146,62565,70505,4331280,Small
263,2028 Q1,2028-03-31,Cafe,106436,112750,38119,38119,563749,91,202764,146,68317,74631,4331280,Small
263,2028 Q2,2028-06-30,Cafe,110309,119511,40235,40235,597554,91,214482,146,70074,79276,4331280,Small
263,2028 Q3,2028-09-30,Cafe,110739,120107,38572,38572,600537,92,206800,146,72167,81535,4331280,Small
264,2027 Q2,2027-06-30,Cafe,206171,208464,81516,81516,1042321,91,423039,157,124655,126948,8370305,Large
264,2027 Q3,2027-09-30,Cafe,194908,194908,71957,71957,974541,92,374228,146,122951,122951,8370305,Large
264,2027 Q4,2027-12-31,Cafe,206430,208937,77039,77039,1044687,92,398535,148,129391,131898,8370305,Large
264,2028 Q1,2028-03-31,Cafe,201994,204862,76760,76760,1024311,91,396659,146,125234,128102,8370305,Large
264,2028 Q2,2028-06-30,Cafe,198705,201118,75493,75493,1005592,91,391598,148,123212,125625,8370305,Large
264,2028 Q3,2028-09-30,Cafe,185765,187831,68399,68399,939153,92,355641,146,117366,119432,8370305,Large
265,2027 Q2,2027-06-30,Cafe,210675,210675,73567,73567,1053374,91,380645,159,137108,137108,7699047,Large
265,2027 Q3,2027-09-30,Cafe,178628,178628,60184,60184,893138,92,311735,148,118444,118444,7699047,Large
265,2027 Q4,2027-12-31,Cafe,173892,173892,59948,59948,869458,92,308889,148,113944,113944,7699047,Large
265,2028 Q1,2028-03-31,Cafe,197484,197484,67395,67395,987418,91,347213,146,130089,130089,7699047,Large
265,2028 Q2,2028-06-30,Cafe,208437,208437,69794,69794,1042183,91,360963,146,138643,138643,7699047,Large
265,2028 Q3,2028-09-30,Cafe,169733,169733,57047,57047,848666,92,295365,146,112686,112686,7699047,Large
266,2027 Q2,2027-06-30,Cafe,60594,103226,34450,34450,516128,91,178709,157,26144,68776,4171484,Small
266,2027 Q3,2027-09-30,Cafe,48736,98456,30909,30909,492279,92,160698,146,17827,67547,4171484,Small
266,2027 Q4,2027-12-31,Cafe,62234,107672,33831,33831,538360,92,174953,146,28403,73841,4171484,Small
266,2028 Q1,2028-03-31,Cafe,75834,107719,34297,34297,538597,91,177188,148,41537,73422,4171484,Small
266,2028 Q2,2028-06-30,Cafe,84244,107867,34235,34235,539336,91,177569,146,50009,73632,4171484,Small
266,2028 Q3,2028-09-30,Cafe,75233,102776,31498,31498,513882,92,163785,146,43735,71278,4171484,Small
267,2027 Q2,2027-06-30,Cafe,86359,86359,33806,33806,431794,91,169904,159,52553,52553,3865526,Small
267,2027 Q3,2027-09-30,Cafe,83648,84836,31328,31328,424182,92,157500,146,52320,53508,3865526,Small
267,2027 Q4,2027-12-31,Cafe,95438,95438,34791,34791,477189,92,174785,148,60647,60647,3865526,Small
267,2028 Q1,2028-03-31,Cafe,96743,98117,36071,36071,490585,91,181198,146,60672,62046,3865526,Small
267,2028 Q2,2028-06-30,Cafe,100807,100807,37039,37039,504037,91,186161,146,63768,63768,3865526,Small
267,2028 Q3,2028-09-30,Cafe,98467,98467,34976,34976,492337,92,175854,146,63491,63491,3865526,Small
268,2027 Q2,2027-06-30,Cafe,115958,115958,50270,50270,579791,91,251349,157,65688,65688,5802643,Medium
268,2027 Q3,2027-09-30,Cafe,118439,118439,48269,48269,592193,92,241344,146,70170,70170,5802643,Medium
268,2027 Q4,2027-12-31,Cafe,137927,137927,54928,54928,689633,92,274640,148,82999,82999,5802643,Medium
268,2028 Q1,2028-03-31,Cafe,146270,146270,58461,58461,731349,91,292306,146,87809,87809,5802643,Medium
268,2028 Q2,2028-06-30,Cafe,154451,154451,61519,61519,772254,91,307593,146,92932,92932,5802643,Medium
268,2028 Q3,2028-09-30,Cafe,152657,154668,59370,59370,773340,92,296851,146,93287,95298,5802643,Medium
269,2027 Q2,2027-06-30,Cafe,97377,100389,31543,31543,501946,91,168380,157,65834,68846,4567651,Small
269,2027 Q3,2027-09-30,Cafe,99630,101147,29702,29702,505734,92,159396,148,69928,71445,4567651,Small
269,2027 Q4,2027-12-31,Cafe,113971,116416,33891,33891,582078,92,181339,148,80080,82525,4567651,Small
269,2028 Q1,2028-03-31,Cafe,119147,122202,35951,35951,611010,91,191696,150,83196,86251,4567651,Small
269,2028 Q2,2028-06-30,Cafe,125610,127912,37372,37372,639561,91,199762,148,88238,90540,4567651,Small
269,2028 Q3,2028-09-30,Cafe,123926,127104,35572,35572,635521,92,191228,148,88354,91532,4567651,Small
270,2027 Q2,2027-06-30,Cafe,102731,103979,34983,34983,519893,91,178245,159,67748,68996,3507122,Small
270,2027 Q3,2027-09-30,Cafe,85056,85057,26983,26983,425283,92,137613,146,58073,58074,3507122,Small
270,2027 Q4,2027-12-31,Cafe,68345,68345,22542,22542,341724,92,114594,146,45803,45803,3507122,Small
270,2028 Q1,2028-03-31,Cafe,77991,77991,25989,25989,389956,91,132087,146,52002,52002,3507122,Small
270,2028 Q2,2028-06-30,Cafe,101633,101633,32843,32843,508166,91,167315,148,68790,68790,3507122,Small
270,2028 Q3,2028-09-30,Cafe,89785,89785,28100,28100,448923,92,143323,146,61685,61685,3507122,Small
271,2027 Q2,2027-06-30,Cafe,94863,94863,35225,35225,474316,91,185149,157,59638,59638,4231421,Small
271,2027 Q3,2027-09-30,Cafe,91829,93133,32464,32464,465664,92,171167,146,59365,60669,4231421,Small
271,2027 Q4,2027-12-31,Cafe,103241,104707,36414,36414,523534,92,190638,146,66827,68293,4231421,Small
271,2028 Q1,2028-03-31,Cafe,105860,107581,37815,37815,537905,91,197730,146,68045,69766,4231421,Small
271,2028 Q2,2028-06-30,Cafe,110466,110466,38554,38554,552330,91,202728,146,71912,71912,4231421,Small
271,2028 Q3,2028-09-30,Cafe,106221,107839,36208,36208,539195,92,191065,146,70013,71631,4231421,Small
272,2027 Q2,2027-06-30,Cafe,135219,137000,45404,45404,684998,91,230189,157,89815,91596,4644620,Small
272,2027 Q3,2027-09-30,Cafe,123344,125605,37750,37750,628023,92,191571,146,85594,87855,4644620,Small
272,2027 Q4,2027-12-31,Cafe,118287,119724,37920,37920,598619,92,191992,148,80367,81804,4644620,Small
272,2028 Q1,2028-03-31,Cafe,69323,70165,22950,22950,350825,91,116087,146,46373,47215,4644620,Small
272,2028 Q2,2028-06-30,Cafe,110629,112657,36337,36337,563283,91,184174,146,74292,76320,4644620,Small
272,2028 Q3,2028-09-30,Cafe,136466,138263,42086,42086,691317,92,213542,146,94380,96177,4644620,Small
273,2027 Q2,2027-06-30,Cafe,88797,89876,32307,32307,449381,91,162417,157,56490,57569,4200886,Small
273,2027 Q3,2027-09-30,Cafe,90920,90920,30679,30679,454598,92,154288,146,60241,60241,4200886,Small
273,2027 Q4,2027-12-31,Cafe,103649,105014,34929,34929,525071,92,175533,146,68720,70085,4200886,Small
273,2028 Q1,2028-03-31,Cafe,109032,110580,37039,37039,552898,91,186115,150,71993,73541,4200886,Small
273,2028 Q2,2028-06-30,Cafe,113510,116063,38799,38799,580317,91,195074,146,74711,77264,4200886,Small
273,2028 Q3,2028-09-30,Cafe,114228,115615,37203,37203,578073,92,187121,146,77025,78412,4200886,Small
274,2027 Q2,2027-06-30,Cafe,107546,122910,41116,41116,614551,91,218370,157,66430,81794,4746240,Small
274,2027 Q3,2027-09-30,Cafe,95085,114698,36057,36057,573488,92,192410,152,59028,78641,4746240,Small
274,2027 Q4,2027-12-31,Cafe,93791,122763,38570,38570,613815,92,205345,146,55221,84193,4746240,Small
274,2028 Q1,2028-03-31,Cafe,100269,120227,38486,38486,601137,91,204103,146,61783,81741,4746240,Small
274,2028 Q2,2028-06-30,Cafe,99659,117940,37824,37824,589700,91,200790,148,61835,80116,4746240,Small
274,2028 Q3,2028-09-30,Cafe,93371,110107,34118,34118,550536,92,181995,146,59253,75989,4746240,Small
275,2027 Q2,2027-06-30,Cafe,110063,111966,43293,43293,559829,91,230407,157,66770,68673,5345498,Medium
275,2027 Q3,2027-09-30,Cafe,112636,112636,40733,40733,563181,92,217876,148,71903,71903,5345498,Medium
275,2027 Q4,2027-12-31,Cafe,129434,129434,46192,46192,647170,92,246441,146,83242,83242,5345498,Medium
275,2028 Q1,2028-03-31,Cafe,133749,135647,48930,48930,678237,91,260178,146,84819,86717,5345498,Medium
275,2028 Q2,2028-06-30,Cafe,140198,141757,50868,50868,708784,91,271101,146,89330,90889,5345498,Medium
275,2028 Q3,2028-09-30,Cafe,140630,140630,48362,48362,703148,92,259146,146,92268,92268,5345498,Medium
276,2027 Q2,2027-06-30,Cafe,105890,105890,38439,38439,529449,91,205234,157,67451,67451,4649933,Small
276,2027 Q3,2027-09-30,Cafe,101945,101945,34677,34677,509727,92,186119,146,67268,67268,4649933,Small
276,2027 Q4,2027-12-31,Cafe,113453,113453,38323,38323,567264,92,205077,146,75130,75130,4649933,Small
276,2028 Q1,2028-03-31,Cafe,116691,116691,40005,40005,583453,91,213278,146,76686,76686,4649933,Small
276,2028 Q2,2028-06-30,Cafe,121407,121407,41556,41556,607037,91,222010,146,79851,79851,4649933,Small
276,2028 Q3,2028-09-30,Cafe,121538,121538,39748,39748,607691,92,213594,146,81790,81790,4649933,Small
277,2027 Q2,2027-06-30,Cafe,166422,166422,64872,64872,832110,91,330529,157,101550,101550,6814150,Medium
277,2027 Q3,2027-09-30,Cafe,155631,155631,57454,57454,778157,92,293026,148,98177,98177,6814150,Medium
277,2027 Q4,2027-12-31,Cafe,170379,170379,62817,62817,851895,92,319525,146,107562,107562,6814150,Medium
277,2028 Q1,2028-03-31,Cafe,170529,170529,63572,63572,852645,91,323212,146,106957,106957,6814150,Medium
277,2028 Q2,2028-06-30,Cafe,167298,167298,62285,62285,836492,91,317301,148,105013,105013,6814150,Medium
277,2028 Q3,2028-09-30,Cafe,157637,157637,57070,57070,788186,92,291072,146,100567,100567,6814150,Medium
278,2027 Q2,2027-06-30,Cafe,121818,121818,43141,43141,609090,91,218758,157,78677,78677,3910602,Small
278,2027 Q3,2027-09-30,Cafe,58341,58342,20904,20904,291708,92,106000,146,37437,37438,3910602,Small
278,2027 Q4,2027-12-31,Cafe,102909,102909,35709,35708,514543,92,180850,146,67200,67201,3910602,Small
278,2028 Q1,2028-03-31,Cafe,134668,134668,46010,46010,673340,91,233004,146,88658,88658,3910602,Small
278,2028 Q2,2028-06-30,Cafe,84394,84394,29474,29473,421970,91,149394,148,54920,54921,3910602,Small
278,2028 Q3,2028-09-30,Cafe,75782,75782,26220,26220,378910,92,133035,146,49562,49562,3910602,Small
279,2027 Q2,2027-06-30,Cafe,84995,84995,31514,31514,424973,91,166911,157,53481,53481,4446530,Small
279,2027 Q3,2027-09-30,Cafe,109337,110888,37632,37632,554442,92,200314,146,71705,73256,4446530,Small
279,2027 Q4,2027-12-31,Cafe,148672,148672,49162,49162,743361,92,259672,146,99510,99510,4446530,Small
279,2028 Q1,2028-03-31,Cafe,125984,125984,42397,42397,629919,91,223416,146,83587,83587,4446530,Small
279,2028 Q2,2028-06-30,Cafe,90070,90070,31311,31311,450349,91,165756,150,58759,58759,4446530,Small
279,2028 Q3,2028-09-30,Cafe,92552,92553,30967,30967,462763,92,164654,146,61585,61586,4446530,Small
280,2027 Q2,2027-06-30,Cafe,212154,214948,86745,86745,1074738,91,441953,157,125409,128203,10260062,Large
280,2027 Q3,2027-09-30,Cafe,216205,216205,81962,81962,1081027,92,418071,148,134243,134243,10260062,Large
280,2027 Q4,2027-12-31,Cafe,248450,248450,92857,92857,1242248,92,472461,146,155593,155593,10260062,Large
280,2028 Q1,2028-03-31,Cafe,260408,260408,98010,98010,1302038,91,498475,146,162398,162398,10260062,Large
280,2028 Q2,2028-06-30,Cafe,268383,272194,102039,102039,1360970,91,520062,146,166344,170155,10260062,Large
280,2028 Q3,2028-09-30,Cafe,264978,270110,97476,97476,1350549,92,497470,146,167502,172634,10260062,Large
281,2027 Q2,2027-06-30,Cafe,194334,194334,72872,72872,971669,91,387568,159,121462,121462,8778315,Large
281,2027 Q3,2027-09-30,Cafe,191361,191361,67404,67404,956805,92,360185,150,123957,123957,8778315,Large
281,2027 Q4,2027-12-31,Cafe,213173,215762,75128,75128,1078809,92,400445,146,138045,140634,8778315,Large
281,2028 Q1,2028-03-31,Cafe,222303,222303,78309,78309,1111514,91,416002,146,143994,143994,8778315,Large
281,2028 Q2,2028-06-30,Cafe,228867,228867,80211,80211,1144337,91,427020,146,148656,148656,8778315,Large
281,2028 Q3,2028-09-30,Cafe,224000,224000,75489,75489,1119999,92,403962,148,148511,148511,8778315,Large
282,2027 Q2,2027-06-30,Cafe,107784,228355,89647,89647,1141775,91,450637,157,18137,138708,10645334,Large
282,2027 Q3,2027-09-30,Cafe,111980,228530,84479,84479,1142652,92,424792,146,27501,144051,10645334,Large
282,2027 Q4,2027-12-31,Cafe,122329,261387,94596,94596,1306936,92,475341,148,27733,166791,10645334,Large
282,2028 Q1,2028-03-31,Cafe,136932,272772,99358,99358,1363862,91,499212,148,37574,173414,10645334,Large
282,2028 Q2,2028-06-30,Cafe,136876,283975,103491,103491,1419874,91,520283,146,33385,180484,10645334,Large
282,2028 Q3,2028-09-30,Cafe,133627,280728,98690,98690,1403639,92,496331,146,34937,182038,10645334,Large
283,2027 Q2,2027-06-30,Cafe,74849,76299,28091,28091,381496,91,140454,159,46758,48208,3850582,Small
283,2027 Q3,2027-09-30,Cafe,101462,103427,34723,34723,517134,92,173613,146,66739,68704,3850582,Small
283,2027 Q4,2027-12-31,Cafe,131019,132745,43149,43149,663723,92,215747,146,87870,89596,3850582,Small
283,2028 Q1,2028-03-31,Cafe,107895,109649,36309,36309,548246,91,181545,148,71586,73340,3850582,Small
283,2028 Q2,2028-06-30,Cafe,76096,77098,26637,26637,385492,91,133186,146,49459,50461,3850582,Small
283,2028 Q3,2028-09-30,Cafe,74713,76316,25673,25673,381581,92,128365,150,49040,50643,3850582,Small
284,2027 Q2,2027-06-30,Cafe,86000,86000,32207,32208,430002,91,168522,157,53793,53792,3583057,Small
284,2027 Q3,2027-09-30,Cafe,81975,81975,28822,28822,409874,92,151234,146,53153,53153,3583057,Small
284,2027 Q4,2027-12-31,Cafe,89604,89604,31469,31469,448019,92,164058,148,58135,58135,3583057,Small
284,2028 Q1,2028-03-31,Cafe,89610,89610,31928,31928,448049,91,166240,148,57682,57682,3583057,Small
284,2028 Q2,2028-06-30,Cafe,89711,89711,31959,31959,448556,91,167193,146,57752,57752,3583057,Small
284,2028 Q3,2028-09-30,Cafe,85467,85467,29339,29339,427335,92,153975,146,56128,56128,3583057,Small
285,2027 Q2,2027-06-30,Cafe,118957,118957,49745,49745,594785,91,248724,157,69212,69212,4209613,Small
285,2027 Q3,2027-09-30,Cafe,133125,135015,51371,51371,675073,92,256855,146,81754,83644,4209613,Small
285,2027 Q4,2027-12-31,Cafe,80576,80576,33021,33021,402881,92,165106,146,47555,47555,4209613,Small
285,2028 Q1,2028-03-31,Cafe,68886,68886,28686,28686,344428,91,143432,148,40200,40200,4209613,Small
285,2028 Q2,2028-06-30,Cafe,113529,113529,44722,44722,567645,91,223612,148,68807,68807,4209613,Small
285,2028 Q3,2028-09-30,Cafe,84096,84096,33318,33318,420482,92,166590,146,50778,50778,4209613,Small
286,2027 Q2,2027-06-30,Cafe,105767,105767,36980,36980,528837,91,191735,157,68787,68787,4002530,Small
286,2027 Q3,2027-09-30,Cafe,97694,97694,32250,32250,488469,92,167558,146,65444,65444,4002530,Small
286,2027 Q4,2027-12-31,Cafe,103457,103457,34243,34243,517284,92,176971,150,69214,69214,4002530,Small
286,2028 Q1,2028-03-31,Cafe,100201,100201,33730,33730,501006,91,174130,146,66471,66471,4002530,Small
286,2028 Q2,2028-06-30,Cafe,97190,97190,32757,32757,485951,91,169739,146,64433,64433,4002530,Small
286,2028 Q3,2028-09-30,Cafe,89672,89672,29362,29362,448360,92,152490,146,60310,60310,4002530,Small
287,2027 Q2,2027-06-30,Cafe,137253,155264,52411,52411,776320,91,281172,157,84842,102853,4426116,Small
287,2027 Q3,2027-09-30,Cafe,73545,85518,27228,27228,427589,92,146355,146,46317,58290,4426116,Small
287,2027 Q4,2027-12-31,Cafe,73422,81671,27303,27303,408357,92,146151,148,46119,54368,4426116,Small
287,2028 Q1,2028-03-31,Cafe,106884,120637,40597,40597,603185,91,216979,146,66287,80040,4426116,Small
287,2028 Q2,2028-06-30,Cafe,75027,83549,28236,28236,417744,91,150842,146,46791,55313,4426116,Small
287,2028 Q3,2028-09-30,Cafe,111080,127239,39931,39931,636197,92,215225,148,71149,87308,4426116,Small
288,2027 Q2,2027-06-30,Cafe,157508,157508,57317,57317,787540,91,288160,157,100191,100191,5294523,Medium
288,2027 Q3,2027-09-30,Cafe,108270,108270,40230,40230,541348,92,202287,146,68040,68040,5294523,Medium
288,2027 Q4,2027-12-31,Cafe,102062,102062,37741,37741,510310,92,189618,146,64321,64321,5294523,Medium
288,2028 Q1,2028-03-31,Cafe,146118,146118,51261,51261,730592,91,257562,148,94857,94857,5294523,Medium
288,2028 Q2,2028-06-30,Cafe,122081,123439,45930,45930,617197,91,230904,146,76151,77509,5294523,Medium
288,2028 Q3,2028-09-30,Cafe,139533,139533,47989,47989,697665,92,241340,146,91544,91544,5294523,Medium
289,2027 Q2,2027-06-30,Cafe,78269,170521,57253,57253,852606,91,296676,157,21016,113268,7036506,Medium
289,2027 Q3,2027-09-30,Cafe,75145,160910,50262,50262,804552,92,261017,146,24883,110648,7036506,Medium
289,2027 Q4,2027-12-31,Cafe,78608,169049,54136,54136,845243,92,279664,146,24472,114913,7036506,Medium
289,2028 Q1,2028-03-31,Cafe,79753,173000,54550,54550,865000,91,281531,148,25203,118450,7036506,Medium
289,2028 Q2,2028-06-30,Cafe,139049,195843,62284,62284,979215,91,322821,146,76765,133559,7036506,Medium
289,2028 Q3,2028-09-30,Cafe,135247,189422,57933,57933,947110,92,301071,148,77314,131489,7036506,Medium
290,2027 Q2,2027-06-30,Cafe,84800,86091,31475,31475,430453,91,171887,157,53325,54616,4293010,Small
290,2027 Q3,2027-09-30,Cafe,86913,88686,30118,30118,443432,92,165672,146,56795,58568,4293010,Small
290,2027 Q4,2027-12-31,Cafe,100173,104022,35027,35027,520109,92,191497,148,65146,68995,4293010,Small
290,2028 Q1,2028-03-31,Cafe,109213,110989,37783,37783,554946,91,205732,146,71430,73206,4293010,Small
290,2028 Q2,2028-06-30,Cafe,116503,117799,39764,39764,588995,91,217654,146,76739,78035,4293010,Small
290,2028 Q3,2028-09-30,Cafe,116713,118490,38101,38101,592450,92,210183,146,78612,80389,4293010,Small
291,2027 Q2,2027-06-30,Cafe,98612,98612,36369,36369,493061,91,184379,157,62243,62243,4144776,Small
291,2027 Q3,2027-09-30,Cafe,73536,73536,26189,26189,367682,92,132823,148,47347,47347,4144776,Small
291,2027 Q4,2027-12-31,Cafe,123425,123425,41179,41179,617126,92,208556,148,82246,82246,4144776,Small
291,2028 Q1,2028-03-31,Cafe,101344,102471,36625,36625,512355,91,185409,146,64719,65846,4144776,Small
291,2028 Q2,2028-06-30,Cafe,125119,125119,42680,42680,625596,91,216419,146,82439,82439,4144776,Small
291,2028 Q3,2028-09-30,Cafe,89637,89637,30193,30193,448185,92,153185,146,59444,59444,4144776,Small
292,2027 Q2,2027-06-30,Cafe,80924,80924,32379,32379,404622,91,161896,157,48545,48545,4268475,Small
292,2027 Q3,2027-09-30,Cafe,76242,76242,30329,30329,381212,92,151645,146,45913,45913,4268475,Small
292,2027 Q4,2027-12-31,Cafe,107955,107955,39218,39218,539774,92,196091,146,68737,68737,4268475,Small
292,2028 Q1,2028-03-31,Cafe,114882,114882,43351,43351,574408,91,216756,146,71531,71531,4268475,Small
292,2028 Q2,2028-06-30,Cafe,139584,139584,51866,51866,697920,91,259332,146,87718,87718,4268475,Small
292,2028 Q3,2028-09-30,Cafe,100336,100336,36628,36628,501678,92,183141,146,63708,63708,4268475,Small
293,2027 Q2,2027-06-30,Cafe,109137,109137,35760,35760,545685,91,181452,159,73377,73377,4576258,Small
293,2027 Q3,2027-09-30,Cafe,104992,104992,32342,32342,524962,92,164260,146,72650,72650,4576258,Small
293,2027 Q4,2027-12-31,Cafe,116599,116599,35778,35778,582995,92,181327,148,80821,80821,4576258,Small
293,2028 Q1,2028-03-31,Cafe,119443,119443,37070,37070,597214,91,187806,146,82373,82373,4576258,Small
293,2028 Q2,2028-06-30,Cafe,123500,123500,38293,38293,617500,91,194312,146,85207,85207,4576258,Small
293,2028 Q3,2028-09-30,Cafe,122601,122601,36565,36565,613007,92,185738,146,86036,86036,4576258,Small
294,2027 Q2,2027-06-30,Cafe,73403,74370,27066,27066,371851,91,140452,159,46337,47304,4874087,Small
294,2027 Q3,2027-09-30,Cafe,130681,132402,41137,41137,662008,92,214438,146,89544,91265,4874087,Small
294,2027 Q4,2027-12-31,Cafe,107358,109773,36286,36286,548866,92,187953,146,71072,73487,4874087,Small
294,2028 Q1,2028-03-31,Cafe,156421,159451,50166,50166,797254,91,259774,148,106255,109285,4874087,Small
294,2028 Q2,2028-06-30,Cafe,116199,118450,37979,37979,592252,91,197289,146,78220,80471,4874087,Small
294,2028 Q3,2028-09-30,Cafe,136699,136699,41887,41887,683497,92,218453,146,94812,94812,4874087,Small
295,2027 Q2,2027-06-30,Cafe,137994,137994,50486,50486,689971,91,266737,157,87508,87508,4792635,Small
295,2027 Q3,2027-09-30,Cafe,114093,114093,38639,38639,570463,92,204845,148,75454,75454,4792635,Small
295,2027 Q4,2027-12-31,Cafe,86649,86649,30836,30836,433245,92,161920,146,55813,55813,4792635,Small
295,2028 Q1,2028-03-31,Cafe,112041,112041,40209,40209,560205,91,211013,148,71832,71832,4792635,Small
295,2028 Q2,2028-06-30,Cafe,142907,142907,49646,49646,714534,91,262216,148,93261,93261,4792635,Small
295,2028 Q3,2028-09-30,Cafe,105629,105629,35724,35724,528144,92,189342,148,69905,69905,4792635,Small
296,2027 Q2,2027-06-30,Cafe,245163,245163,95864,95864,1225813,91,481900,157,149299,149299,11676037,Large
296,2027 Q3,2027-09-30,Cafe,247745,247745,90880,90880,1238723,92,457003,148,156865,156865,11676037,Large
296,2027 Q4,2027-12-31,Cafe,285850,285850,103059,103059,1429251,92,517880,146,182791,182791,11676037,Large
296,2028 Q1,2028-03-31,Cafe,300686,300686,109241,109241,1503428,91,548877,146,191445,191445,11676037,Large
296,2028 Q2,2028-06-30,Cafe,315277,315277,114626,114626,1576385,91,576271,146,200651,200651,11676037,Large
296,2028 Q3,2028-09-30,Cafe,313740,313740,109717,109717,1568699,92,551807,148,204023,204023,11676037,Large
297,2027 Q2,2027-06-30,Cafe,189607,189607,68482,68482,948035,91,362040,157,121125,121125,7280119,Medium
297,2027 Q3,2027-09-30,Cafe,162880,162880,57882,57882,814401,92,307144,146,104998,104998,7280119,Medium
297,2027 Q4,2027-12-31,Cafe,201992,201992,68104,68104,1009960,92,361082,146,133888,133888,7280119,Medium
297,2028 Q1,2028-03-31,Cafe,174869,174869,61634,61634,874346,91,325276,146,113235,113235,7280119,Medium
297,2028 Q2,2028-06-30,Cafe,186515,186515,64325,64325,932573,91,339830,146,122190,122190,7280119,Medium
297,2028 Q3,2028-09-30,Cafe,146590,146590,51408,51408,732950,92,272482,146,95182,95182,7280119,Medium
298,2027 Q2,2027-06-30,Cafe,61332,92367,32562,32562,461834,91,182300,159,28770,59805,4202594,Small
298,2027 Q3,2027-09-30,Cafe,63789,93532,30825,30825,467659,92,174210,146,32964,62707,4202594,Small
298,2027 Q4,2027-12-31,Cafe,58786,121209,39234,39234,606046,92,219860,146,19552,81975,4202594,Small
298,2028 Q1,2028-03-31,Cafe,73796,115849,38113,38113,579243,91,212284,148,35683,77736,4202594,Small
298,2028 Q2,2028-06-30,Cafe,64673,96097,32161,32161,480486,91,179994,148,32512,63936,4202594,Small
298,2028 Q3,2028-09-30,Cafe,64596,93753,30071,30071,468765,92,169913,146,34525,63682,4202594,Small
299,2027 Q2,2027-06-30,Cafe,205616,205616,73469,73469,1028080,91,386846,157,132147,132147,7705496,Medium
299,2027 Q3,2027-09-30,Cafe,188471,188471,63471,63471,942355,92,335219,146,125000,125000,7705496,Medium
299,2027 Q4,2027-12-31,Cafe,195816,197994,66925,66925,989970,92,350798,146,128891,131069,7705496,Medium
299,2028 Q1,2028-03-31,Cafe,190149,190149,65521,65521,950747,91,342875,148,124628,124628,7705496,Medium
299,2028 Q2,2028-06-30,Cafe,182839,182839,63223,63223,914196,91,332551,146,119616,119616,7705496,Medium
299,2028 Q3,2028-09-30,Cafe,167156,167156,56107,56107,835779,92,296080,148,111049,111049,7705496,Medium
300,2027 Q2,2027-06-30,Cafe,104472,108824,46920,46920,544122,91,234601,157,57552,61904,4498465,Small
300,2027 Q3,2027-09-30,Cafe,125632,130731,50095,50095,653655,92,250477,146,75537,80636,4498465,Small
300,2027 Q4,2027-12-31,Cafe,99749,103797,40778,40778,518985,92,203888,146,58971,63019,4498465,Small
300,2028 Q1,2028-03-31,Cafe,122152,127109,49163,49163,635544,91,245815,146,72989,77946,4498465,Small
300,2028 Q2,2028-06-30,Cafe,78380,79735,33260,33260,398673,91,166300,146,45120,46475,4498465,Small
300,2028 Q3,2028-09-30,Cafe,91614,93009,36272,36272,465046,92,181359,146,55342,56737,4498465,Small
301,2027 Q2,2027-06-30,Cafe,83907,84926,31948,31948,424632,91,160611,157,51959,52978,4039163,Small
301,2027 Q3,2027-09-30,Cafe,84916,86122,30343,30343,430612,92,152598,146,54573,55779,4039163,Small
301,2027 Q4,2027-12-31,Cafe,98485,99681,34705,34705,498404,92,174408,146,63780,64976,4039163,Small
301,2028 Q1,2028-03-31,Cafe,103365,105153,36937,36937,525763,91,185597,146,66428,68216,4039163,Small
301,2028 Q2,2028-06-30,Cafe,108878,110535,38847,38847,552677,91,195311,146,70031,71688,4039163,Small
301,2028 Q3,2028-09-30,Cafe,110255,110255,37234,37234,551273,92,187277,152,73021,73021,4039163,Small
302,2027 Q2,2027-06-30,Cafe,121580,123682,46512,46512,618412,91,245233,157,75068,77170,4401081,Small
302,2027 Q3,2027-09-30,Cafe,106521,109140,37367,37367,545698,92,197668,146,69154,71773,4401081,Small
302,2027 Q4,2027-12-31,Cafe,131647,131647,46752,46752,658236,92,245408,146,84895,84895,4401081,Small
302,2028 Q1,2028-03-31,Cafe,79164,80862,29946,29946,404311,91,156622,146,49218,50916,4401081,Small
302,2028 Q2,2028-06-30,Cafe,92978,94203,34427,34427,471016,91,181198,148,58551,59776,4401081,Small
302,2028 Q3,2028-09-30,Cafe,99120,99120,34359,34358,495601,92,181678,148,64761,64762,4401081,Small
303,2027 Q2,2027-06-30,Cafe,387791,432320,170161,170161,2161602,91,862174,157,217630,262159,18560403,Large
303,2027 Q3,2027-09-30,Cafe,351258,414708,153106,153106,2073540,92,776425,148,198152,261602,18560403,Large
303,2027 Q4,2027-12-31,Cafe,350473,457538,168351,168351,2287688,92,852116,148,182122,289187,18560403,Large
303,2028 Q1,2028-03-31,Cafe,399329,463259,172676,172676,2316296,91,873693,150,226653,290583,18560403,Large
303,2028 Q2,2028-06-30,Cafe,416115,470718,175772,175772,2353592,91,890601,146,240343,294946,18560403,Large
303,2028 Q3,2028-09-30,Cafe,379580,456226,163961,163961,2281128,92,831548,148,215619,292265,18560403,Large
304,2027 Q2,2027-06-30,Cafe,96936,96936,30959,30959,484681,91,172648,157,65977,65977,4619831,Small
304,2027 Q3,2027-09-30,Cafe,99082,99082,29407,29407,495411,92,165420,146,69675,69675,4619831,Small
304,2027 Q4,2027-12-31,Cafe,115485,115485,34173,34173,577426,92,190497,148,81312,81312,4619831,Small
304,2028 Q1,2028-03-31,Cafe,122591,122591,36672,36672,612953,91,203492,146,85919,85919,4619831,Small
304,2028 Q2,2028-06-30,Cafe,129582,129582,38231,38231,647912,91,213788,146,91351,91351,4619831,Small
304,2028 Q3,2028-09-30,Cafe,129910,129910,36501,36501,649552,92,206051,148,93409,93409,4619831,Small
305,2027 Q2,2027-06-30,Cafe,45225,93633,29818,29818,468166,91,157999,157,15407,63815,3367859,Small
305,2027 Q3,2027-09-30,Cafe,54502,116458,35077,35077,582289,92,187203,146,19425,81381,3367859,Small
305,2027 Q4,2027-12-31,Cafe,32274,68377,21062,21062,341883,92,111533,146,11212,47315,3367859,Small
305,2028 Q1,2028-03-31,Cafe,34732,76333,24409,24409,381663,91,129015,146,10323,51924,3367859,Small
305,2028 Q2,2028-06-30,Cafe,66387,93110,28544,28544,465549,91,151154,146,37843,64566,3367859,Small
305,2028 Q3,2028-09-30,Cafe,42310,58439,18720,18720,292193,92,99212,146,23590,39719,3367859,Small
306,2027 Q2,2027-06-30,Cafe,69646,88383,34820,34820,441914,91,176487,157,34826,53563,3901807,Small
306,2027 Q3,2027-09-30,Cafe,66037,85208,31627,31627,426042,92,160433,146,34410,53581,3901807,Small
306,2027 Q4,2027-12-31,Cafe,86864,94830,35020,35020,474148,92,177304,146,51844,59810,3901807,Small
306,2028 Q1,2028-03-31,Cafe,89823,97316,36299,36299,486581,91,183720,146,53524,61017,3901807,Small
306,2028 Q2,2028-06-30,Cafe,78763,100720,37482,37482,503601,91,189991,146,41281,63238,3901807,Small
306,2028 Q3,2028-09-30,Cafe,77870,99962,35828,35828,499809,92,181777,146,42042,64134,3901807,Small
307,2027 Q2,2027-06-30,Cafe,114952,114952,49509,49509,574758,91,250704,157,65443,65443,5825051,Medium
307,2027 Q3,2027-09-30,Cafe,117977,117977,47631,47631,589885,92,241393,150,70346,70346,5825051,Medium
307,2027 Q4,2027-12-31,Cafe,137956,137956,54667,54667,689782,92,276593,146,83289,83289,5825051,Medium
307,2028 Q1,2028-03-31,Cafe,146827,146827,58467,58467,734136,91,295744,148,88360,88360,5825051,Medium
307,2028 Q2,2028-06-30,Cafe,155518,155518,61611,61611,777590,91,312104,146,93907,93907,5825051,Medium
307,2028 Q3,2028-09-30,Cafe,156164,156164,59472,59472,780819,92,301543,146,96692,96692,5825051,Medium
308,2027 Q2,2027-06-30,Cafe,138687,140942,51506,51506,704709,91,268229,157,87181,89436,5266386,Medium
308,2027 Q3,2027-09-30,Cafe,103512,106166,38198,38198,530828,92,199088,146,65314,67968,5266386,Medium
308,2027 Q4,2027-12-31,Cafe,109265,113111,41026,41026,565553,92,212658,146,68239,72085,5266386,Medium
308,2028 Q1,2028-03-31,Cafe,137177,140550,49793,49793,702749,91,258141,148,87384,90757,5266386,Medium
308,2028 Q2,2028-06-30,Cafe,146643,149789,52120,52120,748947,91,271437,148,94523,97669,5266386,Medium
308,2028 Q3,2028-09-30,Cafe,115155,117987,41049,41049,589937,92,214110,148,74106,76938,5266386,Medium
309,2027 Q2,2027-06-30,Cafe,103177,104536,39266,39266,522679,91,197420,157,63911,65270,3838524,Small
309,2027 Q3,2027-09-30,Cafe,89164,90798,32222,32222,453988,92,162049,146,56942,58576,3838524,Small
309,2027 Q4,2027-12-31,Cafe,79564,83052,30091,30091,415261,92,151201,146,49473,52961,3838524,Small
309,2028 Q1,2028-03-31,Cafe,92452,94435,34308,34308,472173,91,172380,146,58144,60127,3838524,Small
309,2028 Q2,2028-06-30,Cafe,103733,105206,37660,37660,526031,91,189337,146,66073,67546,3838524,Small
309,2028 Q3,2028-09-30,Cafe,82948,84988,30039,30039,424940,92,151065,148,52909,54949,3838524,Small
310,2027 Q2,2027-06-30,Cafe,78101,78101,27797,27797,390505,91,146927,157,50304,50304,3629571,Small
310,2027 Q3,2027-09-30,Cafe,67856,67856,23393,23393,339279,92,124098,146,44463,44463,3629571,Small
310,2027 Q4,2027-12-31,Cafe,97205,97205,32180,32180,486027,92,169633,146,65025,65025,3629571,Small
310,2028 Q1,2028-03-31,Cafe,62500,62500,22565,22565,312501,91,118437,146,39935,39935,3629571,Small
310,2028 Q2,2028-06-30,Cafe,67109,67108,23912,23912,335542,91,126348,148,43197,43196,3629571,Small
310,2028 Q3,2028-09-30,Cafe,162575,162575,50106,50106,812877,92,267397,148,112469,112469,3629571,Small
311,2027 Q2,2027-06-30,Cafe,108312,108312,40062,40062,541560,91,219960,157,68250,68250,5141815,Medium
311,2027 Q3,2027-09-30,Cafe,108868,108868,37565,37565,544339,92,207750,146,71303,71303,5141815,Medium
311,2027 Q4,2027-12-31,Cafe,125026,125026,42645,42645,625129,92,234358,148,82381,82381,5141815,Medium
311,2028 Q1,2028-03-31,Cafe,130971,130971,45191,45191,654855,91,247293,146,85780,85780,5141815,Medium
311,2028 Q2,2028-06-30,Cafe,136833,136833,46827,46827,684166,91,257688,146,90006,90006,5141815,Medium
311,2028 Q3,2028-09-30,Cafe,135727,135727,44360,44360,678635,92,246082,146,91367,91367,5141815,Medium
312,2027 Q2,2027-06-30,Cafe,110959,112993,44376,44376,564966,91,235082,157,66583,68617,4364905,Small
312,2027 Q3,2027-09-30,Cafe,102564,103705,38262,38262,518527,92,203614,146,64302,65443,4364905,Small
312,2027 Q4,2027-12-31,Cafe,107123,109087,40230,40230,545434,92,213590,146,66893,68857,4364905,Small
312,2028 Q1,2028-03-31,Cafe,103329,104902,39507,39507,524512,91,208957,148,63822,65395,4364905,Small
312,2028 Q2,2028-06-30,Cafe,99485,101000,38279,38279,505001,91,202612,146,61206,62721,4364905,Small
312,2028 Q3,2028-09-30,Cafe,91070,92457,33914,33914,462287,92,180323,146,57156,58543,4364905,Small
313,2027 Q2,2027-06-30,Cafe,91818,104815,37031,37031,524077,91,202539,157,54787,67784,4444253,Small
313,2027 Q3,2027-09-30,Cafe,92541,106003,35506,35506,530016,92,195901,146,57035,70497,4444253,Small
313,2027 Q4,2027-12-31,Cafe,62483,71246,25738,25738,356228,92,140245,146,36745,45508,4444253,Small
313,2028 Q1,2028-03-31,Cafe,67408,77214,27973,27973,386068,91,151849,150,39435,49241,4444253,Small
313,2028 Q2,2028-06-30,Cafe,164962,191371,63501,63501,956855,91,349009,146,101461,127870,4444253,Small
313,2028 Q3,2028-09-30,Cafe,83612,96106,31020,31020,480531,92,170935,146,52592,65086,4444253,Small
314,2027 Q2,2027-06-30,Cafe,110230,112136,41390,41390,560680,91,214810,157,68840,70746,4321060,Small
314,2027 Q3,2027-09-30,Cafe,103722,103722,36128,36128,518612,92,187902,146,67594,67594,4321060,Small
314,2027 Q4,2027-12-31,Cafe,110006,110006,38466,38466,550028,92,198969,146,71540,71540,4321060,Small
314,2028 Q1,2028-03-31,Cafe,105007,106714,37924,37924,533571,91,195953,146,67083,68790,4321060,Small
314,2028 Q2,2028-06-30,Cafe,103679,103679,36843,36843,518397,91,191102,146,66836,66836,4321060,Small
314,2028 Q3,2028-09-30,Cafe,95829,95829,33062,33062,479144,92,171892,150,62767,62767,4321060,Small
315,2027 Q2,2027-06-30,Cafe,61067,92807,33521,33521,464037,91,174643,157,27546,59286,3937786,Small
315,2027 Q3,2027-09-30,Cafe,70962,88702,30151,30151,443509,92,157475,146,40811,58551,3937786,Small
315,2027 Q4,2027-12-31,Cafe,62768,97770,33191,33191,488850,92,172342,146,29577,64579,3937786,Small
315,2028 Q1,2028-03-31,Cafe,51550,99325,34128,34128,496625,91,177019,146,17422,65197,3937786,Small
315,2028 Q2,2028-06-30,Cafe,69738,101808,34836,34836,509041,91,181508,146,34902,66972,3937786,Small
315,2028 Q3,2028-09-30,Cafe,77189,100115,32946,32946,500577,92,172160,146,44243,67169,3937786,Small
316,2027 Q2,2027-06-30,Cafe,109579,110798,44652,44652,553989,91,223260,157,64927,66146,3799845,Small
316,2027 Q3,2027-09-30,Cafe,52143,52143,22433,22433,260714,92,112167,146,29710,29710,3799845,Small
316,2027 Q4,2027-12-31,Cafe,59396,59396,25205,25205,296981,92,126026,146,34191,34191,3799845,Small
316,2028 Q1,2028-03-31,Cafe,164644,164644,64060,64059,823219,91,320297,148,100584,100585,3799845,Small
316,2028 Q2,2028-06-30,Cafe,86370,86370,33429,33429,431849,91,167147,146,52941,52941,3799845,Small
316,2028 Q3,2028-09-30,Cafe,68899,68899,27940,27940,344495,92,139701,146,40959,40959,3799845,Small
317,2027 Q2,2027-06-30,Cafe,119211,121396,44925,44925,606978,91,237219,157,74286,76471,5452229,Medium
317,2027 Q3,2027-09-30,Cafe,83309,84836,31319,31319,424178,92,165382,146,51990,53517,5452229,Medium
317,2027 Q4,2027-12-31,Cafe,140257,145646,52051,52051,728232,92,274145,146,88206,93595,5452229,Medium
317,2028 Q1,2028-03-31,Cafe,215041,218316,70871,70871,1091581,91,373402,146,144170,147445,5452229,Medium
317,2028 Q2,2028-06-30,Cafe,72282,73457,28799,28799,367287,91,151272,146,43483,44658,5452229,Medium
317,2028 Q3,2028-09-30,Cafe,148399,152204,51130,51130,761018,92,271535,146,97269,101074,5452229,Medium
318,2027 Q2,2027-06-30,Cafe,196184,307981,116485,116485,1539906,91,614549,157,79699,191496,15533421,Large
318,2027 Q3,2027-09-30,Cafe,201528,318369,113096,113096,1591847,92,599551,148,88432,205273,15533421,Large
318,2027 Q4,2027-12-31,Cafe,310901,486543,167464,167464,2432714,92,888334,146,143437,319079,15533421,Large
318,2028 Q1,2028-03-31,Cafe,285602,446952,151695,151695,2234758,91,801538,146,133907,295257,15533421,Large
318,2028 Q2,2028-06-30,Cafe,167454,264541,99088,99088,1322704,91,522225,148,68366,165453,15533421,Large
318,2028 Q3,2028-09-30,Cafe,277673,440052,147810,147810,2200260,92,785035,146,129863,292242,15533421,Large
319,2027 Q2,2027-06-30,Cafe,221510,221510,88703,88703,1107551,91,443515,157,132807,132807,8409411,Large
319,2027 Q3,2027-09-30,Cafe,199714,202550,77595,77595,1012749,92,387977,146,122119,124955,8409411,Large
319,2027 Q4,2027-12-31,Cafe,212197,212197,80869,80869,1060983,92,404346,146,131328,131328,8409411,Large
319,2028 Q1,2028-03-31,Cafe,200099,203146,78818,78818,1015730,91,394090,146,121281,124328,8409411,Large
319,2028 Q2,2028-06-30,Cafe,194652,194651,76207,76207,973257,91,381034,146,118445,118444,8409411,Large
319,2028 Q3,2028-09-30,Cafe,175120,177247,68389,68389,886236,92,341943,146,106731,108858,8409411,Large
320,2027 Q2,2027-06-30,Cafe,94332,96061,36501,36501,480305,91,189565,157,57831,59560,3610266,Small
320,2027 Q3,2027-09-30,Cafe,86397,87713,31456,31456,438566,92,163724,146,54941,56257,3610266,Small
320,2027 Q4,2027-12-31,Cafe,90106,91758,33036,33036,458792,92,170990,146,57070,58722,3610266,Small
320,2028 Q1,2028-03-31,Cafe,85348,87716,32166,32166,438582,91,166288,146,53182,55550,3610266,Small
320,2028 Q2,2028-06-30,Cafe,81745,83927,30874,30874,419634,91,160217,146,50871,53053,3610266,Small
320,2028 Q3,2028-09-30,Cafe,74250,76310,27310,27310,381552,92,142051,148,46940,49000,3610266,Small
321,2027 Q2,2027-06-30,Cafe,82376,82376,35370,35370,411882,91,176848,157,47006,47006,3524537,Small
321,2027 Q3,2027-09-30,Cafe,78549,78549,31891,31891,392745,92,159457,146,46658,46658,3524537,Small
321,2027 Q4,2027-12-31,Cafe,85881,85881,34491,34491,429405,92,172453,146,51390,51390,3524537,Small
321,2028 Q1,2028-03-31,Cafe,84697,85900,34935,34935,429500,91,174674,148,49762,50965,3524537,Small
321,2028 Q2,2028-06-30,Cafe,86002,86002,35124,35124,430009,91,175622,146,50878,50878,3524537,Small
321,2028 Q3,2028-09-30,Cafe,81929,81929,32460,32459,409645,92,162297,148,49469,49470,3524537,Small
322,2027 Q2,2027-06-30,Cafe,189697,189697,67981,67981,948485,91,357048,157,121716,121716,8272223,Large
322,2027 Q3,2027-09-30,Cafe,185246,185246,62662,62661,926232,92,330023,146,122584,122585,8272223,Large
322,2027 Q4,2027-12-31,Cafe,207185,207185,69633,69633,1035926,92,364271,146,137552,137552,8272223,Large
322,2028 Q1,2028-03-31,Cafe,209453,211783,71827,71827,1058916,91,375325,148,137626,139956,8272223,Large
322,2028 Q2,2028-06-30,Cafe,216391,216391,72814,72814,1081956,91,382601,146,143577,143577,8272223,Large
322,2028 Q3,2028-09-30,Cafe,210215,210215,68359,68359,1051076,92,360364,146,141856,141856,8272223,Large
323,2027 Q2,2027-06-30,Cafe,101292,120157,43048,43048,600786,91,215241,157,58244,77109,4416797,Small
323,2027 Q3,2027-09-30,Cafe,135277,160852,49777,49777,804260,92,248886,148,85500,111075,4416797,Small
323,2027 Q4,2027-12-31,Cafe,51063,60573,20921,20921,302865,92,104603,146,30142,39652,4416797,Small
323,2028 Q1,2028-03-31,Cafe,103153,122075,40884,40884,610374,91,204419,146,62269,81191,4416797,Small
323,2028 Q2,2028-06-30,Cafe,107250,127679,41960,41960,638393,91,209799,146,65290,85719,4416797,Small
323,2028 Q3,2028-09-30,Cafe,60508,71607,23827,23827,358034,92,119137,146,36681,47780,4416797,Small
324,2027 Q2,2027-06-30,Cafe,90762,118954,39636,39636,594770,91,212626,157,51126,79318,4452126,Small
324,2027 Q3,2027-09-30,Cafe,82665,109635,34132,34132,548177,92,184156,146,48533,75503,4452126,Small
324,2027 Q4,2027-12-31,Cafe,86982,115822,36096,36096,579112,92,194018,150,50886,79726,4452126,Small
324,2028 Q1,2028-03-31,Cafe,84690,111876,35611,35611,559379,91,190577,146,49079,76265,4452126,Small
324,2028 Q2,2028-06-30,Cafe,80716,108197,34620,34620,540987,91,185587,150,46096,73577,4452126,Small
324,2028 Q3,2028-09-30,Cafe,86768,99506,30641,30641,497528,92,165209,146,56127,68865,4452126,Small
325,2027 Q2,2027-06-30,Cafe,144429,172555,59933,59933,862773,91,304022,157,84496,112622,4436769,Small
325,2027 Q3,2027-09-30,Cafe,67161,80144,26159,26159,400720,92,132680,146,41002,53985,4436769,Small
325,2027 Q4,2027-12-31,Cafe,79594,95896,34202,34202,479479,92,173178,146,45392,61694,4436769,Small
325,2028 Q1,2028-03-31,Cafe,114317,138064,46107,46107,690318,91,233451,148,68210,91957,4436769,Small
325,2028 Q2,2028-06-30,Cafe,83982,99978,33731,33731,499888,91,170952,148,50251,66247,4436769,Small
325,2028 Q3,2028-09-30,Cafe,60561,72269,25239,25239,361345,92,127963,146,35322,47030,4436769,Small
326,2027 Q2,2027-06-30,Cafe,71210,72221,23903,23903,361107,91,126150,157,47307,48318,3532163,Small
326,2027 Q3,2027-09-30,Cafe,93516,94652,28485,28485,473258,92,151065,146,65031,66167,3532163,Small
326,2027 Q4,2027-12-31,Cafe,116561,118698,34824,34824,593488,92,183326,146,81737,83874,3532163,Small
326,2028 Q1,2028-03-31,Cafe,91444,92647,28011,28011,463237,91,147069,146,63433,64636,3532163,Small
326,2028 Q2,2028-06-30,Cafe,69853,70845,22306,22306,354224,91,117631,148,47547,48539,3532163,Small
326,2028 Q3,2028-09-30,Cafe,83643,85525,25282,25282,427626,92,133982,148,58361,60243,3532163,Small
327,2027 Q2,2027-06-30,Cafe,74526,89790,31935,31935,448950,91,165694,157,42591,57855,4115148,Small
327,2027 Q3,2027-09-30,Cafe,73909,89804,29910,29910,449022,92,155555,146,43999,59894,4115148,Small
327,2027 Q4,2027-12-31,Cafe,85127,102686,33966,33966,513429,92,175748,148,51161,68720,4115148,Small
327,2028 Q1,2028-03-31,Cafe,88832,107156,35795,35795,535779,91,185048,146,53037,71361,4115148,Small
327,2028 Q2,2028-06-30,Cafe,93057,111579,37137,37137,557893,91,192769,148,55920,74442,4115148,Small
327,2028 Q3,2028-09-30,Cafe,91256,110346,35262,35262,551732,92,183529,146,55994,75084,4115148,Small
328,2027 Q2,2027-06-30,Cafe,106360,108089,42356,42356,540443,91,211780,157,64004,65733,5247190,Medium
328,2027 Q3,2027-09-30,Cafe,108735,110278,40597,40597,551392,92,202984,146,68138,69681,5247190,Medium
328,2027 Q4,2027-12-31,Cafe,126764,128304,46127,46127,641522,92,230634,146,80637,82177,5247190,Medium
328,2028 Q1,2028-03-31,Cafe,134462,135958,49086,49086,679788,91,245432,146,85376,86872,5247190,Medium
328,2028 Q2,2028-06-30,Cafe,141745,143467,51730,51730,717335,91,258652,148,90015,91737,5247190,Medium
328,2028 Q3,2028-09-30,Cafe,141146,143587,49859,49859,717933,92,249295,146,91287,93728,5247190,Medium
329,2027 Q2,2027-06-30,Cafe,113149,113149,46676,46676,565745,91,241513,157,66473,66473,5143629,Medium
329,2027 Q3,2027-09-30,Cafe,110881,110881,43219,43219,554404,92,224055,146,67662,67662,5143629,Medium
329,2027 Q4,2027-12-31,Cafe,124411,124411,47746,47746,622057,92,246427,146,76665,76665,5143629,Medium
329,2028 Q1,2028-03-31,Cafe,127552,127552,49381,49381,637760,91,254660,146,78171,78171,5143629,Medium
329,2028 Q2,2028-06-30,Cafe,130680,130680,50415,50415,653400,91,260975,146,80265,80265,5143629,Medium
329,2028 Q3,2028-09-30,Cafe,127271,127271,47468,47468,636354,92,246279,146,79803,79803,5143629,Medium
330,2027 Q2,2027-06-30,Cafe,83418,83418,35986,35986,417088,91,186747,157,47432,47432,3913864,Small
330,2027 Q3,2027-09-30,Cafe,81466,81466,33009,33009,407332,92,171696,146,48457,48457,3913864,Small
330,2027 Q4,2027-12-31,Cafe,91863,91863,37202,37202,459314,92,192470,146,54661,54661,3913864,Small
330,2028 Q1,2028-03-31,Cafe,95358,95358,38999,38999,476790,91,201590,146,56359,56359,3913864,Small
330,2028 Q2,2028-06-30,Cafe,99406,99406,40364,40364,497031,91,209524,146,59042,59042,3913864,Small
330,2028 Q3,2028-09-30,Cafe,96874,98750,38528,38528,493752,92,200530,146,58346,60222,3913864,Small
331,2027 Q2,2027-06-30,Cafe,107193,107193,35937,35937,535964,91,187639,157,71256,71256,4770536,Small
331,2027 Q3,2027-09-30,Cafe,104535,104535,32804,32804,522675,92,171771,146,71731,71731,4770536,Small
331,2027 Q4,2027-12-31,Cafe,118244,118244,37064,37064,591218,92,192874,146,81180,81180,4770536,Small
331,2028 Q1,2028-03-31,Cafe,123873,123873,39285,39285,619365,91,204212,146,84588,84588,4770536,Small
331,2028 Q2,2028-06-30,Cafe,131067,131067,41373,41373,655336,91,216100,146,89694,89694,4770536,Small
331,2028 Q3,2028-09-30,Cafe,132701,132702,40050,40050,663508,92,209874,146,92651,92652,4770536,Small
332,2027 Q2,2027-06-30,Cafe,145139,166253,64497,64497,831263,91,326748,157,80642,101756,7075083,Medium
332,2027 Q3,2027-09-30,Cafe,139205,159091,58361,58361,795457,92,295879,146,80844,100730,7075083,Medium
332,2027 Q4,2027-12-31,Cafe,155494,175106,63688,63688,875528,92,322306,146,91806,111418,7075083,Medium
332,2028 Q1,2028-03-31,Cafe,155511,176918,65075,65075,884592,91,329216,146,90436,111843,7075083,Medium
332,2028 Q2,2028-06-30,Cafe,158476,179475,65989,65989,897377,91,334311,146,92487,113486,7075083,Medium
332,2028 Q3,2028-09-30,Cafe,153969,173780,61829,61829,868900,92,313506,146,92140,111951,7075083,Medium
333,2027 Q2,2027-06-30,Cafe,88725,88725,32010,32010,443626,91,179529,157,56715,56715,3570717,Small
333,2027 Q3,2027-09-30,Cafe,83093,83093,27935,27935,415464,92,158075,150,55158,55158,3570717,Small
333,2027 Q4,2027-12-31,Cafe,89228,89228,30148,30148,446140,92,168896,148,59080,59080,3570717,Small
333,2028 Q1,2028-03-31,Cafe,87647,87647,30266,30266,438236,91,168555,148,57381,57381,3570717,Small
333,2028 Q2,2028-06-30,Cafe,86207,86207,29779,29779,431033,91,166863,148,56428,56428,3570717,Small
333,2028 Q3,2028-09-30,Cafe,80670,80670,26689,26690,403348,92,150952,148,53981,53980,3570717,Small
334,2027 Q2,2027-06-30,Cafe,75190,84011,32262,32262,420053,91,164345,157,42928,51749,3132894,Small
334,2027 Q3,2027-09-30,Cafe,68057,76554,27852,27852,382768,92,142024,146,40205,48702,3132894,Small
334,2027 Q4,2027-12-31,Cafe,71185,79893,29096,29096,399463,92,147968,148,42089,50797,3132894,Small
334,2028 Q1,2028-03-31,Cafe,68086,76159,28217,28217,380796,91,143415,146,39869,47942,3132894,Small
334,2028 Q2,2028-06-30,Cafe,65084,72637,27059,27059,363187,91,137780,148,38025,45578,3132894,Small
334,2028 Q3,2028-09-30,Cafe,57972,65802,23950,23950,329012,92,122083,146,34022,41852,3132894,Small
335,2027 Q2,2027-06-30,Cafe,65859,125445,44287,44287,627223,91,229403,157,21572,81158,3952688,Small
335,2027 Q3,2027-09-30,Cafe,36017,72323,25160,25160,361613,92,130328,146,10857,47163,3952688,Small
335,2027 Q4,2027-12-31,Cafe,37268,73506,27107,27107,367529,92,139701,146,10161,46399,3952688,Small
335,2028 Q1,2028-03-31,Cafe,83202,159391,53488,53488,796953,91,276124,146,29714,105903,3952688,Small
335,2028 Q2,2028-06-30,Cafe,36448,69292,24553,24553,346461,91,126751,146,11895,44739,3952688,Small
335,2028 Q3,2028-09-30,Cafe,42198,80839,28251,28251,404195,92,146407,146,13947,52588,3952688,Small
336,2027 Q2,2027-06-30,Cafe,103045,104614,37012,37012,523068,91,195456,159,66033,67602,3670106,Small
336,2027 Q3,2027-09-30,Cafe,58620,59573,21142,21142,297863,92,111714,146,37478,38431,3670106,Small
336,2027 Q4,2027-12-31,Cafe,104160,105425,35826,35826,527123,92,189836,148,68334,69599,3670106,Small
336,2028 Q1,2028-03-31,Cafe,122167,123902,40460,40460,619510,91,213827,146,81707,83442,3670106,Small
336,2028 Q2,2028-06-30,Cafe,69457,70230,25698,25698,351151,91,135425,148,43759,44532,3670106,Small
336,2028 Q3,2028-09-30,Cafe,73333,74677,24888,24888,373385,92,131748,146,48445,49789,3670106,Small
337,2027 Q2,2027-06-30,Cafe,130843,133513,55024,55024,667565,91,275122,157,75819,78489,5923067,Medium
337,2027 Q3,2027-09-30,Cafe,126768,128568,50279,50279,642838,92,251397,146,76489,78289,5923067,Medium
337,2027 Q4,2027-12-31,Cafe,140735,142878,55171,55171,714391,92,275857,146,85564,87707,5923067,Medium
337,2028 Q1,2028-03-31,Cafe,142714,146373,56989,56989,731866,91,284943,146,85725,89384,5923067,Medium
337,2028 Q2,2028-06-30,Cafe,147730,151208,58658,58658,756041,91,293288,146,89072,92550,5923067,Medium
337,2028 Q3,2028-09-30,Cafe,149773,149773,56179,56179,748865,92,280894,148,93594,93594,5923067,Medium
338,2027 Q2,2027-06-30,Cafe,82720,94970,36352,36352,474852,91,188850,159,46368,58618,4145269,Small
338,2027 Q3,2027-09-30,Cafe,77631,91546,32898,32898,457731,92,171320,146,44733,58648,4145269,Small
338,2027 Q4,2027-12-31,Cafe,76031,101646,36442,36442,508232,92,188746,146,39589,65204,4145269,Small
338,2028 Q1,2028-03-31,Cafe,86419,103744,37646,37646,518719,91,194790,146,48773,66098,4145269,Small
338,2028 Q2,2028-06-30,Cafe,89053,106396,38519,38519,531980,91,200133,146,50534,67877,4145269,Small
338,2028 Q3,2028-09-30,Cafe,90863,104201,36260,36260,521004,92,188912,148,54603,67941,4145269,Small
339,2027 Q2,2027-06-30,Cafe,106400,108905,37935,37935,544526,91,193327,163,68465,70970,4500520,Small
339,2027 Q3,2027-09-30,Cafe,103431,104581,34343,34343,522906,92,175219,146,69088,70238,4500520,Small
339,2027 Q4,2027-12-31,Cafe,111905,115129,37599,37599,575647,92,191316,146,74306,77530,4500520,Small
339,2028 Q1,2028-03-31,Cafe,113377,115927,38310,38310,579635,91,194839,146,75067,77617,4500520,Small
339,2028 Q2,2028-06-30,Cafe,114937,116806,38590,38590,584028,91,196662,146,76347,78216,4500520,Small
339,2028 Q3,2028-09-30,Cafe,109394,111969,35780,35780,559845,92,182570,146,73614,76189,4500520,Small
340,2027 Q2,2027-06-30,Cafe,88506,90037,32295,32295,450187,91,163768,157,56211,57742,3976898,Small
340,2027 Q3,2027-09-30,Cafe,88730,88730,29962,29962,443649,92,152062,146,58768,58768,3976898,Small
340,2027 Q4,2027-12-31,Cafe,98913,100114,33428,33428,500570,92,169330,146,65485,66686,3976898,Small
340,2028 Q1,2028-03-31,Cafe,103214,103214,34785,34785,516070,91,176144,146,68429,68429,3976898,Small
340,2028 Q2,2028-06-30,Cafe,106321,106321,35769,35769,531603,91,181408,146,70552,70552,3976898,Small
340,2028 Q3,2028-09-30,Cafe,102445,104111,33793,33793,520555,92,171552,148,68652,70318,3976898,Small
341,2027 Q2,2027-06-30,Cafe,84822,130095,42698,42698,650477,91,227003,157,42124,87397,4505065,Small
341,2027 Q3,2027-09-30,Cafe,78371,100605,31497,31497,503025,92,168040,148,46874,69108,4505065,Small
341,2027 Q4,2027-12-31,Cafe,58220,89570,28872,28872,447852,92,153524,146,29348,60698,4505065,Small
341,2028 Q1,2028-03-31,Cafe,55009,104779,33904,33904,523897,91,179818,146,21105,70875,4505065,Small
341,2028 Q2,2028-06-30,Cafe,84191,129724,40956,40956,648618,91,217708,146,43235,88768,4505065,Small
341,2028 Q3,2028-09-30,Cafe,93759,118532,36027,36027,592662,92,192441,146,57732,82505,4505065,Small
342,2027 Q2,2027-06-30,Cafe,77628,80862,28899,28899,404311,91,151682,157,48729,51963,2932114,Small
342,2027 Q3,2027-09-30,Cafe,70119,73193,24729,24729,365966,92,130264,148,45390,48464,2932114,Small
342,2027 Q4,2027-12-31,Cafe,72804,75838,25654,25654,379192,92,134936,148,47150,50184,2932114,Small
342,2028 Q1,2028-03-31,Cafe,68578,71734,24821,24821,358670,91,130111,148,43757,46913,2932114,Small
342,2028 Q2,2028-06-30,Cafe,66836,67854,23658,23658,339272,91,124026,148,43178,44196,2932114,Small
342,2028 Q3,2028-09-30,Cafe,59882,60918,20738,20738,304591,92,109093,146,39144,40180,2932114,Small
343,2027 Q2,2027-06-30,Cafe,181404,239636,77175,77175,1198178,91,425443,157,104229,162461,7177558,Medium
343,2027 Q3,2027-09-30,Cafe,135634,180845,53790,53790,904224,92,297688,146,81844,127055,7177558,Medium
343,2027 Q4,2027-12-31,Cafe,132895,174632,54760,54760,873162,92,300641,146,78135,119872,7177558,Medium
343,2028 Q1,2028-03-31,Cafe,122300,162850,52550,52550,814252,91,286840,146,69750,110300,7177558,Medium
343,2028 Q2,2028-06-30,Cafe,110743,144762,46728,46728,723809,91,255564,146,64015,98034,7177558,Medium
343,2028 Q3,2028-09-30,Cafe,125207,163669,50581,50581,818347,92,279410,146,74626,113088,7177558,Medium
344,2027 Q2,2027-06-30,Cafe,52191,85280,33401,33401,426401,91,174279,157,18790,51879,4180022,Small
344,2027 Q3,2027-09-30,Cafe,53766,86859,31853,31853,434294,92,166657,146,21913,55006,4180022,Small
344,2027 Q4,2027-12-31,Cafe,61968,100925,36674,36674,504623,92,190772,146,25294,64251,4180022,Small
344,2028 Q1,2028-03-31,Cafe,66241,106840,39085,39085,534201,91,203128,146,27156,67755,4180022,Small
344,2028 Q2,2028-06-30,Cafe,69964,112663,40850,40850,563315,91,213349,146,29114,71813,4180022,Small
344,2028 Q3,2028-09-30,Cafe,69989,112703,39222,39222,563516,92,205487,146,30767,73481,4180022,Small
345,2027 Q2,2027-06-30,Cafe,90945,92050,33527,33527,460250,91,167635,157,57418,58523,3185793,Small
345,2027 Q3,2027-09-30,Cafe,81149,82052,28533,28533,410260,92,142666,146,52616,53519,3185793,Small
345,2027 Q4,2027-12-31,Cafe,82587,83590,29026,29026,417950,92,145130,146,53561,54564,3185793,Small
345,2028 Q1,2028-03-31,Cafe,77585,77585,27533,27533,387925,91,137667,148,50052,50052,3185793,Small
345,2028 Q2,2028-06-30,Cafe,71884,71884,25875,25875,359420,91,129374,146,46009,46009,3185793,Small
345,2028 Q3,2028-09-30,Cafe,62349,63042,22462,22462,315208,92,112308,146,39887,40580,3185793,Small
346,2027 Q2,2027-06-30,Cafe,70658,84926,31576,31576,424628,91,158679,157,39082,53350,3793246,Small
346,2027 Q3,2027-09-30,Cafe,87709,93506,32717,32717,467530,92,164482,146,54992,60789,3793246,Small
346,2027 Q4,2027-12-31,Cafe,72586,84698,30202,30202,423492,92,151721,146,42384,54496,3793246,Small
346,2028 Q1,2028-03-31,Cafe,58770,78465,27976,27976,392323,91,140508,146,30794,50489,3793246,Small
346,2028 Q2,2028-06-30,Cafe,80568,97070,35116,35116,485351,91,176497,146,45452,61954,3793246,Small
346,2028 Q3,2028-09-30,Cafe,112133,121225,40154,40154,606126,92,201909,146,71979,81071,3793246,Small
347,2027 Q2,2027-06-30,Cafe,65232,65232,24733,24733,326162,91,130435,157,40499,40499,3569804,Small
347,2027 Q3,2027-09-30,Cafe,91386,92684,32327,32327,463419,92,171535,148,59059,60357,3569804,Small
347,2027 Q4,2027-12-31,Cafe,72056,73005,25536,25536,365026,92,134173,146,46520,47469,3569804,Small
347,2028 Q1,2028-03-31,Cafe,62092,62092,22539,22539,310461,91,118145,146,39553,39553,3569804,Small
347,2028 Q2,2028-06-30,Cafe,111249,113173,40024,40024,565866,91,211741,146,71225,73149,3569804,Small
347,2028 Q3,2028-09-30,Cafe,111842,114592,37630,37630,572959,92,199882,148,74212,76962,3569804,Small
348,2027 Q2,2027-06-30,Cafe,114217,114217,43508,43508,571083,91,217540,159,70709,70709,4012326,Small
348,2027 Q3,2027-09-30,Cafe,102029,102029,36720,36720,510146,92,183600,146,65309,65309,4012326,Small
348,2027 Q4,2027-12-31,Cafe,104210,104210,37366,37366,521048,92,186829,146,66844,66844,4012326,Small
348,2028 Q1,2028-03-31,Cafe,95764,97025,35463,35463,485124,91,177315,146,60301,61562,4012326,Small
348,2028 Q2,2028-06-30,Cafe,90226,90226,33431,33431,451128,91,167155,146,56795,56795,4012326,Small
348,2028 Q3,2028-09-30,Cafe,79479,79479,28793,28793,397395,92,143963,146,50686,50686,4012326,Small
349,2027 Q2,2027-06-30,Cafe,117756,119428,46793,46793,597138,91,233965,159,70963,72635,5103867,Medium
349,2027 Q3,2027-09-30,Cafe,115086,115086,42821,42821,575428,92,214103,146,72265,72265,5103867,Medium
349,2027 Q4,2027-12-31,Cafe,127105,127105,46450,46450,635527,92,232250,146,80655,80655,5103867,Medium
349,2028 Q1,2028-03-31,Cafe,128377,128377,47378,47378,641883,91,236891,148,80999,80999,5103867,Medium
349,2028 Q2,2028-06-30,Cafe,129710,129710,48049,48049,648552,91,240246,146,81661,81661,5103867,Medium
349,2028 Q3,2028-09-30,Cafe,124665,124665,44912,44912,623324,92,224560,146,79753,79753,5103867,Medium
350,2027 Q2,2027-06-30,Cafe,71866,72738,28530,28530,363692,91,148979,159,43336,44208,3679899,Small
350,2027 Q3,2027-09-30,Cafe,77603,78546,29169,29169,392731,92,152817,146,48434,49377,3679899,Small
350,2027 Q4,2027-12-31,Cafe,117206,119112,42095,42095,595558,92,219452,146,75111,77017,3679899,Small
350,2028 Q1,2028-03-31,Cafe,101037,102576,36735,36735,512879,91,191165,148,64302,65841,3679899,Small
350,2028 Q2,2028-06-30,Cafe,71032,72041,27096,27096,360205,91,141451,146,43936,44945,3679899,Small
350,2028 Q3,2028-09-30,Cafe,86058,87635,31060,31060,438175,92,162795,148,54998,56575,3679899,Small
351,2027 Q2,2027-06-30,Cafe,154432,156308,65516,65516,781539,91,327581,159,88916,90792,7110743,Medium
351,2027 Q3,2027-09-30,Cafe,151035,153491,60568,60568,767456,92,302841,146,90467,92923,7110743,Medium
351,2027 Q4,2027-12-31,Cafe,169636,172570,67447,67447,862851,92,337233,146,102189,105123,7110743,Medium
351,2028 Q1,2028-03-31,Cafe,174444,177280,69949,69949,886399,91,349743,146,104495,107331,7110743,Medium
351,2028 Q2,2028-06-30,Cafe,179065,181977,71808,71808,909886,91,359040,146,107257,110169,7110743,Medium
351,2028 Q3,2028-09-30,Cafe,174727,177568,67667,67667,887841,92,338333,146,107060,109901,7110743,Medium
352,2027 Q2,2027-06-30,Cafe,246217,246217,97984,97984,1231086,91,489918,157,148233,148233,11740645,Large
352,2027 Q3,2027-09-30,Cafe,248425,248425,92890,92890,1242127,92,464452,148,155535,155535,11740645,Large
352,2027 Q4,2027-12-31,Cafe,286310,286310,105514,105514,1431550,92,527570,148,180796,180796,11740645,Large
352,2028 Q1,2028-03-31,Cafe,300929,300929,111697,111697,1504643,91,558483,146,189232,189232,11740645,Large
352,2028 Q2,2028-06-30,Cafe,315373,315373,116941,116941,1576864,91,584704,146,198432,198432,11740645,Large
352,2028 Q3,2028-09-30,Cafe,313751,313751,112099,112099,1568755,92,560493,146,201652,201652,11740645,Large
353,2027 Q2,2027-06-30,Cafe,210146,213563,74093,74093,1067815,91,411627,157,136053,139470,8063134,Large
353,2027 Q3,2027-09-30,Cafe,192017,195736,64057,64057,978680,92,358319,146,127960,131679,8063134,Large
353,2027 Q4,2027-12-31,Cafe,200249,205594,67844,67844,1027970,92,375824,146,132405,137750,8063134,Large
353,2028 Q1,2028-03-31,Cafe,192470,197405,66690,66690,987027,91,367430,146,125780,130715,8063134,Large
353,2028 Q2,2028-06-30,Cafe,185019,189763,64070,64070,948817,91,355069,146,120949,125693,8063134,Large
353,2028 Q3,2028-09-30,Cafe,169089,173425,56877,56877,867123,92,317433,146,112212,116548,8063134,Large
354,2027 Q2,2027-06-30,Cafe,178655,178655,68790,68790,893273,91,348551,157,109865,109865,6468745,Medium
354,2027 Q3,2027-09-30,Cafe,160949,160949,58892,58892,804743,92,298606,146,102057,102057,6468745,Medium
354,2027 Q4,2027-12-31,Cafe,165898,165898,60683,60683,829488,92,307093,148,105215,105215,6468745,Medium
354,2028 Q1,2028-03-31,Cafe,156009,156009,58247,58247,780044,91,294639,148,97762,97762,6468745,Medium
354,2028 Q2,2028-06-30,Cafe,146637,146637,55306,55306,733186,91,280110,146,91331,91331,6468745,Medium
354,2028 Q3,2028-09-30,Cafe,130711,130711,48430,48430,653555,92,245457,146,82281,82281,6468745,Medium
355,2027 Q2,2027-06-30,Cafe,312148,350728,107230,107230,1753640,91,593938,157,204918,243498,14296474,Large
355,2027 Q3,2027-09-30,Cafe,281421,336628,96267,96267,1683140,92,537317,146,185154,240361,14296474,Large
355,2027 Q4,2027-12-31,Cafe,284424,370344,105594,105594,1851720,92,584874,148,178830,264750,14296474,Large
355,2028 Q1,2028-03-31,Cafe,327913,372628,108196,108196,1863140,91,596190,148,219717,264432,14296474,Large
355,2028 Q2,2028-06-30,Cafe,336119,375133,108782,108783,1875665,91,602598,146,227337,266350,14296474,Large
355,2028 Q3,2028-09-30,Cafe,296745,359255,99898,99898,1796275,92,557977,148,196847,259357,14296474,Large
356,2027 Q2,2027-06-30,Cafe,60187,61290,25053,25053,306449,91,129762,157,35134,36237,3556714,Small
356,2027 Q3,2027-09-30,Cafe,99077,100484,37155,37155,502420,92,193338,146,61922,63329,3556714,Small
356,2027 Q4,2027-12-31,Cafe,97613,101363,36159,36159,506815,92,187083,146,61454,65204,3556714,Small
356,2028 Q1,2028-03-31,Cafe,86403,88166,33189,33189,440831,91,171490,146,53214,54977,3556714,Small
356,2028 Q2,2028-06-30,Cafe,73547,74667,28118,28118,373335,91,145692,146,45429,46549,3556714,Small
356,2028 Q3,2028-09-30,Cafe,85608,87000,31636,31636,434999,92,164500,146,53972,55364,3556714,Small
357,2027 Q2,2027-06-30,Cafe,105802,105802,38097,38097,529008,91,192939,157,67705,67705,3741053,Small
357,2027 Q3,2027-09-30,Cafe,95119,95119,32453,32453,475594,92,164470,146,62666,62666,3741053,Small
357,2027 Q4,2027-12-31,Cafe,97840,97840,33434,33434,489199,92,169124,146,64406,64406,3741053,Small
357,2028 Q1,2028-03-31,Cafe,91815,91815,31966,31966,459073,91,161632,152,59849,59849,3741053,Small
357,2028 Q2,2028-06-30,Cafe,86120,86120,30219,30219,430602,91,152987,146,55901,55901,3741053,Small
357,2028 Q3,2028-09-30,Cafe,76606,76606,26330,26330,383032,92,133393,146,50276,50276,3741053,Small
358,2027 Q2,2027-06-30,Cafe,114134,114134,38601,38601,570671,91,214303,159,75533,75533,4951485,Small
358,2027 Q3,2027-09-30,Cafe,109649,109648,34512,34512,548242,92,193195,146,75137,75136,4951485,Small
358,2027 Q4,2027-12-31,Cafe,121781,121781,38483,38483,608907,92,213443,146,83298,83298,4951485,Small
358,2028 Q1,2028-03-31,Cafe,125080,125080,40236,40236,625400,91,222052,148,84844,84844,4951485,Small
358,2028 Q2,2028-06-30,Cafe,130093,130093,41591,41591,650466,91,231039,148,88502,88502,4951485,Small
358,2028 Q3,2028-09-30,Cafe,130358,130358,39592,39592,651791,92,221976,146,90766,90766,4951485,Small
359,2027 Q2,2027-06-30,Cafe,82613,83616,30860,30860,418080,91,154298,157,51753,52756,3666706,Small
359,2027 Q3,2027-09-30,Cafe,82004,82004,28507,28507,410021,92,142535,146,53497,53497,3666706,Small
359,2027 Q4,2027-12-31,Cafe,92110,92110,31685,31685,460550,92,158425,146,60425,60425,3666706,Small
359,2028 Q1,2028-03-31,Cafe,94562,94562,32838,32838,472809,91,164189,146,61724,61724,3666706,Small
359,2028 Q2,2028-06-30,Cafe,97031,97031,33702,33702,485153,91,168512,146,63329,63329,3666706,Small
359,2028 Q3,2028-09-30,Cafe,93625,94666,31761,31761,473330,92,158804,146,61864,62905,3666706,Small
360,2027 Q2,2027-06-30,Cafe,121509,121509,49471,49471,607545,91,247356,157,72038,72038,5217365,Medium
360,2027 Q3,2027-09-30,Cafe,116509,116509,45071,45071,582546,92,225356,146,71438,71438,5217365,Medium
360,2027 Q4,2027-12-31,Cafe,125232,128311,48926,48926,641554,92,244632,146,76306,79385,5217365,Medium
360,2028 Q1,2028-03-31,Cafe,129457,129457,49870,49870,647287,91,249351,146,79587,79587,5217365,Medium
360,2028 Q2,2028-06-30,Cafe,128615,130840,50442,50442,654198,91,252212,146,78173,80398,5217365,Medium
360,2028 Q3,2028-09-30,Cafe,125885,125885,47181,47181,629424,92,235904,146,78704,78704,5217365,Medium
361,2027 Q2,2027-06-30,Cafe,102063,103303,37986,37986,516516,91,197581,157,64077,65317,4866047,Small
361,2027 Q3,2027-09-30,Cafe,104180,104180,35843,35843,520899,92,186915,146,68337,68337,4866047,Small
361,2027 Q4,2027-12-31,Cafe,120007,120007,40853,40853,600034,92,211906,148,79154,79154,4866047,Small
361,2028 Q1,2028-03-31,Cafe,126069,126069,43315,43315,630343,91,224466,146,82754,82754,4866047,Small
361,2028 Q2,2028-06-30,Cafe,132050,132050,45236,45236,660252,91,235443,146,86814,86814,4866047,Small
361,2028 Q3,2028-09-30,Cafe,131300,131300,43140,43140,656502,92,225190,146,88160,88160,4866047,Small
362,2027 Q2,2027-06-30,Cafe,94721,108253,39249,39249,541265,91,196247,157,55472,69004,4249384,Small
362,2027 Q3,2027-09-30,Cafe,83063,93963,33364,33364,469817,92,166819,146,49699,60599,4249384,Small
362,2027 Q4,2027-12-31,Cafe,77292,87040,30543,30543,435199,92,152714,146,46749,56497,4249384,Small
362,2028 Q1,2028-03-31,Cafe,94881,106012,38011,38011,530060,91,190056,146,56870,68001,4249384,Small
362,2028 Q2,2028-06-30,Cafe,114061,127442,44293,44293,637211,91,221463,146,69768,83149,4249384,Small
362,2028 Q3,2028-09-30,Cafe,93425,106165,35541,35541,530826,92,177707,146,57884,70624,4249384,Small
363,2027 Q2,2027-06-30,Fine_Dine_Meat,392660,398235,102426,102426,1991175,91,512129,101,290234,295809,16814420,Large
363,2027 Q3,2027-09-30,Fine_Dine_Meat,387466,387466,94867,94867,1937330,92,474335,94,292599,292599,16814420,Large
363,2027 Q4,2027-12-31,Fine_Dine_Meat,528649,528649,123376,123376,2643245,92,616881,96,405273,405273,16814420,Large
363,2028 Q1,2028-03-31,Fine_Dine_Meat,513216,519449,122346,122346,2597247,91,611732,94,390870,397103,16814420,Large
363,2028 Q2,2028-06-30,Fine_Dine_Meat,439491,439491,106101,106101,2197455,91,530504,94,333390,333390,16814420,Large
363,2028 Q3,2028-09-30,Fine_Dine_Meat,437870,437870,102608,102608,2189349,92,513038,94,335262,335262,16814420,Large
364,2027 Q2,2027-06-30,Fine_Dine_Meat,176625,199802,46928,46928,999008,91,234641,103,129697,152874,7702155,Small
364,2027 Q3,2027-09-30,Fine_Dine_Meat,156837,189875,42248,42248,949375,92,211239,94,114589,147627,7702155,Small
364,2027 Q4,2027-12-31,Fine_Dine_Meat,191626,251807,54610,54610,1259037,92,273048,94,137016,197197,7702155,Small
364,2028 Q1,2028-03-31,Fine_Dine_Meat,211660,239433,52581,52581,1197167,91,262907,94,159079,186852,7702155,Small
364,2028 Q2,2028-06-30,Fine_Dine_Meat,170443,194570,43483,43483,972852,91,217415,94,126960,151087,7702155,Small
364,2028 Q3,2028-09-30,Fine_Dine_Meat,157501,184860,40233,40233,924300,92,201166,94,117268,144627,7702155,Small
365,2027 Q2,2027-06-30,Fine_Dine_Meat,178858,180847,44597,44597,904236,91,235516,101,134261,136250,6668864,Small
365,2027 Q3,2027-09-30,Fine_Dine_Meat,167388,167388,39350,39350,836939,92,208180,94,128038,128038,6668864,Small
365,2027 Q4,2027-12-31,Fine_Dine_Meat,216097,216097,50002,50002,1080484,92,260855,94,166095,166095,6668864,Small
365,2028 Q1,2028-03-31,Fine_Dine_Meat,200060,200060,47224,47224,1000300,91,245338,94,152836,152836,6668864,Small
365,2028 Q2,2028-06-30,Fine_Dine_Meat,155097,157940,37792,37792,789698,91,199269,94,117305,120148,6668864,Small
365,2028 Q3,2028-09-30,Fine_Dine_Meat,143005,145478,34190,34190,727389,92,180660,94,108815,111288,6668864,Small
366,2027 Q2,2027-06-30,Fine_Dine_Meat,207840,207840,52724,52724,1039199,91,263622,101,155116,155116,6693139,Small
366,2027 Q3,2027-09-30,Fine_Dine_Meat,144831,144832,35760,35760,724158,92,178802,94,109071,109072,6693139,Small
366,2027 Q4,2027-12-31,Fine_Dine_Meat,146003,146003,36668,36668,730014,92,183338,94,109335,109335,6693139,Small
366,2028 Q1,2028-03-31,Fine_Dine_Meat,169642,169642,42686,42686,848212,91,213431,94,126956,126956,6693139,Small
366,2028 Q2,2028-06-30,Fine_Dine_Meat,196679,196679,48321,48321,983396,91,241605,94,148358,148358,6693139,Small
366,2028 Q3,2028-09-30,Fine_Dine_Meat,208512,208512,48960,48960,1042561,92,244801,96,159552,159552,6693139,Small
367,2027 Q2,2027-06-30,Fine_Dine_Meat,178122,178122,40371,40371,890608,91,201857,101,137751,137751,6021433,Small
367,2027 Q3,2027-09-30,Fine_Dine_Meat,160981,160981,34895,34895,804905,92,174475,94,126086,126086,6021433,Small
367,2027 Q4,2027-12-31,Fine_Dine_Meat,202591,202591,42675,42675,1012955,92,213376,94,159916,159916,6021433,Small
367,2028 Q1,2028-03-31,Fine_Dine_Meat,182621,182621,39196,39196,913105,91,195980,94,143425,143425,6021433,Small
367,2028 Q2,2028-06-30,Fine_Dine_Meat,139846,139846,31124,31124,699228,91,155622,94,108722,108722,6021433,Small
367,2028 Q3,2028-09-30,Fine_Dine_Meat,124421,124421,27443,27444,622104,92,137218,96,96978,96977,6021433,Small
368,2027 Q2,2027-06-30,Fine_Dine_Meat,217092,217092,50011,50011,1085461,91,250056,101,167081,167081,7643228,Small
368,2027 Q3,2027-09-30,Fine_Dine_Meat,140870,140870,32257,32257,704348,92,161283,94,108613,108613,7643228,Small
368,2027 Q4,2027-12-31,Fine_Dine_Meat,181060,181060,40983,40983,905299,92,204917,94,140077,140077,7643228,Small
368,2028 Q1,2028-03-31,Fine_Dine_Meat,250446,250446,55218,55218,1252228,91,276088,96,195228,195228,7643228,Small
368,2028 Q2,2028-06-30,Fine_Dine_Meat,253434,253434,55200,55200,1267170,91,276001,94,198234,198234,7643228,Small
368,2028 Q3,2028-09-30,Fine_Dine_Meat,207534,207535,44541,44541,1037673,92,222704,96,162993,162994,7643228,Small
369,2027 Q2,2027-06-30,Fine_Dine_Meat,174637,174637,35368,35368,873186,91,197623,101,139269,139269,7939170,Small
369,2027 Q3,2027-09-30,Fine_Dine_Meat,178882,178882,33922,33922,894410,92,190843,94,144960,144960,7939170,Small
369,2027 Q4,2027-12-31,Fine_Dine_Meat,254319,254319,46463,46463,1271595,92,258961,94,207856,207856,7939170,Small
369,2028 Q1,2028-03-31,Fine_Dine_Meat,257622,257622,48349,48349,1288111,91,264674,94,209273,209273,7939170,Small
369,2028 Q2,2028-06-30,Fine_Dine_Meat,222933,222933,41412,41412,1114665,91,232042,94,181521,181521,7939170,Small
369,2028 Q3,2028-09-30,Fine_Dine_Meat,225295,225295,40112,40112,1126474,92,226586,96,185183,185183,7939170,Small
370,2027 Q2,2027-06-30,Fine_Dine_Meat,189633,189633,52317,52317,948164,91,261585,101,137316,137316,8756209,Medium
370,2027 Q3,2027-09-30,Fine_Dine_Meat,189155,192426,50273,50273,962130,92,251367,94,138882,142153,8756209,Medium
370,2027 Q4,2027-12-31,Fine_Dine_Meat,267544,271343,66906,66906,1356716,92,334528,94,200638,204437,8756209,Medium
370,2028 Q1,2028-03-31,Fine_Dine_Meat,272940,272940,67752,67752,1364701,91,338760,94,205188,205188,8756209,Medium
370,2028 Q2,2028-06-30,Fine_Dine_Meat,231581,234631,59456,59456,1173155,91,297280,94,172125,175175,8756209,Medium
370,2028 Q3,2028-09-30,Fine_Dine_Meat,232127,235662,57903,57903,1178310,92,289513,94,174224,177759,8756209,Medium
371,2027 Q2,2027-06-30,Fine_Dine_Meat,174567,177046,41472,41472,885230,91,207359,101,133095,135574,5429888,Small
371,2027 Q3,2027-09-30,Fine_Dine_Meat,171683,174830,39048,39048,874148,92,195239,94,132635,135782,5429888,Small
371,2027 Q4,2027-12-31,Fine_Dine_Meat,196000,199390,41795,41795,996952,92,208976,94,154205,157595,5429888,Small
371,2028 Q1,2028-03-31,Fine_Dine_Meat,146489,149022,33376,33376,745109,91,166879,94,113113,115646,5429888,Small
371,2028 Q2,2028-06-30,Fine_Dine_Meat,93170,94396,22768,22768,471982,91,113842,94,70402,71628,5429888,Small
371,2028 Q3,2028-09-30,Fine_Dine_Meat,89638,91281,21554,21554,456403,92,107769,94,68084,69727,5429888,Small
372,2027 Q2,2027-06-30,Fine_Dine_Meat,164221,171779,41019,41019,858896,91,205093,101,123202,130760,8194404,Small
372,2027 Q3,2027-09-30,Fine_Dine_Meat,140571,146581,34098,34098,732906,92,170488,94,106473,112483,8194404,Small
372,2027 Q4,2027-12-31,Fine_Dine_Meat,238550,249791,55206,55206,1248956,92,276031,94,183344,194585,8194404,Small
372,2028 Q1,2028-03-31,Fine_Dine_Meat,292650,305480,66725,66725,1527400,91,333625,94,225925,238755,8194404,Small
372,2028 Q2,2028-06-30,Fine_Dine_Meat,257276,261725,57269,57269,1308625,91,286346,94,200007,204456,8194404,Small
372,2028 Q3,2028-09-30,Fine_Dine_Meat,202620,204874,44334,44334,1024368,92,221670,94,158286,160540,8194404,Small
373,2027 Q2,2027-06-30,Fine_Dine_Meat,342774,347289,87634,87634,1736445,91,438171,103,255140,259655,12758435,Medium
373,2027 Q3,2027-09-30,Fine_Dine_Meat,321621,321621,77440,77440,1608104,92,387199,94,244181,244181,12758435,Medium
373,2027 Q4,2027-12-31,Fine_Dine_Meat,415627,415627,97062,97062,2078136,92,485308,94,318565,318565,12758435,Medium
373,2028 Q1,2028-03-31,Fine_Dine_Meat,379167,385332,91384,91384,1926660,91,456921,94,287783,293948,12758435,Medium
373,2028 Q2,2028-06-30,Fine_Dine_Meat,304819,304819,74402,74402,1524094,91,372011,94,230417,230417,12758435,Medium
373,2028 Q3,2028-09-30,Fine_Dine_Meat,281527,281527,67551,67551,1407633,92,337753,94,213976,213976,12758435,Medium
374,2027 Q2,2027-06-30,Fine_Dine_Meat,184718,184718,38868,38868,923590,91,229859,107,145850,145850,8386187,Small
374,2027 Q3,2027-09-30,Fine_Dine_Meat,184968,184968,36335,36335,924840,92,217012,94,148633,148633,8386187,Small
374,2027 Q4,2027-12-31,Fine_Dine_Meat,260631,260631,51154,51154,1303157,92,297318,94,209477,209477,8386187,Small
374,2028 Q1,2028-03-31,Fine_Dine_Meat,264454,264454,53764,53764,1322269,91,305490,94,210690,210690,8386187,Small
374,2028 Q2,2028-06-30,Fine_Dine_Meat,230824,230824,44950,44950,1154118,91,266628,96,185874,185874,8386187,Small
374,2028 Q3,2028-09-30,Fine_Dine_Meat,235915,235915,43691,43691,1179574,92,262332,94,192224,192224,8386187,Small
375,2027 Q2,2027-06-30,Fine_Dine_Meat,162020,162020,38541,38541,810100,91,192707,101,123479,123479,7351668,Small
375,2027 Q3,2027-09-30,Fine_Dine_Meat,165180,165180,37109,37109,825898,92,185547,94,128071,128071,7351668,Small
375,2027 Q4,2027-12-31,Fine_Dine_Meat,233848,233847,50151,50151,1169237,92,250754,94,183697,183696,7351668,Small
375,2028 Q1,2028-03-31,Fine_Dine_Meat,235999,235999,50893,50893,1179993,91,254463,94,185106,185106,7351668,Small
375,2028 Q2,2028-06-30,Fine_Dine_Meat,203480,203480,44658,44658,1017398,91,223290,94,158822,158822,7351668,Small
375,2028 Q3,2028-09-30,Fine_Dine_Meat,204917,204917,43539,43539,1024584,92,217697,94,161378,161378,7351668,Small
376,2027 Q2,2027-06-30,Fine_Dine_Meat,131092,169370,45992,45992,846849,91,229962,101,85100,123378,6156797,Small
376,2027 Q3,2027-09-30,Fine_Dine_Meat,155780,167686,42791,42791,838431,92,213955,94,112989,124895,6156797,Small
376,2027 Q4,2027-12-31,Fine_Dine_Meat,171852,188848,47226,47225,944241,92,236127,94,124626,141623,6156797,Small
376,2028 Q1,2028-03-31,Fine_Dine_Meat,120829,153142,39884,39884,765712,91,199418,94,80945,113258,6156797,Small
376,2028 Q2,2028-06-30,Fine_Dine_Meat,106537,136411,36517,36517,682053,91,182585,94,70020,99894,6156797,Small
376,2028 Q3,2028-09-30,Fine_Dine_Meat,151655,162546,40947,40947,812729,92,204735,94,110708,121599,6156797,Small
377,2027 Q2,2027-06-30,Fine_Dine_Meat,145616,168537,45579,45579,842687,91,227894,101,100037,122958,6676111,Small
377,2027 Q3,2027-09-30,Fine_Dine_Meat,142240,160181,41131,41131,800903,92,205654,96,101109,119050,6676111,Small
377,2027 Q4,2027-12-31,Fine_Dine_Meat,183781,212464,52705,52705,1062319,92,263523,94,131076,159759,6676111,Small
377,2028 Q1,2028-03-31,Fine_Dine_Meat,172770,202070,50623,50623,1010351,91,253115,94,122147,151447,6676111,Small
377,2028 Q2,2028-06-30,Fine_Dine_Meat,145862,164259,42309,42309,821296,91,211544,96,103553,121950,6676111,Small
377,2028 Q3,2028-09-30,Fine_Dine_Meat,134111,156124,39241,39241,780620,92,196205,94,94870,116883,6676111,Small
378,2027 Q2,2027-06-30,Fine_Dine_Meat,141571,141571,35353,35353,707854,91,185734,101,106218,106218,6142870,Small
378,2027 Q3,2027-09-30,Fine_Dine_Meat,139216,139216,33012,33011,696081,92,173730,94,106204,106205,6142870,Small
378,2027 Q4,2027-12-31,Fine_Dine_Meat,191957,191957,43810,43810,959785,92,227847,94,148147,148147,6142870,Small
378,2028 Q1,2028-03-31,Fine_Dine_Meat,190337,190337,43941,43941,951684,91,227720,94,146396,146396,6142870,Small
378,2028 Q2,2028-06-30,Fine_Dine_Meat,162180,162180,37744,37744,810900,91,198407,94,124436,124436,6142870,Small
378,2028 Q3,2028-09-30,Fine_Dine_Meat,162139,162139,36517,36518,810696,92,192432,94,125622,125621,6142870,Small
379,2027 Q2,2027-06-30,Fine_Dine_Meat,311327,315108,82957,82957,1575542,91,461551,103,228370,232151,14080145,Medium
379,2027 Q3,2027-09-30,Fine_Dine_Meat,306286,311583,76953,76953,1557916,92,430958,94,229333,234630,14080145,Medium
379,2027 Q4,2027-12-31,Fine_Dine_Meat,430952,430952,104586,104586,2154762,92,579312,94,326366,326366,14080145,Medium
379,2028 Q1,2028-03-31,Fine_Dine_Meat,422323,427452,106946,106946,2137258,91,582247,94,315377,320506,14080145,Medium
379,2028 Q2,2028-06-30,Fine_Dine_Meat,358235,363321,89437,89437,1816603,91,498027,94,268798,273884,14080145,Medium
379,2028 Q3,2028-09-30,Fine_Dine_Meat,355614,361396,85361,85361,1806981,92,478988,94,270253,276035,14080145,Medium
380,2027 Q2,2027-06-30,Fine_Dine_Meat,273724,371403,94331,94331,1857016,91,471657,101,179393,277072,13735127,Medium
380,2027 Q3,2027-09-30,Fine_Dine_Meat,251445,333040,80208,80208,1665200,92,401042,94,171237,252832,13735127,Medium
380,2027 Q4,2027-12-31,Fine_Dine_Meat,286508,390870,92902,92902,1954349,92,464509,94,193606,297968,13735127,Medium
380,2028 Q1,2028-03-31,Fine_Dine_Meat,296930,401800,96519,96519,2009002,91,482595,94,200411,305281,13735127,Medium
380,2028 Q2,2028-06-30,Fine_Dine_Meat,286196,375093,90481,90481,1875467,91,452406,96,195715,284612,13735127,Medium
380,2028 Q3,2028-09-30,Fine_Dine_Meat,257179,340184,80193,80193,1700921,92,400963,94,176986,259991,13735127,Medium
381,2027 Q2,2027-06-30,Fine_Dine_Meat,534300,534300,130063,130063,2671498,91,650317,101,404237,404237,21228723,Large
381,2027 Q3,2027-09-30,Fine_Dine_Meat,514153,514153,118731,118731,2570766,92,593657,94,395422,395422,21228723,Large
381,2027 Q4,2027-12-31,Fine_Dine_Meat,687529,687529,153564,153564,3437647,92,767818,96,533965,533965,21228723,Large
381,2028 Q1,2028-03-31,Fine_Dine_Meat,662668,662668,149492,149492,3313342,91,747461,94,513176,513176,21228723,Large
381,2028 Q2,2028-06-30,Fine_Dine_Meat,535816,541776,125076,125076,2708882,91,625382,94,410740,416700,21228723,Large
381,2028 Q3,2028-09-30,Fine_Dine_Meat,512784,512784,115607,115607,2563920,92,578033,94,397177,397177,21228723,Large
382,2027 Q2,2027-06-30,Fine_Dine_Meat,87112,98767,23568,23568,493834,91,130868,103,63544,75199,5809468,Small
382,2027 Q3,2027-09-30,Fine_Dine_Meat,82618,92934,21145,21145,464668,92,118222,94,61473,71789,5809468,Small
382,2027 Q4,2027-12-31,Fine_Dine_Meat,153658,174611,37690,37690,873056,92,209655,94,115968,136921,5809468,Small
382,2028 Q1,2028-03-31,Fine_Dine_Meat,231449,263309,55360,55359,1316544,91,303183,94,176089,207950,5809468,Small
382,2028 Q2,2028-06-30,Fine_Dine_Meat,179702,204439,42039,42039,1022195,91,235150,94,137663,162400,5809468,Small
382,2028 Q3,2028-09-30,Fine_Dine_Meat,90227,103117,22636,22636,515585,92,126508,96,67591,80481,5809468,Small
383,2027 Q2,2027-06-30,Fine_Dine_Meat,83940,133876,34420,34420,669380,91,172102,101,49520,99456,5385958,Small
383,2027 Q3,2027-09-30,Fine_Dine_Meat,81372,128549,31617,31617,642743,92,158084,94,49755,96932,5385958,Small
383,2027 Q4,2027-12-31,Fine_Dine_Meat,104920,174866,40578,40578,874330,92,202891,94,64342,134288,5385958,Small
383,2028 Q1,2028-03-31,Fine_Dine_Meat,103624,168495,39507,39507,842475,91,197534,94,64117,128988,5385958,Small
383,2028 Q2,2028-06-30,Fine_Dine_Meat,82666,133332,32719,32719,666661,91,163597,94,49947,100613,5385958,Small
383,2028 Q3,2028-09-30,Fine_Dine_Meat,78677,128347,30885,30885,641737,92,154424,94,47792,97462,5385958,Small
384,2027 Q2,2027-06-30,Fine_Dine_Meat,130453,132844,32745,32745,664219,91,194457,101,97708,100099,5391667,Small
384,2027 Q3,2027-09-30,Fine_Dine_Meat,124140,126543,29309,29309,632717,92,175665,94,94831,97234,5391667,Small
384,2027 Q4,2027-12-31,Fine_Dine_Meat,166269,168288,39145,39145,841438,92,228017,94,127124,129143,5391667,Small
384,2028 Q1,2028-03-31,Fine_Dine_Meat,157626,160516,38913,38913,802578,91,221349,94,118713,121603,5391667,Small
384,2028 Q2,2028-06-30,Fine_Dine_Meat,130922,130921,30788,30788,654607,91,182487,94,100134,100133,5391667,Small
384,2028 Q3,2028-09-30,Fine_Dine_Meat,122797,124921,28295,28295,624606,92,169527,96,94502,96626,5391667,Small
385,2027 Q2,2027-06-30,Fine_Dine_Meat,199605,202645,52597,52597,1013226,91,262986,101,147008,150048,9021190,Medium
385,2027 Q3,2027-09-30,Fine_Dine_Meat,200398,203450,50111,50111,1017251,92,250554,94,150287,153339,9021190,Medium
385,2027 Q4,2027-12-31,Fine_Dine_Meat,278978,284092,66065,66065,1420460,92,330325,96,212913,218027,9021190,Medium
385,2028 Q1,2028-03-31,Fine_Dine_Meat,280132,283248,66303,66303,1416238,91,331517,94,213829,216945,9021190,Medium
385,2028 Q2,2028-06-30,Fine_Dine_Meat,241375,241375,57926,57926,1206877,91,289632,94,183449,183449,9021190,Medium
385,2028 Q3,2028-09-30,Fine_Dine_Meat,240377,240377,56048,56048,1201883,92,280241,96,184329,184329,9021190,Medium
386,2027 Q2,2027-06-30,Fine_Dine_Meat,710260,710260,189099,189099,3551298,91,945494,103,521161,521161,30164033,Large
386,2027 Q3,2027-09-30,Fine_Dine_Meat,693888,693888,174236,174236,3469438,92,871182,94,519652,519652,30164033,Large
386,2027 Q4,2027-12-31,Fine_Dine_Meat,947793,947793,232783,232783,4738967,92,1163914,94,715010,715010,30164033,Large
386,2028 Q1,2028-03-31,Fine_Dine_Meat,928617,928617,230450,230450,4643084,91,1152251,96,698167,698167,30164033,Large
386,2028 Q2,2028-06-30,Fine_Dine_Meat,779265,779265,195409,195409,3896327,91,977045,96,583856,583856,30164033,Large
386,2028 Q3,2028-09-30,Fine_Dine_Meat,765266,765266,185741,185740,3826331,92,928702,94,579525,579526,30164033,Large
387,2027 Q2,2027-06-30,Fine_Dine_Meat,150396,150396,40030,40030,751981,91,200152,101,110366,110366,6328935,Small
387,2027 Q3,2027-09-30,Fine_Dine_Meat,146501,146501,36975,36975,732503,92,184875,94,109526,109526,6328935,Small
387,2027 Q4,2027-12-31,Fine_Dine_Meat,199420,199420,48513,48513,997102,92,242563,94,150907,150907,6328935,Small
387,2028 Q1,2028-03-31,Fine_Dine_Meat,194670,194670,47878,47878,973349,91,239392,94,146792,146792,6328935,Small
387,2028 Q2,2028-06-30,Fine_Dine_Meat,162712,162712,40781,40781,813562,91,203905,94,121931,121931,6328935,Small
387,2028 Q3,2028-09-30,Fine_Dine_Meat,159159,159159,38752,38752,795793,92,193758,94,120407,120407,6328935,Small
388,2027 Q2,2027-06-30,Fine_Dine_Meat,148712,150671,32018,32018,753356,91,190409,101,116694,118653,5569362,Small
388,2027 Q3,2027-09-30,Fine_Dine_Meat,207885,210623,39197,39197,1053113,92,237940,94,168688,171426,5569362,Small
388,2027 Q4,2027-12-31,Fine_Dine_Meat,237669,237669,44494,44494,1188346,92,260318,94,193175,193175,5569362,Small
388,2028 Q1,2028-03-31,Fine_Dine_Meat,110653,110653,25819,25819,553267,91,145584,94,84834,84834,5569362,Small
388,2028 Q2,2028-06-30,Fine_Dine_Meat,93250,94383,20947,20947,471913,91,121632,94,72303,73436,5569362,Small
388,2028 Q3,2028-09-30,Fine_Dine_Meat,93255,94483,20515,20515,472415,92,121069,94,72740,73968,5569362,Small
389,2027 Q2,2027-06-30,Fine_Dine_Meat,190687,192808,39681,39681,964040,91,222500,103,151006,153127,7019317,Small
389,2027 Q3,2027-09-30,Fine_Dine_Meat,179118,179118,34721,34721,895589,92,195995,94,144397,144397,7019317,Small
389,2027 Q4,2027-12-31,Fine_Dine_Meat,232226,232226,44676,44676,1161132,92,248977,94,187550,187550,7019317,Small
389,2028 Q1,2028-03-31,Fine_Dine_Meat,216009,216009,43142,43142,1080045,91,235945,94,172867,172867,7019317,Small
389,2028 Q2,2028-06-30,Fine_Dine_Meat,171496,171496,34009,34009,857478,91,190245,94,137487,137487,7019317,Small
389,2028 Q3,2028-09-30,Fine_Dine_Meat,159019,159018,30573,30573,795092,92,172279,94,128446,128445,7019317,Small
390,2027 Q2,2027-06-30,Fine_Dine_Meat,199008,199008,49628,49628,995038,91,248142,101,149380,149380,5478754,Small
390,2027 Q3,2027-09-30,Fine_Dine_Meat,209126,209126,47625,47625,1045628,92,238124,94,161501,161501,5478754,Small
390,2027 Q4,2027-12-31,Fine_Dine_Meat,113703,113703,27926,27926,568515,92,139629,94,85777,85777,5478754,Small
390,2028 Q1,2028-03-31,Fine_Dine_Meat,142895,144924,35342,35342,724618,91,176710,96,107553,109582,5478754,Small
390,2028 Q2,2028-06-30,Fine_Dine_Meat,115776,115776,29115,29115,578881,91,145576,94,86661,86661,5478754,Small
390,2028 Q3,2028-09-30,Fine_Dine_Meat,98737,98737,24841,24841,493686,92,124207,96,73896,73896,5478754,Small
391,2027 Q2,2027-06-30,Fine_Dine_Meat,211219,211219,41118,41118,1056094,91,232065,101,170101,170101,6480540,Small
391,2027 Q3,2027-09-30,Fine_Dine_Meat,142512,144243,27159,27159,721217,92,153844,94,115353,117084,6480540,Small
391,2027 Q4,2027-12-31,Fine_Dine_Meat,151656,151656,29712,29712,758278,92,165727,94,121944,121944,6480540,Small
391,2028 Q1,2028-03-31,Fine_Dine_Meat,219597,219597,42296,42296,1097984,91,232590,94,177301,177301,6480540,Small
391,2028 Q2,2028-06-30,Fine_Dine_Meat,204121,207229,38404,38404,1036143,91,216473,94,165717,168825,6480540,Small
391,2028 Q3,2028-09-30,Fine_Dine_Meat,133486,133485,25225,25225,667427,92,142698,94,108261,108260,6480540,Small
392,2027 Q2,2027-06-30,Fine_Dine_Meat,213114,213114,50735,50735,1065569,91,267600,105,162379,162379,6326381,Small
392,2027 Q3,2027-09-30,Fine_Dine_Meat,144409,144409,31530,31530,722047,92,166013,94,112879,112879,6326381,Small
392,2027 Q4,2027-12-31,Fine_Dine_Meat,182340,182340,41555,41556,911700,92,215947,94,140785,140784,6326381,Small
392,2028 Q1,2028-03-31,Fine_Dine_Meat,164770,164770,39075,39075,823852,91,202385,94,125695,125695,6326381,Small
392,2028 Q2,2028-06-30,Fine_Dine_Meat,119415,119415,28866,28866,597076,91,151313,94,90549,90549,6326381,Small
392,2028 Q3,2028-09-30,Fine_Dine_Meat,195559,195559,42674,42674,977797,92,225082,94,152885,152885,6326381,Small
393,2027 Q2,2027-06-30,Fine_Dine_Meat,299548,299548,73909,73909,1497741,91,369543,101,225639,225639,12521610,Medium
393,2027 Q3,2027-09-30,Fine_Dine_Meat,292383,292383,68426,68426,1461916,92,342132,94,223957,223957,12521610,Medium
393,2027 Q4,2027-12-31,Fine_Dine_Meat,399244,399244,89868,89868,1996222,92,449342,94,309376,309376,12521610,Medium
393,2028 Q1,2028-03-31,Fine_Dine_Meat,385790,391268,88991,88991,1956340,91,444955,94,296799,302277,12521610,Medium
393,2028 Q2,2028-06-30,Fine_Dine_Meat,328602,328602,76218,76218,1643010,91,381091,94,252384,252384,12521610,Medium
393,2028 Q3,2028-09-30,Fine_Dine_Meat,323091,323091,72773,72773,1615455,92,363863,96,250318,250318,12521610,Medium
394,2027 Q2,2027-06-30,Fine_Dine_Meat,261937,266467,61091,61091,1332337,91,339618,105,200846,205376,9474364,Medium
394,2027 Q3,2027-09-30,Fine_Dine_Meat,239032,243413,53046,53046,1217067,92,296457,94,185986,190367,9474364,Medium
394,2027 Q4,2027-12-31,Fine_Dine_Meat,299104,309952,66419,66419,1549760,92,367143,94,232685,243533,9474364,Medium
394,2028 Q1,2028-03-31,Fine_Dine_Meat,278419,282946,63160,63160,1414732,91,342993,96,215259,219786,9474364,Medium
394,2028 Q2,2028-06-30,Fine_Dine_Meat,215945,219903,49541,49541,1099515,91,274274,94,166404,170362,9474364,Medium
394,2028 Q3,2028-09-30,Fine_Dine_Meat,195285,199067,44035,44035,995333,92,245135,94,151250,155032,9474364,Medium
395,2027 Q2,2027-06-30,Fine_Dine_Meat,309352,309352,73909,73909,1546761,91,410990,101,235443,235443,11015329,Medium
395,2027 Q3,2027-09-30,Fine_Dine_Meat,273720,273720,62009,62009,1368600,92,346618,96,211711,211711,11015329,Medium
395,2027 Q4,2027-12-31,Fine_Dine_Meat,312181,315653,71670,71670,1578266,92,395542,94,240511,243983,11015329,Medium
395,2028 Q1,2028-03-31,Fine_Dine_Meat,292310,292310,69414,69414,1461550,91,376569,96,222896,222896,11015329,Medium
395,2028 Q2,2028-06-30,Fine_Dine_Meat,270956,270956,63146,63146,1354780,91,350288,94,207810,207810,11015329,Medium
395,2028 Q3,2028-09-30,Fine_Dine_Meat,292820,292820,64594,64594,1464098,92,361267,94,228226,228226,11015329,Medium
396,2027 Q2,2027-06-30,Fine_Dine_Meat,332608,374558,92121,92121,1872791,91,485537,101,240487,282437,13470623,Medium
396,2027 Q3,2027-09-30,Fine_Dine_Meat,299752,343358,80548,80548,1716790,92,425276,94,219204,262810,13470623,Medium
396,2027 Q4,2027-12-31,Fine_Dine_Meat,343573,438791,101496,101496,2193953,92,528633,94,242077,337295,13470623,Medium
396,2028 Q1,2028-03-31,Fine_Dine_Meat,351346,401998,94957,94957,2009989,91,492580,94,256389,307041,13470623,Medium
396,2028 Q2,2028-06-30,Fine_Dine_Meat,276955,313652,75262,75262,1568259,91,395974,94,201693,238390,13470623,Medium
396,2028 Q3,2028-09-30,Fine_Dine_Meat,257763,285136,67372,67372,1425681,92,355160,94,190391,217764,13470623,Medium
397,2027 Q2,2027-06-30,Fine_Dine_Meat,96498,121841,32877,32877,609207,91,173136,101,63621,88964,5601163,Small
397,2027 Q3,2027-09-30,Fine_Dine_Meat,82664,105979,25963,25963,529894,92,136774,94,56701,80016,5601163,Small
397,2027 Q4,2027-12-31,Fine_Dine_Meat,115579,147988,35905,35905,739941,92,186800,94,79674,112083,5601163,Small
397,2028 Q1,2028-03-31,Fine_Dine_Meat,140917,180432,45304,45304,902162,91,235202,94,95613,135128,5601163,Small
397,2028 Q2,2028-06-30,Fine_Dine_Meat,162279,204898,48014,48014,1024488,91,253217,94,114265,156884,5601163,Small
397,2028 Q3,2028-09-30,Fine_Dine_Meat,101291,129694,30650,30650,648469,92,161873,94,70641,99044,5601163,Small
398,2027 Q2,2027-06-30,Fine_Dine_Meat,190372,190372,52756,52756,951861,91,263779,101,137616,137616,9428708,Medium
398,2027 Q3,2027-09-30,Fine_Dine_Meat,199687,199687,52106,52106,998436,92,260529,94,147581,147581,9428708,Medium
398,2027 Q4,2027-12-31,Fine_Dine_Meat,289515,289515,70845,70845,1447576,92,354224,94,218670,218670,9428708,Medium
398,2028 Q1,2028-03-31,Fine_Dine_Meat,298000,298000,73098,73098,1489999,91,365492,96,224902,224902,9428708,Medium
398,2028 Q2,2028-06-30,Fine_Dine_Meat,261585,261585,65390,65390,1307924,91,326950,94,196195,196195,9428708,Medium
398,2028 Q3,2028-09-30,Fine_Dine_Meat,267714,267714,64673,64673,1338572,92,323366,94,203041,203041,9428708,Medium
399,2027 Q2,2027-06-30,Fine_Dine_Meat,265826,297344,71235,71235,1486720,91,398814,101,194591,226109,13092141,Medium
399,2027 Q3,2027-09-30,Fine_Dine_Meat,253057,293229,66189,66189,1466143,92,372957,94,186868,227040,13092141,Medium
399,2027 Q4,2027-12-31,Fine_Dine_Meat,351580,405982,88555,88555,2029911,92,494115,94,263025,317427,13092141,Medium
399,2028 Q1,2028-03-31,Fine_Dine_Meat,359991,404484,90838,90838,2022422,91,497659,94,269153,313646,13092141,Medium
399,2028 Q2,2028-06-30,Fine_Dine_Meat,302039,346375,77194,77194,1731873,91,432836,94,224845,269181,13092141,Medium
399,2028 Q3,2028-09-30,Fine_Dine_Meat,305599,347667,74369,74369,1738333,92,420358,94,231230,273298,13092141,Medium
400,2027 Q2,2027-06-30,Fine_Dine_Meat,198700,202342,54465,54465,1011708,91,272323,101,144235,147877,9649940,Medium
400,2027 Q3,2027-09-30,Fine_Dine_Meat,205992,209129,53229,53229,1045645,92,266147,94,152763,155900,9649940,Medium
400,2027 Q4,2027-12-31,Fine_Dine_Meat,295040,299533,70706,70707,1497665,92,353533,94,224334,228826,9649940,Medium
400,2028 Q1,2028-03-31,Fine_Dine_Meat,300069,305258,72242,72242,1526288,91,361212,94,227827,233016,9649940,Medium
400,2028 Q2,2028-06-30,Fine_Dine_Meat,265573,265573,64456,64456,1327864,91,322282,94,201117,201117,9649940,Medium
400,2028 Q3,2028-09-30,Fine_Dine_Meat,269647,269647,63408,63408,1348235,92,317038,94,206239,206239,9649940,Medium
401,2027 Q2,2027-06-30,Fine_Dine_Meat,415686,537757,132369,132369,2688787,91,661846,103,283317,405388,23361461,Large
401,2027 Q3,2027-09-30,Fine_Dine_Meat,357441,560252,129977,129977,2801261,92,649884,96,227464,430275,23361461,Large
401,2027 Q4,2027-12-31,Fine_Dine_Meat,402141,815701,180855,180855,4078505,92,904276,94,221286,634846,23361461,Large
401,2028 Q1,2028-03-31,Fine_Dine_Meat,496886,777599,174059,174059,3887995,91,870295,96,322827,603540,23361461,Large
401,2028 Q2,2028-06-30,Fine_Dine_Meat,458230,584477,134707,134707,2922387,91,673533,96,323523,449770,23361461,Large
401,2028 Q3,2028-09-30,Fine_Dine_Meat,338204,525161,119378,119378,2625804,92,596888,94,218826,405783,23361461,Large
402,2027 Q2,2027-06-30,Fine_Dine_Meat,272132,276276,75128,75128,1381382,91,375638,101,197004,201148,11156216,Medium
402,2027 Q3,2027-09-30,Fine_Dine_Meat,264206,264206,68471,68471,1321028,92,342353,94,195735,195735,11156216,Medium
402,2027 Q4,2027-12-31,Fine_Dine_Meat,351838,356111,88678,88678,1780554,92,443389,94,263160,267433,11156216,Medium
402,2028 Q1,2028-03-31,Fine_Dine_Meat,337970,337970,85461,85461,1689848,91,427303,94,252509,252509,11156216,Medium
402,2028 Q2,2028-06-30,Fine_Dine_Meat,275545,275545,71354,71354,1377726,91,356770,94,204191,204191,11156216,Medium
402,2028 Q3,2028-09-30,Fine_Dine_Meat,265076,265076,66969,66969,1325381,92,334844,96,198107,198107,11156216,Medium
403,2027 Q2,2027-06-30,Fine_Dine_Meat,319911,319911,83385,83385,1599555,91,416925,103,236526,236526,13667264,Medium
403,2027 Q3,2027-09-30,Fine_Dine_Meat,311519,311520,76879,76879,1557598,92,384396,94,234640,234641,13667264,Medium
403,2027 Q4,2027-12-31,Fine_Dine_Meat,426038,426038,102023,102023,2130188,92,510114,94,324015,324015,13667264,Medium
403,2028 Q1,2028-03-31,Fine_Dine_Meat,420427,420426,101686,101686,2102132,91,508428,94,318741,318740,13667264,Medium
403,2028 Q2,2028-06-30,Fine_Dine_Meat,358192,358192,87731,87731,1790958,91,438654,96,270461,270461,13667264,Medium
403,2028 Q3,2028-09-30,Fine_Dine_Meat,360304,360304,85359,85359,1801521,92,426795,96,274945,274945,13667264,Medium
404,2027 Q2,2027-06-30,Fine_Dine_Meat,199786,199786,50776,50776,998930,91,253882,101,149010,149010,8362478,Small
404,2027 Q3,2027-09-30,Fine_Dine_Meat,190483,194172,46794,46794,970861,92,233968,96,143689,147378,8362478,Small
404,2027 Q4,2027-12-31,Fine_Dine_Meat,258303,264384,61560,61560,1321921,92,307799,94,196743,202824,8362478,Small
404,2028 Q1,2028-03-31,Fine_Dine_Meat,258917,258917,60839,60839,1294587,91,304197,94,198078,198078,8362478,Small
404,2028 Q2,2028-06-30,Fine_Dine_Meat,212858,217869,52128,52128,1089343,91,260642,94,160730,165741,8362478,Small
404,2028 Q3,2028-09-30,Fine_Dine_Meat,212705,215288,49982,49982,1076438,92,249910,94,162723,165306,8362478,Small
405,2027 Q2,2027-06-30,Fine_Dine_Meat,705388,715404,163589,163589,3577020,91,817946,101,541799,551815,28213689,Large
405,2027 Q3,2027-09-30,Fine_Dine_Meat,764004,764004,163323,163323,3820018,92,816613,96,600681,600681,28213689,Large
405,2027 Q4,2027-12-31,Fine_Dine_Meat,984592,1001620,206942,206942,5008099,92,1034710,94,777650,794678,28213689,Large
405,2028 Q1,2028-03-31,Fine_Dine_Meat,837822,851445,179842,179842,4257223,91,899211,94,657980,671603,28213689,Large
405,2028 Q2,2028-06-30,Fine_Dine_Meat,643921,643921,141273,141273,3219607,91,706364,94,502648,502648,28213689,Large
405,2028 Q3,2028-09-30,Fine_Dine_Meat,669538,669538,141837,141837,3347691,92,709187,94,527701,527701,28213689,Large
406,2027 Q2,2027-06-30,Fine_Dine_Meat,407975,414188,106792,106792,2070940,91,533958,101,301183,307396,14981836,Large
406,2027 Q3,2027-09-30,Fine_Dine_Meat,430780,430780,103833,103833,2153899,92,519165,94,326947,326947,14981836,Large
406,2027 Q4,2027-12-31,Fine_Dine_Meat,507204,507204,118934,118934,2536021,92,594669,94,388270,388270,14981836,Large
406,2028 Q1,2028-03-31,Fine_Dine_Meat,386910,392404,96662,96662,1962022,91,483308,94,290248,295742,14981836,Large
406,2028 Q2,2028-06-30,Fine_Dine_Meat,299782,303731,78910,78910,1518654,91,394548,94,220872,224821,14981836,Large
406,2028 Q3,2028-09-30,Fine_Dine_Meat,355927,355927,87003,87003,1779635,92,435017,94,268924,268924,14981836,Large
407,2027 Q2,2027-06-30,Fine_Dine_Meat,206417,206416,46753,46753,1032082,91,233765,101,159664,159663,6217731,Small
407,2027 Q3,2027-09-30,Fine_Dine_Meat,187469,187469,40231,40231,937346,92,201155,94,147238,147238,6217731,Small
407,2027 Q4,2027-12-31,Fine_Dine_Meat,181907,181907,39033,39033,909533,92,195163,96,142874,142874,6217731,Small
407,2028 Q1,2028-03-31,Fine_Dine_Meat,132877,132877,30588,30588,664386,91,152941,94,102289,102289,6217731,Small
407,2028 Q2,2028-06-30,Fine_Dine_Meat,130777,130777,30642,30642,653887,91,153209,96,100135,100135,6217731,Small
407,2028 Q3,2028-09-30,Fine_Dine_Meat,178646,178646,38206,38206,893232,92,191032,94,140440,140440,6217731,Small
408,2027 Q2,2027-06-30,Fine_Dine_Meat,304592,309545,79052,79052,1547725,91,440875,101,225540,230493,14716965,Large
408,2027 Q3,2027-09-30,Fine_Dine_Meat,317462,317462,75962,75962,1587310,92,426480,94,241500,241500,14716965,Large
408,2027 Q4,2027-12-31,Fine_Dine_Meat,451755,451755,102928,102928,2258774,92,573259,96,348827,348827,14716965,Large
408,2028 Q1,2028-03-31,Fine_Dine_Meat,452425,457920,107094,107094,2289598,91,585942,94,345331,350826,14716965,Large
408,2028 Q2,2028-06-30,Fine_Dine_Meat,387727,396449,92281,92281,1982246,91,516416,94,295446,304168,14716965,Large
408,2028 Q3,2028-09-30,Fine_Dine_Meat,400774,400774,89429,89429,2003870,92,504470,94,311345,311345,14716965,Large
409,2027 Q2,2027-06-30,Fine_Dine_Meat,187221,189495,45997,45997,947474,91,229986,101,141224,143498,5836694,Small
409,2027 Q3,2027-09-30,Fine_Dine_Meat,136287,138082,32500,32500,690412,92,162498,94,103787,105582,5836694,Small
409,2027 Q4,2027-12-31,Fine_Dine_Meat,145246,147458,34745,34745,737288,92,173727,94,110501,112713,5836694,Small
409,2028 Q1,2028-03-31,Fine_Dine_Meat,165120,167126,39241,39241,835629,91,196203,94,125879,127885,5836694,Small
409,2028 Q2,2028-06-30,Fine_Dine_Meat,171905,174700,40834,40834,873502,91,204171,94,131071,133866,5836694,Small
409,2028 Q3,2028-09-30,Fine_Dine_Meat,127180,127180,29981,29980,635902,92,149902,94,97199,97200,5836694,Small
410,2027 Q2,2027-06-30,Fine_Dine_Meat,144670,144671,35725,35725,723353,91,178626,101,108945,108946,5981077,Small
410,2027 Q3,2027-09-30,Fine_Dine_Meat,138539,140080,32890,32890,700399,92,164451,94,105649,107190,5981077,Small
410,2027 Q4,2027-12-31,Fine_Dine_Meat,190095,190095,42879,42879,950476,92,214394,96,147216,147216,5981077,Small
410,2028 Q1,2028-03-31,Fine_Dine_Meat,182764,185736,42307,42307,928679,91,211533,94,140457,143429,5981077,Small
410,2028 Q2,2028-06-30,Fine_Dine_Meat,153183,156150,36330,36330,780750,91,181651,94,116853,119820,5981077,Small
410,2028 Q3,2028-09-30,Fine_Dine_Meat,151670,154450,34903,34903,772249,92,174516,94,116767,119547,5981077,Small
411,2027 Q2,2027-06-30,Fine_Dine_Meat,156804,160168,32974,32974,800840,91,197573,101,123830,127194,5674698,Small
411,2027 Q3,2027-09-30,Fine_Dine_Meat,143856,146493,28522,28522,732463,92,172398,94,115334,117971,5674698,Small
411,2027 Q4,2027-12-31,Fine_Dine_Meat,186774,186774,36538,36538,933870,92,214345,94,150236,150236,5674698,Small
411,2028 Q1,2028-03-31,Fine_Dine_Meat,167302,170716,35017,35017,853580,91,200245,96,132285,135699,5674698,Small
411,2028 Q2,2028-06-30,Fine_Dine_Meat,132861,132861,26875,26875,664306,91,159935,94,105986,105986,5674698,Small
411,2028 Q3,2028-09-30,Fine_Dine_Meat,120451,120451,23789,23789,602255,92,142888,94,96662,96662,5674698,Small
412,2027 Q2,2027-06-30,Fine_Dine_Meat,342682,342682,75195,75195,1713411,91,421155,101,267487,267487,14191890,Medium
412,2027 Q3,2027-09-30,Fine_Dine_Meat,331913,331913,68507,68507,1659564,92,386272,94,263406,263406,14191890,Medium
412,2027 Q4,2027-12-31,Fine_Dine_Meat,450747,450748,91251,91251,2253738,92,508663,96,359496,359497,14191890,Medium
412,2028 Q1,2028-03-31,Fine_Dine_Meat,436087,440937,92224,92224,2204683,91,504691,94,343863,348713,14191890,Medium
412,2028 Q2,2028-06-30,Fine_Dine_Meat,371351,371351,76762,76762,1856755,91,430010,94,294589,294589,14191890,Medium
412,2028 Q3,2028-09-30,Fine_Dine_Meat,368076,368076,73060,73060,1840381,92,412567,94,295016,295016,14191890,Medium
413,2027 Q2,2027-06-30,Fine_Dine_Meat,345588,345588,91254,91254,1727938,91,456269,101,254334,254334,16257051,Large
413,2027 Q3,2027-09-30,Fine_Dine_Meat,350830,355091,88506,88506,1775454,92,442532,94,262324,266585,16257051,Large
413,2027 Q4,2027-12-31,Fine_Dine_Meat,506135,506135,119528,119528,2530676,92,597640,94,386607,386607,16257051,Large
413,2028 Q1,2028-03-31,Fine_Dine_Meat,506585,513778,121819,121819,2568889,91,609093,94,384766,391959,16257051,Large
413,2028 Q2,2028-06-30,Fine_Dine_Meat,445417,445417,107827,107827,2227087,91,539133,94,337590,337590,16257051,Large
413,2028 Q3,2028-09-30,Fine_Dine_Meat,450858,450858,105610,105610,2254292,92,528048,94,345248,345248,16257051,Large
414,2027 Q2,2027-06-30,Fine_Dine_Meat,262740,267012,58780,58780,1335061,91,327805,101,203960,208232,10881486,Medium
414,2027 Q3,2027-09-30,Fine_Dine_Meat,201517,205420,46667,46667,1027100,92,260832,96,154850,158753,10881486,Medium
414,2027 Q4,2027-12-31,Fine_Dine_Meat,405644,421230,84015,84015,2106150,92,468501,98,321629,337215,10881486,Medium
414,2028 Q1,2028-03-31,Fine_Dine_Meat,358040,363492,75864,75864,1817461,91,414585,96,282176,287628,10881486,Medium
414,2028 Q2,2028-06-30,Fine_Dine_Meat,259397,263347,56658,56658,1316733,91,316425,94,202739,206689,10881486,Medium
414,2028 Q3,2028-09-30,Fine_Dine_Meat,237409,242007,50107,50107,1210034,92,280799,94,187302,191900,10881486,Medium
415,2027 Q2,2027-06-30,Fine_Dine_Meat,121724,121724,31684,31684,608619,91,158422,101,90040,90040,6154396,Small
415,2027 Q3,2027-09-30,Fine_Dine_Meat,136785,136785,33819,33819,683924,92,169094,94,102966,102966,6154396,Small
415,2027 Q4,2027-12-31,Fine_Dine_Meat,254580,254580,57796,57796,1272898,92,288979,94,196784,196784,6154396,Small
415,2028 Q1,2028-03-31,Fine_Dine_Meat,176476,176476,40904,40904,882382,91,204518,94,135572,135572,6154396,Small
415,2028 Q2,2028-06-30,Fine_Dine_Meat,148320,148320,35755,35755,741600,91,178774,94,112565,112565,6154396,Small
415,2028 Q3,2028-09-30,Fine_Dine_Meat,156235,156235,36802,36802,781174,92,184012,96,119433,119433,6154396,Small
416,2027 Q2,2027-06-30,Fine_Dine_Meat,194937,194937,41463,41463,974686,91,233045,101,153474,153474,8097999,Small
416,2027 Q3,2027-09-30,Fine_Dine_Meat,189068,189068,37724,37724,945342,92,213560,94,151344,151344,8097999,Small
416,2027 Q4,2027-12-31,Fine_Dine_Meat,254500,257331,50861,50861,1286657,92,284260,94,203639,206470,8097999,Small
416,2028 Q1,2028-03-31,Fine_Dine_Meat,252615,252615,51540,51540,1263075,91,282696,94,201075,201075,8097999,Small
416,2028 Q2,2028-06-30,Fine_Dine_Meat,211225,214007,42866,42866,1070034,91,240994,94,168359,171141,8097999,Small
416,2028 Q3,2028-09-30,Fine_Dine_Meat,214122,214122,41104,41104,1070610,92,233040,94,173018,173018,8097999,Small
417,2027 Q2,2027-06-30,Fine_Dine_Meat,275753,280522,72771,72771,1402612,91,363857,101,202982,207751,11304205,Medium
417,2027 Q3,2027-09-30,Fine_Dine_Meat,318855,325695,76551,76551,1628474,92,382756,94,242304,249144,11304205,Medium
417,2027 Q4,2027-12-31,Fine_Dine_Meat,374246,374246,86594,86594,1871228,92,432971,94,287652,287652,11304205,Medium
417,2028 Q1,2028-03-31,Fine_Dine_Meat,329401,333740,80237,80237,1668699,91,401184,94,249164,253503,11304205,Medium
417,2028 Q2,2028-06-30,Fine_Dine_Meat,256829,261005,64210,64210,1305024,91,321049,94,192619,196795,11304205,Medium
417,2028 Q3,2028-09-30,Fine_Dine_Meat,241801,246233,59037,59037,1231166,92,295185,94,182764,187196,11304205,Medium
418,2027 Q2,2027-06-30,Fine_Dine_Meat,334571,334571,82221,82221,1672856,91,454616,101,252350,252350,14529162,Large
418,2027 Q3,2027-09-30,Fine_Dine_Meat,321545,327439,76020,76020,1637195,92,422648,96,245525,251419,14529162,Large
418,2027 Q4,2027-12-31,Fine_Dine_Meat,443531,449829,100765,100765,2249144,92,555414,96,342766,349064,14529162,Large
418,2028 Q1,2028-03-31,Fine_Dine_Meat,439461,445249,102723,102723,2226246,91,557014,94,336738,342526,14529162,Large
418,2028 Q2,2028-06-30,Fine_Dine_Meat,375113,379669,87101,87101,1898344,91,482105,94,288012,292568,14529162,Large
418,2028 Q3,2028-09-30,Fine_Dine_Meat,381070,381070,83999,83999,1905349,92,468231,96,297071,297071,14529162,Large
419,2027 Q2,2027-06-30,Fine_Dine_Meat,151496,240089,59785,59785,1200443,91,298923,101,91711,180304,6303818,Small
419,2027 Q3,2027-09-30,Fine_Dine_Meat,118589,188237,43337,43337,941183,92,216685,94,75252,144900,6303818,Small
419,2027 Q4,2027-12-31,Fine_Dine_Meat,95576,151468,36605,36605,757342,92,183026,96,58971,114863,6303818,Small
419,2028 Q1,2028-03-31,Fine_Dine_Meat,105334,167197,40582,40582,835987,91,202909,94,64752,126615,6303818,Small
419,2028 Q2,2028-06-30,Fine_Dine_Meat,99230,159790,38622,38622,798950,91,193110,94,60608,121168,6303818,Small
419,2028 Q3,2028-09-30,Fine_Dine_Meat,68243,107980,27072,27072,539902,92,135358,94,41171,80908,6303818,Small
420,2027 Q2,2027-06-30,Fine_Dine_Meat,145348,147113,36825,36825,735567,91,184127,101,108523,110288,5107794,Small
420,2027 Q3,2027-09-30,Fine_Dine_Meat,133398,133398,31797,31797,666991,92,158987,94,101601,101601,5107794,Small
420,2027 Q4,2027-12-31,Fine_Dine_Meat,168483,168483,39276,39276,842414,92,196382,94,129207,129207,5107794,Small
420,2028 Q1,2028-03-31,Fine_Dine_Meat,152454,152454,36235,36235,762271,91,181177,96,116219,116219,5107794,Small
420,2028 Q2,2028-06-30,Fine_Dine_Meat,117262,117262,28621,28621,586311,91,143106,94,88641,88641,5107794,Small
420,2028 Q3,2028-09-30,Fine_Dine_Meat,104865,104865,25227,25227,524327,92,126134,94,79638,79638,5107794,Small
421,2027 Q2,2027-06-30,Fine_Dine_Meat,199955,199955,57039,57039,999777,91,285193,101,142916,142916,8717349,Medium
421,2027 Q3,2027-09-30,Fine_Dine_Meat,196335,196335,53404,53404,981676,92,267020,94,142931,142931,8717349,Medium
421,2027 Q4,2027-12-31,Fine_Dine_Meat,269681,269681,69066,69066,1348407,92,345332,94,200615,200615,8717349,Medium
421,2028 Q1,2028-03-31,Fine_Dine_Meat,265758,265758,68827,68827,1328790,91,344133,96,196931,196931,8717349,Medium
421,2028 Q2,2028-06-30,Fine_Dine_Meat,224412,224412,59746,59746,1122060,91,298730,94,164666,164666,8717349,Medium
421,2028 Q3,2028-09-30,Fine_Dine_Meat,219348,221788,57458,57458,1108939,92,287292,94,161890,164330,8717349,Medium
422,2027 Q2,2027-06-30,Fine_Dine_Meat,189264,191951,42314,42314,959756,91,238678,103,146950,149637,8193206,Small
422,2027 Q3,2027-09-30,Fine_Dine_Meat,185944,188393,39047,39047,941965,92,221816,96,146897,149346,8193206,Small
422,2027 Q4,2027-12-31,Fine_Dine_Meat,250733,259023,52388,52388,1295113,92,294194,96,198345,206635,8193206,Small
422,2028 Q1,2028-03-31,Fine_Dine_Meat,249836,255979,53361,53361,1279897,91,293891,94,196475,202618,8193206,Small
422,2028 Q2,2028-06-30,Fine_Dine_Meat,213867,217345,44862,44862,1086727,91,253263,94,169005,172483,8193206,Small
422,2028 Q3,2028-09-30,Fine_Dine_Meat,213219,216686,42939,42939,1083429,92,244477,94,170280,173747,8193206,Small
423,2027 Q2,2027-06-30,Fine_Dine_Meat,367072,367072,92060,92060,1835358,91,460301,103,275012,275012,14388234,Large
423,2027 Q3,2027-09-30,Fine_Dine_Meat,349399,349399,83576,83576,1746995,92,417881,94,265823,265823,14388234,Large
423,2027 Q4,2027-12-31,Fine_Dine_Meat,464187,464187,106472,106472,2320934,92,532360,94,357715,357715,14388234,Large
423,2028 Q1,2028-03-31,Fine_Dine_Meat,442205,442205,102918,102918,2211025,91,514588,96,339287,339287,14388234,Large
423,2028 Q2,2028-06-30,Fine_Dine_Meat,360117,360117,86266,86266,1800587,91,431331,94,273851,273851,14388234,Large
423,2028 Q3,2028-09-30,Fine_Dine_Meat,342967,342967,80408,80408,1714835,92,402039,94,262559,262559,14388234,Large
424,2027 Q2,2027-06-30,Fine_Dine_Meat,121312,121312,31746,31746,606562,91,158728,101,89566,89566,5279560,Small
424,2027 Q3,2027-09-30,Fine_Dine_Meat,130661,130661,31585,31585,653307,92,157924,94,99076,99076,5279560,Small
424,2027 Q4,2027-12-31,Fine_Dine_Meat,197646,197646,47028,47028,988231,92,235139,94,150618,150618,5279560,Small
424,2028 Q1,2028-03-31,Fine_Dine_Meat,124734,124734,30105,30105,623670,91,150524,94,94629,94629,5279560,Small
424,2028 Q2,2028-06-30,Fine_Dine_Meat,112731,112731,28354,28354,563654,91,141772,94,84377,84377,5279560,Small
424,2028 Q3,2028-09-30,Fine_Dine_Meat,161809,161809,38201,38201,809046,92,191003,94,123608,123608,5279560,Small
425,2027 Q2,2027-06-30,Fine_Dine_Meat,149219,151800,39090,39090,759002,91,195449,101,110129,112710,6131600,Small
425,2027 Q3,2027-09-30,Fine_Dine_Meat,149650,151621,36708,36708,758104,92,183539,94,112942,114913,6131600,Small
425,2027 Q4,2027-12-31,Fine_Dine_Meat,226588,226588,51634,51634,1132942,92,258169,94,174954,174954,6131600,Small
425,2028 Q1,2028-03-31,Fine_Dine_Meat,153203,155853,38202,38202,779267,91,191008,94,115001,117651,6131600,Small
425,2028 Q2,2028-06-30,Fine_Dine_Meat,140230,142655,35098,35098,713274,91,175490,94,105132,107557,6131600,Small
425,2028 Q3,2028-09-30,Fine_Dine_Meat,157559,160121,36951,36951,800603,92,184753,94,120608,123170,6131600,Small
426,2027 Q2,2027-06-30,Fine_Dine_Meat,792539,792539,185469,185469,3962694,91,927343,101,607070,607070,34391349,Large
426,2027 Q3,2027-09-30,Fine_Dine_Meat,792491,792491,175254,175255,3962453,92,876273,94,617237,617236,34391349,Large
426,2027 Q4,2027-12-31,Fine_Dine_Meat,1090941,1103075,235466,235466,5515373,92,1177329,94,855475,867609,34391349,Large
426,2028 Q1,2028-03-31,Fine_Dine_Meat,1097099,1097099,235993,235993,5485497,91,1179967,94,861106,861106,34391349,Large
426,2028 Q2,2028-06-30,Fine_Dine_Meat,933050,933050,203755,203755,4665250,91,1018773,94,729295,729295,34391349,Large
426,2028 Q3,2028-09-30,Fine_Dine_Meat,927771,927771,196309,196309,4638853,92,981544,94,731462,731462,34391349,Large
427,2027 Q2,2027-06-30,Fine_Dine_Meat,210888,213882,40250,40250,1069408,91,226526,101,170638,173632,7645178,Small
427,2027 Q3,2027-09-30,Fine_Dine_Meat,160737,163683,29737,29737,818413,92,168168,94,131000,133946,7645178,Small
427,2027 Q4,2027-12-31,Fine_Dine_Meat,204979,208736,37935,37935,1043682,92,211808,96,167044,170801,7645178,Small
427,2028 Q1,2028-03-31,Fine_Dine_Meat,239156,243292,44889,44889,1216459,91,246416,94,194267,198403,7645178,Small
427,2028 Q2,2028-06-30,Fine_Dine_Meat,228368,232791,41517,41517,1163955,91,233841,96,186851,191274,7645178,Small
427,2028 Q3,2028-09-30,Fine_Dine_Meat,208445,208445,35987,35987,1042223,92,204279,94,172458,172458,7645178,Small
428,2027 Q2,2027-06-30,Fine_Dine_Meat,136232,136232,33374,33374,681161,91,184939,101,102858,102858,6317747,Small
428,2027 Q3,2027-09-30,Fine_Dine_Meat,138687,138687,31885,31885,693433,92,177781,94,106802,106802,6317747,Small
428,2027 Q4,2027-12-31,Fine_Dine_Meat,196120,196120,43167,43167,980599,92,238742,96,152953,152953,6317747,Small
428,2028 Q1,2028-03-31,Fine_Dine_Meat,197758,197758,44696,44696,988791,91,243103,94,153062,153062,6317747,Small
428,2028 Q2,2028-06-30,Fine_Dine_Meat,168351,170396,38270,38270,851979,91,212638,94,130081,132126,6317747,Small
428,2028 Q3,2028-09-30,Fine_Dine_Meat,171516,171516,36982,36982,857578,92,207003,94,134534,134534,6317747,Small
429,2027 Q2,2027-06-30,Fine_Dine_Meat,119045,119045,31208,31208,595223,91,156038,101,87837,87837,4828456,Small
429,2027 Q3,2027-09-30,Fine_Dine_Meat,113447,113447,27374,27374,567236,92,136868,94,86073,86073,4828456,Small
429,2027 Q4,2027-12-31,Fine_Dine_Meat,133860,133860,32191,32191,669298,92,160953,94,101669,101669,4828456,Small
429,2028 Q1,2028-03-31,Fine_Dine_Meat,162223,162223,38856,38856,811116,91,194282,94,123367,123367,4828456,Small
429,2028 Q2,2028-06-30,Fine_Dine_Meat,117760,117760,29157,29157,588798,91,145786,94,88603,88603,4828456,Small
429,2028 Q3,2028-09-30,Fine_Dine_Meat,129938,129938,30634,30634,649690,92,153168,94,99304,99304,4828456,Small
430,2027 Q2,2027-06-30,Fine_Dine_Meat,338697,371786,83456,83456,1858932,91,464896,101,255241,288330,11561078,Medium
430,2027 Q3,2027-09-30,Fine_Dine_Meat,214852,230528,51260,51260,1152638,92,285095,94,163592,179268,11561078,Medium
430,2027 Q4,2027-12-31,Fine_Dine_Meat,226795,289279,64683,64683,1446396,92,356041,96,162112,224596,11561078,Medium
430,2028 Q1,2028-03-31,Fine_Dine_Meat,314924,402202,88766,88766,2011011,91,482948,94,226158,313436,11561078,Medium
430,2028 Q2,2028-06-30,Fine_Dine_Meat,264101,291502,65052,65051,1457510,91,360974,94,199049,226451,11561078,Medium
430,2028 Q3,2028-09-30,Fine_Dine_Meat,251639,271748,58388,58388,1358742,92,325895,94,193251,213360,11561078,Medium
431,2027 Q2,2027-06-30,Fine_Dine_Meat,186025,186025,39869,39869,930127,91,222796,101,146156,146156,6772716,Small
431,2027 Q3,2027-09-30,Fine_Dine_Meat,172364,172364,34891,34891,861822,92,196191,96,137473,137473,6772716,Small
431,2027 Q4,2027-12-31,Fine_Dine_Meat,222839,222839,44571,44571,1114194,92,247629,94,178268,178268,6772716,Small
431,2028 Q1,2028-03-31,Fine_Dine_Meat,206663,206663,42915,42915,1033314,91,234104,94,163748,163748,6772716,Small
431,2028 Q2,2028-06-30,Fine_Dine_Meat,163521,163522,33886,33886,817608,91,188863,96,129635,129636,6772716,Small
431,2028 Q3,2028-09-30,Fine_Dine_Meat,151048,151048,30445,30445,755238,92,170830,94,120603,120603,6772716,Small
432,2027 Q2,2027-06-30,Fine_Dine_Meat,248258,387903,80814,80814,1939513,91,453987,101,167444,307089,14126945,Large
432,2027 Q3,2027-09-30,Fine_Dine_Meat,211741,308661,63554,63554,1543305,92,357711,94,148187,245107,14126945,Large
432,2027 Q4,2027-12-31,Fine_Dine_Meat,205915,384887,77209,77209,1924435,92,430266,94,128706,307678,14126945,Large
432,2028 Q1,2028-03-31,Fine_Dine_Meat,271977,419718,85310,85310,2098592,91,467705,94,186667,334408,14126945,Large
432,2028 Q2,2028-06-30,Fine_Dine_Meat,261044,405348,80498,80498,2026741,91,452373,94,180546,324850,14126945,Large
432,2028 Q3,2028-09-30,Fine_Dine_Meat,255147,399917,76407,76407,1999585,92,432732,94,178740,323510,14126945,Large
433,2027 Q2,2027-06-30,Fine_Dine_Meat,93341,99088,22978,22978,495439,91,120508,101,70363,76110,5402078,Small
433,2027 Q3,2027-09-30,Fine_Dine_Meat,84669,104144,22788,22788,520719,92,120005,96,61881,81356,5402078,Small
433,2027 Q4,2027-12-31,Fine_Dine_Meat,154127,200425,40299,40299,1002127,92,209903,94,113828,160126,5402078,Small
433,2028 Q1,2028-03-31,Fine_Dine_Meat,142678,159061,33270,33270,795304,91,172534,94,109408,125791,5402078,Small
433,2028 Q2,2028-06-30,Fine_Dine_Meat,116844,124435,26076,26076,622174,91,136957,94,90768,98359,5402078,Small
433,2028 Q3,2028-09-30,Fine_Dine_Meat,161781,200224,38822,38822,1001119,92,205289,94,122959,161402,5402078,Small
434,2027 Q2,2027-06-30,Fine_Dine_Meat,131486,156159,37780,37780,780793,91,198783,101,93706,118379,7186122,Small
434,2027 Q3,2027-09-30,Fine_Dine_Meat,109917,133394,31455,31455,666970,92,165713,94,78462,101939,7186122,Small
434,2027 Q4,2027-12-31,Fine_Dine_Meat,157499,209999,47656,47656,1049997,92,248128,94,109843,162343,7186122,Small
434,2028 Q1,2028-03-31,Fine_Dine_Meat,216361,249551,56095,56095,1247755,91,291175,94,160266,193456,7186122,Small
434,2028 Q2,2028-06-30,Fine_Dine_Meat,191932,222144,49157,49157,1110721,91,259161,94,142775,172987,7186122,Small
434,2028 Q3,2028-09-30,Fine_Dine_Meat,158829,189760,41282,41282,948799,92,218127,94,117547,148478,7186122,Small
435,2027 Q2,2027-06-30,Fine_Dine_Meat,254526,258140,60119,60119,1290700,91,315443,101,194407,198021,11540036,Medium
435,2027 Q3,2027-09-30,Fine_Dine_Meat,259760,266968,60253,60253,1334839,92,316880,94,199507,206715,11540036,Medium
435,2027 Q4,2027-12-31,Fine_Dine_Meat,318885,330109,72702,72702,1650547,92,377713,94,246183,257407,11540036,Medium
435,2028 Q1,2028-03-31,Fine_Dine_Meat,346067,350625,76982,76982,1753127,91,398471,94,269085,273643,11540036,Medium
435,2028 Q2,2028-06-30,Fine_Dine_Meat,316945,321120,71336,71336,1605598,91,375259,94,245609,249784,11540036,Medium
435,2028 Q3,2028-09-30,Fine_Dine_Meat,340369,348026,72317,72317,1740132,92,381327,94,268052,275709,11540036,Medium
436,2027 Q2,2027-06-30,Fine_Dine_Meat,193070,195613,49024,49024,978064,91,245119,101,144046,146589,8330023,Small
436,2027 Q3,2027-09-30,Fine_Dine_Meat,188557,190847,45286,45286,954236,92,226429,94,143271,145561,8330023,Small
436,2027 Q4,2027-12-31,Fine_Dine_Meat,258142,261542,60322,60322,1307712,92,301612,94,197820,201220,8330023,Small
436,2028 Q1,2028-03-31,Fine_Dine_Meat,255715,258559,60099,60099,1292796,91,300493,96,195616,198460,8330023,Small
436,2028 Q2,2028-06-30,Fine_Dine_Meat,220525,220525,51923,51923,1102627,91,259613,94,168602,168602,8330023,Small
436,2028 Q3,2028-09-30,Fine_Dine_Meat,221729,221729,50536,50536,1108644,92,252678,94,171193,171193,8330023,Small
437,2027 Q2,2027-06-30,Fine_Dine_Meat,164950,164950,42391,42391,824749,91,211956,103,122559,122559,7321147,Small
437,2027 Q3,2027-09-30,Fine_Dine_Meat,165318,165318,40157,40157,826589,92,200785,96,125161,125161,7321147,Small
437,2027 Q4,2027-12-31,Fine_Dine_Meat,227114,230573,54096,54095,1152865,92,270477,94,173018,176478,7321147,Small
437,2028 Q1,2028-03-31,Fine_Dine_Meat,225821,229726,54295,54295,1148632,91,271475,94,171526,175431,7321147,Small
437,2028 Q2,2028-06-30,Fine_Dine_Meat,192176,195699,46884,46884,978495,91,234420,94,145292,148815,7321147,Small
437,2028 Q3,2028-09-30,Fine_Dine_Meat,192748,194892,45249,45249,974459,92,226245,94,147499,149643,7321147,Small
438,2027 Q2,2027-06-30,Fine_Dine_Meat,197262,199658,48625,48625,998292,91,243123,101,148637,151033,7149779,Small
438,2027 Q3,2027-09-30,Fine_Dine_Meat,160351,160351,37710,37710,801754,92,188550,94,122641,122641,7149779,Small
438,2027 Q4,2027-12-31,Fine_Dine_Meat,211034,211034,48637,48637,1055170,92,243186,94,162397,162397,7149779,Small
438,2028 Q1,2028-03-31,Fine_Dine_Meat,244140,244140,55506,55506,1220699,91,277531,94,188634,188634,7149779,Small
438,2028 Q2,2028-06-30,Fine_Dine_Meat,189935,189935,44060,44060,949676,91,220301,94,145875,145875,7149779,Small
438,2028 Q3,2028-09-30,Fine_Dine_Meat,154448,154448,35851,35851,772241,92,179256,94,118597,118597,7149779,Small
439,2027 Q2,2027-06-30,Fine_Dine_Meat,178885,219760,53565,53565,1098802,91,267823,101,125320,166195,7932777,Small
439,2027 Q3,2027-09-30,Fine_Dine_Meat,120946,147675,36271,36271,738376,92,181354,94,84675,111404,7932777,Small
439,2027 Q4,2027-12-31,Fine_Dine_Meat,134989,165225,38353,38353,826124,92,191767,94,96636,126872,7932777,Small
439,2028 Q1,2028-03-31,Fine_Dine_Meat,279911,345569,80681,80681,1727843,91,403403,94,199230,264888,7932777,Small
439,2028 Q2,2028-06-30,Fine_Dine_Meat,194822,239929,55155,55155,1199643,91,275773,94,139667,184774,7932777,Small
439,2028 Q3,2028-09-30,Fine_Dine_Meat,134047,165900,38474,38474,829499,92,192370,94,95573,127426,7932777,Small
440,2027 Q2,2027-06-30,Fine_Dine_Meat,167160,167160,36750,36750,835798,91,217501,103,130410,130410,7092035,Small
440,2027 Q3,2027-09-30,Fine_Dine_Meat,162836,162836,33517,33517,814180,92,200270,94,129319,129319,7092035,Small
440,2027 Q4,2027-12-31,Fine_Dine_Meat,222375,222375,45802,45802,1111876,92,266213,94,176573,176573,7092035,Small
440,2028 Q1,2028-03-31,Fine_Dine_Meat,218591,218591,46782,46782,1092955,91,265730,94,171809,171809,7092035,Small
440,2028 Q2,2028-06-30,Fine_Dine_Meat,184875,184875,38181,38181,924374,91,226123,94,146694,146694,7092035,Small
440,2028 Q3,2028-09-30,Fine_Dine_Meat,183933,183933,36274,36274,919665,92,217350,96,147659,147659,7092035,Small
441,2027 Q2,2027-06-30,Fine_Dine_Meat,140860,140860,38505,38505,704298,91,192523,105,102355,102355,8528333,Small
441,2027 Q3,2027-09-30,Fine_Dine_Meat,147984,147984,37305,37305,739920,92,186526,94,110679,110679,8528333,Small
441,2027 Q4,2027-12-31,Fine_Dine_Meat,280222,283339,69215,69215,1416694,92,346077,94,211007,214124,8528333,Small
441,2028 Q1,2028-03-31,Fine_Dine_Meat,434348,434348,98405,98405,2171740,91,492023,94,335943,335943,8528333,Small
441,2028 Q2,2028-06-30,Fine_Dine_Meat,260035,260035,60980,60980,1300175,91,304900,94,199055,199055,8528333,Small
441,2028 Q3,2028-09-30,Fine_Dine_Meat,106383,106383,28308,28308,531915,92,141542,94,78075,78075,8528333,Small
442,2027 Q2,2027-06-30,Fine_Dine_Meat,144329,146676,41937,41937,733379,91,209686,101,102392,104739,8248864,Small
442,2027 Q3,2027-09-30,Fine_Dine_Meat,123622,124997,32386,32386,624986,92,161932,94,91236,92611,8248864,Small
442,2027 Q4,2027-12-31,Fine_Dine_Meat,374446,378994,95579,95579,1894968,92,477894,94,278867,283415,8248864,Small
442,2028 Q1,2028-03-31,Fine_Dine_Meat,341608,346810,84762,84762,1734051,91,423811,94,256846,262048,8248864,Small
442,2028 Q2,2028-06-30,Fine_Dine_Meat,190358,192670,48788,48788,963348,91,243940,94,141570,143882,8248864,Small
442,2028 Q3,2028-09-30,Fine_Dine_Meat,122028,123385,32789,32789,616926,92,163943,94,89239,90596,8248864,Small
443,2027 Q2,2027-06-30,Fine_Dine_Vegetarian,307600,307600,79903,79903,1538002,91,399514,101,227697,227697,10901392,Medium
443,2027 Q3,2027-09-30,Fine_Dine_Vegetarian,280559,280559,69704,69704,1402794,92,348518,94,210855,210855,10901392,Medium
443,2027 Q4,2027-12-31,Fine_Dine_Vegetarian,347078,347078,84789,84789,1735388,92,423945,94,262289,262289,10901392,Medium
443,2028 Q1,2028-03-31,Fine_Dine_Vegetarian,317468,317468,79376,79376,1587338,91,396881,94,238092,238092,10901392,Medium
443,2028 Q2,2028-06-30,Fine_Dine_Vegetarian,257328,257328,65403,65403,1286638,91,327013,94,191925,191925,10901392,Medium
443,2028 Q3,2028-09-30,Fine_Dine_Vegetarian,232656,232657,58416,58416,1163283,92,292078,94,174240,174241,10901392,Medium
444,2027 Q2,2027-06-30,Fine_Dine_Vegetarian,214506,242929,54731,54731,1214644,91,273653,101,159775,188198,11062839,Medium
444,2027 Q3,2027-09-30,Fine_Dine_Vegetarian,237409,277023,61691,61691,1385116,92,308454,94,175718,215332,11062839,Medium
444,2027 Q4,2027-12-31,Fine_Dine_Vegetarian,374963,512244,100375,100375,2561222,92,501873,94,274588,411869,11062839,Medium
444,2028 Q1,2028-03-31,Fine_Dine_Vegetarian,284512,355196,72858,72858,1775980,91,364292,94,211654,282338,11062839,Medium
444,2028 Q2,2028-06-30,Fine_Dine_Vegetarian,138610,158412,37451,37450,792060,91,187252,96,101159,120962,11062839,Medium
444,2028 Q3,2028-09-30,Fine_Dine_Vegetarian,238772,280908,58751,58751,1404540,92,293753,94,180021,222157,11062839,Medium
445,2027 Q2,2027-06-30,Fine_Dine_Vegetarian,130243,203504,46995,46995,1017520,91,245049,103,83248,156509,10553125,Medium
445,2027 Q3,2027-09-30,Fine_Dine_Vegetarian,225549,344349,69578,69578,1721743,92,365007,94,155971,274771,10553125,Medium
445,2027 Q4,2027-12-31,Fine_Dine_Vegetarian,207070,391436,75943,75943,1957180,92,396227,94,131127,315493,10553125,Medium
445,2028 Q1,2028-03-31,Fine_Dine_Vegetarian,208501,290391,59272,59272,1451954,91,308760,94,149229,231119,10553125,Medium
445,2028 Q2,2028-06-30,Fine_Dine_Vegetarian,139539,203410,45870,45870,1017051,91,239179,94,93669,157540,10553125,Medium
445,2028 Q3,2028-09-30,Fine_Dine_Vegetarian,208158,303881,59943,59943,1519407,92,314048,96,148215,243938,10553125,Medium
446,2027 Q2,2027-06-30,Fine_Dine_Vegetarian,165527,167537,37702,37702,837683,91,188509,101,127825,129835,7724610,Small
446,2027 Q3,2027-09-30,Fine_Dine_Vegetarian,170340,173110,36707,36707,865551,92,183533,94,133633,136403,7724610,Small
446,2027 Q4,2027-12-31,Fine_Dine_Vegetarian,241196,241196,49487,49487,1205978,92,247437,94,191709,191709,7724610,Small
446,2028 Q1,2028-03-31,Fine_Dine_Vegetarian,243392,246598,50831,50831,1232992,91,254155,94,192561,195767,7724610,Small
446,2028 Q2,2028-06-30,Fine_Dine_Vegetarian,223694,223694,46168,46168,1118471,91,230838,94,177526,177526,7724610,Small
446,2028 Q3,2028-09-30,Fine_Dine_Vegetarian,223501,226673,45219,45219,1133367,92,226096,94,178282,181454,7724610,Small
447,2027 Q2,2027-06-30,Fine_Dine_Vegetarian,167410,170652,32641,32641,853260,91,193752,101,134769,138011,7466285,Small
447,2027 Q3,2027-09-30,Fine_Dine_Vegetarian,169038,171961,30522,30522,859803,92,183492,94,138516,141439,7466285,Small
447,2027 Q4,2027-12-31,Fine_Dine_Vegetarian,227213,234482,41303,41303,1172408,92,244895,94,185910,193179,7466285,Small
447,2028 Q1,2028-03-31,Fine_Dine_Vegetarian,231158,235395,43443,43443,1176973,91,249969,96,187715,191952,7466285,Small
447,2028 Q2,2028-06-30,Fine_Dine_Vegetarian,205372,209992,37174,37174,1049958,91,221279,94,168198,172818,7466285,Small
447,2028 Q3,2028-09-30,Fine_Dine_Vegetarian,205791,209563,35209,35209,1047813,92,212683,94,170582,174354,7466285,Small
448,2027 Q2,2027-06-30,Fine_Dine_Vegetarian,316006,321144,65895,65895,1605719,91,403805,101,250111,255249,14573607,Large
448,2027 Q3,2027-09-30,Fine_Dine_Vegetarian,323046,326639,62397,62397,1633194,92,387320,94,260649,264242,14573607,Large
448,2027 Q4,2027-12-31,Fine_Dine_Vegetarian,441412,449046,82597,82597,2245228,92,506622,94,358815,366449,14573607,Large
448,2028 Q1,2028-03-31,Fine_Dine_Vegetarian,447611,453967,87044,87044,2269836,91,519214,94,360567,366923,14573607,Large
448,2028 Q2,2028-06-30,Fine_Dine_Vegetarian,391723,407620,75526,75526,2038100,91,466497,94,316197,332094,14573607,Large
448,2028 Q3,2028-09-30,Fine_Dine_Vegetarian,391647,409245,72007,72007,2046225,92,451847,94,319640,337238,14573607,Large
449,2027 Q2,2027-06-30,Fine_Dine_Vegetarian,472104,477838,78883,78883,2389192,91,499126,101,393221,398955,13829673,Large
449,2027 Q3,2027-09-30,Fine_Dine_Vegetarian,387840,392948,63998,63998,1964740,92,405375,94,323842,328950,13829673,Large
449,2027 Q4,2027-12-31,Fine_Dine_Vegetarian,291564,296004,53282,53282,1480019,92,322368,94,238282,242722,13829673,Large
449,2028 Q1,2028-03-31,Fine_Dine_Vegetarian,388406,392726,69890,69890,1963629,91,419646,94,318516,322836,13829673,Large
449,2028 Q2,2028-06-30,Fine_Dine_Vegetarian,433194,438012,71046,71046,2190061,91,445897,94,362148,366966,13829673,Large
449,2028 Q3,2028-09-30,Fine_Dine_Vegetarian,283576,287311,50442,50442,1436555,92,313065,94,233134,236869,13829673,Large
450,2027 Q2,2027-06-30,Fine_Dine_Vegetarian,460158,460158,80166,80166,2300792,91,512244,101,379992,379992,19236970,Large
450,2027 Q3,2027-09-30,Fine_Dine_Vegetarian,455207,455207,73668,73668,2276037,92,478220,96,381539,381539,19236970,Large
450,2027 Q4,2027-12-31,Fine_Dine_Vegetarian,610432,610432,98237,98237,3052159,92,624385,94,512195,512195,19236970,Large
450,2028 Q1,2028-03-31,Fine_Dine_Vegetarian,603801,603801,102065,102065,3019004,91,627326,94,501736,501736,19236970,Large
450,2028 Q2,2028-06-30,Fine_Dine_Vegetarian,531077,531077,86114,86114,2655387,91,551756,94,444963,444963,19236970,Large
450,2028 Q3,2028-09-30,Fine_Dine_Vegetarian,522902,522902,80450,80450,2614510,92,525150,94,442452,442452,19236970,Large
451,2027 Q2,2027-06-30,Fine_Dine_Vegetarian,158030,158030,31354,31354,790152,91,164404,101,126676,126676,6205741,Small
451,2027 Q3,2027-09-30,Fine_Dine_Vegetarian,149414,151844,28611,28611,759219,92,150196,94,120803,123233,6205741,Small
451,2027 Q4,2027-12-31,Fine_Dine_Vegetarian,195568,198950,36645,36645,994749,92,191452,98,158923,162305,6205741,Small
451,2028 Q1,2028-03-31,Fine_Dine_Vegetarian,191345,193669,36134,36134,968345,91,188875,94,155211,157535,6205741,Small
451,2028 Q2,2028-06-30,Fine_Dine_Vegetarian,165611,168819,31608,31608,844094,91,165737,94,134003,137211,6205741,Small
451,2028 Q3,2028-09-30,Fine_Dine_Vegetarian,164235,166062,30121,30121,830309,92,158209,94,134114,135941,6205741,Small
452,2027 Q2,2027-06-30,Fine_Dine_Vegetarian,188982,192446,38334,38334,962231,91,202037,101,150648,154112,6703170,Small
452,2027 Q3,2027-09-30,Fine_Dine_Vegetarian,113621,116534,22417,22417,582668,92,117766,94,91204,94117,6703170,Small
452,2027 Q4,2027-12-31,Fine_Dine_Vegetarian,220977,229706,43153,43153,1148531,92,226350,94,177824,186553,6703170,Small
452,2028 Q1,2028-03-31,Fine_Dine_Vegetarian,265588,271562,49739,49739,1357811,91,261296,94,215849,221823,6703170,Small
452,2028 Q2,2028-06-30,Fine_Dine_Vegetarian,151448,154539,29246,29246,772694,91,153723,94,122202,125293,6703170,Small
452,2028 Q3,2028-09-30,Fine_Dine_Vegetarian,149272,153100,28956,28956,765500,92,152563,94,120316,124144,6703170,Small
453,2027 Q2,2027-06-30,Fine_Dine_Vegetarian,320569,320569,57232,57232,1602846,91,343692,101,263337,263337,12699240,Medium
453,2027 Q3,2027-09-30,Fine_Dine_Vegetarian,303744,309312,51621,51621,1546561,92,313869,94,252123,257691,12699240,Medium
453,2027 Q4,2027-12-31,Fine_Dine_Vegetarian,400790,406481,66840,66840,2032403,92,400969,94,333950,339641,12699240,Medium
453,2028 Q1,2028-03-31,Fine_Dine_Vegetarian,391243,395995,68471,68471,1979973,91,397687,94,322772,327524,12699240,Medium
453,2028 Q2,2028-06-30,Fine_Dine_Vegetarian,338483,344337,57961,57961,1721686,91,348091,94,280522,286376,12699240,Medium
453,2028 Q3,2028-09-30,Fine_Dine_Vegetarian,321645,336449,54018,54018,1682243,92,329220,94,267627,282431,12699240,Medium
454,2027 Q2,2027-06-30,Fine_Dine_Vegetarian,181746,181746,39326,39326,908732,91,205904,101,142420,142420,7230325,Small
454,2027 Q3,2027-09-30,Fine_Dine_Vegetarian,173388,175672,36089,36089,878358,92,189172,94,137299,139583,7230325,Small
454,2027 Q4,2027-12-31,Fine_Dine_Vegetarian,230560,230560,46269,46269,1152800,92,241415,94,184291,184291,7230325,Small
454,2028 Q1,2028-03-31,Fine_Dine_Vegetarian,219177,223650,45395,45395,1118251,91,236978,94,173782,178255,7230325,Small
454,2028 Q2,2028-06-30,Fine_Dine_Vegetarian,189347,193014,39422,39422,965068,91,206400,94,149925,153592,7230325,Small
454,2028 Q3,2028-09-30,Fine_Dine_Vegetarian,182474,186579,37066,37066,932896,92,194351,94,145408,149513,7230325,Small
455,2027 Q2,2027-06-30,Fine_Dine_Vegetarian,506584,553644,124519,124519,2768222,91,622595,101,382065,429125,22636319,Large
455,2027 Q3,2027-09-30,Fine_Dine_Vegetarian,499082,541891,115451,115451,2709454,92,577256,94,383631,426440,22636319,Large
455,2027 Q4,2027-12-31,Fine_Dine_Vegetarian,662734,719581,149549,149549,3597904,92,747743,94,513185,570032,22636319,Large
455,2028 Q1,2028-03-31,Fine_Dine_Vegetarian,644829,705502,147928,147928,3527509,91,739639,94,496901,557574,22636319,Large
455,2028 Q2,2028-06-30,Fine_Dine_Vegetarian,567253,615242,129923,129923,3076212,91,649615,94,437330,485319,22636319,Large
455,2028 Q3,2028-09-30,Fine_Dine_Vegetarian,555134,600794,123240,123240,3003971,92,616199,94,431894,477554,22636319,Large
456,2027 Q2,2027-06-30,Fine_Dine_Vegetarian,152288,152288,26676,26676,761442,91,156853,101,125612,125612,6519817,Small
456,2027 Q3,2027-09-30,Fine_Dine_Vegetarian,151480,153165,25020,25020,765827,92,148790,94,126460,128145,6519817,Small
456,2027 Q4,2027-12-31,Fine_Dine_Vegetarian,205570,208489,33203,33203,1042443,92,195399,94,172367,175286,6519817,Small
456,2028 Q1,2028-03-31,Fine_Dine_Vegetarian,208971,208971,34782,34782,1044855,91,198950,94,174189,174189,6519817,Small
456,2028 Q2,2028-06-30,Fine_Dine_Vegetarian,183714,186134,29985,29985,930670,91,176952,94,153729,156149,6519817,Small
456,2028 Q3,2028-09-30,Fine_Dine_Vegetarian,181953,185477,28465,28465,927387,92,170249,94,153488,157012,6519817,Small
457,2027 Q2,2027-06-30,Fine_Dine_Vegetarian,130014,185470,37645,37645,927350,91,188223,101,92369,147825,7724900,Small
457,2027 Q3,2027-09-30,Fine_Dine_Vegetarian,124645,184386,35262,35262,921931,92,176310,94,89383,149124,7724900,Small
457,2027 Q4,2027-12-31,Fine_Dine_Vegetarian,175855,248383,46542,46542,1241914,92,232711,94,129313,201841,7724900,Small
457,2028 Q1,2028-03-31,Fine_Dine_Vegetarian,171443,246680,46818,46818,1233401,91,234088,94,124625,199862,7724900,Small
457,2028 Q2,2028-06-30,Fine_Dine_Vegetarian,146589,217814,41294,41294,1089072,91,206471,94,105295,176520,7724900,Small
457,2028 Q3,2028-09-30,Fine_Dine_Vegetarian,147239,215262,39424,39424,1076308,92,197121,94,107815,175838,7724900,Small
458,2027 Q2,2027-06-30,Fine_Dine_Vegetarian,165515,165515,31895,31895,827573,91,166920,103,133620,133620,5724491,Small
458,2027 Q3,2027-09-30,Fine_Dine_Vegetarian,181411,181411,32285,32285,907054,92,169294,94,149126,149126,5724491,Small
458,2027 Q4,2027-12-31,Fine_Dine_Vegetarian,161076,161076,29053,29053,805381,92,151238,94,132023,132023,5724491,Small
458,2028 Q1,2028-03-31,Fine_Dine_Vegetarian,162508,164648,30872,30872,823241,91,160862,94,131636,133776,5724491,Small
458,2028 Q2,2028-06-30,Fine_Dine_Vegetarian,130210,130210,25098,25098,651050,91,131062,98,105112,105112,5724491,Small
458,2028 Q3,2028-09-30,Fine_Dine_Vegetarian,154711,157067,27770,27770,785336,92,145480,94,126941,129297,5724491,Small
459,2027 Q2,2027-06-30,Fine_Dine_Vegetarian,168705,168705,29404,29404,843525,91,176418,101,139301,139301,5538945,Small
459,2027 Q3,2027-09-30,Fine_Dine_Vegetarian,151699,151700,25056,25056,758498,92,151872,96,126643,126644,5538945,Small
459,2027 Q4,2027-12-31,Fine_Dine_Vegetarian,184782,184782,30389,30389,923912,92,181425,94,154393,154393,5538945,Small
459,2028 Q1,2028-03-31,Fine_Dine_Vegetarian,166258,166258,29114,29114,831292,91,168142,96,137144,137144,5538945,Small
459,2028 Q2,2028-06-30,Fine_Dine_Vegetarian,132243,132243,23095,23095,661215,91,137187,94,109148,109148,5538945,Small
459,2028 Q3,2028-09-30,Fine_Dine_Vegetarian,116989,116989,20092,20092,584944,92,120515,94,96897,96897,5538945,Small
460,2027 Q2,2027-06-30,Fine_Dine_Vegetarian,181111,183496,36325,36325,917478,91,190787,101,144786,147171,6179075,Small
460,2027 Q3,2027-09-30,Fine_Dine_Vegetarian,171595,174385,32449,32449,871926,92,170666,94,139146,141936,6179075,Small
460,2027 Q4,2027-12-31,Fine_Dine_Vegetarian,195065,195065,36360,36360,975323,92,190077,96,158705,158705,6179075,Small
460,2028 Q1,2028-03-31,Fine_Dine_Vegetarian,163833,163833,31581,31581,819164,91,165056,94,132252,132252,6179075,Small
460,2028 Q2,2028-06-30,Fine_Dine_Vegetarian,146771,146771,28524,28524,733854,91,149567,94,118247,118247,6179075,Small
460,2028 Q3,2028-09-30,Fine_Dine_Vegetarian,166782,166782,30676,30676,833908,92,161269,94,136106,136106,6179075,Small
461,2027 Q2,2027-06-30,Fine_Dine_Vegetarian,151022,152702,33883,33883,763512,91,177723,101,117139,118819,6021390,Small
461,2027 Q3,2027-09-30,Fine_Dine_Vegetarian,146818,146818,30899,30899,734092,92,162273,94,115919,115919,6021390,Small
461,2027 Q4,2027-12-31,Fine_Dine_Vegetarian,191637,191637,39521,39521,958185,92,206535,94,152116,152116,6021390,Small
461,2028 Q1,2028-03-31,Fine_Dine_Vegetarian,184872,184872,38554,38554,924362,91,201588,94,146318,146318,6021390,Small
461,2028 Q2,2028-06-30,Fine_Dine_Vegetarian,155912,158608,33323,33323,793041,91,174753,94,122589,125285,6021390,Small
461,2028 Q3,2028-09-30,Fine_Dine_Vegetarian,152358,152358,31135,31135,761791,92,163535,94,121223,121223,6021390,Small
462,2027 Q2,2027-06-30,Fine_Dine_Vegetarian,113729,131175,20338,20338,655877,91,131479,101,93391,110837,5594713,Small
462,2027 Q3,2027-09-30,Fine_Dine_Vegetarian,114972,132000,18960,18960,660001,92,124683,94,96012,113040,5594713,Small
462,2027 Q4,2027-12-31,Fine_Dine_Vegetarian,155642,179725,25428,25428,898625,92,163936,94,130214,154297,5594713,Small
462,2028 Q1,2028-03-31,Fine_Dine_Vegetarian,156909,180148,26728,26728,900741,91,166321,96,130181,153420,5594713,Small
462,2028 Q2,2028-06-30,Fine_Dine_Vegetarian,139902,160439,22881,22881,802193,91,148728,96,117021,137558,5594713,Small
462,2028 Q3,2028-09-30,Fine_Dine_Vegetarian,138566,159822,21562,21562,799112,92,143017,94,117004,138260,5594713,Small
463,2027 Q2,2027-06-30,Fine_Dine_Vegetarian,271083,274376,54616,54616,1371880,91,326418,101,216467,219760,12129306,Medium
463,2027 Q3,2027-09-30,Fine_Dine_Vegetarian,276907,276907,51322,51322,1384535,92,310616,96,225585,225585,12129306,Medium
463,2027 Q4,2027-12-31,Fine_Dine_Vegetarian,378021,378021,68604,68604,1890107,92,410214,94,309417,309417,12129306,Medium
463,2028 Q1,2028-03-31,Fine_Dine_Vegetarian,379805,379805,72068,72068,1899026,91,417734,94,307737,307737,12129306,Medium
463,2028 Q2,2028-06-30,Fine_Dine_Vegetarian,339019,339018,62060,62060,1695092,91,372376,94,276959,276958,12129306,Medium
463,2028 Q3,2028-09-30,Fine_Dine_Vegetarian,333376,338453,58958,58958,1692263,92,359045,94,274418,279495,12129306,Medium
464,2027 Q2,2027-06-30,Fine_Dine_Vegetarian,162272,162272,28710,28710,811362,91,179777,101,133562,133562,6455180,Small
464,2027 Q3,2027-09-30,Fine_Dine_Vegetarian,155433,157162,26005,26005,785809,92,165025,94,129428,131157,6455180,Small
464,2027 Q4,2027-12-31,Fine_Dine_Vegetarian,206615,206615,33814,33814,1033075,92,210667,94,172801,172801,6455180,Small
464,2028 Q1,2028-03-31,Fine_Dine_Vegetarian,200698,200698,34573,34573,1003488,91,208713,94,166125,166125,6455180,Small
464,2028 Q2,2028-06-30,Fine_Dine_Vegetarian,173408,173408,28933,28933,867038,91,181159,94,144475,144475,6455180,Small
464,2028 Q3,2028-09-30,Fine_Dine_Vegetarian,167787,167787,26745,26745,838933,92,170134,94,141042,141042,6455180,Small
465,2027 Q2,2027-06-30,Fine_Dine_Vegetarian,625496,696543,139612,139612,3482713,91,735502,101,485884,556931,26458142,Large
465,2027 Q3,2027-09-30,Fine_Dine_Vegetarian,579132,664905,125730,125730,3324523,92,663428,94,453402,539175,26458142,Large
465,2027 Q4,2027-12-31,Fine_Dine_Vegetarian,644583,860591,160832,160832,4302955,92,843785,96,483751,699759,26458142,Large
465,2028 Q1,2028-03-31,Fine_Dine_Vegetarian,704208,820755,154692,154692,4103775,91,812115,96,549516,666063,26458142,Large
465,2028 Q2,2028-06-30,Fine_Dine_Vegetarian,609742,699245,133013,133013,3496225,91,700505,94,476729,566232,26458142,Large
465,2028 Q3,2028-09-30,Fine_Dine_Vegetarian,575483,668389,123322,123322,3341947,92,650669,94,452161,545067,26458142,Large
466,2027 Q2,2027-06-30,Fine_Dine_Vegetarian,150032,150032,33471,33471,750159,91,175656,101,116561,116561,5515916,Small
466,2027 Q3,2027-09-30,Fine_Dine_Vegetarian,98481,98481,22810,22810,492405,92,119458,94,75671,75671,5515916,Small
466,2027 Q4,2027-12-31,Fine_Dine_Vegetarian,162665,164474,35492,35492,822370,92,185513,96,127173,128982,5515916,Small
466,2028 Q1,2028-03-31,Fine_Dine_Vegetarian,215900,215900,44566,44566,1079501,91,233509,94,171334,171334,5515916,Small
466,2028 Q2,2028-06-30,Fine_Dine_Vegetarian,165539,165539,34704,34704,827693,91,182181,96,130835,130835,5515916,Small
466,2028 Q3,2028-09-30,Fine_Dine_Vegetarian,105008,105008,23367,23367,525041,92,122430,94,81641,81641,5515916,Small
467,2027 Q2,2027-06-30,Fine_Dine_Vegetarian,170478,295455,69170,69170,1477273,91,345849,101,101308,226285,11661444,Medium
467,2027 Q3,2027-09-30,Fine_Dine_Vegetarian,164178,284045,63498,63498,1420226,92,317489,96,100680,220547,11661444,Medium
467,2027 Q4,2027-12-31,Fine_Dine_Vegetarian,214667,370755,79793,79793,1853774,92,398966,94,134874,290962,11661444,Medium
467,2028 Q1,2028-03-31,Fine_Dine_Vegetarian,207107,357697,77969,77969,1788483,91,389847,94,129138,279728,11661444,Medium
467,2028 Q2,2028-06-30,Fine_Dine_Vegetarian,176177,306930,68078,68078,1534648,91,340389,94,108099,238852,11661444,Medium
467,2028 Q3,2028-09-30,Fine_Dine_Vegetarian,168687,294908,63992,63992,1474540,92,319960,94,104695,230916,11661444,Medium
468,2027 Q2,2027-06-30,Fine_Dine_Vegetarian,137049,137049,33203,33203,685245,91,166017,101,103846,103846,5957971,Small
468,2027 Q3,2027-09-30,Fine_Dine_Vegetarian,137092,137092,31359,31359,685461,92,156793,94,105733,105733,5957971,Small
468,2027 Q4,2027-12-31,Fine_Dine_Vegetarian,185646,185646,41200,41200,928230,92,206002,94,144446,144446,5957971,Small
468,2028 Q1,2028-03-31,Fine_Dine_Vegetarian,183141,185178,41504,41504,925890,91,207520,94,141637,143674,5957971,Small
468,2028 Q2,2028-06-30,Fine_Dine_Vegetarian,164142,164142,36972,36972,820710,91,184860,94,127170,127170,5957971,Small
468,2028 Q3,2028-09-30,Fine_Dine_Vegetarian,160326,162768,35480,35480,813842,92,177401,94,124846,127288,5957971,Small
469,2027 Q2,2027-06-30,Fine_Dine_Vegetarian,124702,126089,23604,23604,630446,91,139391,101,101098,102485,5758545,Small
469,2027 Q3,2027-09-30,Fine_Dine_Vegetarian,171952,171952,29655,29655,859761,92,179078,94,142297,142297,5758545,Small
469,2027 Q4,2027-12-31,Fine_Dine_Vegetarian,134488,134488,23192,23192,672438,92,136181,94,111296,111296,5758545,Small
469,2028 Q1,2028-03-31,Fine_Dine_Vegetarian,127396,127396,23939,23939,636981,91,136767,94,103457,103457,5758545,Small
469,2028 Q2,2028-06-30,Fine_Dine_Vegetarian,144884,144884,26126,26126,724420,91,155874,94,118758,118758,5758545,Small
469,2028 Q3,2028-09-30,Fine_Dine_Vegetarian,250768,250768,38073,38073,1253838,92,233370,94,212695,212695,5758545,Small
470,2027 Q2,2027-06-30,Fine_Dine_Vegetarian,158478,161054,42454,42455,805272,91,212273,101,116024,118599,7675789,Small
470,2027 Q3,2027-09-30,Fine_Dine_Vegetarian,166705,166705,41257,41257,833525,92,206284,94,125448,125448,7675789,Small
470,2027 Q4,2027-12-31,Fine_Dine_Vegetarian,228603,232556,56287,56287,1162778,92,281437,94,172316,176269,7675789,Small
470,2028 Q1,2028-03-31,Fine_Dine_Vegetarian,232957,237954,58190,58190,1189769,91,290950,94,174767,179764,7675789,Small
470,2028 Q2,2028-06-30,Fine_Dine_Vegetarian,215961,215961,52544,52544,1079806,91,262719,94,163417,163417,7675789,Small
470,2028 Q3,2028-09-30,Fine_Dine_Vegetarian,218890,218890,51305,51305,1094452,92,256524,96,167585,167585,7675789,Small
471,2027 Q2,2027-06-30,Fine_Dine_Vegetarian,304956,308973,70579,70579,1544864,91,352894,101,234377,238394,11866247,Medium
471,2027 Q3,2027-09-30,Fine_Dine_Vegetarian,286409,292553,63670,63670,1462765,92,318349,94,222739,228883,11866247,Medium
471,2027 Q4,2027-12-31,Fine_Dine_Vegetarian,366343,378454,80023,80023,1892268,92,400116,94,286320,298431,11866247,Medium
471,2028 Q1,2028-03-31,Fine_Dine_Vegetarian,358424,363513,77922,77922,1817563,91,389612,94,280502,285591,11866247,Medium
471,2028 Q2,2028-06-30,Fine_Dine_Vegetarian,308526,311958,67707,67707,1559789,91,338535,94,240819,244251,11866247,Medium
471,2028 Q3,2028-09-30,Fine_Dine_Vegetarian,288980,295179,62719,62719,1475897,92,313595,94,226261,232460,11866247,Medium
472,2027 Q2,2027-06-30,Fine_Dine_Vegetarian,128131,150389,27038,27038,751945,91,159203,101,101093,123351,5488577,Small
472,2027 Q3,2027-09-30,Fine_Dine_Vegetarian,120885,140892,23857,23857,704459,92,141896,96,97028,117035,5488577,Small
472,2027 Q4,2027-12-31,Fine_Dine_Vegetarian,148443,179279,30166,30166,896393,92,177034,96,118277,149113,5488577,Small
472,2028 Q1,2028-03-31,Fine_Dine_Vegetarian,141953,168791,29969,29969,843954,91,170834,94,111984,138822,5488577,Small
472,2028 Q2,2028-06-30,Fine_Dine_Vegetarian,120901,141239,24507,24507,706193,91,143794,94,96394,116732,5488577,Small
472,2028 Q3,2028-09-30,Fine_Dine_Vegetarian,114133,132252,22178,22178,661262,92,131610,94,91955,110074,5488577,Small
473,2027 Q2,2027-06-30,Fine_Dine_Vegetarian,394770,566385,135339,135339,2831924,91,709702,103,259431,431046,21665647,Large
473,2027 Q3,2027-09-30,Fine_Dine_Vegetarian,308512,471731,110348,110348,2358657,92,578780,94,198164,361383,21665647,Large
473,2027 Q4,2027-12-31,Fine_Dine_Vegetarian,372441,693559,156187,156187,3467795,92,816011,94,216254,537372,21665647,Large
473,2028 Q1,2028-03-31,Fine_Dine_Vegetarian,461467,735993,164582,164582,3679963,91,860725,94,296885,571411,21665647,Large
473,2028 Q2,2028-06-30,Fine_Dine_Vegetarian,395406,556126,126910,126910,2780629,91,665123,94,268496,429216,21665647,Large
473,2028 Q3,2028-09-30,Fine_Dine_Vegetarian,288477,470598,107430,107430,2352988,92,563350,94,181047,363168,21665647,Large
474,2027 Q2,2027-06-30,Fine_Dine_Vegetarian,142260,142260,31606,31606,711299,91,165363,103,110654,110654,6668453,Small
474,2027 Q3,2027-09-30,Fine_Dine_Vegetarian,147907,147907,30876,30876,739536,92,161805,94,117031,117031,6668453,Small
474,2027 Q4,2027-12-31,Fine_Dine_Vegetarian,207122,207122,41224,41224,1035611,92,215250,96,165898,165898,6668453,Small
474,2028 Q1,2028-03-31,Fine_Dine_Vegetarian,206667,212620,42358,42358,1063102,91,221386,96,164309,170262,6668453,Small
474,2028 Q2,2028-06-30,Fine_Dine_Vegetarian,191227,193550,38876,38876,967750,91,203783,94,152351,154674,6668453,Small
474,2028 Q3,2028-09-30,Fine_Dine_Vegetarian,194362,196723,38074,38074,983615,92,199953,94,156288,158649,6668453,Small
475,2027 Q2,2027-06-30,Fine_Dine_Vegetarian,573724,587832,137948,137948,2939158,91,689740,101,435776,449884,25003268,Large
475,2027 Q3,2027-09-30,Fine_Dine_Vegetarian,568189,583356,129272,129272,2916781,92,646361,94,438917,454084,25003268,Large
475,2027 Q4,2027-12-31,Fine_Dine_Vegetarian,759481,784588,170581,170581,3922941,92,852903,94,588900,614007,25003268,Large
475,2028 Q1,2028-03-31,Fine_Dine_Vegetarian,762583,778146,170633,170633,3890732,91,853166,94,591950,607513,25003268,Large
475,2028 Q2,2028-06-30,Fine_Dine_Vegetarian,669063,686218,150651,150651,3431089,91,753253,94,518412,535567,25003268,Large
475,2028 Q3,2028-09-30,Fine_Dine_Vegetarian,668574,677380,144049,144049,3386898,92,720246,94,524525,533331,25003268,Large
476,2027 Q2,2027-06-30,Fine_Dine_Vegetarian,142642,142642,29071,29071,713210,91,172223,101,113571,113571,6258552,Small
476,2027 Q3,2027-09-30,Fine_Dine_Vegetarian,140162,141721,27040,27040,708607,92,162002,94,113122,114681,6258552,Small
476,2027 Q4,2027-12-31,Fine_Dine_Vegetarian,192533,192533,35884,35884,962665,92,212613,94,156649,156649,6258552,Small
476,2028 Q1,2028-03-31,Fine_Dine_Vegetarian,191367,194084,37746,37746,970418,91,217183,94,153621,156338,6258552,Small
476,2028 Q2,2028-06-30,Fine_Dine_Vegetarian,171939,174735,32758,32758,873673,91,194839,94,139181,141977,6258552,Small
476,2028 Q3,2028-09-30,Fine_Dine_Vegetarian,176284,176284,31448,31448,881419,92,189700,94,144836,144836,6258552,Small
477,2027 Q2,2027-06-30,Fine_Dine_Vegetarian,318070,321608,66072,66072,1608039,91,330360,101,251998,255536,12606112,Medium
477,2027 Q3,2027-09-30,Fine_Dine_Vegetarian,311294,311294,60712,60712,1556471,92,303558,94,250582,250582,12606112,Medium
477,2027 Q4,2027-12-31,Fine_Dine_Vegetarian,408976,408976,76996,76996,2044881,92,384980,94,331980,331980,12606112,Medium
477,2028 Q1,2028-03-31,Fine_Dine_Vegetarian,396983,396982,75610,75610,1984912,91,378052,94,321373,321372,12606112,Medium
477,2028 Q2,2028-06-30,Fine_Dine_Vegetarian,342729,342729,66428,66428,1713646,91,332139,94,276301,276301,12606112,Medium
477,2028 Q3,2028-09-30,Fine_Dine_Vegetarian,331326,331326,62489,62489,1656629,92,312445,96,268837,268837,12606112,Medium
478,2027 Q2,2027-06-30,Fine_Dine_Vegetarian,186648,189876,44428,44427,949379,91,222137,101,142220,145449,7977950,Small
478,2027 Q3,2027-09-30,Fine_Dine_Vegetarian,183545,186151,41243,41244,930753,92,206218,96,142302,144907,7977950,Small
478,2027 Q4,2027-12-31,Fine_Dine_Vegetarian,244706,248938,53543,53543,1244692,92,267717,94,191163,195395,7977950,Small
478,2028 Q1,2028-03-31,Fine_Dine_Vegetarian,243209,246913,53779,53779,1234563,91,268894,94,189430,193134,7977950,Small
478,2028 Q2,2028-06-30,Fine_Dine_Vegetarian,215771,218835,47823,47823,1094174,91,239115,94,167948,171012,7977950,Small
478,2028 Q3,2028-09-30,Fine_Dine_Vegetarian,214725,217995,46066,46066,1089977,92,230331,94,168659,171929,7977950,Small
479,2027 Q2,2027-06-30,Fine_Dine_Vegetarian,80586,82063,16721,16721,410316,91,102040,101,63865,65342,6533812,Small
479,2027 Q3,2027-09-30,Fine_Dine_Vegetarian,193412,196557,30949,30949,982786,92,200418,96,162463,165608,6533812,Small
479,2027 Q4,2027-12-31,Fine_Dine_Vegetarian,213384,222044,33065,33065,1110222,92,208368,94,180319,188979,6533812,Small
479,2028 Q1,2028-03-31,Fine_Dine_Vegetarian,259732,265575,42054,42054,1327876,91,258602,96,217678,223521,6533812,Small
479,2028 Q2,2028-06-30,Fine_Dine_Vegetarian,221916,225295,34055,34055,1126474,91,218157,94,187861,191240,6533812,Small
479,2028 Q3,2028-09-30,Fine_Dine_Vegetarian,94859,96499,17067,17067,482493,92,106060,94,77792,79432,6533812,Small
480,2027 Q2,2027-06-30,Fine_Dine_Vegetarian,314673,327443,69220,69220,1637215,91,363611,101,245453,258223,13488194,Medium
480,2027 Q3,2027-09-30,Fine_Dine_Vegetarian,309401,321957,64256,64256,1609783,92,338052,94,245145,257701,13488194,Medium
480,2027 Q4,2027-12-31,Fine_Dine_Vegetarian,412958,429270,83720,83720,2146351,92,438251,94,329238,345550,13488194,Medium
480,2028 Q1,2028-03-31,Fine_Dine_Vegetarian,405889,422361,83422,83422,2111804,91,436905,94,322467,338939,13488194,Medium
480,2028 Q2,2028-06-30,Fine_Dine_Vegetarian,355866,369539,73106,73106,1847695,91,384171,94,282760,296433,13488194,Medium
480,2028 Q3,2028-09-30,Fine_Dine_Vegetarian,361958,361958,69247,69247,1809789,92,364567,96,292711,292711,13488194,Medium
481,2027 Q2,2027-06-30,Fine_Dine_Vegetarian,138211,140031,35195,35195,700154,91,185136,101,103016,104836,6330003,Small
481,2027 Q3,2027-09-30,Fine_Dine_Vegetarian,138785,141473,33477,33477,707365,92,176399,94,105308,107996,6330003,Small
481,2027 Q4,2027-12-31,Fine_Dine_Vegetarian,188263,193289,44654,44654,966443,92,234087,94,143609,148635,6330003,Small
481,2028 Q1,2028-03-31,Fine_Dine_Vegetarian,188678,194313,45187,45187,971567,91,237065,94,143491,149126,6330003,Small
481,2028 Q2,2028-06-30,Fine_Dine_Vegetarian,170397,173521,40371,40371,867603,91,212553,94,130026,133150,6330003,Small
481,2028 Q3,2028-09-30,Fine_Dine_Vegetarian,170508,173280,38902,38902,866401,92,205230,94,131606,134378,6330003,Small
482,2027 Q2,2027-06-30,Fine_Dine_Vegetarian,430621,435851,93708,93708,2179254,91,491468,101,336913,342143,14754552,Large
482,2027 Q3,2027-09-30,Fine_Dine_Vegetarian,318096,323927,66547,66547,1619633,92,348597,94,251549,257380,14754552,Large
482,2027 Q4,2027-12-31,Fine_Dine_Vegetarian,504850,523703,105068,105068,2618513,92,548778,94,399782,418635,14754552,Large
482,2028 Q1,2028-03-31,Fine_Dine_Vegetarian,460430,470787,96126,96126,2353933,91,502075,94,364304,374661,14754552,Large
482,2028 Q2,2028-06-30,Fine_Dine_Vegetarian,280387,284368,62922,62922,1421840,91,328697,96,217465,221446,14754552,Large
482,2028 Q3,2028-09-30,Fine_Dine_Vegetarian,380698,386495,78021,78021,1932473,92,409291,94,302677,308474,14754552,Large
483,2027 Q2,2027-06-30,Fine_Dine_Vegetarian,196302,196302,37891,37891,981511,91,226358,101,158411,158411,6044794,Small
483,2027 Q3,2027-09-30,Fine_Dine_Vegetarian,118750,118750,24418,24418,593749,92,144861,94,94332,94332,6044794,Small
483,2027 Q4,2027-12-31,Fine_Dine_Vegetarian,218331,218331,39714,39714,1091657,92,235794,94,178617,178617,6044794,Small
483,2028 Q1,2028-03-31,Fine_Dine_Vegetarian,186373,186373,35934,35934,931863,91,206401,94,150439,150439,6044794,Small
483,2028 Q2,2028-06-30,Fine_Dine_Vegetarian,93016,93016,20729,20730,465078,91,120812,94,72287,72286,6044794,Small
483,2028 Q3,2028-09-30,Fine_Dine_Vegetarian,171662,171662,31185,31185,858308,92,188402,94,140477,140477,6044794,Small
484,2027 Q2,2027-06-30,Fine_Dine_Vegetarian,432799,439390,99448,99448,2196948,91,497242,101,333351,339942,15829062,Large
484,2027 Q3,2027-09-30,Fine_Dine_Vegetarian,393298,398882,90450,90450,1994409,92,452248,94,302848,308432,15829062,Large
484,2027 Q4,2027-12-31,Fine_Dine_Vegetarian,576267,586233,121086,121086,2931164,92,605428,94,455181,465147,15829062,Large
484,2028 Q1,2028-03-31,Fine_Dine_Vegetarian,400912,406604,88264,88264,2033021,91,441319,96,312648,318340,15829062,Large
484,2028 Q2,2028-06-30,Fine_Dine_Vegetarian,359435,363433,84116,84116,1817165,91,420579,94,275319,279317,15829062,Large
484,2028 Q3,2028-09-30,Fine_Dine_Vegetarian,396145,401770,86138,86138,2008850,92,430689,94,310007,315632,15829062,Large
485,2027 Q2,2027-06-30,Fine_Dine_Vegetarian,239554,276302,66842,66842,1381508,91,334210,101,172712,209460,13733804,Medium
485,2027 Q3,2027-09-30,Fine_Dine_Vegetarian,357558,417220,91773,91773,2086098,92,458867,96,265785,325447,13733804,Medium
485,2027 Q4,2027-12-31,Fine_Dine_Vegetarian,396921,531354,112837,112837,2656770,92,564186,94,284084,418517,13733804,Medium
485,2028 Q1,2028-03-31,Fine_Dine_Vegetarian,246913,296771,68665,68665,1483856,91,343326,94,178248,228106,13733804,Medium
485,2028 Q2,2028-06-30,Fine_Dine_Vegetarian,351598,402286,89327,89327,2011431,91,446633,94,262271,312959,13733804,Medium
485,2028 Q3,2028-09-30,Fine_Dine_Vegetarian,268565,322795,70589,70589,1613975,92,352944,94,197976,252206,13733804,Medium
486,2027 Q2,2027-06-30,Fine_Dine_Vegetarian,257774,257774,42700,42700,1288871,91,272765,101,215074,215074,10407373,Medium
486,2027 Q3,2027-09-30,Fine_Dine_Vegetarian,246102,249596,38712,38712,1247980,92,250790,94,207390,210884,10407373,Medium
486,2027 Q4,2027-12-31,Fine_Dine_Vegetarian,330269,330269,50238,50238,1651347,92,319643,94,280031,280031,10407373,Medium
486,2028 Q1,2028-03-31,Fine_Dine_Vegetarian,320364,325243,51974,51974,1626217,91,319854,94,268390,273269,10407373,Medium
486,2028 Q2,2028-06-30,Fine_Dine_Vegetarian,287358,287358,44508,44508,1436791,91,284911,94,242850,242850,10407373,Medium
486,2028 Q3,2028-09-30,Fine_Dine_Vegetarian,282133,286721,42111,42111,1433606,92,274598,94,240022,244610,10407373,Medium
487,2027 Q2,2027-06-30,Fine_Dine_Vegetarian,133752,135240,29104,29104,676200,91,152275,101,104648,106136,5384246,Small
487,2027 Q3,2027-09-30,Fine_Dine_Vegetarian,130906,130906,26728,26728,654529,92,140010,96,104178,104178,5384246,Small
487,2027 Q4,2027-12-31,Fine_Dine_Vegetarian,171970,171970,34193,34193,859851,92,178320,94,137777,137777,5384246,Small
487,2028 Q1,2028-03-31,Fine_Dine_Vegetarian,166900,166900,33583,33583,834501,91,175221,94,133317,133317,5384246,Small
487,2028 Q2,2028-06-30,Fine_Dine_Vegetarian,144055,144055,29248,29248,720275,91,153026,94,114807,114807,5384246,Small
487,2028 Q3,2028-09-30,Fine_Dine_Vegetarian,139214,139214,27475,27475,696072,92,143966,94,111739,111739,5384246,Small
488,2027 Q2,2027-06-30,Fine_Dine_Vegetarian,224561,227749,62880,62880,1138745,91,314399,101,161681,164869,9804374,Medium
488,2027 Q3,2027-09-30,Fine_Dine_Vegetarian,219790,224275,59017,59017,1121376,92,295084,94,160773,165258,9804374,Medium
488,2027 Q4,2027-12-31,Fine_Dine_Vegetarian,287506,299485,75181,75181,1497427,92,375907,94,212325,224304,9804374,Medium
488,2028 Q1,2028-03-31,Fine_Dine_Vegetarian,291559,295100,74787,74787,1475502,91,373934,94,216772,220313,9804374,Medium
488,2028 Q2,2028-06-30,Fine_Dine_Vegetarian,255746,258591,66506,66506,1292954,91,332529,96,189240,192085,9804374,Medium
488,2028 Q3,2028-09-30,Fine_Dine_Vegetarian,248614,253688,63615,63615,1268442,92,318075,94,184999,190073,9804374,Medium
489,2027 Q2,2027-06-30,Fine_Dine_Vegetarian,246966,246966,55908,55908,1234828,91,292167,101,191058,191058,9153207,Medium
489,2027 Q3,2027-09-30,Fine_Dine_Vegetarian,230971,230971,50375,50375,1154853,92,263377,94,180596,180596,9153207,Medium
489,2027 Q4,2027-12-31,Fine_Dine_Vegetarian,293365,293365,61464,61464,1466825,92,320168,94,231901,231901,9153207,Medium
489,2028 Q1,2028-03-31,Fine_Dine_Vegetarian,275687,275687,58895,58895,1378437,91,306831,94,216792,216792,9153207,Medium
489,2028 Q2,2028-06-30,Fine_Dine_Vegetarian,230213,230213,50710,50710,1151066,91,264653,94,179503,179503,9153207,Medium
489,2028 Q3,2028-09-30,Fine_Dine_Vegetarian,212286,215082,46831,46831,1075410,92,244592,94,165455,168251,9153207,Medium
490,2027 Q2,2027-06-30,Fine_Dine_Vegetarian,163284,165267,39540,39540,826334,91,197702,101,123744,125727,7515333,Small
490,2027 Q3,2027-09-30,Fine_Dine_Vegetarian,168819,168819,38044,38044,844096,92,190218,94,130775,130775,7515333,Small
490,2027 Q4,2027-12-31,Fine_Dine_Vegetarian,232866,232866,51347,51347,1164332,92,256736,94,181519,181519,7515333,Small
490,2028 Q1,2028-03-31,Fine_Dine_Vegetarian,232717,236021,52413,52413,1180106,91,262067,94,180304,183608,7515333,Small
490,2028 Q2,2028-06-30,Fine_Dine_Vegetarian,212360,212360,47086,47086,1061802,91,235429,94,165274,165274,7515333,Small
490,2028 Q3,2028-09-30,Fine_Dine_Vegetarian,213546,213546,45757,45757,1067728,92,228783,94,167789,167789,7515333,Small
491,2027 Q2,2027-06-30,Fine_Dine_Vegetarian,119907,133230,33787,33787,666149,91,168934,101,86120,99443,5412607,Small
491,2027 Q3,2027-09-30,Fine_Dine_Vegetarian,113017,128868,31172,31172,644340,92,155859,94,81845,97696,5412607,Small
491,2027 Q4,2027-12-31,Fine_Dine_Vegetarian,147699,169185,39361,39361,845925,92,196803,94,108338,129824,5412607,Small
491,2028 Q1,2028-03-31,Fine_Dine_Vegetarian,146875,164106,38646,38646,820531,91,193229,94,108229,125460,5412607,Small
491,2028 Q2,2028-06-30,Fine_Dine_Vegetarian,127980,141571,33880,33880,707854,91,169398,94,94100,107691,5412607,Small
491,2028 Q3,2028-09-30,Fine_Dine_Vegetarian,118698,136749,31968,31968,683746,92,159839,94,86730,104781,5412607,Small
492,2027 Q2,2027-06-30,Fine_Dine_Vegetarian,142139,145188,34889,34889,725938,91,174446,103,107250,110299,6662520,Small
492,2027 Q3,2027-09-30,Fine_Dine_Vegetarian,146548,148931,33751,33751,744653,92,168754,94,112797,115180,6662520,Small
492,2027 Q4,2027-12-31,Fine_Dine_Vegetarian,199410,206215,44999,44999,1031077,92,224995,94,154411,161216,6662520,Small
492,2028 Q1,2028-03-31,Fine_Dine_Vegetarian,206576,209722,45972,45972,1048611,91,229861,94,160604,163750,6662520,Small
492,2028 Q2,2028-06-30,Fine_Dine_Vegetarian,186103,189321,41775,41775,946606,91,208874,96,144328,147546,6662520,Small
492,2028 Q3,2028-09-30,Fine_Dine_Vegetarian,187550,190988,40753,40753,954939,92,203766,96,146797,150235,6662520,Small
493,2027 Q2,2027-06-30,Fine_Dine_Vegetarian,166130,166130,36261,36261,830652,91,189911,101,129869,129869,6959062,Small
493,2027 Q3,2027-09-30,Fine_Dine_Vegetarian,162823,162823,33674,33674,814116,92,176584,94,129149,129149,6959062,Small
493,2027 Q4,2027-12-31,Fine_Dine_Vegetarian,217912,217912,43794,43794,1089562,92,228635,94,174118,174118,6959062,Small
493,2028 Q1,2028-03-31,Fine_Dine_Vegetarian,216425,216425,43847,43847,1082124,91,229065,94,172578,172578,6959062,Small
493,2028 Q2,2028-06-30,Fine_Dine_Vegetarian,192021,192021,39080,39080,960106,91,204789,94,152941,152941,6959062,Small
493,2028 Q3,2028-09-30,Fine_Dine_Vegetarian,188721,191207,37621,37621,956034,92,197484,94,151100,153586,6959062,Small
494,2027 Q2,2027-06-30,Fine_Dine_Vegetarian,97011,97011,19270,19270,485055,91,112893,103,77741,77741,4621145,Small
494,2027 Q3,2027-09-30,Fine_Dine_Vegetarian,172798,172798,28941,28941,863990,92,174345,96,143857,143857,4621145,Small
494,2027 Q4,2027-12-31,Fine_Dine_Vegetarian,178158,178158,29554,29554,890792,92,174746,96,148604,148604,4621145,Small
494,2028 Q1,2028-03-31,Fine_Dine_Vegetarian,128073,128073,23585,23585,640364,91,134460,96,104488,104488,4621145,Small
494,2028 Q2,2028-06-30,Fine_Dine_Vegetarian,90193,91567,17854,17854,457833,91,104310,94,72339,73713,4621145,Small
494,2028 Q3,2028-09-30,Fine_Dine_Vegetarian,94884,96036,17320,17320,480179,92,102178,94,77564,78716,4621145,Small
495,2027 Q2,2027-06-30,Fine_Dine_Vegetarian,248405,317653,77910,77911,1588263,91,389553,103,170495,239742,12247831,Medium
495,2027 Q3,2027-09-30,Fine_Dine_Vegetarian,360699,394207,87787,87787,1971035,92,438933,96,272912,306420,12247831,Medium
495,2027 Q4,2027-12-31,Fine_Dine_Vegetarian,366163,400616,89951,89951,2003080,92,449753,94,276212,310665,12247831,Medium
495,2028 Q1,2028-03-31,Fine_Dine_Vegetarian,241380,311860,72796,72796,1559300,91,363981,94,168584,239064,12247831,Medium
495,2028 Q2,2028-06-30,Fine_Dine_Vegetarian,226906,285058,67583,67583,1425291,91,337916,94,159323,217475,12247831,Medium
495,2028 Q3,2028-09-30,Fine_Dine_Vegetarian,259340,279461,64684,64684,1397305,92,323421,94,194656,214777,12247831,Medium
496,2027 Q2,2027-06-30,Fine_Dine_Vegetarian,154337,154337,32832,32832,771683,91,171952,103,121505,121505,6450697,Small
496,2027 Q3,2027-09-30,Fine_Dine_Vegetarian,151495,151495,30599,30599,757474,92,160445,94,120896,120896,6450697,Small
496,2027 Q4,2027-12-31,Fine_Dine_Vegetarian,202884,202884,39601,39601,1014419,92,206778,94,163283,163283,6450697,Small
496,2028 Q1,2028-03-31,Fine_Dine_Vegetarian,198527,201550,39618,39618,1007751,91,207010,94,158909,161932,6450697,Small
496,2028 Q2,2028-06-30,Fine_Dine_Vegetarian,178954,178954,35424,35424,894769,91,185646,94,143530,143530,6450697,Small
496,2028 Q3,2028-09-30,Fine_Dine_Vegetarian,178625,178625,34221,34221,893123,92,179647,94,144404,144404,6450697,Small
497,2027 Q2,2027-06-30,Fine_Dine_Vegetarian,162331,302856,72741,72741,1514278,91,363707,103,89590,230115,11619079,Medium
497,2027 Q3,2027-09-30,Fine_Dine_Vegetarian,156941,285348,65276,65276,1426740,92,326379,94,91665,220072,11619079,Medium
497,2027 Q4,2027-12-31,Fine_Dine_Vegetarian,197755,367575,82043,82043,1837875,92,410216,94,115712,285532,11619079,Medium
497,2028 Q1,2028-03-31,Fine_Dine_Vegetarian,198118,352523,79645,79645,1762616,91,398227,94,118473,272878,11619079,Medium
497,2028 Q2,2028-06-30,Fine_Dine_Vegetarian,163743,298801,68440,68440,1494006,91,342200,94,95303,230361,11619079,Medium
497,2028 Q3,2028-09-30,Fine_Dine_Vegetarian,158413,284915,63652,63652,1424577,92,318258,94,94761,221263,11619079,Medium
498,2027 Q2,2027-06-30,Fine_Dine_Vegetarian,119838,170467,35759,35759,852333,91,178794,103,84079,134708,7355070,Small
498,2027 Q3,2027-09-30,Fine_Dine_Vegetarian,112228,171866,33988,33988,859329,92,169939,94,78240,137878,7355070,Small
498,2027 Q4,2027-12-31,Fine_Dine_Vegetarian,126564,234377,44893,44893,1171885,92,224465,94,81671,189484,7355070,Small
498,2028 Q1,2028-03-31,Fine_Dine_Vegetarian,159253,235234,45507,45507,1176168,91,227536,94,113746,189727,7355070,Small
498,2028 Q2,2028-06-30,Fine_Dine_Vegetarian,146605,209735,40771,40771,1048673,91,203854,94,105834,168964,7355070,Small
498,2028 Q3,2028-09-30,Fine_Dine_Vegetarian,132381,209133,39286,39286,1045666,92,196428,94,93095,169847,7355070,Small
499,2027 Q2,2027-06-30,Fine_Dine_Vegetarian,125797,141663,33008,33007,708313,91,165037,101,92789,108656,5991606,Small
499,2027 Q3,2027-09-30,Fine_Dine_Vegetarian,125933,140394,31091,31091,701968,92,155455,94,94842,109303,5991606,Small
499,2027 Q4,2027-12-31,Fine_Dine_Vegetarian,168602,188593,40011,40011,942966,92,200054,96,128591,148582,5991606,Small
499,2028 Q1,2028-03-31,Fine_Dine_Vegetarian,166478,186844,39981,39981,934221,91,199905,96,126497,146863,5991606,Small
499,2028 Q2,2028-06-30,Fine_Dine_Vegetarian,145839,164604,35628,35628,823019,91,178139,94,110211,128976,5991606,Small
499,2028 Q3,2028-09-30,Fine_Dine_Vegetarian,144960,162329,34177,34177,811643,92,170886,94,110783,128152,5991606,Small
500,2027 Q2,2027-06-30,Fine_Dine_Vegetarian,162426,164732,29636,29636,823660,91,180739,101,132790,135096,6757203,Small
500,2027 Q3,2027-09-30,Fine_Dine_Vegetarian,159658,161761,27062,27062,808804,92,167410,94,132596,134699,6757203,Small
500,2027 Q4,2027-12-31,Fine_Dine_Vegetarian,212029,215477,35686,35686,1077387,92,217390,94,176343,179791,6757203,Small
500,2028 Q1,2028-03-31,Fine_Dine_Vegetarian,209130,211884,36877,36877,1059418,91,216967,94,172253,175007,6757203,Small
500,2028 Q2,2028-06-30,Fine_Dine_Vegetarian,177726,185324,31231,31231,926621,91,190675,94,146495,154093,6757203,Small
500,2028 Q3,2028-09-30,Fine_Dine_Vegetarian,174432,181511,29096,29096,907557,92,180575,94,145336,152415,6757203,Small
501,2027 Q2,2027-06-30,Fine_Dine_Vegetarian,158599,161013,38291,38291,805067,91,191456,101,120308,122722,6429175,Small
501,2027 Q3,2027-09-30,Fine_Dine_Vegetarian,123839,123839,28975,28975,619194,92,144874,94,94864,94864,6429175,Small
501,2027 Q4,2027-12-31,Fine_Dine_Vegetarian,180285,180285,40163,40163,901424,92,200814,94,140122,140122,6429175,Small
501,2028 Q1,2028-03-31,Fine_Dine_Vegetarian,172103,172103,39196,39196,860514,91,195981,94,132907,132907,6429175,Small
501,2028 Q2,2028-06-30,Fine_Dine_Vegetarian,185271,185271,41963,41963,926354,91,209815,94,143308,143308,6429175,Small
501,2028 Q3,2028-09-30,Fine_Dine_Vegetarian,224848,227579,47157,47157,1137896,92,235786,94,177691,180422,6429175,Small
502,2027 Q2,2027-06-30,Fine_Dine_Vegetarian,145269,146885,37580,37580,734423,91,187901,101,107689,109305,6021011,Small
502,2027 Q3,2027-09-30,Fine_Dine_Vegetarian,141987,141987,34516,34516,709934,92,172580,94,107471,107471,6021011,Small
502,2027 Q4,2027-12-31,Fine_Dine_Vegetarian,184612,186854,43853,43853,934269,92,219263,98,140759,143001,6021011,Small
502,2028 Q1,2028-03-31,Fine_Dine_Vegetarian,182155,182155,43225,43225,910777,91,216123,94,138930,138930,6021011,Small
502,2028 Q2,2028-06-30,Fine_Dine_Vegetarian,158341,158341,38167,38167,791706,91,190835,94,120174,120174,6021011,Small
502,2028 Q3,2028-09-30,Fine_Dine_Vegetarian,154451,154451,36189,36189,772254,92,180946,94,118262,118262,6021011,Small
546,2027 Q2,2027-06-30,Distributors,371716,387609,287133,287133,1938043,1058,1435663,165,84583,100476,20703213,Small
546,2027 Q3,2027-09-30,Distributors,344052,358387,265252,265252,1791937,980,1326262,150,78800,93135,20703213,Small
546,2027 Q4,2027-12-31,Distributors,416251,433595,322691,322691,2167975,982,1613454,154,93560,110904,20703213,Small
546,2028 Q1,2028-03-31,Distributors,420871,439323,328360,328360,2196613,980,1641798,150,92511,110963,20703213,Small
546,2028 Q2,2028-06-30,Distributors,387201,387201,286089,286089,1936007,982,1430446,154,101112,101112,20703213,Small
546,2028 Q3,2028-09-30,Distributors,371070,371070,273933,273933,1855352,981,1369663,152,97137,97137,20703213,Small
568,2027 Q2,2027-06-30,Distributors,669389,678206,454363,454363,3391029,1990,2271813,165,215026,223843,34218882,Medium
568,2027 Q3,2027-09-30,Distributors,607369,607369,395703,395703,3036846,1848,1978515,150,211666,211666,34218882,Medium
568,2027 Q4,2027-12-31,Distributors,717981,730398,481086,481086,3651989,1850,2405432,150,236895,249312,34218882,Medium
568,2028 Q1,2028-03-31,Distributors,755373,755374,510337,510337,3776868,1848,2551684,152,245036,245037,34218882,Medium
568,2028 Q2,2028-06-30,Distributors,690289,690289,456111,456111,3451444,1852,2280557,154,234178,234178,34218882,Medium
568,2028 Q3,2028-09-30,Distributors,657189,657189,427352,427352,3285943,1850,2136762,156,229837,229837,34218882,Medium
534,2027 Q2,2027-06-30,Distributors,863793,863793,608096,608096,4318965,2242,3040481,157,255697,255697,42293429,Large
534,2027 Q3,2027-09-30,Distributors,761686,761686,531744,531745,3808428,2082,2658723,148,229942,229941,42293429,Large
534,2027 Q4,2027-12-31,Distributors,886155,886155,616284,616284,4430777,2082,3081422,146,269871,269871,42293429,Large
534,2028 Q1,2028-03-31,Distributors,875104,875103,620892,620892,4375517,2082,3104461,148,254212,254211,42293429,Large
534,2028 Q2,2028-06-30,Distributors,815167,815167,568538,568538,4075833,2082,2842691,148,246629,246629,42293429,Large
534,2028 Q3,2028-09-30,Distributors,775913,775913,535313,535313,3879566,2082,2676565,148,240600,240600,42293429,Large
551,2027 Q2,2027-06-30,Distributors,748499,748499,498354,498354,3742495,2102,2491771,161,250145,250145,37923999,Large
551,2027 Q3,2027-09-30,Distributors,658991,658992,440480,440480,3294958,1954,2202398,148,218511,218512,37923999,Large
551,2027 Q4,2027-12-31,Distributors,813531,813531,548767,548767,4067657,1952,2743835,150,264764,264764,37923999,Large
551,2028 Q1,2028-03-31,Distributors,856650,856650,588137,588137,4283252,1954,2940687,148,268513,268513,37923999,Large
551,2028 Q2,2028-06-30,Distributors,762236,762236,515321,515322,3811180,1952,2576608,150,246915,246914,37923999,Large
551,2028 Q3,2028-09-30,Distributors,694324,694324,459507,459507,3471622,1952,2297536,152,234817,234817,37923999,Large
552,2027 Q2,2027-06-30,Distributors,308917,308917,231173,231173,1544585,914,1155865,149,77744,77744,16354976,Small
552,2027 Q3,2027-09-30,Distributors,283633,287078,212255,212255,1435390,849,1061276,141,71378,74823,16354976,Small
552,2027 Q4,2027-12-31,Distributors,327373,327373,243510,243510,1636867,849,1217549,137,83863,83863,16354976,Small
552,2028 Q1,2028-03-31,Distributors,347053,347053,261913,261914,1735264,847,1309568,139,85140,85139,16354976,Small
552,2028 Q2,2028-06-30,Distributors,316479,316479,234918,234918,1582394,849,1174589,137,81561,81561,16354976,Small
552,2028 Q3,2028-09-30,Distributors,287477,287477,212849,212849,1437386,847,1064243,137,74628,74628,16354976,Small
564,2027 Q2,2027-06-30,Distributors,491992,574757,428842,428842,2873784,1918,2144208,157,63150,145915,30815926,Small
564,2027 Q3,2027-09-30,Distributors,453714,519124,388420,388420,2595621,1779,1942102,148,65294,130704,30815926,Small
564,2027 Q4,2027-12-31,Distributors,557098,635232,490065,490065,3176161,1779,2450323,146,67033,145167,30815926,Small
564,2028 Q1,2028-03-31,Distributors,561161,657867,506190,506190,3289333,1781,2530952,146,54971,151677,30815926,Small
564,2028 Q2,2028-06-30,Distributors,584182,584182,435416,435416,2920912,1781,2177081,146,148766,148766,30815926,Small
564,2028 Q3,2028-09-30,Distributors,542121,542121,400969,400969,2710606,1776,2004843,146,141152,141152,30815926,Small
547,2027 Q2,2027-06-30,Distributors,616017,616017,400873,400873,3080085,1982,2004366,157,215144,215144,30449451,Small
547,2027 Q3,2027-09-30,Distributors,552166,552166,353608,353608,2760829,1840,1768039,148,198558,198558,30449451,Small
547,2027 Q4,2027-12-31,Distributors,654034,654034,427916,427916,3270169,1840,2139582,146,226118,226118,30449451,Small
547,2028 Q1,2028-03-31,Distributors,669567,669568,442525,442525,3347838,1838,2212625,146,227042,227043,30449451,Small
547,2028 Q2,2028-06-30,Distributors,622570,622570,401871,401871,3112849,1842,2009353,146,220699,220699,30449451,Small
547,2028 Q3,2028-09-30,Distributors,577575,577575,371169,371168,2887874,1837,1855842,148,206406,206407,30449451,Small
553,2027 Q2,2027-06-30,Distributors,386979,392872,256092,256092,1964358,1066,1280460,161,130887,136780,20622392,Small
553,2027 Q3,2027-09-30,Distributors,354868,354868,230993,230993,1774342,990,1154967,152,123875,123875,20622392,Small
553,2027 Q4,2027-12-31,Distributors,439701,445944,292741,292741,2229721,990,1463707,156,146960,153203,20622392,Small
553,2028 Q1,2028-03-31,Distributors,463427,471441,311280,311280,2357205,990,1556398,150,152147,160161,20622392,Small
553,2028 Q2,2028-06-30,Distributors,428928,428927,281218,281218,2144637,992,1406090,154,147710,147709,20622392,Small
553,2028 Q3,2028-09-30,Distributors,398236,398236,259866,259866,1991178,990,1299329,152,138370,138370,20622392,Small
557,2027 Q2,2027-06-30,Distributors,784710,793438,576753,576753,3967191,2182,2883764,167,207957,216685,42066671,Large
557,2027 Q3,2027-09-30,Distributors,714681,714681,518514,518514,3573407,2023,2592570,156,196167,196167,42066671,Large
557,2027 Q4,2027-12-31,Distributors,890482,904043,658051,658051,4520215,2023,3290256,156,232431,245992,42066671,Large
557,2028 Q1,2028-03-31,Distributors,915326,915326,671292,671292,4576631,2023,3356459,154,244034,244034,42066671,Large
557,2028 Q2,2028-06-30,Distributors,781580,781580,571084,571084,3907901,2027,2855421,152,210496,210496,42066671,Large
557,2028 Q3,2028-09-30,Distributors,757094,757094,551477,551477,3785472,2021,2757384,154,205617,205617,42066671,Large
572,2027 Q2,2027-06-30,Distributors,696564,696564,453886,453886,3482820,1690,2269432,161,242678,242678,35323252,Medium
572,2027 Q3,2027-09-30,Distributors,600142,606817,392409,392409,3034086,1568,1962044,146,207733,214408,35323252,Medium
572,2027 Q4,2027-12-31,Distributors,789391,800599,530339,530339,4002995,1568,2651693,150,259052,270260,35323252,Medium
572,2028 Q1,2028-03-31,Distributors,786883,798866,537095,537095,3994332,1570,2685473,150,249788,261771,35323252,Medium
572,2028 Q2,2028-06-30,Distributors,688771,688771,451457,451457,3443856,1568,2257283,146,237314,237314,35323252,Medium
572,2028 Q3,2028-09-30,Distributors,669873,669873,437974,437974,3349366,1566,2189872,148,231899,231899,35323252,Medium
569,2027 Q2,2027-06-30,Distributors,544566,628829,459392,459392,3144145,1840,2296959,159,85174,169437,33153957,Medium
569,2027 Q3,2027-09-30,Distributors,484866,571102,414059,414059,2855510,1708,2070294,148,70807,157043,33153957,Medium
569,2027 Q4,2027-12-31,Distributors,557950,709860,520319,520319,3549302,1710,2601595,148,37631,189541,33153957,Medium
569,2028 Q1,2028-03-31,Distributors,592414,711181,534643,534643,3555904,1708,2673215,156,57771,176538,33153957,Medium
569,2028 Q2,2028-06-30,Distributors,613899,613899,454880,454880,3069497,1708,2274401,148,159019,159019,33153957,Medium
569,2028 Q3,2028-09-30,Distributors,586621,586622,426005,426005,2933108,1707,2130027,148,160616,160617,33153957,Medium
548,2027 Q2,2027-06-30,Distributors,697933,707126,511217,511217,3535629,2086,2556083,161,186716,195909,36796896,Medium
548,2027 Q3,2027-09-30,Distributors,631761,642034,465869,465869,3210170,1935,2329347,148,165892,176165,36796896,Medium
548,2027 Q4,2027-12-31,Distributors,754805,764747,563013,563013,3823734,1935,2815066,148,191792,201734,36796896,Medium
548,2028 Q1,2028-03-31,Distributors,772856,772856,579233,579233,3864280,1938,2896163,150,193623,193623,36796896,Medium
548,2028 Q2,2028-06-30,Distributors,721228,721228,531273,531274,3606141,1940,2656368,152,189955,189954,36796896,Medium
548,2028 Q3,2028-09-30,Distributors,636877,636877,463906,463906,3184383,1932,2319532,148,172971,172971,36796896,Medium
684,2027 Q2,2027-06-30,Importer,0,0,0,0,1040500,178,0,0,0,0,6076034,Medium
684,2027 Q3,2027-09-30,Importer,0,0,0,0,904790,166,0,0,0,0,6076034,Medium
684,2027 Q4,2027-12-31,Importer,0,0,0,0,1082236,164,0,0,0,0,6076034,Medium
684,2028 Q1,2028-03-31,Importer,0,0,0,0,1094472,166,0,0,0,0,6076034,Medium
684,2028 Q2,2028-06-30,Importer,0,0,0,0,1040495,164,0,0,0,0,6076034,Medium
684,2028 Q3,2028-09-30,Importer,0,0,0,0,913541,162,0,0,0,0,6076034,Medium
541,2027 Q2,2027-06-30,Distributors,852790,852790,620264,620265,4263950,2206,3101323,157,232526,232525,45296821,Large
541,2027 Q3,2027-09-30,Distributors,774921,774921,561173,561173,3874606,2048,2805865,146,213748,213748,45296821,Large
541,2027 Q4,2027-12-31,Distributors,950349,962865,705014,705014,4814327,2048,3525068,150,245335,257851,45296821,Large
541,2028 Q1,2028-03-31,Distributors,952689,964260,713871,713871,4821300,2048,3569355,146,238818,250389,45296821,Large
541,2028 Q2,2028-06-30,Distributors,872318,872318,636962,636962,4361589,2046,3184808,148,235356,235356,45296821,Large
541,2028 Q3,2028-09-30,Distributors,809545,809545,585381,585381,4047726,2045,2926904,146,224164,224164,45296821,Large
550,2027 Q2,2027-06-30,Distributors,541162,615656,455674,455674,3078280,1374,2278369,159,85488,159982,33347525,Medium
550,2027 Q3,2027-09-30,Distributors,491668,563840,413306,413306,2819202,1278,2066532,148,78362,150534,33347525,Medium
550,2027 Q4,2027-12-31,Distributors,621998,704415,519797,519797,3522076,1276,2598984,150,102201,184618,33347525,Medium
550,2028 Q1,2028-03-31,Distributors,624646,716337,537635,537635,3581684,1278,2688176,148,87011,178702,33347525,Medium
550,2028 Q2,2028-06-30,Distributors,634713,634713,468918,468918,3173563,1280,2344590,150,165795,165795,33347525,Medium
550,2028 Q3,2028-09-30,Distributors,600427,600427,438787,438787,3002136,1276,2193933,148,161640,161640,33347525,Medium
539,2027 Q2,2027-06-30,Distributors,579026,579026,393994,393995,2895131,1086,1969973,147,185032,185031,29086944,Small
539,2027 Q3,2027-09-30,Distributors,510416,510416,344703,344703,2552079,1008,1723516,135,165713,165713,29086944,Small
539,2027 Q4,2027-12-31,Distributors,642232,642232,436832,436832,3211158,1008,2184161,137,205400,205400,29086944,Small
539,2028 Q1,2028-03-31,Distributors,648081,648081,446257,446257,3240407,1006,2231283,137,201824,201824,29086944,Small
539,2028 Q2,2028-06-30,Distributors,564048,564048,385138,385137,2820241,1010,1925687,139,178910,178911,29086944,Small
539,2028 Q3,2028-09-30,Distributors,515774,515774,350888,350888,2578870,1005,1754438,135,164886,164886,29086944,Small
560,2027 Q2,2027-06-30,Distributors,310717,315129,229281,229281,1575644,898,1146405,149,81436,85848,16376451,Small
560,2027 Q3,2027-09-30,Distributors,277394,282480,206143,206143,1412398,834,1030713,137,71251,76337,16376451,Small
560,2027 Q4,2027-12-31,Distributors,327726,340318,250237,250237,1701589,836,1251183,133,77489,90081,16376451,Small
560,2028 Q1,2028-03-31,Distributors,341963,349298,256850,256850,1746489,834,1284248,135,85113,92448,16376451,Small
560,2028 Q2,2028-06-30,Distributors,308145,308145,224696,224696,1540724,834,1123478,133,83449,83449,16376451,Small
560,2028 Q3,2028-09-30,Distributors,296963,296963,215753,215753,1484815,834,1078765,135,81210,81210,16376451,Small
571,2027 Q2,2027-06-30,Distributors,755447,766951,599760,599760,3834754,2232,2998798,157,155687,167191,41710051,Large
571,2027 Q3,2027-09-30,Distributors,676290,685199,535465,535465,3425993,2072,2677323,150,140825,149734,41710051,Large
571,2027 Q4,2027-12-31,Distributors,896376,896376,710432,710432,4481880,2074,3552159,148,185944,185944,41710051,Large
571,2028 Q1,2028-03-31,Distributors,870548,870548,691280,691280,4352740,2072,3456401,146,179268,179268,41710051,Large
571,2028 Q2,2028-06-30,Distributors,743900,743900,578145,578145,3719501,2072,2890726,148,165755,165755,41710051,Large
571,2028 Q3,2028-09-30,Distributors,710005,710005,553950,553950,3550026,2071,2769750,148,156055,156055,41710051,Large
540,2027 Q2,2027-06-30,Distributors,323661,323661,264350,264350,1618306,982,1321749,159,59311,59311,18139133,Small
540,2027 Q3,2027-09-30,Distributors,292840,296998,242356,242356,1484989,914,1211782,150,50484,54642,18139133,Small
540,2027 Q4,2027-12-31,Distributors,370563,370563,302157,302157,1852816,914,1510786,150,68406,68406,18139133,Small
540,2028 Q1,2028-03-31,Distributors,371089,376358,306254,306254,1881791,912,1531268,148,64835,70104,18139133,Small
540,2028 Q2,2028-06-30,Distributors,329685,329685,268122,268122,1648423,914,1340612,148,61563,61563,18139133,Small
540,2028 Q3,2028-09-30,Distributors,301781,301781,245541,245541,1508907,912,1227704,150,56240,56240,18139133,Small
558,2027 Q2,2027-06-30,Distributors,601489,601489,452570,452570,3007447,1920,2262852,159,148919,148919,31818148,Small
558,2027 Q3,2027-09-30,Distributors,543438,543439,407690,407690,2717193,1783,2038449,150,135748,135749,31818148,Small
558,2027 Q4,2027-12-31,Distributors,653497,653497,493641,493641,3267483,1783,2468206,150,159856,159856,31818148,Small
558,2028 Q1,2028-03-31,Distributors,662800,662800,505433,505433,3313999,1783,2527165,148,157367,157367,31818148,Small
558,2028 Q2,2028-06-30,Distributors,612702,612702,462803,462803,3063511,1785,2314017,148,149899,149899,31818148,Small
558,2028 Q3,2028-09-30,Distributors,553979,553979,413587,413587,2769893,1785,2067933,148,140392,140392,31818148,Small
686,2027 Q2,2027-06-30,Importer,0,0,0,0,740324,570,0,0,0,0,4439713,Small
686,2027 Q3,2027-09-30,Importer,0,0,0,0,711537,530,0,0,0,0,4439713,Small
686,2027 Q4,2027-12-31,Importer,0,0,0,0,796393,528,0,0,0,0,4439713,Small
686,2028 Q1,2028-03-31,Importer,0,0,0,0,758911,530,0,0,0,0,4439713,Small
686,2028 Q2,2028-06-30,Importer,0,0,0,0,733494,528,0,0,0,0,4439713,Small
686,2028 Q3,2028-09-30,Importer,0,0,0,0,699054,528,0,0,0,0,4439713,Small
538,2027 Q2,2027-06-30,Distributors,630584,630584,464944,464944,3152918,2006,2324718,157,165640,165640,34196131,Medium
538,2027 Q3,2027-09-30,Distributors,572126,572126,418046,418046,2860631,1860,2090230,146,154080,154080,34196131,Medium
538,2027 Q4,2027-12-31,Distributors,708481,708481,528899,528899,3542403,1860,2644497,146,179582,179582,34196131,Medium
538,2028 Q1,2028-03-31,Distributors,734764,734764,556259,556259,3673821,1860,2781297,146,178505,178505,34196131,Medium
538,2028 Q2,2028-06-30,Distributors,661073,661072,490018,490018,3305362,1862,2450090,148,171055,171054,34196131,Medium
538,2028 Q3,2028-09-30,Distributors,616927,616927,457106,457106,3084636,1858,2285528,148,159821,159821,34196131,Medium
545,2027 Q2,2027-06-30,Distributors,624572,624572,402903,402903,3122858,1874,2014515,143,221669,221669,31069242,Medium
545,2027 Q3,2027-09-30,Distributors,572711,572711,365156,365156,2863556,1737,1825782,133,207555,207555,31069242,Medium
545,2027 Q4,2027-12-31,Distributors,685262,692884,444273,444273,3464420,1737,2221363,137,240989,248611,31069242,Medium
545,2028 Q1,2028-03-31,Distributors,672431,672431,443282,443282,3362157,1739,2216408,133,229149,229149,31069242,Medium
545,2028 Q2,2028-06-30,Distributors,641457,641457,417755,417755,3207287,1737,2088773,133,223702,223702,31069242,Medium
545,2028 Q3,2028-09-30,Distributors,569083,569083,367341,367341,2845416,1737,1836707,133,201742,201742,31069242,Medium
565,2027 Q2,2027-06-30,Distributors,625470,636935,503052,503052,3184674,1896,2515261,161,122418,133883,34216686,Medium
565,2027 Q3,2027-09-30,Distributors,558777,567286,447034,447034,2836430,1760,2235168,150,111743,120252,34216686,Medium
565,2027 Q4,2027-12-31,Distributors,676146,688540,548558,548558,3442701,1760,2742791,148,127588,139982,34216686,Medium
565,2028 Q1,2028-03-31,Distributors,720189,720189,578268,578268,3600947,1760,2891339,148,141921,141921,34216686,Medium
565,2028 Q2,2028-06-30,Distributors,624424,624424,493295,493295,3122119,1760,2466476,148,131129,131129,34216686,Medium
565,2028 Q3,2028-09-30,Distributors,579849,579850,455907,455906,2899248,1761,2279532,150,123942,123944,34216686,Medium
689,2027 Q2,2027-06-30,Importer,0,0,0,0,744332,424,0,0,0,0,4664750,Small
689,2027 Q3,2027-09-30,Importer,0,0,0,0,705580,391,0,0,0,0,4664750,Small
689,2027 Q4,2027-12-31,Importer,0,0,0,0,915116,391,0,0,0,0,4664750,Small
689,2028 Q1,2028-03-31,Importer,0,0,0,0,877387,391,0,0,0,0,4664750,Small
689,2028 Q2,2028-06-30,Importer,0,0,0,0,732009,391,0,0,0,0,4664750,Small
689,2028 Q3,2028-09-30,Importer,0,0,0,0,690326,389,0,0,0,0,4664750,Small
567,2027 Q2,2027-06-30,Distributors,740506,740506,519256,519256,3702529,1846,2596279,157,221250,221250,38715826,Large
567,2027 Q3,2027-09-30,Distributors,673121,673121,472492,472492,3365606,1713,2362460,148,200629,200629,38715826,Large
567,2027 Q4,2027-12-31,Distributors,831027,831028,583037,583037,4155138,1711,2915186,146,247990,247991,38715826,Large
567,2028 Q1,2028-03-31,Distributors,833451,833451,593741,593741,4167256,1711,2968705,148,239710,239710,38715826,Large
567,2028 Q2,2028-06-30,Distributors,761354,761355,536903,536903,3806773,1719,2684517,146,224451,224452,38715826,Large
567,2028 Q3,2028-09-30,Distributors,703457,703457,494819,494819,3517284,1709,2474093,146,208638,208638,38715826,Large
536,2027 Q2,2027-06-30,Distributors,330515,330515,202154,202154,1652577,1052,1010769,159,128361,128361,15644514,Small
536,2027 Q3,2027-09-30,Distributors,283938,283939,165056,165056,1419693,975,825279,150,118882,118883,15644514,Small
536,2027 Q4,2027-12-31,Distributors,344383,344383,206948,206948,1721917,973,1034741,148,137435,137435,15644514,Small
536,2028 Q1,2028-03-31,Distributors,356092,356092,225451,225451,1780461,973,1127256,148,130641,130641,15644514,Small
536,2028 Q2,2028-06-30,Distributors,332238,332238,204161,204161,1661192,977,1020804,148,128077,128077,15644514,Small
536,2028 Q3,2028-09-30,Distributors,298272,298272,179693,179693,1491360,970,898465,148,118579,118579,15644514,Small
563,2027 Q2,2027-06-30,Distributors,315010,315010,268125,268125,1575048,942,1340623,147,46885,46885,17282615,Small
563,2027 Q3,2027-09-30,Distributors,279456,279456,237815,237815,1397281,873,1189077,135,41641,41641,17282615,Small
563,2027 Q4,2027-12-31,Distributors,328435,328435,281484,281484,1642173,873,1407420,135,46951,46951,17282615,Small
563,2028 Q1,2028-03-31,Distributors,331792,336845,288874,288874,1684224,873,1444371,137,42918,47971,17282615,Small
563,2028 Q2,2028-06-30,Distributors,303625,303625,258679,258679,1518126,875,1293396,139,44946,44946,17282615,Small
563,2028 Q3,2028-09-30,Distributors,301443,301443,256733,256733,1507213,873,1283663,135,44710,44710,17282615,Small
543,2027 Q2,2027-06-30,Distributors,451929,451929,326034,326034,2259647,1150,1630172,147,125895,125895,23464884,Small
543,2027 Q3,2027-09-30,Distributors,423050,423050,304548,304548,2115249,1070,1522742,139,118502,118502,23464884,Small
543,2027 Q4,2027-12-31,Distributors,488047,488047,356737,356737,2440236,1068,1783684,137,131310,131310,23464884,Small
543,2028 Q1,2028-03-31,Distributors,494114,494114,363449,363449,2470570,1068,1817243,135,130665,130665,23464884,Small
543,2028 Q2,2028-06-30,Distributors,446749,446749,323702,323702,2233746,1076,1618511,135,123047,123047,23464884,Small
543,2028 Q3,2028-09-30,Distributors,415392,415392,299225,299225,2076958,1070,1496126,135,116167,116167,23464884,Small
544,2027 Q2,2027-06-30,Distributors,145385,145385,102069,102069,726925,450,510345,145,43316,43316,7702189,Small
544,2027 Q3,2027-09-30,Distributors,127073,127073,87474,87474,635364,420,437369,137,39599,39599,7702189,Small
544,2027 Q4,2027-12-31,Distributors,178180,180710,125992,125992,903549,420,629960,137,52188,54718,7702189,Small
544,2028 Q1,2028-03-31,Distributors,172538,174811,125264,125264,874056,420,626318,137,47274,49547,7702189,Small
544,2028 Q2,2028-06-30,Distributors,144391,144391,101273,101273,721956,418,506367,135,43118,43118,7702189,Small
544,2028 Q3,2028-09-30,Distributors,132872,132872,93124,93124,664360,420,465620,135,39748,39748,7702189,Small
673,2027 Q2,2027-06-30,Importer,0,0,0,0,1601122,584,0,0,0,0,8929551,Medium
673,2027 Q3,2027-09-30,Importer,0,0,0,0,1367570,543,0,0,0,0,8929551,Medium
673,2027 Q4,2027-12-31,Importer,0,0,0,0,1424145,541,0,0,0,0,8929551,Medium
673,2028 Q1,2028-03-31,Importer,0,0,0,0,1521641,541,0,0,0,0,8929551,Medium
673,2028 Q2,2028-06-30,Importer,0,0,0,0,1594609,541,0,0,0,0,8929551,Medium
673,2028 Q3,2028-09-30,Importer,0,0,0,0,1420464,541,0,0,0,0,8929551,Medium
675,2027 Q2,2027-06-30,Importer,0,0,0,0,645532,512,0,0,0,0,3928607,Small
675,2027 Q3,2027-09-30,Importer,0,0,0,0,575521,473,0,0,0,0,3928607,Small
675,2027 Q4,2027-12-31,Importer,0,0,0,0,694928,475,0,0,0,0,3928607,Small
675,2028 Q1,2028-03-31,Importer,0,0,0,0,700666,475,0,0,0,0,3928607,Small
675,2028 Q2,2028-06-30,Importer,0,0,0,0,664201,473,0,0,0,0,3928607,Small
675,2028 Q3,2028-09-30,Importer,0,0,0,0,647759,472,0,0,0,0,3928607,Small
570,2027 Q2,2027-06-30,Distributors,621516,621516,399960,399960,3107581,1896,1999799,163,221556,221556,30588719,Small
570,2027 Q3,2027-09-30,Distributors,548242,548242,347403,347403,2741212,1760,1737013,150,200839,200839,30588719,Small
570,2027 Q4,2027-12-31,Distributors,668751,668751,432160,432159,3343757,1760,2160797,152,236591,236592,30588719,Small
570,2028 Q1,2028-03-31,Distributors,676368,676368,447357,447357,3381839,1763,2236786,150,229011,229011,30588719,Small
570,2028 Q2,2028-06-30,Distributors,620697,620697,401275,401275,3103486,1765,2006376,152,219422,219422,30588719,Small
570,2028 Q3,2028-09-30,Distributors,582780,582780,371235,371235,2913900,1761,1856173,152,211545,211545,30588719,Small
566,2027 Q2,2027-06-30,Distributors,183733,255896,177494,177494,1279482,790,887470,157,6239,78402,13294053,Small
566,2027 Q3,2027-09-30,Distributors,121025,225373,154688,154688,1126865,733,773441,146,-33663,70685,13294053,Small
566,2027 Q4,2027-12-31,Distributors,158387,275936,192272,192272,1379682,733,961361,148,-33885,83664,13294053,Small
566,2028 Q1,2028-03-31,Distributors,230541,292936,206809,206809,1464680,733,1034047,146,23732,86127,13294053,Small
566,2028 Q2,2028-06-30,Distributors,272194,275500,191616,191616,1377500,733,958080,150,80578,83884,13294053,Small
566,2028 Q3,2028-09-30,Distributors,238579,243448,166841,166841,1217240,734,834205,148,71738,76607,13294053,Small
549,2027 Q2,2027-06-30,Distributors,125402,185506,163504,163504,927531,580,817521,131,-38102,22002,10683669,Small
549,2027 Q3,2027-09-30,Distributors,110617,153421,135130,135130,767104,540,675651,122,-24513,18291,10683669,Small
549,2027 Q4,2027-12-31,Distributors,149075,208205,182115,182115,1041027,538,910574,122,-33040,26090,10683669,Small
549,2028 Q1,2028-03-31,Distributors,152700,224890,198018,198018,1124449,540,990090,124,-45318,26872,10683669,Small
549,2028 Q2,2028-06-30,Distributors,194727,197692,173226,173226,988462,540,866128,122,21501,24466,10683669,Small
549,2028 Q3,2028-09-30,Distributors,165178,168549,146477,146477,842745,539,732387,122,18701,22072,10683669,Small
533,2027 Q2,2027-06-30,Distributors,564563,651920,423731,423731,3259601,1814,2118656,161,140832,228189,32582206,Medium
533,2027 Q3,2027-09-30,Distributors,510341,587950,377701,377701,2939748,1682,1888506,148,132640,210249,32582206,Medium
533,2027 Q4,2027-12-31,Distributors,544319,715268,467530,467530,3576342,1682,2337650,150,76789,247738,32582206,Medium
533,2028 Q1,2028-03-31,Distributors,603976,719019,476080,476080,3595095,1682,2380402,152,127896,242939,32582206,Medium
533,2028 Q2,2028-06-30,Distributors,652500,652500,422194,422194,3262501,1686,2110969,148,230306,230306,32582206,Medium
533,2028 Q3,2028-09-30,Distributors,623431,623431,399116,399116,3117154,1681,1995582,150,224315,224315,32582206,Medium
692,2027 Q2,2027-06-30,Importer,0,0,0,0,6135081,716,0,0,0,0,38383662,Large
692,2027 Q3,2027-09-30,Importer,0,0,0,0,5663947,667,0,0,0,0,38383662,Large
692,2027 Q4,2027-12-31,Importer,0,0,0,0,7235941,665,0,0,0,0,38383662,Large
692,2028 Q1,2028-03-31,Importer,0,0,0,0,7284634,665,0,0,0,0,38383662,Large
692,2028 Q2,2028-06-30,Importer,0,0,0,0,6178091,665,0,0,0,0,38383662,Large
692,2028 Q3,2028-09-30,Importer,0,0,0,0,5885968,665,0,0,0,0,38383662,Large
555,2027 Q2,2027-06-30,Distributors,249161,249161,171317,171317,1245804,540,856584,135,77844,77844,13105096,Small
555,2027 Q3,2027-09-30,Distributors,218398,218399,148360,148360,1091993,499,741802,120,70038,70039,13105096,Small
555,2027 Q4,2027-12-31,Distributors,288280,288280,199883,199883,1441400,499,999417,122,88397,88397,13105096,Small
555,2028 Q1,2028-03-31,Distributors,302953,302953,215351,215351,1514763,504,1076757,122,87602,87602,13105096,Small
555,2028 Q2,2028-06-30,Distributors,256738,256738,175958,175958,1283689,504,879791,120,80780,80780,13105096,Small
555,2028 Q3,2028-09-30,Distributors,235803,235802,158817,158817,1179012,498,794084,124,76986,76985,13105096,Small
554,2027 Q2,2027-06-30,Distributors,313203,353104,230319,230319,1765521,1014,1151596,157,82884,122785,18120278,Small
554,2027 Q3,2027-09-30,Distributors,285476,318255,209388,209388,1591277,941,1046938,150,76088,108867,18120278,Small
554,2027 Q4,2027-12-31,Distributors,339562,391201,257932,257932,1956007,943,1289658,150,81630,133269,18120278,Small
554,2028 Q1,2028-03-31,Distributors,359874,415559,275031,275031,2077796,941,1375155,146,84843,140528,18120278,Small
554,2028 Q2,2028-06-30,Distributors,358649,358649,236275,236275,1793245,941,1181373,148,122374,122374,18120278,Small
554,2028 Q3,2028-09-30,Distributors,348453,348453,229890,229890,1742263,942,1149449,148,118563,118563,18120278,Small
682,2027 Q2,2027-06-30,Importer,0,0,0,0,988416,574,0,0,0,0,6011975,Small
682,2027 Q3,2027-09-30,Importer,0,0,0,0,916899,531,0,0,0,0,6011975,Small
682,2027 Q4,2027-12-31,Importer,0,0,0,0,1074822,533,0,0,0,0,6011975,Small
682,2028 Q1,2028-03-31,Importer,0,0,0,0,1053210,533,0,0,0,0,6011975,Small
682,2028 Q2,2028-06-30,Importer,0,0,0,0,1005596,531,0,0,0,0,6011975,Small
682,2028 Q3,2028-09-30,Importer,0,0,0,0,973032,530,0,0,0,0,6011975,Small
537,2027 Q2,2027-06-30,Distributors,606496,606496,460859,460859,3032478,962,2304297,143,145637,145637,33443542,Medium
537,2027 Q3,2027-09-30,Distributors,541160,541160,409980,409980,2705801,894,2049899,133,131180,131180,33443542,Medium
537,2027 Q4,2027-12-31,Distributors,718482,718482,549562,549562,3592410,892,2747810,133,168920,168920,33443542,Medium
537,2028 Q1,2028-03-31,Distributors,726229,726229,561182,561182,3631145,892,2805911,133,165047,165047,33443542,Medium
537,2028 Q2,2028-06-30,Distributors,622885,622885,472915,472915,3114426,894,2364575,133,149970,149970,33443542,Medium
537,2028 Q3,2028-09-30,Distributors,580440,580440,438519,438518,2902198,890,2192592,135,141921,141922,33443542,Medium
556,2027 Q2,2027-06-30,Distributors,288855,292362,234950,234950,1461812,940,1174748,163,53905,57412,15958720,Small
556,2027 Q3,2027-09-30,Distributors,257356,260218,208261,208261,1301091,875,1041307,148,49095,51957,15958720,Small
556,2027 Q4,2027-12-31,Distributors,324148,328751,259774,259773,1643756,873,1298867,150,64374,68978,15958720,Small
556,2028 Q1,2028-03-31,Distributors,328953,334302,263575,263575,1671511,873,1317873,150,65378,70727,15958720,Small
556,2028 Q2,2028-06-30,Distributors,296215,296215,235322,235322,1481073,875,1176610,150,60893,60893,15958720,Small
556,2028 Q3,2028-09-30,Distributors,265072,265072,212942,212942,1325360,873,1064712,150,52130,52130,15958720,Small
542,2027 Q2,2027-06-30,Distributors,197816,197816,136877,136877,989079,482,684383,143,60939,60939,9611514,Small
542,2027 Q3,2027-09-30,Distributors,174521,174521,121457,121457,872603,449,607283,135,53064,53064,9611514,Small
542,2027 Q4,2027-12-31,Distributors,205380,205380,145037,145037,1026902,447,725184,135,60343,60343,9611514,Small
542,2028 Q1,2028-03-31,Distributors,205003,207493,146255,146255,1037463,449,731277,137,58748,61238,9611514,Small
542,2028 Q2,2028-06-30,Distributors,175651,175651,121533,121533,878257,447,607663,133,54118,54118,9611514,Small
542,2028 Q3,2028-09-30,Distributors,172815,172815,117469,117469,864073,446,587347,135,55346,55346,9611514,Small
559,2027 Q2,2027-06-30,Distributors,338034,338034,255816,255816,1690171,800,1279082,159,82218,82218,17305057,Small
559,2027 Q3,2027-09-30,Distributors,305665,305665,232353,232353,1528325,743,1161764,148,73312,73312,17305057,Small
559,2027 Q4,2027-12-31,Distributors,349256,349256,265406,265406,1746281,743,1327030,148,83850,83850,17305057,Small
559,2028 Q1,2028-03-31,Distributors,344609,344609,262004,262004,1723044,743,1310019,150,82605,82605,17305057,Small
559,2028 Q2,2028-06-30,Distributors,340984,340984,259918,259918,1704920,745,1299589,148,81066,81066,17305057,Small
559,2028 Q3,2028-09-30,Distributors,288108,288108,218859,218859,1440539,743,1094293,148,69249,69249,17305057,Small
677,2027 Q2,2027-06-30,Importer,0,0,0,0,363843,464,0,0,0,0,2257843,Small
677,2027 Q3,2027-09-30,Importer,0,0,0,0,335503,433,0,0,0,0,2257843,Small
677,2027 Q4,2027-12-31,Importer,0,0,0,0,403621,431,0,0,0,0,2257843,Small
677,2028 Q1,2028-03-31,Importer,0,0,0,0,399911,431,0,0,0,0,2257843,Small
677,2028 Q2,2028-06-30,Importer,0,0,0,0,385881,433,0,0,0,0,2257843,Small
677,2028 Q3,2028-09-30,Importer,0,0,0,0,369084,431,0,0,0,0,2257843,Small
676,2027 Q2,2027-06-30,Importer,0,0,0,0,49783,100,0,0,0,0,315727,Small
676,2027 Q3,2027-09-30,Importer,0,0,0,0,51356,95,0,0,0,0,315727,Small
676,2027 Q4,2027-12-31,Importer,0,0,0,0,52419,93,0,0,0,0,315727,Small
676,2028 Q1,2028-03-31,Importer,0,0,0,0,54868,95,0,0,0,0,315727,Small
676,2028 Q2,2028-06-30,Importer,0,0,0,0,53052,93,0,0,0,0,315727,Small
676,2028 Q3,2028-09-30,Importer,0,0,0,0,54249,95,0,0,0,0,315727,Small
678,2027 Q2,2027-06-30,Importer,0,0,0,0,1033090,318,0,0,0,0,6021285,Medium
678,2027 Q3,2027-09-30,Importer,0,0,0,0,892512,294,0,0,0,0,6021285,Medium
678,2027 Q4,2027-12-31,Importer,0,0,0,0,1017049,296,0,0,0,0,6021285,Medium
678,2028 Q1,2028-03-31,Importer,0,0,0,0,1083937,294,0,0,0,0,6021285,Medium
678,2028 Q2,2028-06-30,Importer,0,0,0,0,1067808,294,0,0,0,0,6021285,Medium
678,2028 Q3,2028-09-30,Importer,0,0,0,0,926889,292,0,0,0,0,6021285,Medium
683,2027 Q2,2027-06-30,Importer,0,0,0,0,710027,256,0,0,0,0,4305071,Small
683,2027 Q3,2027-09-30,Importer,0,0,0,0,651898,238,0,0,0,0,4305071,Small
683,2027 Q4,2027-12-31,Importer,0,0,0,0,778568,236,0,0,0,0,4305071,Small
683,2028 Q1,2028-03-31,Importer,0,0,0,0,757039,236,0,0,0,0,4305071,Small
683,2028 Q2,2028-06-30,Importer,0,0,0,0,718431,236,0,0,0,0,4305071,Small
683,2028 Q3,2028-09-30,Importer,0,0,0,0,689108,238,0,0,0,0,4305071,Small
561,2027 Q2,2027-06-30,Distributors,469670,469670,368169,368169,2348352,996,1840845,145,101501,101501,24385845,Small
561,2027 Q3,2027-09-30,Distributors,401582,401582,314563,314563,2007912,925,1572815,137,87019,87019,24385845,Small
561,2027 Q4,2027-12-31,Distributors,505462,505462,397742,397742,2527310,925,1988709,135,107720,107720,24385845,Small
561,2028 Q1,2028-03-31,Distributors,500434,500434,394950,394950,2502171,925,1974749,137,105484,105484,24385845,Small
561,2028 Q2,2028-06-30,Distributors,438042,438042,338505,338505,2190211,925,1692526,135,99537,99537,24385845,Small
561,2028 Q3,2028-09-30,Distributors,423000,423000,325049,325049,2115002,925,1625243,139,97951,97951,24385845,Small
679,2027 Q2,2027-06-30,Importer,0,0,0,0,5652274,356,0,0,0,0,35189947,Large
679,2027 Q3,2027-09-30,Importer,0,0,0,0,5098377,330,0,0,0,0,35189947,Large
679,2027 Q4,2027-12-31,Importer,0,0,0,0,6786477,330,0,0,0,0,35189947,Large
679,2028 Q1,2028-03-31,Importer,0,0,0,0,6794124,330,0,0,0,0,35189947,Large
679,2028 Q2,2028-06-30,Importer,0,0,0,0,5576924,330,0,0,0,0,35189947,Large
679,2028 Q3,2028-09-30,Importer,0,0,0,0,5281771,329,0,0,0,0,35189947,Large
535,2027 Q2,2027-06-30,Distributors,142827,159941,105882,105882,799706,522,529411,131,36945,54059,8093549,Small
535,2027 Q3,2027-09-30,Distributors,131385,149812,98570,98570,749061,483,492852,122,32815,51242,8093549,Small
535,2027 Q4,2027-12-31,Distributors,153106,171260,113999,113999,856302,485,569993,122,39107,57261,8093549,Small
535,2028 Q1,2028-03-31,Distributors,149054,170933,115165,115165,854665,483,575825,126,33889,55768,8093549,Small
535,2028 Q2,2028-06-30,Distributors,166901,166901,110503,110503,834505,483,552515,122,56398,56398,8093549,Small
535,2028 Q3,2028-09-30,Distributors,155089,155089,100654,100654,775443,483,503271,124,54435,54435,8093549,Small
680,2027 Q2,2027-06-30,Importer,0,0,0,0,1421675,604,0,0,0,0,8628674,Medium
680,2027 Q3,2027-09-30,Importer,0,0,0,0,1295920,561,0,0,0,0,8628674,Medium
680,2027 Q4,2027-12-31,Importer,0,0,0,0,1562962,561,0,0,0,0,8628674,Medium
680,2028 Q1,2028-03-31,Importer,0,0,0,0,1527339,561,0,0,0,0,8628674,Medium
680,2028 Q2,2028-06-30,Importer,0,0,0,0,1449162,563,0,0,0,0,8628674,Medium
680,2028 Q3,2028-09-30,Importer,0,0,0,0,1371616,561,0,0,0,0,8628674,Medium
691,2027 Q2,2027-06-30,Importer,0,0,0,0,2593127,408,0,0,0,0,15919693,Large
691,2027 Q3,2027-09-30,Importer,0,0,0,0,2363007,379,0,0,0,0,15919693,Large
691,2027 Q4,2027-12-31,Importer,0,0,0,0,2896535,379,0,0,0,0,15919693,Large
691,2028 Q1,2028-03-31,Importer,0,0,0,0,2993858,379,0,0,0,0,15919693,Large
691,2028 Q2,2028-06-30,Importer,0,0,0,0,2601015,381,0,0,0,0,15919693,Large
691,2028 Q3,2028-09-30,Importer,0,0,0,0,2472151,381,0,0,0,0,15919693,Large
562,2027 Q2,2027-06-30,Distributors,236193,236193,180664,180663,1180966,506,903317,161,55529,55530,12363974,Small
562,2027 Q3,2027-09-30,Distributors,205424,205423,155841,155841,1027117,470,779206,148,49583,49582,12363974,Small
562,2027 Q4,2027-12-31,Distributors,269021,272288,207761,207761,1361442,472,1038805,150,61260,64527,12363974,Small
562,2028 Q1,2028-03-31,Distributors,268796,268796,206170,206170,1343979,470,1030849,150,62626,62626,12363974,Small
562,2028 Q2,2028-06-30,Distributors,217184,217184,166011,166011,1085920,472,830056,150,51173,51173,12363974,Small
562,2028 Q3,2028-09-30,Distributors,202868,202868,153596,153596,1014338,472,767979,150,49272,49272,12363974,Small
681,2027 Q2,2027-06-30,Importer,0,0,0,0,184864,244,0,0,0,0,1154247,Small
681,2027 Q3,2027-09-30,Importer,0,0,0,0,165709,228,0,0,0,0,1154247,Small
681,2027 Q4,2027-12-31,Importer,0,0,0,0,222846,226,0,0,0,0,1154247,Small
681,2028 Q1,2028-03-31,Importer,0,0,0,0,208704,226,0,0,0,0,1154247,Small
681,2028 Q2,2028-06-30,Importer,0,0,0,0,187426,226,0,0,0,0,1154247,Small
681,2028 Q3,2028-09-30,Importer,0,0,0,0,184698,225,0,0,0,0,1154247,Small
674,2027 Q2,2027-06-30,Importer,0,0,0,0,166746,204,0,0,0,0,1016590,Small
674,2027 Q3,2027-09-30,Importer,0,0,0,0,155449,187,0,0,0,0,1016590,Small
674,2027 Q4,2027-12-31,Importer,0,0,0,0,183881,189,0,0,0,0,1016590,Small
674,2028 Q1,2028-03-31,Importer,0,0,0,0,176689,187,0,0,0,0,1016590,Small
674,2028 Q2,2028-06-30,Importer,0,0,0,0,171198,187,0,0,0,0,1016590,Small
674,2028 Q3,2028-09-30,Importer,0,0,0,0,162627,186,0,0,0,0,1016590,Small
685,2027 Q2,2027-06-30,Importer,0,0,0,0,670283,350,0,0,0,0,3926006,Small
685,2027 Q3,2027-09-30,Importer,0,0,0,0,577992,325,0,0,0,0,3926006,Small
685,2027 Q4,2027-12-31,Importer,0,0,0,0,689511,323,0,0,0,0,3926006,Small
685,2028 Q1,2028-03-31,Importer,0,0,0,0,699257,323,0,0,0,0,3926006,Small
685,2028 Q2,2028-06-30,Importer,0,0,0,0,658957,323,0,0,0,0,3926006,Small
685,2028 Q3,2028-09-30,Importer,0,0,0,0,630006,320,0,0,0,0,3926006,Small
690,2027 Q2,2027-06-30,Importer,0,0,0,0,359274,282,0,0,0,0,2171220,Small
690,2027 Q3,2027-09-30,Importer,0,0,0,0,325236,264,0,0,0,0,2171220,Small
690,2027 Q4,2027-12-31,Importer,0,0,0,0,392553,262,0,0,0,0,2171220,Small
690,2028 Q1,2028-03-31,Importer,0,0,0,0,377517,262,0,0,0,0,2171220,Small
690,2028 Q2,2028-06-30,Importer,0,0,0,0,355924,262,0,0,0,0,2171220,Small
690,2028 Q3,2028-09-30,Importer,0,0,0,0,360716,264,0,0,0,0,2171220,Small
687,2027 Q2,2027-06-30,Importer,0,0,0,0,1123049,200,0,0,0,0,6925957,Medium
687,2027 Q3,2027-09-30,Importer,0,0,0,0,988620,184,0,0,0,0,6925957,Medium
687,2027 Q4,2027-12-31,Importer,0,0,0,0,1305712,184,0,0,0,0,6925957,Medium
687,2028 Q1,2028-03-31,Importer,0,0,0,0,1382497,184,0,0,0,0,6925957,Medium
687,2028 Q2,2028-06-30,Importer,0,0,0,0,1122374,184,0,0,0,0,6925957,Medium
687,2028 Q3,2028-09-30,Importer,0,0,0,0,1003705,184,0,0,0,0,6925957,Medium
688,2027 Q2,2027-06-30,Importer,0,0,0,0,222473,162,0,0,0,0,1404647,Small
688,2027 Q3,2027-09-30,Importer,0,0,0,0,207176,150,0,0,0,0,1404647,Small
688,2027 Q4,2027-12-31,Importer,0,0,0,0,273612,148,0,0,0,0,1404647,Small
688,2028 Q1,2028-03-31,Importer,0,0,0,0,255260,148,0,0,0,0,1404647,Small
688,2028 Q2,2028-06-30,Importer,0,0,0,0,218229,148,0,0,0,0,1404647,Small
688,2028 Q3,2028-09-30,Importer,0,0,0,0,227897,147,0,0,0,0,1404647,Small
590,2027 Q2,2027-06-30,Food_Processors,2206639,2206639,1647336,1647336,11033196,744,8236682,75,559303,559303,118338456,Large
590,2027 Q3,2027-09-30,Food_Processors,1972609,1972609,1491210,1491210,9863045,691,7456051,70,481399,481399,118338456,Large
590,2027 Q4,2027-12-31,Food_Processors,2450137,2450138,1874257,1874257,12250688,691,9371283,76,575880,575881,118338456,Large
590,2028 Q1,2028-03-31,Food_Processors,2538715,2538715,1927407,1927407,12693576,691,9637037,72,611308,611308,118338456,Large
590,2028 Q2,2028-06-30,Food_Processors,2249772,2249773,1679031,1679031,11248863,691,8395156,70,570741,570742,118338456,Large
590,2028 Q3,2028-09-30,Food_Processors,2069846,2069846,1560730,1560730,10349230,691,7803649,72,509116,509116,118338456,Large
586,2027 Q2,2027-06-30,Meat_Processors,961430,961430,806670,806670,4807151,578,4033351,51,154760,154760,55267819,Large
586,2027 Q3,2027-09-30,Meat_Processors,871519,871519,733964,733964,4357594,535,3669819,48,137555,137555,55267819,Large
586,2027 Q4,2027-12-31,Meat_Processors,1165067,1165067,971455,971455,5825334,535,4857277,44,193612,193612,55267819,Large
586,2028 Q1,2028-03-31,Meat_Processors,1177968,1177968,982863,982863,5889842,535,4914313,44,195105,195105,55267819,Large
586,2028 Q2,2028-06-30,Meat_Processors,955900,955900,801558,801558,4779501,535,4007788,48,154342,154342,55267819,Large
586,2028 Q3,2028-09-30,Meat_Processors,882706,882706,742464,742464,4413528,537,3712321,50,140242,140242,55267819,Large
589,2027 Q2,2027-06-30,Food_Processors,1503512,1524860,996926,996926,7624299,646,4984632,83,506586,527934,77011080,Large
589,2027 Q3,2027-09-30,Food_Processors,1344775,1376433,912546,912546,6882164,600,4562729,80,432229,463887,77011080,Large
589,2027 Q4,2027-12-31,Food_Processors,1662916,1662916,1106737,1106737,8314582,600,5533685,74,556179,556179,77011080,Large
589,2028 Q1,2028-03-31,Food_Processors,1713371,1732428,1145255,1145255,8662140,602,5726273,76,568116,587173,77011080,Large
589,2028 Q2,2028-06-30,Food_Processors,1543430,1543430,1008192,1008192,7717152,600,5040958,80,535238,535238,77011080,Large
589,2028 Q3,2028-09-30,Food_Processors,1441998,1441998,950495,950495,7209989,600,4752477,76,491503,491503,77011080,Large
594,2027 Q2,2027-06-30,Food_Processors,2521863,2521863,1750874,1750874,12609316,1108,8754368,81,770989,770989,126469327,Large
594,2027 Q3,2027-09-30,Food_Processors,2182352,2182352,1539479,1539479,10911761,1029,7697394,76,642873,642873,126469327,Large
594,2027 Q4,2027-12-31,Food_Processors,2577283,2577283,1855702,1855702,12886414,1031,9278508,76,721581,721581,126469327,Large
594,2028 Q1,2028-03-31,Food_Processors,2743629,2743629,1947316,1947316,13718143,1029,9736582,74,796313,796313,126469327,Large
594,2028 Q2,2028-06-30,Food_Processors,2512953,2512953,1745930,1745930,12564767,1029,8729652,78,767023,767023,126469327,Large
594,2028 Q3,2028-09-30,Food_Processors,2297287,2297287,1619197,1619197,11486437,1031,8095985,72,678090,678090,126469327,Large
573,2027 Q2,2027-06-30,Meat_Processors,389433,389433,350450,350450,1947163,170,1752249,47,38983,38983,22822740,Large
573,2027 Q3,2027-09-30,Meat_Processors,339410,339410,309292,309292,1697051,158,1546461,42,30118,30118,22822740,Large
573,2027 Q4,2027-12-31,Meat_Processors,468496,468496,415179,415179,2342481,158,2075894,44,53317,53317,22822740,Large
573,2028 Q1,2028-03-31,Meat_Processors,470606,470606,417317,417317,2353032,158,2086586,42,53289,53289,22822740,Large
573,2028 Q2,2028-06-30,Meat_Processors,378964,378964,341917,341917,1894821,158,1709584,42,37047,37047,22822740,Large
573,2028 Q3,2028-09-30,Meat_Processors,358367,358367,325117,325117,1791835,158,1625583,46,33250,33250,22822740,Large
604,2027 Q2,2027-06-30,Food_Processors,5372,5372,10405,10405,26860,16,52026,21,-5033,-5033,446711,Small
604,2027 Q3,2027-09-30,Food_Processors,3827,3827,9323,9323,19137,15,46613,18,-5496,-5496,446711,Small
604,2027 Q4,2027-12-31,Food_Processors,4485,4544,9825,9825,22720,17,49124,18,-5340,-5281,446711,Small
604,2028 Q1,2028-03-31,Food_Processors,5400,5521,10510,10510,27605,17,52548,20,-5110,-4989,446711,Small
604,2028 Q2,2028-06-30,Food_Processors,5577,5577,10548,10548,27883,15,52742,18,-4971,-4971,446711,Small
604,2028 Q3,2028-09-30,Food_Processors,4263,4263,9628,9628,21314,15,48139,20,-5365,-5365,446711,Small
627,2027 Q2,2027-06-30,Livestock_Farmers,2486095,2486095,21522,21522,12430477,170,5754436,31,2464573,2464573,114897868,Large
627,2027 Q3,2027-09-30,Livestock_Farmers,2292006,2292006,21522,21522,11460028,158,5313656,29,2270484,2270484,114897868,Large
627,2027 Q4,2027-12-31,Livestock_Farmers,2938708,2986492,21522,21522,14932459,158,6891225,29,2917186,2964970,114897868,Large
627,2028 Q1,2028-03-31,Livestock_Farmers,3019310,3019310,21522,21522,15096548,158,6965852,29,2997788,2997788,114897868,Large
627,2028 Q2,2028-06-30,Livestock_Farmers,2518212,2518212,21522,21522,12591062,158,5827379,29,2496690,2496690,114897868,Large
627,2028 Q3,2028-09-30,Livestock_Farmers,2410440,2410440,21522,21522,12052202,158,5582544,29,2388918,2388918,114897868,Large
583,2027 Q2,2027-06-30,Meat_Processors,1189998,1189998,981972,981972,5949990,492,4909860,45,208026,208026,69063001,Large
583,2027 Q3,2027-09-30,Meat_Processors,1070268,1070268,886161,886161,5351340,457,4430807,46,184107,184107,69063001,Large
583,2027 Q4,2027-12-31,Meat_Processors,1485107,1503145,1232754,1232754,7515724,457,6163772,42,252353,270391,69063001,Large
583,2028 Q1,2028-03-31,Meat_Processors,1492365,1492365,1224491,1224491,7461825,457,6122454,42,267874,267874,69063001,Large
583,2028 Q2,2028-06-30,Meat_Processors,1194665,1194665,985517,985517,5973326,457,4927585,48,209148,209148,69063001,Large
583,2028 Q3,2028-09-30,Meat_Processors,1123147,1123147,928116,928116,5615737,457,4640581,42,195031,195031,69063001,Large
609,2027 Q2,2027-06-30,Food_Processors,3517901,3564236,2148443,2148443,17821180,1068,10742215,83,1369458,1415793,171720740,Large
609,2027 Q3,2027-09-30,Food_Processors,3155443,3155443,1917629,1917629,15777216,990,9588143,80,1237814,1237814,171720740,Large
609,2027 Q4,2027-12-31,Food_Processors,3865385,3865385,2369667,2369667,19326925,992,11848337,78,1495718,1495718,171720740,Large
609,2028 Q1,2028-03-31,Food_Processors,3945682,3945682,2409258,2409258,19728408,992,12046292,82,1536424,1536424,171720740,Large
609,2028 Q2,2028-06-30,Food_Processors,3569235,3569235,2143796,2143796,17846174,990,10718979,76,1425439,1425439,171720740,Large
609,2028 Q3,2028-09-30,Food_Processors,3270834,3270834,1984541,1984541,16354168,990,9922703,80,1286293,1286293,171720740,Large
633,2027 Q2,2027-06-30,Livestock_Farmers,465155,465155,24278,24278,2325775,100,1232432,45,440877,440877,22426517,Large
633,2027 Q3,2027-09-30,Livestock_Farmers,417853,417853,24278,24278,2089263,93,1119967,42,393575,393575,22426517,Large
633,2027 Q4,2027-12-31,Livestock_Farmers,573066,573066,24278,24278,2865329,93,1489381,42,548788,548788,22426517,Large
633,2028 Q1,2028-03-31,Livestock_Farmers,595327,595327,24278,24278,2976637,93,1541218,44,571049,571049,22426517,Large
633,2028 Q2,2028-06-30,Livestock_Farmers,461412,461412,24278,24278,2307059,93,1223867,42,437134,437134,22426517,Large
633,2028 Q3,2028-09-30,Livestock_Farmers,424029,424029,24278,24278,2120146,93,1135443,42,399751,399751,22426517,Large
592,2027 Q2,2027-06-30,Food_Processors,28386,28386,32305,32305,141930,16,161527,21,-3919,-3919,1800105,Medium
592,2027 Q3,2027-09-30,Food_Processors,23589,23589,29251,29251,117946,15,146255,20,-5662,-5662,1800105,Medium
592,2027 Q4,2027-12-31,Food_Processors,25477,25477,30453,30453,127387,15,152267,18,-4976,-4976,1800105,Medium
592,2028 Q1,2028-03-31,Food_Processors,28174,28174,32170,32170,140868,15,160851,20,-3996,-3996,1800105,Medium
592,2028 Q2,2028-06-30,Food_Processors,33250,33250,35402,35402,166249,15,177012,20,-2152,-2152,1800105,Medium
592,2028 Q3,2028-09-30,Food_Processors,28918,28918,32644,32644,144591,15,163222,20,-3726,-3726,1800105,Medium
625,2027 Q2,2027-06-30,Livestock_Farmers,59392,60358,11770,11770,301788,128,219461,31,47622,48588,3190223,Medium
625,2027 Q3,2027-09-30,Livestock_Farmers,54436,55832,11770,11770,279161,119,207418,29,42666,44062,3190223,Medium
625,2027 Q4,2027-12-31,Livestock_Farmers,67973,70732,11770,11770,353660,121,247041,29,56203,58962,3190223,Medium
625,2028 Q1,2028-03-31,Livestock_Farmers,66287,67709,11770,11770,338547,119,239006,31,54517,55939,3190223,Medium
625,2028 Q2,2028-06-30,Livestock_Farmers,58594,58594,11770,11770,292969,119,214755,29,46824,46824,3190223,Medium
625,2028 Q3,2028-09-30,Livestock_Farmers,57121,57121,11770,11770,285606,119,210811,29,45351,45351,3190223,Medium
574,2027 Q2,2027-06-30,Meat_Processors,29270,38513,41383,41383,192565,16,206914,17,-12113,-2870,2304380,Small
574,2027 Q3,2027-09-30,Meat_Processors,20784,25223,31229,31229,126115,17,156146,16,-10445,-6006,2304380,Small
574,2027 Q4,2027-12-31,Meat_Processors,24977,35228,38873,38873,176139,15,194365,16,-13896,-3645,2304380,Small
574,2028 Q1,2028-03-31,Meat_Processors,24416,46419,47423,47423,232096,15,237116,16,-23007,-1004,2304380,Small
574,2028 Q2,2028-06-30,Meat_Processors,40571,41399,43588,43588,206997,15,217940,16,-3017,-2189,2304380,Small
574,2028 Q3,2028-09-30,Meat_Processors,33200,33809,37789,37789,169044,15,188943,16,-4589,-3980,2304380,Small
634,2027 Q2,2027-06-30,Livestock_Farmers,2355797,2386826,21522,21522,11934132,86,5586234,31,2334275,2365304,109188784,Large
634,2027 Q3,2027-09-30,Livestock_Farmers,2117895,2147967,21522,21522,10739836,82,5037900,29,2096373,2126445,109188784,Large
634,2027 Q4,2027-12-31,Livestock_Farmers,2874067,2874067,21522,21522,14370334,80,6704679,29,2852545,2852545,109188784,Large
634,2028 Q1,2028-03-31,Livestock_Farmers,2850034,2890501,21522,21522,14452504,80,6742425,29,2828512,2868979,109188784,Large
634,2028 Q2,2028-06-30,Livestock_Farmers,2357191,2357191,21522,21522,11785954,80,5518177,29,2335669,2335669,109188784,Large
634,2028 Q3,2028-09-30,Livestock_Farmers,2221825,2221825,21522,21522,11109126,82,5207483,29,2200303,2200303,109188784,Large
620,2027 Q2,2027-06-30,Livestock_Farmers,251498,251498,13633,13633,1257491,100,704633,31,237865,237865,12230556,Medium
620,2027 Q3,2027-09-30,Livestock_Farmers,230839,230839,13633,13633,1154195,93,652361,29,217206,217206,12230556,Medium
620,2027 Q4,2027-12-31,Livestock_Farmers,300530,300530,13633,13633,1502650,95,828562,29,286897,286897,12230556,Medium
620,2028 Q1,2028-03-31,Livestock_Farmers,289601,289601,13633,13633,1448007,95,800972,29,275968,275968,12230556,Medium
620,2028 Q2,2028-06-30,Livestock_Farmers,250787,250787,13633,13633,1253935,95,702833,29,237154,237154,12230556,Medium
620,2028 Q3,2028-09-30,Livestock_Farmers,246553,246553,13633,13633,1232766,95,692151,29,232920,232920,12230556,Medium
607,2027 Q2,2027-06-30,Food_Processors,10973,10973,10789,10789,54865,16,53947,17,184,184,640382,Small
607,2027 Q3,2027-09-30,Food_Processors,9482,9482,10752,10752,47408,15,53759,18,-1270,-1270,640382,Small
607,2027 Q4,2027-12-31,Food_Processors,11434,11561,11196,11196,57804,15,55978,18,238,365,640382,Small
607,2028 Q1,2028-03-31,Food_Processors,11860,11860,11070,11070,59300,15,55348,16,790,790,640382,Small
607,2028 Q2,2028-06-30,Food_Processors,10482,10482,10739,10739,52408,17,53693,16,-257,-257,640382,Small
607,2028 Q3,2028-09-30,Food_Processors,8526,8526,10648,10648,42630,15,53242,18,-2122,-2122,640382,Small
588,2027 Q2,2027-06-30,Meat_Processors,150574,150574,139822,139822,752870,86,699109,47,10752,10752,8906756,Medium
588,2027 Q3,2027-09-30,Meat_Processors,134487,134487,127246,127246,672433,80,636229,44,7241,7241,8906756,Medium
588,2027 Q4,2027-12-31,Meat_Processors,179960,179959,163346,163346,899797,82,816729,44,16614,16613,8906756,Medium
588,2028 Q1,2028-03-31,Meat_Processors,182227,182227,165027,165027,911134,80,825133,42,17200,17200,8906756,Medium
588,2028 Q2,2028-06-30,Meat_Processors,145669,145669,136131,136131,728347,80,680654,42,9538,9538,8906756,Medium
588,2028 Q3,2028-09-30,Meat_Processors,131761,131761,125103,125103,658805,82,625516,42,6658,6658,8906756,Medium
617,2027 Q2,2027-06-30,Livestock_Farmers,358471,365787,24278,24278,1828937,74,1081453,33,334193,341509,18483352,Large
617,2027 Q3,2027-09-30,Livestock_Farmers,337431,344317,24278,24278,1721583,67,1025167,29,313153,320039,18483352,Large
617,2027 Q4,2027-12-31,Livestock_Farmers,433697,452711,24278,24278,2263555,67,1310080,29,409419,428433,18483352,Large
617,2028 Q1,2028-03-31,Livestock_Farmers,430696,440835,24278,24278,2204177,69,1278920,31,406418,416557,18483352,Large
617,2028 Q2,2028-06-30,Livestock_Farmers,371562,371562,24278,24278,1857809,69,1096500,31,347284,347284,18483352,Large
617,2028 Q3,2028-09-30,Livestock_Farmers,353308,353308,24278,24278,1766539,67,1048632,31,329030,329030,18483352,Large
585,2027 Q2,2027-06-30,Meat_Processors,263299,263299,247823,247823,1316494,128,1239114,49,15476,15476,16455824,Medium
585,2027 Q3,2027-09-30,Meat_Processors,246878,246878,233168,233168,1234390,119,1165838,42,13710,13710,16455824,Medium
585,2027 Q4,2027-12-31,Meat_Processors,340008,340008,312385,312385,1700039,121,1561925,42,27623,27623,16455824,Medium
585,2028 Q1,2028-03-31,Meat_Processors,332979,332979,306499,306499,1664894,119,1532497,42,26480,26480,16455824,Medium
585,2028 Q2,2028-06-30,Meat_Processors,263207,263207,247917,247917,1316036,119,1239583,46,15290,15290,16455824,Medium
585,2028 Q3,2028-09-30,Meat_Processors,255616,255616,241387,241387,1278079,121,1206935,42,14229,14229,16455824,Medium
578,2027 Q2,2027-06-30,Meat_Processors,13143,20282,27083,27083,101409,18,135413,19,-13940,-6801,1453756,Small
578,2027 Q3,2027-09-30,Meat_Processors,13479,20238,27050,27050,101192,17,135248,16,-13571,-6812,1453756,Small
578,2027 Q4,2027-12-31,Meat_Processors,15881,23320,29389,29389,116602,15,146945,16,-13508,-6069,1453756,Small
578,2028 Q1,2028-03-31,Meat_Processors,14887,21925,28330,28330,109625,15,141649,18,-13443,-6405,1453756,Small
578,2028 Q2,2028-06-30,Meat_Processors,20143,20471,27227,27227,102357,15,136133,16,-7084,-6756,1453756,Small
578,2028 Q3,2028-09-30,Meat_Processors,18841,19186,26251,26251,95929,15,131254,16,-7410,-7065,1453756,Small
575,2027 Q2,2027-06-30,Meat_Processors,21894,21894,22793,22793,109468,16,113966,21,-899,-899,1443921,Small
575,2027 Q3,2027-09-30,Meat_Processors,16672,16672,19133,19133,83362,17,95663,18,-2461,-2461,1443921,Small
575,2027 Q4,2027-12-31,Meat_Processors,34280,34732,31794,31794,173662,15,158972,20,2486,2938,1443921,Small
575,2028 Q1,2028-03-31,Meat_Processors,31116,31116,29259,29259,155582,15,146296,18,1857,1857,1443921,Small
575,2028 Q2,2028-06-30,Meat_Processors,20907,20907,22101,22101,104534,15,110507,20,-1194,-1194,1443921,Small
575,2028 Q3,2028-09-30,Meat_Processors,18187,18187,20195,20195,90936,15,100973,20,-2008,-2008,1443921,Small
622,2027 Q2,2027-06-30,Livestock_Farmers,220565,220565,13371,13371,1102825,32,599304,31,207194,207194,10590559,Medium
622,2027 Q3,2027-09-30,Livestock_Farmers,202635,202635,13371,13371,1013174,30,556089,33,189264,189264,10590559,Medium
622,2027 Q4,2027-12-31,Livestock_Farmers,272023,272023,13371,13371,1360113,28,723509,31,258652,258652,10590559,Medium
622,2028 Q1,2028-03-31,Livestock_Farmers,262836,262836,13371,13371,1314182,30,701295,29,249465,249465,10590559,Medium
622,2028 Q2,2028-06-30,Livestock_Farmers,214660,214660,13371,13371,1073301,28,585086,29,201289,201289,10590559,Medium
622,2028 Q3,2028-09-30,Livestock_Farmers,201618,201618,13371,13371,1008088,30,553593,29,188247,188247,10590559,Medium
606,2027 Q2,2027-06-30,Food_Processors,14870,15112,20492,20492,75561,18,102462,21,-5622,-5380,973781,Small
606,2027 Q3,2027-09-30,Food_Processors,11542,11542,18005,18006,57710,15,90028,18,-6463,-6464,973781,Small
606,2027 Q4,2027-12-31,Food_Processors,12563,12716,18823,18823,63582,15,94117,18,-6260,-6107,973781,Small
606,2028 Q1,2028-03-31,Food_Processors,14005,14175,19840,19840,70875,15,99198,20,-5835,-5665,973781,Small
606,2028 Q2,2028-06-30,Food_Processors,14029,14029,19738,19738,70144,17,98689,18,-5709,-5709,973781,Small
606,2028 Q3,2028-09-30,Food_Processors,11976,11976,18307,18307,59878,15,91537,18,-6331,-6331,973781,Small
596,2027 Q2,2027-06-30,Food_Processors,22430,22430,24933,24933,112149,18,124666,19,-2503,-2503,1402983,Small
596,2027 Q3,2027-09-30,Food_Processors,20261,20261,23464,23465,101307,15,117323,18,-3203,-3204,1402983,Small
596,2027 Q4,2027-12-31,Food_Processors,23782,23782,25849,25849,118908,17,129245,20,-2067,-2067,1402983,Small
596,2028 Q1,2028-03-31,Food_Processors,23638,23638,25752,25752,118191,15,128759,18,-2114,-2114,1402983,Small
596,2028 Q2,2028-06-30,Food_Processors,21692,21692,24434,24434,108461,17,122168,18,-2742,-2742,1402983,Small
596,2028 Q3,2028-09-30,Food_Processors,20640,20640,23721,23721,103201,15,118605,18,-3081,-3081,1402983,Small
598,2027 Q2,2027-06-30,Food_Processors,233150,235982,172573,172573,1179908,18,862864,19,60577,63409,13224559,Medium
598,2027 Q3,2027-09-30,Food_Processors,224901,224901,165384,165384,1124505,15,826921,16,59517,59517,13224559,Medium
598,2027 Q4,2027-12-31,Food_Processors,283794,291071,208312,208312,1455356,15,1041559,16,75482,82759,13224559,Medium
598,2028 Q1,2028-03-31,Food_Processors,291876,298137,212896,212896,1490685,15,1064478,18,78980,85241,13224559,Medium
598,2028 Q2,2028-06-30,Food_Processors,254503,254503,184589,184589,1272517,17,922943,18,69914,69914,13224559,Medium
598,2028 Q3,2028-09-30,Food_Processors,228710,228710,167855,167855,1143548,15,839275,16,60855,60855,13224559,Medium
587,2027 Q2,2027-06-30,Meat_Processors,6192,6192,13909,13909,30962,16,69543,19,-7717,-7717,648249,Small
587,2027 Q3,2027-09-30,Meat_Processors,5713,5713,13459,13459,28566,15,67293,20,-7746,-7746,648249,Small
587,2027 Q4,2027-12-31,Meat_Processors,8416,8416,15997,15997,42078,15,79983,18,-7581,-7581,648249,Small
587,2028 Q1,2028-03-31,Meat_Processors,8276,8276,15866,15866,41381,15,79328,18,-7590,-7590,648249,Small
587,2028 Q2,2028-06-30,Meat_Processors,6744,6744,14426,14426,33718,15,72131,20,-7682,-7682,648249,Small
587,2028 Q3,2028-09-30,Meat_Processors,6477,6477,14176,14176,32386,15,70880,18,-7699,-7699,648249,Small
612,2027 Q2,2027-06-30,Food_Processors,3821,3821,10515,10515,19104,16,52576,21,-6694,-6694,463947,Small
612,2027 Q3,2027-09-30,Food_Processors,4006,4006,10649,10649,20029,15,53245,18,-6643,-6643,463947,Small
612,2027 Q4,2027-12-31,Food_Processors,5761,5761,11919,11919,28804,15,59593,18,-6158,-6158,463947,Small
612,2028 Q1,2028-03-31,Food_Processors,5314,5314,11595,11595,26571,15,57977,18,-6281,-6281,463947,Small
612,2028 Q2,2028-06-30,Food_Processors,3903,3903,10575,10575,19515,15,52873,18,-6672,-6672,463947,Small
612,2028 Q3,2028-09-30,Food_Processors,4051,4051,10681,10681,20253,15,53407,22,-6630,-6630,463947,Small
628,2027 Q2,2027-06-30,Livestock_Farmers,181759,273734,13665,13665,1368668,44,744217,31,168094,260069,13329873,Medium
628,2027 Q3,2027-09-30,Livestock_Farmers,166959,247714,13665,13665,1238570,41,679974,29,153294,234049,13329873,Medium
628,2027 Q4,2027-12-31,Livestock_Farmers,223215,335158,13665,13665,1675788,41,895903,31,209550,321493,13329873,Medium
628,2028 Q1,2028-03-31,Livestock_Farmers,220439,329014,13665,13665,1645072,41,880733,29,206774,315349,13329873,Medium
628,2028 Q2,2028-06-30,Livestock_Farmers,276030,280804,13665,13665,1404018,41,761658,29,262365,267139,13329873,Medium
628,2028 Q3,2028-09-30,Livestock_Farmers,258867,263344,13665,13665,1316719,41,718553,29,245202,249679,13329873,Medium
600,2027 Q2,2027-06-30,Food_Processors,25913,26496,37289,37288,132480,16,186442,19,-11376,-10792,1817238,Medium
600,2027 Q3,2027-09-30,Food_Processors,20094,20400,33295,33295,102002,15,166477,18,-13201,-12895,1817238,Medium
600,2027 Q4,2027-12-31,Food_Processors,22875,23754,35492,35492,118768,15,177460,18,-12617,-11738,1817238,Medium
600,2028 Q1,2028-03-31,Food_Processors,27515,28019,38286,38286,140096,15,191431,20,-10771,-10267,1817238,Medium
600,2028 Q2,2028-06-30,Food_Processors,26782,26782,37476,37476,133912,15,187381,20,-10694,-10694,1817238,Medium
600,2028 Q3,2028-09-30,Food_Processors,21888,21888,34270,34270,109440,15,171349,20,-12382,-12382,1817238,Medium
577,2027 Q2,2027-06-30,Meat_Processors,23132,23132,29622,29622,115661,18,148108,17,-6490,-6490,1457863,Small
577,2027 Q3,2027-09-30,Meat_Processors,19134,19134,26460,26460,95669,17,132300,16,-7326,-7326,1457863,Small
577,2027 Q4,2027-12-31,Meat_Processors,23355,23355,29798,29798,116777,15,148990,16,-6443,-6443,1457863,Small
577,2028 Q1,2028-03-31,Meat_Processors,21543,21543,28365,28365,107714,15,141824,16,-6822,-6822,1457863,Small
577,2028 Q2,2028-06-30,Meat_Processors,18200,18200,25722,25722,91001,15,128610,18,-7522,-7522,1457863,Small
577,2028 Q3,2028-09-30,Meat_Processors,19496,19496,26746,26746,97478,15,133731,16,-7250,-7250,1457863,Small
580,2027 Q2,2027-06-30,Meat_Processors,12131,12266,21402,21402,61330,16,107010,17,-9271,-9136,1039617,Small
580,2027 Q3,2027-09-30,Meat_Processors,10421,10421,19981,19981,52104,17,99907,18,-9560,-9560,1039617,Small
580,2027 Q4,2027-12-31,Meat_Processors,13614,13614,22440,22440,68069,15,112198,18,-8826,-8826,1039617,Small
580,2028 Q1,2028-03-31,Meat_Processors,16997,17344,25311,25311,86719,15,126557,18,-8314,-7967,1039617,Small
580,2028 Q2,2028-06-30,Meat_Processors,11387,11387,20725,20725,56933,15,103625,18,-9338,-9338,1039617,Small
580,2028 Q3,2028-09-30,Meat_Processors,11907,11907,21126,21126,59536,15,105629,16,-9219,-9219,1039617,Small
602,2027 Q2,2027-06-30,Food_Processors,93225,94549,78587,78587,472747,16,392935,19,14638,15962,5591288,Medium
602,2027 Q3,2027-09-30,Food_Processors,82873,84306,71534,71534,421531,15,357671,18,11339,12772,5591288,Medium
602,2027 Q4,2027-12-31,Food_Processors,105048,109084,88594,88594,545418,15,442971,18,16454,20490,5591288,Medium
602,2028 Q1,2028-03-31,Food_Processors,117439,119592,95829,95829,597960,15,479147,20,21610,23763,5591288,Medium
602,2028 Q2,2028-06-30,Food_Processors,107150,107150,87263,87263,535750,17,436314,22,19887,19887,5591288,Medium
602,2028 Q3,2028-09-30,Food_Processors,99662,99662,82107,82107,498309,15,410535,18,17555,17555,5591288,Medium
603,2027 Q2,2027-06-30,Food_Processors,20515,23472,16052,16052,117362,16,80262,21,4463,7420,1163426,Medium
603,2027 Q3,2027-09-30,Food_Processors,18105,20162,15947,15947,100811,15,79734,18,2158,4215,1163426,Medium
603,2027 Q4,2027-12-31,Food_Processors,19243,21942,16603,16603,109710,17,83014,18,2640,5339,1163426,Medium
603,2028 Q1,2028-03-31,Food_Processors,20524,23402,16442,16442,117010,15,82211,18,4082,6960,1163426,Medium
603,2028 Q2,2028-06-30,Food_Processors,24761,24761,16175,16175,123805,17,80877,20,8586,8586,1163426,Medium
603,2028 Q3,2028-09-30,Food_Processors,21615,21615,16111,16111,108077,17,80553,18,5504,5504,1163426,Medium
595,2027 Q2,2027-06-30,Food_Processors,3458,5161,10689,10689,25804,16,53443,17,-7231,-5528,460668,Small
595,2027 Q3,2027-09-30,Food_Processors,2015,3974,9758,9758,19871,15,48789,16,-7743,-5784,460668,Small
595,2027 Q4,2027-12-31,Food_Processors,3094,4834,10432,10432,24169,17,52162,18,-7338,-5598,460668,Small
595,2028 Q1,2028-03-31,Food_Processors,3984,4992,10556,10556,24959,15,52781,18,-6572,-5564,460668,Small
595,2028 Q2,2028-06-30,Food_Processors,5158,5253,10761,10761,26266,17,53806,18,-5603,-5508,460668,Small
595,2028 Q3,2028-09-30,Food_Processors,4988,5090,10633,10633,25451,15,53167,16,-5645,-5543,460668,Small
581,2027 Q2,2027-06-30,Meat_Processors,74240,74240,77636,77636,371199,18,388180,17,-3396,-3396,4760198,Medium
581,2027 Q3,2027-09-30,Meat_Processors,66461,67200,72423,72423,336001,15,362117,18,-5962,-5223,4760198,Medium
581,2027 Q4,2027-12-31,Meat_Processors,92277,92277,90992,90992,461383,15,454959,20,1285,1285,4760198,Medium
581,2028 Q1,2028-03-31,Meat_Processors,87907,89065,88613,88613,445323,15,443067,16,-706,452,4760198,Medium
581,2028 Q2,2028-06-30,Meat_Processors,75438,75438,78523,78523,377189,15,392615,16,-3085,-3085,4760198,Medium
581,2028 Q3,2028-09-30,Meat_Processors,70653,70653,74980,74980,353265,15,374900,16,-4327,-4327,4760198,Medium
591,2027 Q2,2027-06-30,Food_Processors,6134,6134,11537,11537,30671,16,57686,19,-5403,-5403,554284,Small
591,2027 Q3,2027-09-30,Food_Processors,5429,5429,10986,10986,27144,17,54930,20,-5557,-5557,554284,Small
591,2027 Q4,2027-12-31,Food_Processors,7709,7709,12768,12768,38543,15,63838,20,-5059,-5059,554284,Small
591,2028 Q1,2028-03-31,Food_Processors,7451,7451,12567,12567,37257,15,62833,20,-5116,-5116,554284,Small
591,2028 Q2,2028-06-30,Food_Processors,6714,6714,11990,11990,33568,15,59950,18,-5276,-5276,554284,Small
591,2028 Q3,2028-09-30,Food_Processors,6079,6079,11494,11494,30394,17,57470,18,-5415,-5415,554284,Small
637,2027 Q2,2027-06-30,Livestock_Farmers,21307,31519,5885,5885,157597,46,109210,17,15422,25634,1662707,Small
637,2027 Q3,2027-09-30,Livestock_Farmers,19857,29073,5885,5885,145364,43,103017,16,13972,23188,1662707,Small
637,2027 Q4,2027-12-31,Livestock_Farmers,25947,36392,5885,5885,181958,43,121543,16,20062,30507,1662707,Small
637,2028 Q1,2028-03-31,Livestock_Farmers,24039,35614,5885,5885,178069,43,119574,18,18154,29729,1662707,Small
637,2028 Q2,2028-06-30,Livestock_Farmers,33075,33545,5885,5885,167723,41,114336,16,27190,27660,1662707,Small
637,2028 Q3,2028-09-30,Livestock_Farmers,30565,31189,5885,5885,155943,41,108373,16,24680,25304,1662707,Small
601,2027 Q2,2027-06-30,Food_Processors,10580,17722,19931,19931,88609,16,99656,17,-9351,-2209,1024650,Small
601,2027 Q3,2027-09-30,Food_Processors,8345,13979,17252,17252,69897,17,86261,18,-8907,-3273,1024650,Small
601,2027 Q4,2027-12-31,Food_Processors,8971,15078,18039,18039,75392,15,90194,20,-9068,-2961,1024650,Small
601,2028 Q1,2028-03-31,Food_Processors,9779,16491,19050,19050,82456,15,95251,16,-9271,-2559,1024650,Small
601,2028 Q2,2028-06-30,Food_Processors,16221,16552,19093,19093,82758,15,95467,18,-2872,-2541,1024650,Small
601,2028 Q3,2028-09-30,Food_Processors,13991,14277,17465,17465,71384,15,87325,18,-3474,-3188,1024650,Small
599,2027 Q2,2027-06-30,Food_Processors,14834,17808,19201,19201,89041,16,96005,21,-4367,-1393,999560,Small
599,2027 Q3,2027-09-30,Food_Processors,11309,13642,16397,16397,68212,15,81985,18,-5088,-2755,999560,Small
599,2027 Q4,2027-12-31,Food_Processors,13492,16005,17987,17987,80024,17,89936,18,-4495,-1982,999560,Small
599,2028 Q1,2028-03-31,Food_Processors,14536,17305,18862,18862,86524,15,94311,18,-4326,-1557,999560,Small
599,2028 Q2,2028-06-30,Food_Processors,15809,15809,17856,17856,79047,15,89278,18,-2047,-2047,999560,Small
599,2028 Q3,2028-09-30,Food_Processors,13045,13045,15995,15995,65223,15,79974,20,-2950,-2950,999560,Small
582,2027 Q2,2027-06-30,Meat_Processors,4050,6994,13609,13609,34970,16,68043,19,-9559,-6615,643702,Small
582,2027 Q3,2027-09-30,Meat_Processors,4144,7120,13706,13706,35601,15,68532,18,-9562,-6586,643702,Small
582,2027 Q4,2027-12-31,Meat_Processors,4926,8406,14704,14704,42030,15,73519,18,-9778,-6298,643702,Small
582,2028 Q1,2028-03-31,Meat_Processors,4697,8085,14455,14455,40427,15,72275,18,-9758,-6370,643702,Small
582,2028 Q2,2028-06-30,Meat_Processors,7394,7545,14036,14036,37723,15,70178,18,-6642,-6491,643702,Small
582,2028 Q3,2028-09-30,Meat_Processors,6566,6700,13381,13381,33501,15,66903,18,-6815,-6681,643702,Small
584,2027 Q2,2027-06-30,Meat_Processors,7897,7897,18373,18373,39484,16,91867,17,-10476,-10476,694180,Small
584,2027 Q3,2027-09-30,Meat_Processors,5441,5441,16379,16379,27206,17,81893,18,-10938,-10938,694180,Small
584,2027 Q4,2027-12-31,Meat_Processors,6623,6703,17404,17404,33516,15,87019,16,-10781,-10701,694180,Small
584,2028 Q1,2028-03-31,Meat_Processors,6814,6814,17494,17494,34069,17,87468,16,-10680,-10680,694180,Small
584,2028 Q2,2028-06-30,Meat_Processors,5498,5498,16425,16425,27491,15,82125,16,-10927,-10927,694180,Small
584,2028 Q3,2028-09-30,Meat_Processors,4662,4662,15746,15746,23312,17,78730,16,-11084,-11084,694180,Small
610,2027 Q2,2027-06-30,Food_Processors,823,823,7314,7314,4116,16,36572,21,-6491,-6491,237295,Small
610,2027 Q3,2027-09-30,Food_Processors,714,723,7245,7245,3616,15,36225,20,-6531,-6522,237295,Small
610,2027 Q4,2027-12-31,Food_Processors,704,704,7231,7231,3518,15,36157,18,-6527,-6527,237295,Small
610,2028 Q1,2028-03-31,Food_Processors,732,732,7251,7251,3662,17,36257,20,-6519,-6519,237295,Small
610,2028 Q2,2028-06-30,Food_Processors,769,769,7277,7277,3844,15,36383,18,-6508,-6508,237295,Small
610,2028 Q3,2028-09-30,Food_Processors,381,381,7008,7008,1906,17,35039,18,-6627,-6627,237295,Small
579,2027 Q2,2027-06-30,Meat_Processors,47265,48034,51442,51442,240172,18,257209,19,-4177,-3408,2896252,Small
579,2027 Q3,2027-09-30,Meat_Processors,41249,42263,46761,46761,211314,17,233805,16,-5512,-4498,2896252,Small
579,2027 Q4,2027-12-31,Meat_Processors,53367,54070,56337,56337,270350,15,281684,16,-2970,-2267,2896252,Small
579,2028 Q1,2028-03-31,Meat_Processors,51091,52617,55158,55158,263083,15,275790,16,-4067,-2541,2896252,Small
579,2028 Q2,2028-06-30,Meat_Processors,42125,42125,46649,46649,210627,15,233247,16,-4524,-4524,2896252,Small
579,2028 Q3,2028-09-30,Meat_Processors,39375,39375,44419,44419,196876,15,222095,18,-5044,-5044,2896252,Small
632,2027 Q2,2027-06-30,Livestock_Farmers,36220,36623,6263,6263,183116,30,109047,17,29957,30360,1799851,Small
632,2027 Q3,2027-09-30,Livestock_Farmers,33764,33764,6263,6263,168818,28,102977,16,27501,27501,1799851,Small
632,2027 Q4,2027-12-31,Livestock_Farmers,41722,42357,6263,6263,211786,30,121217,16,35459,36094,1799851,Small
632,2028 Q1,2028-03-31,Livestock_Farmers,39751,39751,6263,6263,198753,28,115685,16,33488,33488,1799851,Small
632,2028 Q2,2028-06-30,Livestock_Farmers,38079,38079,6263,6263,190394,30,112136,16,31816,31816,1799851,Small
632,2028 Q3,2028-09-30,Livestock_Farmers,35747,35747,6263,6263,178735,30,107187,16,29484,29484,1799851,Small
611,2027 Q2,2027-06-30,Food_Processors,3432,6218,11817,11817,31091,16,59083,19,-8385,-5599,525771,Small
611,2027 Q3,2027-09-30,Food_Processors,3000,5367,11246,11246,26834,15,56228,16,-8246,-5879,525771,Small
611,2027 Q4,2027-12-31,Food_Processors,2933,5276,11184,11184,26378,15,55922,16,-8251,-5908,525771,Small
611,2028 Q1,2028-03-31,Food_Processors,3552,6446,11970,11970,32232,15,59848,18,-8418,-5524,525771,Small
611,2028 Q2,2028-06-30,Food_Processors,6844,6984,12330,12330,34921,15,61651,18,-5486,-5346,525771,Small
611,2028 Q3,2028-09-30,Food_Processors,5086,5190,11127,11127,25949,17,55634,16,-6041,-5937,525771,Small
597,2027 Q2,2027-06-30,Food_Processors,6093,6236,11681,11681,31180,18,58406,19,-5588,-5445,545441,Small
597,2027 Q3,2027-09-30,Food_Processors,5436,5587,11213,11213,27934,15,56067,18,-5777,-5626,545441,Small
597,2027 Q4,2027-12-31,Food_Processors,7418,7418,12533,12533,37090,15,62663,18,-5115,-5115,545441,Small
597,2028 Q1,2028-03-31,Food_Processors,7717,7827,12827,12827,39134,17,64135,18,-5110,-5000,545441,Small
597,2028 Q2,2028-06-30,Food_Processors,5064,5064,10837,10837,25318,15,54183,18,-5773,-5773,545441,Small
597,2028 Q3,2028-09-30,Food_Processors,6206,6206,11660,11660,31032,15,58299,18,-5454,-5454,545441,Small
593,2027 Q2,2027-06-30,Food_Processors,27828,28138,22196,22196,140691,16,110980,17,5632,5942,1400425,Medium
593,2027 Q3,2027-09-30,Food_Processors,23963,23963,22046,22046,119816,15,110232,16,1917,1917,1400425,Medium
593,2027 Q4,2027-12-31,Food_Processors,24515,24515,22593,22593,122576,15,112965,16,1922,1922,1400425,Medium
593,2028 Q1,2028-03-31,Food_Processors,24901,25332,22328,22328,126658,17,111642,18,2573,3004,1400425,Medium
593,2028 Q2,2028-06-30,Food_Processors,23811,23811,21765,21765,119054,15,108824,18,2046,2046,1400425,Medium
593,2028 Q3,2028-09-30,Food_Processors,21601,21601,21797,21797,108003,15,108984,18,-196,-196,1400425,Medium
605,2027 Q2,2027-06-30,Food_Processors,5168,6073,11924,11924,30366,16,59621,19,-6756,-5851,484043,Small
605,2027 Q3,2027-09-30,Food_Processors,4240,4885,11009,11009,24426,15,55044,20,-6769,-6124,484043,Small
605,2027 Q4,2027-12-31,Food_Processors,3411,4384,10622,10622,21919,15,53112,18,-7211,-6238,484043,Small
605,2028 Q1,2028-03-31,Food_Processors,4318,4940,11051,11051,24698,15,55254,16,-6733,-6111,484043,Small
605,2028 Q2,2028-06-30,Food_Processors,5076,5076,11156,11156,25378,17,55778,18,-6080,-6080,484043,Small
605,2028 Q3,2028-09-30,Food_Processors,4770,4770,10920,10920,23848,15,54599,18,-6150,-6150,484043,Small
576,2027 Q2,2027-06-30,Meat_Processors,18173,20865,28031,28031,104324,16,140154,19,-9858,-7166,1486903,Small
576,2027 Q3,2027-09-30,Meat_Processors,15973,18617,25944,25944,93084,15,129718,18,-9971,-7327,1486903,Small
576,2027 Q4,2027-12-31,Meat_Processors,20086,23034,30045,30045,115169,17,150224,20,-9959,-7011,1486903,Small
576,2028 Q1,2028-03-31,Meat_Processors,20063,23356,30344,30344,116781,15,151721,18,-10281,-6988,1486903,Small
576,2028 Q2,2028-06-30,Meat_Processors,21930,21930,29020,29020,109651,15,145100,22,-7090,-7090,1486903,Small
576,2028 Q3,2028-09-30,Meat_Processors,19465,19465,26731,26731,97323,15,133654,18,-7266,-7266,1486903,Small
639,2027 Q2,2027-06-30,Livestock_Farmers,859033,937809,22722,22722,4689043,60,2348945,33,836311,915087,44048308,Large
639,2027 Q3,2027-09-30,Livestock_Farmers,799836,869387,22722,22722,4346937,56,2185888,29,777114,846665,44048308,Large
639,2027 Q4,2027-12-31,Livestock_Farmers,1006865,1101603,22722,22722,5508013,54,2739086,29,984143,1078881,44048308,Large
639,2028 Q1,2028-03-31,Livestock_Farmers,1022031,1124346,22722,22722,5621730,54,2792862,29,999309,1101624,44048308,Large
639,2028 Q2,2028-06-30,Livestock_Farmers,934516,934516,22722,22722,4672582,56,2341013,29,911794,911794,44048308,Large
639,2028 Q3,2028-09-30,Livestock_Farmers,905905,905905,22722,22722,4529525,54,2272684,29,883183,883183,44048308,Large
615,2027 Q2,2027-06-30,Livestock_Farmers,102506,102505,15585,15585,512527,58,314228,47,86921,86920,5047227,Medium
615,2027 Q3,2027-09-30,Livestock_Farmers,86957,86957,15585,15585,434784,54,278725,42,71372,71372,5047227,Medium
615,2027 Q4,2027-12-31,Livestock_Farmers,116055,116055,15585,15585,580274,56,346049,42,100470,100470,5047227,Medium
615,2028 Q1,2028-03-31,Livestock_Farmers,120903,120903,15585,15585,604514,56,356714,42,105318,105318,5047227,Medium
615,2028 Q2,2028-06-30,Livestock_Farmers,105311,105311,15585,15585,526553,54,320623,42,89726,89726,5047227,Medium
615,2028 Q3,2028-09-30,Livestock_Farmers,95024,95025,15585,15585,475123,54,297113,42,79439,79440,5047227,Medium
640,2027 Q2,2027-06-30,Livestock_Farmers,15349,15349,6117,6117,76747,16,80087,17,9232,9232,1011049,Small
640,2027 Q3,2027-09-30,Livestock_Farmers,11549,11689,6117,6117,58444,15,68282,16,5432,5572,1011049,Small
640,2027 Q4,2027-12-31,Livestock_Farmers,23450,24351,6117,6117,121753,17,109115,16,17333,18234,1011049,Small
640,2028 Q1,2028-03-31,Livestock_Farmers,21270,21815,6117,6117,109077,15,100939,16,15153,15698,1011049,Small
640,2028 Q2,2028-06-30,Livestock_Farmers,14658,14658,6117,6117,73288,17,77856,16,8541,8541,1011049,Small
640,2028 Q3,2028-09-30,Livestock_Farmers,12751,12751,6117,6117,63754,17,71707,16,6634,6634,1011049,Small
629,2027 Q2,2027-06-30,Livestock_Farmers,19121,19373,5456,5456,96865,16,81148,17,13665,13917,1083088,Small
629,2027 Q3,2027-09-30,Livestock_Farmers,16958,17286,5456,5456,86429,15,75344,16,11502,11830,1083088,Small
629,2027 Q4,2027-12-31,Livestock_Farmers,20553,21387,5456,5456,106935,17,86748,16,15097,15931,1083088,Small
629,2028 Q1,2028-03-31,Livestock_Farmers,21274,21686,5456,5456,108431,15,87580,16,15818,16230,1083088,Small
629,2028 Q2,2028-06-30,Livestock_Farmers,20362,20362,5456,5456,101811,17,83899,16,14906,14906,1083088,Small
629,2028 Q3,2028-09-30,Livestock_Farmers,18073,18073,5456,5456,90365,15,77533,16,12617,12617,1083088,Small
621,2027 Q2,2027-06-30,Livestock_Farmers,172430,172430,15585,15585,862152,44,479424,45,156845,156845,8533108,Medium
621,2027 Q3,2027-09-30,Livestock_Farmers,162043,162043,15585,15585,810215,41,455560,42,146458,146458,8533108,Medium
621,2027 Q4,2027-12-31,Livestock_Farmers,208752,208752,15585,15585,1043761,41,564579,42,193167,193167,8533108,Medium
621,2028 Q1,2028-03-31,Livestock_Farmers,209024,211777,15585,15585,1058884,41,571892,42,193439,196192,8533108,Medium
621,2028 Q2,2028-06-30,Livestock_Farmers,180496,180496,15585,15585,902479,43,498946,44,164911,164911,8533108,Medium
621,2028 Q3,2028-09-30,Livestock_Farmers,164696,164696,15585,15585,823481,41,461735,42,149111,149111,8533108,Medium
619,2027 Q2,2027-06-30,Livestock_Farmers,54815,54815,8323,8323,274074,44,159285,45,46492,46492,2501911,Small
619,2027 Q3,2027-09-30,Livestock_Farmers,46719,46719,8323,8323,233593,43,141983,42,38396,38396,2501911,Small
619,2027 Q4,2027-12-31,Livestock_Farmers,59778,59778,8323,8323,298890,41,170028,42,51455,51455,2501911,Small
619,2028 Q1,2028-03-31,Livestock_Farmers,61561,61561,8323,8323,307804,41,173553,42,53238,53238,2501911,Small
619,2028 Q2,2028-06-30,Livestock_Farmers,47397,47397,8323,8323,236986,41,143366,42,39074,39074,2501911,Small
619,2028 Q3,2028-09-30,Livestock_Farmers,44888,44888,8323,8323,224442,41,137907,42,36565,36565,2501911,Small
613,2027 Q2,2027-06-30,Livestock_Farmers,5354,5425,6117,6117,27125,16,48715,19,-763,-692,473716,Small
613,2027 Q3,2027-09-30,Livestock_Farmers,5440,5523,6117,6117,27615,15,49042,16,-677,-594,473716,Small
613,2027 Q4,2027-12-31,Livestock_Farmers,6403,6520,6117,6117,32602,15,52375,16,286,403,473716,Small
613,2028 Q1,2028-03-31,Livestock_Farmers,6015,6272,6117,6117,31358,15,51544,16,-102,155,473716,Small
613,2028 Q2,2028-06-30,Livestock_Farmers,5852,5852,6117,6117,29260,15,50142,16,-265,-265,473716,Small
613,2028 Q3,2028-09-30,Livestock_Farmers,5197,5197,6117,6117,25985,15,47953,16,-920,-920,473716,Small
638,2027 Q2,2027-06-30,Livestock_Farmers,5816,5816,5312,5312,29081,16,42410,17,504,504,462785,Small
638,2027 Q3,2027-09-30,Livestock_Farmers,5366,5366,5312,5312,26831,17,41184,16,54,54,462785,Small
638,2027 Q4,2027-12-31,Livestock_Farmers,7904,7904,5312,5312,39522,15,48100,16,2592,2592,462785,Small
638,2028 Q1,2028-03-31,Livestock_Farmers,7773,7773,5312,5312,38867,15,47743,16,2461,2461,462785,Small
638,2028 Q2,2028-06-30,Livestock_Farmers,6334,6334,5312,5312,31669,17,43821,16,1022,1022,462785,Small
638,2028 Q3,2028-09-30,Livestock_Farmers,6084,6084,5312,5312,30418,15,43139,16,772,772,462785,Small
663,2027 Q2,2027-06-30,Crop_Farmers,102656,119091,15781,15781,595454,18,292606,31,86875,103310,4857709,Large
663,2027 Q3,2027-09-30,Crop_Farmers,87576,99405,15781,15781,497026,15,257434,29,71795,83624,4857709,Large
663,2027 Q4,2027-12-31,Crop_Farmers,75894,98054,15781,15781,490269,15,255004,29,60113,82273,4857709,Large
663,2028 Q1,2028-03-31,Crop_Farmers,92499,108694,15781,15781,543469,15,274043,29,76718,92913,4857709,Large
663,2028 Q2,2028-06-30,Crop_Farmers,124530,124530,15781,15781,622652,17,302361,29,108749,108749,4857709,Large
663,2028 Q3,2028-09-30,Crop_Farmers,95422,95422,15781,15781,477110,15,250281,29,79641,79641,4857709,Large
667,2027 Q2,2027-06-30,Crop_Farmers,49680,49680,8275,8275,248398,18,152497,31,41405,41405,2253930,Medium
667,2027 Q3,2027-09-30,Crop_Farmers,40874,40874,8275,8275,204370,17,132699,29,32599,32599,2253930,Medium
667,2027 Q4,2027-12-31,Crop_Farmers,44302,44302,8275,8275,221509,15,140360,29,36027,36027,2253930,Medium
667,2028 Q1,2028-03-31,Crop_Farmers,48685,48685,8275,8275,243426,15,150203,29,40410,40410,2253930,Medium
667,2028 Q2,2028-06-30,Crop_Farmers,50929,50929,8275,8275,254645,15,155295,29,42654,42654,2253930,Medium
667,2028 Q3,2028-09-30,Crop_Farmers,42734,42734,8275,8275,213672,17,136856,29,34459,34459,2253930,Medium
656,2027 Q2,2027-06-30,Crop_Farmers,26798,26798,8393,8393,133990,16,98516,31,18405,18405,1304284,Medium
656,2027 Q3,2027-09-30,Crop_Farmers,21767,21767,8393,8393,108833,15,87962,29,13374,13374,1304284,Medium
656,2027 Q4,2027-12-31,Crop_Farmers,23434,23434,8393,8393,117170,15,91484,29,15041,15041,1304284,Medium
656,2028 Q1,2028-03-31,Crop_Farmers,25670,25670,8393,8393,128351,15,96179,29,17277,17277,1304284,Medium
656,2028 Q2,2028-06-30,Crop_Farmers,27666,27666,8393,8393,138331,15,100346,29,19273,19273,1304284,Medium
656,2028 Q3,2028-09-30,Crop_Farmers,22656,22656,8393,8393,113280,15,89842,29,14263,14263,1304284,Medium
657,2027 Q2,2027-06-30,Crop_Farmers,327040,327040,14485,14485,1635199,30,753470,31,312555,312555,13182671,Large
657,2027 Q3,2027-09-30,Crop_Farmers,261718,265165,14485,14485,1325824,28,623133,29,247233,250680,13182671,Large
657,2027 Q4,2027-12-31,Crop_Farmers,269714,272990,14485,14485,1364949,28,639306,29,255229,258505,13182671,Large
657,2028 Q1,2028-03-31,Crop_Farmers,305392,312581,14485,14485,1562906,28,722270,29,290907,298096,13182671,Large
657,2028 Q2,2028-06-30,Crop_Farmers,338426,338426,14485,14485,1692129,28,777208,31,323941,323941,13182671,Large
657,2028 Q3,2028-09-30,Crop_Farmers,284571,284571,14485,14485,1422853,28,663424,31,270086,270086,13182671,Large
664,2027 Q2,2027-06-30,Crop_Farmers,509332,509332,14485,14485,2546662,30,1150796,31,494847,494847,19862022,Large
664,2027 Q3,2027-09-30,Crop_Farmers,407288,407288,14485,14485,2036438,28,934744,29,392803,392803,19862022,Large
664,2027 Q4,2027-12-31,Crop_Farmers,412204,412204,14485,14485,2061021,30,945154,29,397719,397719,19862022,Large
664,2028 Q1,2028-03-31,Crop_Farmers,472715,472715,14485,14485,2363576,28,1073269,31,458230,458230,19862022,Large
664,2028 Q2,2028-06-30,Crop_Farmers,499615,499615,14485,14485,2498074,28,1130221,29,485130,485130,19862022,Large
664,2028 Q3,2028-09-30,Crop_Farmers,428488,428488,14485,14485,2142438,28,979629,29,414003,414003,19862022,Large
630,2027 Q2,2027-06-30,Livestock_Farmers,4794,4794,5395,5395,23968,16,40604,17,-601,-601,404042,Small
630,2027 Q3,2027-09-30,Livestock_Farmers,4166,4242,5395,5395,21212,17,39036,16,-1229,-1153,404042,Small
630,2027 Q4,2027-12-31,Livestock_Farmers,5916,6024,5395,5395,30120,17,44102,16,521,629,404042,Small
630,2028 Q1,2028-03-31,Livestock_Farmers,5707,5823,5395,5395,29115,17,43530,16,312,428,404042,Small
630,2028 Q2,2028-06-30,Livestock_Farmers,5246,5246,5395,5395,26232,15,41891,18,-149,-149,404042,Small
630,2028 Q3,2028-09-30,Livestock_Farmers,4750,4750,5395,5395,23752,15,40480,16,-645,-645,404042,Small
652,2027 Q2,2027-06-30,Crop_Farmers,18075,18075,7400,7400,90375,18,79836,31,10675,10675,1009521,Medium
652,2027 Q3,2027-09-30,Crop_Farmers,15021,15021,7400,7400,75103,15,72620,29,7621,7621,1009521,Medium
652,2027 Q4,2027-12-31,Crop_Farmers,16223,16223,7400,7400,81115,15,75471,29,8823,8823,1009521,Medium
652,2028 Q1,2028-03-31,Crop_Farmers,17689,17940,7400,7400,89699,17,79531,29,10289,10540,1009521,Medium
652,2028 Q2,2028-06-30,Crop_Farmers,21172,21172,7400,7400,105860,17,87175,29,13772,13772,1009521,Medium
652,2028 Q3,2028-09-30,Crop_Farmers,18414,18414,7400,7400,92069,17,80667,31,11014,11014,1009521,Medium
668,2027 Q2,2027-06-30,Crop_Farmers,70749,70749,7503,7503,353746,18,187165,31,63246,63246,2995962,Medium
668,2027 Q3,2027-09-30,Crop_Farmers,57143,57143,7503,7503,285717,15,158151,33,49640,49640,2995962,Medium
668,2027 Q4,2027-12-31,Crop_Farmers,64751,64751,7503,7503,323756,17,174218,29,57248,57248,2995962,Medium
668,2028 Q1,2028-03-31,Crop_Farmers,70815,70815,7503,7503,354073,17,187131,31,63312,63312,2995962,Medium
668,2028 Q2,2028-06-30,Crop_Farmers,68216,68216,7503,7503,341081,15,181816,29,60713,60713,2995962,Medium
668,2028 Q3,2028-09-30,Crop_Farmers,57880,57880,7503,7503,289401,15,159707,29,50377,50377,2995962,Medium
661,2027 Q2,2027-06-30,Crop_Farmers,31324,31769,8142,8142,158845,16,107842,31,23182,23627,1476564,Medium
661,2027 Q3,2027-09-30,Crop_Farmers,26524,26524,8142,8142,132618,15,96836,31,18382,18382,1476564,Medium
661,2027 Q4,2027-12-31,Crop_Farmers,28068,28068,8142,8142,140338,17,100101,31,19926,19926,1476564,Medium
661,2028 Q1,2028-03-31,Crop_Farmers,30656,30656,8142,8142,153278,15,105542,29,22514,22514,1476564,Medium
661,2028 Q2,2028-06-30,Crop_Farmers,29609,29609,8142,8142,148043,17,103274,29,21467,21467,1476564,Medium
661,2028 Q3,2028-09-30,Crop_Farmers,26579,26579,8142,8142,132894,15,96953,29,18437,18437,1476564,Medium
651,2027 Q2,2027-06-30,Crop_Farmers,8728,8728,3690,3690,43638,30,37737,31,5038,5038,443852,Small
651,2027 Q3,2027-09-30,Crop_Farmers,6881,6881,3690,3690,34407,28,33672,29,3191,3191,443852,Small
651,2027 Q4,2027-12-31,Crop_Farmers,7170,7170,3690,3690,35848,30,34309,29,3480,3480,443852,Small
651,2028 Q1,2028-03-31,Crop_Farmers,7722,7722,3690,3690,38609,28,35524,29,4032,4032,443852,Small
651,2028 Q2,2028-06-30,Crop_Farmers,8032,8032,3690,3690,40158,30,36198,33,4342,4342,443852,Small
651,2028 Q3,2028-09-30,Crop_Farmers,7668,7668,3690,3690,38340,28,35412,29,3978,3978,443852,Small
636,2027 Q2,2027-06-30,Livestock_Farmers,15193,15193,8323,8323,75964,16,75806,19,6870,6870,900131,Small
636,2027 Q3,2027-09-30,Livestock_Farmers,13724,13724,8323,8323,68620,15,72501,16,5401,5401,900131,Small
636,2027 Q4,2027-12-31,Livestock_Farmers,16108,16108,8323,8323,80542,17,77866,16,7785,7785,900131,Small
636,2028 Q1,2028-03-31,Livestock_Farmers,15819,16011,8323,8323,80056,15,77648,16,7496,7688,900131,Small
636,2028 Q2,2028-06-30,Livestock_Farmers,14693,14693,8323,8323,73466,15,74681,16,6370,6370,900131,Small
636,2028 Q3,2028-09-30,Livestock_Farmers,13981,13981,8323,8323,69903,15,73078,16,5658,5658,900131,Small
614,2027 Q2,2027-06-30,Livestock_Farmers,4438,4492,5751,5751,22460,16,42250,17,-1313,-1259,393572,Small
614,2027 Q3,2027-09-30,Livestock_Farmers,3980,4024,5751,5751,20122,15,40845,16,-1771,-1727,393572,Small
614,2027 Q4,2027-12-31,Livestock_Farmers,5145,5343,5751,5751,26717,15,44807,16,-606,-408,393572,Small
614,2028 Q1,2028-03-31,Livestock_Farmers,5531,5638,5751,5751,28189,15,45692,16,-220,-113,393572,Small
614,2028 Q2,2028-06-30,Livestock_Farmers,3648,3648,5751,5751,18238,15,39713,16,-2103,-2103,393572,Small
614,2028 Q3,2028-09-30,Livestock_Farmers,4471,4471,5751,5751,22353,15,42186,16,-1280,-1280,393572,Small
655,2027 Q2,2027-06-30,Crop_Farmers,11986,11986,3976,3976,59930,16,50123,31,8010,8010,593316,Small
655,2027 Q3,2027-09-30,Crop_Farmers,9182,9182,3976,3976,45911,15,43052,31,5206,5206,593316,Small
655,2027 Q4,2027-12-31,Crop_Farmers,10772,10772,3976,3976,53861,15,47064,29,6796,6796,593316,Small
655,2028 Q1,2028-03-31,Crop_Farmers,11647,11647,3976,3976,58236,15,49270,29,7671,7671,593316,Small
655,2028 Q2,2028-06-30,Crop_Farmers,10641,10641,3976,3976,53204,15,46729,31,6665,6665,593316,Small
655,2028 Q3,2028-09-30,Crop_Farmers,8780,8780,3976,3976,43900,15,42036,29,4804,4804,593316,Small
660,2027 Q2,2027-06-30,Crop_Farmers,17357,17357,10130,10130,86786,16,81003,31,7227,7227,955423,Medium
660,2027 Q3,2027-09-30,Crop_Farmers,13364,13364,10130,10130,66821,15,74053,29,3234,3234,955423,Medium
660,2027 Q4,2027-12-31,Crop_Farmers,15561,15561,10130,10130,77804,15,77899,29,5431,5431,955423,Medium
660,2028 Q1,2028-03-31,Crop_Farmers,18355,18355,10130,10130,91775,17,82775,29,8225,8225,955423,Medium
660,2028 Q2,2028-06-30,Crop_Farmers,17545,17545,10130,10130,87724,17,81330,29,7415,7415,955423,Medium
660,2028 Q3,2028-09-30,Crop_Farmers,14339,14339,10130,10130,71693,17,75760,29,4209,4209,955423,Medium
672,2027 Q2,2027-06-30,Crop_Farmers,16350,16856,3976,3976,84280,30,56311,31,12374,12880,771953,Small
672,2027 Q3,2027-09-30,Crop_Farmers,13252,13606,3976,3976,68030,28,49257,31,9276,9630,771953,Small
672,2027 Q4,2027-12-31,Crop_Farmers,14146,14332,3976,3976,71658,28,50823,29,10170,10356,771953,Small
672,2028 Q1,2028-03-31,Crop_Farmers,15757,16128,3976,3976,80640,28,54718,29,11781,12152,771953,Small
672,2028 Q2,2028-06-30,Crop_Farmers,16532,16532,3976,3976,82660,30,55615,29,12556,12556,771953,Small
672,2028 Q3,2028-09-30,Crop_Farmers,13700,13700,3976,3976,68501,28,49460,29,9724,9724,771953,Small
624,2027 Q2,2027-06-30,Livestock_Farmers,55726,65100,10911,10911,325499,16,244984,17,44815,54189,3679615,Medium
624,2027 Q3,2027-09-30,Livestock_Farmers,48759,58047,10911,10911,290235,15,224354,16,37848,47136,3679615,Medium
624,2027 Q4,2027-12-31,Livestock_Farmers,58133,75107,10911,10911,375535,15,274257,16,47222,64196,3679615,Medium
624,2028 Q1,2028-03-31,Livestock_Farmers,67356,82342,10911,10911,411711,17,295421,18,56445,71431,3679615,Medium
624,2028 Q2,2028-06-30,Livestock_Farmers,73776,73776,10911,10911,368878,17,270362,16,62865,62865,3679615,Medium
624,2028 Q3,2028-09-30,Livestock_Farmers,68620,68620,10911,10911,343098,15,255281,16,57709,57709,3679615,Medium
642,2027 Q2,2027-06-30,Livestock_Farmers,2413,2413,6260,6260,12066,18,38474,17,-3847,-3847,311346,Small
642,2027 Q3,2027-09-30,Livestock_Farmers,2308,2308,6260,6260,11539,15,38161,16,-3952,-3952,311346,Small
642,2027 Q4,2027-12-31,Livestock_Farmers,2928,2964,6260,6260,14819,15,40111,18,-3332,-3296,311346,Small
642,2028 Q1,2028-03-31,Livestock_Farmers,2803,2803,6260,6260,14015,15,39633,16,-3457,-3457,311346,Small
642,2028 Q2,2028-06-30,Livestock_Farmers,2536,2536,6260,6260,12682,17,38840,16,-3724,-3724,311346,Small
642,2028 Q3,2028-09-30,Livestock_Farmers,2472,2472,6260,6260,12358,15,38648,16,-3788,-3788,311346,Small
654,2027 Q2,2027-06-30,Crop_Farmers,2669,3765,3453,3453,18825,18,25831,31,-784,312,252039,Small
654,2027 Q3,2027-09-30,Crop_Farmers,1883,2682,3453,3453,13412,15,23382,31,-1570,-771,252039,Small
654,2027 Q4,2027-12-31,Crop_Farmers,1694,3185,3453,3453,15923,15,24527,31,-1759,-268,252039,Small
654,2028 Q1,2028-03-31,Crop_Farmers,2615,3869,3453,3453,19346,17,26080,29,-838,416,252039,Small
654,2028 Q2,2028-06-30,Crop_Farmers,3857,3908,3453,3453,19541,15,26157,29,404,455,252039,Small
654,2028 Q3,2028-09-30,Crop_Farmers,2945,2987,3453,3453,14937,15,24078,29,-508,-466,252039,Small
666,2027 Q2,2027-06-30,Crop_Farmers,6843,10527,5182,5182,52634,18,45045,31,1661,5345,533199,Small
666,2027 Q3,2027-09-30,Crop_Farmers,5258,8040,5182,5182,40199,15,40512,29,76,2858,533199,Small
666,2027 Q4,2027-12-31,Crop_Farmers,5740,8858,5182,5182,44289,15,41997,29,558,3676,533199,Small
666,2028 Q1,2028-03-31,Crop_Farmers,6497,9874,5182,5182,49370,17,43849,29,1315,4692,533199,Small
666,2028 Q2,2028-06-30,Crop_Farmers,9606,9772,5182,5182,48861,15,43674,29,4424,4590,533199,Small
666,2028 Q3,2028-09-30,Crop_Farmers,8200,8342,5182,5182,41709,15,41060,31,3018,3160,533199,Small
643,2027 Q2,2027-06-30,Crop_Farmers,30844,30844,8393,8393,154220,16,101960,31,22451,22451,1423620,Medium
643,2027 Q3,2027-09-30,Crop_Farmers,25432,25432,8393,8393,127161,15,91478,29,17039,17039,1423620,Medium
643,2027 Q4,2027-12-31,Crop_Farmers,25821,26108,8393,8393,130538,15,92791,29,17428,17715,1423620,Medium
643,2028 Q1,2028-03-31,Crop_Farmers,29091,29091,8393,8393,145455,17,98578,31,20698,20698,1423620,Medium
643,2028 Q2,2028-06-30,Crop_Farmers,31395,31395,8393,8393,156973,17,103030,29,23002,23002,1423620,Medium
643,2028 Q3,2028-09-30,Crop_Farmers,25835,25835,8393,8393,129175,17,92261,29,17442,17442,1423620,Medium
649,2027 Q2,2027-06-30,Crop_Farmers,85041,85041,14496,14496,425207,18,240166,31,70545,70545,3756681,Large
649,2027 Q3,2027-09-30,Crop_Farmers,68663,68663,14496,14496,343313,15,207845,29,54167,54167,3756681,Large
649,2027 Q4,2027-12-31,Crop_Farmers,76263,76263,14496,14496,381315,15,222830,29,61767,61767,3756681,Large
649,2028 Q1,2028-03-31,Crop_Farmers,85165,86462,14496,14496,432308,17,242948,29,70669,71966,3756681,Large
649,2028 Q2,2028-06-30,Crop_Farmers,87830,87830,14496,14496,439152,15,245666,29,73334,73334,3756681,Large
649,2028 Q3,2028-09-30,Crop_Farmers,72216,72216,14496,14496,361080,17,214851,31,57720,57720,3756681,Large
644,2027 Q2,2027-06-30,Crop_Farmers,336154,336154,15781,15781,1680771,16,757671,31,320373,320373,13462598,Large
644,2027 Q3,2027-09-30,Crop_Farmers,276594,276594,15781,15781,1382971,17,637540,29,260813,260813,13462598,Large
644,2027 Q4,2027-12-31,Crop_Farmers,284562,284562,15781,15781,1422809,15,653629,29,268781,268781,13462598,Large
644,2028 Q1,2028-03-31,Crop_Farmers,310279,310279,15781,15781,1551393,15,705507,29,294498,294498,13462598,Large
644,2028 Q2,2028-06-30,Crop_Farmers,348363,348363,15781,15781,1741814,15,782318,29,332582,332582,13462598,Large
644,2028 Q3,2028-09-30,Crop_Farmers,294496,294496,15781,15781,1472479,15,673696,29,278715,278715,13462598,Large
669,2027 Q2,2027-06-30,Crop_Farmers,562,571,3507,3507,2854,18,18950,31,-2945,-2936,126642,Small
669,2027 Q3,2027-09-30,Crop_Farmers,493,501,3507,3507,2507,15,18780,29,-3014,-3006,126642,Small
669,2027 Q4,2027-12-31,Crop_Farmers,483,488,3507,3507,2439,15,18746,29,-3024,-3019,126642,Small
669,2028 Q1,2028-03-31,Crop_Farmers,496,508,3507,3507,2538,15,18795,29,-3011,-2999,126642,Small
669,2028 Q2,2028-06-30,Crop_Farmers,533,533,3507,3507,2665,15,18856,29,-2974,-2974,126642,Small
669,2028 Q3,2028-09-30,Crop_Farmers,264,264,3507,3507,1321,15,18191,31,-3243,-3243,126642,Small
626,2027 Q2,2027-06-30,Livestock_Farmers,2764,2764,5456,5456,13820,18,34664,17,-2692,-2692,312721,Small
626,2027 Q3,2027-09-30,Livestock_Farmers,2866,2898,5456,5456,14490,15,35022,16,-2590,-2558,312721,Small
626,2027 Q4,2027-12-31,Livestock_Farmers,4059,4167,5456,5456,20837,15,38414,16,-1397,-1289,312721,Small
626,2028 Q1,2028-03-31,Livestock_Farmers,3794,3844,5456,5456,19222,15,37551,16,-1662,-1612,312721,Small
626,2028 Q2,2028-06-30,Livestock_Farmers,2824,2824,5456,5456,14118,15,34823,18,-2632,-2632,312721,Small
626,2028 Q3,2028-09-30,Livestock_Farmers,2930,2930,5456,5456,14652,17,35108,16,-2526,-2526,312721,Small
523,2027 Q2,2027-06-30,Cleaning_Services,428231,428231,2826,2826,2141155,158,27246,8,425405,425405,12969743,Large
523,2027 Q3,2027-09-30,Cleaning_Services,428231,428231,2120,2120,2141155,158,20435,6,426111,426111,12969743,Large
523,2027 Q4,2027-12-31,Cleaning_Services,421379,428231,2155,2155,2141155,158,20775,6,419224,426076,12969743,Large
523,2028 Q1,2028-03-31,Cleaning_Services,421808,428231,2106,2106,2141155,158,20299,6,419702,426125,12969743,Large
523,2028 Q2,2028-06-30,Cleaning_Services,428231,428231,2120,2120,2141155,158,20435,6,426111,426111,12969743,Large
523,2028 Q3,2028-09-30,Cleaning_Services,428231,428231,1413,1413,2141155,158,13623,4,426818,426818,12969743,Large
504,2027 Q2,2027-06-30,Cleaning_Services,546508,546508,5156,5156,2732542,194,41746,8,541352,541352,16583421,Large
504,2027 Q3,2027-09-30,Cleaning_Services,546508,546508,3867,3867,2732542,194,31309,6,542641,542641,16583421,Large
504,2027 Q4,2027-12-31,Cleaning_Services,546508,546508,3932,3932,2732542,194,31831,6,542576,542576,16583421,Large
504,2028 Q1,2028-03-31,Cleaning_Services,546508,546508,3841,3841,2732542,196,31101,6,542667,542667,16583421,Large
504,2028 Q2,2028-06-30,Cleaning_Services,546508,546508,3867,3867,2732542,194,31309,6,542641,542641,16583421,Large
504,2028 Q3,2028-09-30,Cleaning_Services,546508,546508,2578,2578,2732542,196,20873,4,543930,543930,16583421,Large
509,2027 Q2,2027-06-30,Cleaning_Services,133961,135588,2874,2874,677941,59,14370,8,131087,132714,4132418,Small
509,2027 Q3,2027-09-30,Cleaning_Services,135588,135588,2156,2155,677941,59,10777,6,133432,133433,4132418,Small
509,2027 Q4,2027-12-31,Cleaning_Services,133961,135588,2191,2191,677941,59,10957,6,131770,133397,4132418,Small
509,2028 Q1,2028-03-31,Cleaning_Services,135588,135588,2141,2141,677941,59,10706,6,133447,133447,4132418,Small
509,2028 Q2,2028-06-30,Cleaning_Services,135588,135588,2156,2155,677941,61,10777,6,133432,133433,4132418,Small
509,2028 Q3,2028-09-30,Cleaning_Services,135588,135588,1437,1437,677941,61,7185,4,134151,134151,4132418,Small
530,2027 Q2,2027-06-30,Cleaning_Services,40872,40872,2575,2575,204358,32,12875,8,38297,38297,1284182,Small
530,2027 Q3,2027-09-30,Cleaning_Services,40872,40872,1931,1931,204358,32,9656,6,38941,38941,1284182,Small
530,2027 Q4,2027-12-31,Cleaning_Services,40872,40872,1963,1963,204358,32,9817,6,38909,38909,1284182,Small
530,2028 Q1,2028-03-31,Cleaning_Services,40872,40872,1918,1918,204358,34,9592,6,38954,38954,1284182,Small
530,2028 Q2,2028-06-30,Cleaning_Services,40872,40872,1931,1931,204358,34,9656,6,38941,38941,1284182,Small
530,2028 Q3,2028-09-30,Cleaning_Services,40872,40872,1288,1288,204358,32,6438,4,39584,39584,1284182,Small
521,2027 Q2,2027-06-30,Cleaning_Services,130804,132661,1074,1074,663306,46,9252,8,129730,131587,4021538,Small
521,2027 Q3,2027-09-30,Cleaning_Services,130671,132661,806,806,663306,44,6939,6,129865,131855,4021538,Small
521,2027 Q4,2027-12-31,Cleaning_Services,130538,132661,819,819,663306,44,7054,6,129719,131842,4021538,Small
521,2028 Q1,2028-03-31,Cleaning_Services,130406,132661,800,800,663306,44,6892,6,129606,131861,4021538,Small
521,2028 Q2,2028-06-30,Cleaning_Services,132661,132661,806,806,663306,46,6939,6,131855,131855,4021538,Small
521,2028 Q3,2028-09-30,Cleaning_Services,132661,132661,537,537,663306,44,4626,4,132124,132124,4021538,Small
528,2027 Q2,2027-06-30,Cleaning_Services,160487,160487,4366,4366,802434,71,21828,8,156121,156121,4912994,Medium
528,2027 Q3,2027-09-30,Cleaning_Services,160487,160487,3274,3274,802434,71,16371,6,157213,157213,4912994,Medium
528,2027 Q4,2027-12-31,Cleaning_Services,160487,160487,3329,3329,802434,71,16644,6,157158,157158,4912994,Medium
528,2028 Q1,2028-03-31,Cleaning_Services,160487,160487,3252,3252,802434,73,16262,6,157235,157235,4912994,Medium
528,2028 Q2,2028-06-30,Cleaning_Services,160487,160487,3274,3274,802434,71,16371,6,157213,157213,4912994,Medium
528,2028 Q3,2028-09-30,Cleaning_Services,160487,160487,2183,2183,802434,71,10914,4,158304,158304,4912994,Medium
506,2027 Q2,2027-06-30,Cleaning_Services,405383,413234,4816,4816,2066169,178,40794,8,400567,408418,12580894,Large
506,2027 Q3,2027-09-30,Cleaning_Services,405796,413234,3612,3612,2066169,176,30596,6,402184,409622,12580894,Large
506,2027 Q4,2027-12-31,Cleaning_Services,413234,413234,3672,3672,2066169,176,31105,6,409562,409562,12580894,Large
506,2028 Q1,2028-03-31,Cleaning_Services,413234,413234,3588,3588,2066169,178,30392,6,409646,409646,12580894,Large
506,2028 Q2,2028-06-30,Cleaning_Services,413234,413234,3612,3612,2066169,176,30596,6,409622,409622,12580894,Large
506,2028 Q3,2028-09-30,Cleaning_Services,413234,413234,2408,2408,2066169,176,20397,4,410826,410826,12580894,Large
514,2027 Q2,2027-06-30,Cleaning_Services,137714,137714,1199,1199,688570,62,11697,8,136515,136515,4184144,Small
514,2027 Q3,2027-09-30,Cleaning_Services,137714,137714,899,899,688570,62,8773,6,136815,136815,4184144,Small
514,2027 Q4,2027-12-31,Cleaning_Services,137714,137714,914,914,688570,62,8919,6,136800,136800,4184144,Small
514,2028 Q1,2028-03-31,Cleaning_Services,137714,137714,893,893,688570,62,8714,6,136821,136821,4184144,Small
514,2028 Q2,2028-06-30,Cleaning_Services,137714,137714,899,899,688570,62,8773,6,136815,136815,4184144,Small
514,2028 Q3,2028-09-30,Cleaning_Services,137714,137714,599,599,688570,62,5848,4,137115,137115,4184144,Small
522,2027 Q2,2027-06-30,Cleaning_Services,109181,110619,1191,1191,553094,49,9797,8,107990,109428,3362725,Small
522,2027 Q3,2027-09-30,Cleaning_Services,108738,110619,893,893,553094,49,7348,6,107845,109726,3362725,Small
522,2027 Q4,2027-12-31,Cleaning_Services,108407,110619,908,908,553094,47,7470,6,107499,109711,3362725,Small
522,2028 Q1,2028-03-31,Cleaning_Services,108075,110619,887,887,553094,49,7299,6,107188,109732,3362725,Small
522,2028 Q2,2028-06-30,Cleaning_Services,110619,110619,893,893,553094,47,7348,6,109726,109726,3362725,Small
522,2028 Q3,2028-09-30,Cleaning_Services,110619,110619,595,595,553094,47,4899,4,110024,110024,3362725,Small
532,2027 Q2,2027-06-30,Cleaning_Services,76282,110075,1314,1314,550374,50,12641,8,74968,108761,3359225,Small
532,2027 Q3,2027-09-30,Cleaning_Services,76062,110075,986,986,550374,50,9481,6,75076,109089,3359225,Small
532,2027 Q4,2027-12-31,Cleaning_Services,76172,110075,1002,1002,550374,50,9639,6,75170,109073,3359225,Small
532,2028 Q1,2028-03-31,Cleaning_Services,75842,110075,979,979,550374,52,9418,6,74863,109096,3359225,Small
532,2028 Q2,2028-06-30,Cleaning_Services,108314,110075,986,986,550374,50,9481,6,107328,109089,3359225,Small
532,2028 Q3,2028-09-30,Cleaning_Services,108314,110075,657,657,550374,50,6321,4,107657,109418,3359225,Small
517,2027 Q2,2027-06-30,Cleaning_Services,25870,29002,2784,2784,145012,19,13922,8,23086,26218,932824,Small
517,2027 Q3,2027-09-30,Cleaning_Services,25812,29002,2088,2088,145012,17,10441,6,23724,26914,932824,Small
517,2027 Q4,2027-12-31,Cleaning_Services,25870,29002,2123,2123,145012,17,10615,6,23747,26879,932824,Small
517,2028 Q1,2028-03-31,Cleaning_Services,25551,29002,2074,2074,145012,17,10372,6,23477,26928,932824,Small
517,2028 Q2,2028-06-30,Cleaning_Services,29002,29002,2088,2088,145012,19,10441,6,26914,26914,932824,Small
517,2028 Q3,2028-09-30,Cleaning_Services,29002,29002,1392,1392,145012,17,6961,4,27610,27610,932824,Small
510,2027 Q2,2027-06-30,Cleaning_Services,190251,190251,1215,1215,951256,62,12152,8,189036,189036,5753229,Medium
510,2027 Q3,2027-09-30,Cleaning_Services,190251,190251,911,911,951256,62,9114,6,189340,189340,5753229,Medium
510,2027 Q4,2027-12-31,Cleaning_Services,190251,190251,926,926,951256,64,9266,6,189325,189325,5753229,Medium
510,2028 Q1,2028-03-31,Cleaning_Services,190251,190251,0,0,951256,64,4527,9,190251,190251,5753229,Medium
510,2028 Q2,2028-06-30,Cleaning_Services,190251,190251,0,0,951256,62,4558,29,190251,190251,5753229,Medium
510,2028 Q3,2028-09-30,Cleaning_Services,190251,190251,608,608,951256,62,6076,4,189643,189643,5753229,Medium
520,2027 Q2,2027-06-30,Cleaning_Services,94339,111380,5715,5715,556899,64,28574,8,88624,105665,3470189,Small
520,2027 Q3,2027-09-30,Cleaning_Services,93114,111380,4286,4286,556899,62,21430,6,88828,107094,3470189,Small
520,2027 Q4,2027-12-31,Cleaning_Services,93448,111380,4357,4357,556899,62,21787,6,89091,107023,3470189,Small
520,2028 Q1,2028-03-31,Cleaning_Services,93002,111380,4257,4257,556899,62,21287,6,88745,107123,3470189,Small
520,2028 Q2,2028-06-30,Cleaning_Services,111380,111380,4286,4286,556899,62,21430,6,107094,107094,3470189,Small
520,2028 Q3,2028-09-30,Cleaning_Services,111380,111380,2857,2857,556899,64,14287,4,108523,108523,3470189,Small
511,2027 Q2,2027-06-30,Cleaning_Services,54497,82074,2768,2768,410371,53,26156,8,51729,79306,2580124,Small
511,2027 Q3,2027-09-30,Cleaning_Services,53923,82074,2076,2076,410371,55,19617,6,51847,79998,2580124,Small
511,2027 Q4,2027-12-31,Cleaning_Services,54497,82074,2111,2111,410371,55,19944,6,52386,79963,2580124,Small
511,2028 Q1,2028-03-31,Cleaning_Services,54251,82074,2062,2062,410371,53,19486,6,52189,80012,2580124,Small
511,2028 Q2,2028-06-30,Cleaning_Services,80679,82074,2076,2076,410371,53,19617,6,78603,79998,2580124,Small
511,2028 Q3,2028-09-30,Cleaning_Services,80679,82074,1384,1384,410371,55,13078,4,79295,80690,2580124,Small
505,2027 Q2,2027-06-30,Cleaning_Services,304795,310382,1934,1934,1551911,100,18139,8,302861,308448,9378769,Medium
505,2027 Q3,2027-09-30,Cleaning_Services,306037,310382,1451,1451,1551911,100,13604,6,304586,308931,9378769,Medium
505,2027 Q4,2027-12-31,Cleaning_Services,299519,310382,1475,1475,1551911,98,13831,6,298044,308907,9378769,Medium
505,2028 Q1,2028-03-31,Cleaning_Services,304795,310382,0,0,1551911,100,6309,9,304795,310382,9378769,Medium
505,2028 Q2,2028-06-30,Cleaning_Services,310382,310382,0,0,1551911,100,6351,27,310382,310382,9378769,Medium
505,2028 Q3,2028-09-30,Cleaning_Services,310382,310382,967,967,1551911,100,9069,4,309415,309415,9378769,Medium
507,2027 Q2,2027-06-30,Cleaning_Services,32008,32008,0,0,160042,23,11401,8,32008,32008,1011642,Small
507,2027 Q3,2027-09-30,Cleaning_Services,32008,32008,0,0,160042,23,8551,6,32008,32008,1011642,Small
507,2027 Q4,2027-12-31,Cleaning_Services,32008,32008,0,0,160042,23,8693,6,32008,32008,1011642,Small
507,2028 Q1,2028-03-31,Cleaning_Services,32008,32008,0,0,160042,25,8494,6,32008,32008,1011642,Small
507,2028 Q2,2028-06-30,Cleaning_Services,32008,32008,0,0,160042,23,8551,6,32008,32008,1011642,Small
507,2028 Q3,2028-09-30,Cleaning_Services,32008,32008,0,0,160042,23,5700,4,32008,32008,1011642,Small
525,2027 Q2,2027-06-30,Cleaning_Services,90678,136358,2557,2557,681792,62,12784,8,88121,133801,4148376,Medium
525,2027 Q3,2027-09-30,Cleaning_Services,90542,136358,1918,1918,681792,64,9588,6,88624,134440,4148376,Medium
525,2027 Q4,2027-12-31,Cleaning_Services,91087,136358,1950,1950,681792,62,9748,6,89137,134408,4148376,Medium
525,2028 Q1,2028-03-31,Cleaning_Services,90814,136358,1905,1905,681792,62,9524,6,88909,134453,4148376,Medium
525,2028 Q2,2028-06-30,Cleaning_Services,134040,136358,1918,1918,681792,62,9588,6,132122,134440,4148376,Medium
525,2028 Q3,2028-09-30,Cleaning_Services,134040,136358,1278,1278,681792,62,6392,4,132762,135080,4148376,Medium
526,2027 Q2,2027-06-30,Cleaning_Services,293373,360409,2648,2648,1802043,119,21411,8,290725,357761,10908767,Large
526,2027 Q3,2027-09-30,Cleaning_Services,289408,360409,1986,1986,1802043,119,16058,6,287422,358423,10908767,Large
526,2027 Q4,2027-12-31,Cleaning_Services,290490,360409,2019,2019,1802043,121,16326,6,288471,358390,10908767,Large
526,2028 Q1,2028-03-31,Cleaning_Services,292292,360409,1972,1972,1802043,119,15951,6,290320,358437,10908767,Large
526,2028 Q2,2028-06-30,Cleaning_Services,360409,360409,1986,1986,1802043,121,16058,6,358423,358423,10908767,Large
526,2028 Q3,2028-09-30,Cleaning_Services,360409,360409,1324,1324,1802043,121,10705,4,359085,359085,10908767,Large
527,2027 Q2,2027-06-30,Cleaning_Services,149079,149079,2440,2440,745396,74,23623,8,146639,146639,4578857,Medium
527,2027 Q3,2027-09-30,Cleaning_Services,149079,149079,1830,1830,745396,74,17717,6,147249,147249,4578857,Medium
527,2027 Q4,2027-12-31,Cleaning_Services,149079,149079,1861,1861,745396,76,18013,6,147218,147218,4578857,Medium
527,2028 Q1,2028-03-31,Cleaning_Services,149079,149079,1818,1818,745396,74,17599,6,147261,147261,4578857,Medium
527,2028 Q2,2028-06-30,Cleaning_Services,149079,149079,1830,1830,745396,76,17717,8,147249,147249,4578857,Medium
527,2028 Q3,2028-09-30,Cleaning_Services,149079,149079,1220,1220,745396,76,11812,4,147859,147859,4578857,Medium
508,2027 Q2,2027-06-30,Cleaning_Services,320893,320893,2886,2886,1604465,119,23644,8,318007,318007,9733366,Large
508,2027 Q3,2027-09-30,Cleaning_Services,320893,320893,2164,2164,1604465,119,17733,6,318729,318729,9733366,Large
508,2027 Q4,2027-12-31,Cleaning_Services,320893,320893,2201,2201,1604465,119,18029,6,318692,318692,9733366,Large
508,2028 Q1,2028-03-31,Cleaning_Services,320893,320893,2150,2150,1604465,119,17615,6,318743,318743,9733366,Large
508,2028 Q2,2028-06-30,Cleaning_Services,320893,320893,2164,2164,1604465,119,17733,6,318729,318729,9733366,Large
508,2028 Q3,2028-09-30,Cleaning_Services,320893,320893,1443,1443,1604465,121,11822,4,319450,319450,9733366,Large
515,2027 Q2,2027-06-30,Cleaning_Services,191652,191652,1337,1337,958259,62,13075,8,190315,190315,5808490,Medium
515,2027 Q3,2027-09-30,Cleaning_Services,191652,191652,1003,1003,958259,62,9806,6,190649,190649,5808490,Medium
515,2027 Q4,2027-12-31,Cleaning_Services,191652,191652,1020,1020,958259,62,9970,6,190632,190632,5808490,Medium
515,2028 Q1,2028-03-31,Cleaning_Services,189161,191652,996,996,958259,64,9741,6,188165,190656,5808490,Medium
515,2028 Q2,2028-06-30,Cleaning_Services,191652,191652,1003,1003,958259,62,9806,6,190649,190649,5808490,Medium
515,2028 Q3,2028-09-30,Cleaning_Services,191652,191652,669,669,958259,62,6538,4,190983,190983,5808490,Medium
524,2027 Q2,2027-06-30,Cleaning_Services,73492,130768,3983,3983,653842,74,38793,8,69509,126785,4097908,Small
524,2027 Q3,2027-09-30,Cleaning_Services,72315,130768,2988,2988,653842,74,29094,6,69327,127780,4097908,Small
524,2027 Q4,2027-12-31,Cleaning_Services,73492,130768,3037,3037,653842,76,29579,6,70455,127731,4097908,Small
524,2028 Q1,2028-03-31,Cleaning_Services,72315,130768,2968,2968,653842,74,28900,6,69347,127800,4097908,Small
524,2028 Q2,2028-06-30,Cleaning_Services,128154,130768,2988,2988,653842,74,29094,6,125166,127780,4097908,Small
524,2028 Q3,2028-09-30,Cleaning_Services,128154,130768,1992,1992,653842,74,19396,4,126162,128776,4097908,Small
516,2027 Q2,2027-06-30,Cleaning_Services,177233,177233,2619,2619,886165,76,13095,8,174614,174614,5376018,Medium
516,2027 Q3,2027-09-30,Cleaning_Services,177233,177233,1964,1964,886165,74,9822,6,175269,175269,5376018,Medium
516,2027 Q4,2027-12-31,Cleaning_Services,177233,177233,1997,1997,886165,74,9985,6,175236,175236,5376018,Medium
516,2028 Q1,2028-03-31,Cleaning_Services,177233,177233,1951,1951,886165,74,9756,6,175282,175282,5376018,Medium
516,2028 Q2,2028-06-30,Cleaning_Services,177233,177233,1964,1964,886165,74,9822,6,175269,175269,5376018,Medium
516,2028 Q3,2028-09-30,Cleaning_Services,177233,177233,1310,1310,886165,74,6548,4,175923,175923,5376018,Medium
518,2027 Q2,2027-06-30,Cleaning_Services,36392,55987,2400,2400,279936,26,11998,8,33992,53587,1733695,Small
518,2027 Q3,2027-09-30,Cleaning_Services,36392,55987,1800,1800,279936,26,8998,6,34592,54187,1733695,Small
518,2027 Q4,2027-12-31,Cleaning_Services,35720,55987,1830,1830,279936,28,9148,6,33890,54157,1733695,Small
518,2028 Q1,2028-03-31,Cleaning_Services,36112,55987,1788,1788,279936,26,8938,6,34324,54199,1733695,Small
518,2028 Q2,2028-06-30,Cleaning_Services,54979,55987,1800,1800,279936,26,8998,6,53179,54187,1733695,Small
518,2028 Q3,2028-09-30,Cleaning_Services,54979,55987,1200,1200,279936,26,5999,4,53779,54787,1733695,Small
513,2027 Q2,2027-06-30,Cleaning_Services,72976,74163,1319,1319,370813,38,10757,8,71657,72844,2273367,Small
513,2027 Q3,2027-09-30,Cleaning_Services,72531,74163,990,990,370813,38,8068,6,71541,73173,2273367,Small
513,2027 Q4,2027-12-31,Cleaning_Services,71345,74163,1006,1006,370813,40,8203,6,70339,73157,2273367,Small
513,2028 Q1,2028-03-31,Cleaning_Services,72828,74163,983,983,370813,40,8014,6,71845,73180,2273367,Small
513,2028 Q2,2028-06-30,Cleaning_Services,74163,74163,990,990,370813,38,8068,6,73173,73173,2273367,Small
513,2028 Q3,2028-09-30,Cleaning_Services,74163,74163,660,660,370813,38,5379,4,73503,73503,2273367,Small
529,2027 Q2,2027-06-30,Cleaning_Services,37478,44777,1200,1200,223884,26,11270,8,36278,43577,1394102,Small
529,2027 Q3,2027-09-30,Cleaning_Services,41061,44777,900,900,223884,28,8452,6,40161,43877,1394102,Small
529,2027 Q4,2027-12-31,Cleaning_Services,42314,44777,915,915,223884,26,8593,6,41399,43862,1394102,Small
529,2028 Q1,2028-03-31,Cleaning_Services,38463,44777,894,894,223884,28,8396,6,37569,43883,1394102,Small
529,2028 Q2,2028-06-30,Cleaning_Services,44284,44777,900,900,223884,28,8452,6,43384,43877,1394102,Small
529,2028 Q3,2028-09-30,Cleaning_Services,44240,44777,600,600,223884,26,5635,4,43640,44177,1394102,Small
519,2027 Q2,2027-06-30,Cleaning_Services,32971,32971,0,0,164854,14,10998,8,32971,32971,1038699,Small
519,2027 Q3,2027-09-30,Cleaning_Services,32971,32971,0,0,164854,14,8249,6,32971,32971,1038699,Small
519,2027 Q4,2027-12-31,Cleaning_Services,32312,32971,0,0,164854,14,8386,6,32312,32971,1038699,Small
519,2028 Q1,2028-03-31,Cleaning_Services,32410,32971,0,0,164854,16,8194,6,32410,32971,1038699,Small
519,2028 Q2,2028-06-30,Cleaning_Services,32971,32971,0,0,164854,14,8249,6,32971,32971,1038699,Small
519,2028 Q3,2028-09-30,Cleaning_Services,32971,32971,0,0,164854,14,5499,4,32971,32971,1038699,Small
503,2027 Q2,2027-06-30,Cleaning_Services,41950,58345,2685,2685,291724,34,13425,8,39265,55660,1810859,Small
503,2027 Q3,2027-09-30,Cleaning_Services,41658,58345,2014,2014,291724,32,10069,6,39644,56331,1810859,Small
503,2027 Q4,2027-12-31,Cleaning_Services,40491,58345,2047,2047,291724,32,10237,6,38444,56298,1810859,Small
503,2028 Q1,2028-03-31,Cleaning_Services,40958,58345,2000,2000,291724,32,10002,6,38958,56345,1810859,Small
503,2028 Q2,2028-06-30,Cleaning_Services,57470,58345,2014,2014,291724,34,10069,6,55456,56331,1810859,Small
503,2028 Q3,2028-09-30,Cleaning_Services,57528,58345,1343,1343,291724,32,6713,4,56185,57002,1810859,Small
512,2027 Q2,2027-06-30,Cleaning_Services,32053,57034,1042,1042,285169,26,10182,8,31011,55992,1749115,Small
512,2027 Q3,2027-09-30,Cleaning_Services,44829,57034,782,782,285169,26,7636,6,44047,56252,1749115,Small
512,2027 Q4,2027-12-31,Cleaning_Services,42205,57034,795,795,285169,26,7763,6,41410,56239,1749115,Small
512,2028 Q1,2028-03-31,Cleaning_Services,30114,57034,0,0,285169,26,3702,9,30114,57034,1749115,Small
512,2028 Q2,2028-06-30,Cleaning_Services,55893,57034,0,0,285169,26,3727,25,55893,57034,1749115,Small
512,2028 Q3,2028-09-30,Cleaning_Services,56407,57034,521,521,285169,26,5091,4,55886,56513,1749115,Small
531,2027 Q2,2027-06-30,Cleaning_Services,53606,54257,1362,1362,271287,29,11210,8,52244,52895,1678253,Small
531,2027 Q3,2027-09-30,Cleaning_Services,54257,54257,1021,1021,271287,29,8408,6,53236,53236,1678253,Small
531,2027 Q4,2027-12-31,Cleaning_Services,54257,54257,1038,1038,271287,31,8548,6,53219,53219,1678253,Small
531,2028 Q1,2028-03-31,Cleaning_Services,54257,54257,1014,1014,271287,29,8352,6,53243,53243,1678253,Small
531,2028 Q2,2028-06-30,Cleaning_Services,54257,54257,1021,1021,271287,31,8408,6,53236,53236,1678253,Small
531,2028 Q3,2028-09-30,Cleaning_Services,54257,54257,681,681,271287,29,5605,4,53576,53576,1678253,Small
1,2027 Q2,2027-06-30,Customer,0,0,72230084,72230084,0,0,361150419,45591,-72230084,-72230084,2325187482,Large
1,2027 Q3,2027-09-30,Customer,0,0,69631889,69631889,0,0,348159443,46092,-69631889,-69631889,2325187482,Large
1,2027 Q4,2027-12-31,Customer,0,0,86372157,86372158,0,0,431860790,46092,-86372157,-86372158,2325187482,Large
1,2028 Q1,2028-03-31,Customer,0,0,85932256,85932256,0,0,429661280,45591,-85932256,-85932256,2325187482,Large
1,2028 Q2,2028-06-30,Customer,0,0,76440851,76440851,0,0,382204257,45591,-76440851,-76440851,2325187482,Large
1,2028 Q3,2028-09-30,Customer,0,0,74430259,74430259,0,0,372151293,46092,-74430259,-74430259,2325187482,Large
608,2027 Q2,2027-06-30,Food_Processors,0,0,9443,9443,0,0,47216,3,-9443,-9443,283296,Small
608,2027 Q3,2027-09-30,Food_Processors,0,0,9443,9443,0,0,47216,3,-9443,-9443,283296,Small
608,2027 Q4,2027-12-31,Food_Processors,0,0,9443,9443,0,0,47216,3,-9443,-9443,283296,Small
608,2028 Q1,2028-03-31,Food_Processors,0,0,9443,9443,0,0,47216,3,-9443,-9443,283296,Small
608,2028 Q2,2028-06-30,Food_Processors,0,0,9443,9443,0,0,47216,3,-9443,-9443,283296,Small
608,2028 Q3,2028-09-30,Food_Processors,0,0,9443,9443,0,0,47216,5,-9443,-9443,283296,Small
616,2027 Q2,2027-06-30,Livestock_Farmers,0,0,5796,5796,0,0,28980,3,-5796,-5796,173880,Small
616,2027 Q3,2027-09-30,Livestock_Farmers,0,0,5796,5796,0,0,28980,3,-5796,-5796,173880,Small
616,2027 Q4,2027-12-31,Livestock_Farmers,0,0,5796,5796,0,0,28980,3,-5796,-5796,173880,Small
616,2028 Q1,2028-03-31,Livestock_Farmers,0,0,5796,5796,0,0,28980,3,-5796,-5796,173880,Small
616,2028 Q2,2028-06-30,Livestock_Farmers,0,0,5796,5796,0,0,28980,5,-5796,-5796,173880,Small
616,2028 Q3,2028-09-30,Livestock_Farmers,0,0,5796,5796,0,0,28980,3,-5796,-5796,173880,Small
618,2027 Q2,2027-06-30,Livestock_Farmers,0,0,7972,7972,0,0,39862,3,-7972,-7972,239172,Small
618,2027 Q3,2027-09-30,Livestock_Farmers,0,0,7972,7972,0,0,39862,3,-7972,-7972,239172,Small
618,2027 Q4,2027-12-31,Livestock_Farmers,0,0,7972,7972,0,0,39862,3,-7972,-7972,239172,Small
618,2028 Q1,2028-03-31,Livestock_Farmers,0,0,7972,7972,0,0,39862,3,-7972,-7972,239172,Small
618,2028 Q2,2028-06-30,Livestock_Farmers,0,0,7972,7972,0,0,39862,3,-7972,-7972,239172,Small
618,2028 Q3,2028-09-30,Livestock_Farmers,0,0,7972,7972,0,0,39862,3,-7972,-7972,239172,Small
623,2027 Q2,2027-06-30,Livestock_Farmers,0,0,5751,5751,0,0,28757,3,-5751,-5751,172542,Small
623,2027 Q3,2027-09-30,Livestock_Farmers,0,0,5751,5751,0,0,28757,3,-5751,-5751,172542,Small
623,2027 Q4,2027-12-31,Livestock_Farmers,0,0,5751,5751,0,0,28757,5,-5751,-5751,172542,Small
623,2028 Q1,2028-03-31,Livestock_Farmers,0,0,5751,5751,0,0,28757,3,-5751,-5751,172542,Small
623,2028 Q2,2028-06-30,Livestock_Farmers,0,0,5751,5751,0,0,28757,3,-5751,-5751,172542,Small
623,2028 Q3,2028-09-30,Livestock_Farmers,0,0,5751,5751,0,0,28757,3,-5751,-5751,172542,Small
631,2027 Q2,2027-06-30,Livestock_Farmers,0,0,6201,6201,0,0,31004,3,-6201,-6201,186024,Small
631,2027 Q3,2027-09-30,Livestock_Farmers,0,0,6201,6201,0,0,31004,3,-6201,-6201,186024,Small
631,2027 Q4,2027-12-31,Livestock_Farmers,0,0,6201,6201,0,0,31004,5,-6201,-6201,186024,Small
631,2028 Q1,2028-03-31,Livestock_Farmers,0,0,6201,6201,0,0,31004,3,-6201,-6201,186024,Small
631,2028 Q2,2028-06-30,Livestock_Farmers,0,0,6201,6201,0,0,31004,3,-6201,-6201,186024,Small
631,2028 Q3,2028-09-30,Livestock_Farmers,0,0,6201,6201,0,0,31004,3,-6201,-6201,186024,Small
635,2027 Q2,2027-06-30,Livestock_Farmers,0,0,7972,7972,0,0,39862,3,-7972,-7972,239172,Small
635,2027 Q3,2027-09-30,Livestock_Farmers,0,0,7972,7972,0,0,39862,3,-7972,-7972,239172,Small
635,2027 Q4,2027-12-31,Livestock_Farmers,0,0,7972,7972,0,0,39862,3,-7972,-7972,239172,Small
635,2028 Q1,2028-03-31,Livestock_Farmers,0,0,7972,7972,0,0,39862,3,-7972,-7972,239172,Small
635,2028 Q2,2028-06-30,Livestock_Farmers,0,0,7972,7972,0,0,39862,3,-7972,-7972,239172,Small
635,2028 Q3,2028-09-30,Livestock_Farmers,0,0,7972,7972,0,0,39862,3,-7972,-7972,239172,Small
641,2027 Q2,2027-06-30,Livestock_Farmers,0,0,5751,5751,0,0,28757,3,-5751,-5751,172542,Small
641,2027 Q3,2027-09-30,Livestock_Farmers,0,0,5751,5751,0,0,28757,3,-5751,-5751,172542,Small
641,2027 Q4,2027-12-31,Livestock_Farmers,0,0,5751,5751,0,0,28757,3,-5751,-5751,172542,Small
641,2028 Q1,2028-03-31,Livestock_Farmers,0,0,5751,5751,0,0,28757,3,-5751,-5751,172542,Small
641,2028 Q2,2028-06-30,Livestock_Farmers,0,0,5751,5751,0,0,28757,3,-5751,-5751,172542,Small
641,2028 Q3,2028-09-30,Livestock_Farmers,0,0,5751,5751,0,0,28757,3,-5751,-5751,172542,Small
645,2027 Q2,2027-06-30,Crop_Farmers,0,0,4188,4188,0,0,20939,3,-4188,-4188,125634,Small
645,2027 Q3,2027-09-30,Crop_Farmers,0,0,4188,4188,0,0,20939,3,-4188,-4188,125634,Small
645,2027 Q4,2027-12-31,Crop_Farmers,0,0,4188,4188,0,0,20939,3,-4188,-4188,125634,Small
645,2028 Q1,2028-03-31,Crop_Farmers,0,0,4188,4188,0,0,20939,3,-4188,-4188,125634,Small
645,2028 Q2,2028-06-30,Crop_Farmers,0,0,4188,4188,0,0,20939,5,-4188,-4188,125634,Small
645,2028 Q3,2028-09-30,Crop_Farmers,0,0,4188,4188,0,0,20939,3,-4188,-4188,125634,Small
646,2027 Q2,2027-06-30,Crop_Farmers,0,0,5065,5065,0,0,25325,3,-5065,-5065,151950,Small
646,2027 Q3,2027-09-30,Crop_Farmers,0,0,5065,5065,0,0,25325,3,-5065,-5065,151950,Small
646,2027 Q4,2027-12-31,Crop_Farmers,0,0,5065,5065,0,0,25325,3,-5065,-5065,151950,Small
646,2028 Q1,2028-03-31,Crop_Farmers,0,0,5065,5065,0,0,25325,3,-5065,-5065,151950,Small
646,2028 Q2,2028-06-30,Crop_Farmers,0,0,5065,5065,0,0,25325,3,-5065,-5065,151950,Small
646,2028 Q3,2028-09-30,Crop_Farmers,0,0,5065,5065,0,0,25325,3,-5065,-5065,151950,Small
647,2027 Q2,2027-06-30,Crop_Farmers,0,0,3546,3546,0,0,17731,3,-3546,-3546,106386,Small
647,2027 Q3,2027-09-30,Crop_Farmers,0,0,3546,3546,0,0,17731,3,-3546,-3546,106386,Small
647,2027 Q4,2027-12-31,Crop_Farmers,0,0,3546,3546,0,0,17731,3,-3546,-3546,106386,Small
647,2028 Q1,2028-03-31,Crop_Farmers,0,0,3546,3546,0,0,17731,3,-3546,-3546,106386,Small
647,2028 Q2,2028-06-30,Crop_Farmers,0,0,3546,3546,0,0,17731,3,-3546,-3546,106386,Small
647,2028 Q3,2028-09-30,Crop_Farmers,0,0,3546,3546,0,0,17731,3,-3546,-3546,106386,Small
648,2027 Q2,2027-06-30,Crop_Farmers,0,0,3976,3976,0,0,19881,3,-3976,-3976,119286,Small
648,2027 Q3,2027-09-30,Crop_Farmers,0,0,3976,3976,0,0,19881,3,-3976,-3976,119286,Small
648,2027 Q4,2027-12-31,Crop_Farmers,0,0,3976,3976,0,0,19881,3,-3976,-3976,119286,Small
648,2028 Q1,2028-03-31,Crop_Farmers,0,0,3976,3976,0,0,19881,3,-3976,-3976,119286,Small
648,2028 Q2,2028-06-30,Crop_Farmers,0,0,3976,3976,0,0,19881,3,-3976,-3976,119286,Small
648,2028 Q3,2028-09-30,Crop_Farmers,0,0,3976,3976,0,0,19881,3,-3976,-3976,119286,Small
650,2027 Q2,2027-06-30,Crop_Farmers,0,0,4138,4138,0,0,20688,3,-4138,-4138,124128,Small
650,2027 Q3,2027-09-30,Crop_Farmers,0,0,4138,4138,0,0,20688,3,-4138,-4138,124128,Small
650,2027 Q4,2027-12-31,Crop_Farmers,0,0,4138,4138,0,0,20688,3,-4138,-4138,124128,Small
650,2028 Q1,2028-03-31,Crop_Farmers,0,0,4138,4138,0,0,20688,3,-4138,-4138,124128,Small
650,2028 Q2,2028-06-30,Crop_Farmers,0,0,4138,4138,0,0,20688,3,-4138,-4138,124128,Small
650,2028 Q3,2028-09-30,Crop_Farmers,0,0,4138,4138,0,0,20688,3,-4138,-4138,124128,Small
653,2027 Q2,2027-06-30,Crop_Farmers,0,0,4071,4071,0,0,20354,3,-4071,-4071,122124,Small
653,2027 Q3,2027-09-30,Crop_Farmers,0,0,4071,4071,0,0,20354,3,-4071,-4071,122124,Small
653,2027 Q4,2027-12-31,Crop_Farmers,0,0,4071,4071,0,0,20354,3,-4071,-4071,122124,Small
653,2028 Q1,2028-03-31,Crop_Farmers,0,0,4071,4071,0,0,20354,3,-4071,-4071,122124,Small
653,2028 Q2,2028-06-30,Crop_Farmers,0,0,4071,4071,0,0,20354,3,-4071,-4071,122124,Small
653,2028 Q3,2028-09-30,Crop_Farmers,0,0,4071,4071,0,0,20354,3,-4071,-4071,122124,Small
658,2027 Q2,2027-06-30,Crop_Farmers,0,0,5065,5065,0,0,25325,3,-5065,-5065,151950,Small
658,2027 Q3,2027-09-30,Crop_Farmers,0,0,5065,5065,0,0,25325,3,-5065,-5065,151950,Small
658,2027 Q4,2027-12-31,Crop_Farmers,0,0,5065,5065,0,0,25325,3,-5065,-5065,151950,Small
658,2028 Q1,2028-03-31,Crop_Farmers,0,0,5065,5065,0,0,25325,3,-5065,-5065,151950,Small
658,2028 Q2,2028-06-30,Crop_Farmers,0,0,5065,5065,0,0,25325,3,-5065,-5065,151950,Small
658,2028 Q3,2028-09-30,Crop_Farmers,0,0,5065,5065,0,0,25325,3,-5065,-5065,151950,Small
659,2027 Q2,2027-06-30,Crop_Farmers,0,0,4349,4349,0,0,21745,5,-4349,-4349,130470,Small
659,2027 Q3,2027-09-30,Crop_Farmers,0,0,4349,4349,0,0,21745,5,-4349,-4349,130470,Small
659,2027 Q4,2027-12-31,Crop_Farmers,0,0,4349,4349,0,0,21745,3,-4349,-4349,130470,Small
659,2028 Q1,2028-03-31,Crop_Farmers,0,0,4349,4349,0,0,21745,3,-4349,-4349,130470,Small
659,2028 Q2,2028-06-30,Crop_Farmers,0,0,4349,4349,0,0,21745,3,-4349,-4349,130470,Small
659,2028 Q3,2028-09-30,Crop_Farmers,0,0,4349,4349,0,0,21745,3,-4349,-4349,130470,Small
662,2027 Q2,2027-06-30,Crop_Farmers,0,0,3507,3507,0,0,17533,3,-3507,-3507,105198,Small
662,2027 Q3,2027-09-30,Crop_Farmers,0,0,3507,3507,0,0,17533,3,-3507,-3507,105198,Small
662,2027 Q4,2027-12-31,Crop_Farmers,0,0,3507,3507,0,0,17533,3,-3507,-3507,105198,Small
662,2028 Q1,2028-03-31,Crop_Farmers,0,0,3507,3507,0,0,17533,3,-3507,-3507,105198,Small
662,2028 Q2,2028-06-30,Crop_Farmers,0,0,3507,3507,0,0,17533,3,-3507,-3507,105198,Small
662,2028 Q3,2028-09-30,Crop_Farmers,0,0,3507,3507,0,0,17533,3,-3507,-3507,105198,Small
665,2027 Q2,2027-06-30,Crop_Farmers,0,0,4071,4071,0,0,20354,3,-4071,-4071,122124,Small
665,2027 Q3,2027-09-30,Crop_Farmers,0,0,4071,4071,0,0,20354,3,-4071,-4071,122124,Small
665,2027 Q4,2027-12-31,Crop_Farmers,0,0,4071,4071,0,0,20354,3,-4071,-4071,122124,Small
665,2028 Q1,2028-03-31,Crop_Farmers,0,0,4071,4071,0,0,20354,3,-4071,-4071,122124,Small
665,2028 Q2,2028-06-30,Crop_Farmers,0,0,4071,4071,0,0,20354,3,-4071,-4071,122124,Small
665,2028 Q3,2028-09-30,Crop_Farmers,0,0,4071,4071,0,0,20354,3,-4071,-4071,122124,Small
670,2027 Q2,2027-06-30,Crop_Farmers,0,0,3825,3825,0,0,19127,3,-3825,-3825,114762,Small
670,2027 Q3,2027-09-30,Crop_Farmers,0,0,3825,3825,0,0,19127,3,-3825,-3825,114762,Small
670,2027 Q4,2027-12-31,Crop_Farmers,0,0,3825,3825,0,0,19127,3,-3825,-3825,114762,Small
670,2028 Q1,2028-03-31,Crop_Farmers,0,0,3825,3825,0,0,19127,3,-3825,-3825,114762,Small
670,2028 Q2,2028-06-30,Crop_Farmers,0,0,3825,3825,0,0,19127,3,-3825,-3825,114762,Small
670,2028 Q3,2028-09-30,Crop_Farmers,0,0,3825,3825,0,0,19127,3,-3825,-3825,114762,Small
671,2027 Q2,2027-06-30,Crop_Farmers,0,0,5182,5182,0,0,25911,3,-5182,-5182,155466,Small
671,2027 Q3,2027-09-30,Crop_Farmers,0,0,5182,5182,0,0,25911,3,-5182,-5182,155466,Small
671,2027 Q4,2027-12-31,Crop_Farmers,0,0,5182,5182,0,0,25911,3,-5182,-5182,155466,Small
671,2028 Q1,2028-03-31,Crop_Farmers,0,0,5182,5182,0,0,25911,3,-5182,-5182,155466,Small
671,2028 Q2,2028-06-30,Crop_Farmers,0,0,5182,5182,0,0,25911,3,-5182,-5182,155466,Small
671,2028 Q3,2028-09-30,Crop_Farmers,0,0,5182,5182,0,0,25911,3,-5182,-5182,155466,Small
